time,open,high,low,close,ORB High,ORB Low,Retest Upper,Retest Lower,EXP_event_flag,EXP_event_id,EXP_direction,EXP_signal_time,EXP_signal_price,EXP_orb_high,EXP_orb_low,EXP_orb_range,EXP_frozen_atr,EXP_signal_mfe_pct,EXP_signal_mae_pct,EXP_primary_outcome,EXP_first_retest_time,EXP_retest_state,EXP_cp5_valid,EXP_cp5_time,EXP_cp5_ref_price,EXP_cp5_sep_atr_pct,EXP_cp5_forward_eligible,EXP_cp5_fwd_mfe_pct,EXP_cp5_fwd_mae_pct,EXP_cp5_outcome,EXP_cp10_valid,EXP_cp10_time,EXP_cp10_ref_price,EXP_cp10_sep_atr_pct,EXP_cp10_forward_eligible,EXP_cp10_fwd_mfe_pct,EXP_cp10_fwd_mae_pct,EXP_cp10_outcome,EXP_cp15_valid,EXP_cp15_time,EXP_cp15_ref_price,EXP_cp15_sep_atr_pct,EXP_cp15_forward_eligible,EXP_cp15_fwd_mfe_pct,EXP_cp15_fwd_mae_pct,EXP_cp15_outcome,EXP_cp30_valid,EXP_cp30_time,EXP_cp30_ref_price,EXP_cp30_sep_atr_pct,EXP_cp30_forward_eligible,EXP_cp30_fwd_mfe_pct,EXP_cp30_fwd_mae_pct,EXP_cp30_outcome,EXP_ratio_10m_15m,EXP_ratio_bucket_parent,EXP_export_row_count,Volume,Volume MA
1786129320,63.09,63.1,63.09,63.1,62.88,62.4,,,,,,,,,,,,,,,,,,,,,,,,,,,,,,,,,,,,,,,,,,,,,,,,,,,,1511,1900
1786129380,63.105,63.11,63.1,63.1,62.88,62.4,,,,,,,,,,,,,,,,,,,,,,,,,,,,,,,,,,,,,,,,,,,,,,,,,,,,801,1841.25
1786129440,63.11,63.11,63.1,63.105,62.88,62.4,,,,,,,,,,,,,,,,,,,,,,,,,,,,,,,,,,,,,,,,,,,,,,,,,,,,590,1774.15
1786129500,63.1,63.11,63.1,63.11,62.88,62.4,,,,,,,,,,,,,,,,,,,,,,,,,,,,,,,,,,,,,,,,,,,,,,,,,,,,2666,1813.45
1786129560,63.1,63.12,63.1,63.11,62.88,62.4,,,,,,,,,,,,,,,,,,,,,,,,,,,,,,,,,,,,,,,,,,,,,,,,,,,,1530,1851.95
1786129620,63.11,63.125,63.11,63.115,62.88,62.4,,,,,,,,,,,,,,,,,,,,,,,,,,,,,,,,,,,,,,,,,,,,,,,,,,,,4832,2056.25
1786129680,63.115,63.115,63.1,63.105,62.88,62.4,,,,,,,,,,,,,,,,,,,,,,,,,,,,,,,,,,,,,,,,,,,,,,,,,,,,332,1949.1
1786129740,63.11,63.13,63.1,63.13,62.88,62.4,,,,,,,,,,,,,,,,,,,,,,,,,,,,,,,,,,,,,,,,,,,,,,,,,,,,4186,2066.3
1786129800,63.13,63.16,63.13,63.15,62.88,62.4,,,,,,,,,,,,,,,,,,,,,,,,,,,,,,,,,,,,,,,,,,,,,,,,,,,,4375,2251.75
1786129860,63.15,63.185,63.15,63.18,62.88,62.4,,,,,,,,,,,,,,,,,,,,,,,,,,,,,,,,,,,,,,,,,,,,,,,,,,,,2952,2314.35
1786129920,63.19,63.19,63.175,63.175,62.88,62.4,,,,,,,,,,,,,,,,,,,,,,,,,,,,,,,,,,,,,,,,,,,,,,,,,,,,1161,2334.45
1786129980,63.175,63.185,63.17,63.18,62.88,62.4,,,,,,,,,,,,,,,,,,,,,,,,,,,,,,,,,,,,,,,,,,,,,,,,,,,,628,2189
1786130040,63.18,63.18,63.17,63.17,62.88,62.4,,,,,,,,,,,,,,,,,,,,,,,,,,,,,,,,,,,,,,,,,,,,,,,,,,,,148,2154.7
1786130100,63.175,63.19,63.17,63.185,62.88,62.4,,,,,,,,,,,,,,,,,,,,,,,,,,,,,,,,,,,,,,,,,,,,,,,,,,,,3133,2305.55
1786130160,63.185,63.2,63.18,63.2,62.88,62.4,,,,,,,,,,,,,,,,,,,,,,,,,,,,,,,,,,,,,,,,,,,,,,,,,,,,6442,2563
1786130220,63.21,63.215,63.175,63.18,62.88,62.4,,,,,,,,,,,,,,,,,,,,,,,,,,,,,,,,,,,,,,,,,,,,,,,,,,,,5687,2831.65
1786130280,63.18,63.18,63.16,63.16,62.88,62.4,,,,,,,,,,,,,,,,,,,,,,,,,,,,,,,,,,,,,,,,,,,,,,,,,,,,1588,2693.05
1786130340,63.16,63.165,63.15,63.16,62.88,62.4,,,,,,,,,,,,,,,,,,,,,,,,,,,,,,,,,,,,,,,,,,,,,,,,,,,,1668,2599.15
1786130400,63.16,63.175,63.15,63.17,62.88,62.4,,,,,,,,,,,,,,,,,,,,,,,,,,,,,,,,,,,,,,,,,,,,,,,,,,,,1281,2472.5
1786130460,63.17,63.19,63.17,63.19,62.88,62.4,,,,,,,,,,,,,,,,,,,,,,,,,,,,,,,,,,,,,,,,,,,,,,,,,,,,2611,2406.1
1786130520,63.18,63.19,63.16,63.17,62.88,62.4,,,,,,,,,,,,,,,,,,,,,,,,,,,,,,,,,,,,,,,,,,,,,,,,,,,,4962,2578.65
1786130580,63.175,63.18,63.165,63.165,62.88,62.4,,,,,,,,,,,,,,,,,,,,,,,,,,,,,,,,,,,,,,,,,,,,,,,,,,,,3400,2708.6
1786130640,63.17,63.17,63.13,63.13,62.88,62.4,,,,,,,,,,,,,,,,,,,,,,,,,,,,,,,,,,,,,,,,,,,,,,,,,,,,365,2697.35
1786130700,63.13,63.13,63.12,63.13,62.88,62.4,,,,,,,,,,,,,,,,,,,,,,,,,,,,,,,,,,,,,,,,,,,,,,,,,,,,783,2603.2
1786130760,63.14,63.17,63.14,63.165,62.88,62.4,,,,,,,,,,,,,,,,,,,,,,,,,,,,,,,,,,,,,,,,,,,,,,,,,,,,1656,2609.5
1786130820,63.16,63.16,63.15,63.16,62.88,62.4,,,,,,,,,,,,,,,,,,,,,,,,,,,,,,,,,,,,,,,,,,,,,,,,,,,,1185,2427.15
1786130880,63.17,63.17,63.155,63.155,62.88,62.4,,,,,,,,,,,,,,,,,,,,,,,,,,,,,,,,,,,,,,,,,,,,,,,,,,,,1801,2500.6
1786130940,63.16,63.16,63.15,63.15,62.88,62.4,,,,,,,,,,,,,,,,,,,,,,,,,,,,,,,,,,,,,,,,,,,,,,,,,,,,229,2302.75
1786131000,63.155,63.21,63.12,63.17,62.88,62.4,,,,,,,,,,,,,,,,,,,,,,,,,,,,,,,,,,,,,,,,,,,,,,,,,,,,60377,5102.85
1786131060,63.165,63.195,63.165,63.19,62.88,62.4,,,,,,,,,,,,,,,,,,,,,,,,,,,,,,,,,,,,,,,,,,,,,,,,,,,,6835,5297
1786131120,63.185,63.2,63.17,63.18,62.88,62.4,,,,,,,,,,,,,,,,,,,,,,,,,,,,,,,,,,,,,,,,,,,,,,,,,,,,3540,5415.95
1786131180,63.175,63.18,63.17,63.175,62.88,62.4,,,,,,,,,,,,,,,,,,,,,,,,,,,,,,,,,,,,,,,,,,,,,,,,,,,,369,5403
1786131240,63.18,63.19,63.175,63.19,62.88,62.4,,,,,,,,,,,,,,,,,,,,,,,,,,,,,,,,,,,,,,,,,,,,,,,,,,,,2210,5506.1
1786131300,63.18,63.19,63.155,63.155,62.88,62.4,,,,,,,,,,,,,,,,,,,,,,,,,,,,,,,,,,,,,,,,,,,,,,,,,,,,5820,5640.45
1786131360,63.155,63.17,63.155,63.17,62.88,62.4,,,,,,,,,,,,,,,,,,,,,,,,,,,,,,,,,,,,,,,,,,,,,,,,,,,,1823,5409.5
1786131420,63.175,63.175,63.16,63.165,62.88,62.4,,,,,,,,,,,,,,,,,,,,,,,,,,,,,,,,,,,,,,,,,,,,,,,,,,,,4215,5335.9
1786131480,63.165,63.19,63.16,63.165,62.88,62.4,,,,,,,,,,,,,,,,,,,,,,,,,,,,,,,,,,,,,,,,,,,,,,,,,,,,8206,5666.8
1786131540,63.165,63.165,63.135,63.15,62.88,62.4,,,,,,,,,,,,,,,,,,,,,,,,,,,,,,,,,,,,,,,,,,,,,,,,,,,,2405,5703.65
1786131600,63.15,63.15,63.125,63.125,62.88,62.4,,,,,,,,,,,,,,,,,,,,,,,,,,,,,,,,,,,,,,,,,,,,,,,,,,,,3818,5830.5
1786131660,63.13,63.135,63.125,63.13,62.88,62.4,,,,,,,,,,,,,,,,,,,,,,,,,,,,,,,,,,,,,,,,,,,,,,,,,,,,2010,5800.45
1786131720,63.125,63.125,63.095,63.1,62.88,62.4,,,,,,,,,,,,,,,,,,,,,,,,,,,,,,,,,,,,,,,,,,,,,,,,,,,,2762,5690.45
1786131780,63.09,63.12,63.09,63.11,62.88,62.4,,,,,,,,,,,,,,,,,,,,,,,,,,,,,,,,,,,,,,,,,,,,,,,,,,,,2603,5650.6
1786131840,63.11,63.12,63.07,63.09,62.88,62.4,,,,,,,,,,,,,,,,,,,,,,,,,,,,,,,,,,,,,,,,,,,,,,,,,,,,12448,6254.75
1786131900,63.085,63.135,63.08,63.12,62.88,62.4,,,,,,,,,,,,,,,,,,,,,,,,,,,,,,,,,,,,,,,,,,,,,,,,,,,,4696,6450.4
1786131960,63.13,63.135,63.12,63.125,62.88,62.4,,,,,,,,,,,,,,,,,,,,,,,,,,,,,,,,,,,,,,,,,,,,,,,,,,,,2216,6478.4
1786132020,63.13,63.16,63.13,63.14,62.88,62.4,,,,,,,,,,,,,,,,,,,,,,,,,,,,,,,,,,,,,,,,,,,,,,,,,,,,4307,6634.5
1786132080,63.14,63.16,63.13,63.16,62.88,62.4,,,,,,,,,,,,,,,,,,,,,,,,,,,,,,,,,,,,,,,,,,,,,,,,,,,,1988,6643.85
1786132140,63.155,63.19,63.145,63.15,62.88,62.4,,,,,,,,,,,,,,,,,,,,,,,,,,,,,,,,,,,,,,,,,,,,,,,,,,,,14565,7360.65
1786132200,63.15,63.175,63.105,63.15,62.88,62.4,,,,,,,,,,,,,,,,,,,,,,,,,,,,,,,,,,,,,,,,,,,,,,,,,,,,21377,5410.65
1786132260,63.15,63.165,63.115,63.12,62.88,62.4,,,,,,,,,,,,,,,,,,,,,,,,,,,,,,,,,,,,,,,,,,,,,,,,,,,,5919,5364.85
1786132320,63.12,63.125,63.11,63.12,62.88,62.4,,,,,,,,,,,,,,,,,,,,,,,,,,,,,,,,,,,,,,,,,,,,,,,,,,,,4884,5432.05
1786132380,63.12,63.12,63.09,63.095,62.88,62.4,,,,,,,,,,,,,,,,,,,,,,,,,,,,,,,,,,,,,,,,,,,,,,,,,,,,10918,5959.5
1786132440,63.095,63.1,63.08,63.095,62.88,62.4,,,,,,,,,,,,,,,,,,,,,,,,,,,,,,,,,,,,,,,,,,,,,,,,,,,,9731,6335.55
1786132500,63.1,63.12,63.035,63.07,62.88,62.4,,,,,,,,,,,,,,,,,,,,,,,,,,,,,,,,,,,,,,,,,,,,,,,,,,,,22985,7193.8
1786132560,63.08,63.095,63.07,63.085,62.88,62.4,,,,,,,,,,,,,,,,,,,,,,,,,,,,,,,,,,,,,,,,,,,,,,,,,,,,14320,7818.65
1786132620,63.095,63.095,63.05,63.075,62.88,62.4,,,,,,,,,,,,,,,,,,,,,,,,,,,,,,,,,,,,,,,,,,,,,,,,,,,,18936,8554.7
1786132680,63.07,63.17,63.06,63.16,62.88,62.4,,,,,,,,,,,,,,,,,,,,,,,,,,,,,,,,,,,,,,,,,,,,,,,,,,,,45873,10438.05
1786132740,63.17,63.185,63.14,63.155,62.88,62.4,,,1,15,1,1786112160000,62.89,62.88,62.4,0.480000000000004,0.06079123435925317,0.5167753219907821,0.15900779138177998,1,1786112220000,2,0,,,,0,0,0,0,0,,,,0,0,0,0,0,,,,0,0,0,0,0,,,,0,0,0,0,,-1,15,41554,12395.5
1786368600,63.26,63.26,63,63.17,63.26,63,,,,,,,,,,,,,,,,,,,,,,,,,,,,,,,,,,,,,,,,,,,,,,,,,,,,36171,14013.15
1786368660,63.15,63.3,63.14,63.28,63.3,63,,,,,,,,,,,,,,,,,,,,,,,,,,,,,,,,,,,,,,,,,,,,,,,,,,,,12240,14524.65
1786368720,63.27,63.41,63.25,63.36,63.41,63,,,,,,,,,,,,,,,,,,,,,,,,,,,,,,,,,,,,,,,,,,,,,,,,,,,,42434,16508.25
1786368780,63.38,63.45,63.35,63.36,63.45,63,,,,,,,,,,,,,,,,,,,,,,,,,,,,,,,,,,,,,,,,,,,,,,,,,,,,2394,16497.8
1786368840,63.38,63.4,63.32,63.38,63.45,63,,,,,,,,,,,,,,,,,,,,,,,,,,,,,,,,,,,,,,,,,,,,,,,,,,,,5372,16144
1786368900,63.36,63.46,63.36,63.44,63.46,63,,,,,,,,,,,,,,,,,,,,,,,,,,,,,,,,,,,,,,,,,,,,,,,,,,,,10115,16414.95
1786368960,63.44,63.495,63.44,63.46,63.495,63,,,,,,,,,,,,,,,,,,,,,,,,,,,,,,,,,,,,,,,,,,,,,,,,,,,,9188,16763.55
1786369020,63.46,63.53,63.46,63.5,63.53,63,,,,,,,,,,,,,,,,,,,,,,,,,,,,,,,,,,,,,,,,,,,,,,,,,,,,11146,17105.5
1786369080,63.52,63.54,63.46,63.46,63.54,63,,,,,,,,,,,,,,,,,,,,,,,,,,,,,,,,,,,,,,,,,,,,,,,,,,,,3671,17189.65
1786369140,63.465,63.475,63.41,63.455,63.54,63,,,,,,,,,,,,,,,,,,,,,,,,,,,,,,,,,,,,,,,,,,,,,,,,,,,,3357,16629.25
1786369200,63.455,63.5,63.435,63.48,63.54,63,,,,,,,,,,,,,,,,,,,,,,,,,,,,,,,,,,,,,,,,,,,,,,,,,,,,4136,15767.2
1786369260,63.51,63.535,63.49,63.505,63.54,63,,,,,,,,,,,,,,,,,,,,,,,,,,,,,,,,,,,,,,,,,,,,,,,,,,,,5436,15743.05
1786369320,63.5,63.6,63.49,63.59,63.6,63,,,,,,,,,,,,,,,,,,,,,,,,,,,,,,,,,,,,,,,,,,,,,,,,,,,,5919,15794.8
1786369380,63.58,63.62,63.55,63.62,63.62,63,,,,,,,,,,,,,,,,,,,,,,,,,,,,,,,,,,,,,,,,,,,,,,,,,,,,5653,15531.55
1786369440,63.61,63.635,63.55,63.55,63.635,63,,,,,,,,,,,,,,,,,,,,,,,,,,,,,,,,,,,,,,,,,,,,,,,,,,,,18536,15971.8
1786369500,63.55,63.565,63.465,63.565,63.635,63,,,,,,,,,,,,,,,,,,,,,,,,,,,,,,,,,,,,,,,,,,,,,,,,,,,,10315,15338.3
1786369560,63.56,63.65,63.53,63.61,63.635,63,,,,,,,,,,,,,,,,,,,,,,,,,,,,,,,,,,,,,,,,,,,,,,,,,,,,8951,15069.85
1786369620,63.61,63.63,63.56,63.58,63.635,63,,,,,,,,,,,,,,,,,,,,,,,,,,,,,,,,,,,,,,,,,,,,,,,,,,,,6454,14445.75
1786369680,63.57,63.58,63.55,63.55,63.635,63,,,,,,,,,,,,,,,,,,,,,,,,,,,,,,,,,,,,,,,,,,,,,,,,,,,,3539,12329.05
1786369740,63.54,63.66,63.54,63.66,63.635,63,,,,,,,,,,,,,,,,,,,,,,,,,,,,,,,,,,,,,,,,,,,,,,,,,,,,13450,10923.85
1786369800,63.66,63.66,63.59,63.6,63.635,63,,,,,,,,,,,,,,,,,,,,,,,,,,,,,,,,,,,,,,,,,,,,,,,,,,,,7418,9486.2
1786369860,63.59,63.615,63.58,63.595,63.635,63,,,,,,,,,,,,,,,,,,,,,,,,,,,,,,,,,,,,,,,,,,,,,,,,,,,,5576,9153
1786369920,63.595,63.69,63.595,63.66,63.635,63,,,,,,,,,,,,,,,,,,,,,,,,,,,,,,,,,,,,,,,,,,,,,,,,,,,,6701,7366.35
1786369980,63.65,63.735,63.65,63.735,63.635,63,,,,,,,,,,,,,,,,,,,,,,,,,,,,,,,,,,,,,,,,,,,,,,,,,,,,7465,7619.9
1786370040,63.73,63.73,63.665,63.675,63.635,63,,,,,,,,,,,,,,,,,,,,,,,,,,,,,,,,,,,,,,,,,,,,,,,,,,,,3296,7516.1
1786370100,63.67,63.7,63.64,63.69,63.635,63,,,,,,,,,,,,,,,,,,,,,,,,,,,,,,,,,,,,,,,,,,,,,,,,,,,,2068,7113.75
1786370160,63.72,63.73,63.68,63.7,63.635,63,,,,,,,,,,,,,,,,,,,,,,,,,,,,,,,,,,,,,,,,,,,,,,,,,,,,6246,6966.65
1786370220,63.71,63.77,63.67,63.685,63.635,63,,,,,,,,,,,,,,,,,,,,,,,,,,,,,,,,,,,,,,,,,,,,,,,,,,,,18801,7349.4
1786370280,63.69,63.715,63.68,63.69,63.635,63,,,,,,,,,,,,,,,,,,,,,,,,,,,,,,,,,,,,,,,,,,,,,,,,,,,,3249,7328.3
1786370340,63.68,63.7,63.64,63.64,63.635,63,,,,,,,,,,,,,,,,,,,,,,,,,,,,,,,,,,,,,,,,,,,,,,,,,,,,5481,7434.5
1786370400,63.64,63.715,63.615,63.705,63.635,63,,,,,,,,,,,,,,,,,,,,,,,,,,,,,,,,,,,,,,,,,,,,,,,,,,,,5729,7514.15
1786370460,63.71,63.76,63.71,63.755,63.635,63,,,,,,,,,,,,,,,,,,,,,,,,,,,,,,,,,,,,,,,,,,,,,,,,,,,,10965,7790.6
1786370520,63.76,63.79,63.75,63.79,63.635,63,,,,,,,,,,,,,,,,,,,,,,,,,,,,,,,,,,,,,,,,,,,,,,,,,,,,4386,7713.95
1786370580,63.77,63.775,63.74,63.77,63.635,63,,,,,,,,,,,,,,,,,,,,,,,,,,,,,,,,,,,,,,,,,,,,,,,,,,,,3566,7609.6
1786370640,63.77,63.79,63.76,63.76,63.635,63,,,,,,,,,,,,,,,,,,,,,,,,,,,,,,,,,,,,,,,,,,,,,,,,,,,,2438,6804.7
1786370700,63.76,63.76,63.735,63.735,63.635,63,,,,,,,,,,,,,,,,,,,,,,,,,,,,,,,,,,,,,,,,,,,,,,,,,,,,3125,6445.2
1786370760,63.735,63.735,63.66,63.685,63.635,63,,,,,,,,,,,,,,,,,,,,,,,,,,,,,,,,,,,,,,,,,,,,,,,,,,,,10644,6529.85
1786370820,63.68,63.69,63.66,63.67,63.635,63,,,,,,,,,,,,,,,,,,,,,,,,,,,,,,,,,,,,,,,,,,,,,,,,,,,,7664,6590.35
1786370880,63.66,63.685,63.64,63.665,63.635,63,,,,,,,,,,,,,,,,,,,,,,,,,,,,,,,,,,,,,,,,,,,,,,,,,,,,8987,6862.75
1786370940,63.665,63.68,63.65,63.66,63.635,63,,,,,,,,,,,,,,,,,,,,,,,,,,,,,,,,,,,,,,,,,,,,,,,,,,,,2039,6292.2
1786371000,63.66,63.705,63.66,63.67,63.635,63,,,,,,,,,,,,,,,,,,,,,,,,,,,,,,,,,,,,,,,,,,,,,,,,,,,,3641,6103.35
1786371060,63.67,63.72,63.67,63.715,63.635,63,,,,,,,,,,,,,,,,,,,,,,,,,,,,,,,,,,,,,,,,,,,,,,,,,,,,3334,5991.25
1786371120,63.715,63.735,63.71,63.72,63.635,63,,,,,,,,,,,,,,,,,,,,,,,,,,,,,,,,,,,,,,,,,,,,,,,,,,,,2929,5802.65
1786371180,63.74,63.76,63.74,63.76,63.635,63,,,,,,,,,,,,,,,,,,,,,,,,,,,,,,,,,,,,,,,,,,,,,,,,,,,,5692,5714
1786371240,63.77,63.78,63.72,63.725,63.635,63,,,,,,,,,,,,,,,,,,,,,,,,,,,,,,,,,,,,,,,,,,,,,,,,,,,,2999,5699.15
1786371300,63.725,63.77,63.695,63.755,63.635,63,,,,,,,,,,,,,,,,,,,,,,,,,,,,,,,,,,,,,,,,,,,,,,,,,,,,5363,5863.9
1786371360,63.75,63.785,63.75,63.775,63.635,63,,,,,,,,,,,,,,,,,,,,,,,,,,,,,,,,,,,,,,,,,,,,,,,,,,,,2667,5684.95
1786371420,63.77,63.78,63.76,63.765,63.635,63,,,,,,,,,,,,,,,,,,,,,,,,,,,,,,,,,,,,,,,,,,,,,,,,,,,,1121,4800.95
1786371480,63.76,63.79,63.75,63.76,63.635,63,,,,,,,,,,,,,,,,,,,,,,,,,,,,,,,,,,,,,,,,,,,,,,,,,,,,1701,4723.55
1786371540,63.765,63.77,63.76,63.77,63.635,63,,,,,,,,,,,,,,,,,,,,,,,,,,,,,,,,,,,,,,,,,,,,,,,,,,,,842,4491.6
1786371600,63.78,63.78,63.705,63.705,63.635,63,,,,,,,,,,,,,,,,,,,,,,,,,,,,,,,,,,,,,,,,,,,,,,,,,,,,2522,4331.25
1786371660,63.71,63.77,63.71,63.765,63.635,63,,,,,,,,,,,,,,,,,,,,,,,,,,,,,,,,,,,,,,,,,,,,,,,,,,,,973,3831.65
1786371720,63.765,63.77,63.74,63.765,63.635,63,,,,,,,,,,,,,,,,,,,,,,,,,,,,,,,,,,,,,,,,,,,,,,,,,,,,2326,3728.65
1786371780,63.76,63.79,63.76,63.77,63.635,63,,,,,,,,,,,,,,,,,,,,,,,,,,,,,,,,,,,,,,,,,,,,,,,,,,,,1708,3635.75
1786371840,63.77,63.77,63.735,63.75,63.635,63,,,,,,,,,,,,,,,,,,,,,,,,,,,,,,,,,,,,,,,,,,,,,,,,,,,,5049,3766.3
1786371900,63.75,63.775,63.74,63.77,63.635,63,,,,,,,,,,,,,,,,,,,,,,,,,,,,,,,,,,,,,,,,,,,,,,,,,,,,2388,3729.45
1786371960,63.775,63.775,63.74,63.77,63.635,63,,,,,,,,,,,,,,,,,,,,,,,,,,,,,,,,,,,,,,,,,,,,,,,,,,,,3668,3380.65
1786372020,63.77,63.77,63.73,63.73,63.635,63,,,,,,,,,,,,,,,,,,,,,,,,,,,,,,,,,,,,,,,,,,,,,,,,,,,,3913,3193.1
1786372080,63.725,63.75,63.72,63.75,63.635,63,,,,,,,,,,,,,,,,,,,,,,,,,,,,,,,,,,,,,,,,,,,,,,,,,,,,1658,2826.65
1786372140,63.75,63.77,63.745,63.76,63.635,63,,,,,,,,,,,,,,,,,,,,,,,,,,,,,,,,,,,,,,,,,,,,,,,,,,,,1441,2796.75
1786372200,63.74,63.765,63.73,63.75,63.635,63,,,,,,,,,,,,,,,,,,,,,,,,,,,,,,,,,,,,,,,,,,,,,,,,,,,,1613,2695.35
1786372260,63.755,63.77,63.75,63.77,63.635,63,,,,,,,,,,,,,,,,,,,,,,,,,,,,,,,,,,,,,,,,,,,,,,,,,,,,1920,2624.65
1786372320,63.765,63.775,63.755,63.77,63.635,63,,,,,,,,,,,,,,,,,,,,,,,,,,,,,,,,,,,,,,,,,,,,,,,,,,,,1256,2541
1786372380,63.775,63.78,63.75,63.75,63.635,63,,,,,,,,,,,,,,,,,,,,,,,,,,,,,,,,,,,,,,,,,,,,,,,,,,,,1832,2348
1786372440,63.75,63.78,63.745,63.75,63.635,63,,,,,,,,,,,,,,,,,,,,,,,,,,,,,,,,,,,,,,,,,,,,,,,,,,,,1938,2294.95
1786372500,63.75,63.755,63.73,63.74,63.635,63,,,,,,,,,,,,,,,,,,,,,,,,,,,,,,,,,,,,,,,,,,,,,,,,,,,,3126,2183.1
1786372560,63.74,63.745,63.72,63.74,63.635,63,,,,,,,,,,,,,,,,,,,,,,,,,,,,,,,,,,,,,,,,,,,,,,,,,,,,1187,2109.1
1786372620,63.74,63.76,63.73,63.76,63.635,63,,,,,,,,,,,,,,,,,,,,,,,,,,,,,,,,,,,,,,,,,,,,,,,,,,,,1172,2111.65
1786372680,63.77,63.81,63.765,63.81,63.635,63,,,,,,,,,,,,,,,,,,,,,,,,,,,,,,,,,,,,,,,,,,,,,,,,,,,,2999,2176.55
1786372740,63.81,63.81,63.76,63.77,63.635,63,,,,,,,,,,,,,,,,,,,,,,,,,,,,,,,,,,,,,,,,,,,,,,,,,,,,2511,2260
1786372800,63.76,63.79,63.76,63.79,63.635,63,,,,,,,,,,,,,,,,,,,,,,,,,,,,,,,,,,,,,,,,,,,,,,,,,,,,899,2178.85
1786372860,63.79,63.805,63.775,63.79,63.635,63,,,,,,,,,,,,,,,,,,,,,,,,,,,,,,,,,,,,,,,,,,,,,,,,,,,,1071,2183.75
1786372920,63.785,63.785,63.76,63.765,63.635,63,,,,,,,,,,,,,,,,,,,,,,,,,,,,,,,,,,,,,,,,,,,,,,,,,,,,3734,2254.15
1786372980,63.76,63.765,63.75,63.76,63.635,63,,,,,,,,,,,,,,,,,,,,,,,,,,,,,,,,,,,,,,,,,,,,,,,,,,,,1645,2251
1786373040,63.76,63.785,63.76,63.785,63.635,63,,,,,,,,,,,,,,,,,,,,,,,,,,,,,,,,,,,,,,,,,,,,,,,,,,,,1363,2066.7
1786373100,63.795,63.83,63.79,63.79,63.635,63,,,,,,,,,,,,,,,,,,,,,,,,,,,,,,,,,,,,,,,,,,,,,,,,,,,,4011,2147.85
1786373160,63.8,63.825,63.8,63.82,63.635,63,,,,,,,,,,,,,,,,,,,,,,,,,,,,,,,,,,,,,,,,,,,,,,,,,,,,3443,2136.6
1786373220,63.83,63.865,63.83,63.865,63.635,63,,,,,,,,,,,,,,,,,,,,,,,,,,,,,,,,,,,,,,,,,,,,,,,,,,,,5052,2193.55
1786373280,63.87,63.89,63.87,63.875,63.635,63,,,,,,,,,,,,,,,,,,,,,,,,,,,,,,,,,,,,,,,,,,,,,,,,,,,,4519,2336.6
1786373340,63.875,63.91,63.875,63.91,63.635,63,,,,,,,,,,,,,,,,,,,,,,,,,,,,,,,,,,,,,,,,,,,,,,,,,,,,6976,2613.35
1786373400,63.915,63.92,63.885,63.89,63.635,63,,,,,,,,,,,,,,,,,,,,,,,,,,,,,,,,,,,,,,,,,,,,,,,,,,,,5290,2797.2
1786373460,63.9,63.93,63.9,63.92,63.635,63,,,,,,,,,,,,,,,,,,,,,,,,,,,,,,,,,,,,,,,,,,,,,,,,,,,,5813,2991.85
1786373520,63.91,63.91,63.87,63.87,63.635,63,,,,,,,,,,,,,,,,,,,,,,,,,,,,,,,,,,,,,,,,,,,,,,,,,,,,1971,3027.6
1786373580,63.88,63.895,63.875,63.885,63.635,63,,,,,,,,,,,,,,,,,,,,,,,,,,,,,,,,,,,,,,,,,,,,,,,,,,,,6536,3262.8
1786373640,63.89,63.925,63.89,63.925,63.635,63,,,,,,,,,,,,,,,,,,,,,,,,,,,,,,,,,,,,,,,,,,,,,,,,,,,,3764,3354.1
1786373700,63.925,63.94,63.9,63.9,63.635,63,,,,,,,,,,,,,,,,,,,,,,,,,,,,,,,,,,,,,,,,,,,,,,,,,,,,3617,3378.65
1786373760,63.9,63.9,63.89,63.89,63.635,63,,,,,,,,,,,,,,,,,,,,,,,,,,,,,,,,,,,,,,,,,,,,,,,,,,,,2561,3447.35
1786373820,63.885,63.895,63.875,63.875,63.635,63,,,,,,,,,,,,,,,,,,,,,,,,,,,,,,,,,,,,,,,,,,,,,,,,,,,,4318,3604.65
1786373880,63.87,63.87,63.845,63.85,63.635,63,,,,,,,,,,,,,,,,,,,,,,,,,,,,,,,,,,,,,,,,,,,,,,,,,,,,2895,3599.45
1786373940,63.84,63.85,63.82,63.82,63.635,63,,,,,,,,,,,,,,,,,,,,,,,,,,,,,,,,,,,,,,,,,,,,,,,,,,,,4385,3693.15
1786374000,63.825,63.835,63.745,63.765,63.635,63,,,,,,,,,,,,,,,,,,,,,,,,,,,,,,,,,,,,,,,,,,,,,,,,,,,,11296,4213
1786374060,63.77,63.79,63.765,63.78,63.635,63,,,,,,,,,,,,,,,,,,,,,,,,,,,,,,,,,,,,,,,,,,,,,,,,,,,,4186,4368.75
1786374120,63.78,63.79,63.75,63.765,63.635,63,,,,,,,,,,,,,,,,,,,,,,,,,,,,,,,,,,,,,,,,,,,,,,,,,,,,2921,4328.1
1786374180,63.77,63.81,63.77,63.81,63.635,63,,,,,,,,,,,,,,,,,,,,,,,,,,,,,,,,,,,,,,,,,,,,,,,,,,,,3121,4401.9
1786374240,63.81,63.81,63.8,63.805,63.635,63,,,,,,,,,,,,,,,,,,,,,,,,,,,,,,,,,,,,,,,,,,,,,,,,,,,,2120,4439.75
1786374300,63.81,63.84,63.81,63.84,63.635,63,,,,,,,,,,,,,,,,,,,,,,,,,,,,,,,,,,,,,,,,,,,,,,,,,,,,2302,4354.3
1786374360,63.84,63.85,63.83,63.85,63.635,63,,,,,,,,,,,,,,,,,,,,,,,,,,,,,,,,,,,,,,,,,,,,,,,,,,,,1281,4246.2
1786374420,63.84,63.86,63.84,63.84,63.635,63,,,,,,,,,,,,,,,,,,,,,,,,,,,,,,,,,,,,,,,,,,,,,,,,,,,,2165,4101.85
1786374480,63.85,63.885,63.85,63.885,63.635,63,,,,,,,,,,,,,,,,,,,,,,,,,,,,,,,,,,,,,,,,,,,,,,,,,,,,1375,3944.65
1786374540,63.89,63.9,63.865,63.865,63.635,63,,,,,,,,,,,,,,,,,,,,,,,,,,,,,,,,,,,,,,,,,,,,,,,,,,,,3715,3781.6
1786374600,63.875,63.875,63.85,63.85,63.635,63,,,,,,,,,,,,,,,,,,,,,,,,,,,,,,,,,,,,,,,,,,,,,,,,,,,,753,3554.75
1786374660,63.85,63.88,63.85,63.875,63.635,63,,,,,,,,,,,,,,,,,,,,,,,,,,,,,,,,,,,,,,,,,,,,,,,,,,,,2229,3375.55
1786374720,63.87,63.9,63.865,63.89,63.635,63,,,,,,,,,,,,,,,,,,,,,,,,,,,,,,,,,,,,,,,,,,,,,,,,,,,,2757,3414.85
1786374780,63.89,63.895,63.885,63.885,63.635,63,,,,,,,,,,,,,,,,,,,,,,,,,,,,,,,,,,,,,,,,,,,,,,,,,,,,874,3131.75
1786374840,63.88,63.88,63.86,63.88,63.635,63,,,,,,,,,,,,,,,,,,,,,,,,,,,,,,,,,,,,,,,,,,,,,,,,,,,,2017,3044.4
1786374900,63.885,63.89,63.87,63.88,63.635,63,,,,,,,,,,,,,,,,,,,,,,,,,,,,,,,,,,,,,,,,,,,,,,,,,,,,1819,2954.5
1786374960,63.9,63.92,63.895,63.895,63.635,63,,,,,,,,,,,,,,,,,,,,,,,,,,,,,,,,,,,,,,,,,,,,,,,,,,,,12118,3432.35
1786375020,63.9,63.9,63.885,63.89,63.635,63,,,,,,,,,,,,,,,,,,,,,,,,,,,,,,,,,,,,,,,,,,,,,,,,,,,,2214,3327.15
1786375080,63.895,63.91,63.89,63.91,63.635,63,,,,,,,,,,,,,,,,,,,,,,,,,,,,,,,,,,,,,,,,,,,,,,,,,,,,963,3230.55
1786375140,63.91,63.92,63.9,63.905,63.635,63,,,,,,,,,,,,,,,,,,,,,,,,,,,,,,,,,,,,,,,,,,,,,,,,,,,,1513,3086.95
1786375200,63.91,63.95,63.91,63.95,63.635,63,,,,,,,,,,,,,,,,,,,,,,,,,,,,,,,,,,,,,,,,,,,,,,,,,,,,3491,2696.7
1786375260,63.95,63.97,63.95,63.97,63.635,63,,,,,,,,,,,,,,,,,,,,,,,,,,,,,,,,,,,,,,,,,,,,,,,,,,,,1525,2563.65
1786375320,63.98,63.99,63.96,63.975,63.635,63,,,,,,,,,,,,,,,,,,,,,,,,,,,,,,,,,,,,,,,,,,,,,,,,,,,,3439,2589.55
1786375380,63.985,64,63.96,63.97,63.635,63,,,,,,,,,,,,,,,,,,,,,,,,,,,,,,,,,,,,,,,,,,,,,,,,,,,,24592,3663.1
1786375440,63.96,63.97,63.955,63.96,63.635,63,,,,,,,,,,,,,,,,,,,,,,,,,,,,,,,,,,,,,,,,,,,,,,,,,,,,708,3592.5
1786375500,63.96,63.96,63.93,63.93,63.635,63,,,,,,,,,,,,,,,,,,,,,,,,,,,,,,,,,,,,,,,,,,,,,,,,,,,,3259,3640.35
1786375560,63.94,63.94,63.925,63.93,63.635,63,,,,,,,,,,,,,,,,,,,,,,,,,,,,,,,,,,,,,,,,,,,,,,,,,,,,3226,3737.6
1786375620,63.93,63.945,63.925,63.945,63.635,63,,,,,,,,,,,,,,,,,,,,,,,,,,,,,,,,,,,,,,,,,,,,,,,,,,,,1198,3689.25
1786375680,63.95,63.98,63.95,63.97,63.635,63,,,,,,,,,,,,,,,,,,,,,,,,,,,,,,,,,,,,,,,,,,,,,,,,,,,,7444,3992.7
1786375740,63.97,63.975,63.93,63.94,63.635,63,,,,,,,,,,,,,,,,,,,,,,,,,,,,,,,,,,,,,,,,,,,,,,,,,,,,12266,4420.25
1786375800,63.95,63.95,63.935,63.94,63.635,63,,,,,,,,,,,,,,,,,,,,,,,,,,,,,,,,,,,,,,,,,,,,,,,,,,,,1275,4446.35
1786375860,63.94,63.95,63.935,63.935,63.635,63,,,,,,,,,,,,,,,,,,,,,,,,,,,,,,,,,,,,,,,,,,,,,,,,,,,,1178,4393.8
1786375920,63.93,63.93,63.89,63.905,63.635,63,,,,,,,,,,,,,,,,,,,,,,,,,,,,,,,,,,,,,,,,,,,,,,,,,,,,26513,5581.6
1786375980,63.9,63.94,63.89,63.94,63.635,63,,,,,,,,,,,,,,,,,,,,,,,,,,,,,,,,,,,,,,,,,,,,,,,,,,,,22038,6639.8
1786376040,63.94,63.955,63.94,63.95,63.635,63,,,,,,,,,,,,,,,,,,,,,,,,,,,,,,,,,,,,,,,,,,,,,,,,,,,,4420,6759.95
1786376100,63.95,63.955,63.92,63.92,63.635,63,,,,,,,,,,,,,,,,,,,,,,,,,,,,,,,,,,,,,,,,,,,,,,,,,,,,1472,6742.6
1786376160,63.92,63.93,63.91,63.91,63.635,63,,,,,,,,,,,,,,,,,,,,,,,,,,,,,,,,,,,,,,,,,,,,,,,,,,,,1417,6207.55
1786376220,63.9,63.9,63.865,63.865,63.635,63,,,,,,,,,,,,,,,,,,,,,,,,,,,,,,,,,,,,,,,,,,,,,,,,,,,,1667,6180.2
1786376280,63.86,63.865,63.84,63.84,63.635,63,,,,,,,,,,,,,,,,,,,,,,,,,,,,,,,,,,,,,,,,,,,,,,,,,,,,2377,6250.9
1786376340,63.84,63.84,63.83,63.83,63.635,63,,,,,,,,,,,,,,,,,,,,,,,,,,,,,,,,,,,,,,,,,,,,,,,,,,,,1944,6272.45
1786376400,63.835,63.86,63.835,63.84,63.635,63,,,,,,,,,,,,,,,,,,,,,,,,,,,,,,,,,,,,,,,,,,,,,,,,,,,,4436,6319.7
1786376460,63.84,63.84,63.795,63.795,63.635,63,,,,,,,,,,,,,,,,,,,,,,,,,,,,,,,,,,,,,,,,,,,,,,,,,,,,801,6283.5
1786376520,63.79,63.805,63.775,63.795,63.635,63,,,,,,,,,,,,,,,,,,,,,,,,,,,,,,,,,,,,,,,,,,,,,,,,,,,,3807,6301.9
1786376580,63.795,63.795,63.78,63.79,63.635,63,,,,,,,,,,,,,,,,,,,,,,,,,,,,,,,,,,,,,,,,,,,,,,,,,,,,1037,5124.15
1786376640,63.79,63.79,63.77,63.78,63.635,63,,,,,,,,,,,,,,,,,,,,,,,,,,,,,,,,,,,,,,,,,,,,,,,,,,,,2619,5219.7
1786376700,63.775,63.78,63.77,63.78,63.635,63,,,,,,,,,,,,,,,,,,,,,,,,,,,,,,,,,,,,,,,,,,,,,,,,,,,,358,5074.65
1786376760,63.8,63.815,63.8,63.81,63.635,63,,,,,,,,,,,,,,,,,,,,,,,,,,,,,,,,,,,,,,,,,,,,,,,,,,,,656,4946.15
1786376820,63.81,63.815,63.81,63.815,63.635,63,,,,,,,,,,,,,,,,,,,,,,,,,,,,,,,,,,,,,,,,,,,,,,,,,,,,329,4902.7
1786376880,63.82,63.825,63.81,63.825,63.635,63,,,,,,,,,,,,,,,,,,,,,,,,,,,,,,,,,,,,,,,,,,,,,,,,,,,,1214,4591.2
1786376940,63.82,63.85,63.81,63.82,63.635,63,,,,,,,,,,,,,,,,,,,,,,,,,,,,,,,,,,,,,,,,,,,,,,,,,,,,4681,4211.95
1786377000,63.8,63.81,63.79,63.81,63.635,63,,,,,,,,,,,,,,,,,,,,,,,,,,,,,,,,,,,,,,,,,,,,,,,,,,,,1435,4219.95
1786377060,63.81,63.83,63.81,63.815,63.635,63,,,,,,,,,,,,,,,,,,,,,,,,,,,,,,,,,,,,,,,,,,,,,,,,,,,,1609,4241.5
1786377120,63.81,63.81,63.79,63.79,63.635,63,,,,,,,,,,,,,,,,,,,,,,,,,,,,,,,,,,,,,,,,,,,,,,,,,,,,974,2964.55
1786377180,63.79,63.8,63.79,63.8,63.635,63,,,,,,,,,,,,,,,,,,,,,,,,,,,,,,,,,,,,,,,,,,,,,,,,,,,,1514,1938.35
1786377240,63.8,63.8,63.79,63.79,63.635,63,,,,,,,,,,,,,,,,,,,,,,,,,,,,,,,,,,,,,,,,,,,,,,,,,,,,2274,1831.05
1786377300,63.78,63.78,63.745,63.755,63.635,63,,,,,,,,,,,,,,,,,,,,,,,,,,,,,,,,,,,,,,,,,,,,,,,,,,,,829,1798.9
1786377360,63.76,63.78,63.76,63.76,63.635,63,,,,,,,,,,,,,,,,,,,,,,,,,,,,,,,,,,,,,,,,,,,,,,,,,,,,209,1738.5
1786377420,63.77,63.77,63.705,63.725,63.635,63,,,,,,,,,,,,,,,,,,,,,,,,,,,,,,,,,,,,,,,,,,,,,,,,,,,,2185,1764.4
1786377480,63.725,63.75,63.725,63.75,63.635,63,,,,,,,,,,,,,,,,,,,,,,,,,,,,,,,,,,,,,,,,,,,,,,,,,,,,777,1684.4
1786377540,63.76,63.76,63.75,63.76,63.635,63,,,,,,,,,,,,,,,,,,,,,,,,,,,,,,,,,,,,,,,,,,,,,,,,,,,,989,1636.65
1786377600,63.77,63.78,63.77,63.78,63.635,63,,,,,,,,,,,,,,,,,,,,,,,,,,,,,,,,,,,,,,,,,,,,,,,,,,,,2326,1531.15
1786377660,63.78,63.78,63.74,63.74,63.635,63,,,,,,,,,,,,,,,,,,,,,,,,,,,,,,,,,,,,,,,,,,,,,,,,,,,,1721,1577.15
1786377720,63.735,63.74,63.72,63.72,63.635,63,,,,,,,,,,,,,,,,,,,,,,,,,,,,,,,,,,,,,,,,,,,,,,,,,,,,1111,1442.35
1786377780,63.715,63.72,63.7,63.72,63.635,63,,,,,,,,,,,,,,,,,,,,,,,,,,,,,,,,,,,,,,,,,,,,,,,,,,,,5100,1645.5
1786377840,63.72,63.72,63.71,63.715,63.635,63,,,,,,,,,,,,,,,,,,,,,,,,,,,,,,,,,,,,,,,,,,,,,,,,,,,,805,1554.8
1786377900,63.72,63.745,63.72,63.73,63.635,63,,,,,,,,,,,,,,,,,,,,,,,,,,,,,,,,,,,,,,,,,,,,,,,,,,,,2535,1663.65
1786377960,63.725,63.725,63.72,63.72,63.635,63,,,,,,,,,,,,,,,,,,,,,,,,,,,,,,,,,,,,,,,,,,,,,,,,,,,,612,1661.45
1786378020,63.72,63.73,63.72,63.73,63.635,63,,,,,,,,,,,,,,,,,,,,,,,,,,,,,,,,,,,,,,,,,,,,,,,,,,,,732,1681.6
1786378080,63.73,63.76,63.73,63.74,63.635,63,,,,,,,,,,,,,,,,,,,,,,,,,,,,,,,,,,,,,,,,,,,,,,,,,,,,2262,1734
1786378140,63.73,63.755,63.73,63.755,63.635,63,,,,,,,,,,,,,,,,,,,,,,,,,,,,,,,,,,,,,,,,,,,,,,,,,,,,137,1506.8
1786378200,63.755,63.76,63.73,63.73,63.635,63,,,,,,,,,,,,,,,,,,,,,,,,,,,,,,,,,,,,,,,,,,,,,,,,,,,,2671,1568.6
1786378260,63.73,63.74,63.73,63.74,63.635,63,,,,,,,,,,,,,,,,,,,,,,,,,,,,,,,,,,,,,,,,,,,,,,,,,,,,882,1532.25
1786378320,63.74,63.74,63.72,63.73,63.635,63,,,,,,,,,,,,,,,,,,,,,,,,,,,,,,,,,,,,,,,,,,,,,,,,,,,,1455,1556.3
1786378380,63.735,63.735,63.705,63.705,63.635,63,,,,,,,,,,,,,,,,,,,,,,,,,,,,,,,,,,,,,,,,,,,,,,,,,,,,571,1509.15
1786378440,63.705,63.705,63.67,63.67,63.635,63,,,,,,,,,,,,,,,,,,,,,,,,,,,,,,,,,,,,,,,,,,,,,,,,,,,,6031,1697
1786378500,63.665,63.665,63.65,63.66,63.635,63,,,,,,,,,,,,,,,,,,,,,,,,,,,,,,,,,,,,,,,,,,,,,,,,,,,,2063,1758.7
1786378560,63.66,63.66,63.635,63.635,63.635,63,,,,,,,,,,,,,,,,,,,,,,,,,,,,,,,,,,,,,,,,,,,,,,,,,,,,1297,1813.1
1786378620,63.635,63.635,63.6,63.6,63.635,63,,,,,,,,,,,,,,,,,,,,,,,,,,,,,,,,,,,,,,,,,,,,,,,,,,,,2658,1836.75
1786378680,63.61,63.635,63.605,63.63,63.635,63,,,,,,,,,,,,,,,,,,,,,,,,,,,,,,,,,,,,,,,,,,,,,,,,,,,,2680,1931.9
1786378740,63.63,63.64,63.615,63.615,63.635,63,,,,,,,,,,,,,,,,,,,,,,,,,,,,,,,,,,,,,,,,,,,,,,,,,,,,1690,1966.95
1786378800,63.62,63.62,63.6,63.6,63.635,63,,,,,,,,,,,,,,,,,,,,,,,,,,,,,,,,,,,,,,,,,,,,,,,,,,,,1269,1914.1
1786378860,63.605,63.605,63.57,63.57,63.635,63,,,,,,,,,,,,,,,,,,,,,,,,,,,,,,,,,,,,,,,,,,,,,,,,,,,,10206,2338.35
1786378920,63.57,63.6,63.57,63.595,63.635,63,,,,,,,,,,,,,,,,,,,,,,,,,,,,,,,,,,,,,,,,,,,,,,,,,,,,1254,2345.5
1786378980,63.59,63.59,63.58,63.59,63.635,63,,,,,,,,,,,,,,,,,,,,,,,,,,,,,,,,,,,,,,,,,,,,,,,,,,,,701,2125.55
1786379040,63.595,63.615,63.59,63.615,63.635,63,,,,,,,,,,,,,,,,,,,,,,,,,,,,,,,,,,,,,,,,,,,,,,,,,,,,3432,2256.9
1786379100,63.61,63.635,63.61,63.625,63.635,63,,,,,,,,,,,,,,,,,,,,,,,,,,,,,,,,,,,,,,,,,,,,,,,,,,,,2400,2250.15
1786379160,63.63,63.655,63.63,63.65,63.635,63,,,,,,,,,,,,,,,,,,,,,,,,,,,,,,,,,,,,,,,,,,,,,,,,,,,,3587,2398.9
1786379220,63.64,63.64,63.635,63.635,63.635,63,,,,,,,,,,,,,,,,,,,,,,,,,,,,,,,,,,,,,,,,,,,,,,,,,,,,678,2396.2
1786379280,63.64,63.65,63.63,63.65,63.635,63,,,,,,,,,,,,,,,,,,,,,,,,,,,,,,,,,,,,,,,,,,,,,,,,,,,,3432,2454.7
1786379340,63.655,63.655,63.635,63.645,63.635,63,,,,,,,,,,,,,,,,,,,,,,,,,,,,,,,,,,,,,,,,,,,,,,,,,,,,1302,2512.95
1786379400,63.645,63.645,63.61,63.61,63.635,63,,,,,,,,,,,,,,,,,,,,,,,,,,,,,,,,,,,,,,,,,,,,,,,,,,,,1203,2439.55
1786379460,63.62,63.65,63.58,63.58,63.635,63,,,,,,,,,,,,,,,,,,,,,,,,,,,,,,,,,,,,,,,,,,,,,,,,,,,,9964,2893.65
1786379520,63.57,63.655,63.56,63.645,63.635,63,,,,,,,,,,,,,,,,,,,,,,,,,,,,,,,,,,,,,,,,,,,,,,,,,,,,17131,3677.45
1786379580,63.64,63.65,63.63,63.645,63.635,63,,,,,,,,,,,,,,,,,,,,,,,,,,,,,,,,,,,,,,,,,,,,,,,,,,,,804,3689.1
1786379640,63.65,63.65,63.62,63.62,63.635,63,,,,,,,,,,,,,,,,,,,,,,,,,,,,,,,,,,,,,,,,,,,,,,,,,,,,1182,3446.65
1786379700,63.62,63.64,63.615,63.62,63.635,63,,,,,,,,,,,,,,,,,,,,,,,,,,,,,,,,,,,,,,,,,,,,,,,,,,,,1240,3405.5
1786379760,63.615,63.645,63.615,63.645,63.635,63,,,,,,,,,,,,,,,,,,,,,,,,,,,,,,,,,,,,,,,,,,,,,,,,,,,,1299,3405.6
1786379820,63.645,63.67,63.64,63.67,63.635,63,,,,,,,,,,,,,,,,,,,,,,,,,,,,,,,,,,,,,,,,,,,,,,,,,,,,1657,3355.55
1786379880,63.665,63.695,63.665,63.69,63.635,63,,,,,,,,,,,,,,,,,,,,,,,,,,,,,,,,,,,,,,,,,,,,,,,,,,,,2958,3369.45
1786379940,63.685,63.7,63.67,63.7,63.635,63,,,,,,,,,,,,,,,,,,,,,,,,,,,,,,,,,,,,,,,,,,,,,,,,,,,,3750,3472.45
1786380000,63.695,63.715,63.695,63.705,63.635,63,,,,,,,,,,,,,,,,,,,,,,,,,,,,,,,,,,,,,,,,,,,,,,,,,,,,3684,3593.2
1786380060,63.7,63.705,63.68,63.68,63.635,63,,,,,,,,,,,,,,,,,,,,,,,,,,,,,,,,,,,,,,,,,,,,,,,,,,,,1309,3148.35
1786380120,63.68,63.69,63.675,63.69,63.635,63,,,,,,,,,,,,,,,,,,,,,,,,,,,,,,,,,,,,,,,,,,,,,,,,,,,,611,3116.2
1786380180,63.68,63.685,63.66,63.66,63.635,63,,,,,,,,,,,,,,,,,,,,,,,,,,,,,,,,,,,,,,,,,,,,,,,,,,,,1734,3167.85
1786380240,63.645,63.66,63.64,63.66,63.635,63,,,,,,,,,,,,,,,,,,,,,,,,,,,,,,,,,,,,,,,,,,,,,,,,,,,,3235,3158
1786380300,63.66,63.66,63.64,63.65,63.635,63,,,,,,,,,,,,,,,,,,,,,,,,,,,,,,,,,,,,,,,,,,,,,,,,,,,,1279,3101.95
1786380360,63.645,63.66,63.645,63.66,63.635,63,,,,,,,,,,,,,,,,,,,,,,,,,,,,,,,,,,,,,,,,,,,,,,,,,,,,1107,2977.95
1786380420,63.67,63.67,63.66,63.67,63.635,63,,,,,,,,,,,,,,,,,,,,,,,,,,,,,,,,,,,,,,,,,,,,,,,,,,,,447,2966.4
1786380480,63.675,63.68,63.665,63.675,63.635,63,,,,,,,,,,,,,,,,,,,,,,,,,,,,,,,,,,,,,,,,,,,,,,,,,,,,1080,2848.8
1786380540,63.68,63.7,63.68,63.685,63.635,63,,,,,,,,,,,,,,,,,,,,,,,,,,,,,,,,,,,,,,,,,,,,,,,,,,,,5669,3067.15
1786380600,63.685,63.7,63.68,63.7,63.635,63,,,,,,,,,,,,,,,,,,,,,,,,,,,,,,,,,,,,,,,,,,,,,,,,,,,,3045,3159.25
1786380660,63.71,63.71,63.66,63.685,63.635,63,,,,,,,,,,,,,,,,,,,,,,,,,,,,,,,,,,,,,,,,,,,,,,,,,,,,2292,2775.65
1786380720,63.685,63.695,63.68,63.695,63.635,63,,,,,,,,,,,,,,,,,,,,,,,,,,,,,,,,,,,,,,,,,,,,,,,,,,,,749,1956.55
1786380780,63.69,63.69,63.675,63.675,63.635,63,,,,,,,,,,,,,,,,,,,,,,,,,,,,,,,,,,,,,,,,,,,,,,,,,,,,1916,2012.15
1786380840,63.675,63.685,63.675,63.68,63.635,63,,,,,,,,,,,,,,,,,,,,,,,,,,,,,,,,,,,,,,,,,,,,,,,,,,,,670,1986.55
1786380900,63.69,63.7,63.685,63.7,63.635,63,,,,,,,,,,,,,,,,,,,,,,,,,,,,,,,,,,,,,,,,,,,,,,,,,,,,1376,1993.35
1786380960,63.68,63.69,63.675,63.69,63.635,63,,,,,,,,,,,,,,,,,,,,,,,,,,,,,,,,,,,,,,,,,,,,,,,,,,,,2266,2041.7
1786381020,63.69,63.7,63.685,63.69,63.635,63,,,,,,,,,,,,,,,,,,,,,,,,,,,,,,,,,,,,,,,,,,,,,,,,,,,,1563,2037
1786381080,63.685,63.69,63.68,63.68,63.635,63,,,,,,,,,,,,,,,,,,,,,,,,,,,,,,,,,,,,,,,,,,,,,,,,,,,,324,1905.3
1786381140,63.685,63.7,63.685,63.7,63.635,63,,,,,,,,,,,,,,,,,,,,,,,,,,,,,,,,,,,,,,,,,,,,,,,,,,,,1310,1783.3
1786381200,63.69,63.69,63.67,63.68,63.635,63,,,,,,,,,,,,,,,,,,,,,,,,,,,,,,,,,,,,,,,,,,,,,,,,,,,,2692,1733.7
1786381260,63.675,63.685,63.67,63.67,63.635,63,,,,,,,,,,,,,,,,,,,,,,,,,,,,,,,,,,,,,,,,,,,,,,,,,,,,2678,1802.15
1786381320,63.665,63.68,63.66,63.68,63.635,63,,,,,,,,,,,,,,,,,,,,,,,,,,,,,,,,,,,,,,,,,,,,,,,,,,,,1353,1839.25
1786381380,63.68,63.685,63.66,63.66,63.635,63,,,,,,,,,,,,,,,,,,,,,,,,,,,,,,,,,,,,,,,,,,,,,,,,,,,,2541,1879.6
1786381440,63.665,63.68,63.66,63.68,63.635,63,,,,,,,,,,,,,,,,,,,,,,,,,,,,,,,,,,,,,,,,,,,,,,,,,,,,719,1753.8
1786381500,63.68,63.69,63.65,63.65,63.635,63,,,,,,,,,,,,,,,,,,,,,,,,,,,,,,,,,,,,,,,,,,,,,,,,,,,,5185,1949.1
1786381560,63.66,63.68,63.64,63.64,63.635,63,,,,,,,,,,,,,,,,,,,,,,,,,,,,,,,,,,,,,,,,,,,,,,,,,,,,5453,2166.4
1786381620,63.635,63.64,63.62,63.64,63.635,63,,,,,,,,,,,,,,,,,,,,,,,,,,,,,,,,,,,,,,,,,,,,,,,,,,,,6022,2445.15
1786381680,63.635,63.64,63.63,63.64,63.635,63,,,,,,,,,,,,,,,,,,,,,,,,,,,,,,,,,,,,,,,,,,,,,,,,,,,,1579,2470.1
1786381740,63.64,63.67,63.64,63.65,63.635,63,,,,,,,,,,,,,,,,,,,,,,,,,,,,,,,,,,,,,,,,,,,,,,,,,,,,2747,2324
1786381800,63.65,63.65,63.615,63.615,63.635,63,,,,,,,,,,,,,,,,,,,,,,,,,,,,,,,,,,,,,,,,,,,,,,,,,,,,2229,2283.2
1786381860,63.61,63.63,63.61,63.62,63.635,63,,,,,,,,,,,,,,,,,,,,,,,,,,,,,,,,,,,,,,,,,,,,,,,,,,,,1638,2250.5
1786381920,63.62,63.62,63.61,63.62,63.635,63,,,,,,,,,,,,,,,,,,,,,,,,,,,,,,,,,,,,,,,,,,,,,,,,,,,,145,2220.3
1786381980,63.62,63.63,63.615,63.63,63.635,63,,,,,,,,,,,,,,,,,,,,,,,,,,,,,,,,,,,,,,,,,,,,,,,,,,,,1957,2222.35
1786382040,63.625,63.63,63.62,63.63,63.635,63,,,,,,,,,,,,,,,,,,,,,,,,,,,,,,,,,,,,,,,,,,,,,,,,,,,,163,2197
1786382100,63.62,63.62,63.61,63.61,63.635,63,,,,,,,,,,,,,,,,,,,,,,,,,,,,,,,,,,,,,,,,,,,,,,,,,,,,1641,2210.25
1786382160,63.605,63.63,63.605,63.62,63.635,63,,,,,,,,,,,,,,,,,,,,,,,,,,,,,,,,,,,,,,,,,,,,,,,,,,,,2942,2244.05
1786382220,63.615,63.63,63.61,63.63,63.635,63,,,,,,,,,,,,,,,,,,,,,,,,,,,,,,,,,,,,,,,,,,,,,,,,,,,,1104,2221.1
1786382280,63.63,63.63,63.62,63.625,63.635,63,,,,,,,,,,,,,,,,,,,,,,,,,,,,,,,,,,,,,,,,,,,,,,,,,,,,246,2217.2
1786382340,63.63,63.64,63.625,63.625,63.635,63,,,,,,,,,,,,,,,,,,,,,,,,,,,,,,,,,,,,,,,,,,,,,,,,,,,,21035,3203.45
1786382400,63.62,63.63,63.61,63.62,63.635,63,,,,,,,,,,,,,,,,,,,,,,,,,,,,,,,,,,,,,,,,,,,,,,,,,,,,841,3110.9
1786382460,63.62,63.62,63.59,63.59,63.635,63,,,,,,,,,,,,,,,,,,,,,,,,,,,,,,,,,,,,,,,,,,,,,,,,,,,,3254,3139.7
1786382520,63.58,63.6,63.58,63.6,63.635,63,,,,,,,,,,,,,,,,,,,,,,,,,,,,,,,,,,,,,,,,,,,,,,,,,,,,1151,3129.6
1786382580,63.61,63.61,63.59,63.6,63.635,63,,,,,,,,,,,,,,,,,,,,,,,,,,,,,,,,,,,,,,,,,,,,,,,,,,,,3165,3160.8
1786382640,63.59,63.6,63.59,63.6,63.635,63,,,,,,,,,,,,,,,,,,,,,,,,,,,,,,,,,,,,,,,,,,,,,,,,,,,,522,3150.95
1786382700,63.6,63.62,63.6,63.615,63.635,63,,,,,,,,,,,,,,,,,,,,,,,,,,,,,,,,,,,,,,,,,,,,,,,,,,,,436,2913.5
1786382760,63.62,63.63,63.61,63.63,63.635,63,,,,,,,,,,,,,,,,,,,,,,,,,,,,,,,,,,,,,,,,,,,,,,,,,,,,199,2650.8
1786382820,63.63,63.64,63.63,63.64,63.635,63,,,,,,,,,,,,,,,,,,,,,,,,,,,,,,,,,,,,,,,,,,,,,,,,,,,,204,2359.9
1786382880,63.64,63.64,63.625,63.63,63.635,63,,,,,,,,,,,,,,,,,,,,,,,,,,,,,,,,,,,,,,,,,,,,,,,,,,,,2657,2413.8
1786382940,63.63,63.65,63.63,63.65,63.635,63,,,,,,,,,,,,,,,,,,,,,,,,,,,,,,,,,,,,,,,,,,,,,,,,,,,,698,2311.35
1786383000,63.645,63.655,63.625,63.65,63.635,63,,,,,,,,,,,,,,,,,,,,,,,,,,,,,,,,,,,,,,,,,,,,,,,,,,,,4934,2446.6
1786383060,63.65,63.65,63.64,63.65,63.635,63,,,,,,,,,,,,,,,,,,,,,,,,,,,,,,,,,,,,,,,,,,,,,,,,,,,,860,2407.7
1786383120,63.655,63.69,63.65,63.685,63.635,63,,,,,,,,,,,,,,,,,,,,,,,,,,,,,,,,,,,,,,,,,,,,,,,,,,,,825,2441.7
1786383180,63.68,63.68,63.66,63.67,63.635,63,,,,,,,,,,,,,,,,,,,,,,,,,,,,,,,,,,,,,,,,,,,,,,,,,,,,790,2383.35
1786383240,63.68,63.68,63.665,63.67,63.635,63,,,,,,,,,,,,,,,,,,,,,,,,,,,,,,,,,,,,,,,,,,,,,,,,,,,,938,2422.1
1786383300,63.67,63.68,63.67,63.67,63.635,63,,,,,,,,,,,,,,,,,,,,,,,,,,,,,,,,,,,,,,,,,,,,,,,,,,,,1085,2394.3
1786383360,63.68,63.68,63.66,63.675,63.635,63,,,,,,,,,,,,,,,,,,,,,,,,,,,,,,,,,,,,,,,,,,,,,,,,,,,,2144,2354.4
1786383420,63.675,63.675,63.655,63.655,63.635,63,,,,,,,,,,,,,,,,,,,,,,,,,,,,,,,,,,,,,,,,,,,,,,,,,,,,1936,2396
1786383480,63.655,63.66,63.635,63.65,63.635,63,,,,,,,,,,,,,,,,,,,,,,,,,,,,,,,,,,,,,,,,,,,,,,,,,,,,4450,2606.2
1786383540,63.66,63.695,63.66,63.68,63.635,63,,,,,,,,,,,,,,,,,,,,,,,,,,,,,,,,,,,,,,,,,,,,,,,,,,,,3107,1709.8
1786383600,63.69,63.69,63.685,63.685,63.635,63,,,,,,,,,,,,,,,,,,,,,,,,,,,,,,,,,,,,,,,,,,,,,,,,,,,,1081,1721.8
1786383660,63.69,63.705,63.69,63.705,63.635,63,,,,,,,,,,,,,,,,,,,,,,,,,,,,,,,,,,,,,,,,,,,,,,,,,,,,984,1608.3
1786383720,63.71,63.715,63.695,63.7,63.635,63,,,,,,,,,,,,,,,,,,,,,,,,,,,,,,,,,,,,,,,,,,,,,,,,,,,,6359,1868.7
1786383780,63.695,63.7,63.695,63.7,63.635,63,,,,,,,,,,,,,,,,,,,,,,,,,,,,,,,,,,,,,,,,,,,,,,,,,,,,2732,1847.05
1786383840,63.69,63.705,63.68,63.705,63.635,63,,,,,,,,,,,,,,,,,,,,,,,,,,,,,,,,,,,,,,,,,,,,,,,,,,,,2986,1970.25
1786383900,63.7,63.7,63.69,63.69,63.635,63,,,,,,,,,,,,,,,,,,,,,,,,,,,,,,,,,,,,,,,,,,,,,,,,,,,,199,1958.4
1786383960,63.685,63.705,63.685,63.705,63.635,63,,,,,,,,,,,,,,,,,,,,,,,,,,,,,,,,,,,,,,,,,,,,,,,,,,,,2934,2095.15
1786384020,63.71,63.725,63.705,63.705,63.635,63,,,,,,,,,,,,,,,,,,,,,,,,,,,,,,,,,,,,,,,,,,,,,,,,,,,,4264,2298.15
1786384080,63.7,63.71,63.69,63.71,63.635,63,,,,,,,,,,,,,,,,,,,,,,,,,,,,,,,,,,,,,,,,,,,,,,,,,,,,1095,2220.05
1786384140,63.71,63.72,63.7,63.72,63.635,63,,,,,,,,,,,,,,,,,,,,,,,,,,,,,,,,,,,,,,,,,,,,,,,,,,,,881,2229.2
1786384200,63.715,63.715,63.7,63.7,63.635,63,,,,,,,,,,,,,,,,,,,,,,,,,,,,,,,,,,,,,,,,,,,,,,,,,,,,2700,2117.5
1786384260,63.685,63.7,63.68,63.68,63.635,63,,,,,,,,,,,,,,,,,,,,,,,,,,,,,,,,,,,,,,,,,,,,,,,,,,,,2411,2195.05
1786384320,63.67,63.67,63.66,63.67,63.635,63,,,,,,,,,,,,,,,,,,,,,,,,,,,,,,,,,,,,,,,,,,,,,,,,,,,,877,2197.65
1786384380,63.67,63.67,63.64,63.64,63.635,63,,,,,,,,,,,,,,,,,,,,,,,,,,,,,,,,,,,,,,,,,,,,,,,,,,,,1803,2248.3
1786384440,63.64,63.66,63.64,63.66,63.635,63,,,,,,,,,,,,,,,,,,,,,,,,,,,,,,,,,,,,,,,,,,,,,,,,,,,,2363,2319.55
1786384500,63.67,63.67,63.65,63.66,63.635,63,,,,,,,,,,,,,,,,,,,,,,,,,,,,,,,,,,,,,,,,,,,,,,,,,,,,580,2294.3
1786384560,63.655,63.66,63.645,63.645,63.635,63,,,,,,,,,,,,,,,,,,,,,,,,,,,,,,,,,,,,,,,,,,,,,,,,,,,,1275,2250.85
1786384620,63.65,63.65,63.64,63.645,63.635,63,,,,,,,,,,,,,,,,,,,,,,,,,,,,,,,,,,,,,,,,,,,,,,,,,,,,352,2171.65
1786384680,63.65,63.65,63.625,63.625,63.635,63,,,,,,,,,,,,,,,,,,,,,,,,,,,,,,,,,,,,,,,,,,,,,,,,,,,,1147,2006.5
1786384740,63.62,63.63,63.61,63.62,63.635,63,,,,,,,,,,,,,,,,,,,,,,,,,,,,,,,,,,,,,,,,,,,,,,,,,,,,4681,2085.2
1786384800,63.615,63.62,63.6,63.62,63.635,63,,,,,,,,,,,,,,,,,,,,,,,,,,,,,,,,,,,,,,,,,,,,,,,,,,,,2872,2174.75
1786384860,63.61,63.625,63.61,63.625,63.635,63,,,,,,,,,,,,,,,,,,,,,,,,,,,,,,,,,,,,,,,,,,,,,,,,,,,,593,2155.2
1786384920,63.62,63.625,63.61,63.61,63.635,63,,,,,,,,,,,,,,,,,,,,,,,,,,,,,,,,,,,,,,,,,,,,,,,,,,,,1869,1930.7
1786384980,63.61,63.62,63.595,63.62,63.635,63,,,,,,,,,,,,,,,,,,,,,,,,,,,,,,,,,,,,,,,,,,,,,,,,,,,,1107,1849.45
1786385040,63.615,63.625,63.61,63.62,63.635,63,,,,,,,,,,,,,,,,,,,,,,,,,,,,,,,,,,,,,,,,,,,,,,,,,,,,1014,1750.85
1786385100,63.625,63.68,63.625,63.68,63.635,63,,,,,,,,,,,,,,,,,,,,,,,,,,,,,,,,,,,,,,,,,,,,,,,,,,,,6329,2057.35
1786385160,63.67,63.68,63.67,63.675,63.635,63,,,,,,,,,,,,,,,,,,,,,,,,,,,,,,,,,,,,,,,,,,,,,,,,,,,,596,1940.45
1786385220,63.68,63.685,63.66,63.66,63.635,63,,,,,,,,,,,,,,,,,,,,,,,,,,,,,,,,,,,,,,,,,,,,,,,,,,,,1433,1798.9
1786385280,63.67,63.68,63.67,63.675,63.635,63,,,,,,,,,,,,,,,,,,,,,,,,,,,,,,,,,,,,,,,,,,,,,,,,,,,,719,1780.1
1786385340,63.675,63.695,63.67,63.68,63.635,63,,,,,,,,,,,,,,,,,,,,,,,,,,,,,,,,,,,,,,,,,,,,,,,,,,,,5645,2018.3
1786385400,63.685,63.7,63.685,63.7,63.635,63,,,,,,,,,,,,,,,,,,,,,,,,,,,,,,,,,,,,,,,,,,,,,,,,,,,,1464,1956.5
1786385460,63.69,63.7,63.69,63.7,63.635,63,,,,,,,,,,,,,,,,,,,,,,,,,,,,,,,,,,,,,,,,,,,,,,,,,,,,1798,1925.85
1786385520,63.71,63.72,63.71,63.715,63.635,63,,,,,,,,,,,,,,,,,,,,,,,,,,,,,,,,,,,,,,,,,,,,,,,,,,,,1436,1953.8
1786385580,63.715,63.715,63.7,63.7,63.635,63,,,,,,,,,,,,,,,,,,,,,,,,,,,,,,,,,,,,,,,,,,,,,,,,,,,,1401,1933.7
1786385640,63.7,63.71,63.695,63.705,63.635,63,,,,,,,,,,,,,,,,,,,,,,,,,,,,,,,,,,,,,,,,,,,,,,,,,,,,5402,2085.65
1786385700,63.705,63.73,63.7,63.73,63.635,63,,,,,,,,,,,,,,,,,,,,,,,,,,,,,,,,,,,,,,,,,,,,,,,,,,,,2266,2169.95
1786385760,63.73,63.73,63.725,63.73,63.635,63,,,,,,,,,,,,,,,,,,,,,,,,,,,,,,,,,,,,,,,,,,,,,,,,,,,,633,2137.85
1786385820,63.725,63.725,63.72,63.72,63.635,63,,,,,,,,,,,,,,,,,,,,,,,,,,,,,,,,,,,,,,,,,,,,,,,,,,,,1695,2205
1786385880,63.72,63.73,63.705,63.705,63.635,63,,,,,,,,,,,,,,,,,,,,,,,,,,,,,,,,,,,,,,,,,,,,,,,,,,,,2583,2276.8
1786385940,63.705,63.71,63.705,63.705,63.635,63,,,,,,,,,,,,,,,,,,,,,,,,,,,,,,,,,,,,,,,,,,,,,,,,,,,,393,2062.4
1786386000,63.7,63.705,63.695,63.7,63.635,63,,,,,,,,,,,,,,,,,,,,,,,,,,,,,,,,,,,,,,,,,,,,,,,,,,,,2751,2056.35
1786386060,63.7,63.72,63.7,63.715,63.635,63,,,,,,,,,,,,,,,,,,,,,,,,,,,,,,,,,,,,,,,,,,,,,,,,,,,,1370,2095.2
1786386120,63.72,63.72,63.715,63.72,63.635,63,,,,,,,,,,,,,,,,,,,,,,,,,,,,,,,,,,,,,,,,,,,,,,,,,,,,737,2038.6
1786386180,63.72,63.72,63.715,63.715,63.635,63,,,,,,,,,,,,,,,,,,,,,,,,,,,,,,,,,,,,,,,,,,,,,,,,,,,,254,1995.95
1786386240,63.72,63.72,63.71,63.72,63.635,63,,,,,,,,,,,,,,,,,,,,,,,,,,,,,,,,,,,,,,,,,,,,,,,,,,,,2319,2061.2
1786386300,63.71,63.73,63.71,63.73,63.635,63,,,,,,,,,,,,,,,,,,,,,,,,,,,,,,,,,,,,,,,,,,,,,,,,,,,,2716,1880.55
1786386360,63.73,63.73,63.72,63.725,63.635,63,,,,,,,,,,,,,,,,,,,,,,,,,,,,,,,,,,,,,,,,,,,,,,,,,,,,1747,1938.1
1786386420,63.73,63.76,63.72,63.76,63.635,63,,,,,,,,,,,,,,,,,,,,,,,,,,,,,,,,,,,,,,,,,,,,,,,,,,,,13655,2549.2
1786386480,63.76,63.775,63.75,63.755,63.635,63,,,,,,,,,,,,,,,,,,,,,,,,,,,,,,,,,,,,,,,,,,,,,,,,,,,,1403,2583.4
1786386540,63.755,63.755,63.735,63.74,63.635,63,,,,,,,,,,,,,,,,,,,,,,,,,,,,,,,,,,,,,,,,,,,,,,,,,,,,1423,2372.3
1786386600,63.74,63.74,63.7,63.705,63.635,63,,,,,,,,,,,,,,,,,,,,,,,,,,,,,,,,,,,,,,,,,,,,,,,,,,,,2737,2435.95
1786386660,63.705,63.71,63.68,63.7,63.635,63,,,,,,,,,,,,,,,,,,,,,,,,,,,,,,,,,,,,,,,,,,,,,,,,,,,,2361,2464.1
1786386720,63.705,63.705,63.69,63.7,63.635,63,,,,,,,,,,,,,,,,,,,,,,,,,,,,,,,,,,,,,,,,,,,,,,,,,,,,1110,2447.8
1786386780,63.69,63.715,63.69,63.715,63.635,63,,,,,,,,,,,,,,,,,,,,,,,,,,,,,,,,,,,,,,,,,,,,,,,,,,,,2565,2506
1786386840,63.715,63.72,63.71,63.71,63.635,63,,,,,,,,,,,,,,,,,,,,,,,,,,,,,,,,,,,,,,,,,,,,,,,,,,,,189,2245.35
1786386900,63.71,63.73,63.71,63.725,63.635,63,,,,,,,,,,,,,,,,,,,,,,,,,,,,,,,,,,,,,,,,,,,,,,,,,,,,1444,2204.25
1786386960,63.72,63.74,63.71,63.72,63.635,63,,,,,,,,,,,,,,,,,,,,,,,,,,,,,,,,,,,,,,,,,,,,,,,,,,,,1574,2251.3
1786387020,63.71,63.71,63.71,63.71,63.635,63,,,,,,,,,,,,,,,,,,,,,,,,,,,,,,,,,,,,,,,,,,,,,,,,,,,,212,2177.15
1786387080,63.71,63.74,63.705,63.73,63.635,63,,,,,,,,,,,,,,,,,,,,,,,,,,,,,,,,,,,,,,,,,,,,,,,,,,,,2152,2155.6
1786387140,63.74,63.75,63.73,63.745,63.635,63,,,,,,,,,,,,,,,,,,,,,,,,,,,,,,,,,,,,,,,,,,,,,,,,,,,,866,2179.25
1786387200,63.75,63.75,63.73,63.745,63.635,63,,,,,,,,,,,,,,,,,,,,,,,,,,,,,,,,,,,,,,,,,,,,,,,,,,,,570,2070.2
1786387260,63.74,63.75,63.73,63.745,63.635,63,,,,,,,,,,,,,,,,,,,,,,,,,,,,,,,,,,,,,,,,,,,,,,,,,,,,724,2037.9
1786387320,63.75,63.77,63.75,63.77,63.635,63,,,,,,,,,,,,,,,,,,,,,,,,,,,,,,,,,,,,,,,,,,,,,,,,,,,,1770,2089.55
1786387380,63.77,63.77,63.76,63.76,63.635,63,,,,,,,,,,,,,,,,,,,,,,,,,,,,,,,,,,,,,,,,,,,,,,,,,,,,1139,2133.8
1786387440,63.75,63.75,63.72,63.73,63.635,63,,,,,,,,,,,,,,,,,,,,,,,,,,,,,,,,,,,,,,,,,,,,,,,,,,,,2224,2129.05
1786387500,63.725,63.73,63.72,63.725,63.635,63,,,,,,,,,,,,,,,,,,,,,,,,,,,,,,,,,,,,,,,,,,,,,,,,,,,,941,2040.3
1786387560,63.73,63.74,63.73,63.74,63.635,63,,,,,,,,,,,,,,,,,,,,,,,,,,,,,,,,,,,,,,,,,,,,,,,,,,,,831,1994.5
1786387620,63.74,63.75,63.735,63.75,63.635,63,,,,,,,,,,,,,,,,,,,,,,,,,,,,,,,,,,,,,,,,,,,,,,,,,,,,2795,1451.5
1786387680,63.75,63.76,63.75,63.76,63.635,63,,,,,,,,,,,,,,,,,,,,,,,,,,,,,,,,,,,,,,,,,,,,,,,,,,,,241,1393.4
1786387740,63.755,63.76,63.74,63.75,63.635,63,,,,,,,,,,,,,,,,,,,,,,,,,,,,,,,,,,,,,,,,,,,,,,,,,,,,5589,1601.7
1786387800,63.755,63.78,63.755,63.78,63.635,63,,,,,,,,,,,,,,,,,,,,,,,,,,,,,,,,,,,,,,,,,,,,,,,,,,,,1218,1525.75
1786387860,63.78,63.785,63.775,63.775,63.635,63,,,,,,,,,,,,,,,,,,,,,,,,,,,,,,,,,,,,,,,,,,,,,,,,,,,,1020,1458.7
1786387920,63.78,63.78,63.77,63.77,63.635,63,,,,,,,,,,,,,,,,,,,,,,,,,,,,,,,,,,,,,,,,,,,,,,,,,,,,1030,1454.7
1786387980,63.77,63.79,63.76,63.79,63.635,63,,,,,,,,,,,,,,,,,,,,,,,,,,,,,,,,,,,,,,,,,,,,,,,,,,,,1907,1421.8
1786388040,63.79,63.79,63.78,63.79,63.635,63,,,,,,,,,,,,,,,,,,,,,,,,,,,,,,,,,,,,,,,,,,,,,,,,,,,,1256,1475.15
1786388100,63.785,63.795,63.78,63.785,63.635,63,,,,,,,,,,,,,,,,,,,,,,,,,,,,,,,,,,,,,,,,,,,,,,,,,,,,994,1452.65
1786388160,63.785,63.795,63.785,63.795,63.635,63,,,,,,,,,,,,,,,,,,,,,,,,,,,,,,,,,,,,,,,,,,,,,,,,,,,,834,1415.65
1786388220,63.79,63.8,63.78,63.78,63.635,63,,,,,,,,,,,,,,,,,,,,,,,,,,,,,,,,,,,,,,,,,,,,,,,,,,,,1909,1500.5
1786388280,63.79,63.79,63.78,63.785,63.635,63,,,,,,,,,,,,,,,,,,,,,,,,,,,,,,,,,,,,,,,,,,,,,,,,,,,,1861,1485.95
1786388340,63.78,63.785,63.78,63.78,63.635,63,,,,,,,,,,,,,,,,,,,,,,,,,,,,,,,,,,,,,,,,,,,,,,,,,,,,944,1489.85
1786388400,63.78,63.78,63.75,63.76,63.635,63,,,,,,,,,,,,,,,,,,,,,,,,,,,,,,,,,,,,,,,,,,,,,,,,,,,,3374,1630.05
1786388460,63.75,63.765,63.74,63.76,63.635,63,,,,,,,,,,,,,,,,,,,,,,,,,,,,,,,,,,,,,,,,,,,,,,,,,,,,2033,1695.5
1786388520,63.75,63.76,63.75,63.75,63.635,63,,,,,,,,,,,,,,,,,,,,,,,,,,,,,,,,,,,,,,,,,,,,,,,,,,,,195,1616.75
1786388580,63.755,63.77,63.75,63.765,63.635,63,,,,,,,,,,,,,,,,,,,,,,,,,,,,,,,,,,,,,,,,,,,,,,,,,,,,1254,1622.5
1786388640,63.76,63.78,63.75,63.78,63.635,63,,,,,,,,,,,,,,,,,,,,,,,,,,,,,,,,,,,,,,,,,,,,,,,,,,,,2106,1616.6
1786388700,63.78,63.79,63.765,63.77,63.635,63,,,,,,,,,,,,,,,,,,,,,,,,,,,,,,,,,,,,,,,,,,,,,,,,,,,,2823,1710.7
1786388760,63.78,63.78,63.76,63.76,63.635,63,,,,,,,,,,,,,,,,,,,,,,,,,,,,,,,,,,,,,,,,,,,,,,,,,,,,1207,1729.5
1786388820,63.75,63.77,63.75,63.77,63.635,63,,,,,,,,,,,,,,,,,,,,,,,,,,,,,,,,,,,,,,,,,,,,,,,,,,,,2929,1736.2
1786388880,63.77,63.78,63.765,63.78,63.635,63,,,,,,,,,,,,,,,,,,,,,,,,,,,,,,,,,,,,,,,,,,,,,,,,,,,,1174,1782.85
1786388940,63.77,63.78,63.77,63.775,63.635,63,,,,,,,,,,,,,,,,,,,,,,,,,,,,,,,,,,,,,,,,,,,,,,,,,,,,686,1537.7
1786389000,63.78,63.78,63.77,63.77,63.635,63,,,,,,,,,,,,,,,,,,,,,,,,,,,,,,,,,,,,,,,,,,,,,,,,,,,,1623,1557.95
1786389060,63.78,63.78,63.75,63.75,63.635,63,,,,,,,,,,,,,,,,,,,,,,,,,,,,,,,,,,,,,,,,,,,,,,,,,,,,2296,1621.75
1786389120,63.755,63.76,63.74,63.75,63.635,63,,,,,,,,,,,,,,,,,,,,,,,,,,,,,,,,,,,,,,,,,,,,,,,,,,,,2850,1712.75
1786389180,63.75,63.75,63.74,63.75,63.635,63,,,,,,,,,,,,,,,,,,,,,,,,,,,,,,,,,,,,,,,,,,,,,,,,,,,,7152,1975
1786389240,63.745,63.76,63.74,63.76,63.635,63,,,,,,,,,,,,,,,,,,,,,,,,,,,,,,,,,,,,,,,,,,,,,,,,,,,,316,1928
1786389300,63.75,63.75,63.74,63.745,63.635,63,,,,,,,,,,,,,,,,,,,,,,,,,,,,,,,,,,,,,,,,,,,,,,,,,,,,1679,1962.25
1786389360,63.745,63.745,63.73,63.735,63.635,63,,,,,,,,,,,,,,,,,,,,,,,,,,,,,,,,,,,,,,,,,,,,,,,,,,,,3785,2109.8
1786389420,63.73,63.76,63.73,63.755,63.635,63,,,,,,,,,,,,,,,,,,,,,,,,,,,,,,,,,,,,,,,,,,,,,,,,,,,,4281,2228.4
1786389480,63.76,63.77,63.76,63.76,63.635,63,,,,,,,,,,,,,,,,,,,,,,,,,,,,,,,,,,,,,,,,,,,,,,,,,,,,1199,2195.3
1786389540,63.765,63.765,63.755,63.76,63.635,63,,,,,,,,,,,,,,,,,,,,,,,,,,,,,,,,,,,,,,,,,,,,,,,,,,,,1422,2219.2
1786389600,63.76,63.765,63.76,63.76,63.635,63,,,,,,,,,,,,,,,,,,,,,,,,,,,,,,,,,,,,,,,,,,,,,,,,,,,,690,2085
1786389660,63.755,63.755,63.735,63.74,63.635,63,,,,,,,,,,,,,,,,,,,,,,,,,,,,,,,,,,,,,,,,,,,,,,,,,,,,4082,2187.45
1786389720,63.74,63.745,63.735,63.735,63.635,63,,,,,,,,,,,,,,,,,,,,,,,,,,,,,,,,,,,,,,,,,,,,,,,,,,,,1902,2272.8
1786389780,63.735,63.75,63.72,63.725,63.635,63,,,,,,,,,,,,,,,,,,,,,,,,,,,,,,,,,,,,,,,,,,,,,,,,,,,,2734,2346.8
1786389840,63.725,63.73,63.71,63.73,63.635,63,,,,,,,,,,,,,,,,,,,,,,,,,,,,,,,,,,,,,,,,,,,,,,,,,,,,5775,2530.25
1786389900,63.73,63.73,63.7,63.7,63.635,63,,,,,,,,,,,,,,,,,,,,,,,,,,,,,,,,,,,,,,,,,,,,,,,,,,,,7063,2742.25
1786389960,63.7,63.71,63.695,63.7,63.635,63,,,,,,,,,,,,,,,,,,,,,,,,,,,,,,,,,,,,,,,,,,,,,,,,,,,,3626,2863.2
1786390020,63.7,63.71,63.69,63.71,63.635,63,,,,,,,,,,,,,,,,,,,,,,,,,,,,,,,,,,,,,,,,,,,,,,,,,,,,8240,3128.75
1786390080,63.71,63.71,63.69,63.69,63.635,63,,,,,,,,,,,,,,,,,,,,,,,,,,,,,,,,,,,,,,,,,,,,,,,,,,,,1670,3153.55
1786390140,63.69,63.71,63.69,63.71,63.635,63,,,,,,,,,,,,,,,,,,,,,,,,,,,,,,,,,,,,,,,,,,,,,,,,,,,,2377,3238.1
1786390200,63.705,63.705,63.68,63.69,63.635,63,,,,,,,,,,,,,,,,,,,,,,,,,,,,,,,,,,,,,,,,,,,,,,,,,,,,4200,3366.95
1786390260,63.695,63.71,63.69,63.695,63.635,63,,,,,,,,,,,,,,,,,,,,,,,,,,,,,,,,,,,,,,,,,,,,,,,,,,,,3034,3403.85
1786390320,63.7,63.71,63.7,63.71,63.635,63,,,,,,,,,,,,,,,,,,,,,,,,,,,,,,,,,,,,,,,,,,,,,,,,,,,,2062,3364.45
1786390380,63.705,63.72,63.7,63.72,63.635,63,,,,,,,,,,,,,,,,,,,,,,,,,,,,,,,,,,,,,,,,,,,,,,,,,,,,3503,3182
1786390440,63.72,63.75,63.71,63.74,63.635,63,,,,,,,,,,,,,,,,,,,,,,,,,,,,,,,,,,,,,,,,,,,,,,,,,,,,5294,3430.9
1786390500,63.745,63.76,63.72,63.73,63.635,63,,,,,,,,,,,,,,,,,,,,,,,,,,,,,,,,,,,,,,,,,,,,,,,,,,,,7016,3697.75
1786390560,63.725,63.75,63.725,63.74,63.635,63,,,,,,,,,,,,,,,,,,,,,,,,,,,,,,,,,,,,,,,,,,,,,,,,,,,,1664,3591.7
1786390620,63.75,63.76,63.74,63.755,63.635,63,,,,,,,,,,,,,,,,,,,,,,,,,,,,,,,,,,,,,,,,,,,,,,,,,,,,1962,3475.75
1786390680,63.755,63.76,63.73,63.76,63.635,63,,,,,,,,,,,,,,,,,,,,,,,,,,,,,,,,,,,,,,,,,,,,,,,,,,,,3919,3611.75
1786390740,63.76,63.805,63.75,63.795,63.635,63,,,,,,,,,,,,,,,,,,,,,,,,,,,,,,,,,,,,,,,,,,,,,,,,,,,,8027,3942
1786390800,63.8,63.8,63.78,63.78,63.635,63,,,,,,,,,,,,,,,,,,,,,,,,,,,,,,,,,,,,,,,,,,,,,,,,,,,,2577,4036.35
1786390860,63.785,63.8,63.785,63.79,63.635,63,,,,,,,,,,,,,,,,,,,,,,,,,,,,,,,,,,,,,,,,,,,,,,,,,,,,1565,3910.5
1786390920,63.795,63.805,63.78,63.8,63.635,63,,,,,,,,,,,,,,,,,,,,,,,,,,,,,,,,,,,,,,,,,,,,,,,,,,,,3809,4005.85
1786390980,63.79,63.82,63.79,63.805,63.635,63,,,,,,,,,,,,,,,,,,,,,,,,,,,,,,,,,,,,,,,,,,,,,,,,,,,,5431,4140.7
1786391040,63.805,63.81,63.8,63.81,63.635,63,,,,,,,,,,,,,,,,,,,,,,,,,,,,,,,,,,,,,,,,,,,,,,,,,,,,1361,3920
1786391100,63.81,63.815,63.79,63.8,63.635,63,,,,,,,,,,,,,,,,,,,,,,,,,,,,,,,,,,,,,,,,,,,,,,,,,,,,8309,3982.3
1786391160,63.8,63.81,63.79,63.8,63.635,63,,,,,,,,,,,,,,,,,,,,,,,,,,,,,,,,,,,,,,,,,,,,,,,,,,,,5587,4080.35
1786391220,63.795,63.82,63.795,63.8,63.635,63,,,,,,,,,,,,,,,,,,,,,,,,,,,,,,,,,,,,,,,,,,,,,,,,,,,,3757,3856.2
1786391280,63.8,63.81,63.78,63.78,63.635,63,,,,,,,,,,,,,,,,,,,,,,,,,,,,,,,,,,,,,,,,,,,,,,,,,,,,10431,4294.25
1786391340,63.78,63.84,63.78,63.805,63.635,63,,,,,,,,,,,,,,,,,,,,,,,,,,,,,,,,,,,,,,,,,,,,,,,,,,,,9214,4636.1
1786391400,63.81,63.82,63.79,63.79,63.635,63,,,,,,,,,,,,,,,,,,,,,,,,,,,,,,,,,,,,,,,,,,,,,,,,,,,,9398,4896
1786391460,63.79,63.81,63.79,63.81,63.635,63,,,,,,,,,,,,,,,,,,,,,,,,,,,,,,,,,,,,,,,,,,,,,,,,,,,,5909,5039.75
1786391520,63.81,63.82,63.8,63.81,63.635,63,,,,,,,,,,,,,,,,,,,,,,,,,,,,,,,,,,,,,,,,,,,,,,,,,,,,4033,5138.3
1786391580,63.81,63.81,63.76,63.77,63.635,63,,,,,,,,,,,,,,,,,,,,,,,,,,,,,,,,,,,,,,,,,,,,,,,,,,,,24494,6187.85
1786391640,63.78,63.82,63.78,63.815,63.635,63,,,,,,,,,,,,,,,,,,,,,,,,,,,,,,,,,,,,,,,,,,,,,,,,,,,,5965,6221.4
1786391700,63.82,63.82,63.735,63.745,63.635,63,,,,,,,,,,,,,,,,,,,,,,,,,,,,,,,,,,,,,,,,,,,,,,,,,,,,15010,6621.1
1786391760,63.75,63.75,63.73,63.745,63.635,63,,,,,,,,,,,,,,,,,,,,,,,,,,,,,,,,,,,,,,,,,,,,,,,,,,,,11497,7112.75
1786391820,63.74,63.75,63.71,63.71,63.635,63,,,,,,,,,,,,,,,,,,,,,,,,,,,,,,,,,,,,,,,,,,,,,,,,,,,,18123,7920.8
1786391880,63.715,63.85,63.715,63.85,63.635,63,,,,,,,,,,,,,,,,,,,,,,,,,,,,,,,,,,,,,,,,,,,,,,,,,,,,20641,8756.9
1786391940,63.85,63.9,63.85,63.88,63.635,63,,,1,16,1,1786369740000,63.66,63.635,63,0.634999999999998,0.07862045223687804,0.5340873389883811,0.15708451146716043,1,1786369800000,2,0,,,,0,0,0,0,0,,,,0,0,0,0,0,,,,0,0,0,0,0,,,,0,0,0,0,,-1,16,40799,10395.5
1786455000,63.97,64.02,63.71,63.98,64.02,63.71,,,,,,,,,,,,,,,,,,,,,,,,,,,,,,,,,,,,,,,,,,,,,,,,,,,,23225,11427.9
1786455060,64,64.02,63.93,63.98,64.02,63.71,,,,,,,,,,,,,,,,,,,,,,,,,,,,,,,,,,,,,,,,,,,,,,,,,,,,6299,11664.6
1786455120,63.9,64.04,63.9,64.02,64.04,63.71,,,,,,,,,,,,,,,,,,,,,,,,,,,,,,,,,,,,,,,,,,,,,,,,,,,,5030,11725.65
1786455180,64,64.08,64,64.07,64.08,63.71,,,,,,,,,,,,,,,,,,,,,,,,,,,,,,,,,,,,,,,,,,,,,,,,,,,,8061,11857.15
1786455240,64.08,64.16,64.08,64.15,64.16,63.71,,,,,,,,,,,,,,,,,,,,,,,,,,,,,,,,,,,,,,,,,,,,,,,,,,,,87717,16174.95
1786455300,64.15,64.17,64.11,64.15,64.17,63.71,,,,,,,,,,,,,,,,,,,,,,,,,,,,,,,,,,,,,,,,,,,,,,,,,,,,3898,15954.4
1786455360,64.15,64.2,64.13,64.15,64.2,63.71,,,,,,,,,,,,,,,,,,,,,,,,,,,,,,,,,,,,,,,,,,,,,,,,,,,,10883,16219.2
1786455420,64.14,64.16,64.13,64.14,64.2,63.71,,,,,,,,,,,,,,,,,,,,,,,,,,,,,,,,,,,,,,,,,,,,,,,,,,,,5972,16329.95
1786455480,64.14,64.16,64.12,64.15,64.2,63.71,,,,,,,,,,,,,,,,,,,,,,,,,,,,,,,,,,,,,,,,,,,,,,,,,,,,4410,16028.9
1786455540,64.16,64.16,64.05,64.08,64.2,63.71,,,,,,,,,,,,,,,,,,,,,,,,,,,,,,,,,,,,,,,,,,,,,,,,,,,,10964,16116.4
1786455600,64.09,64.13,64.03,64.04,64.2,63.71,,,,,,,,,,,,,,,,,,,,,,,,,,,,,,,,,,,,,,,,,,,,,,,,,,,,6030,15948
1786455660,64.04,64.04,63.995,64.01,64.2,63.71,,,,,,,,,,,,,,,,,,,,,,,,,,,,,,,,,,,,,,,,,,,,,,,,,,,,1144,15709.75
1786455720,63.99,64.22,63.985,64.19,64.22,63.71,,,,,,,,,,,,,,,,,,,,,,,,,,,,,,,,,,,,,,,,,,,,,,,,,,,,19030,16459.6
1786455780,64.18,64.23,64.18,64.225,64.23,63.71,,,,,,,,,,,,,,,,,,,,,,,,,,,,,,,,,,,,,,,,,,,,,,,,,,,,2654,15367.6
1786455840,64.24,64.25,64.19,64.2,64.25,63.71,,,,,,,,,,,,,,,,,,,,,,,,,,,,,,,,,,,,,,,,,,,,,,,,,,,,1631,15150.9
1786455900,64.18,64.25,64.18,64.22,64.25,63.71,,,,,,,,,,,,,,,,,,,,,,,,,,,,,,,,,,,,,,,,,,,,,,,,,,,,2161,14508.45
1786455960,64.22,64.24,64.19,64.22,64.25,63.71,,,,,,,,,,,,,,,,,,,,,,,,,,,,,,,,,,,,,,,,,,,,,,,,,,,,4704,14168.8
1786456020,64.21,64.26,64.205,64.205,64.25,63.71,,,,,,,,,,,,,,,,,,,,,,,,,,,,,,,,,,,,,,,,,,,,,,,,,,,,4522,13488.75
1786456080,64.21,64.22,64.19,64.19,64.25,63.71,,,,,,,,,,,,,,,,,,,,,,,,,,,,,,,,,,,,,,,,,,,,,,,,,,,,2737,12593.55
1786456140,64.19,64.24,64.18,64.23,64.25,63.71,,,,,,,,,,,,,,,,,,,,,,,,,,,,,,,,,,,,,,,,,,,,,,,,,,,,2060,10656.6
1786456200,64.23,64.25,64.195,64.2,64.25,63.71,,,,,,,,,,,,,,,,,,,,,,,,,,,,,,,,,,,,,,,,,,,,,,,,,,,,3724,9681.55
1786456260,64.21,64.22,64.19,64.22,64.25,63.71,,,,,,,,,,,,,,,,,,,,,,,,,,,,,,,,,,,,,,,,,,,,,,,,,,,,2824,9507.8
1786456320,64.22,64.225,64.19,64.21,64.25,63.71,,,,,,,,,,,,,,,,,,,,,,,,,,,,,,,,,,,,,,,,,,,,,,,,,,,,1939,9353.25
1786456380,64.205,64.25,64.2,64.235,64.25,63.71,,,,,,,,,,,,,,,,,,,,,,,,,,,,,,,,,,,,,,,,,,,,,,,,,,,,22915,10095.95
1786456440,64.23,64.265,64.22,64.26,64.25,63.71,,,,,,,,,,,,,,,,,,,,,,,,,,,,,,,,,,,,,,,,,,,,,,,,,,,,5737,5996.95
1786456500,64.255,64.26,64.2,64.2,64.25,63.71,,,,,,,,,,,,,,,,,,,,,,,,,,,,,,,,,,,,,,,,,,,,,,,,,,,,4120,6008.05
1786456560,64.2,64.22,64.18,64.21,64.25,63.71,,,,,,,,,,,,,,,,,,,,,,,,,,,,,,,,,,,,,,,,,,,,,,,,,,,,3755,5651.65
1786456620,64.22,64.25,64.18,64.25,64.25,63.71,,,,,,,,,,,,,,,,,,,,,,,,,,,,,,,,,,,,,,,,,,,,,,,,,,,,6772,5691.65
1786456680,64.25,64.25,64.19,64.19,64.25,63.71,,,,,,,,,,,,,,,,,,,,,,,,,,,,,,,,,,,,,,,,,,,,,,,,,,,,1751,5558.7
1786456740,64.18,64.18,64.14,64.14,64.25,63.71,,,,,,,,,,,,,,,,,,,,,,,,,,,,,,,,,,,,,,,,,,,,,,,,,,,,6359,5328.45
1786456800,64.14,64.17,64.14,64.16,64.25,63.71,,,,,,,,,,,,,,,,,,,,,,,,,,,,,,,,,,,,,,,,,,,,,,,,,,,,5584,5306.15
1786456860,64.15,64.15,64.085,64.085,64.25,63.71,,,,,,,,,,,,,,,,,,,,,,,,,,,,,,,,,,,,,,,,,,,,,,,,,,,,4490,5473.45
1786456920,64.09,64.125,64.08,64.12,64.25,63.71,,,,,,,,,,,,,,,,,,,,,,,,,,,,,,,,,,,,,,,,,,,,,,,,,,,,3940,4718.95
1786456980,64.12,64.125,64.1,64.1,64.25,63.71,,,,,,,,,,,,,,,,,,,,,,,,,,,,,,,,,,,,,,,,,,,,,,,,,,,,4010,4786.75
1786457040,64.09,64.105,64.06,64.09,64.25,63.71,,,,,,,,,,,,,,,,,,,,,,,,,,,,,,,,,,,,,,,,,,,,,,,,,,,,4702,4940.3
1786457100,64.09,64.1,64.06,64.075,64.25,63.71,,,,,,,,,,,,,,,,,,,,,,,,,,,,,,,,,,,,,,,,,,,,,,,,,,,,6711,5167.8
1786457160,64.06,64.06,63.92,63.92,64.25,63.71,,,,,,,,,,,,,,,,,,,,,,,,,,,,,,,,,,,,,,,,,,,,,,,,,,,,8179,5341.55
1786457220,63.92,63.93,63.86,63.9,64.25,63.71,,,,,,,,,,,,,,,,,,,,,,,,,,,,,,,,,,,,,,,,,,,,,,,,,,,,10167,5623.8
1786457280,63.91,63.95,63.9,63.94,64.25,63.71,,,,,,,,,,,,,,,,,,,,,,,,,,,,,,,,,,,,,,,,,,,,,,,,,,,,2312,5602.55
1786457340,63.94,63.97,63.925,63.945,64.25,63.71,,,,,,,,,,,,,,,,,,,,,,,,,,,,,,,,,,,,,,,,,,,,,,,,,,,,1225,5560.8
1786457400,63.93,63.93,63.86,63.87,64.25,63.71,,,,,,,,,,,,,,,,,,,,,,,,,,,,,,,,,,,,,,,,,,,,,,,,,,,,2274,5488.3
1786457460,63.86,63.865,63.8,63.805,64.25,63.71,,,,,,,,,,,,,,,,,,,,,,,,,,,,,,,,,,,,,,,,,,,,,,,,,,,,8494,5771.8
1786457520,63.81,63.875,63.81,63.86,64.25,63.71,,,,,,,,,,,,,,,,,,,,,,,,,,,,,,,,,,,,,,,,,,,,,,,,,,,,5270,5938.35
1786457580,63.87,63.925,63.86,63.92,64.25,63.71,,,,,,,,,,,,,,,,,,,,,,,,,,,,,,,,,,,,,,,,,,,,,,,,,,,,8620,5223.6
1786457640,63.93,63.96,63.9,63.94,64.25,63.71,,,,,,,,,,,,,,,,,,,,,,,,,,,,,,,,,,,,,,,,,,,,,,,,,,,,7088,5291.15
1786457700,63.93,63.95,63.905,63.915,64.25,63.71,,,,,,,,,,,,,,,,,,,,,,,,,,,,,,,,,,,,,,,,,,,,,,,,,,,,6153,5392.8
1786457760,63.915,63.92,63.845,63.885,64.25,63.71,,,,,,,,,,,,,,,,,,,,,,,,,,,,,,,,,,,,,,,,,,,,,,,,,,,,5816,5495.85
1786457820,63.88,63.88,63.835,63.84,64.25,63.71,,,,,,,,,,,,,,,,,,,,,,,,,,,,,,,,,,,,,,,,,,,,,,,,,,,,448,5179.65
1786457880,63.84,63.845,63.815,63.845,64.25,63.71,,,,,,,,,,,,,,,,,,,,,,,,,,,,,,,,,,,,,,,,,,,,,,,,,,,,1307,5157.45
1786457940,63.85,63.87,63.85,63.865,64.25,63.71,,,,,,,,,,,,,,,,,,,,,,,,,,,,,,,,,,,,,,,,,,,,,,,,,,,,2912,4985.1
1786458000,63.87,63.89,63.86,63.885,64.25,63.71,,,,,,,,,,,,,,,,,,,,,,,,,,,,,,,,,,,,,,,,,,,,,,,,,,,,1989,4805.35
1786458060,63.84,63.85,63.82,63.82,64.25,63.71,,,,,,,,,,,,,,,,,,,,,,,,,,,,,,,,,,,,,,,,,,,,,,,,,,,,1539,4657.8
1786458120,63.795,63.82,63.78,63.78,64.25,63.71,,,,,,,,,,,,,,,,,,,,,,,,,,,,,,,,,,,,,,,,,,,,,,,,,,,,2080,4564.8
1786458180,63.78,63.8,63.77,63.77,64.25,63.71,,,,,,,,,,,,,,,,,,,,,,,,,,,,,,,,,,,,,,,,,,,,,,,,,,,,1219,4425.25
1786458240,63.78,63.82,63.775,63.82,64.25,63.71,,,,,,,,,,,,,,,,,,,,,,,,,,,,,,,,,,,,,,,,,,,,,,,,,,,,2463,4313.3
1786458300,63.82,63.825,63.805,63.81,64.25,63.71,,,,,,,,,,,,,,,,,,,,,,,,,,,,,,,,,,,,,,,,,,,,,,,,,,,,1524,4053.95
1786458360,63.82,63.87,63.82,63.865,64.25,63.71,,,,,,,,,,,,,,,,,,,,,,,,,,,,,,,,,,,,,,,,,,,,,,,,,,,,1039,3696.95
1786458420,63.87,63.87,63.83,63.85,64.25,63.71,,,,,,,,,,,,,,,,,,,,,,,,,,,,,,,,,,,,,,,,,,,,,,,,,,,,703,3223.75
1786458480,63.85,63.88,63.84,63.88,64.25,63.71,,,,,,,,,,,,,,,,,,,,,,,,,,,,,,,,,,,,,,,,,,,,,,,,,,,,977,3157
1786458540,63.88,63.9,63.88,63.9,64.25,63.71,,,,,,,,,,,,,,,,,,,,,,,,,,,,,,,,,,,,,,,,,,,,,,,,,,,,987,3145.1
1786458600,63.91,63.915,63.87,63.9,64.25,63.71,,,,,,,,,,,,,,,,,,,,,,,,,,,,,,,,,,,,,,,,,,,,,,,,,,,,3176,3190.2
1786458660,63.905,63.92,63.88,63.885,64.25,63.71,,,,,,,,,,,,,,,,,,,,,,,,,,,,,,,,,,,,,,,,,,,,,,,,,,,,2055,2868.25
1786458720,63.885,63.885,63.78,63.785,64.25,63.71,,,,,,,,,,,,,,,,,,,,,,,,,,,,,,,,,,,,,,,,,,,,,,,,,,,,3149,2762.2
1786458780,63.78,63.81,63.78,63.795,64.25,63.71,,,,,,,,,,,,,,,,,,,,,,,,,,,,,,,,,,,,,,,,,,,,,,,,,,,,1525,2407.45
1786458840,63.79,63.795,63.74,63.755,64.25,63.71,,,,,,,,,,,,,,,,,,,,,,,,,,,,,,,,,,,,,,,,,,,,,,,,,,,,2095,2157.8
1786458900,63.76,63.87,63.76,63.87,64.25,63.71,,,,,,,,,,,,,,,,,,,,,,,,,,,,,,,,,,,,,,,,,,,,,,,,,,,,5437,2122
1786458960,63.87,63.87,63.835,63.86,64.25,63.71,,,,,,,,,,,,,,,,,,,,,,,,,,,,,,,,,,,,,,,,,,,,,,,,,,,,4345,2048.45
1786459020,63.85,63.85,63.82,63.82,64.25,63.71,,,,,,,,,,,,,,,,,,,,,,,,,,,,,,,,,,,,,,,,,,,,,,,,,,,,2932,2172.65
1786459080,63.81,63.81,63.77,63.8,64.25,63.71,,,,,,,,,,,,,,,,,,,,,,,,,,,,,,,,,,,,,,,,,,,,,,,,,,,,3636,2289.1
1786459140,63.805,63.805,63.78,63.78,64.25,63.71,,,,,,,,,,,,,,,,,,,,,,,,,,,,,,,,,,,,,,,,,,,,,,,,,,,,3321,2309.55
1786459200,63.78,63.81,63.76,63.81,64.25,63.71,,,,,,,,,,,,,,,,,,,,,,,,,,,,,,,,,,,,,,,,,,,,,,,,,,,,5762,2498.2
1786459260,63.8,63.8,63.78,63.8,64.25,63.71,,,,,,,,,,,,,,,,,,,,,,,,,,,,,,,,,,,,,,,,,,,,,,,,,,,,2966,2569.55
1786459320,63.8,63.81,63.77,63.79,64.25,63.71,,,,,,,,,,,,,,,,,,,,,,,,,,,,,,,,,,,,,,,,,,,,,,,,,,,,2553,2593.2
1786459380,63.795,63.8,63.79,63.8,64.25,63.71,,,,,,,,,,,,,,,,,,,,,,,,,,,,,,,,,,,,,,,,,,,,,,,,,,,,844,2574.45
1786459440,63.8,63.83,63.795,63.805,64.25,63.71,,,,,,,,,,,,,,,,,,,,,,,,,,,,,,,,,,,,,,,,,,,,,,,,,,,,3804,2641.5
1786459500,63.81,63.835,63.81,63.825,64.25,63.71,,,,,,,,,,,,,,,,,,,,,,,,,,,,,,,,,,,,,,,,,,,,,,,,,,,,2552,2692.9
1786459560,63.825,63.83,63.8,63.83,64.25,63.71,,,,,,,,,,,,,,,,,,,,,,,,,,,,,,,,,,,,,,,,,,,,,,,,,,,,1870,2734.45
1786459620,63.83,63.855,63.81,63.85,64.25,63.71,,,,,,,,,,,,,,,,,,,,,,,,,,,,,,,,,,,,,,,,,,,,,,,,,,,,2207,2809.65
1786459680,63.86,63.905,63.86,63.895,64.25,63.71,,,,,,,,,,,,,,,,,,,,,,,,,,,,,,,,,,,,,,,,,,,,,,,,,,,,2959,2908.75
1786459740,63.89,63.89,63.87,63.89,64.25,63.71,,,,,,,,,,,,,,,,,,,,,,,,,,,,,,,,,,,,,,,,,,,,,,,,,,,,963,2907.55
1786459800,63.9,63.91,63.84,63.84,64.25,63.71,,,,,,,,,,,,,,,,,,,,,,,,,,,,,,,,,,,,,,,,,,,,,,,,,,,,3355,2916.5
1786459860,63.845,63.87,63.84,63.86,64.25,63.71,,,,,,,,,,,,,,,,,,,,,,,,,,,,,,,,,,,,,,,,,,,,,,,,,,,,1100,2868.75
1786459920,63.86,63.88,63.86,63.87,64.25,63.71,,,,,,,,,,,,,,,,,,,,,,,,,,,,,,,,,,,,,,,,,,,,,,,,,,,,539,2738.25
1786459980,63.87,63.87,63.85,63.85,64.25,63.71,,,,,,,,,,,,,,,,,,,,,,,,,,,,,,,,,,,,,,,,,,,,,,,,,,,,676,2695.8
1786460040,63.86,63.91,63.86,63.9,64.25,63.71,,,,,,,,,,,,,,,,,,,,,,,,,,,,,,,,,,,,,,,,,,,,,,,,,,,,2584,2720.25
1786460100,63.89,63.915,63.89,63.915,64.25,63.71,,,,,,,,,,,,,,,,,,,,,,,,,,,,,,,,,,,,,,,,,,,,,,,,,,,,5278,2712.3
1786460160,63.915,63.92,63.895,63.9,64.25,63.71,,,,,,,,,,,,,,,,,,,,,,,,,,,,,,,,,,,,,,,,,,,,,,,,,,,,4972,2743.65
1786460220,63.905,63.925,63.9,63.915,64.25,63.71,,,,,,,,,,,,,,,,,,,,,,,,,,,,,,,,,,,,,,,,,,,,,,,,,,,,3279,2761
1786460280,63.92,63.94,63.92,63.94,64.25,63.71,,,,,,,,,,,,,,,,,,,,,,,,,,,,,,,,,,,,,,,,,,,,,,,,,,,,2277,2693.05
1786460340,63.94,63.955,63.92,63.92,64.25,63.71,,,,,,,,,,,,,,,,,,,,,,,,,,,,,,,,,,,,,,,,,,,,,,,,,,,,1791,2616.55
1786460400,63.92,63.95,63.92,63.94,64.25,63.71,,,,,,,,,,,,,,,,,,,,,,,,,,,,,,,,,,,,,,,,,,,,,,,,,,,,1707,2413.8
1786460460,63.94,63.95,63.92,63.95,64.25,63.71,,,,,,,,,,,,,,,,,,,,,,,,,,,,,,,,,,,,,,,,,,,,,,,,,,,,3727,2451.85
1786460520,63.94,63.95,63.94,63.95,64.25,63.71,,,,,,,,,,,,,,,,,,,,,,,,,,,,,,,,,,,,,,,,,,,,,,,,,,,,1248,2386.6
1786460580,63.93,63.95,63.92,63.93,64.25,63.71,,,,,,,,,,,,,,,,,,,,,,,,,,,,,,,,,,,,,,,,,,,,,,,,,,,,4062,2547.5
1786460640,63.93,63.97,63.92,63.97,64.25,63.71,,,,,,,,,,,,,,,,,,,,,,,,,,,,,,,,,,,,,,,,,,,,,,,,,,,,2930,2503.8
1786460700,63.96,63.97,63.935,63.965,64.25,63.71,,,,,,,,,,,,,,,,,,,,,,,,,,,,,,,,,,,,,,,,,,,,,,,,,,,,1465,2449.45
1786460760,63.97,63.98,63.95,63.955,64.25,63.71,,,,,,,,,,,,,,,,,,,,,,,,,,,,,,,,,,,,,,,,,,,,,,,,,,,,3322,2522.05
1786460820,63.95,63.985,63.945,63.97,64.25,63.71,,,,,,,,,,,,,,,,,,,,,,,,,,,,,,,,,,,,,,,,,,,,,,,,,,,,2960,2559.7
1786460880,63.965,63.98,63.96,63.97,64.25,63.71,,,,,,,,,,,,,,,,,,,,,,,,,,,,,,,,,,,,,,,,,,,,,,,,,,,,1963,2509.9
1786460940,63.96,63.975,63.95,63.96,64.25,63.71,,,,,,,,,,,,,,,,,,,,,,,,,,,,,,,,,,,,,,,,,,,,,,,,,,,,2423,2582.9
1786461000,63.95,63.95,63.91,63.91,64.25,63.71,,,,,,,,,,,,,,,,,,,,,,,,,,,,,,,,,,,,,,,,,,,,,,,,,,,,1661,2498.2
1786461060,63.915,63.92,63.905,63.92,64.25,63.71,,,,,,,,,,,,,,,,,,,,,,,,,,,,,,,,,,,,,,,,,,,,,,,,,,,,1355,2510.95
1786461120,63.92,63.965,63.92,63.95,64.25,63.71,,,,,,,,,,,,,,,,,,,,,,,,,,,,,,,,,,,,,,,,,,,,,,,,,,,,1767,2572.35
1786461180,63.96,63.97,63.95,63.96,64.25,63.71,,,,,,,,,,,,,,,,,,,,,,,,,,,,,,,,,,,,,,,,,,,,,,,,,,,,2075,2642.3
1786461240,63.97,63.98,63.96,63.98,64.25,63.71,,,,,,,,,,,,,,,,,,,,,,,,,,,,,,,,,,,,,,,,,,,,,,,,,,,,1530,2589.6
1786461300,63.97,63.97,63.96,63.96,64.25,63.71,,,,,,,,,,,,,,,,,,,,,,,,,,,,,,,,,,,,,,,,,,,,,,,,,,,,2582,2454.8
1786461360,63.955,63.96,63.94,63.94,64.25,63.71,,,,,,,,,,,,,,,,,,,,,,,,,,,,,,,,,,,,,,,,,,,,,,,,,,,,1390,2275.7
1786461420,63.935,63.94,63.925,63.94,64.25,63.71,,,,,,,,,,,,,,,,,,,,,,,,,,,,,,,,,,,,,,,,,,,,,,,,,,,,1230,2173.25
1786461480,63.92,63.92,63.88,63.89,64.25,63.71,,,,,,,,,,,,,,,,,,,,,,,,,,,,,,,,,,,,,,,,,,,,,,,,,,,,1134,2116.1
1786461540,63.89,63.91,63.88,63.88,64.25,63.71,,,,,,,,,,,,,,,,,,,,,,,,,,,,,,,,,,,,,,,,,,,,,,,,,,,,2251,2139.1
1786461600,63.87,63.88,63.865,63.88,64.25,63.71,,,,,,,,,,,,,,,,,,,,,,,,,,,,,,,,,,,,,,,,,,,,,,,,,,,,1082,2107.85
1786461660,63.89,63.9,63.88,63.885,64.25,63.71,,,,,,,,,,,,,,,,,,,,,,,,,,,,,,,,,,,,,,,,,,,,,,,,,,,,2499,2046.45
1786461720,63.89,63.89,63.88,63.88,64.25,63.71,,,,,,,,,,,,,,,,,,,,,,,,,,,,,,,,,,,,,,,,,,,,,,,,,,,,739,2021
1786461780,63.88,63.89,63.87,63.88,64.25,63.71,,,,,,,,,,,,,,,,,,,,,,,,,,,,,,,,,,,,,,,,,,,,,,,,,,,,1669,1901.35
1786461840,63.88,63.92,63.88,63.895,64.25,63.71,,,,,,,,,,,,,,,,,,,,,,,,,,,,,,,,,,,,,,,,,,,,,,,,,,,,1754,1842.55
1786461900,63.9,63.93,63.9,63.92,64.25,63.71,,,,,,,,,,,,,,,,,,,,,,,,,,,,,,,,,,,,,,,,,,,,,,,,,,,,923,1815.45
1786461960,63.91,63.91,63.89,63.9,64.25,63.71,,,,,,,,,,,,,,,,,,,,,,,,,,,,,,,,,,,,,,,,,,,,,,,,,,,,1077,1703.2
1786462020,63.91,63.91,63.885,63.89,64.25,63.71,,,,,,,,,,,,,,,,,,,,,,,,,,,,,,,,,,,,,,,,,,,,,,,,,,,,2509,1680.65
1786462080,63.89,63.905,63.88,63.89,64.25,63.71,,,,,,,,,,,,,,,,,,,,,,,,,,,,,,,,,,,,,,,,,,,,,,,,,,,,933,1629.15
1786462140,63.885,63.89,63.875,63.875,64.25,63.71,,,,,,,,,,,,,,,,,,,,,,,,,,,,,,,,,,,,,,,,,,,,,,,,,,,,1259,1570.95
1786462200,63.875,63.875,63.86,63.86,64.25,63.71,,,,,,,,,,,,,,,,,,,,,,,,,,,,,,,,,,,,,,,,,,,,,,,,,,,,356,1505.7
1786462260,63.86,63.865,63.83,63.855,64.25,63.71,,,,,,,,,,,,,,,,,,,,,,,,,,,,,,,,,,,,,,,,,,,,,,,,,,,,2892,1582.55
1786462320,63.86,63.87,63.85,63.855,64.25,63.71,,,,,,,,,,,,,,,,,,,,,,,,,,,,,,,,,,,,,,,,,,,,,,,,,,,,2012,1594.8
1786462380,63.85,63.875,63.845,63.87,64.25,63.71,,,,,,,,,,,,,,,,,,,,,,,,,,,,,,,,,,,,,,,,,,,,,,,,,,,,3154,1648.75
1786462440,63.86,63.885,63.85,63.87,64.25,63.71,,,,,,,,,,,,,,,,,,,,,,,,,,,,,,,,,,,,,,,,,,,,,,,,,,,,2410,1692.75
1786462500,63.87,63.875,63.86,63.86,64.25,63.71,,,,,,,,,,,,,,,,,,,,,,,,,,,,,,,,,,,,,,,,,,,,,,,,,,,,1457,1636.5
1786462560,63.85,63.85,63.85,63.85,64.25,63.71,,,,,,,,,,,,,,,,,,,,,,,,,,,,,,,,,,,,,,,,,,,,,,,,,,,,701,1602.05
1786462620,63.85,63.85,63.81,63.81,64.25,63.71,,,,,,,,,,,,,,,,,,,,,,,,,,,,,,,,,,,,,,,,,,,,,,,,,,,,1085,1594.8
1786462680,63.81,63.835,63.81,63.835,64.25,63.71,,,,,,,,,,,,,,,,,,,,,,,,,,,,,,,,,,,,,,,,,,,,,,,,,,,,723,1574.25
1786462740,63.835,63.85,63.83,63.83,64.25,63.71,,,,,,,,,,,,,,,,,,,,,,,,,,,,,,,,,,,,,,,,,,,,,,,,,,,,744,1498.9
1786462800,63.83,63.84,63.82,63.835,64.25,63.71,,,,,,,,,,,,,,,,,,,,,,,,,,,,,,,,,,,,,,,,,,,,,,,,,,,,634,1476.5
1786462860,63.83,63.85,63.83,63.85,64.25,63.71,,,,,,,,,,,,,,,,,,,,,,,,,,,,,,,,,,,,,,,,,,,,,,,,,,,,426,1372.85
1786462920,63.86,63.86,63.83,63.83,64.25,63.71,,,,,,,,,,,,,,,,,,,,,,,,,,,,,,,,,,,,,,,,,,,,,,,,,,,,894,1380.6
1786462980,63.83,63.85,63.83,63.85,64.25,63.71,,,,,,,,,,,,,,,,,,,,,,,,,,,,,,,,,,,,,,,,,,,,,,,,,,,,1060,1350.15
1786463040,63.845,63.845,63.835,63.835,64.25,63.71,,,,,,,,,,,,,,,,,,,,,,,,,,,,,,,,,,,,,,,,,,,,,,,,,,,,566,1290.75
1786463100,63.83,63.86,63.83,63.86,64.25,63.71,,,,,,,,,,,,,,,,,,,,,,,,,,,,,,,,,,,,,,,,,,,,,,,,,,,,1104,1299.8
1786463160,63.855,63.87,63.855,63.87,64.25,63.71,,,,,,,,,,,,,,,,,,,,,,,,,,,,,,,,,,,,,,,,,,,,,,,,,,,,1240,1307.95
1786463220,63.86,63.87,63.86,63.86,64.25,63.71,,,,,,,,,,,,,,,,,,,,,,,,,,,,,,,,,,,,,,,,,,,,,,,,,,,,991,1232.05
1786463280,63.86,63.87,63.86,63.86,64.25,63.71,,,,,,,,,,,,,,,,,,,,,,,,,,,,,,,,,,,,,,,,,,,,,,,,,,,,1963,1283.55
1786463340,63.87,63.895,63.87,63.885,64.25,63.71,,,,,,,,,,,,,,,,,,,,,,,,,,,,,,,,,,,,,,,,,,,,,,,,,,,,1747,1307.95
1786463400,63.885,63.885,63.87,63.88,64.25,63.71,,,,,,,,,,,,,,,,,,,,,,,,,,,,,,,,,,,,,,,,,,,,,,,,,,,,1291,1354.7
1786463460,63.875,63.875,63.835,63.835,64.25,63.71,,,,,,,,,,,,,,,,,,,,,,,,,,,,,,,,,,,,,,,,,,,,,,,,,,,,1471,1283.65
1786463520,63.84,63.845,63.83,63.845,64.25,63.71,,,,,,,,,,,,,,,,,,,,,,,,,,,,,,,,,,,,,,,,,,,,,,,,,,,,1306,1248.35
1786463580,63.84,63.88,63.84,63.86,64.25,63.71,,,,,,,,,,,,,,,,,,,,,,,,,,,,,,,,,,,,,,,,,,,,,,,,,,,,4245,1302.9
1786463640,63.86,63.86,63.84,63.85,64.25,63.71,,,,,,,,,,,,,,,,,,,,,,,,,,,,,,,,,,,,,,,,,,,,,,,,,,,,902,1227.5
1786463700,63.865,63.865,63.85,63.85,64.25,63.71,,,,,,,,,,,,,,,,,,,,,,,,,,,,,,,,,,,,,,,,,,,,,,,,,,,,915,1200.4
1786463760,63.855,63.885,63.85,63.885,64.25,63.71,,,,,,,,,,,,,,,,,,,,,,,,,,,,,,,,,,,,,,,,,,,,,,,,,,,,768,1203.75
1786463820,63.88,63.905,63.88,63.905,64.25,63.71,,,,,,,,,,,,,,,,,,,,,,,,,,,,,,,,,,,,,,,,,,,,,,,,,,,,3019,1300.45
1786463880,63.9,63.91,63.89,63.91,64.25,63.71,,,,,,,,,,,,,,,,,,,,,,,,,,,,,,,,,,,,,,,,,,,,,,,,,,,,2121,1370.35
1786463940,63.905,63.91,63.89,63.91,64.25,63.71,,,,,,,,,,,,,,,,,,,,,,,,,,,,,,,,,,,,,,,,,,,,,,,,,,,,2287,1447.5
1786464000,63.91,63.92,63.91,63.92,64.25,63.71,,,,,,,,,,,,,,,,,,,,,,,,,,,,,,,,,,,,,,,,,,,,,,,,,,,,250,1428.3
1786464060,63.93,63.93,63.905,63.915,64.25,63.71,,,,,,,,,,,,,,,,,,,,,,,,,,,,,,,,,,,,,,,,,,,,,,,,,,,,2509,1532.45
1786464120,63.91,63.93,63.91,63.925,64.25,63.71,,,,,,,,,,,,,,,,,,,,,,,,,,,,,,,,,,,,,,,,,,,,,,,,,,,,679,1521.7
1786464180,63.92,63.92,63.885,63.885,64.25,63.71,,,,,,,,,,,,,,,,,,,,,,,,,,,,,,,,,,,,,,,,,,,,,,,,,,,,3843,1660.85
1786464240,63.885,63.885,63.875,63.875,64.25,63.71,,,,,,,,,,,,,,,,,,,,,,,,,,,,,,,,,,,,,,,,,,,,,,,,,,,,5288,1896.95
1786464300,63.87,63.88,63.855,63.875,64.25,63.71,,,,,,,,,,,,,,,,,,,,,,,,,,,,,,,,,,,,,,,,,,,,,,,,,,,,1204,1901.95
1786464360,63.9,63.91,63.9,63.905,64.25,63.71,,,,,,,,,,,,,,,,,,,,,,,,,,,,,,,,,,,,,,,,,,,,,,,,,,,,382,1859.05
1786464420,63.905,63.905,63.89,63.89,64.25,63.71,,,,,,,,,,,,,,,,,,,,,,,,,,,,,,,,,,,,,,,,,,,,,,,,,,,,1655,1892.25
1786464480,63.89,63.89,63.89,63.89,64.25,63.71,,,,,,,,,,,,,,,,,,,,,,,,,,,,,,,,,,,,,,,,,,,,,,,,,,,,100,1799.1
1786464540,63.9,63.9,63.89,63.9,64.25,63.71,,,,,,,,,,,,,,,,,,,,,,,,,,,,,,,,,,,,,,,,,,,,,,,,,,,,248,1724.15
1786464600,63.905,63.91,63.89,63.89,64.25,63.71,,,,,,,,,,,,,,,,,,,,,,,,,,,,,,,,,,,,,,,,,,,,,,,,,,,,669,1693.05
1786464660,63.89,63.915,63.89,63.905,64.25,63.71,,,,,,,,,,,,,,,,,,,,,,,,,,,,,,,,,,,,,,,,,,,,,,,,,,,,1394,1689.2
1786464720,63.89,63.895,63.89,63.895,64.25,63.71,,,,,,,,,,,,,,,,,,,,,,,,,,,,,,,,,,,,,,,,,,,,,,,,,,,,1179,1682.85
1786464780,63.89,63.9,63.89,63.9,64.25,63.71,,,,,,,,,,,,,,,,,,,,,,,,,,,,,,,,,,,,,,,,,,,,,,,,,,,,712,1506.2
1786464840,63.895,63.9,63.89,63.9,64.25,63.71,,,,,,,,,,,,,,,,,,,,,,,,,,,,,,,,,,,,,,,,,,,,,,,,,,,,848,1503.5
1786464900,63.9,63.94,63.9,63.94,64.25,63.71,,,,,,,,,,,,,,,,,,,,,,,,,,,,,,,,,,,,,,,,,,,,,,,,,,,,2264,1570.95
1786464960,63.94,63.97,63.93,63.955,64.25,63.71,,,,,,,,,,,,,,,,,,,,,,,,,,,,,,,,,,,,,,,,,,,,,,,,,,,,5061,1785.6
1786465020,63.96,64.015,63.96,64.015,64.25,63.71,,,,,,,,,,,,,,,,,,,,,,,,,,,,,,,,,,,,,,,,,,,,,,,,,,,,7052,1987.25
1786465080,64.02,64.03,64.015,64.02,64.25,63.71,,,,,,,,,,,,,,,,,,,,,,,,,,,,,,,,,,,,,,,,,,,,,,,,,,,,1770,1969.7
1786465140,64.03,64.045,64.02,64.04,64.25,63.71,,,,,,,,,,,,,,,,,,,,,,,,,,,,,,,,,,,,,,,,,,,,,,,,,,,,355,1873.1
1786465200,64.045,64.075,64.045,64.075,64.25,63.71,,,,,,,,,,,,,,,,,,,,,,,,,,,,,,,,,,,,,,,,,,,,,,,,,,,,1305,1925.85
1786465260,64.08,64.09,64.075,64.09,64.25,63.71,,,,,,,,,,,,,,,,,,,,,,,,,,,,,,,,,,,,,,,,,,,,,,,,,,,,1501,1875.45
1786465320,64.085,64.09,64.07,64.09,64.25,63.71,,,,,,,,,,,,,,,,,,,,,,,,,,,,,,,,,,,,,,,,,,,,,,,,,,,,718,1877.4
1786465380,64.09,64.09,64.05,64.06,64.25,63.71,,,,,,,,,,,,,,,,,,,,,,,,,,,,,,,,,,,,,,,,,,,,,,,,,,,,8987,2134.6
1786465440,64.07,64.075,64.03,64.04,64.25,63.71,,,,,,,,,,,,,,,,,,,,,,,,,,,,,,,,,,,,,,,,,,,,,,,,,,,,7654,2252.9
1786465500,64.04,64.05,64.03,64.045,64.25,63.71,,,,,,,,,,,,,,,,,,,,,,,,,,,,,,,,,,,,,,,,,,,,,,,,,,,,2910,2338.2
1786465560,64.05,64.06,64.04,64.06,64.25,63.71,,,,,,,,,,,,,,,,,,,,,,,,,,,,,,,,,,,,,,,,,,,,,,,,,,,,2697,2453.95
1786465620,64.06,64.08,64.06,64.07,64.25,63.71,,,,,,,,,,,,,,,,,,,,,,,,,,,,,,,,,,,,,,,,,,,,,,,,,,,,390,2390.7
1786465680,64.08,64.09,64.065,64.065,64.25,63.71,,,,,,,,,,,,,,,,,,,,,,,,,,,,,,,,,,,,,,,,,,,,,,,,,,,,2856,2528.5
1786465740,64.07,64.07,64.05,64.06,64.25,63.71,,,,,,,,,,,,,,,,,,,,,,,,,,,,,,,,,,,,,,,,,,,,,,,,,,,,5758,2804
1786465800,64.06,64.06,64.045,64.045,64.25,63.71,,,,,,,,,,,,,,,,,,,,,,,,,,,,,,,,,,,,,,,,,,,,,,,,,,,,1480,2844.55
1786465860,64.04,64.04,64.03,64.03,64.25,63.71,,,,,,,,,,,,,,,,,,,,,,,,,,,,,,,,,,,,,,,,,,,,,,,,,,,,400,2794.85
1786465920,64.035,64.04,64.03,64.03,64.25,63.71,,,,,,,,,,,,,,,,,,,,,,,,,,,,,,,,,,,,,,,,,,,,,,,,,,,,722,2772
1786465980,64.025,64.06,64.02,64.06,64.25,63.71,,,,,,,,,,,,,,,,,,,,,,,,,,,,,,,,,,,,,,,,,,,,,,,,,,,,567,2764.75
1786466040,64.05,64.065,64.05,64.06,64.25,63.71,,,,,,,,,,,,,,,,,,,,,,,,,,,,,,,,,,,,,,,,,,,,,,,,,,,,1493,2797
1786466100,64.06,64.06,64.06,64.06,64.25,63.71,,,,,,,,,,,,,,,,,,,,,,,,,,,,,,,,,,,,,,,,,,,,,,,,,,,,50,2686.3
1786466160,64.07,64.08,64.07,64.08,64.25,63.71,,,,,,,,,,,,,,,,,,,,,,,,,,,,,,,,,,,,,,,,,,,,,,,,,,,,847,2475.6
1786466220,64.09,64.09,64.09,64.09,64.25,63.71,,,,,,,,,,,,,,,,,,,,,,,,,,,,,,,,,,,,,,,,,,,,,,,,,,,,154,2130.7
1786466280,64.09,64.11,64.085,64.1,64.25,63.71,,,,,,,,,,,,,,,,,,,,,,,,,,,,,,,,,,,,,,,,,,,,,,,,,,,,1234,2103.9
1786466340,64.11,64.13,64.11,64.13,64.25,63.71,,,,,,,,,,,,,,,,,,,,,,,,,,,,,,,,,,,,,,,,,,,,,,,,,,,,2172,2194.75
1786466400,64.12,64.12,64.11,64.12,64.25,63.71,,,,,,,,,,,,,,,,,,,,,,,,,,,,,,,,,,,,,,,,,,,,,,,,,,,,859,2172.45
1786466460,64.12,64.125,64.12,64.125,64.25,63.71,,,,,,,,,,,,,,,,,,,,,,,,,,,,,,,,,,,,,,,,,,,,,,,,,,,,101,2102.45
1786466520,64.13,64.13,64.125,64.13,64.25,63.71,,,,,,,,,,,,,,,,,,,,,,,,,,,,,,,,,,,,,,,,,,,,,,,,,,,,602,2096.65
1786466580,64.125,64.13,64.125,64.13,64.25,63.71,,,,,,,,,,,,,,,,,,,,,,,,,,,,,,,,,,,,,,,,,,,,,,,,,,,,140,1654.3
1786466640,64.12,64.13,64.11,64.12,64.25,63.71,,,,,,,,,,,,,,,,,,,,,,,,,,,,,,,,,,,,,,,,,,,,,,,,,,,,2545,1398.85
1786466700,64.13,64.135,64.12,64.12,64.25,63.71,,,,,,,,,,,,,,,,,,,,,,,,,,,,,,,,,,,,,,,,,,,,,,,,,,,,791,1292.9
1786466760,64.12,64.13,64.115,64.12,64.25,63.71,,,,,,,,,,,,,,,,,,,,,,,,,,,,,,,,,,,,,,,,,,,,,,,,,,,,1344,1225.25
1786466820,64.12,64.12,64.11,64.115,64.25,63.71,,,,,,,,,,,,,,,,,,,,,,,,,,,,,,,,,,,,,,,,,,,,,,,,,,,,900,1250.75
1786466880,64.12,64.14,64.11,64.14,64.25,63.71,,,,,,,,,,,,,,,,,,,,,,,,,,,,,,,,,,,,,,,,,,,,,,,,,,,,1032,1159.55
1786466940,64.15,64.15,64.13,64.14,64.25,63.71,,,,,,,,,,,,,,,,,,,,,,,,,,,,,,,,,,,,,,,,,,,,,,,,,,,,1432,943.25
1786467000,64.12,64.12,64.11,64.11,64.25,63.71,,,,,,,,,,,,,,,,,,,,,,,,,,,,,,,,,,,,,,,,,,,,,,,,,,,,487,893.6
1786467060,64.11,64.11,64.09,64.09,64.25,63.71,,,,,,,,,,,,,,,,,,,,,,,,,,,,,,,,,,,,,,,,,,,,,,,,,,,,950,921.1
1786467120,64.095,64.095,64.09,64.09,64.25,63.71,,,,,,,,,,,,,,,,,,,,,,,,,,,,,,,,,,,,,,,,,,,,,,,,,,,,113,890.65
1786467240,64.085,64.095,64.085,64.085,64.25,63.71,,,,,,,,,,,,,,,,,,,,,,,,,,,,,,,,,,,,,,,,,,,,,,,,,,,,511,887.85
1786467300,64.085,64.105,64.085,64.105,64.25,63.71,,,,,,,,,,,,,,,,,,,,,,,,,,,,,,,,,,,,,,,,,,,,,,,,,,,,560,841.2
1786467360,64.11,64.125,64.105,64.12,64.25,63.71,,,,,,,,,,,,,,,,,,,,,,,,,,,,,,,,,,,,,,,,,,,,,,,,,,,,1805,928.95
1786467420,64.125,64.125,64.12,64.12,64.25,63.71,,,,,,,,,,,,,,,,,,,,,,,,,,,,,,,,,,,,,,,,,,,,,,,,,,,,301,901.65
1786467480,64.11,64.115,64.11,64.115,64.25,63.71,,,,,,,,,,,,,,,,,,,,,,,,,,,,,,,,,,,,,,,,,,,,,,,,,,,,616,924.75
1786467540,64.12,64.12,64.11,64.12,64.25,63.71,,,,,,,,,,,,,,,,,,,,,,,,,,,,,,,,,,,,,,,,,,,,,,,,,,,,1825,954.3
1786467600,64.1,64.1,64.09,64.09,64.25,63.71,,,,,,,,,,,,,,,,,,,,,,,,,,,,,,,,,,,,,,,,,,,,,,,,,,,,378,864.6
1786467660,64.095,64.105,64.095,64.105,64.25,63.71,,,,,,,,,,,,,,,,,,,,,,,,,,,,,,,,,,,,,,,,,,,,,,,,,,,,124,827.85
1786467720,64.1,64.1,64.09,64.1,64.25,63.71,,,,,,,,,,,,,,,,,,,,,,,,,,,,,,,,,,,,,,,,,,,,,,,,,,,,1131,879.35
1786467780,64.1,64.11,64.095,64.1,64.25,63.71,,,,,,,,,,,,,,,,,,,,,,,,,,,,,,,,,,,,,,,,,,,,,,,,,,,,1286,913.55
1786467840,64.09,64.09,64.07,64.07,64.25,63.71,,,,,,,,,,,,,,,,,,,,,,,,,,,,,,,,,,,,,,,,,,,,,,,,,,,,820,947.55
1786467900,64.07,64.08,64.07,64.07,64.25,63.71,,,,,,,,,,,,,,,,,,,,,,,,,,,,,,,,,,,,,,,,,,,,,,,,,,,,1918,916.2
1786467960,64.07,64.08,64.065,64.08,64.25,63.71,,,,,,,,,,,,,,,,,,,,,,,,,,,,,,,,,,,,,,,,,,,,,,,,,,,,1122,932.75
1786468020,64.09,64.09,64.065,64.065,64.25,63.71,,,,,,,,,,,,,,,,,,,,,,,,,,,,,,,,,,,,,,,,,,,,,,,,,,,,772,904.15
1786468080,64.065,64.07,64.055,64.06,64.25,63.71,,,,,,,,,,,,,,,,,,,,,,,,,,,,,,,,,,,,,,,,,,,,,,,,,,,,3007,1009.5
1786468140,64.055,64.06,64.055,64.06,64.25,63.71,,,,,,,,,,,,,,,,,,,,,,,,,,,,,,,,,,,,,,,,,,,,,,,,,,,,706,993.2
1786468200,64.07,64.07,64.07,64.07,64.25,63.71,,,,,,,,,,,,,,,,,,,,,,,,,,,,,,,,,,,,,,,,,,,,,,,,,,,,888,966
1786468260,64.07,64.075,64.07,64.07,64.25,63.71,,,,,,,,,,,,,,,,,,,,,,,,,,,,,,,,,,,,,,,,,,,,,,,,,,,,628,973.05
1786468320,64.08,64.085,64.075,64.085,64.25,63.71,,,,,,,,,,,,,,,,,,,,,,,,,,,,,,,,,,,,,,,,,,,,,,,,,,,,252,938.15
1786468380,64.09,64.09,64.075,64.075,64.25,63.71,,,,,,,,,,,,,,,,,,,,,,,,,,,,,,,,,,,,,,,,,,,,,,,,,,,,189,941.95
1786468440,64.08,64.095,64.08,64.095,64.25,63.71,,,,,,,,,,,,,,,,,,,,,,,,,,,,,,,,,,,,,,,,,,,,,,,,,,,,231,927.95
1786468500,64.09,64.09,64.07,64.07,64.25,63.71,,,,,,,,,,,,,,,,,,,,,,,,,,,,,,,,,,,,,,,,,,,,,,,,,,,,1867,993.3
1786468560,64.065,64.075,64.06,64.07,64.25,63.71,,,,,,,,,,,,,,,,,,,,,,,,,,,,,,,,,,,,,,,,,,,,,,,,,,,,1575,981.8
1786468620,64.065,64.085,64.065,64.085,64.25,63.71,,,,,,,,,,,,,,,,,,,,,,,,,,,,,,,,,,,,,,,,,,,,,,,,,,,,1386,1036.05
1786468680,64.085,64.095,64.08,64.08,64.25,63.71,,,,,,,,,,,,,,,,,,,,,,,,,,,,,,,,,,,,,,,,,,,,,,,,,,,,671,1038.8
1786468740,64.08,64.085,64.08,64.08,64.25,63.71,,,,,,,,,,,,,,,,,,,,,,,,,,,,,,,,,,,,,,,,,,,,,,,,,,,,151,955.1
1786468800,64.08,64.08,64.06,64.06,64.25,63.71,,,,,,,,,,,,,,,,,,,,,,,,,,,,,,,,,,,,,,,,,,,,,,,,,,,,1786,1025.5
1786468860,64.07,64.07,64.04,64.04,64.25,63.71,,,,,,,,,,,,,,,,,,,,,,,,,,,,,,,,,,,,,,,,,,,,,,,,,,,,2264,1132.5
1786468920,64.04,64.05,64.025,64.03,64.25,63.71,,,,,,,,,,,,,,,,,,,,,,,,,,,,,,,,,,,,,,,,,,,,,,,,,,,,892,1120.55
1786468980,64.03,64.05,64.03,64.05,64.25,63.71,,,,,,,,,,,,,,,,,,,,,,,,,,,,,,,,,,,,,,,,,,,,,,,,,,,,1562,1134.35
1786469040,64.05,64.06,64.05,64.06,64.25,63.71,,,,,,,,,,,,,,,,,,,,,,,,,,,,,,,,,,,,,,,,,,,,,,,,,,,,1668,1176.75
1786469100,64.06,64.06,64.05,64.05,64.25,63.71,,,,,,,,,,,,,,,,,,,,,,,,,,,,,,,,,,,,,,,,,,,,,,,,,,,,187,1090.2
1786469160,64.05,64.05,64.04,64.045,64.25,63.71,,,,,,,,,,,,,,,,,,,,,,,,,,,,,,,,,,,,,,,,,,,,,,,,,,,,482,1058.2
1786469220,64.04,64.04,64.025,64.025,64.25,63.71,,,,,,,,,,,,,,,,,,,,,,,,,,,,,,,,,,,,,,,,,,,,,,,,,,,,267,1032.95
1786469280,64.025,64.03,64.025,64.03,64.25,63.71,,,,,,,,,,,,,,,,,,,,,,,,,,,,,,,,,,,,,,,,,,,,,,,,,,,,549,910.05
1786469340,64.04,64.04,64.04,64.04,64.25,63.71,,,,,,,,,,,,,,,,,,,,,,,,,,,,,,,,,,,,,,,,,,,,,,,,,,,,340,891.75
1786469400,64.04,64.04,64.025,64.035,64.25,63.71,,,,,,,,,,,,,,,,,,,,,,,,,,,,,,,,,,,,,,,,,,,,,,,,,,,,1044,899.55
1786469460,64.035,64.04,64.03,64.03,64.25,63.71,,,,,,,,,,,,,,,,,,,,,,,,,,,,,,,,,,,,,,,,,,,,,,,,,,,,267,881.5
1786469520,64.025,64.045,64.025,64.045,64.25,63.71,,,,,,,,,,,,,,,,,,,,,,,,,,,,,,,,,,,,,,,,,,,,,,,,,,,,2128,975.3
1786469580,64.045,64.045,64.035,64.035,64.25,63.71,,,,,,,,,,,,,,,,,,,,,,,,,,,,,,,,,,,,,,,,,,,,,,,,,,,,1256,1028.65
1786469640,64.035,64.035,64.025,64.025,64.25,63.71,,,,,,,,,,,,,,,,,,,,,,,,,,,,,,,,,,,,,,,,,,,,,,,,,,,,254,1029.8
1786469700,64.025,64.025,64.01,64.01,64.25,63.71,,,,,,,,,,,,,,,,,,,,,,,,,,,,,,,,,,,,,,,,,,,,,,,,,,,,406,956.75
1786469760,64.005,64.015,64.005,64.015,64.25,63.71,,,,,,,,,,,,,,,,,,,,,,,,,,,,,,,,,,,,,,,,,,,,,,,,,,,,1318,943.9
1786469820,64.01,64.02,64,64.015,64.25,63.71,,,,,,,,,,,,,,,,,,,,,,,,,,,,,,,,,,,,,,,,,,,,,,,,,,,,2817,1015.45
1786469880,64.02,64.03,64.005,64.015,64.25,63.71,,,,,,,,,,,,,,,,,,,,,,,,,,,,,,,,,,,,,,,,,,,,,,,,,,,,2172,1090.5
1786469940,64.015,64.02,64,64,64.25,63.71,,,,,,,,,,,,,,,,,,,,,,,,,,,,,,,,,,,,,,,,,,,,,,,,,,,,1632,1164.55
1786470000,64.005,64.02,64,64.02,64.25,63.71,,,,,,,,,,,,,,,,,,,,,,,,,,,,,,,,,,,,,,,,,,,,,,,,,,,,3545,1252.5
1786470060,64.025,64.025,64.01,64.01,64.25,63.71,,,,,,,,,,,,,,,,,,,,,,,,,,,,,,,,,,,,,,,,,,,,,,,,,,,,3041,1291.35
1786470120,64.02,64.02,64.01,64.015,64.25,63.71,,,,,,,,,,,,,,,,,,,,,,,,,,,,,,,,,,,,,,,,,,,,,,,,,,,,446,1269.05
1786470180,64.01,64.025,64.01,64.015,64.25,63.71,,,,,,,,,,,,,,,,,,,,,,,,,,,,,,,,,,,,,,,,,,,,,,,,,,,,1538,1267.85
1786470240,64.015,64.02,64.015,64.02,64.25,63.71,,,,,,,,,,,,,,,,,,,,,,,,,,,,,,,,,,,,,,,,,,,,,,,,,,,,517,1210.3
1786470300,64.02,64.02,64.01,64.01,64.25,63.71,,,,,,,,,,,,,,,,,,,,,,,,,,,,,,,,,,,,,,,,,,,,,,,,,,,,833,1242.6
1786470360,64.01,64.02,64.01,64.02,64.25,63.71,,,,,,,,,,,,,,,,,,,,,,,,,,,,,,,,,,,,,,,,,,,,,,,,,,,,244,1230.7
1786470420,64.01,64.02,64.01,64.02,64.25,63.71,,,,,,,,,,,,,,,,,,,,,,,,,,,,,,,,,,,,,,,,,,,,,,,,,,,,672,1250.95
1786470480,64.03,64.035,64.02,64.025,64.25,63.71,,,,,,,,,,,,,,,,,,,,,,,,,,,,,,,,,,,,,,,,,,,,,,,,,,,,2381,1342.55
1786470540,64.025,64.035,64.01,64.01,64.25,63.71,,,,,,,,,,,,,,,,,,,,,,,,,,,,,,,,,,,,,,,,,,,,,,,,,,,,1185,1384.8
1786470600,64.01,64.02,64.005,64.02,64.25,63.71,,,,,,,,,,,,,,,,,,,,,,,,,,,,,,,,,,,,,,,,,,,,,,,,,,,,371,1351.15
1786470660,64.03,64.035,64.01,64.01,64.25,63.71,,,,,,,,,,,,,,,,,,,,,,,,,,,,,,,,,,,,,,,,,,,,,,,,,,,,544,1365
1786470720,64.015,64.02,64.01,64.01,64.25,63.71,,,,,,,,,,,,,,,,,,,,,,,,,,,,,,,,,,,,,,,,,,,,,,,,,,,,1180,1317.6
1786470780,64.01,64.01,64.005,64.01,64.25,63.71,,,,,,,,,,,,,,,,,,,,,,,,,,,,,,,,,,,,,,,,,,,,,,,,,,,,821,1295.85
1786470840,64,64.025,64,64.025,64.25,63.71,,,,,,,,,,,,,,,,,,,,,,,,,,,,,,,,,,,,,,,,,,,,,,,,,,,,1111,1338.7
1786470900,64.03,64.05,64.03,64.05,64.25,63.71,,,,,,,,,,,,,,,,,,,,,,,,,,,,,,,,,,,,,,,,,,,,,,,,,,,,1219,1379.35
1786470960,64.06,64.08,64.05,64.07,64.25,63.71,,,,,,,,,,,,,,,,,,,,,,,,,,,,,,,,,,,,,,,,,,,,,,,,,,,,1052,1366.05
1786471020,64.06,64.06,64.06,64.06,64.25,63.71,,,,,,,,,,,,,,,,,,,,,,,,,,,,,,,,,,,,,,,,,,,,,,,,,,,,440,1247.2
1786471080,64.065,64.085,64.065,64.085,64.25,63.71,,,,,,,,,,,,,,,,,,,,,,,,,,,,,,,,,,,,,,,,,,,,,,,,,,,,251,1151.15
1786471140,64.085,64.085,64.085,64.085,64.25,63.71,,,,,,,,,,,,,,,,,,,,,,,,,,,,,,,,,,,,,,,,,,,,,,,,,,,,114,1075.25
1786471200,64.09,64.099,64.07,64.07,64.25,63.71,,,,,,,,,,,,,,,,,,,,,,,,,,,,,,,,,,,,,,,,,,,,,,,,,,,,848,940.4
1786471260,64.075,64.08,64.07,64.07,64.25,63.71,,,,,,,,,,,,,,,,,,,,,,,,,,,,,,,,,,,,,,,,,,,,,,,,,,,,485,812.6
1786471320,64.065,64.065,64.05,64.05,64.25,63.71,,,,,,,,,,,,,,,,,,,,,,,,,,,,,,,,,,,,,,,,,,,,,,,,,,,,1666,873.6
1786471380,64.05,64.06,64.05,64.055,64.25,63.71,,,,,,,,,,,,,,,,,,,,,,,,,,,,,,,,,,,,,,,,,,,,,,,,,,,,298,811.6
1786471440,64.05,64.05,64.04,64.05,64.25,63.71,,,,,,,,,,,,,,,,,,,,,,,,,,,,,,,,,,,,,,,,,,,,,,,,,,,,1083,839.9
1786471500,64.05,64.055,64.04,64.045,64.25,63.71,,,,,,,,,,,,,,,,,,,,,,,,,,,,,,,,,,,,,,,,,,,,,,,,,,,,2091,902.8
1786471560,64.045,64.06,64.04,64.06,64.25,63.71,,,,,,,,,,,,,,,,,,,,,,,,,,,,,,,,,,,,,,,,,,,,,,,,,,,,626,921.9
1786471620,64.055,64.07,64.055,64.065,64.25,63.71,,,,,,,,,,,,,,,,,,,,,,,,,,,,,,,,,,,,,,,,,,,,,,,,,,,,208,898.7
1786471680,64.07,64.075,64.065,64.065,64.25,63.71,,,,,,,,,,,,,,,,,,,,,,,,,,,,,,,,,,,,,,,,,,,,,,,,,,,,551,807.2
1786471740,64.07,64.07,64.06,64.065,64.25,63.71,,,,,,,,,,,,,,,,,,,,,,,,,,,,,,,,,,,,,,,,,,,,,,,,,,,,106,753.25
1786471800,64.07,64.07,64.06,64.07,64.25,63.71,,,,,,,,,,,,,,,,,,,,,,,,,,,,,,,,,,,,,,,,,,,,,,,,,,,,5261,997.75
1786471860,64.075,64.095,64.075,64.09,64.25,63.71,,,,,,,,,,,,,,,,,,,,,,,,,,,,,,,,,,,,,,,,,,,,,,,,,,,,2772,1109.15
1786471920,64.085,64.085,64.08,64.08,64.25,63.71,,,,,,,,,,,,,,,,,,,,,,,,,,,,,,,,,,,,,,,,,,,,,,,,,,,,100,1055.15
1786471980,64.085,64.09,64.08,64.09,64.25,63.71,,,,,,,,,,,,,,,,,,,,,,,,,,,,,,,,,,,,,,,,,,,,,,,,,,,,301,1029.15
1786472040,64.09,64.1,64.09,64.1,64.25,63.71,,,,,,,,,,,,,,,,,,,,,,,,,,,,,,,,,,,,,,,,,,,,,,,,,,,,582,1002.7
1786472100,64.09,64.1,64.065,64.07,64.25,63.71,,,,,,,,,,,,,,,,,,,,,,,,,,,,,,,,,,,,,,,,,,,,,,,,,,,,4569,1170.2
1786472160,64.07,64.08,64.07,64.075,64.25,63.71,,,,,,,,,,,,,,,,,,,,,,,,,,,,,,,,,,,,,,,,,,,,,,,,,,,,820,1158.6
1786472220,64.07,64.08,64.07,64.075,64.25,63.71,,,,,,,,,,,,,,,,,,,,,,,,,,,,,,,,,,,,,,,,,,,,,,,,,,,,934,1183.3
1786472280,64.075,64.075,64.07,64.07,64.25,63.71,,,,,,,,,,,,,,,,,,,,,,,,,,,,,,,,,,,,,,,,,,,,,,,,,,,,613,1201.4
1786472340,64.07,64.07,64.06,64.06,64.25,63.71,,,,,,,,,,,,,,,,,,,,,,,,,,,,,,,,,,,,,,,,,,,,,,,,,,,,885,1239.95
1786472400,64.045,64.05,64.04,64.05,64.25,63.71,,,,,,,,,,,,,,,,,,,,,,,,,,,,,,,,,,,,,,,,,,,,,,,,,,,,184,1206.75
1786472460,64.05,64.05,64.045,64.045,64.25,63.71,,,,,,,,,,,,,,,,,,,,,,,,,,,,,,,,,,,,,,,,,,,,,,,,,,,,1665,1265.75
1786472520,64.04,64.05,64.035,64.05,64.25,63.71,,,,,,,,,,,,,,,,,,,,,,,,,,,,,,,,,,,,,,,,,,,,,,,,,,,,324,1198.65
1786472580,64.055,64.065,64.05,64.065,64.25,63.71,,,,,,,,,,,,,,,,,,,,,,,,,,,,,,,,,,,,,,,,,,,,,,,,,,,,953,1231.4
1786472640,64.07,64.09,64.07,64.09,64.25,63.71,,,,,,,,,,,,,,,,,,,,,,,,,,,,,,,,,,,,,,,,,,,,,,,,,,,,631,1208.8
1786472700,64.095,64.1,64.09,64.09,64.25,63.71,,,,,,,,,,,,,,,,,,,,,,,,,,,,,,,,,,,,,,,,,,,,,,,,,,,,1672,1187.85
1786472760,64.095,64.095,64.075,64.075,64.25,63.71,,,,,,,,,,,,,,,,,,,,,,,,,,,,,,,,,,,,,,,,,,,,,,,,,,,,1649,1239
1786472820,64.08,64.09,64.08,64.085,64.25,63.71,,,,,,,,,,,,,,,,,,,,,,,,,,,,,,,,,,,,,,,,,,,,,,,,,,,,562,1256.7
1786472880,64.08,64.09,64.08,64.08,64.25,63.71,,,,,,,,,,,,,,,,,,,,,,,,,,,,,,,,,,,,,,,,,,,,,,,,,,,,1128,1285.55
1786472940,64.085,64.085,64.04,64.04,64.25,63.71,,,,,,,,,,,,,,,,,,,,,,,,,,,,,,,,,,,,,,,,,,,,,,,,,,,,3158,1438.15
1786473000,64.05,64.075,64.05,64.075,64.25,63.71,,,,,,,,,,,,,,,,,,,,,,,,,,,,,,,,,,,,,,,,,,,,,,,,,,,,2224,1286.3
1786473060,64.07,64.08,64.07,64.08,64.25,63.71,,,,,,,,,,,,,,,,,,,,,,,,,,,,,,,,,,,,,,,,,,,,,,,,,,,,3553,1325.35
1786473120,64.08,64.08,64.06,64.07,64.25,63.71,,,,,,,,,,,,,,,,,,,,,,,,,,,,,,,,,,,,,,,,,,,,,,,,,,,,1878,1414.25
1786473180,64.06,64.07,64.06,64.065,64.25,63.71,,,,,,,,,,,,,,,,,,,,,,,,,,,,,,,,,,,,,,,,,,,,,,,,,,,,1553,1476.85
1786473240,64.06,64.06,64.045,64.06,64.25,63.71,,,,,,,,,,,,,,,,,,,,,,,,,,,,,,,,,,,,,,,,,,,,,,,,,,,,960,1495.75
1786473300,64.06,64.08,64.05,64.07,64.25,63.71,,,,,,,,,,,,,,,,,,,,,,,,,,,,,,,,,,,,,,,,,,,,,,,,,,,,1423,1338.45
1786473360,64.07,64.075,64.07,64.075,64.25,63.71,,,,,,,,,,,,,,,,,,,,,,,,,,,,,,,,,,,,,,,,,,,,,,,,,,,,554,1325.15
1786473420,64.08,64.105,64.07,64.1,64.25,63.71,,,,,,,,,,,,,,,,,,,,,,,,,,,,,,,,,,,,,,,,,,,,,,,,,,,,3902,1473.55
1786473480,64.095,64.1,64.095,64.095,64.25,63.71,,,,,,,,,,,,,,,,,,,,,,,,,,,,,,,,,,,,,,,,,,,,,,,,,,,,103,1448.05
1786473540,64.095,64.125,64.095,64.125,64.25,63.71,,,,,,,,,,,,,,,,,,,,,,,,,,,,,,,,,,,,,,,,,,,,,,,,,,,,2968,1552.2
1786473600,64.125,64.125,64.09,64.09,64.25,63.71,,,,,,,,,,,,,,,,,,,,,,,,,,,,,,,,,,,,,,,,,,,,,,,,,,,,2148,1650.4
1786473660,64.09,64.09,64.06,64.06,64.25,63.71,,,,,,,,,,,,,,,,,,,,,,,,,,,,,,,,,,,,,,,,,,,,,,,,,,,,1695,1651.9
1786473720,64.06,64.09,64.06,64.09,64.25,63.71,,,,,,,,,,,,,,,,,,,,,,,,,,,,,,,,,,,,,,,,,,,,,,,,,,,,1493,1710.35
1786473780,64.08,64.1,64.08,64.1,64.25,63.71,,,,,,,,,,,,,,,,,,,,,,,,,,,,,,,,,,,,,,,,,,,,,,,,,,,,649,1695.15
1786473840,64.1,64.115,64.1,64.115,64.25,63.71,,,,,,,,,,,,,,,,,,,,,,,,,,,,,,,,,,,,,,,,,,,,,,,,,,,,1364,1731.8
1786473900,64.1,64.125,64.1,64.125,64.25,63.71,,,,,,,,,,,,,,,,,,,,,,,,,,,,,,,,,,,,,,,,,,,,,,,,,,,,518,1674.1
1786473960,64.125,64.13,64.12,64.13,64.25,63.71,,,,,,,,,,,,,,,,,,,,,,,,,,,,,,,,,,,,,,,,,,,,,,,,,,,,677,1625.5
1786474020,64.12,64.12,64.11,64.12,64.25,63.71,,,,,,,,,,,,,,,,,,,,,,,,,,,,,,,,,,,,,,,,,,,,,,,,,,,,1129,1653.85
1786474080,64.11,64.125,64.11,64.125,64.25,63.71,,,,,,,,,,,,,,,,,,,,,,,,,,,,,,,,,,,,,,,,,,,,,,,,,,,,635,1629.2
1786474140,64.12,64.12,64.09,64.1,64.25,63.71,,,,,,,,,,,,,,,,,,,,,,,,,,,,,,,,,,,,,,,,,,,,,,,,,,,,1131,1527.85
1786474200,64.11,64.11,64.095,64.095,64.25,63.71,,,,,,,,,,,,,,,,,,,,,,,,,,,,,,,,,,,,,,,,,,,,,,,,,,,,823,1457.8
1786474260,64.09,64.095,64.07,64.08,64.25,63.71,,,,,,,,,,,,,,,,,,,,,,,,,,,,,,,,,,,,,,,,,,,,,,,,,,,,4006,1480.45
1786474320,64.08,64.08,64.08,64.08,64.25,63.71,,,,,,,,,,,,,,,,,,,,,,,,,,,,,,,,,,,,,,,,,,,,,,,,,,,,244,1398.75
1786474380,64.09,64.09,64.08,64.08,64.25,63.71,,,,,,,,,,,,,,,,,,,,,,,,,,,,,,,,,,,,,,,,,,,,,,,,,,,,814,1361.8
1786474440,64.08,64.09,64.075,64.08,64.25,63.71,,,,,,,,,,,,,,,,,,,,,,,,,,,,,,,,,,,,,,,,,,,,,,,,,,,,1863,1406.95
1786474500,64.08,64.08,64.07,64.07,64.25,63.71,,,,,,,,,,,,,,,,,,,,,,,,,,,,,,,,,,,,,,,,,,,,,,,,,,,,288,1350.2
1786474560,64.07,64.075,64.05,64.05,64.25,63.71,,,,,,,,,,,,,,,,,,,,,,,,,,,,,,,,,,,,,,,,,,,,,,,,,,,,2019,1423.45
1786474620,64.04,64.06,64.04,64.06,64.25,63.71,,,,,,,,,,,,,,,,,,,,,,,,,,,,,,,,,,,,,,,,,,,,,,,,,,,,1546,1305.65
1786474680,64.05,64.055,64.045,64.045,64.25,63.71,,,,,,,,,,,,,,,,,,,,,,,,,,,,,,,,,,,,,,,,,,,,,,,,,,,,817,1341.35
1786474740,64.04,64.05,64.04,64.045,64.25,63.71,,,,,,,,,,,,,,,,,,,,,,,,,,,,,,,,,,,,,,,,,,,,,,,,,,,,971,1241.5
1786474800,64.045,64.045,64.02,64.03,64.25,63.71,,,,,,,,,,,,,,,,,,,,,,,,,,,,,,,,,,,,,,,,,,,,,,,,,,,,872,1177.7
1786474860,64.035,64.04,64.03,64.04,64.25,63.71,,,,,,,,,,,,,,,,,,,,,,,,,,,,,,,,,,,,,,,,,,,,,,,,,,,,812,1133.55
1786474920,64.05,64.07,64.04,64.04,64.25,63.71,,,,,,,,,,,,,,,,,,,,,,,,,,,,,,,,,,,,,,,,,,,,,,,,,,,,1725,1145.15
1786474980,64.05,64.05,64.03,64.035,64.25,63.71,,,,,,,,,,,,,,,,,,,,,,,,,,,,,,,,,,,,,,,,,,,,,,,,,,,,264,1125.9
1786475040,64.03,64.06,64.02,64.045,64.25,63.71,,,,,,,,,,,,,,,,,,,,,,,,,,,,,,,,,,,,,,,,,,,,,,,,,,,,1928,1154.1
1786475100,64.045,64.05,64.035,64.035,64.25,63.71,,,,,,,,,,,,,,,,,,,,,,,,,,,,,,,,,,,,,,,,,,,,,,,,,,,,1303,1193.35
1786475160,64.03,64.05,64.03,64.04,64.25,63.71,,,,,,,,,,,,,,,,,,,,,,,,,,,,,,,,,,,,,,,,,,,,,,,,,,,,1054,1212.2
1786475220,64.04,64.04,64.02,64.035,64.25,63.71,,,,,,,,,,,,,,,,,,,,,,,,,,,,,,,,,,,,,,,,,,,,,,,,,,,,3468,1329.15
1786475280,64.03,64.04,64.03,64.04,64.25,63.71,,,,,,,,,,,,,,,,,,,,,,,,,,,,,,,,,,,,,,,,,,,,,,,,,,,,471,1320.95
1786475340,64.03,64.03,63.99,64.005,64.25,63.71,,,,,,,,,,,,,,,,,,,,,,,,,,,,,,,,,,,,,,,,,,,,,,,,,,,,19254,2227.1
1786475400,64.005,64.01,63.99,63.99,64.25,63.71,,,,,,,,,,,,,,,,,,,,,,,,,,,,,,,,,,,,,,,,,,,,,,,,,,,,365,2204.2
1786475460,63.99,64.02,63.99,64.02,64.25,63.71,,,,,,,,,,,,,,,,,,,,,,,,,,,,,,,,,,,,,,,,,,,,,,,,,,,,1484,2078.1
1786475520,64.01,64.02,64,64.01,64.25,63.71,,,,,,,,,,,,,,,,,,,,,,,,,,,,,,,,,,,,,,,,,,,,,,,,,,,,1253,2128.55
1786475580,64.01,64.01,63.98,63.98,64.25,63.71,,,,,,,,,,,,,,,,,,,,,,,,,,,,,,,,,,,,,,,,,,,,,,,,,,,,2321,2203.9
1786475640,63.975,63.98,63.97,63.975,64.25,63.71,,,,,,,,,,,,,,,,,,,,,,,,,,,,,,,,,,,,,,,,,,,,,,,,,,,,731,2147.3
1786475700,63.975,63.985,63.96,63.97,64.25,63.71,,,,,,,,,,,,,,,,,,,,,,,,,,,,,,,,,,,,,,,,,,,,,,,,,,,,1362,2201
1786475760,63.98,64,63.97,64,64.25,63.71,,,,,,,,,,,,,,,,,,,,,,,,,,,,,,,,,,,,,,,,,,,,,,,,,,,,1443,2172.2
1786475820,64,64,63.97,63.97,64.25,63.71,,,,,,,,,,,,,,,,,,,,,,,,,,,,,,,,,,,,,,,,,,,,,,,,,,,,2133,2201.55
1786475880,63.97,64.01,63.97,64.01,64.25,63.71,,,,,,,,,,,,,,,,,,,,,,,,,,,,,,,,,,,,,,,,,,,,,,,,,,,,1185,2219.95
1786475940,64.005,64.03,64.005,64.025,64.25,63.71,,,,,,,,,,,,,,,,,,,,,,,,,,,,,,,,,,,,,,,,,,,,,,,,,,,,1590,2250.9
1786476000,64.02,64.03,64.01,64.02,64.25,63.71,,,,,,,,,,,,,,,,,,,,,,,,,,,,,,,,,,,,,,,,,,,,,,,,,,,,774,2246
1786476060,64.02,64.03,64.015,64.02,64.25,63.71,,,,,,,,,,,,,,,,,,,,,,,,,,,,,,,,,,,,,,,,,,,,,,,,,,,,730,2241.9
1786476120,64.02,64.03,64.015,64.02,64.25,63.71,,,,,,,,,,,,,,,,,,,,,,,,,,,,,,,,,,,,,,,,,,,,,,,,,,,,609,2186.1
1786476180,64.02,64.05,64.02,64.03,64.25,63.71,,,,,,,,,,,,,,,,,,,,,,,,,,,,,,,,,,,,,,,,,,,,,,,,,,,,3008,2323.3
1786476240,64.02,64.025,64.02,64.025,64.25,63.71,,,,,,,,,,,,,,,,,,,,,,,,,,,,,,,,,,,,,,,,,,,,,,,,,,,,214,2237.6
1786476300,64.02,64.035,64.01,64.035,64.25,63.71,,,,,,,,,,,,,,,,,,,,,,,,,,,,,,,,,,,,,,,,,,,,,,,,,,,,2681,2306.5
1786476360,64.04,64.04,64.03,64.03,64.25,63.71,,,,,,,,,,,,,,,,,,,,,,,,,,,,,,,,,,,,,,,,,,,,,,,,,,,,1129,2310.25
1786476420,64.025,64.03,64.01,64.015,64.25,63.71,,,,,,,,,,,,,,,,,,,,,,,,,,,,,,,,,,,,,,,,,,,,,,,,,,,,1992,2236.45
1786476480,64.02,64.04,64.02,64.025,64.25,63.71,,,,,,,,,,,,,,,,,,,,,,,,,,,,,,,,,,,,,,,,,,,,,,,,,,,,2667,2346.25
1786476540,64.025,64.03,64,64,64.25,63.71,,,,,,,,,,,,,,,,,,,,,,,,,,,,,,,,,,,,,,,,,,,,,,,,,,,,2561,1511.6
1786476600,64.005,64.02,64,64,64.25,63.71,,,,,,,,,,,,,,,,,,,,,,,,,,,,,,,,,,,,,,,,,,,,,,,,,,,,2209,1603.8
1786476660,64.01,64.06,64.005,64.055,64.25,63.71,,,,,,,,,,,,,,,,,,,,,,,,,,,,,,,,,,,,,,,,,,,,,,,,,,,,3475,1703.35
1786476720,64.05,64.06,64.02,64.025,64.25,63.71,,,,,,,,,,,,,,,,,,,,,,,,,,,,,,,,,,,,,,,,,,,,,,,,,,,,4330,1857.2
1786476780,64.02,64.03,64.01,64.01,64.25,63.71,,,,,,,,,,,,,,,,,,,,,,,,,,,,,,,,,,,,,,,,,,,,,,,,,,,,6195,2050.9
1786476840,64.005,64.02,64.005,64.01,64.25,63.71,,,,,,,,,,,,,,,,,,,,,,,,,,,,,,,,,,,,,,,,,,,,,,,,,,,,2555,2142.1
1786476900,64,64.025,64,64.025,64.25,63.71,,,,,,,,,,,,,,,,,,,,,,,,,,,,,,,,,,,,,,,,,,,,,,,,,,,,2385,2193.25
1786476960,64.02,64.02,64,64.015,64.25,63.71,,,,,,,,,,,,,,,,,,,,,,,,,,,,,,,,,,,,,,,,,,,,,,,,,,,,3078,2275
1786477020,64.02,64.025,63.98,63.98,64.25,63.71,,,,,,,,,,,,,,,,,,,,,,,,,,,,,,,,,,,,,,,,,,,,,,,,,,,,4156,2376.15
1786477080,63.97,63.985,63.97,63.98,64.25,63.71,,,,,,,,,,,,,,,,,,,,,,,,,,,,,,,,,,,,,,,,,,,,,,,,,,,,3044,2469.1
1786477140,63.97,63.98,63.925,63.94,64.25,63.71,,,,,,,,,,,,,,,,,,,,,,,,,,,,,,,,,,,,,,,,,,,,,,,,,,,,8962,2837.7
1786477200,63.95,63.98,63.945,63.97,64.25,63.71,,,,,,,,,,,,,,,,,,,,,,,,,,,,,,,,,,,,,,,,,,,,,,,,,,,,5402,3069.1
1786477260,63.975,63.99,63.975,63.98,64.25,63.71,,,,,,,,,,,,,,,,,,,,,,,,,,,,,,,,,,,,,,,,,,,,,,,,,,,,3463,3205.75
1786477320,63.97,64,63.97,64,64.25,63.71,,,,,,,,,,,,,,,,,,,,,,,,,,,,,,,,,,,,,,,,,,,,,,,,,,,,3740,3362.3
1786477380,63.995,64,63.97,63.97,64.25,63.71,,,,,,,,,,,,,,,,,,,,,,,,,,,,,,,,,,,,,,,,,,,,,,,,,,,,4644,3444.1
1786477440,63.975,63.98,63.95,63.95,64.25,63.71,,,,,,,,,,,,,,,,,,,,,,,,,,,,,,,,,,,,,,,,,,,,,,,,,,,,4432,3655
1786477500,63.95,63.955,63.93,63.95,64.25,63.71,,,,,,,,,,,,,,,,,,,,,,,,,,,,,,,,,,,,,,,,,,,,,,,,,,,,5737,3807.8
1786477560,63.955,63.97,63.955,63.97,64.25,63.71,,,,,,,,,,,,,,,,,,,,,,,,,,,,,,,,,,,,,,,,,,,,,,,,,,,,1377,3820.2
1786477620,63.97,63.975,63.945,63.945,64.25,63.71,,,,,,,,,,,,,,,,,,,,,,,,,,,,,,,,,,,,,,,,,,,,,,,,,,,,4475,3944.35
1786477680,63.945,63.96,63.945,63.95,64.25,63.71,,,,,,,,,,,,,,,,,,,,,,,,,,,,,,,,,,,,,,,,,,,,,,,,,,,,5881,4105.05
1786477740,63.95,63.99,63.945,63.99,64.25,63.71,,,,,,,,,,,,,,,,,,,,,,,,,,,,,,,,,,,,,,,,,,,,,,,,,,,,5844,4269.2
1786477800,63.98,63.99,63.925,63.96,64.25,63.71,,,,,,,,,,,,,,,,,,,,,,,,,,,,,,,,,,,,,,,,,,,,,,,,,,,,17043,5010.9
1786477860,63.95,63.975,63.9,63.915,64.25,63.71,,,,,,,,,,,,,,,,,,,,,,,,,,,,,,,,,,,,,,,,,,,,,,,,,,,,20822,5878.25
1786477920,63.915,63.93,63.91,63.92,64.25,63.71,,,,,,,,,,,,,,,,,,,,,,,,,,,,,,,,,,,,,,,,,,,,,,,,,,,,9146,6119.05
1786477980,63.925,63.925,63.89,63.9,64.25,63.71,,,,,,,,,,,,,,,,,,,,,,,,,,,,,,,,,,,,,,,,,,,,,,,,,,,,65710,9094.8
1786478040,63.89,63.91,63.865,63.865,64.25,63.71,,,,,,,,,,,,,,,,,,,,,,,,,,,,,,,,,,,,,,,,,,,,,,,,,,,,7647,9349.4
1786478100,63.87,63.905,63.855,63.895,64.25,63.71,,,,,,,,,,,,,,,,,,,,,,,,,,,,,,,,,,,,,,,,,,,,,,,,,,,,19946,10227.45
1786478160,63.895,63.9,63.83,63.85,64.25,63.71,,,,,,,,,,,,,,,,,,,,,,,,,,,,,,,,,,,,,,,,,,,,,,,,,,,,17264,10936.75
1786478220,63.84,63.88,63.83,63.865,64.25,63.71,,,,,,,,,,,,,,,,,,,,,,,,,,,,,,,,,,,,,,,,,,,,,,,,,,,,22308,11844.35
1786478280,63.87,63.97,63.87,63.97,64.25,63.71,,,,,,,,,,,,,,,,,,,,,,,,,,,,,,,,,,,,,,,,,,,,,,,,,,,,42947,13839.5
1786478340,63.97,64,63.94,64,64.25,63.71,,,1,17,1,1786456440000,64.26,64.25,63.71,0.5399999999999991,0.06123966858667672,0,0.8092125739184611,2,1786456500000,2,0,,,,0,0,0,0,0,,,,0,0,0,0,0,,,,0,0,0,0,0,,,,0,0,0,0,,-1,17,84340,17608.4
1786541400,64.12,64.12,63.87,63.94,64.12,63.87,,,,,,,,,,,,,,,,,,,,,,,,,,,,,,,,,,,,,,,,,,,,,,,,,,,,20630,18369.8
1786541460,63.9,64,63.87,63.87,64.12,63.87,,,,,,,,,,,,,,,,,,,,,,,,,,,,,,,,,,,,,,,,,,,,,,,,,,,,36150,20004.15
1786541520,63.86,63.995,63.84,63.995,64.12,63.84,,,,,,,,,,,,,,,,,,,,,,,,,,,,,,,,,,,,,,,,,,,,,,,,,,,,12659,20450.1
1786541580,63.98,64.12,63.98,64.08,64.12,63.84,,,,,,,,,,,,,,,,,,,,,,,,,,,,,,,,,,,,,,,,,,,,,,,,,,,,7188,20577.3
1786541640,64.08,64.09,64.04,64.065,64.12,63.84,,,,,,,,,,,,,,,,,,,,,,,,,,,,,,,,,,,,,,,,,,,,,,,,,,,,5567,20634.05
1786541700,64.065,64.11,64.04,64.08,64.12,63.84,,,,,,,,,,,,,,,,,,,,,,,,,,,,,,,,,,,,,,,,,,,,,,,,,,,,8571,20775.75
1786541760,64.07,64.085,64.02,64.03,64.12,63.84,,,,,,,,,,,,,,,,,,,,,,,,,,,,,,,,,,,,,,,,,,,,,,,,,,,,7433,21078.55
1786541820,64.04,64.07,64.035,64.04,64.12,63.84,,,,,,,,,,,,,,,,,,,,,,,,,,,,,,,,,,,,,,,,,,,,,,,,,,,,5678,21138.7
1786541880,64.05,64.06,64.025,64.03,64.12,63.84,,,,,,,,,,,,,,,,,,,,,,,,,,,,,,,,,,,,,,,,,,,,,,,,,,,,3666,21027.95
1786541940,64.035,64.04,64,64,64.12,63.84,,,,,,,,,,,,,,,,,,,,,,,,,,,,,,,,,,,,,,,,,,,,,,,,,,,,4613,20966.4
1786542000,63.99,64.06,63.99,64.05,64.12,63.84,,,,,,,,,,,,,,,,,,,,,,,,,,,,,,,,,,,,,,,,,,,,,,,,,,,,2978,20263.15
1786542060,64.045,64.18,64.01,64.145,64.18,63.84,,,,,,,,,,,,,,,,,,,,,,,,,,,,,,,,,,,,,,,,,,,,,,,,,,,,31688,20806.45
1786542120,64.13,64.16,64.125,64.145,64.18,63.84,,,,,,,,,,,,,,,,,,,,,,,,,,,,,,,,,,,,,,,,,,,,,,,,,,,,2888,20493.55
1786542180,64.145,64.17,64.11,64.12,64.18,63.84,,,,,,,,,,,,,,,,,,,,,,,,,,,,,,,,,,,,,,,,,,,,,,,,,,,,6031,17509.6
1786542240,64.12,64.12,64.085,64.105,64.18,63.84,,,,,,,,,,,,,,,,,,,,,,,,,,,,,,,,,,,,,,,,,,,,,,,,,,,,2962,17275.35
1786542300,64.11,64.2,64.1,64.19,64.18,63.84,,,,,,,,,,,,,,,,,,,,,,,,,,,,,,,,,,,,,,,,,,,,,,,,,,,,2750,16415.55
1786542360,64.2,64.23,64.125,64.13,64.18,63.84,,,,,,,,,,,,,,,,,,,,,,,,,,,,,,,,,,,,,,,,,,,,,,,,,,,,6838,15894.25
1786542420,64.13,64.13,64.07,64.085,64.18,63.84,,,,,,,,,,,,,,,,,,,,,,,,,,,,,,,,,,,,,,,,,,,,,,,,,,,,7498,15153.75
1786542480,64.09,64.09,64.025,64.05,64.18,63.84,,,,,,,,,,,,,,,,,,,,,,,,,,,,,,,,,,,,,,,,,,,,,,,,,,,,11006,13556.7
1786542540,64.05,64.11,64.04,64.11,64.18,63.84,,,,,,,,,,,,,,,,,,,,,,,,,,,,,,,,,,,,,,,,,,,,,,,,,,,,5363,9607.85
1786542600,64.11,64.11,64.04,64.06,64.18,63.84,,,,,,,,,,,,,,,,,,,,,,,,,,,,,,,,,,,,,,,,,,,,,,,,,,,,8444,8998.55
1786542660,64.07,64.11,64.07,64.095,64.18,63.84,,,,,,,,,,,,,,,,,,,,,,,,,,,,,,,,,,,,,,,,,,,,,,,,,,,,3330,7357.55
1786542720,64.095,64.11,64.04,64.05,64.18,63.84,,,,,,,,,,,,,,,,,,,,,,,,,,,,,,,,,,,,,,,,,,,,,,,,,,,,5583,7003.75
1786542780,64.05,64.1,64.04,64.095,64.18,63.84,,,,,,,,,,,,,,,,,,,,,,,,,,,,,,,,,,,,,,,,,,,,,,,,,,,,3991,6843.9
1786542840,64.09,64.12,64.055,64.11,64.18,63.84,,,,,,,,,,,,,,,,,,,,,,,,,,,,,,,,,,,,,,,,,,,,,,,,,,,,3851,6758.1
1786542900,64.1,64.1,64.045,64.06,64.18,63.84,,,,,,,,,,,,,,,,,,,,,,,,,,,,,,,,,,,,,,,,,,,,,,,,,,,,8746,6766.85
1786542960,64.06,64.095,64.035,64.095,64.18,63.84,,,,,,,,,,,,,,,,,,,,,,,,,,,,,,,,,,,,,,,,,,,,,,,,,,,,6590,6724.7
1786543020,64.095,64.125,64.075,64.12,64.18,63.84,,,,,,,,,,,,,,,,,,,,,,,,,,,,,,,,,,,,,,,,,,,,,,,,,,,,57449,9313.25
1786543080,64.11,64.15,64.11,64.15,64.18,63.84,,,,,,,,,,,,,,,,,,,,,,,,,,,,,,,,,,,,,,,,,,,,,,,,,,,,6313,9445.6
1786543140,64.16,64.18,64.15,64.18,64.18,63.84,,,,,,,,,,,,,,,,,,,,,,,,,,,,,,,,,,,,,,,,,,,,,,,,,,,,6024,9516.15
1786543200,64.19,64.32,64.18,64.3,64.18,63.84,,,,,,,,,,,,,,,,,,,,,,,,,,,,,,,,,,,,,,,,,,,,,,,,,,,,36931,11213.8
1786543260,64.31,64.34,64.29,64.34,64.18,63.84,,,,,,,,,,,,,,,,,,,,,,,,,,,,,,,,,,,,,,,,,,,,,,,,,,,,8680,10063.4
1786543320,64.34,64.34,64.28,64.3,64.18,63.84,,,,,,,,,,,,,,,,,,,,,,,,,,,,,,,,,,,,,,,,,,,,,,,,,,,,5544,10196.2
1786543380,64.31,64.35,64.31,64.34,64.18,63.84,,,,,,,,,,,,,,,,,,,,,,,,,,,,,,,,,,,,,,,,,,,,,,,,,,,,5883,10188.8
1786543440,64.345,64.36,64.32,64.32,64.18,63.84,,,,,,,,,,,,,,,,,,,,,,,,,,,,,,,,,,,,,,,,,,,,,,,,,,,,4626,10272
1786543500,64.31,64.325,64.28,64.29,64.18,63.84,,,,,,,,,,,,,,,,,,,,,,,,,,,,,,,,,,,,,,,,,,,,,,,,,,,,6276,10448.3
1786543560,64.29,64.29,64.24,64.24,64.18,63.84,,,,,,,,,,,,,,,,,,,,,,,,,,,,,,,,,,,,,,,,,,,,,,,,,,,,2845,10248.65
1786543620,64.24,64.24,64.16,64.165,64.18,63.84,,,,,,,,,,,,,,,,,,,,,,,,,,,,,,,,,,,,,,,,,,,,,,,,,,,,6139,10180.7
1786543680,64.165,64.17,64.12,64.13,64.18,63.84,,,,,,,,,,,,,,,,,,,,,,,,,,,,,,,,,,,,,,,,,,,,,,,,,,,,6195,9940.15
1786543740,64.14,64.14,64.09,64.09,64.18,63.84,,,,,,,,,,,,,,,,,,,,,,,,,,,,,,,,,,,,,,,,,,,,,,,,,,,,1506,9747.3
1786543800,64.09,64.12,64.085,64.11,64.18,63.84,,,,,,,,,,,,,,,,,,,,,,,,,,,,,,,,,,,,,,,,,,,,,,,,,,,,5458,9598
1786543860,64.11,64.12,64.055,64.06,64.18,63.84,,,,,,,,,,,,,,,,,,,,,,,,,,,,,,,,,,,,,,,,,,,,,,,,,,,,6524,9757.7
1786543920,64.06,64.12,64.06,64.12,64.18,63.84,,,,,,,,,,,,,,,,,,,,,,,,,,,,,,,,,,,,,,,,,,,,,,,,,,,,3004,9628.75
1786543980,64.125,64.15,64.12,64.14,64.18,63.84,,,,,,,,,,,,,,,,,,,,,,,,,,,,,,,,,,,,,,,,,,,,,,,,,,,,2081,9533.25
1786544040,64.14,64.2,64.13,64.18,64.18,63.84,,,,,,,,,,,,,,,,,,,,,,,,,,,,,,,,,,,,,,,,,,,,,,,,,,,,4460,9563.7
1786544100,64.18,64.19,64.15,64.18,64.18,63.84,,,,,,,,,,,,,,,,,,,,,,,,,,,,,,,,,,,,,,,,,,,,,,,,,,,,3252,9289
1786544160,64.17,64.18,64.16,64.18,64.18,63.84,,,,,,,,,,,,,,,,,,,,,,,,,,,,,,,,,,,,,,,,,,,,,,,,,,,,3641,9141.55
1786544220,64.19,64.21,64.185,64.19,64.18,63.84,,,,,,,,,,,,,,,,,,,,,,,,,,,,,,,,,,,,,,,,,,,,,,,,,,,,5321,6535.15
1786544280,64.2,64.255,64.2,64.255,64.18,63.84,,,,,,,,,,,,,,,,,,,,,,,,,,,,,,,,,,,,,,,,,,,,,,,,,,,,4220,6430.5
1786544340,64.26,64.28,64.245,64.28,64.18,63.84,,,,,,,,,,,,,,,,,,,,,,,,,,,,,,,,,,,,,,,,,,,,,,,,,,,,4159,6337.25
1786544400,64.28,64.28,64.215,64.25,64.18,63.84,,,,,,,,,,,,,,,,,,,,,,,,,,,,,,,,,,,,,,,,,,,,,,,,,,,,4802,4730.8
1786544460,64.26,64.28,64.26,64.265,64.18,63.84,,,,,,,,,,,,,,,,,,,,,,,,,,,,,,,,,,,,,,,,,,,,,,,,,,,,2355,4414.55
1786544520,64.26,64.32,64.26,64.295,64.18,63.84,,,,,,,,,,,,,,,,,,,,,,,,,,,,,,,,,,,,,,,,,,,,,,,,,,,,7758,4525.25
1786544580,64.3,64.365,64.29,64.36,64.18,63.84,,,,,,,,,,,,,,,,,,,,,,,,,,,,,,,,,,,,,,,,,,,,,,,,,,,,4067,4434.45
1786544640,64.37,64.405,64.32,64.32,64.18,63.84,,,,,,,,,,,,,,,,,,,,,,,,,,,,,,,,,,,,,,,,,,,,,,,,,,,,7132,4559.75
1786544700,64.31,64.35,64.31,64.32,64.18,63.84,,,,,,,,,,,,,,,,,,,,,,,,,,,,,,,,,,,,,,,,,,,,,,,,,,,,5115,4501.7
1786544760,64.32,64.41,64.32,64.41,64.18,63.84,,,,,,,,,,,,,,,,,,,,,,,,,,,,,,,,,,,,,,,,,,,,,,,,,,,,7938,4756.35
1786544820,64.415,64.43,64.37,64.39,64.18,63.84,,,,,,,,,,,,,,,,,,,,,,,,,,,,,,,,,,,,,,,,,,,,,,,,,,,,35050,6201.9
1786544880,64.39,64.425,64.39,64.425,64.18,63.84,,,,,,,,,,,,,,,,,,,,,,,,,,,,,,,,,,,,,,,,,,,,,,,,,,,,4498,6117.05
1786544940,64.43,64.43,64.375,64.38,64.18,63.84,,,,,,,,,,,,,,,,,,,,,,,,,,,,,,,,,,,,,,,,,,,,,,,,,,,,4769,6280.2
1786545000,64.38,64.38,64.335,64.34,64.18,63.84,,,,,,,,,,,,,,,,,,,,,,,,,,,,,,,,,,,,,,,,,,,,,,,,,,,,4212,6217.9
1786545060,64.345,64.41,64.23,64.41,64.18,63.84,,,,,,,,,,,,,,,,,,,,,,,,,,,,,,,,,,,,,,,,,,,,,,,,,,,,24498,7116.6
1786545120,64.41,64.42,64.37,64.385,64.18,63.84,,,,,,,,,,,,,,,,,,,,,,,,,,,,,,,,,,,,,,,,,,,,,,,,,,,,4506,7191.7
1786545180,64.39,64.41,64.375,64.395,64.18,63.84,,,,,,,,,,,,,,,,,,,,,,,,,,,,,,,,,,,,,,,,,,,,,,,,,,,,3261,7250.7
1786545240,64.4,64.405,64.305,64.315,64.18,63.84,,,,,,,,,,,,,,,,,,,,,,,,,,,,,,,,,,,,,,,,,,,,,,,,,,,,10324,7543.9
1786545300,64.315,64.35,64.315,64.34,64.18,63.84,,,,,,,,,,,,,,,,,,,,,,,,,,,,,,,,,,,,,,,,,,,,,,,,,,,,3250,7543.8
1786545360,64.35,64.36,64.335,64.34,64.18,63.84,,,,,,,,,,,,,,,,,,,,,,,,,,,,,,,,,,,,,,,,,,,,,,,,,,,,3060,7514.75
1786545420,64.34,64.355,64.335,64.35,64.18,63.84,,,,,,,,,,,,,,,,,,,,,,,,,,,,,,,,,,,,,,,,,,,,,,,,,,,,4429,7470.15
1786545480,64.345,64.38,64.345,64.365,64.18,63.84,,,,,,,,,,,,,,,,,,,,,,,,,,,,,,,,,,,,,,,,,,,,,,,,,,,,5275,7522.9
1786545540,64.36,64.435,64.35,64.425,64.18,63.84,,,,,,,,,,,,,,,,,,,,,,,,,,,,,,,,,,,,,,,,,,,,,,,,,,,,14273,8028.6
1786545600,64.415,64.43,64.37,64.37,64.18,63.84,,,,,,,,,,,,,,,,,,,,,,,,,,,,,,,,,,,,,,,,,,,,,,,,,,,,20838,8830.4
1786545660,64.38,64.41,64.38,64.405,64.18,63.84,,,,,,,,,,,,,,,,,,,,,,,,,,,,,,,,,,,,,,,,,,,,,,,,,,,,6734,9049.35
1786545720,64.4,64.44,64.395,64.44,64.18,63.84,,,,,,,,,,,,,,,,,,,,,,,,,,,,,,,,,,,,,,,,,,,,,,,,,,,,6745,8998.7
1786545780,64.45,64.455,64.44,64.45,64.18,63.84,,,,,,,,,,,,,,,,,,,,,,,,,,,,,,,,,,,,,,,,,,,,,,,,,,,,3989,8994.8
1786545840,64.44,64.445,64.41,64.42,64.18,63.84,,,,,,,,,,,,,,,,,,,,,,,,,,,,,,,,,,,,,,,,,,,,,,,,,,,,2605,8768.45
1786545900,64.43,64.455,64.43,64.45,64.18,63.84,,,,,,,,,,,,,,,,,,,,,,,,,,,,,,,,,,,,,,,,,,,,,,,,,,,,6618,8843.6
1786545960,64.44,64.455,64.44,64.45,64.18,63.84,,,,,,,,,,,,,,,,,,,,,,,,,,,,,,,,,,,,,,,,,,,,,,,,,,,,2488,8571.1
1786546020,64.44,64.44,64.4,64.41,64.18,63.84,,,,,,,,,,,,,,,,,,,,,,,,,,,,,,,,,,,,,,,,,,,,,,,,,,,,5454,7091.3
1786546080,64.4,64.41,64.36,64.36,64.18,63.84,,,,,,,,,,,,,,,,,,,,,,,,,,,,,,,,,,,,,,,,,,,,,,,,,,,,39602,8846.5
1786546140,64.365,64.4,64.35,64.39,64.18,63.84,,,,,,,,,,,,,,,,,,,,,,,,,,,,,,,,,,,,,,,,,,,,,,,,,,,,7886,9002.35
1786546200,64.4,64.42,64.4,64.42,64.18,63.84,,,,,,,,,,,,,,,,,,,,,,,,,,,,,,,,,,,,,,,,,,,,,,,,,,,,2815,8932.5
1786546260,64.415,64.415,64.39,64.4,64.18,63.84,,,,,,,,,,,,,,,,,,,,,,,,,,,,,,,,,,,,,,,,,,,,,,,,,,,,5548,7985
1786546320,64.39,64.39,64.345,64.38,64.18,63.84,,,,,,,,,,,,,,,,,,,,,,,,,,,,,,,,,,,,,,,,,,,,,,,,,,,,6322,8075.8
1786546380,64.39,64.395,64.365,64.375,64.18,63.84,,,,,,,,,,,,,,,,,,,,,,,,,,,,,,,,,,,,,,,,,,,,,,,,,,,,5783,8201.9
1786546440,64.38,64.39,64.34,64.34,64.18,63.84,,,,,,,,,,,,,,,,,,,,,,,,,,,,,,,,,,,,,,,,,,,,,,,,,,,,4758,7923.6
1786546500,64.35,64.365,64.335,64.35,64.18,63.84,,,,,,,,,,,,,,,,,,,,,,,,,,,,,,,,,,,,,,,,,,,,,,,,,,,,5806,8051.4
1786546560,64.36,64.375,64.345,64.375,64.18,63.84,,,,,,,,,,,,,,,,,,,,,,,,,,,,,,,,,,,,,,,,,,,,,,,,,,,,1678,7982.3
1786546620,64.375,64.395,64.36,64.37,64.18,63.84,,,,,,,,,,,,,,,,,,,,,,,,,,,,,,,,,,,,,,,,,,,,,,,,,,,,6035,8062.6
1786546680,64.365,64.37,64.32,64.37,64.18,63.84,,,,,,,,,,,,,,,,,,,,,,,,,,,,,,,,,,,,,,,,,,,,,,,,,,,,10487,8323.2
1786546740,64.37,64.37,64.35,64.36,64.18,63.84,,,,,,,,,,,,,,,,,,,,,,,,,,,,,,,,,,,,,,,,,,,,,,,,,,,,3054,7762.25
1786546800,64.36,64.37,64.35,64.35,64.18,63.84,,,,,,,,,,,,,,,,,,,,,,,,,,,,,,,,,,,,,,,,,,,,,,,,,,,,2719,6856.3
1786546860,64.36,64.37,64.35,64.36,64.18,63.84,,,,,,,,,,,,,,,,,,,,,,,,,,,,,,,,,,,,,,,,,,,,,,,,,,,,3755,6707.35
1786546920,64.36,64.385,64.355,64.385,64.18,63.84,,,,,,,,,,,,,,,,,,,,,,,,,,,,,,,,,,,,,,,,,,,,,,,,,,,,4160,6578.1
1786546980,64.38,64.415,64.37,64.4,64.18,63.84,,,,,,,,,,,,,,,,,,,,,,,,,,,,,,,,,,,,,,,,,,,,,,,,,,,,9391,6848.2
1786547040,64.41,64.42,64.4,64.4,64.18,63.84,,,,,,,,,,,,,,,,,,,,,,,,,,,,,,,,,,,,,,,,,,,,,,,,,,,,3350,6885.45
1786547100,64.39,64.39,64.37,64.37,64.18,63.84,,,,,,,,,,,,,,,,,,,,,,,,,,,,,,,,,,,,,,,,,,,,,,,,,,,,1666,6637.85
1786547160,64.375,64.43,64.375,64.43,64.18,63.84,,,,,,,,,,,,,,,,,,,,,,,,,,,,,,,,,,,,,,,,,,,,,,,,,,,,6448,6835.85
1786547220,64.44,64.46,64.41,64.42,64.18,63.84,,,,,,,,,,,,,,,,,,,,,,,,,,,,,,,,,,,,,,,,,,,,,,,,,,,,7425,6934.4
1786547280,64.42,64.42,64.405,64.42,64.18,63.84,,,,,,,,,,,,,,,,,,,,,,,,,,,,,,,,,,,,,,,,,,,,,,,,,,,,2778,5093.2
1786547340,64.42,64.43,64.41,64.42,64.18,63.84,,,,,,,,,,,,,,,,,,,,,,,,,,,,,,,,,,,,,,,,,,,,,,,,,,,,3853,4891.55
1786547400,64.42,64.43,64.4,64.425,64.18,63.84,,,,,,,,,,,,,,,,,,,,,,,,,,,,,,,,,,,,,,,,,,,,,,,,,,,,7193,5110.45
1786547460,64.43,64.44,64.41,64.41,64.18,63.84,,,,,,,,,,,,,,,,,,,,,,,,,,,,,,,,,,,,,,,,,,,,,,,,,,,,4946,5080.35
1786547520,64.41,64.445,64.4,64.43,64.18,63.84,,,,,,,,,,,,,,,,,,,,,,,,,,,,,,,,,,,,,,,,,,,,,,,,,,,,6087,5068.6
1786547580,64.425,64.425,64.4,64.41,64.18,63.84,,,,,,,,,,,,,,,,,,,,,,,,,,,,,,,,,,,,,,,,,,,,,,,,,,,,4282,4993.55
1786547640,64.4,64.41,64.38,64.38,64.18,63.84,,,,,,,,,,,,,,,,,,,,,,,,,,,,,,,,,,,,,,,,,,,,,,,,,,,,4058,4958.55
1786547700,64.385,64.385,64.36,64.365,64.18,63.84,,,,,,,,,,,,,,,,,,,,,,,,,,,,,,,,,,,,,,,,,,,,,,,,,,,,5035,4920
1786547760,64.365,64.39,64.365,64.375,64.18,63.84,,,,,,,,,,,,,,,,,,,,,,,,,,,,,,,,,,,,,,,,,,,,,,,,,,,,7683,5220.25
1786547820,64.375,64.39,64.34,64.38,64.18,63.84,,,,,,,,,,,,,,,,,,,,,,,,,,,,,,,,,,,,,,,,,,,,,,,,,,,,12932,5565.1
1786547880,64.375,64.375,64.36,64.36,64.18,63.84,,,,,,,,,,,,,,,,,,,,,,,,,,,,,,,,,,,,,,,,,,,,,,,,,,,,3516,5216.55
1786547940,64.37,64.38,64.36,64.38,64.18,63.84,,,,,,,,,,,,,,,,,,,,,,,,,,,,,,,,,,,,,,,,,,,,,,,,,,,,7356,5431.65
1786548000,64.38,64.39,64.36,64.37,64.18,63.84,,,,,,,,,,,,,,,,,,,,,,,,,,,,,,,,,,,,,,,,,,,,,,,,,,,,6376,5614.5
1786548060,64.37,64.38,64.365,64.38,64.18,63.84,,,,,,,,,,,,,,,,,,,,,,,,,,,,,,,,,,,,,,,,,,,,,,,,,,,,2774,5565.45
1786548120,64.375,64.4,64.37,64.395,64.18,63.84,,,,,,,,,,,,,,,,,,,,,,,,,,,,,,,,,,,,,,,,,,,,,,,,,,,,2557,5485.3
1786548180,64.4,64.41,64.4,64.41,64.18,63.84,,,,,,,,,,,,,,,,,,,,,,,,,,,,,,,,,,,,,,,,,,,,,,,,,,,,1333,5082.4
1786548240,64.4,64.445,64.39,64.445,64.18,63.84,,,,,,,,,,,,,,,,,,,,,,,,,,,,,,,,,,,,,,,,,,,,,,,,,,,,5658,5197.8
1786548300,64.445,64.455,64.415,64.42,64.18,63.84,,,,,,,,,,,,,,,,,,,,,,,,,,,,,,,,,,,,,,,,,,,,,,,,,,,,9777,5603.35
1786548360,64.42,64.425,64.41,64.42,64.18,63.84,,,,,,,,,,,,,,,,,,,,,,,,,,,,,,,,,,,,,,,,,,,,,,,,,,,,2383,5400.1
1786548420,64.41,64.44,64.4,64.44,64.18,63.84,,,,,,,,,,,,,,,,,,,,,,,,,,,,,,,,,,,,,,,,,,,,,,,,,,,,3163,5187
1786548480,64.43,64.49,64.42,64.49,64.18,63.84,,,,,,,,,,,,,,,,,,,,,,,,,,,,,,,,,,,,,,,,,,,,,,,,,,,,7452,5420.7
1786548540,64.49,64.5,64.45,64.46,64.18,63.84,,,,,,,,,,,,,,,,,,,,,,,,,,,,,,,,,,,,,,,,,,,,,,,,,,,,35728,7014.45
1786548600,64.475,64.48,64.46,64.48,64.18,63.84,,,,,,,,,,,,,,,,,,,,,,,,,,,,,,,,,,,,,,,,,,,,,,,,,,,,4199,6864.75
1786548660,64.48,64.48,64.47,64.47,64.18,63.84,,,,,,,,,,,,,,,,,,,,,,,,,,,,,,,,,,,,,,,,,,,,,,,,,,,,1497,6692.3
1786548720,64.47,64.5,64.47,64.5,64.18,63.84,,,,,,,,,,,,,,,,,,,,,,,,,,,,,,,,,,,,,,,,,,,,,,,,,,,,1118,6443.85
1786548780,64.5,64.555,64.5,64.55,64.18,63.84,,,,,,,,,,,,,,,,,,,,,,,,,,,,,,,,,,,,,,,,,,,,,,,,,,,,32991,7879.3
1786548840,64.54,64.54,64.52,64.525,64.18,63.84,,,,,,,,,,,,,,,,,,,,,,,,,,,,,,,,,,,,,,,,,,,,,,,,,,,,2634,7808.1
1786548900,64.52,64.52,64.495,64.495,64.18,63.84,,,,,,,,,,,,,,,,,,,,,,,,,,,,,,,,,,,,,,,,,,,,,,,,,,,,2866,7699.65
1786548960,64.5,64.525,64.5,64.52,64.18,63.84,,,,,,,,,,,,,,,,,,,,,,,,,,,,,,,,,,,,,,,,,,,,,,,,,,,,10499,7840.45
1786549020,64.53,64.56,64.53,64.56,64.18,63.84,,,,,,,,,,,,,,,,,,,,,,,,,,,,,,,,,,,,,,,,,,,,,,,,,,,,5119,7449.8
1786549080,64.565,64.575,64.565,64.57,64.18,63.84,,,,,,,,,,,,,,,,,,,,,,,,,,,,,,,,,,,,,,,,,,,,,,,,,,,,893,7318.65
1786549140,64.575,64.585,64.54,64.545,64.18,63.84,,,,,,,,,,,,,,,,,,,,,,,,,,,,,,,,,,,,,,,,,,,,,,,,,,,,3959,7148.8
1786549200,64.555,64.565,64.54,64.56,64.18,63.84,,,,,,,,,,,,,,,,,,,,,,,,,,,,,,,,,,,,,,,,,,,,,,,,,,,,1416,6900.8
1786549260,64.57,64.605,64.57,64.605,64.18,63.84,,,,,,,,,,,,,,,,,,,,,,,,,,,,,,,,,,,,,,,,,,,,,,,,,,,,5203,7022.25
1786549320,64.6,64.63,64.6,64.61,64.18,63.84,,,,,,,,,,,,,,,,,,,,,,,,,,,,,,,,,,,,,,,,,,,,,,,,,,,,55263,9657.55
1786549380,64.605,64.67,64.6,64.67,64.18,63.84,,,,,,,,,,,,,,,,,,,,,,,,,,,,,,,,,,,,,,,,,,,,,,,,,,,,13043,10243.05
1786549440,64.68,64.705,64.68,64.695,64.18,63.84,,,,,,,,,,,,,,,,,,,,,,,,,,,,,,,,,,,,,,,,,,,,,,,,,,,,4865,10203.4
1786549500,64.695,64.71,64.67,64.67,64.18,63.84,,,,,,,,,,,,,,,,,,,,,,,,,,,,,,,,,,,,,,,,,,,,,,,,,,,,5309,9980
1786549560,64.67,64.69,64.66,64.69,64.18,63.84,,,,,,,,,,,,,,,,,,,,,,,,,,,,,,,,,,,,,,,,,,,,,,,,,,,,2496,9985.65
1786549620,64.69,64.69,64.665,64.665,64.18,63.84,,,,,,,,,,,,,,,,,,,,,,,,,,,,,,,,,,,,,,,,,,,,,,,,,,,,1409,9897.95
1786549680,64.66,64.665,64.64,64.645,64.18,63.84,,,,,,,,,,,,,,,,,,,,,,,,,,,,,,,,,,,,,,,,,,,,,,,,,,,,3016,9676.15
1786549740,64.65,64.695,64.65,64.685,64.18,63.84,,,,,,,,,,,,,,,,,,,,,,,,,,,,,,,,,,,,,,,,,,,,,,,,,,,,7296,8254.55
1786549800,64.685,64.685,64.63,64.635,64.18,63.84,,,,,,,,,,,,,,,,,,,,,,,,,,,,,,,,,,,,,,,,,,,,,,,,,,,,4791,8284.15
1786549860,64.63,64.65,64.63,64.65,64.18,63.84,,,,,,,,,,,,,,,,,,,,,,,,,,,,,,,,,,,,,,,,,,,,,,,,,,,,7335,8576.05
1786549920,64.65,64.655,64.64,64.655,64.18,63.84,,,,,,,,,,,,,,,,,,,,,,,,,,,,,,,,,,,,,,,,,,,,,,,,,,,,7863,8913.3
1786549980,64.655,64.68,64.65,64.675,64.18,63.84,,,,,,,,,,,,,,,,,,,,,,,,,,,,,,,,,,,,,,,,,,,,,,,,,,,,1529,7340.2
1786550040,64.67,64.67,64.62,64.62,64.18,63.84,,,,,,,,,,,,,,,,,,,,,,,,,,,,,,,,,,,,,,,,,,,,,,,,,,,,11653,7791.15
1786550100,64.62,64.63,64.595,64.6,64.18,63.84,,,,,,,,,,,,,,,,,,,,,,,,,,,,,,,,,,,,,,,,,,,,,,,,,,,,3594,7827.55
1786550160,64.61,64.625,64.61,64.625,64.18,63.84,,,,,,,,,,,,,,,,,,,,,,,,,,,,,,,,,,,,,,,,,,,,,,,,,,,,574,7331.3
1786550220,64.62,64.63,64.62,64.63,64.18,63.84,,,,,,,,,,,,,,,,,,,,,,,,,,,,,,,,,,,,,,,,,,,,,,,,,,,,1173,7134
1786550280,64.635,64.64,64.63,64.635,64.18,63.84,,,,,,,,,,,,,,,,,,,,,,,,,,,,,,,,,,,,,,,,,,,,,,,,,,,,3047,7241.7
1786550340,64.63,64.685,64.63,64.68,64.18,63.84,,,,,,,,,,,,,,,,,,,,,,,,,,,,,,,,,,,,,,,,,,,,,,,,,,,,3910,7239.25
1786550400,64.67,64.68,64.65,64.66,64.18,63.84,,,,,,,,,,,,,,,,,,,,,,,,,,,,,,,,,,,,,,,,,,,,,,,,,,,,1256,7231.25
1786550460,64.67,64.675,64.66,64.66,64.18,63.84,,,,,,,,,,,,,,,,,,,,,,,,,,,,,,,,,,,,,,,,,,,,,,,,,,,,1195,7030.85
1786550520,64.665,64.67,64.65,64.65,64.18,63.84,,,,,,,,,,,,,,,,,,,,,,,,,,,,,,,,,,,,,,,,,,,,,,,,,,,,570,4296.2
1786550580,64.66,64.67,64.65,64.66,64.18,63.84,,,,,,,,,,,,,,,,,,,,,,,,,,,,,,,,,,,,,,,,,,,,,,,,,,,,3235,3805.8
1786550640,64.66,64.66,64.66,64.66,64.18,63.84,,,,,,,,,,,,,,,,,,,,,,,,,,,,,,,,,,,,,,,,,,,,,,,,,,,,853,3605.2
1786550700,64.655,64.66,64.655,64.66,64.18,63.84,,,,,,,,,,,,,,,,,,,,,,,,,,,,,,,,,,,,,,,,,,,,,,,,,,,,446,3362.05
1786550760,64.655,64.66,64.64,64.66,64.18,63.84,,,,,,,,,,,,,,,,,,,,,,,,,,,,,,,,,,,,,,,,,,,,,,,,,,,,2080,3341.25
1786550820,64.65,64.655,64.59,64.63,64.18,63.84,,,,,,,,,,,,,,,,,,,,,,,,,,,,,,,,,,,,,,,,,,,,,,,,,,,,22932,4417.4
1786550880,64.63,64.63,64.575,64.58,64.18,63.84,,,,,,,,,,,,,,,,,,,,,,,,,,,,,,,,,,,,,,,,,,,,,,,,,,,,2569,4395.05
1786550940,64.57,64.57,64.545,64.545,64.18,63.84,,,,,,,,,,,,,,,,,,,,,,,,,,,,,,,,,,,,,,,,,,,,,,,,,,,,1517,4106.1
1786551000,64.54,64.54,64.525,64.535,64.18,63.84,,,,,,,,,,,,,,,,,,,,,,,,,,,,,,,,,,,,,,,,,,,,,,,,,,,,1631,3948.1
1786551060,64.535,64.555,64.525,64.555,64.18,63.84,,,,,,,,,,,,,,,,,,,,,,,,,,,,,,,,,,,,,,,,,,,,,,,,,,,,4806,3821.65
1786551120,64.551,64.58,64.54,64.58,64.18,63.84,,,,,,,,,,,,,,,,,,,,,,,,,,,,,,,,,,,,,,,,,,,,,,,,,,,,2821,3569.55
1786551180,64.575,64.58,64.565,64.575,64.18,63.84,,,,,,,,,,,,,,,,,,,,,,,,,,,,,,,,,,,,,,,,,,,,,,,,,,,,2299,3608.05
1786551240,64.58,64.585,64.56,64.565,64.18,63.84,,,,,,,,,,,,,,,,,,,,,,,,,,,,,,,,,,,,,,,,,,,,,,,,,,,,1125,3081.65
1786551300,64.56,64.565,64.56,64.565,64.18,63.84,,,,,,,,,,,,,,,,,,,,,,,,,,,,,,,,,,,,,,,,,,,,,,,,,,,,706,2937.25
1786551360,64.57,64.58,64.57,64.575,64.18,63.84,,,,,,,,,,,,,,,,,,,,,,,,,,,,,,,,,,,,,,,,,,,,,,,,,,,,1010,2959.05
1786551420,64.57,64.58,64.56,64.57,64.18,63.84,,,,,,,,,,,,,,,,,,,,,,,,,,,,,,,,,,,,,,,,,,,,,,,,,,,,1219,2961.35
1786551480,64.59,64.6,64.58,64.6,64.18,63.84,,,,,,,,,,,,,,,,,,,,,,,,,,,,,,,,,,,,,,,,,,,,,,,,,,,,1198,2868.9
1786551540,64.59,64.605,64.59,64.6,64.18,63.84,,,,,,,,,,,,,,,,,,,,,,,,,,,,,,,,,,,,,,,,,,,,,,,,,,,,4051,2875.95
1786551600,64.59,64.615,64.59,64.61,64.18,63.84,,,,,,,,,,,,,,,,,,,,,,,,,,,,,,,,,,,,,,,,,,,,,,,,,,,,6214,3123.85
1786551660,64.61,64.615,64.6,64.615,64.18,63.84,,,,,,,,,,,,,,,,,,,,,,,,,,,,,,,,,,,,,,,,,,,,,,,,,,,,2898,3209
1786551720,64.615,64.615,64.6,64.6,64.18,63.84,,,,,,,,,,,,,,,,,,,,,,,,,,,,,,,,,,,,,,,,,,,,,,,,,,,,4071,3384.05
1786551780,64.605,64.635,64.605,64.635,64.18,63.84,,,,,,,,,,,,,,,,,,,,,,,,,,,,,,,,,,,,,,,,,,,,,,,,,,,,3661,3405.35
1786551840,64.635,64.64,64.62,64.63,64.18,63.84,,,,,,,,,,,,,,,,,,,,,,,,,,,,,,,,,,,,,,,,,,,,,,,,,,,,1278,3426.6
1786551900,64.635,64.64,64.62,64.62,64.18,63.84,,,,,,,,,,,,,,,,,,,,,,,,,,,,,,,,,,,,,,,,,,,,,,,,,,,,948,3451.7
1786551960,64.625,64.63,64.61,64.63,64.18,63.84,,,,,,,,,,,,,,,,,,,,,,,,,,,,,,,,,,,,,,,,,,,,,,,,,,,,1418,3418.6
1786552020,64.63,64.63,64.62,64.62,64.18,63.84,,,,,,,,,,,,,,,,,,,,,,,,,,,,,,,,,,,,,,,,,,,,,,,,,,,,4523,2498.15
1786552080,64.62,64.62,64.6,64.6,64.18,63.84,,,,,,,,,,,,,,,,,,,,,,,,,,,,,,,,,,,,,,,,,,,,,,,,,,,,3245,2531.95
1786552140,64.6,64.62,64.6,64.61,64.18,63.84,,,,,,,,,,,,,,,,,,,,,,,,,,,,,,,,,,,,,,,,,,,,,,,,,,,,5406,2726.4
1786552200,64.605,64.61,64.59,64.6,64.18,63.84,,,,,,,,,,,,,,,,,,,,,,,,,,,,,,,,,,,,,,,,,,,,,,,,,,,,2924,2791.05
1786552260,64.6,64.61,64.6,64.61,64.18,63.84,,,,,,,,,,,,,,,,,,,,,,,,,,,,,,,,,,,,,,,,,,,,,,,,,,,,3100,2705.75
1786552320,64.605,64.605,64.575,64.575,64.18,63.84,,,,,,,,,,,,,,,,,,,,,,,,,,,,,,,,,,,,,,,,,,,,,,,,,,,,4547,2792.05
1786552380,64.575,64.59,64.54,64.55,64.18,63.84,,,,,,,,,,,,,,,,,,,,,,,,,,,,,,,,,,,,,,,,,,,,,,,,,,,,7913,3072.75
1786552440,64.56,64.575,64.56,64.575,64.18,63.84,,,,,,,,,,,,,,,,,,,,,,,,,,,,,,,,,,,,,,,,,,,,,,,,,,,,906,3061.8
1786552500,64.575,64.585,64.565,64.565,64.18,63.84,,,,,,,,,,,,,,,,,,,,,,,,,,,,,,,,,,,,,,,,,,,,,,,,,,,,1871,3120.05
1786552560,64.58,64.595,64.58,64.585,64.18,63.84,,,,,,,,,,,,,,,,,,,,,,,,,,,,,,,,,,,,,,,,,,,,,,,,,,,,1428,3140.95
1786552620,64.58,64.59,64.58,64.59,64.18,63.84,,,,,,,,,,,,,,,,,,,,,,,,,,,,,,,,,,,,,,,,,,,,,,,,,,,,1849,3172.45
1786552680,64.58,64.59,64.54,64.54,64.18,63.84,,,,,,,,,,,,,,,,,,,,,,,,,,,,,,,,,,,,,,,,,,,,,,,,,,,,3351,3280.1
1786552740,64.545,64.57,64.545,64.57,64.18,63.84,,,,,,,,,,,,,,,,,,,,,,,,,,,,,,,,,,,,,,,,,,,,,,,,,,,,1424,3148.75
1786552800,64.57,64.57,64.545,64.545,64.18,63.84,,,,,,,,,,,,,,,,,,,,,,,,,,,,,,,,,,,,,,,,,,,,,,,,,,,,1985,2937.3
1786552860,64.55,64.55,64.54,64.545,64.18,63.84,,,,,,,,,,,,,,,,,,,,,,,,,,,,,,,,,,,,,,,,,,,,,,,,,,,,2104,2897.6
1786552920,64.545,64.56,64.54,64.56,64.18,63.84,,,,,,,,,,,,,,,,,,,,,,,,,,,,,,,,,,,,,,,,,,,,,,,,,,,,1064,2747.25
1786552980,64.555,64.565,64.555,64.56,64.18,63.84,,,,,,,,,,,,,,,,,,,,,,,,,,,,,,,,,,,,,,,,,,,,,,,,,,,,2697,2699.05
1786553040,64.555,64.58,64.555,64.57,64.18,63.84,,,,,,,,,,,,,,,,,,,,,,,,,,,,,,,,,,,,,,,,,,,,,,,,,,,,2117,2741
1786553100,64.57,64.57,64.56,64.56,64.18,63.84,,,,,,,,,,,,,,,,,,,,,,,,,,,,,,,,,,,,,,,,,,,,,,,,,,,,1122,2749.7
1786553160,64.56,64.6,64.56,64.58,64.18,63.84,,,,,,,,,,,,,,,,,,,,,,,,,,,,,,,,,,,,,,,,,,,,,,,,,,,,3690,2863.3
1786553220,64.57,64.595,64.57,64.59,64.18,63.84,,,,,,,,,,,,,,,,,,,,,,,,,,,,,,,,,,,,,,,,,,,,,,,,,,,,195,2646.9
1786553280,64.59,64.6,64.58,64.59,64.18,63.84,,,,,,,,,,,,,,,,,,,,,,,,,,,,,,,,,,,,,,,,,,,,,,,,,,,,3271,2648.2
1786553340,64.58,64.585,64.58,64.58,64.18,63.84,,,,,,,,,,,,,,,,,,,,,,,,,,,,,,,,,,,,,,,,,,,,,,,,,,,,318,2393.8
1786553400,64.585,64.585,64.575,64.58,64.18,63.84,,,,,,,,,,,,,,,,,,,,,,,,,,,,,,,,,,,,,,,,,,,,,,,,,,,,1828,2339
1786553460,64.58,64.59,64.57,64.58,64.18,63.84,,,,,,,,,,,,,,,,,,,,,,,,,,,,,,,,,,,,,,,,,,,,,,,,,,,,3733,2370.65
1786553520,64.58,64.59,64.57,64.575,64.18,63.84,,,,,,,,,,,,,,,,,,,,,,,,,,,,,,,,,,,,,,,,,,,,,,,,,,,,2895,2288.05
1786553580,64.57,64.575,64.57,64.57,64.18,63.84,,,,,,,,,,,,,,,,,,,,,,,,,,,,,,,,,,,,,,,,,,,,,,,,,,,,750,1929.9
1786553640,64.56,64.565,64.55,64.55,64.18,63.84,,,,,,,,,,,,,,,,,,,,,,,,,,,,,,,,,,,,,,,,,,,,,,,,,,,,2113,1990.25
1786553700,64.54,64.54,64.53,64.53,64.18,63.84,,,,,,,,,,,,,,,,,,,,,,,,,,,,,,,,,,,,,,,,,,,,,,,,,,,,1329,1963.15
1786553760,64.52,64.54,64.52,64.54,64.18,63.84,,,,,,,,,,,,,,,,,,,,,,,,,,,,,,,,,,,,,,,,,,,,,,,,,,,,14369,2610.2
1786553820,64.53,64.53,64.525,64.53,64.18,63.84,,,,,,,,,,,,,,,,,,,,,,,,,,,,,,,,,,,,,,,,,,,,,,,,,,,,685,2552
1786553880,64.525,64.54,64.525,64.54,64.18,63.84,,,,,,,,,,,,,,,,,,,,,,,,,,,,,,,,,,,,,,,,,,,,,,,,,,,,535,2411.2
1786553940,64.535,64.555,64.53,64.555,64.18,63.84,,,,,,,,,,,,,,,,,,,,,,,,,,,,,,,,,,,,,,,,,,,,,,,,,,,,3464,2513.2
1786554000,64.555,64.555,64.51,64.51,64.18,63.84,,,,,,,,,,,,,,,,,,,,,,,,,,,,,,,,,,,,,,,,,,,,,,,,,,,,2617,2544.8
1786554060,64.51,64.53,64.51,64.53,64.18,63.84,,,,,,,,,,,,,,,,,,,,,,,,,,,,,,,,,,,,,,,,,,,,,,,,,,,,1551,2517.15
1786554120,64.53,64.55,64.525,64.55,64.18,63.84,,,,,,,,,,,,,,,,,,,,,,,,,,,,,,,,,,,,,,,,,,,,,,,,,,,,2797,2603.8
1786554180,64.54,64.55,64.535,64.535,64.18,63.84,,,,,,,,,,,,,,,,,,,,,,,,,,,,,,,,,,,,,,,,,,,,,,,,,,,,1541,2546
1786554240,64.53,64.54,64.53,64.54,64.18,63.84,,,,,,,,,,,,,,,,,,,,,,,,,,,,,,,,,,,,,,,,,,,,,,,,,,,,919,2486.1
1786554300,64.54,64.54,64.5,64.515,64.18,63.84,,,,,,,,,,,,,,,,,,,,,,,,,,,,,,,,,,,,,,,,,,,,,,,,,,,,3900,2625
1786554360,64.52,64.55,64.52,64.545,64.18,63.84,,,,,,,,,,,,,,,,,,,,,,,,,,,,,,,,,,,,,,,,,,,,,,,,,,,,3410,2611
1786554420,64.55,64.565,64.545,64.55,64.18,63.84,,,,,,,,,,,,,,,,,,,,,,,,,,,,,,,,,,,,,,,,,,,,,,,,,,,,7281,2965.3
1786554480,64.54,64.54,64.54,64.54,64.18,63.84,,,,,,,,,,,,,,,,,,,,,,,,,,,,,,,,,,,,,,,,,,,,,,,,,,,,105,2807
1786554540,64.53,64.53,64.52,64.525,64.18,63.84,,,,,,,,,,,,,,,,,,,,,,,,,,,,,,,,,,,,,,,,,,,,,,,,,,,,765,2829.35
1786554600,64.525,64.54,64.525,64.54,64.18,63.84,,,,,,,,,,,,,,,,,,,,,,,,,,,,,,,,,,,,,,,,,,,,,,,,,,,,2145,2845.2
1786554660,64.54,64.55,64.54,64.55,64.18,63.84,,,,,,,,,,,,,,,,,,,,,,,,,,,,,,,,,,,,,,,,,,,,,,,,,,,,2399,2778.5
1786554720,64.55,64.55,64.535,64.535,64.18,63.84,,,,,,,,,,,,,,,,,,,,,,,,,,,,,,,,,,,,,,,,,,,,,,,,,,,,297,2648.6
1786554780,64.535,64.54,64.535,64.54,64.18,63.84,,,,,,,,,,,,,,,,,,,,,,,,,,,,,,,,,,,,,,,,,,,,,,,,,,,,1392,2680.7
1786554840,64.54,64.55,64.54,64.545,64.18,63.84,,,,,,,,,,,,,,,,,,,,,,,,,,,,,,,,,,,,,,,,,,,,,,,,,,,,85,2579.3
1786554900,64.55,64.55,64.54,64.55,64.18,63.84,,,,,,,,,,,,,,,,,,,,,,,,,,,,,,,,,,,,,,,,,,,,,,,,,,,,1397,2582.7
1786554960,64.55,64.565,64.55,64.555,64.18,63.84,,,,,,,,,,,,,,,,,,,,,,,,,,,,,,,,,,,,,,,,,,,,,,,,,,,,2370,1982.75
1786555020,64.555,64.565,64.55,64.56,64.18,63.84,,,,,,,,,,,,,,,,,,,,,,,,,,,,,,,,,,,,,,,,,,,,,,,,,,,,1458,2021.4
1786555080,64.56,64.56,64.555,64.56,64.18,63.84,,,,,,,,,,,,,,,,,,,,,,,,,,,,,,,,,,,,,,,,,,,,,,,,,,,,1436,2066.45
1786555140,64.565,64.565,64.55,64.55,64.18,63.84,,,,,,,,,,,,,,,,,,,,,,,,,,,,,,,,,,,,,,,,,,,,,,,,,,,,1793,1982.9
1786555200,64.555,64.56,64.53,64.53,64.18,63.84,,,,,,,,,,,,,,,,,,,,,,,,,,,,,,,,,,,,,,,,,,,,,,,,,,,,1004,1902.25
1786555260,64.53,64.535,64.52,64.53,64.18,63.84,,,,,,,,,,,,,,,,,,,,,,,,,,,,,,,,,,,,,,,,,,,,,,,,,,,,1637,1906.55
1786555320,64.535,64.54,64.53,64.54,64.18,63.84,,,,,,,,,,,,,,,,,,,,,,,,,,,,,,,,,,,,,,,,,,,,,,,,,,,,109,1772.15
1786555380,64.535,64.56,64.535,64.55,64.18,63.84,,,,,,,,,,,,,,,,,,,,,,,,,,,,,,,,,,,,,,,,,,,,,,,,,,,,2210,1805.6
1786555440,64.55,64.555,64.55,64.555,64.18,63.84,,,,,,,,,,,,,,,,,,,,,,,,,,,,,,,,,,,,,,,,,,,,,,,,,,,,2653,1892.3
1786555500,64.555,64.58,64.55,64.58,64.18,63.84,,,,,,,,,,,,,,,,,,,,,,,,,,,,,,,,,,,,,,,,,,,,,,,,,,,,3217,1858.15
1786555560,64.58,64.61,64.575,64.61,64.18,63.84,,,,,,,,,,,,,,,,,,,,,,,,,,,,,,,,,,,,,,,,,,,,,,,,,,,,3687,1872
1786555620,64.605,64.605,64.585,64.59,64.18,63.84,,,,,,,,,,,,,,,,,,,,,,,,,,,,,,,,,,,,,,,,,,,,,,,,,,,,3942,1705.05
1786555680,64.59,64.595,64.59,64.595,64.18,63.84,,,,,,,,,,,,,,,,,,,,,,,,,,,,,,,,,,,,,,,,,,,,,,,,,,,,659,1732.75
1786555740,64.6,64.625,64.59,64.62,64.18,63.84,,,,,,,,,,,,,,,,,,,,,,,,,,,,,,,,,,,,,,,,,,,,,,,,,,,,8360,2112.5
1786555800,64.61,64.62,64.605,64.605,64.18,63.84,,,,,,,,,,,,,,,,,,,,,,,,,,,,,,,,,,,,,,,,,,,,,,,,,,,,725,2041.5
1786555860,64.61,64.62,64.6,64.61,64.18,63.84,,,,,,,,,,,,,,,,,,,,,,,,,,,,,,,,,,,,,,,,,,,,,,,,,,,,987,1970.9
1786555920,64.62,64.62,64.6,64.605,64.18,63.84,,,,,,,,,,,,,,,,,,,,,,,,,,,,,,,,,,,,,,,,,,,,,,,,,,,,443,1978.2
1786555980,64.6,64.6,64.585,64.585,64.18,63.84,,,,,,,,,,,,,,,,,,,,,,,,,,,,,,,,,,,,,,,,,,,,,,,,,,,,758,1946.5
1786556040,64.585,64.59,64.565,64.565,64.18,63.84,,,,,,,,,,,,,,,,,,,,,,,,,,,,,,,,,,,,,,,,,,,,,,,,,,,,1451,2014.8
1786556100,64.56,64.56,64.545,64.545,64.18,63.84,,,,,,,,,,,,,,,,,,,,,,,,,,,,,,,,,,,,,,,,,,,,,,,,,,,,1305,2010.2
1786556160,64.545,64.555,64.545,64.55,64.18,63.84,,,,,,,,,,,,,,,,,,,,,,,,,,,,,,,,,,,,,,,,,,,,,,,,,,,,6434,2213.4
1786556220,64.55,64.56,64.54,64.555,64.18,63.84,,,,,,,,,,,,,,,,,,,,,,,,,,,,,,,,,,,,,,,,,,,,,,,,,,,,1989,2239.95
1786556280,64.55,64.565,64.55,64.55,64.18,63.84,,,,,,,,,,,,,,,,,,,,,,,,,,,,,,,,,,,,,,,,,,,,,,,,,,,,4337,2385
1786556340,64.55,64.55,64.52,64.54,64.18,63.84,,,,,,,,,,,,,,,,,,,,,,,,,,,,,,,,,,,,,,,,,,,,,,,,,,,,3080,2449.35
1786556400,64.55,64.57,64.545,64.57,64.18,63.84,,,,,,,,,,,,,,,,,,,,,,,,,,,,,,,,,,,,,,,,,,,,,,,,,,,,2779,2538.1
1786556460,64.565,64.565,64.55,64.56,64.18,63.84,,,,,,,,,,,,,,,,,,,,,,,,,,,,,,,,,,,,,,,,,,,,,,,,,,,,2773,2594.9
1786556520,64.555,64.555,64.55,64.555,64.18,63.84,,,,,,,,,,,,,,,,,,,,,,,,,,,,,,,,,,,,,,,,,,,,,,,,,,,,2106,2694.75
1786556580,64.555,64.555,64.55,64.55,64.18,63.84,,,,,,,,,,,,,,,,,,,,,,,,,,,,,,,,,,,,,,,,,,,,,,,,,,,,1819,2675.2
1786556640,64.56,64.565,64.545,64.56,64.18,63.84,,,,,,,,,,,,,,,,,,,,,,,,,,,,,,,,,,,,,,,,,,,,,,,,,,,,3715,2728.3
1786556700,64.57,64.585,64.56,64.58,64.18,63.84,,,,,,,,,,,,,,,,,,,,,,,,,,,,,,,,,,,,,,,,,,,,,,,,,,,,781,2606.5
1786556760,64.585,64.61,64.58,64.61,64.18,63.84,,,,,,,,,,,,,,,,,,,,,,,,,,,,,,,,,,,,,,,,,,,,,,,,,,,,2390,2541.65
1786556820,64.6,64.6,64.59,64.6,64.18,63.84,,,,,,,,,,,,,,,,,,,,,,,,,,,,,,,,,,,,,,,,,,,,,,,,,,,,847,2386.9
1786556880,64.595,64.595,64.575,64.58,64.18,63.84,,,,,,,,,,,,,,,,,,,,,,,,,,,,,,,,,,,,,,,,,,,,,,,,,,,,3154,2511.65
1786556940,64.59,64.6,64.58,64.59,64.18,63.84,,,,,,,,,,,,,,,,,,,,,,,,,,,,,,,,,,,,,,,,,,,,,,,,,,,,986,2142.95
1786557000,64.6,64.605,64.59,64.605,64.18,63.84,,,,,,,,,,,,,,,,,,,,,,,,,,,,,,,,,,,,,,,,,,,,,,,,,,,,1006,2157
1786557060,64.605,64.61,64.605,64.61,64.18,63.84,,,,,,,,,,,,,,,,,,,,,,,,,,,,,,,,,,,,,,,,,,,,,,,,,,,,1185,2166.9
1786557120,64.615,64.62,64.61,64.62,64.18,63.84,,,,,,,,,,,,,,,,,,,,,,,,,,,,,,,,,,,,,,,,,,,,,,,,,,,,2628,2276.15
1786557180,64.61,64.62,64.59,64.59,64.18,63.84,,,,,,,,,,,,,,,,,,,,,,,,,,,,,,,,,,,,,,,,,,,,,,,,,,,,3338,2405.15
1786557240,64.58,64.59,64.57,64.57,64.18,63.84,,,,,,,,,,,,,,,,,,,,,,,,,,,,,,,,,,,,,,,,,,,,,,,,,,,,1079,2386.55
1786557300,64.58,64.59,64.57,64.59,64.18,63.84,,,,,,,,,,,,,,,,,,,,,,,,,,,,,,,,,,,,,,,,,,,,,,,,,,,,1147,2378.65
1786557360,64.59,64.605,64.59,64.605,64.18,63.84,,,,,,,,,,,,,,,,,,,,,,,,,,,,,,,,,,,,,,,,,,,,,,,,,,,,635,2088.7
1786557420,64.61,64.63,64.61,64.63,64.18,63.84,,,,,,,,,,,,,,,,,,,,,,,,,,,,,,,,,,,,,,,,,,,,,,,,,,,,2753,2126.9
1786557480,64.635,64.65,64.635,64.64,64.18,63.84,,,,,,,,,,,,,,,,,,,,,,,,,,,,,,,,,,,,,,,,,,,,,,,,,,,,708,1945.45
1786557540,64.645,64.645,64.63,64.63,64.18,63.84,,,,,,,,,,,,,,,,,,,,,,,,,,,,,,,,,,,,,,,,,,,,,,,,,,,,2335,1908.2
1786557600,64.625,64.65,64.625,64.63,64.18,63.84,,,,,,,,,,,,,,,,,,,,,,,,,,,,,,,,,,,,,,,,,,,,,,,,,,,,3369,1937.7
1786557660,64.63,64.64,64.63,64.635,64.18,63.84,,,,,,,,,,,,,,,,,,,,,,,,,,,,,,,,,,,,,,,,,,,,,,,,,,,,1224,1860.25
1786557720,64.64,64.645,64.64,64.64,64.18,63.84,,,,,,,,,,,,,,,,,,,,,,,,,,,,,,,,,,,,,,,,,,,,,,,,,,,,624,1786.15
1786557780,64.64,64.645,64.635,64.64,64.18,63.84,,,,,,,,,,,,,,,,,,,,,,,,,,,,,,,,,,,,,,,,,,,,,,,,,,,,683,1729.35
1786557840,64.64,64.64,64.62,64.62,64.18,63.84,,,,,,,,,,,,,,,,,,,,,,,,,,,,,,,,,,,,,,,,,,,,,,,,,,,,1013,1594.25
1786557900,64.62,64.64,64.62,64.64,64.18,63.84,,,,,,,,,,,,,,,,,,,,,,,,,,,,,,,,,,,,,,,,,,,,,,,,,,,,3332,1721.8
1786557960,64.65,64.675,64.65,64.675,64.18,63.84,,,,,,,,,,,,,,,,,,,,,,,,,,,,,,,,,,,,,,,,,,,,,,,,,,,,2351,1719.85
1786558020,64.675,64.68,64.665,64.68,64.18,63.84,,,,,,,,,,,,,,,,,,,,,,,,,,,,,,,,,,,,,,,,,,,,,,,,,,,,524,1703.7
1786558080,64.68,64.69,64.67,64.68,64.18,63.84,,,,,,,,,,,,,,,,,,,,,,,,,,,,,,,,,,,,,,,,,,,,,,,,,,,,3029,1697.45
1786558140,64.675,64.685,64.66,64.67,64.18,63.84,,,,,,,,,,,,,,,,,,,,,,,,,,,,,,,,,,,,,,,,,,,,,,,,,,,,2766,1786.45
1786558200,64.66,64.67,64.65,64.65,64.18,63.84,,,,,,,,,,,,,,,,,,,,,,,,,,,,,,,,,,,,,,,,,,,,,,,,,,,,1015,1786.9
1786558260,64.655,64.67,64.65,64.665,64.18,63.84,,,,,,,,,,,,,,,,,,,,,,,,,,,,,,,,,,,,,,,,,,,,,,,,,,,,2490,1852.15
1786558320,64.665,64.675,64.665,64.675,64.18,63.84,,,,,,,,,,,,,,,,,,,,,,,,,,,,,,,,,,,,,,,,,,,,,,,,,,,,345,1738
1786558380,64.68,64.705,64.67,64.7,64.18,63.84,,,,,,,,,,,,,,,,,,,,,,,,,,,,,,,,,,,,,,,,,,,,,,,,,,,,5313,1836.75
1786558440,64.7,64.71,64.7,64.705,64.18,63.84,,,,,,,,,,,,,,,,,,,,,,,,,,,,,,,,,,,,,,,,,,,,,,,,,,,,4942,2029.9
1786558500,64.7,64.7,64.68,64.685,64.18,63.84,,,,,,,,,,,,,,,,,,,,,,,,,,,,,,,,,,,,,,,,,,,,,,,,,,,,3780,2161.55
1786558560,64.68,64.68,64.67,64.675,64.18,63.84,,,,,,,,,,,,,,,,,,,,,,,,,,,,,,,,,,,,,,,,,,,,,,,,,,,,567,2158.15
1786558620,64.675,64.69,64.675,64.685,64.18,63.84,,,,,,,,,,,,,,,,,,,,,,,,,,,,,,,,,,,,,,,,,,,,,,,,,,,,862,2063.6
1786558680,64.69,64.7,64.69,64.695,64.18,63.84,,,,,,,,,,,,,,,,,,,,,,,,,,,,,,,,,,,,,,,,,,,,,,,,,,,,834,2069.9
1786558740,64.71,64.72,64.7,64.705,64.18,63.84,,,,,,,,,,,,,,,,,,,,,,,,,,,,,,,,,,,,,,,,,,,,,,,,,,,,6979,2302.1
1786558800,64.71,64.71,64.695,64.71,64.18,63.84,,,,,,,,,,,,,,,,,,,,,,,,,,,,,,,,,,,,,,,,,,,,,,,,,,,,4257,2346.5
1786558860,64.705,64.705,64.695,64.7,64.18,63.84,,,,,,,,,,,,,,,,,,,,,,,,,,,,,,,,,,,,,,,,,,,,,,,,,,,,1256,2348.1
1786558920,64.7,64.7,64.68,64.685,64.18,63.84,,,,,,,,,,,,,,,,,,,,,,,,,,,,,,,,,,,,,,,,,,,,,,,,,,,,871,2360.45
1786558980,64.68,64.68,64.67,64.67,64.18,63.84,,,,,,,,,,,,,,,,,,,,,,,,,,,,,,,,,,,,,,,,,,,,,,,,,,,,1800,2416.3
1786559040,64.66,64.67,64.66,64.67,64.18,63.84,,,,,,,,,,,,,,,,,,,,,,,,,,,,,,,,,,,,,,,,,,,,,,,,,,,,352,2383.25
1786559100,64.67,64.69,64.67,64.69,64.18,63.84,,,,,,,,,,,,,,,,,,,,,,,,,,,,,,,,,,,,,,,,,,,,,,,,,,,,259,2229.6
1786559160,64.7,64.72,64.7,64.71,64.18,63.84,,,,,,,,,,,,,,,,,,,,,,,,,,,,,,,,,,,,,,,,,,,,,,,,,,,,4218,2322.95
1786559220,64.72,64.74,64.72,64.74,64.18,63.84,,,,,,,,,,,,,,,,,,,,,,,,,,,,,,,,,,,,,,,,,,,,,,,,,,,,530,2323.25
1786559280,64.735,64.735,64.73,64.735,64.18,63.84,,,,,,,,,,,,,,,,,,,,,,,,,,,,,,,,,,,,,,,,,,,,,,,,,,,,900,2216.8
1786559340,64.735,64.735,64.715,64.715,64.18,63.84,,,,,,,,,,,,,,,,,,,,,,,,,,,,,,,,,,,,,,,,,,,,,,,,,,,,2083,2182.65
1786559400,64.715,64.725,64.71,64.72,64.18,63.84,,,,,,,,,,,,,,,,,,,,,,,,,,,,,,,,,,,,,,,,,,,,,,,,,,,,815,2172.65
1786559460,64.72,64.73,64.72,64.73,64.18,63.84,,,,,,,,,,,,,,,,,,,,,,,,,,,,,,,,,,,,,,,,,,,,,,,,,,,,886,2092.45
1786559520,64.73,64.74,64.725,64.725,64.18,63.84,,,,,,,,,,,,,,,,,,,,,,,,,,,,,,,,,,,,,,,,,,,,,,,,,,,,172,2083.8
1786559580,64.73,64.73,64.725,64.73,64.18,63.84,,,,,,,,,,,,,,,,,,,,,,,,,,,,,,,,,,,,,,,,,,,,,,,,,,,,347,1835.5
1786559640,64.72,64.725,64.72,64.725,64.18,63.84,,,,,,,,,,,,,,,,,,,,,,,,,,,,,,,,,,,,,,,,,,,,,,,,,,,,153,1596.05
1786559700,64.73,64.745,64.725,64.74,64.18,63.84,,,,,,,,,,,,,,,,,,,,,,,,,,,,,,,,,,,,,,,,,,,,,,,,,,,,2332,1523.65
1786559760,64.735,64.745,64.73,64.74,64.18,63.84,,,,,,,,,,,,,,,,,,,,,,,,,,,,,,,,,,,,,,,,,,,,,,,,,,,,1829,1586.75
1786559820,64.75,64.75,64.745,64.745,64.18,63.84,,,,,,,,,,,,,,,,,,,,,,,,,,,,,,,,,,,,,,,,,,,,,,,,,,,,1660,1626.65
1786559880,64.745,64.745,64.73,64.735,64.18,63.84,,,,,,,,,,,,,,,,,,,,,,,,,,,,,,,,,,,,,,,,,,,,,,,,,,,,706,1620.25
1786559940,64.74,64.75,64.73,64.73,64.18,63.84,,,,,,,,,,,,,,,,,,,,,,,,,,,,,,,,,,,,,,,,,,,,,,,,,,,,1362,1339.4
1786560000,64.74,64.745,64.735,64.735,64.18,63.84,,,,,,,,,,,,,,,,,,,,,,,,,,,,,,,,,,,,,,,,,,,,,,,,,,,,1384,1195.75
1786560060,64.73,64.73,64.685,64.69,64.18,63.84,,,,,,,,,,,,,,,,,,,,,,,,,,,,,,,,,,,,,,,,,,,,,,,,,,,,5950,1430.45
1786560120,64.69,64.73,64.68,64.73,64.18,63.84,,,,,,,,,,,,,,,,,,,,,,,,,,,,,,,,,,,,,,,,,,,,,,,,,,,,4982,1636
1786560180,64.73,64.73,64.72,64.73,64.18,63.84,,,,,,,,,,,,,,,,,,,,,,,,,,,,,,,,,,,,,,,,,,,,,,,,,,,,3527,1722.35
1786560240,64.725,64.73,64.71,64.71,64.18,63.84,,,,,,,,,,,,,,,,,,,,,,,,,,,,,,,,,,,,,,,,,,,,,,,,,,,,727,1741.1
1786560300,64.71,64.71,64.705,64.705,64.18,63.84,,,,,,,,,,,,,,,,,,,,,,,,,,,,,,,,,,,,,,,,,,,,,,,,,,,,655,1760.9
1786560360,64.71,64.725,64.71,64.725,64.18,63.84,,,,,,,,,,,,,,,,,,,,,,,,,,,,,,,,,,,,,,,,,,,,,,,,,,,,1972,1648.6
1786560420,64.72,64.73,64.72,64.73,64.18,63.84,,,,,,,,,,,,,,,,,,,,,,,,,,,,,,,,,,,,,,,,,,,,,,,,,,,,3519,1798.05
1786560480,64.735,64.765,64.735,64.765,64.18,63.84,,,,,,,,,,,,,,,,,,,,,,,,,,,,,,,,,,,,,,,,,,,,,,,,,,,,3053,1905.7
1786560540,64.77,64.78,64.75,64.755,64.18,63.84,,,,,,,,,,,,,,,,,,,,,,,,,,,,,,,,,,,,,,,,,,,,,,,,,,,,8102,2206.65
1786560600,64.75,64.755,64.75,64.755,64.18,63.84,,,,,,,,,,,,,,,,,,,,,,,,,,,,,,,,,,,,,,,,,,,,,,,,,,,,511,2191.45
1786560660,64.75,64.76,64.75,64.75,64.18,63.84,,,,,,,,,,,,,,,,,,,,,,,,,,,,,,,,,,,,,,,,,,,,,,,,,,,,1085,2201.4
1786560720,64.755,64.775,64.75,64.775,64.18,63.84,,,,,,,,,,,,,,,,,,,,,,,,,,,,,,,,,,,,,,,,,,,,,,,,,,,,1318,2258.7
1786560780,64.775,64.775,64.765,64.77,64.18,63.84,,,,,,,,,,,,,,,,,,,,,,,,,,,,,,,,,,,,,,,,,,,,,,,,,,,,682,2275.45
1786560840,64.77,64.79,64.77,64.785,64.18,63.84,,,,,,,,,,,,,,,,,,,,,,,,,,,,,,,,,,,,,,,,,,,,,,,,,,,,735,2304.55
1786560900,64.78,64.8,64.78,64.795,64.18,63.84,,,,,,,,,,,,,,,,,,,,,,,,,,,,,,,,,,,,,,,,,,,,,,,,,,,,389,2207.4
1786560960,64.795,64.795,64.78,64.78,64.18,63.84,,,,,,,,,,,,,,,,,,,,,,,,,,,,,,,,,,,,,,,,,,,,,,,,,,,,1333,2182.6
1786561020,64.785,64.795,64.785,64.79,64.18,63.84,,,,,,,,,,,,,,,,,,,,,,,,,,,,,,,,,,,,,,,,,,,,,,,,,,,,2339,2216.55
1786561080,64.8,64.81,64.8,64.805,64.18,63.84,,,,,,,,,,,,,,,,,,,,,,,,,,,,,,,,,,,,,,,,,,,,,,,,,,,,5329,2447.7
1786561140,64.805,64.81,64.795,64.795,64.18,63.84,,,,,,,,,,,,,,,,,,,,,,,,,,,,,,,,,,,,,,,,,,,,,,,,,,,,4310,2595.1
1786561200,64.795,64.815,64.79,64.815,64.18,63.84,,,,,,,,,,,,,,,,,,,,,,,,,,,,,,,,,,,,,,,,,,,,,,,,,,,,3164,2684.1
1786561260,64.815,64.82,64.795,64.8,64.18,63.84,,,,,,,,,,,,,,,,,,,,,,,,,,,,,,,,,,,,,,,,,,,,,,,,,,,,4752,2624.2
1786561320,64.805,64.82,64.8,64.815,64.18,63.84,,,,,,,,,,,,,,,,,,,,,,,,,,,,,,,,,,,,,,,,,,,,,,,,,,,,5371,2643.65
1786561380,64.815,64.82,64.79,64.795,64.18,63.84,,,,,,,,,,,,,,,,,,,,,,,,,,,,,,,,,,,,,,,,,,,,,,,,,,,,1977,2566.15
1786561440,64.795,64.81,64.795,64.805,64.18,63.84,,,,,,,,,,,,,,,,,,,,,,,,,,,,,,,,,,,,,,,,,,,,,,,,,,,,2111,2635.35
1786561500,64.81,64.81,64.8,64.8,64.18,63.84,,,,,,,,,,,,,,,,,,,,,,,,,,,,,,,,,,,,,,,,,,,,,,,,,,,,4876,2846.4
1786561560,64.8,64.82,64.8,64.81,64.18,63.84,,,,,,,,,,,,,,,,,,,,,,,,,,,,,,,,,,,,,,,,,,,,,,,,,,,,3789,2937.25
1786561620,64.81,64.82,64.81,64.81,64.18,63.84,,,,,,,,,,,,,,,,,,,,,,,,,,,,,,,,,,,,,,,,,,,,,,,,,,,,1458,2834.2
1786561680,64.815,64.82,64.8,64.805,64.18,63.84,,,,,,,,,,,,,,,,,,,,,,,,,,,,,,,,,,,,,,,,,,,,,,,,,,,,1466,2754.85
1786561740,64.805,64.81,64.8,64.805,64.18,63.84,,,,,,,,,,,,,,,,,,,,,,,,,,,,,,,,,,,,,,,,,,,,,,,,,,,,465,2373
1786561800,64.805,64.82,64.785,64.79,64.18,63.84,,,,,,,,,,,,,,,,,,,,,,,,,,,,,,,,,,,,,,,,,,,,,,,,,,,,3971,2546
1786561860,64.79,64.8,64.79,64.795,64.18,63.84,,,,,,,,,,,,,,,,,,,,,,,,,,,,,,,,,,,,,,,,,,,,,,,,,,,,365,2510
1786561920,64.79,64.79,64.77,64.78,64.18,63.84,,,,,,,,,,,,,,,,,,,,,,,,,,,,,,,,,,,,,,,,,,,,,,,,,,,,5067,2697.45
1786561980,64.78,64.78,64.77,64.775,64.18,63.84,,,,,,,,,,,,,,,,,,,,,,,,,,,,,,,,,,,,,,,,,,,,,,,,,,,,2868,2806.75
1786562040,64.77,64.775,64.76,64.76,64.18,63.84,,,,,,,,,,,,,,,,,,,,,,,,,,,,,,,,,,,,,,,,,,,,,,,,,,,,4299,2984.95
1786562100,64.755,64.76,64.755,64.755,64.18,63.84,,,,,,,,,,,,,,,,,,,,,,,,,,,,,,,,,,,,,,,,,,,,,,,,,,,,2971,3114.05
1786562160,64.75,64.785,64.75,64.78,64.18,63.84,,,,,,,,,,,,,,,,,,,,,,,,,,,,,,,,,,,,,,,,,,,,,,,,,,,,6690,3381.9
1786562220,64.78,64.82,64.78,64.815,64.18,63.84,,,,,,,,,,,,,,,,,,,,,,,,,,,,,,,,,,,,,,,,,,,,,,,,,,,,5642,3547.05
1786562280,64.815,64.82,64.81,64.815,64.18,63.84,,,,,,,,,,,,,,,,,,,,,,,,,,,,,,,,,,,,,,,,,,,,,,,,,,,,828,3322
1786562340,64.81,64.82,64.8,64.82,64.18,63.84,,,,,,,,,,,,,,,,,,,,,,,,,,,,,,,,,,,,,,,,,,,,,,,,,,,,2245,3218.75
1786562400,64.815,64.82,64.8,64.8,64.18,63.84,,,,,,,,,,,,,,,,,,,,,,,,,,,,,,,,,,,,,,,,,,,,,,,,,,,,600,3090.55
1786562460,64.8,64.8,64.78,64.78,64.18,63.84,,,,,,,,,,,,,,,,,,,,,,,,,,,,,,,,,,,,,,,,,,,,,,,,,,,,3186,3012.25
1786562520,64.79,64.795,64.78,64.795,64.18,63.84,,,,,,,,,,,,,,,,,,,,,,,,,,,,,,,,,,,,,,,,,,,,,,,,,,,,804,2783.9
1786562580,64.8,64.81,64.785,64.79,64.18,63.84,,,,,,,,,,,,,,,,,,,,,,,,,,,,,,,,,,,,,,,,,,,,,,,,,,,,2791,2824.6
1786562640,64.8,64.805,64.8,64.805,64.18,63.84,,,,,,,,,,,,,,,,,,,,,,,,,,,,,,,,,,,,,,,,,,,,,,,,,,,,1228,2780.45
1786562700,64.81,64.81,64.78,64.78,64.18,63.84,,,,,,,,,,,,,,,,,,,,,,,,,,,,,,,,,,,,,,,,,,,,,,,,,,,,2099,2641.6
1786562760,64.785,64.795,64.785,64.795,64.18,63.84,,,,,,,,,,,,,,,,,,,,,,,,,,,,,,,,,,,,,,,,,,,,,,,,,,,,1454,2524.85
1786562820,64.8,64.815,64.8,64.815,64.18,63.84,,,,,,,,,,,,,,,,,,,,,,,,,,,,,,,,,,,,,,,,,,,,,,,,,,,,1128,2508.35
1786562880,64.81,64.82,64.805,64.815,64.18,63.84,,,,,,,,,,,,,,,,,,,,,,,,,,,,,,,,,,,,,,,,,,,,,,,,,,,,1590,2514.55
1786562940,64.815,64.82,64.81,64.82,64.18,63.84,,,,,,,,,,,,,,,,,,,,,,,,,,,,,,,,,,,,,,,,,,,,,,,,,,,,3365,2659.55
1786563000,64.83,64.865,64.82,64.865,64.18,63.84,,,,,,,,,,,,,,,,,,,,,,,,,,,,,,,,,,,,,,,,,,,,,,,,,,,,14751,3198.55
1786563060,64.865,64.91,64.85,64.865,64.18,63.84,,,,,,,,,,,,,,,,,,,,,,,,,,,,,,,,,,,,,,,,,,,,,,,,,,,,86523,7506.45
1786563120,64.865,64.89,64.85,64.86,64.18,63.84,,,,,,,,,,,,,,,,,,,,,,,,,,,,,,,,,,,,,,,,,,,,,,,,,,,,16946,8100.4
1786563180,64.86,64.88,64.86,64.865,64.18,63.84,,,,,,,,,,,,,,,,,,,,,,,,,,,,,,,,,,,,,,,,,,,,,,,,,,,,3871,8150.55
1786563240,64.87,64.92,64.87,64.92,64.18,63.84,,,,,,,,,,,,,,,,,,,,,,,,,,,,,,,,,,,,,,,,,,,,,,,,,,,,11547,8512.95
1786563300,64.925,64.925,64.885,64.885,64.18,63.84,,,,,,,,,,,,,,,,,,,,,,,,,,,,,,,,,,,,,,,,,,,,,,,,,,,,4330,8580.9
1786563360,64.885,64.925,64.88,64.925,64.18,63.84,,,,,,,,,,,,,,,,,,,,,,,,,,,,,,,,,,,,,,,,,,,,,,,,,,,,31746,9833.7
1786563420,64.93,64.94,64.92,64.92,64.18,63.84,,,,,,,,,,,,,,,,,,,,,,,,,,,,,,,,,,,,,,,,,,,,,,,,,,,,2687,9685.95
1786563480,64.925,64.95,64.925,64.94,64.18,63.84,,,,,,,,,,,,,,,,,,,,,,,,,,,,,,,,,,,,,,,,,,,,,,,,,,,,5701,9929.6
1786563540,64.94,64.95,64.93,64.93,64.18,63.84,,,,,,,,,,,,,,,,,,,,,,,,,,,,,,,,,,,,,,,,,,,,,,,,,,,,7546,10194.65
1786563600,64.93,64.94,64.92,64.925,64.18,63.84,,,,,,,,,,,,,,,,,,,,,,,,,,,,,,,,,,,,,,,,,,,,,,,,,,,,6502,10489.75
1786563660,64.92,64.93,64.92,64.92,64.18,63.84,,,,,,,,,,,,,,,,,,,,,,,,,,,,,,,,,,,,,,,,,,,,,,,,,,,,1757,10418.3
1786563720,64.925,64.93,64.9,64.9,64.18,63.84,,,,,,,,,,,,,,,,,,,,,,,,,,,,,,,,,,,,,,,,,,,,,,,,,,,,2711,10513.65
1786563780,64.905,64.915,64.9,64.915,64.18,63.84,,,,,,,,,,,,,,,,,,,,,,,,,,,,,,,,,,,,,,,,,,,,,,,,,,,,4107,10579.45
1786563840,64.91,64.91,64.855,64.87,64.18,63.84,,,,,,,,,,,,,,,,,,,,,,,,,,,,,,,,,,,,,,,,,,,,,,,,,,,,8437,10939.9
1786563900,64.87,64.88,64.85,64.875,64.18,63.84,,,,,,,,,,,,,,,,,,,,,,,,,,,,,,,,,,,,,,,,,,,,,,,,,,,,6899,11179.9
1786563960,64.875,64.875,64.86,64.86,64.18,63.84,,,,,,,,,,,,,,,,,,,,,,,,,,,,,,,,,,,,,,,,,,,,,,,,,,,,6875,11450.95
1786564020,64.86,64.86,64.84,64.86,64.18,63.84,,,,,,,,,,,,,,,,,,,,,,,,,,,,,,,,,,,,,,,,,,,,,,,,,,,,9157,11852.4
1786564080,64.855,64.88,64.85,64.865,64.18,63.84,,,,,,,,,,,,,,,,,,,,,,,,,,,,,,,,,,,,,,,,,,,,,,,,,,,,3380,11941.9
1786564140,64.865,64.87,64.845,64.855,64.18,63.84,,,,,,,,,,,,,,,,,,,,,,,,,,,,,,,,,,,,,,,,,,,,,,,,,,,,4853,12016.3
1786564200,64.85,64.85,64.8,64.82,64.18,63.84,,,,,,,,,,,,,,,,,,,,,,,,,,,,,,,,,,,,,,,,,,,,,,,,,,,,17839,12170.7
1786564260,64.825,64.85,64.825,64.84,64.18,63.84,,,,,,,,,,,,,,,,,,,,,,,,,,,,,,,,,,,,,,,,,,,,,,,,,,,,11100,8399.55
1786564320,64.84,64.84,64.785,64.79,64.18,63.84,,,,,,,,,,,,,,,,,,,,,,,,,,,,,,,,,,,,,,,,,,,,,,,,,,,,6665,7885.5
1786564380,64.795,64.81,64.77,64.78,64.18,63.84,,,,,,,,,,,,,,,,,,,,,,,,,,,,,,,,,,,,,,,,,,,,,,,,,,,,15927,8488.3
1786564440,64.77,64.815,64.74,64.765,64.18,63.84,,,,,,,,,,,,,,,,,,,,,,,,,,,,,,,,,,,,,,,,,,,,,,,,,,,,26097,9215.8
1786564500,64.765,64.8,64.76,64.79,64.18,63.84,,,,,,,,,,,,,,,,,,,,,,,,,,,,,,,,,,,,,,,,,,,,,,,,,,,,19118,9955.2
1786564560,64.785,64.8,64.78,64.795,64.18,63.84,,,,,,,,,,,,,,,,,,,,,,,,,,,,,,,,,,,,,,,,,,,,,,,,,,,,16504,9193.1
1786564620,64.795,64.84,64.79,64.83,64.18,63.84,,,,,,,,,,,,,,,,,,,,,,,,,,,,,,,,,,,,,,,,,,,,,,,,,,,,14767,9797.1
1786564680,64.835,64.865,64.82,64.85,64.18,63.84,,,,,,,,,,,,,,,,,,,,,,,,,,,,,,,,,,,,,,,,,,,,,,,,,,,,25200,10772.05
1786564740,64.86,64.88,64.785,64.81,64.18,63.84,,,1,18,1,1786542300000,64.19,64.18,63.84,0.3400000000000034,0.06993965240484663,1.1839850443994473,0.2570493846393396,1,1786542360000,2,0,,,,0,0,0,0,0,,,,0,0,0,0,0,,,,0,0,0,0,0,,,,0,0,0,0,,-1,18,49817,12885.6
1786627800,64.95,65.02,64.81,64.98,65.02,64.81,,,,,,,,,,,,,,,,,,,,,,,,,,,,,,,,,,,,,,,,,,,,,,,,,,,,32406,14180.8
1786627860,64.98,65.04,64.91,64.95,65.04,64.81,,,,,,,,,,,,,,,,,,,,,,,,,,,,,,,,,,,,,,,,,,,,,,,,,,,,80990,18142.45
1786627920,64.95,65.05,64.92,64.94,65.05,64.81,,,,,,,,,,,,,,,,,,,,,,,,,,,,,,,,,,,,,,,,,,,,,,,,,,,,31077,19560.75
1786627980,64.95,64.97,64.88,64.915,65.05,64.81,,,,,,,,,,,,,,,,,,,,,,,,,,,,,,,,,,,,,,,,,,,,,,,,,,,,29415,20826.15
1786628040,64.915,64.95,64.805,64.86,65.05,64.805,,,,,,,,,,,,,,,,,,,,,,,,,,,,,,,,,,,,,,,,,,,,,,,,,,,,21448,21476.7
1786628100,64.83,64.84,64.69,64.7,65.05,64.69,,,,,,,,,,,,,,,,,,,,,,,,,,,,,,,,,,,,,,,,,,,,,,,,,,,,32946,22779.05
1786628160,64.71,64.72,64.6,64.605,65.05,64.6,,,,,,,,,,,,,,,,,,,,,,,,,,,,,,,,,,,,,,,,,,,,,,,,,,,,28183,23844.45
1786628220,64.57,64.65,64.53,64.53,65.05,64.53,,,,,,,,,,,,,,,,,,,,,,,,,,,,,,,,,,,,,,,,,,,,,,,,,,,,15078,24140.5
1786628280,64.52,64.54,64.41,64.54,65.05,64.41,,,,,,,,,,,,,,,,,,,,,,,,,,,,,,,,,,,,,,,,,,,,,,,,,,,,13912,24667.1
1786628340,64.55,64.68,64.55,64.68,65.05,64.41,,,,,,,,,,,,,,,,,,,,,,,,,,,,,,,,,,,,,,,,,,,,,,,,,,,,19282,25388.55
1786628400,64.67,64.71,64.67,64.7,65.05,64.41,,,,,,,,,,,,,,,,,,,,,,,,,,,,,,,,,,,,,,,,,,,,,,,,,,,,4062,24699.7
1786628460,64.7,64.8,64.7,64.78,65.05,64.41,,,,,,,,,,,,,,,,,,,,,,,,,,,,,,,,,,,,,,,,,,,,,,,,,,,,5840,24436.7
1786628520,64.8,64.8,64.72,64.76,65.05,64.41,,,,,,,,,,,,,,,,,,,,,,,,,,,,,,,,,,,,,,,,,,,,,,,,,,,,3219,24264.4
1786628580,64.76,64.775,64.74,64.76,65.05,64.41,,,,,,,,,,,,,,,,,,,,,,,,,,,,,,,,,,,,,,,,,,,,,,,,,,,,3097,23622.9
1786628640,64.75,64.77,64.7,64.73,65.05,64.41,,,,,,,,,,,,,,,,,,,,,,,,,,,,,,,,,,,,,,,,,,,,,,,,,,,,8618,22748.95
1786628700,64.74,64.84,64.74,64.82,65.05,64.41,,,,,,,,,,,,,,,,,,,,,,,,,,,,,,,,,,,,,,,,,,,,,,,,,,,,7396,22162.85
1786628760,64.82,64.87,64.81,64.855,65.05,64.41,,,,,,,,,,,,,,,,,,,,,,,,,,,,,,,,,,,,,,,,,,,,,,,,,,,,5238,21599.55
1786628820,64.875,64.895,64.84,64.87,65.05,64.41,,,,,,,,,,,,,,,,,,,,,,,,,,,,,,,,,,,,,,,,,,,,,,,,,,,,8296,21276
1786628880,64.87,64.87,64.715,64.74,65.05,64.41,,,,,,,,,,,,,,,,,,,,,,,,,,,,,,,,,,,,,,,,,,,,,,,,,,,,7268,20379.4
1786628940,64.74,64.75,64.69,64.7,65.05,64.41,,,,,,,,,,,,,,,,,,,,,,,,,,,,,,,,,,,,,,,,,,,,,,,,,,,,7794,18278.25
1786629000,64.71,64.72,64.58,64.6,65.05,64.41,,,,,,,,,,,,,,,,,,,,,,,,,,,,,,,,,,,,,,,,,,,,,,,,,,,,5021,16909
1786629060,64.6,64.61,64.545,64.555,65.05,64.41,,,,,,,,,,,,,,,,,,,,,,,,,,,,,,,,,,,,,,,,,,,,,,,,,,,,3925,13055.75
1786629120,64.54,64.57,64.53,64.57,65.05,64.41,,,,,,,,,,,,,,,,,,,,,,,,,,,,,,,,,,,,,,,,,,,,,,,,,,,,3149,11659.35
1786629180,64.56,64.57,64.51,64.57,65.05,64.41,,,,,,,,,,,,,,,,,,,,,,,,,,,,,,,,,,,,,,,,,,,,,,,,,,,,13901,10883.65
1786629240,64.55,64.775,64.55,64.61,65.05,64.41,,,,,,,,,,,,,,,,,,,,,,,,,,,,,,,,,,,,,,,,,,,,,,,,,,,,40441,11833.3
1786629300,64.57,64.59,64.565,64.59,65.05,64.41,,,,,,,,,,,,,,,,,,,,,,,,,,,,,,,,,,,,,,,,,,,,,,,,,,,,6663,10519.15
1786629360,64.59,64.665,64.57,64.66,65.05,64.41,,,,,,,,,,,,,,,,,,,,,,,,,,,,,,,,,,,,,,,,,,,,,,,,,,,,4717,9345.85
1786629420,64.635,64.67,64.61,64.64,65.05,64.41,,,,,,,,,,,,,,,,,,,,,,,,,,,,,,,,,,,,,,,,,,,,,,,,,,,,3681,8776
1786629480,64.635,64.65,64.6,64.6,65.05,64.41,,,,,,,,,,,,,,,,,,,,,,,,,,,,,,,,,,,,,,,,,,,,,,,,,,,,2492,8205
1786629540,64.59,64.6,64.545,64.56,65.05,64.41,,,,,,,,,,,,,,,,,,,,,,,,,,,,,,,,,,,,,,,,,,,,,,,,,,,,4088,7445.3
1786629600,64.56,64.62,64.56,64.6,65.05,64.41,,,,,,,,,,,,,,,,,,,,,,,,,,,,,,,,,,,,,,,,,,,,,,,,,,,,4697,7477.05
1786629660,64.595,64.6,64.52,64.6,65.05,64.41,,,,,,,,,,,,,,,,,,,,,,,,,,,,,,,,,,,,,,,,,,,,,,,,,,,,3886,7379.35
1786629720,64.6,64.63,64.58,64.63,65.05,64.41,,,,,,,,,,,,,,,,,,,,,,,,,,,,,,,,,,,,,,,,,,,,,,,,,,,,3896,7413.2
1786629780,64.62,64.69,64.62,64.69,65.05,64.41,,,,,,,,,,,,,,,,,,,,,,,,,,,,,,,,,,,,,,,,,,,,,,,,,,,,5899,7553.3
1786629840,64.68,64.73,64.68,64.73,65.05,64.41,,,,,,,,,,,,,,,,,,,,,,,,,,,,,,,,,,,,,,,,,,,,,,,,,,,,4984,7371.6
1786629900,64.74,64.74,64.63,64.66,65.05,64.41,,,,,,,,,,,,,,,,,,,,,,,,,,,,,,,,,,,,,,,,,,,,,,,,,,,,9012,7452.4
1786629960,64.65,64.65,64.615,64.615,65.05,64.41,,,,,,,,,,,,,,,,,,,,,,,,,,,,,,,,,,,,,,,,,,,,,,,,,,,,3200,7350.5
1786630020,64.615,64.64,64.61,64.63,65.05,64.41,,,,,,,,,,,,,,,,,,,,,,,,,,,,,,,,,,,,,,,,,,,,,,,,,,,,2830,7077.2
1786630080,64.64,64.64,64.59,64.63,65.05,64.41,,,,,,,,,,,,,,,,,,,,,,,,,,,,,,,,,,,,,,,,,,,,,,,,,,,,3958,6911.7
1786630140,64.64,64.645,64.64,64.645,65.05,64.41,,,,,,,,,,,,,,,,,,,,,,,,,,,,,,,,,,,,,,,,,,,,,,,,,,,,1706,6607.3
1786630200,64.645,64.645,64.58,64.59,65.05,64.41,,,,,,,,,,,,,,,,,,,,,,,,,,,,,,,,,,,,,,,,,,,,,,,,,,,,4764,6594.45
1786630260,64.59,64.64,64.57,64.63,65.05,64.41,,,,,,,,,,,,,,,,,,,,,,,,,,,,,,,,,,,,,,,,,,,,,,,,,,,,19812,7388.8
1786630320,64.64,64.64,64.57,64.59,65.05,64.41,,,,,,,,,,,,,,,,,,,,,,,,,,,,,,,,,,,,,,,,,,,,,,,,,,,,1792,7320.95
1786630380,64.58,64.69,64.57,64.69,65.05,64.41,,,,,,,,,,,,,,,,,,,,,,,,,,,,,,,,,,,,,,,,,,,,,,,,,,,,11043,7178.05
1786630440,64.69,64.725,64.675,64.705,65.05,64.41,,,,,,,,,,,,,,,,,,,,,,,,,,,,,,,,,,,,,,,,,,,,,,,,,,,,4155,5363.75
1786630500,64.705,64.755,64.695,64.75,65.05,64.41,,,,,,,,,,,,,,,,,,,,,,,,,,,,,,,,,,,,,,,,,,,,,,,,,,,,8467,5453.95
1786630560,64.73,64.73,64.66,64.7,65.05,64.41,,,,,,,,,,,,,,,,,,,,,,,,,,,,,,,,,,,,,,,,,,,,,,,,,,,,2318,5334
1786630620,64.69,64.74,64.67,64.74,65.05,64.41,,,,,,,,,,,,,,,,,,,,,,,,,,,,,,,,,,,,,,,,,,,,,,,,,,,,2238,5261.85
1786630680,64.74,64.77,64.74,64.77,65.05,64.41,,,,,,,,,,,,,,,,,,,,,,,,,,,,,,,,,,,,,,,,,,,,,,,,,,,,5405,5407.5
1786630740,64.775,64.8,64.77,64.785,65.05,64.41,,,,,,,,,,,,,,,,,,,,,,,,,,,,,,,,,,,,,,,,,,,,,,,,,,,,1201,5263.15
1786630800,64.78,64.825,64.775,64.82,65.05,64.41,,,,,,,,,,,,,,,,,,,,,,,,,,,,,,,,,,,,,,,,,,,,,,,,,,,,2323,5144.45
1786630860,64.82,64.855,64.815,64.855,65.05,64.41,,,,,,,,,,,,,,,,,,,,,,,,,,,,,,,,,,,,,,,,,,,,,,,,,,,,4675,5183.9
1786630920,64.87,64.905,64.87,64.89,65.05,64.41,,,,,,,,,,,,,,,,,,,,,,,,,,,,,,,,,,,,,,,,,,,,,,,,,,,,5365,5257.35
1786630980,64.88,64.92,64.88,64.89,65.05,64.41,,,,,,,,,,,,,,,,,,,,,,,,,,,,,,,,,,,,,,,,,,,,,,,,,,,,3130,5118.9
1786631040,64.895,64.93,64.895,64.895,65.05,64.41,,,,,,,,,,,,,,,,,,,,,,,,,,,,,,,,,,,,,,,,,,,,,,,,,,,,6510,5195.2
1786631100,64.905,64.92,64.9,64.92,65.05,64.41,,,,,,,,,,,,,,,,,,,,,,,,,,,,,,,,,,,,,,,,,,,,,,,,,,,,2161,4852.65
1786631160,64.92,64.94,64.92,64.935,65.05,64.41,,,,,,,,,,,,,,,,,,,,,,,,,,,,,,,,,,,,,,,,,,,,,,,,,,,,18565,5620.9
1786631220,64.945,64.945,64.9,64.91,65.05,64.41,,,,,,,,,,,,,,,,,,,,,,,,,,,,,,,,,,,,,,,,,,,,,,,,,,,,806,5519.7
1786631280,64.91,64.925,64.905,64.925,65.05,64.41,,,,,,,,,,,,,,,,,,,,,,,,,,,,,,,,,,,,,,,,,,,,,,,,,,,,2308,5437.2
1786631340,64.93,64.94,64.92,64.92,65.05,64.41,,,,,,,,,,,,,,,,,,,,,,,,,,,,,,,,,,,,,,,,,,,,,,,,,,,,1132,5408.5
1786631400,64.915,64.915,64.865,64.88,65.05,64.41,,,,,,,,,,,,,,,,,,,,,,,,,,,,,,,,,,,,,,,,,,,,,,,,,,,,7198,5530.2
1786631460,64.89,64.89,64.855,64.885,65.05,64.41,,,,,,,,,,,,,,,,,,,,,,,,,,,,,,,,,,,,,,,,,,,,,,,,,,,,2144,4646.8
1786631520,64.89,64.9,64.88,64.895,65.05,64.41,,,,,,,,,,,,,,,,,,,,,,,,,,,,,,,,,,,,,,,,,,,,,,,,,,,,2800,4697.2
1786631580,64.9,64.9,64.84,64.845,65.05,64.41,,,,,,,,,,,,,,,,,,,,,,,,,,,,,,,,,,,,,,,,,,,,,,,,,,,,2954,4292.75
1786631640,64.86,64.87,64.84,64.85,65.05,64.41,,,,,,,,,,,,,,,,,,,,,,,,,,,,,,,,,,,,,,,,,,,,,,,,,,,,1458,4157.9
1786631700,64.85,64.86,64.84,64.85,65.05,64.41,,,,,,,,,,,,,,,,,,,,,,,,,,,,,,,,,,,,,,,,,,,,,,,,,,,,3258,3897.45
1786631760,64.84,64.87,64.835,64.845,65.05,64.41,,,,,,,,,,,,,,,,,,,,,,,,,,,,,,,,,,,,,,,,,,,,,,,,,,,,2548,3908.95
1786631820,64.83,64.835,64.79,64.79,65.05,64.41,,,,,,,,,,,,,,,,,,,,,,,,,,,,,,,,,,,,,,,,,,,,,,,,,,,,3961,3995.1
1786631880,64.79,64.8,64.765,64.78,65.05,64.41,,,,,,,,,,,,,,,,,,,,,,,,,,,,,,,,,,,,,,,,,,,,,,,,,,,,4786,3964.15
1786631940,64.785,64.785,64.765,64.775,65.05,64.41,,,,,,,,,,,,,,,,,,,,,,,,,,,,,,,,,,,,,,,,,,,,,,,,,,,,1477,3977.95
1786632000,64.78,64.785,64.69,64.69,65.05,64.41,,,,,,,,,,,,,,,,,,,,,,,,,,,,,,,,,,,,,,,,,,,,,,,,,,,,4480,4085.8
1786632060,64.69,64.74,64.69,64.72,65.05,64.41,,,,,,,,,,,,,,,,,,,,,,,,,,,,,,,,,,,,,,,,,,,,,,,,,,,,2679,3986
1786632120,64.725,64.75,64.715,64.74,65.05,64.41,,,,,,,,,,,,,,,,,,,,,,,,,,,,,,,,,,,,,,,,,,,,,,,,,,,,5682,4001.85
1786632180,64.74,64.75,64.72,64.72,65.05,64.41,,,,,,,,,,,,,,,,,,,,,,,,,,,,,,,,,,,,,,,,,,,,,,,,,,,,2585,3974.6
1786632240,64.72,64.73,64.65,64.66,65.05,64.41,,,,,,,,,,,,,,,,,,,,,,,,,,,,,,,,,,,,,,,,,,,,,,,,,,,,6907,3994.45
1786632300,64.67,64.67,64.61,64.635,65.05,64.41,,,,,,,,,,,,,,,,,,,,,,,,,,,,,,,,,,,,,,,,,,,,,,,,,,,,6134,4193.1
1786632360,64.63,64.63,64.6,64.6,65.05,64.41,,,,,,,,,,,,,,,,,,,,,,,,,,,,,,,,,,,,,,,,,,,,,,,,,,,,3296,3429.65
1786632420,64.605,64.605,64.565,64.59,65.05,64.41,,,,,,,,,,,,,,,,,,,,,,,,,,,,,,,,,,,,,,,,,,,,,,,,,,,,17160,4247.35
1786632480,64.59,64.59,64.5,64.51,65.05,64.41,,,,,,,,,,,,,,,,,,,,,,,,,,,,,,,,,,,,,,,,,,,,,,,,,,,,36140,5938.95
1786632540,64.51,64.52,64.47,64.495,65.05,64.41,,,,,,,,,,,,,,,,,,,,,,,,,,,,,,,,,,,,,,,,,,,,,,,,,,,,4126,6088.65
1786632600,64.5,64.515,64.5,64.5,65.05,64.41,,,,,,,,,,,,,,,,,,,,,,,,,,,,,,,,,,,,,,,,,,,,,,,,,,,,3801,5918.8
1786632660,64.51,64.53,64.485,64.485,65.05,64.41,,,,,,,,,,,,,,,,,,,,,,,,,,,,,,,,,,,,,,,,,,,,,,,,,,,,6104,6116.8
1786632720,64.48,64.48,64.425,64.425,65.05,64.41,,,,,,,,,,,,,,,,,,,,,,,,,,,,,,,,,,,,,,,,,,,,,,,,,,,,5898,6271.7
1786632780,64.42,64.43,64.385,64.415,65.05,64.41,,,,,,,,,,,,,,,,,,,,,,,,,,,,,,,,,,,,,,,,,,,,,,,,,,,,9512,6599.6
1786632840,64.42,64.47,64.415,64.47,65.05,64.41,,,,,,,,,,,,,,,,,,,,,,,,,,,,,,,,,,,,,,,,,,,,,,,,,,,,3256,6689.5
1786632900,64.47,64.47,64.43,64.44,65.05,64.41,,,,,,,,,,,,,,,,,,,,,,,,,,,,,,,,,,,,,,,,,,,,,,,,,,,,2139,6633.55
1786632960,64.445,64.45,64.43,64.44,65.05,64.41,,,,,,,,,,,,,,,,,,,,,,,,,,,,,,,,,,,,,,,,,,,,,,,,,,,,3137,6663
1786633020,64.43,64.445,64.43,64.44,65.05,64.41,,,,,,,,,,,,,,,,,,,,,,,,,,,,,,,,,,,,,,,,,,,,,,,,,,,,1965,6563.2
1786633080,64.43,64.43,64.37,64.4,65.05,64.41,,,,,,,,,,,,,,,,,,,,,,,,,,,,,,,,,,,,,,,,,,,,,,,,,,,,57713,9209.55
1786633140,64.39,64.4,64.37,64.4,65.05,64.41,,,,,,,,,,,,,,,,,,,,,,,,,,,,,,,,,,,,,,,,,,,,,,,,,,,,12764,9773.9
1786633200,64.4,64.45,64.4,64.435,65.05,64.41,,,,,,,,,,,,,,,,,,,,,,,,,,,,,,,,,,,,,,,,,,,,,,,,,,,,7378,9918.8
1786633260,64.44,64.44,64.41,64.42,65.05,64.41,,,,,,,,,,,,,,,,,,,,,,,,,,,,,,,,,,,,,,,,,,,,,,,,,,,,6450,10107.35
1786633320,64.425,64.425,64.36,64.37,65.05,64.41,,,,,,,,,,,,,,,,,,,,,,,,,,,,,,,,,,,,,,,,,,,,,,,,,,,,5359,10091.2
1786633380,64.36,64.38,64.315,64.315,65.05,64.41,,,,,,,,,,,,,,,,,,,,,,,,,,,,,,,,,,,,,,,,,,,,,,,,,,,,5783,10251.1
1786633440,64.32,64.335,64.28,64.28,65.05,64.41,,,,,,,,,,,,,,,,,,,,,,,,,,,,,,,,,,,,,,,,,,,,,,,,,,,,6554,10233.45
1786633500,64.275,64.28,64.24,64.26,65.05,64.41,,,,,,,,,,,,,,,,,,,,,,,,,,,,,,,,,,,,,,,,,,,,,,,,,,,,3577,10105.6
1786633560,64.26,64.305,64.255,64.295,65.05,64.41,,,,,,,,,,,,,,,,,,,,,,,,,,,,,,,,,,,,,,,,,,,,,,,,,,,,4994,10190.5
1786633620,64.3,64.31,64.27,64.27,65.05,64.41,,,,,,,,,,,,,,,,,,,,,,,,,,,,,,,,,,,,,,,,,,,,,,,,,,,,2851,9475.05
1786633680,64.27,64.29,64.26,64.26,65.05,64.41,,,,,,,,,,,,,,,,,,,,,,,,,,,,,,,,,,,,,,,,,,,,,,,,,,,,4561,7896.1
1786633740,64.27,64.27,64.24,64.24,65.05,64.41,,,,,,,,,,,,,,,,,,,,,,,,,,,,,,,,,,,,,,,,,,,,,,,,,,,,3027,7841.15
1786633800,64.245,64.245,64.18,64.18,65.05,64.41,,,,,,,,,,,,,,,,,,,,,,,,,,,,,,,,,,,,,,,,,,,,,,,,,,,,13997,8350.95
1786633860,64.17,64.175,64.15,64.17,65.05,64.41,,,,,,,,,,,,,,,,,,,,,,,,,,,,,,,,,,,,,,,,,,,,,,,,,,,,2829,8187.2
1786633920,64.16,64.16,64.13,64.13,65.05,64.41,,,,,,,,,,,,,,,,,,,,,,,,,,,,,,,,,,,,,,,,,,,,,,,,,,,,7269,8255.75
1786633980,64.13,64.145,64.1,64.115,65.05,64.41,,,,,,,,,,,,,,,,,,,,,,,,,,,,,,,,,,,,,,,,,,,,,,,,,,,,4071,7983.7
1786634040,64.11,64.135,64.11,64.115,65.05,64.41,,,,,,,,,,,,,,,,,,,,,,,,,,,,,,,,,,,,,,,,,,,,,,,,,,,,2012,7921.5
1786634100,64.12,64.12,64.09,64.09,65.05,64.41,,,,,,,,,,,,,,,,,,,,,,,,,,,,,,,,,,,,,,,,,,,,,,,,,,,,2490,7939.05
1786634160,64.08,64.095,64.07,64.08,65.05,64.41,,,,,,,,,,,,,,,,,,,,,,,,,,,,,,,,,,,,,,,,,,,,,,,,,,,,2235,7893.95
1786634220,64.09,64.12,64.08,64.08,65.05,64.41,,,,,,,,,,,,,,,,,,,,,,,,,,,,,,,,,,,,,,,,,,,,,,,,,,,,4382,8014.8
1786634280,64.08,64.08,64.01,64.02,65.05,64.41,,,,,,,,,,,,,,,,,,,,,,,,,,,,,,,,,,,,,,,,,,,,,,,,,,,,6857,5472
1786634340,64.01,64.07,63.99,64.07,65.05,64.41,,,,,,,,,,,,,,,,,,,,,,,,,,,,,,,,,,,,,,,,,,,,,,,,,,,,12667,5467.15
1786634400,64.075,64.08,64.065,64.08,65.05,64.41,,,,,,,,,,,,,,,,,,,,,,,,,,,,,,,,,,,,,,,,,,,,,,,,,,,,2424,5219.45
1786634460,64.08,64.09,64.06,64.07,65.05,64.41,,,,,,,,,,,,,,,,,,,,,,,,,,,,,,,,,,,,,,,,,,,,,,,,,,,,3895,5091.7
1786634520,64.08,64.08,64.02,64.025,65.05,64.41,,,,,,,,,,,,,,,,,,,,,,,,,,,,,,,,,,,,,,,,,,,,,,,,,,,,4959,5071.7
1786634580,64.02,64.035,63.995,64.02,65.05,64.41,,,,,,,,,,,,,,,,,,,,,,,,,,,,,,,,,,,,,,,,,,,,,,,,,,,,3498,4957.45
1786634640,64.02,64.04,64.015,64.04,65.05,64.41,,,,,,,,,,,,,,,,,,,,,,,,,,,,,,,,,,,,,,,,,,,,,,,,,,,,2571,4758.3
1786634700,64.04,64.04,63.975,63.99,65.05,64.41,,,,,,,,,,,,,,,,,,,,,,,,,,,,,,,,,,,,,,,,,,,,,,,,,,,,5061,4832.5
1786634760,64,64.005,63.98,63.995,65.05,64.41,,,,,,,,,,,,,,,,,,,,,,,,,,,,,,,,,,,,,,,,,,,,,,,,,,,,2897,4727.65
1786634820,63.99,64.015,63.975,63.99,65.05,64.41,,,,,,,,,,,,,,,,,,,,,,,,,,,,,,,,,,,,,,,,,,,,,,,,,,,,10439,5107.05
1786634880,63.99,64,63.93,63.945,65.05,64.41,,,,,,,,,,,,,,,,,,,,,,,,,,,,,,,,,,,,,,,,,,,,,,,,,,,,11159,5436.95
1786634940,63.95,64,63.95,63.995,65.05,64.41,,,,,,,,,,,,,,,,,,,,,,,,,,,,,,,,,,,,,,,,,,,,,,,,,,,,2880,5429.6
1786635000,63.99,63.99,63.94,63.965,65.05,64.41,,,,,,,,,,,,,,,,,,,,,,,,,,,,,,,,,,,,,,,,,,,,,,,,,,,,3061,4882.8
1786635060,63.97,64.01,63.97,64,65.05,64.41,,,,,,,,,,,,,,,,,,,,,,,,,,,,,,,,,,,,,,,,,,,,,,,,,,,,3875,4935.1
1786635120,64,64.005,63.97,64,65.05,64.41,,,,,,,,,,,,,,,,,,,,,,,,,,,,,,,,,,,,,,,,,,,,,,,,,,,,1962,4669.75
1786635180,63.99,63.99,63.92,63.92,65.05,64.41,,,,,,,,,,,,,,,,,,,,,,,,,,,,,,,,,,,,,,,,,,,,,,,,,,,,6975,4814.95
1786635240,63.925,63.965,63.925,63.96,65.05,64.41,,,,,,,,,,,,,,,,,,,,,,,,,,,,,,,,,,,,,,,,,,,,,,,,,,,,9067,5167.7
1786635300,63.96,63.96,63.92,63.925,65.05,64.41,,,,,,,,,,,,,,,,,,,,,,,,,,,,,,,,,,,,,,,,,,,,,,,,,,,,16841,5885.25
1786635360,63.92,63.95,63.92,63.95,65.05,64.41,,,,,,,,,,,,,,,,,,,,,,,,,,,,,,,,,,,,,,,,,,,,,,,,,,,,2027,5874.85
1786635420,63.94,63.97,63.935,63.95,65.05,64.41,,,,,,,,,,,,,,,,,,,,,,,,,,,,,,,,,,,,,,,,,,,,,,,,,,,,14531,6382.3
1786635480,63.95,63.96,63.91,63.935,65.05,64.41,,,,,,,,,,,,,,,,,,,,,,,,,,,,,,,,,,,,,,,,,,,,,,,,,,,,8349,6456.9
1786635540,63.93,63.93,63.91,63.915,65.05,64.41,,,,,,,,,,,,,,,,,,,,,,,,,,,,,,,,,,,,,,,,,,,,,,,,,,,,4457,6046.4
1786635600,63.915,63.945,63.915,63.92,65.05,64.41,,,,,,,,,,,,,,,,,,,,,,,,,,,,,,,,,,,,,,,,,,,,,,,,,,,,7351,6292.75
1786635660,63.93,64.03,63.93,64.03,65.05,64.41,,,,,,,,,,,,,,,,,,,,,,,,,,,,,,,,,,,,,,,,,,,,,,,,,,,,3963,6296.15
1786635720,64.04,64.045,64.02,64.025,65.05,64.41,,,,,,,,,,,,,,,,,,,,,,,,,,,,,,,,,,,,,,,,,,,,,,,,,,,,1506,6123.5
1786635780,64.03,64.03,64,64,65.05,64.41,,,,,,,,,,,,,,,,,,,,,,,,,,,,,,,,,,,,,,,,,,,,,,,,,,,,1693,6033.25
1786635840,64.005,64.02,63.965,63.97,65.05,64.41,,,,,,,,,,,,,,,,,,,,,,,,,,,,,,,,,,,,,,,,,,,,,,,,,,,,5095,6159.45
1786635900,63.965,63.98,63.95,63.97,65.05,64.41,,,,,,,,,,,,,,,,,,,,,,,,,,,,,,,,,,,,,,,,,,,,,,,,,,,,2418,6027.3
1786635960,63.98,64.01,63.98,63.99,65.05,64.41,,,,,,,,,,,,,,,,,,,,,,,,,,,,,,,,,,,,,,,,,,,,,,,,,,,,3911,6078
1786636020,63.985,64.015,63.985,64.005,65.05,64.41,,,,,,,,,,,,,,,,,,,,,,,,,,,,,,,,,,,,,,,,,,,,,,,,,,,,3699,5741
1786636080,64.01,64.02,63.99,63.99,65.05,64.41,,,,,,,,,,,,,,,,,,,,,,,,,,,,,,,,,,,,,,,,,,,,,,,,,,,,3235,5344.8
1786636140,63.995,64.015,63.99,64.005,65.05,64.41,,,,,,,,,,,,,,,,,,,,,,,,,,,,,,,,,,,,,,,,,,,,,,,,,,,,4036,5402.6
1786636200,64,64.05,64,64.05,65.05,64.41,,,,,,,,,,,,,,,,,,,,,,,,,,,,,,,,,,,,,,,,,,,,,,,,,,,,1965,5347.8
1786636260,64.045,64.055,64.04,64.055,65.05,64.41,,,,,,,,,,,,,,,,,,,,,,,,,,,,,,,,,,,,,,,,,,,,,,,,,,,,2413,5274.7
1786636320,64.055,64.07,64.05,64.055,65.05,64.41,,,,,,,,,,,,,,,,,,,,,,,,,,,,,,,,,,,,,,,,,,,,,,,,,,,,4043,5378.75
1786636380,64.055,64.06,64.045,64.055,65.05,64.41,,,,,,,,,,,,,,,,,,,,,,,,,,,,,,,,,,,,,,,,,,,,,,,,,,,,4888,5274.4
1786636440,64.055,64.055,64.03,64.03,65.05,64.41,,,,,,,,,,,,,,,,,,,,,,,,,,,,,,,,,,,,,,,,,,,,,,,,,,,,3482,4995.15
1786636500,64.04,64.05,64.04,64.05,65.05,64.41,,,,,,,,,,,,,,,,,,,,,,,,,,,,,,,,,,,,,,,,,,,,,,,,,,,,1808,4243.5
1786636560,64.05,64.065,64.05,64.065,65.05,64.41,,,,,,,,,,,,,,,,,,,,,,,,,,,,,,,,,,,,,,,,,,,,,,,,,,,,2264,4255.35
1786636620,64.065,64.075,64.065,64.07,65.05,64.41,,,,,,,,,,,,,,,,,,,,,,,,,,,,,,,,,,,,,,,,,,,,,,,,,,,,1765,3617.05
1786636680,64.075,64.08,64.06,64.07,65.05,64.41,,,,,,,,,,,,,,,,,,,,,,,,,,,,,,,,,,,,,,,,,,,,,,,,,,,,3936,3396.4
1786636740,64.07,64.07,64.04,64.045,65.05,64.41,,,,,,,,,,,,,,,,,,,,,,,,,,,,,,,,,,,,,,,,,,,,,,,,,,,,3116,3329.35
1786636800,64.05,64.06,64.04,64.055,65.05,64.41,,,,,,,,,,,,,,,,,,,,,,,,,,,,,,,,,,,,,,,,,,,,,,,,,,,,5502,3236.9
1786636860,64.06,64.06,64.015,64.025,65.05,64.41,,,,,,,,,,,,,,,,,,,,,,,,,,,,,,,,,,,,,,,,,,,,,,,,,,,,9839,3530.7
1786636920,64.02,64.02,63.955,63.985,65.05,64.41,,,,,,,,,,,,,,,,,,,,,,,,,,,,,,,,,,,,,,,,,,,,,,,,,,,,13938,4152.3
1786636980,63.99,64.01,63.97,63.98,65.05,64.41,,,,,,,,,,,,,,,,,,,,,,,,,,,,,,,,,,,,,,,,,,,,,,,,,,,,4778,4306.55
1786637040,63.98,64.035,63.98,64.035,65.05,64.41,,,,,,,,,,,,,,,,,,,,,,,,,,,,,,,,,,,,,,,,,,,,,,,,,,,,5544,4329
1786637100,64.03,64.05,64.02,64.045,65.05,64.41,,,,,,,,,,,,,,,,,,,,,,,,,,,,,,,,,,,,,,,,,,,,,,,,,,,,1731,4294.65
1786637160,64.045,64.075,64.045,64.075,65.05,64.41,,,,,,,,,,,,,,,,,,,,,,,,,,,,,,,,,,,,,,,,,,,,,,,,,,,,5162,4357.2
1786637220,64.08,64.1,64.075,64.08,65.05,64.41,,,,,,,,,,,,,,,,,,,,,,,,,,,,,,,,,,,,,,,,,,,,,,,,,,,,3228,4333.65
1786637280,64.075,64.08,64.06,64.06,65.05,64.41,,,,,,,,,,,,,,,,,,,,,,,,,,,,,,,,,,,,,,,,,,,,,,,,,,,,2832,4313.5
1786637340,64.06,64.075,64.035,64.035,65.05,64.41,,,,,,,,,,,,,,,,,,,,,,,,,,,,,,,,,,,,,,,,,,,,,,,,,,,,3303,4276.85
1786637400,64.04,64.04,64.025,64.03,65.05,64.41,,,,,,,,,,,,,,,,,,,,,,,,,,,,,,,,,,,,,,,,,,,,,,,,,,,,1496,4253.4
1786637460,64.035,64.075,64.035,64.075,65.05,64.41,,,,,,,,,,,,,,,,,,,,,,,,,,,,,,,,,,,,,,,,,,,,,,,,,,,,2481,4256.8
1786637520,64.07,64.08,64.06,64.06,65.05,64.41,,,,,,,,,,,,,,,,,,,,,,,,,,,,,,,,,,,,,,,,,,,,,,,,,,,,3901,4249.7
1786637580,64.07,64.08,64.07,64.07,65.05,64.41,,,,,,,,,,,,,,,,,,,,,,,,,,,,,,,,,,,,,,,,,,,,,,,,,,,,2074,4109
1786637640,64.07,64.07,64.05,64.055,65.05,64.41,,,,,,,,,,,,,,,,,,,,,,,,,,,,,,,,,,,,,,,,,,,,,,,,,,,,1809,4025.35
1786637700,64.06,64.075,64.05,64.05,65.05,64.41,,,,,,,,,,,,,,,,,,,,,,,,,,,,,,,,,,,,,,,,,,,,,,,,,,,,1180,3993.95
1786637760,64.045,64.05,64.04,64.045,65.05,64.41,,,,,,,,,,,,,,,,,,,,,,,,,,,,,,,,,,,,,,,,,,,,,,,,,,,,2542,4007.85
1786637820,64.04,64.04,64.02,64.03,65.05,64.41,,,,,,,,,,,,,,,,,,,,,,,,,,,,,,,,,,,,,,,,,,,,,,,,,,,,798,3959.5
1786637880,64.02,64.02,64.02,64.02,65.05,64.41,,,,,,,,,,,,,,,,,,,,,,,,,,,,,,,,,,,,,,,,,,,,,,,,,,,,660,3795.7
1786637940,64.01,64.03,64.005,64.005,65.05,64.41,,,,,,,,,,,,,,,,,,,,,,,,,,,,,,,,,,,,,,,,,,,,,,,,,,,,2424,3761.1
1786638000,64.01,64.035,64.01,64.025,65.05,64.41,,,,,,,,,,,,,,,,,,,,,,,,,,,,,,,,,,,,,,,,,,,,,,,,,,,,2198,3595.9
1786638060,64.025,64.03,64.015,64.02,65.05,64.41,,,,,,,,,,,,,,,,,,,,,,,,,,,,,,,,,,,,,,,,,,,,,,,,,,,,1685,3188.2
1786638120,64.03,64.04,64.02,64.02,65.05,64.41,,,,,,,,,,,,,,,,,,,,,,,,,,,,,,,,,,,,,,,,,,,,,,,,,,,,1177,2550.15
1786638180,64.02,64.02,64.01,64.01,65.05,64.41,,,,,,,,,,,,,,,,,,,,,,,,,,,,,,,,,,,,,,,,,,,,,,,,,,,,525,2337.5
1786638240,64.005,64.03,64.005,64.02,65.05,64.41,,,,,,,,,,,,,,,,,,,,,,,,,,,,,,,,,,,,,,,,,,,,,,,,,,,,2688,2194.7
1786638300,64.03,64.045,64.03,64.03,65.05,64.41,,,,,,,,,,,,,,,,,,,,,,,,,,,,,,,,,,,,,,,,,,,,,,,,,,,,1516,2183.95
1786638360,64.03,64.04,64.025,64.035,65.05,64.41,,,,,,,,,,,,,,,,,,,,,,,,,,,,,,,,,,,,,,,,,,,,,,,,,,,,1117,1981.7
1786638420,64.035,64.055,64.035,64.05,65.05,64.41,,,,,,,,,,,,,,,,,,,,,,,,,,,,,,,,,,,,,,,,,,,,,,,,,,,,2393,1939.95
1786638480,64.055,64.09,64.055,64.08,65.05,64.41,,,,,,,,,,,,,,,,,,,,,,,,,,,,,,,,,,,,,,,,,,,,,,,,,,,,1980,1897.35
1786638540,64.085,64.1,64.085,64.1,65.05,64.41,,,,,,,,,,,,,,,,,,,,,,,,,,,,,,,,,,,,,,,,,,,,,,,,,,,,3132,1888.8
1786638600,64.11,64.13,64.085,64.09,65.05,64.41,,,,,,,,,,,,,,,,,,,,,,,,,,,,,,,,,,,,,,,,,,,,,,,,,,,,2687,1948.35
1786638660,64.095,64.1,64.09,64.09,65.05,64.41,,,,,,,,,,,,,,,,,,,,,,,,,,,,,,,,,,,,,,,,,,,,,,,,,,,,967,1872.65
1786638720,64.085,64.085,64.07,64.075,65.05,64.41,,,,,,,,,,,,,,,,,,,,,,,,,,,,,,,,,,,,,,,,,,,,,,,,,,,,1907,1772.95
1786638780,64.075,64.09,64.075,64.09,65.05,64.41,,,,,,,,,,,,,,,,,,,,,,,,,,,,,,,,,,,,,,,,,,,,,,,,,,,,4063,1872.4
1786638840,64.1,64.135,64.1,64.135,65.05,64.41,,,,,,,,,,,,,,,,,,,,,,,,,,,,,,,,,,,,,,,,,,,,,,,,,,,,2796,1921.75
1786638900,64.13,64.13,64.1,64.1,65.05,64.41,,,,,,,,,,,,,,,,,,,,,,,,,,,,,,,,,,,,,,,,,,,,,,,,,,,,2066,1966.05
1786638960,64.1,64.1,64.08,64.1,65.05,64.41,,,,,,,,,,,,,,,,,,,,,,,,,,,,,,,,,,,,,,,,,,,,,,,,,,,,2509,1964.4
1786639020,64.1,64.105,64.09,64.105,65.05,64.41,,,,,,,,,,,,,,,,,,,,,,,,,,,,,,,,,,,,,,,,,,,,,,,,,,,,1440,1996.5
1786639080,64.11,64.115,64.09,64.11,65.05,64.41,,,,,,,,,,,,,,,,,,,,,,,,,,,,,,,,,,,,,,,,,,,,,,,,,,,,758,2001.4
1786639140,64.12,64.14,64.11,64.11,65.05,64.41,,,,,,,,,,,,,,,,,,,,,,,,,,,,,,,,,,,,,,,,,,,,,,,,,,,,1964,1978.4
1786639200,64.115,64.115,64.11,64.11,65.05,64.41,,,,,,,,,,,,,,,,,,,,,,,,,,,,,,,,,,,,,,,,,,,,,,,,,,,,348,1885.9
1786639260,64.105,64.13,64.105,64.13,65.05,64.41,,,,,,,,,,,,,,,,,,,,,,,,,,,,,,,,,,,,,,,,,,,,,,,,,,,,2153,1909.3
1786639320,64.135,64.15,64.135,64.145,65.05,64.41,,,,,,,,,,,,,,,,,,,,,,,,,,,,,,,,,,,,,,,,,,,,,,,,,,,,1667,1933.8
1786639380,64.15,64.16,64.135,64.14,65.05,64.41,,,,,,,,,,,,,,,,,,,,,,,,,,,,,,,,,,,,,,,,,,,,,,,,,,,,1917,2003.4
1786639440,64.15,64.16,64.14,64.155,65.05,64.41,,,,,,,,,,,,,,,,,,,,,,,,,,,,,,,,,,,,,,,,,,,,,,,,,,,,1372,1937.6
1786639500,64.15,64.16,64.14,64.145,65.05,64.41,,,,,,,,,,,,,,,,,,,,,,,,,,,,,,,,,,,,,,,,,,,,,,,,,,,,1728,1948.2
1786639560,64.14,64.15,64.13,64.13,65.05,64.41,,,,,,,,,,,,,,,,,,,,,,,,,,,,,,,,,,,,,,,,,,,,,,,,,,,,3196,2052.15
1786639620,64.135,64.135,64.13,64.13,65.05,64.41,,,,,,,,,,,,,,,,,,,,,,,,,,,,,,,,,,,,,,,,,,,,,,,,,,,,380,1951.5
1786639680,64.13,64.14,64.115,64.115,65.05,64.41,,,,,,,,,,,,,,,,,,,,,,,,,,,,,,,,,,,,,,,,,,,,,,,,,,,,1035,1904.25
1786639740,64.12,64.12,64.08,64.085,65.05,64.41,,,,,,,,,,,,,,,,,,,,,,,,,,,,,,,,,,,,,,,,,,,,,,,,,,,,2076,1851.45
1786639800,64.09,64.1,64.085,64.1,65.05,64.41,,,,,,,,,,,,,,,,,,,,,,,,,,,,,,,,,,,,,,,,,,,,,,,,,,,,2601,1847.15
1786639860,64.095,64.1,64.07,64.07,65.05,64.41,,,,,,,,,,,,,,,,,,,,,,,,,,,,,,,,,,,,,,,,,,,,,,,,,,,,2276,1912.6
1786639920,64.07,64.07,64.065,64.07,65.05,64.41,,,,,,,,,,,,,,,,,,,,,,,,,,,,,,,,,,,,,,,,,,,,,,,,,,,,1497,1892.1
1786639980,64.08,64.09,64.08,64.08,65.05,64.41,,,,,,,,,,,,,,,,,,,,,,,,,,,,,,,,,,,,,,,,,,,,,,,,,,,,1592,1768.55
1786640040,64.085,64.09,64.06,64.06,65.05,64.41,,,,,,,,,,,,,,,,,,,,,,,,,,,,,,,,,,,,,,,,,,,,,,,,,,,,2314,1744.45
1786640100,64.06,64.06,64.055,64.06,65.05,64.41,,,,,,,,,,,,,,,,,,,,,,,,,,,,,,,,,,,,,,,,,,,,,,,,,,,,1136,1697.95
1786640160,64.07,64.085,64.07,64.085,65.05,64.41,,,,,,,,,,,,,,,,,,,,,,,,,,,,,,,,,,,,,,,,,,,,,,,,,,,,1350,1640
1786640220,64.08,64.105,64.08,64.095,65.05,64.41,,,,,,,,,,,,,,,,,,,,,,,,,,,,,,,,,,,,,,,,,,,,,,,,,,,,1808,1658.4
1786640280,64.1,64.105,64.09,64.1,65.05,64.41,,,,,,,,,,,,,,,,,,,,,,,,,,,,,,,,,,,,,,,,,,,,,,,,,,,,2115,1726.25
1786640340,64.1,64.1,64.09,64.09,65.05,64.41,,,,,,,,,,,,,,,,,,,,,,,,,,,,,,,,,,,,,,,,,,,,,,,,,,,,416,1648.85
1786640400,64.1,64.105,64.085,64.1,65.05,64.41,,,,,,,,,,,,,,,,,,,,,,,,,,,,,,,,,,,,,,,,,,,,,,,,,,,,3394,1801.15
1786640460,64.1,64.105,64.09,64.095,65.05,64.41,,,,,,,,,,,,,,,,,,,,,,,,,,,,,,,,,,,,,,,,,,,,,,,,,,,,1408,1763.9
1786640520,64.1,64.1,64.075,64.075,65.05,64.41,,,,,,,,,,,,,,,,,,,,,,,,,,,,,,,,,,,,,,,,,,,,,,,,,,,,3354,1848.25
1786640580,64.07,64.07,64.05,64.055,65.05,64.41,,,,,,,,,,,,,,,,,,,,,,,,,,,,,,,,,,,,,,,,,,,,,,,,,,,,4646,1984.7
1786640640,64.055,64.07,64.05,64.065,65.05,64.41,,,,,,,,,,,,,,,,,,,,,,,,,,,,,,,,,,,,,,,,,,,,,,,,,,,,1993,2015.75
1786640700,64.065,64.07,64.06,64.065,65.05,64.41,,,,,,,,,,,,,,,,,,,,,,,,,,,,,,,,,,,,,,,,,,,,,,,,,,,,3668,2112.75
1786640760,64.07,64.08,64.07,64.075,65.05,64.41,,,,,,,,,,,,,,,,,,,,,,,,,,,,,,,,,,,,,,,,,,,,,,,,,,,,2633,2084.6
1786640820,64.075,64.075,64.06,64.065,65.05,64.41,,,,,,,,,,,,,,,,,,,,,,,,,,,,,,,,,,,,,,,,,,,,,,,,,,,,2278,2179.5
1786640880,64.06,64.06,64.035,64.04,65.05,64.41,,,,,,,,,,,,,,,,,,,,,,,,,,,,,,,,,,,,,,,,,,,,,,,,,,,,3279,2291.7
1786640940,64.03,64.03,64,64,65.05,64.41,,,,,,,,,,,,,,,,,,,,,,,,,,,,,,,,,,,,,,,,,,,,,,,,,,,,4328,2404.3
1786641000,64.02,64.05,64.015,64.05,65.05,64.41,,,,,,,,,,,,,,,,,,,,,,,,,,,,,,,,,,,,,,,,,,,,,,,,,,,,3011,2424.8
1786641060,64.045,64.045,64.04,64.04,65.05,64.41,,,,,,,,,,,,,,,,,,,,,,,,,,,,,,,,,,,,,,,,,,,,,,,,,,,,417,2331.85
1786641120,64.045,64.045,64.02,64.035,65.05,64.41,,,,,,,,,,,,,,,,,,,,,,,,,,,,,,,,,,,,,,,,,,,,,,,,,,,,7026,2608.3
1786641180,64.035,64.05,64.03,64.05,65.05,64.41,,,,,,,,,,,,,,,,,,,,,,,,,,,,,,,,,,,,,,,,,,,,,,,,,,,,7073,2882.35
1786641240,64.05,64.07,64.05,64.05,65.05,64.41,,,,,,,,,,,,,,,,,,,,,,,,,,,,,,,,,,,,,,,,,,,,,,,,,,,,3753,2954.3
1786641300,64.055,64.095,64.05,64.075,65.05,64.41,,,,,,,,,,,,,,,,,,,,,,,,,,,,,,,,,,,,,,,,,,,,,,,,,,,,7460,3270.5
1786641360,64.075,64.1,64.075,64.09,65.05,64.41,,,,,,,,,,,,,,,,,,,,,,,,,,,,,,,,,,,,,,,,,,,,,,,,,,,,1097,3257.85
1786641420,64.09,64.09,64.075,64.075,65.05,64.41,,,,,,,,,,,,,,,,,,,,,,,,,,,,,,,,,,,,,,,,,,,,,,,,,,,,592,3197.05
1786641480,64.07,64.075,64.055,64.075,65.05,64.41,,,,,,,,,,,,,,,,,,,,,,,,,,,,,,,,,,,,,,,,,,,,,,,,,,,,5063,3344.45
1786641540,64.075,64.105,64.075,64.09,65.05,64.41,,,,,,,,,,,,,,,,,,,,,,,,,,,,,,,,,,,,,,,,,,,,,,,,,,,,15759,4111.6
1786641600,64.09,64.1,64.09,64.09,65.05,64.41,,,,,,,,,,,,,,,,,,,,,,,,,,,,,,,,,,,,,,,,,,,,,,,,,,,,2291,4056.45
1786641660,64.09,64.09,64.08,64.085,65.05,64.41,,,,,,,,,,,,,,,,,,,,,,,,,,,,,,,,,,,,,,,,,,,,,,,,,,,,961,4034.1
1786641720,64.085,64.09,64.065,64.065,65.05,64.41,,,,,,,,,,,,,,,,,,,,,,,,,,,,,,,,,,,,,,,,,,,,,,,,,,,,1797,3956.25
1786641780,64.065,64.07,64.05,64.06,65.05,64.41,,,,,,,,,,,,,,,,,,,,,,,,,,,,,,,,,,,,,,,,,,,,,,,,,,,,2386,3843.25
1786641840,64.06,64.09,64.06,64.075,65.05,64.41,,,,,,,,,,,,,,,,,,,,,,,,,,,,,,,,,,,,,,,,,,,,,,,,,,,,4510,3969.1
1786641900,64.08,64.08,64.075,64.075,65.05,64.41,,,,,,,,,,,,,,,,,,,,,,,,,,,,,,,,,,,,,,,,,,,,,,,,,,,,409,3806.15
1786641960,64.075,64.075,64.04,64.04,65.05,64.41,,,,,,,,,,,,,,,,,,,,,,,,,,,,,,,,,,,,,,,,,,,,,,,,,,,,828,3715.9
1786642020,64.045,64.045,64.01,64.01,65.05,64.41,,,,,,,,,,,,,,,,,,,,,,,,,,,,,,,,,,,,,,,,,,,,,,,,,,,,2343,3719.15
1786642080,64.02,64.025,64.02,64.02,65.05,64.41,,,,,,,,,,,,,,,,,,,,,,,,,,,,,,,,,,,,,,,,,,,,,,,,,,,,1724,3641.4
1786642140,64.015,64.015,63.995,64.005,65.05,64.41,,,,,,,,,,,,,,,,,,,,,,,,,,,,,,,,,,,,,,,,,,,,,,,,,,,,3866,3618.3
1786642200,64,64.01,63.99,64.01,65.05,64.41,,,,,,,,,,,,,,,,,,,,,,,,,,,,,,,,,,,,,,,,,,,,,,,,,,,,3200,3627.75
1786642260,64.005,64.01,64,64,65.05,64.41,,,,,,,,,,,,,,,,,,,,,,,,,,,,,,,,,,,,,,,,,,,,,,,,,,,,1708,3692.3
1786642320,64,64.005,63.97,63.98,65.05,64.41,,,,,,,,,,,,,,,,,,,,,,,,,,,,,,,,,,,,,,,,,,,,,,,,,,,,4448,3563.4
1786642380,63.975,63.98,63.96,63.96,65.05,64.41,,,,,,,,,,,,,,,,,,,,,,,,,,,,,,,,,,,,,,,,,,,,,,,,,,,,4092,3414.35
1786642440,63.955,63.97,63.95,63.97,65.05,64.41,,,,,,,,,,,,,,,,,,,,,,,,,,,,,,,,,,,,,,,,,,,,,,,,,,,,1872,3320.3
1786642500,63.97,63.97,63.95,63.955,65.05,64.41,,,,,,,,,,,,,,,,,,,,,,,,,,,,,,,,,,,,,,,,,,,,,,,,,,,,647,2979.65
1786642560,63.955,63.975,63.95,63.95,65.05,64.41,,,,,,,,,,,,,,,,,,,,,,,,,,,,,,,,,,,,,,,,,,,,,,,,,,,,1399,2994.75
1786642620,63.95,63.95,63.9,63.9,65.05,64.41,,,,,,,,,,,,,,,,,,,,,,,,,,,,,,,,,,,,,,,,,,,,,,,,,,,,3222,3126.25
1786642680,63.9,63.92,63.9,63.92,65.05,64.41,,,,,,,,,,,,,,,,,,,,,,,,,,,,,,,,,,,,,,,,,,,,,,,,,,,,2656,3005.9
1786642740,63.92,63.975,63.92,63.975,65.05,64.41,,,,,,,,,,,,,,,,,,,,,,,,,,,,,,,,,,,,,,,,,,,,,,,,,,,,808,2258.35
1786642800,63.98,63.995,63.975,63.995,65.05,64.41,,,,,,,,,,,,,,,,,,,,,,,,,,,,,,,,,,,,,,,,,,,,,,,,,,,,2053,2246.45
1786642860,63.995,64,63.995,64,65.05,64.41,,,,,,,,,,,,,,,,,,,,,,,,,,,,,,,,,,,,,,,,,,,,,,,,,,,,1048,2250.8
1786642920,64,64.005,64,64.005,65.05,64.41,,,,,,,,,,,,,,,,,,,,,,,,,,,,,,,,,,,,,,,,,,,,,,,,,,,,792,2200.55
1786642980,64.01,64.015,63.995,64.015,65.05,64.41,,,,,,,,,,,,,,,,,,,,,,,,,,,,,,,,,,,,,,,,,,,,,,,,,,,,3373,2249.9
1786643040,64.015,64.03,64.015,64.02,65.05,64.41,,,,,,,,,,,,,,,,,,,,,,,,,,,,,,,,,,,,,,,,,,,,,,,,,,,,666,2057.7
1786643100,64.02,64.04,64.02,64.03,65.05,64.41,,,,,,,,,,,,,,,,,,,,,,,,,,,,,,,,,,,,,,,,,,,,,,,,,,,,2799,2177.2
1786643160,64.01,64.03,64,64.03,65.05,64.41,,,,,,,,,,,,,,,,,,,,,,,,,,,,,,,,,,,,,,,,,,,,,,,,,,,,1703,2220.95
1786643220,64.02,64.04,64.02,64.035,65.05,64.41,,,,,,,,,,,,,,,,,,,,,,,,,,,,,,,,,,,,,,,,,,,,,,,,,,,,967,2152.15
1786643280,64.03,64.035,64.01,64.01,65.05,64.41,,,,,,,,,,,,,,,,,,,,,,,,,,,,,,,,,,,,,,,,,,,,,,,,,,,,2947,2213.3
1786643340,64.015,64.02,64.01,64.015,65.05,64.41,,,,,,,,,,,,,,,,,,,,,,,,,,,,,,,,,,,,,,,,,,,,,,,,,,,,930,2066.5
1786643400,64.015,64.04,64.015,64.035,65.05,64.41,,,,,,,,,,,,,,,,,,,,,,,,,,,,,,,,,,,,,,,,,,,,,,,,,,,,2107,2011.85
1786643460,64.03,64.035,64.025,64.025,65.05,64.41,,,,,,,,,,,,,,,,,,,,,,,,,,,,,,,,,,,,,,,,,,,,,,,,,,,,848,1968.85
1786643520,64.025,64.05,64.025,64.05,65.05,64.41,,,,,,,,,,,,,,,,,,,,,,,,,,,,,,,,,,,,,,,,,,,,,,,,,,,,3050,1898.95
1786643580,64.05,64.06,64.05,64.055,65.05,64.41,,,,,,,,,,,,,,,,,,,,,,,,,,,,,,,,,,,,,,,,,,,,,,,,,,,,1137,1751.2
1786643640,64.05,64.07,64.05,64.065,65.05,64.41,,,,,,,,,,,,,,,,,,,,,,,,,,,,,,,,,,,,,,,,,,,,,,,,,,,,1960,1755.6
1786643700,64.06,64.07,64.055,64.055,65.05,64.41,,,,,,,,,,,,,,,,,,,,,,,,,,,,,,,,,,,,,,,,,,,,,,,,,,,,1864,1816.45
1786643760,64.055,64.055,64.05,64.05,65.05,64.41,,,,,,,,,,,,,,,,,,,,,,,,,,,,,,,,,,,,,,,,,,,,,,,,,,,,515,1772.25
1786643820,64.045,64.045,64.02,64.02,65.05,64.41,,,,,,,,,,,,,,,,,,,,,,,,,,,,,,,,,,,,,,,,,,,,,,,,,,,,2164,1719.35
1786643880,64.03,64.03,64.015,64.025,65.05,64.41,,,,,,,,,,,,,,,,,,,,,,,,,,,,,,,,,,,,,,,,,,,,,,,,,,,,2514,1712.25
1786643940,64.03,64.04,64.03,64.04,65.05,64.41,,,,,,,,,,,,,,,,,,,,,,,,,,,,,,,,,,,,,,,,,,,,,,,,,,,,2006,1772.15
1786644000,64.05,64.08,64.05,64.08,65.05,64.41,,,,,,,,,,,,,,,,,,,,,,,,,,,,,,,,,,,,,,,,,,,,,,,,,,,,2631,1801.05
1786644060,64.09,64.1,64.08,64.08,65.05,64.41,,,,,,,,,,,,,,,,,,,,,,,,,,,,,,,,,,,,,,,,,,,,,,,,,,,,1668,1832.05
1786644120,64.085,64.09,64.07,64.075,65.05,64.41,,,,,,,,,,,,,,,,,,,,,,,,,,,,,,,,,,,,,,,,,,,,,,,,,,,,4095,1997.2
1786644180,64.08,64.105,64.08,64.1,65.05,64.41,,,,,,,,,,,,,,,,,,,,,,,,,,,,,,,,,,,,,,,,,,,,,,,,,,,,2630,1960.05
1786644240,64.11,64.125,64.11,64.125,65.05,64.41,,,,,,,,,,,,,,,,,,,,,,,,,,,,,,,,,,,,,,,,,,,,,,,,,,,,2014,2027.45
1786644300,64.13,64.14,64.13,64.14,65.05,64.41,,,,,,,,,,,,,,,,,,,,,,,,,,,,,,,,,,,,,,,,,,,,,,,,,,,,1023,1938.65
1786644360,64.14,64.15,64.135,64.15,65.05,64.41,,,,,,,,,,,,,,,,,,,,,,,,,,,,,,,,,,,,,,,,,,,,,,,,,,,,2502,1978.6
1786644420,64.155,64.155,64.15,64.15,65.05,64.41,,,,,,,,,,,,,,,,,,,,,,,,,,,,,,,,,,,,,,,,,,,,,,,,,,,,2802,2070.35
1786644480,64.145,64.155,64.14,64.155,65.05,64.41,,,,,,,,,,,,,,,,,,,,,,,,,,,,,,,,,,,,,,,,,,,,,,,,,,,,3258,2085.9
1786644540,64.155,64.16,64.15,64.15,65.05,64.41,,,,,,,,,,,,,,,,,,,,,,,,,,,,,,,,,,,,,,,,,,,,,,,,,,,,1879,2133.35
1786644600,64.15,64.155,64.14,64.15,65.05,64.41,,,,,,,,,,,,,,,,,,,,,,,,,,,,,,,,,,,,,,,,,,,,,,,,,,,,2108,2133.4
1786644660,64.16,64.18,64.16,64.18,65.05,64.41,,,,,,,,,,,,,,,,,,,,,,,,,,,,,,,,,,,,,,,,,,,,,,,,,,,,1834,2182.7
1786644720,64.19,64.215,64.19,64.195,65.05,64.41,,,,,,,,,,,,,,,,,,,,,,,,,,,,,,,,,,,,,,,,,,,,,,,,,,,,3379,2199.15
1786644780,64.2,64.22,64.2,64.21,65.05,64.41,,,,,,,,,,,,,,,,,,,,,,,,,,,,,,,,,,,,,,,,,,,,,,,,,,,,462,2165.4
1786644840,64.21,64.22,64.185,64.185,65.05,64.41,,,,,,,,,,,,,,,,,,,,,,,,,,,,,,,,,,,,,,,,,,,,,,,,,,,,1483,2141.55
1786644900,64.19,64.2,64.165,64.165,65.05,64.41,,,,,,,,,,,,,,,,,,,,,,,,,,,,,,,,,,,,,,,,,,,,,,,,,,,,2773,2187
1786644960,64.16,64.16,64.13,64.14,65.05,64.41,,,,,,,,,,,,,,,,,,,,,,,,,,,,,,,,,,,,,,,,,,,,,,,,,,,,2655,2294
1786645020,64.145,64.15,64.14,64.14,65.05,64.41,,,,,,,,,,,,,,,,,,,,,,,,,,,,,,,,,,,,,,,,,,,,,,,,,,,,1403,2255.95
1786645080,64.135,64.14,64.125,64.13,65.05,64.41,,,,,,,,,,,,,,,,,,,,,,,,,,,,,,,,,,,,,,,,,,,,,,,,,,,,1828,2221.65
1786645140,64.12,64.12,64.11,64.115,65.05,64.41,,,,,,,,,,,,,,,,,,,,,,,,,,,,,,,,,,,,,,,,,,,,,,,,,,,,1287,2185.7
1786645200,64.115,64.12,64.08,64.085,65.05,64.41,,,,,,,,,,,,,,,,,,,,,,,,,,,,,,,,,,,,,,,,,,,,,,,,,,,,3458,2227.05
1786645260,64.085,64.085,64.06,64.06,65.05,64.41,,,,,,,,,,,,,,,,,,,,,,,,,,,,,,,,,,,,,,,,,,,,,,,,,,,,995,2193.4
1786645320,64.065,64.07,64.06,64.06,65.05,64.41,,,,,,,,,,,,,,,,,,,,,,,,,,,,,,,,,,,,,,,,,,,,,,,,,,,,938,2035.55
1786645380,64.06,64.06,64.04,64.04,65.05,64.41,,,,,,,,,,,,,,,,,,,,,,,,,,,,,,,,,,,,,,,,,,,,,,,,,,,,1937,2000.9
1786645440,64.04,64.04,64.03,64.03,65.05,64.41,,,,,,,,,,,,,,,,,,,,,,,,,,,,,,,,,,,,,,,,,,,,,,,,,,,,1978,1999.1
1786645500,64.035,64.04,64.01,64.015,65.05,64.41,,,,,,,,,,,,,,,,,,,,,,,,,,,,,,,,,,,,,,,,,,,,,,,,,,,,5052,2200.55
1786645560,64.02,64.02,64,64.02,65.05,64.41,,,,,,,,,,,,,,,,,,,,,,,,,,,,,,,,,,,,,,,,,,,,,,,,,,,,2754,2213.15
1786645620,64.025,64.04,64.025,64.035,65.05,64.41,,,,,,,,,,,,,,,,,,,,,,,,,,,,,,,,,,,,,,,,,,,,,,,,,,,,603,2103.2
1786645680,64.04,64.08,64.04,64.08,65.05,64.41,,,,,,,,,,,,,,,,,,,,,,,,,,,,,,,,,,,,,,,,,,,,,,,,,,,,2701,2075.35
1786645740,64.09,64.095,64.075,64.085,65.05,64.41,,,,,,,,,,,,,,,,,,,,,,,,,,,,,,,,,,,,,,,,,,,,,,,,,,,,4248,2193.8
1786645800,64.09,64.09,64.09,64.09,65.05,64.41,,,,,,,,,,,,,,,,,,,,,,,,,,,,,,,,,,,,,,,,,,,,,,,,,,,,606,2118.7
1786645860,64.095,64.1,64.06,64.065,65.05,64.41,,,,,,,,,,,,,,,,,,,,,,,,,,,,,,,,,,,,,,,,,,,,,,,,,,,,4120,2233
1786645920,64.065,64.065,64.065,64.065,65.05,64.41,,,,,,,,,,,,,,,,,,,,,,,,,,,,,,,,,,,,,,,,,,,,,,,,,,,,276,2077.85
1786645980,64.06,64.06,64.045,64.055,65.05,64.41,,,,,,,,,,,,,,,,,,,,,,,,,,,,,,,,,,,,,,,,,,,,,,,,,,,,3071,2208.3
1786646040,64.06,64.06,64.05,64.06,65.05,64.41,,,,,,,,,,,,,,,,,,,,,,,,,,,,,,,,,,,,,,,,,,,,,,,,,,,,3108,2289.55
1786646100,64.055,64.07,64.055,64.07,65.05,64.41,,,,,,,,,,,,,,,,,,,,,,,,,,,,,,,,,,,,,,,,,,,,,,,,,,,,1360,2218.9
1786646160,64.06,64.06,64.05,64.05,65.05,64.41,,,,,,,,,,,,,,,,,,,,,,,,,,,,,,,,,,,,,,,,,,,,,,,,,,,,549,2113.6
1786646220,64.05,64.05,64.035,64.035,65.05,64.41,,,,,,,,,,,,,,,,,,,,,,,,,,,,,,,,,,,,,,,,,,,,,,,,,,,,2810,2183.95
1786646280,64.035,64.045,64.025,64.045,65.05,64.41,,,,,,,,,,,,,,,,,,,,,,,,,,,,,,,,,,,,,,,,,,,,,,,,,,,,5075,2346.3
1786646340,64.04,64.055,64.03,64.04,65.05,64.41,,,,,,,,,,,,,,,,,,,,,,,,,,,,,,,,,,,,,,,,,,,,,,,,,,,,4702,2517.05
1786646400,64.03,64.04,64.015,64.04,65.05,64.41,,,,,,,,,,,,,,,,,,,,,,,,,,,,,,,,,,,,,,,,,,,,,,,,,,,,1658,2427.05
1786646460,64.045,64.05,64.04,64.045,65.05,64.41,,,,,,,,,,,,,,,,,,,,,,,,,,,,,,,,,,,,,,,,,,,,,,,,,,,,1536,2454.1
1786646520,64.04,64.055,64.03,64.05,65.05,64.41,,,,,,,,,,,,,,,,,,,,,,,,,,,,,,,,,,,,,,,,,,,,,,,,,,,,2420,2528.2
1786646580,64.05,64.05,64.03,64.03,65.05,64.41,,,,,,,,,,,,,,,,,,,,,,,,,,,,,,,,,,,,,,,,,,,,,,,,,,,,1866,2524.65
1786646640,64.04,64.06,64.03,64.06,65.05,64.41,,,,,,,,,,,,,,,,,,,,,,,,,,,,,,,,,,,,,,,,,,,,,,,,,,,,6768,2764.15
1786646700,64.06,64.06,64.05,64.055,65.05,64.41,,,,,,,,,,,,,,,,,,,,,,,,,,,,,,,,,,,,,,,,,,,,,,,,,,,,587,2540.9
1786646760,64.05,64.055,64.035,64.055,65.05,64.41,,,,,,,,,,,,,,,,,,,,,,,,,,,,,,,,,,,,,,,,,,,,,,,,,,,,3521,2579.25
1786646820,64.055,64.065,64.055,64.065,65.05,64.41,,,,,,,,,,,,,,,,,,,,,,,,,,,,,,,,,,,,,,,,,,,,,,,,,,,,2527,2675.45
1786646880,64.07,64.09,64.05,64.05,65.05,64.41,,,,,,,,,,,,,,,,,,,,,,,,,,,,,,,,,,,,,,,,,,,,,,,,,,,,6813,2881.05
1786646940,64.045,64.045,64.03,64.03,65.05,64.41,,,,,,,,,,,,,,,,,,,,,,,,,,,,,,,,,,,,,,,,,,,,,,,,,,,,3006,2818.95
1786647000,64.03,64.065,64.03,64.065,65.05,64.41,,,,,,,,,,,,,,,,,,,,,,,,,,,,,,,,,,,,,,,,,,,,,,,,,,,,5255,3051.4
1786647060,64.065,64.07,64.065,64.065,65.05,64.41,,,,,,,,,,,,,,,,,,,,,,,,,,,,,,,,,,,,,,,,,,,,,,,,,,,,2741,2982.45
1786647120,64.06,64.07,64.04,64.045,65.05,64.41,,,,,,,,,,,,,,,,,,,,,,,,,,,,,,,,,,,,,,,,,,,,,,,,,,,,2318,3084.55
1786647180,64.045,64.105,64.045,64.1,65.05,64.41,,,,,,,,,,,,,,,,,,,,,,,,,,,,,,,,,,,,,,,,,,,,,,,,,,,,9246,3393.3
1786647240,64.095,64.11,64.095,64.095,65.05,64.41,,,,,,,,,,,,,,,,,,,,,,,,,,,,,,,,,,,,,,,,,,,,,,,,,,,,4752,3475.5
1786647300,64.1,64.105,64.085,64.085,65.05,64.41,,,,,,,,,,,,,,,,,,,,,,,,,,,,,,,,,,,,,,,,,,,,,,,,,,,,1720,3493.5
1786647360,64.085,64.085,64.06,64.06,65.05,64.41,,,,,,,,,,,,,,,,,,,,,,,,,,,,,,,,,,,,,,,,,,,,,,,,,,,,1351,3533.6
1786647420,64.06,64.065,64.04,64.04,65.05,64.41,,,,,,,,,,,,,,,,,,,,,,,,,,,,,,,,,,,,,,,,,,,,,,,,,,,,1349,3460.55
1786647480,64.04,64.05,64.03,64.045,65.05,64.41,,,,,,,,,,,,,,,,,,,,,,,,,,,,,,,,,,,,,,,,,,,,,,,,,,,,5553,3484.45
1786647540,64.04,64.04,63.995,64,65.05,64.41,,,,,,,,,,,,,,,,,,,,,,,,,,,,,,,,,,,,,,,,,,,,,,,,,,,,3910,3444.85
1786647600,64.005,64.035,64.005,64.035,65.05,64.41,,,,,,,,,,,,,,,,,,,,,,,,,,,,,,,,,,,,,,,,,,,,,,,,,,,,5549,3639.4
1786647660,64.04,64.06,64.04,64.06,65.05,64.41,,,,,,,,,,,,,,,,,,,,,,,,,,,,,,,,,,,,,,,,,,,,,,,,,,,,1095,3617.35
1786647720,64.06,64.06,64.055,64.06,65.05,64.41,,,,,,,,,,,,,,,,,,,,,,,,,,,,,,,,,,,,,,,,,,,,,,,,,,,,1162,3554.45
1786647780,64.06,64.08,64.045,64.05,65.05,64.41,,,,,,,,,,,,,,,,,,,,,,,,,,,,,,,,,,,,,,,,,,,,,,,,,,,,3635,3642.9
1786647840,64.05,64.09,64.04,64.07,65.05,64.41,,,,,,,,,,,,,,,,,,,,,,,,,,,,,,,,,,,,,,,,,,,,,,,,,,,,7573,3683.15
1786647900,64.07,64.07,64.05,64.05,65.05,64.41,,,,,,,,,,,,,,,,,,,,,,,,,,,,,,,,,,,,,,,,,,,,,,,,,,,,917,3699.65
1786647960,64.05,64.06,64.045,64.055,65.05,64.41,,,,,,,,,,,,,,,,,,,,,,,,,,,,,,,,,,,,,,,,,,,,,,,,,,,,1666,3606.9
1786648020,64.055,64.07,64.055,64.07,65.05,64.41,,,,,,,,,,,,,,,,,,,,,,,,,,,,,,,,,,,,,,,,,,,,,,,,,,,,3166,3638.85
1786648080,64.075,64.08,64.06,64.06,65.05,64.41,,,,,,,,,,,,,,,,,,,,,,,,,,,,,,,,,,,,,,,,,,,,,,,,,,,,3293,3462.85
1786648140,64.065,64.08,64.055,64.08,65.05,64.41,,,,,,,,,,,,,,,,,,,,,,,,,,,,,,,,,,,,,,,,,,,,,,,,,,,,7587,3691.9
1786648200,64.08,64.085,64.08,64.085,65.05,64.41,,,,,,,,,,,,,,,,,,,,,,,,,,,,,,,,,,,,,,,,,,,,,,,,,,,,182,3438.25
1786648260,64.085,64.09,64.075,64.075,65.05,64.41,,,,,,,,,,,,,,,,,,,,,,,,,,,,,,,,,,,,,,,,,,,,,,,,,,,,4731,3537.75
1786648320,64.07,64.075,64.05,64.05,65.05,64.41,,,,,,,,,,,,,,,,,,,,,,,,,,,,,,,,,,,,,,,,,,,,,,,,,,,,2846,3564.15
1786648380,64.05,64.05,64.04,64.04,65.05,64.41,,,,,,,,,,,,,,,,,,,,,,,,,,,,,,,,,,,,,,,,,,,,,,,,,,,,716,3137.65
1786648440,64.045,64.045,64.02,64.02,65.05,64.41,,,,,,,,,,,,,,,,,,,,,,,,,,,,,,,,,,,,,,,,,,,,,,,,,,,,1634,2981.75
1786648500,64.015,64.07,64.015,64.045,65.05,64.41,,,,,,,,,,,,,,,,,,,,,,,,,,,,,,,,,,,,,,,,,,,,,,,,,,,,7530,3272.25
1786648560,64.045,64.06,64.02,64.03,65.05,64.41,,,,,,,,,,,,,,,,,,,,,,,,,,,,,,,,,,,,,,,,,,,,,,,,,,,,4413,3425.35
1786648620,64.035,64.04,64.03,64.04,65.05,64.41,,,,,,,,,,,,,,,,,,,,,,,,,,,,,,,,,,,,,,,,,,,,,,,,,,,,2527,3484.25
1786648680,64.03,64.04,64.02,64.03,65.05,64.41,,,,,,,,,,,,,,,,,,,,,,,,,,,,,,,,,,,,,,,,,,,,,,,,,,,,3030,3358.1
1786648740,64.04,64.07,64.035,64.07,65.05,64.41,,,,,,,,,,,,,,,,,,,,,,,,,,,,,,,,,,,,,,,,,,,,,,,,,,,,4311,3378.15
1786648800,64.07,64.075,64.045,64.05,65.05,64.41,,,,,,,,,,,,,,,,,,,,,,,,,,,,,,,,,,,,,,,,,,,,,,,,,,,,2728,3237.1
1786648860,64.04,64.05,64.04,64.045,65.05,64.41,,,,,,,,,,,,,,,,,,,,,,,,,,,,,,,,,,,,,,,,,,,,,,,,,,,,4087,3386.7
1786648920,64.05,64.06,64.04,64.06,65.05,64.41,,,,,,,,,,,,,,,,,,,,,,,,,,,,,,,,,,,,,,,,,,,,,,,,,,,,11365,3896.85
1786648980,64.065,64.065,64.035,64.035,65.05,64.41,,,,,,,,,,,,,,,,,,,,,,,,,,,,,,,,,,,,,,,,,,,,,,,,,,,,3628,3896.5
1786649040,64.035,64.09,64.035,64.09,65.05,64.41,,,,,,,,,,,,,,,,,,,,,,,,,,,,,,,,,,,,,,,,,,,,,,,,,,,,10164,4026.05
1786649100,64.09,64.115,64.08,64.085,65.05,64.41,,,,,,,,,,,,,,,,,,,,,,,,,,,,,,,,,,,,,,,,,,,,,,,,,,,,6571,4308.75
1786649160,64.09,64.09,64.03,64.03,65.05,64.41,,,,,,,,,,,,,,,,,,,,,,,,,,,,,,,,,,,,,,,,,,,,,,,,,,,,7845,4617.7
1786649220,64.025,64.04,64.015,64.03,65.05,64.41,,,,,,,,,,,,,,,,,,,,,,,,,,,,,,,,,,,,,,,,,,,,,,,,,,,,11095,5014.15
1786649280,64.025,64.04,64,64.04,65.05,64.41,,,,,,,,,,,,,,,,,,,,,,,,,,,,,,,,,,,,,,,,,,,,,,,,,,,,5362,5117.6
1786649340,64.045,64.08,64.04,64.055,65.05,64.41,,,,,,,,,,,,,,,,,,,,,,,,,,,,,,,,,,,,,,,,,,,,,,,,,,,,16031,5539.8
1786649400,64.06,64.075,64.045,64.075,65.05,64.41,,,,,,,,,,,,,,,,,,,,,,,,,,,,,,,,,,,,,,,,,,,,,,,,,,,,8017,5931.55
1786649460,64.075,64.09,64.055,64.055,65.05,64.41,,,,,,,,,,,,,,,,,,,,,,,,,,,,,,,,,,,,,,,,,,,,,,,,,,,,3087,5849.35
1786649520,64.055,64.055,64.03,64.03,65.05,64.41,,,,,,,,,,,,,,,,,,,,,,,,,,,,,,,,,,,,,,,,,,,,,,,,,,,,3359,5875
1786649580,64.03,64.035,64.01,64.015,65.05,64.41,,,,,,,,,,,,,,,,,,,,,,,,,,,,,,,,,,,,,,,,,,,,,,,,,,,,4592,6068.8
1786649640,64.02,64.04,64.01,64.03,65.05,64.41,,,,,,,,,,,,,,,,,,,,,,,,,,,,,,,,,,,,,,,,,,,,,,,,,,,,7176,6345.9
1786649700,64.03,64.035,63.995,64.01,65.05,64.41,,,,,,,,,,,,,,,,,,,,,,,,,,,,,,,,,,,,,,,,,,,,,,,,,,,,16464,6792.6
1786649760,64.02,64.03,63.98,63.99,65.05,64.41,,,,,,,,,,,,,,,,,,,,,,,,,,,,,,,,,,,,,,,,,,,,,,,,,,,,24751,7809.5
1786649820,63.985,63.99,63.95,63.96,65.05,64.41,,,,,,,,,,,,,,,,,,,,,,,,,,,,,,,,,,,,,,,,,,,,,,,,,,,,10813,8223.8
1786649880,63.96,63.99,63.96,63.99,65.05,64.41,,,,,,,,,,,,,,,,,,,,,,,,,,,,,,,,,,,,,,,,,,,,,,,,,,,,3588,8251.7
1786649940,64,64.005,63.975,63.98,65.05,64.41,,,,,,,,,,,,,,,,,,,,,,,,,,,,,,,,,,,,,,,,,,,,,,,,,,,,6732,8372.75
1786650000,63.985,64,63.97,63.99,65.05,64.41,,,,,,,,,,,,,,,,,,,,,,,,,,,,,,,,,,,,,,,,,,,,,,,,,,,,5043,8488.5
1786650060,63.98,63.99,63.975,63.985,65.05,64.41,,,,,,,,,,,,,,,,,,,,,,,,,,,,,,,,,,,,,,,,,,,,,,,,,,,,5796,8573.95
1786650120,63.985,64.035,63.985,64.025,65.05,64.41,,,,,,,,,,,,,,,,,,,,,,,,,,,,,,,,,,,,,,,,,,,,,,,,,,,,12259,8618.65
1786650180,64.025,64.04,64.02,64.04,65.05,64.41,,,,,,,,,,,,,,,,,,,,,,,,,,,,,,,,,,,,,,,,,,,,,,,,,,,,6143,8744.4
1786650240,64.04,64.045,64.015,64.04,65.05,64.41,,,,,,,,,,,,,,,,,,,,,,,,,,,,,,,,,,,,,,,,,,,,,,,,,,,,8783,8675.35
1786650300,64.03,64.08,64.03,64.08,65.05,64.41,,,,,,,,,,,,,,,,,,,,,,,,,,,,,,,,,,,,,,,,,,,,,,,,,,,,10571,8875.35
1786650360,64.085,64.09,64.075,64.08,65.05,64.41,,,,,,,,,,,,,,,,,,,,,,,,,,,,,,,,,,,,,,,,,,,,,,,,,,,,4201,8693.15
1786650420,64.075,64.105,64.07,64.1,65.05,64.41,,,,,,,,,,,,,,,,,,,,,,,,,,,,,,,,,,,,,,,,,,,,,,,,,,,,8348,8555.8
1786650480,64.1,64.12,64.09,64.12,65.05,64.41,,,,,,,,,,,,,,,,,,,,,,,,,,,,,,,,,,,,,,,,,,,,,,,,,,,,9888,8782.1
1786650540,64.12,64.125,64.075,64.075,65.05,64.41,,,,,,,,,,,,,,,,,,,,,,,,,,,,,,,,,,,,,,,,,,,,,,,,,,,,8874,8424.25
1786650600,64.08,64.1,64.025,64.045,65.05,64.41,,,,,,,,,,,,,,,,,,,,,,,,,,,,,,,,,,,,,,,,,,,,,,,,,,,,17897,8918.25
1786650660,64.045,64.07,64.04,64.06,65.05,64.41,,,,,,,,,,,,,,,,,,,,,,,,,,,,,,,,,,,,,,,,,,,,,,,,,,,,16594,9593.6
1786650720,64.065,64.1,64.05,64.095,65.05,64.41,,,,,,,,,,,,,,,,,,,,,,,,,,,,,,,,,,,,,,,,,,,,,,,,,,,,9265,9888.9
1786650780,64.095,64.1,64.075,64.075,65.05,64.41,,,,,,,,,,,,,,,,,,,,,,,,,,,,,,,,,,,,,,,,,,,,,,,,,,,,10728,10195.7
1786650840,64.075,64.105,64.07,64.105,65.05,64.41,,,,,,,,,,,,,,,,,,,,,,,,,,,,,,,,,,,,,,,,,,,,,,,,,,,,17431,10708.45
1786650900,64.105,64.175,64.095,64.17,65.05,64.41,,,,,,,,,,,,,,,,,,,,,,,,,,,,,,,,,,,,,,,,,,,,,,,,,,,,17023,10736.4
1786650960,64.18,64.2,64.13,64.13,65.05,64.41,,,,,,,,,,,,,,,,,,,,,,,,,,,,,,,,,,,,,,,,,,,,,,,,,,,,21162,10556.95
1786651020,64.14,64.24,64.135,64.23,65.05,64.41,,,,,,,,,,,,,,,,,,,,,,,,,,,,,,,,,,,,,,,,,,,,,,,,,,,,25168,11274.7
1786651080,64.225,64.23,64.18,64.23,65.05,64.41,,,,,,,,,,,,,,,,,,,,,,,,,,,,,,,,,,,,,,,,,,,,,,,,,,,,23574,12274
1786651140,64.23,64.23,64.08,64.1,65.05,64.41,,,1,19,-1,1786633080000,64.4,65.05,64.41,0.6400000000000006,0.0454123735386478,0.7763975155279613,0.07763975155279061,1,1786633200000,2,0,,,,0,0,0,0,0,,,,0,0,0,0,0,,,,0,0,0,0,0,,,,0,0,0,0,,-1,19,101842,17029.5
1786714200,64.03,64.03,63.81,63.96,64.03,63.81,,,,,,,,,,,,,,,,,,,,,,,,,,,,,,,,,,,,,,,,,,,,,,,,,,,,22748,17914.75
1786714260,63.94,64.07,63.91,64.07,64.07,63.81,,,,,,,,,,,,,,,,,,,,,,,,,,,,,,,,,,,,,,,,,,,,,,,,,,,,20525,18651.2
1786714320,64.09,64.2,64.08,64.2,64.2,63.81,,,,,,,,,,,,,,,,,,,,,,,,,,,,,,,,,,,,,,,,,,,,,,,,,,,,2846,18180.55
1786714380,64.19,64.19,64.13,64.18,64.2,63.81,,,,,,,,,,,,,,,,,,,,,,,,,,,,,,,,,,,,,,,,,,,,,,,,,,,,5106,18128.7
1786714440,64.14,64.17,64.105,64.17,64.2,63.81,,,,,,,,,,,,,,,,,,,,,,,,,,,,,,,,,,,,,,,,,,,,,,,,,,,,7167,18047.9
1786714500,64.15,64.21,64.095,64.17,64.21,63.81,,,,,,,,,,,,,,,,,,,,,,,,,,,,,,,,,,,,,,,,,,,,,,,,,,,,10886,18063.65
1786714560,64.18,64.22,64.165,64.22,64.22,63.81,,,,,,,,,,,,,,,,,,,,,,,,,,,,,,,,,,,,,,,,,,,,,,,,,,,,3634,18035.3
1786714620,64.23,64.23,64.175,64.2,64.23,63.81,,,,,,,,,,,,,,,,,,,,,,,,,,,,,,,,,,,,,,,,,,,,,,,,,,,,2436,17739.7
1786714680,64.22,64.27,64.21,64.26,64.27,63.81,,,,,,,,,,,,,,,,,,,,,,,,,,,,,,,,,,,,,,,,,,,,,,,,,,,,2652,17377.9
1786714740,64.25,64.25,64.15,64.15,64.27,63.81,,,,,,,,,,,,,,,,,,,,,,,,,,,,,,,,,,,,,,,,,,,,,,,,,,,,1917,17030.05
1786714800,64.15,64.16,64.1,64.15,64.27,63.81,,,,,,,,,,,,,,,,,,,,,,,,,,,,,,,,,,,,,,,,,,,,,,,,,,,,4460,16358.2
1786714860,64.14,64.14,64.1,64.1,64.27,63.81,,,,,,,,,,,,,,,,,,,,,,,,,,,,,,,,,,,,,,,,,,,,,,,,,,,,2730,15665
1786714920,64.1,64.19,64.1,64.18,64.27,63.81,,,,,,,,,,,,,,,,,,,,,,,,,,,,,,,,,,,,,,,,,,,,,,,,,,,,2195,15311.5
1786714980,64.19,64.21,64.16,64.17,64.27,63.81,,,,,,,,,,,,,,,,,,,,,,,,,,,,,,,,,,,,,,,,,,,,,,,,,,,,3176,14933.9
1786715040,64.18,64.46,64.16,64.365,64.46,63.81,,,,,,,,,,,,,,,,,,,,,,,,,,,,,,,,,,,,,,,,,,,,,,,,,,,,42334,16179.05
1786715100,64.365,64.41,64.35,64.41,64.46,63.81,,,,,,,,,,,,,,,,,,,,,,,,,,,,,,,,,,,,,,,,,,,,,,,,,,,,2276,15441.7
1786715160,64.4,64.41,64.34,64.35,64.46,63.81,,,,,,,,,,,,,,,,,,,,,,,,,,,,,,,,,,,,,,,,,,,,,,,,,,,,3952,14581.2
1786715220,64.37,64.38,64.34,64.36,64.46,63.81,,,,,,,,,,,,,,,,,,,,,,,,,,,,,,,,,,,,,,,,,,,,,,,,,,,,3025,13474.05
1786715280,64.37,64.37,64.29,64.29,64.46,63.81,,,,,,,,,,,,,,,,,,,,,,,,,,,,,,,,,,,,,,,,,,,,,,,,,,,,2072,12398.95
1786715340,64.3,64.375,64.3,64.33,64.46,63.81,,,,,,,,,,,,,,,,,,,,,,,,,,,,,,,,,,,,,,,,,,,,,,,,,,,,4984,7556.05
1786715400,64.33,64.33,64.295,64.31,64.46,63.81,,,,,,,,,,,,,,,,,,,,,,,,,,,,,,,,,,,,,,,,,,,,,,,,,,,,234,6430.35
1786715460,64.31,64.415,64.31,64.4,64.46,63.81,,,,,,,,,,,,,,,,,,,,,,,,,,,,,,,,,,,,,,,,,,,,,,,,,,,,9542,5881.2
1786715520,64.39,64.435,64.365,64.435,64.46,63.81,,,,,,,,,,,,,,,,,,,,,,,,,,,,,,,,,,,,,,,,,,,,,,,,,,,,2917,5884.75
1786715580,64.43,64.46,64.41,64.46,64.46,63.81,,,,,,,,,,,,,,,,,,,,,,,,,,,,,,,,,,,,,,,,,,,,,,,,,,,,3008,5779.85
1786715640,64.48,64.51,64.48,64.5,64.46,63.81,,,,,,,,,,,,,,,,,,,,,,,,,,,,,,,,,,,,,,,,,,,,,,,,,,,,9511,5897.05
1786715700,64.495,64.51,64.44,64.45,64.46,63.81,,,,,,,,,,,,,,,,,,,,,,,,,,,,,,,,,,,,,,,,,,,,,,,,,,,,3013,5503.4
1786715760,64.45,64.47,64.41,64.41,64.46,63.81,,,,,,,,,,,,,,,,,,,,,,,,,,,,,,,,,,,,,,,,,,,,,,,,,,,,2102,5426.8
1786715820,64.41,64.44,64.41,64.44,64.46,63.81,,,,,,,,,,,,,,,,,,,,,,,,,,,,,,,,,,,,,,,,,,,,,,,,,,,,1752,5392.6
1786715880,64.43,64.43,64.41,64.41,64.46,63.81,,,,,,,,,,,,,,,,,,,,,,,,,,,,,,,,,,,,,,,,,,,,,,,,,,,,763,5298.15
1786715940,64.41,64.43,64.39,64.43,64.46,63.81,,,,,,,,,,,,,,,,,,,,,,,,,,,,,,,,,,,,,,,,,,,,,,,,,,,,6121,5508.35
1786716000,64.41,64.43,64.37,64.39,64.46,63.81,,,,,,,,,,,,,,,,,,,,,,,,,,,,,,,,,,,,,,,,,,,,,,,,,,,,5379,5554.3
1786716060,64.385,64.41,64.35,64.36,64.46,63.81,,,,,,,,,,,,,,,,,,,,,,,,,,,,,,,,,,,,,,,,,,,,,,,,,,,,1872,5511.4
1786716120,64.35,64.35,64.295,64.32,64.46,63.81,,,,,,,,,,,,,,,,,,,,,,,,,,,,,,,,,,,,,,,,,,,,,,,,,,,,2037,5503.5
1786716180,64.31,64.31,64.285,64.29,64.46,63.81,,,,,,,,,,,,,,,,,,,,,,,,,,,,,,,,,,,,,,,,,,,,,,,,,,,,1124,5400.9
1786716240,64.295,64.31,64.27,64.29,64.46,63.81,,,,,,,,,,,,,,,,,,,,,,,,,,,,,,,,,,,,,,,,,,,,,,,,,,,,4969,3532.65
1786716300,64.295,64.32,64.295,64.295,64.46,63.81,,,,,,,,,,,,,,,,,,,,,,,,,,,,,,,,,,,,,,,,,,,,,,,,,,,,2280,3532.85
1786716360,64.295,64.31,64.295,64.305,64.46,63.81,,,,,,,,,,,,,,,,,,,,,,,,,,,,,,,,,,,,,,,,,,,,,,,,,,,,2968,3483.65
1786716420,64.31,64.34,64.31,64.34,64.46,63.81,,,,,,,,,,,,,,,,,,,,,,,,,,,,,,,,,,,,,,,,,,,,,,,,,,,,1137,3389.25
1786716480,64.35,64.375,64.35,64.37,64.46,63.81,,,,,,,,,,,,,,,,,,,,,,,,,,,,,,,,,,,,,,,,,,,,,,,,,,,,5026,3536.95
1786716540,64.37,64.39,64.33,64.33,64.46,63.81,,,,,,,,,,,,,,,,,,,,,,,,,,,,,,,,,,,,,,,,,,,,,,,,,,,,3318,3453.65
1786716600,64.33,64.36,64.32,64.36,64.46,63.81,,,,,,,,,,,,,,,,,,,,,,,,,,,,,,,,,,,,,,,,,,,,,,,,,,,,2103,3547.1
1786716660,64.36,64.38,64.325,64.37,64.46,63.81,,,,,,,,,,,,,,,,,,,,,,,,,,,,,,,,,,,,,,,,,,,,,,,,,,,,7614,3450.7
1786716720,64.37,64.395,64.345,64.345,64.46,63.81,,,,,,,,,,,,,,,,,,,,,,,,,,,,,,,,,,,,,,,,,,,,,,,,,,,,3185,3464.1
1786716780,64.345,64.345,64.31,64.34,64.46,63.81,,,,,,,,,,,,,,,,,,,,,,,,,,,,,,,,,,,,,,,,,,,,,,,,,,,,1728,3400.1
1786716840,64.335,64.36,64.335,64.345,64.46,63.81,,,,,,,,,,,,,,,,,,,,,,,,,,,,,,,,,,,,,,,,,,,,,,,,,,,,1318,2990.45
1786716900,64.35,64.36,64.295,64.295,64.46,63.81,,,,,,,,,,,,,,,,,,,,,,,,,,,,,,,,,,,,,,,,,,,,,,,,,,,,3060,2992.8
1786716960,64.295,64.36,64.29,64.36,64.46,63.81,,,,,,,,,,,,,,,,,,,,,,,,,,,,,,,,,,,,,,,,,,,,,,,,,,,,2039,2989.65
1786717020,64.36,64.365,64.33,64.34,64.46,63.81,,,,,,,,,,,,,,,,,,,,,,,,,,,,,,,,,,,,,,,,,,,,,,,,,,,,1553,2979.7
1786717080,64.335,64.36,64.315,64.36,64.46,63.81,,,,,,,,,,,,,,,,,,,,,,,,,,,,,,,,,,,,,,,,,,,,,,,,,,,,2336,3058.35
1786717140,64.355,64.385,64.325,64.34,64.46,63.81,,,,,,,,,,,,,,,,,,,,,,,,,,,,,,,,,,,,,,,,,,,,,,,,,,,,4559,2980.25
1786717200,64.335,64.35,64.32,64.32,64.46,63.81,,,,,,,,,,,,,,,,,,,,,,,,,,,,,,,,,,,,,,,,,,,,,,,,,,,,1954,2809
1786717260,64.32,64.335,64.3,64.32,64.46,63.81,,,,,,,,,,,,,,,,,,,,,,,,,,,,,,,,,,,,,,,,,,,,,,,,,,,,4342,2932.5
1786717320,64.335,64.355,64.335,64.34,64.46,63.81,,,,,,,,,,,,,,,,,,,,,,,,,,,,,,,,,,,,,,,,,,,,,,,,,,,,1537,2907.5
1786717380,64.34,64.35,64.335,64.335,64.46,63.81,,,,,,,,,,,,,,,,,,,,,,,,,,,,,,,,,,,,,,,,,,,,,,,,,,,,1458,2924.2
1786717440,64.335,64.335,64.305,64.32,64.46,63.81,,,,,,,,,,,,,,,,,,,,,,,,,,,,,,,,,,,,,,,,,,,,,,,,,,,,3264,2838.95
1786717500,64.31,64.325,64.29,64.32,64.46,63.81,,,,,,,,,,,,,,,,,,,,,,,,,,,,,,,,,,,,,,,,,,,,,,,,,,,,3074,2878.65
1786717560,64.32,64.335,64.32,64.32,64.46,63.81,,,,,,,,,,,,,,,,,,,,,,,,,,,,,,,,,,,,,,,,,,,,,,,,,,,,1904,2825.45
1786717620,64.32,64.36,64.32,64.355,64.46,63.81,,,,,,,,,,,,,,,,,,,,,,,,,,,,,,,,,,,,,,,,,,,,,,,,,,,,4435,2990.35
1786717680,64.35,64.37,64.345,64.35,64.46,63.81,,,,,,,,,,,,,,,,,,,,,,,,,,,,,,,,,,,,,,,,,,,,,,,,,,,,3626,2920.35
1786717740,64.35,64.36,64.335,64.34,64.46,63.81,,,,,,,,,,,,,,,,,,,,,,,,,,,,,,,,,,,,,,,,,,,,,,,,,,,,3186,2913.75
1786717800,64.345,64.355,64.305,64.34,64.46,63.81,,,,,,,,,,,,,,,,,,,,,,,,,,,,,,,,,,,,,,,,,,,,,,,,,,,,7918,3204.5
1786717860,64.34,64.36,64.33,64.34,64.46,63.81,,,,,,,,,,,,,,,,,,,,,,,,,,,,,,,,,,,,,,,,,,,,,,,,,,,,8662,3256.9
1786717920,64.345,64.38,64.32,64.35,64.46,63.81,,,,,,,,,,,,,,,,,,,,,,,,,,,,,,,,,,,,,,,,,,,,,,,,,,,,19902,4092.75
1786717980,64.34,64.375,64.33,64.37,64.46,63.81,,,,,,,,,,,,,,,,,,,,,,,,,,,,,,,,,,,,,,,,,,,,,,,,,,,,4898,4251.25
1786718040,64.375,64.41,64.375,64.395,64.46,63.81,,,,,,,,,,,,,,,,,,,,,,,,,,,,,,,,,,,,,,,,,,,,,,,,,,,,14656,4918.15
1786718100,64.395,64.42,64.37,64.4,64.46,63.81,,,,,,,,,,,,,,,,,,,,,,,,,,,,,,,,,,,,,,,,,,,,,,,,,,,,7734,5151.85
1786718160,64.4,64.41,64.39,64.39,64.46,63.81,,,,,,,,,,,,,,,,,,,,,,,,,,,,,,,,,,,,,,,,,,,,,,,,,,,,6392,5369.5
1786718220,64.395,64.395,64.325,64.325,64.46,63.81,,,,,,,,,,,,,,,,,,,,,,,,,,,,,,,,,,,,,,,,,,,,,,,,,,,,7000,5641.85
1786718280,64.325,64.365,64.325,64.365,64.46,63.81,,,,,,,,,,,,,,,,,,,,,,,,,,,,,,,,,,,,,,,,,,,,,,,,,,,,4189,5734.5
1786718340,64.37,64.42,64.37,64.41,64.46,63.81,,,,,,,,,,,,,,,,,,,,,,,,,,,,,,,,,,,,,,,,,,,,,,,,,,,,4863,5749.7
1786718400,64.41,64.43,64.41,64.43,64.46,63.81,,,,,,,,,,,,,,,,,,,,,,,,,,,,,,,,,,,,,,,,,,,,,,,,,,,,4374,5870.7
1786718460,64.43,64.44,64.42,64.44,64.46,63.81,,,,,,,,,,,,,,,,,,,,,,,,,,,,,,,,,,,,,,,,,,,,,,,,,,,,3706,5838.9
1786718520,64.43,64.46,64.43,64.45,64.46,63.81,,,,,,,,,,,,,,,,,,,,,,,,,,,,,,,,,,,,,,,,,,,,,,,,,,,,2856,5904.85
1786718580,64.445,64.45,64.4,64.4,64.46,63.81,,,,,,,,,,,,,,,,,,,,,,,,,,,,,,,,,,,,,,,,,,,,,,,,,,,,4619,6062.9
1786718640,64.39,64.39,64.365,64.385,64.46,63.81,,,,,,,,,,,,,,,,,,,,,,,,,,,,,,,,,,,,,,,,,,,,,,,,,,,,3203,6059.85
1786718700,64.38,64.4,64.38,64.39,64.46,63.81,,,,,,,,,,,,,,,,,,,,,,,,,,,,,,,,,,,,,,,,,,,,,,,,,,,,4163,6114.3
1786718760,64.4,64.4,64.38,64.4,64.46,63.81,,,,,,,,,,,,,,,,,,,,,,,,,,,,,,,,,,,,,,,,,,,,,,,,,,,,5950,6316.6
1786718820,64.39,64.41,64.385,64.4,64.46,63.81,,,,,,,,,,,,,,,,,,,,,,,,,,,,,,,,,,,,,,,,,,,,,,,,,,,,1878,6188.75
1786718880,64.4,64.455,64.4,64.455,64.46,63.81,,,,,,,,,,,,,,,,,,,,,,,,,,,,,,,,,,,,,,,,,,,,,,,,,,,,5335,6274.2
1786718940,64.45,64.475,64.445,64.465,64.46,63.81,,,,,,,,,,,,,,,,,,,,,,,,,,,,,,,,,,,,,,,,,,,,,,,,,,,,3491,6289.45
1786719000,64.46,64.46,64.43,64.43,64.46,63.81,,,,,,,,,,,,,,,,,,,,,,,,,,,,,,,,,,,,,,,,,,,,,,,,,,,,2389,6013
1786719060,64.43,64.44,64.42,64.44,64.46,63.81,,,,,,,,,,,,,,,,,,,,,,,,,,,,,,,,,,,,,,,,,,,,,,,,,,,,5505,5855.15
1786719120,64.44,64.445,64.42,64.42,64.46,63.81,,,,,,,,,,,,,,,,,,,,,,,,,,,,,,,,,,,,,,,,,,,,,,,,,,,,2094,4964.75
1786719180,64.42,64.43,64.395,64.395,64.46,63.81,,,,,,,,,,,,,,,,,,,,,,,,,,,,,,,,,,,,,,,,,,,,,,,,,,,,2862,4862.95
1786719240,64.39,64.405,64.37,64.375,64.46,63.81,,,,,,,,,,,,,,,,,,,,,,,,,,,,,,,,,,,,,,,,,,,,,,,,,,,,2813,4270.8
1786719300,64.38,64.415,64.38,64.415,64.46,63.81,,,,,,,,,,,,,,,,,,,,,,,,,,,,,,,,,,,,,,,,,,,,,,,,,,,,2423,4005.25
1786719360,64.42,64.425,64.37,64.37,64.46,63.81,,,,,,,,,,,,,,,,,,,,,,,,,,,,,,,,,,,,,,,,,,,,,,,,,,,,2407,3806
1786719420,64.38,64.405,64.38,64.405,64.46,63.81,,,,,,,,,,,,,,,,,,,,,,,,,,,,,,,,,,,,,,,,,,,,,,,,,,,,2434,3577.7
1786719480,64.405,64.41,64.39,64.4,64.46,63.81,,,,,,,,,,,,,,,,,,,,,,,,,,,,,,,,,,,,,,,,,,,,,,,,,,,,2309,3483.7
1786719540,64.4,64.405,64.375,64.375,64.46,63.81,,,,,,,,,,,,,,,,,,,,,,,,,,,,,,,,,,,,,,,,,,,,,,,,,,,,3634,3422.25
1786719600,64.375,64.395,64.35,64.38,64.46,63.81,,,,,,,,,,,,,,,,,,,,,,,,,,,,,,,,,,,,,,,,,,,,,,,,,,,,3493,3378.2
1786719660,64.38,64.39,64.365,64.365,64.46,63.81,,,,,,,,,,,,,,,,,,,,,,,,,,,,,,,,,,,,,,,,,,,,,,,,,,,,2781,3331.95
1786719720,64.365,64.375,64.36,64.375,64.46,63.81,,,,,,,,,,,,,,,,,,,,,,,,,,,,,,,,,,,,,,,,,,,,,,,,,,,,1541,3266.2
1786719780,64.38,64.415,64.38,64.415,64.46,63.81,,,,,,,,,,,,,,,,,,,,,,,,,,,,,,,,,,,,,,,,,,,,,,,,,,,,2358,3153.15
1786719840,64.42,64.43,64.4,64.41,64.46,63.81,,,,,,,,,,,,,,,,,,,,,,,,,,,,,,,,,,,,,,,,,,,,,,,,,,,,1676,3076.8
1786719900,64.41,64.41,64.4,64.4,64.46,63.81,,,,,,,,,,,,,,,,,,,,,,,,,,,,,,,,,,,,,,,,,,,,,,,,,,,,863,2911.8
1786719960,64.41,64.41,64.39,64.4,64.46,63.81,,,,,,,,,,,,,,,,,,,,,,,,,,,,,,,,,,,,,,,,,,,,,,,,,,,,2123,2720.45
1786720020,64.41,64.415,64.405,64.41,64.46,63.81,,,,,,,,,,,,,,,,,,,,,,,,,,,,,,,,,,,,,,,,,,,,,,,,,,,,1254,2689.25
1786720080,64.41,64.41,64.39,64.395,64.46,63.81,,,,,,,,,,,,,,,,,,,,,,,,,,,,,,,,,,,,,,,,,,,,,,,,,,,,1411,2493.05
1786720140,64.395,64.43,64.395,64.43,64.46,63.81,,,,,,,,,,,,,,,,,,,,,,,,,,,,,,,,,,,,,,,,,,,,,,,,,,,,1419,2389.45
1786720200,64.435,64.435,64.41,64.41,64.46,63.81,,,,,,,,,,,,,,,,,,,,,,,,,,,,,,,,,,,,,,,,,,,,,,,,,,,,752,2307.6
1786720260,64.42,64.44,64.42,64.44,64.46,63.81,,,,,,,,,,,,,,,,,,,,,,,,,,,,,,,,,,,,,,,,,,,,,,,,,,,,1023,2083.5
1786720320,64.435,64.445,64.42,64.44,64.46,63.81,,,,,,,,,,,,,,,,,,,,,,,,,,,,,,,,,,,,,,,,,,,,,,,,,,,,1807,2069.15
1786720380,64.44,64.465,64.43,64.465,64.46,63.81,,,,,,,,,,,,,,,,,,,,,,,,,,,,,,,,,,,,,,,,,,,,,,,,,,,,2981,2075.1
1786720440,64.465,64.47,64.45,64.45,64.46,63.81,,,,,,,,,,,,,,,,,,,,,,,,,,,,,,,,,,,,,,,,,,,,,,,,,,,,1096,1989.25
1786720500,64.44,64.445,64.43,64.43,64.46,63.81,,,,,,,,,,,,,,,,,,,,,,,,,,,,,,,,,,,,,,,,,,,,,,,,,,,,748,1905.5
1786720560,64.44,64.45,64.44,64.45,64.46,63.81,,,,,,,,,,,,,,,,,,,,,,,,,,,,,,,,,,,,,,,,,,,,,,,,,,,,2190,1894.65
1786720620,64.45,64.47,64.45,64.45,64.46,63.81,,,,,,,,,,,,,,,,,,,,,,,,,,,,,,,,,,,,,,,,,,,,,,,,,,,,2691,1907.5
1786720680,64.45,64.455,64.435,64.44,64.46,63.81,,,,,,,,,,,,,,,,,,,,,,,,,,,,,,,,,,,,,,,,,,,,,,,,,,,,1867,1885.4
1786720740,64.435,64.435,64.41,64.42,64.46,63.81,,,,,,,,,,,,,,,,,,,,,,,,,,,,,,,,,,,,,,,,,,,,,,,,,,,,751,1741.25
1786720800,64.43,64.435,64.415,64.435,64.46,63.81,,,,,,,,,,,,,,,,,,,,,,,,,,,,,,,,,,,,,,,,,,,,,,,,,,,,3930,1763.1
1786720860,64.43,64.45,64.425,64.45,64.46,63.81,,,,,,,,,,,,,,,,,,,,,,,,,,,,,,,,,,,,,,,,,,,,,,,,,,,,2957,1771.9
1786720920,64.45,64.465,64.445,64.46,64.46,63.81,,,,,,,,,,,,,,,,,,,,,,,,,,,,,,,,,,,,,,,,,,,,,,,,,,,,1589,1774.3
1786720980,64.45,64.46,64.44,64.445,64.46,63.81,,,,,,,,,,,,,,,,,,,,,,,,,,,,,,,,,,,,,,,,,,,,,,,,,,,,1860,1749.4
1786721040,64.45,64.485,64.44,64.47,64.46,63.81,,,,,,,,,,,,,,,,,,,,,,,,,,,,,,,,,,,,,,,,,,,,,,,,,,,,3717,1851.45
1786721100,64.47,64.47,64.43,64.43,64.46,63.81,,,,,,,,,,,,,,,,,,,,,,,,,,,,,,,,,,,,,,,,,,,,,,,,,,,,4851,2050.85
1786721160,64.44,64.46,64.44,64.455,64.46,63.81,,,,,,,,,,,,,,,,,,,,,,,,,,,,,,,,,,,,,,,,,,,,,,,,,,,,1942,2041.8
1786721220,64.45,64.48,64.445,64.48,64.46,63.81,,,,,,,,,,,,,,,,,,,,,,,,,,,,,,,,,,,,,,,,,,,,,,,,,,,,1586,2058.4
1786721280,64.48,64.485,64.465,64.47,64.46,63.81,,,,,,,,,,,,,,,,,,,,,,,,,,,,,,,,,,,,,,,,,,,,,,,,,,,,2376,2106.65
1786721340,64.47,64.48,64.47,64.475,64.46,63.81,,,,,,,,,,,,,,,,,,,,,,,,,,,,,,,,,,,,,,,,,,,,,,,,,,,,508,2061.1
1786721400,64.47,64.49,64.47,64.49,64.46,63.81,,,,,,,,,,,,,,,,,,,,,,,,,,,,,,,,,,,,,,,,,,,,,,,,,,,,3994,2223.2
1786721460,64.48,64.48,64.45,64.45,64.46,63.81,,,,,,,,,,,,,,,,,,,,,,,,,,,,,,,,,,,,,,,,,,,,,,,,,,,,3681,2356.1
1786721520,64.44,64.465,64.43,64.46,64.46,63.81,,,,,,,,,,,,,,,,,,,,,,,,,,,,,,,,,,,,,,,,,,,,,,,,,,,,4595,2495.5
1786721580,64.45,64.45,64.44,64.45,64.46,63.81,,,,,,,,,,,,,,,,,,,,,,,,,,,,,,,,,,,,,,,,,,,,,,,,,,,,1556,2424.25
1786721640,64.44,64.45,64.435,64.45,64.46,63.81,,,,,,,,,,,,,,,,,,,,,,,,,,,,,,,,,,,,,,,,,,,,,,,,,,,,4242,2581.55
1786721700,64.44,64.44,64.41,64.415,64.46,63.81,,,,,,,,,,,,,,,,,,,,,,,,,,,,,,,,,,,,,,,,,,,,,,,,,,,,2854,2686.85
1786721760,64.42,64.43,64.4,64.4,64.46,63.81,,,,,,,,,,,,,,,,,,,,,,,,,,,,,,,,,,,,,,,,,,,,,,,,,,,,837,2619.2
1786721820,64.405,64.41,64.39,64.41,64.46,63.81,,,,,,,,,,,,,,,,,,,,,,,,,,,,,,,,,,,,,,,,,,,,,,,,,,,,3597,2664.5
1786721880,64.42,64.435,64.41,64.435,64.46,63.81,,,,,,,,,,,,,,,,,,,,,,,,,,,,,,,,,,,,,,,,,,,,,,,,,,,,2058,2674.05
1786721940,64.435,64.44,64.43,64.435,64.46,63.81,,,,,,,,,,,,,,,,,,,,,,,,,,,,,,,,,,,,,,,,,,,,,,,,,,,,1337,2703.35
1786722000,64.44,64.445,64.43,64.43,64.46,63.81,,,,,,,,,,,,,,,,,,,,,,,,,,,,,,,,,,,,,,,,,,,,,,,,,,,,3056,2659.65
1786722060,64.43,64.435,64.425,64.43,64.46,63.81,,,,,,,,,,,,,,,,,,,,,,,,,,,,,,,,,,,,,,,,,,,,,,,,,,,,1032,2563.4
1786722120,64.435,64.435,64.42,64.43,64.46,63.81,,,,,,,,,,,,,,,,,,,,,,,,,,,,,,,,,,,,,,,,,,,,,,,,,,,,1761,2572
1786722180,64.43,64.44,64.41,64.415,64.46,63.81,,,,,,,,,,,,,,,,,,,,,,,,,,,,,,,,,,,,,,,,,,,,,,,,,,,,5554,2756.7
1786722240,64.42,64.44,64.42,64.44,64.46,63.81,,,,,,,,,,,,,,,,,,,,,,,,,,,,,,,,,,,,,,,,,,,,,,,,,,,,2749,2708.3
1786722300,64.435,64.445,64.435,64.445,64.46,63.81,,,,,,,,,,,,,,,,,,,,,,,,,,,,,,,,,,,,,,,,,,,,,,,,,,,,836,2507.55
1786722360,64.445,64.445,64.42,64.43,64.46,63.81,,,,,,,,,,,,,,,,,,,,,,,,,,,,,,,,,,,,,,,,,,,,,,,,,,,,1080,2464.45
1786722420,64.43,64.44,64.41,64.41,64.46,63.81,,,,,,,,,,,,,,,,,,,,,,,,,,,,,,,,,,,,,,,,,,,,,,,,,,,,2632,2516.75
1786722480,64.41,64.43,64.405,64.425,64.46,63.81,,,,,,,,,,,,,,,,,,,,,,,,,,,,,,,,,,,,,,,,,,,,,,,,,,,,1684,2482.15
1786722540,64.425,64.44,64.41,64.44,64.46,63.81,,,,,,,,,,,,,,,,,,,,,,,,,,,,,,,,,,,,,,,,,,,,,,,,,,,,4609,2687.2
1786722600,64.44,64.44,64.415,64.425,64.46,63.81,,,,,,,,,,,,,,,,,,,,,,,,,,,,,,,,,,,,,,,,,,,,,,,,,,,,2356,2605.3
1786722660,64.425,64.425,64.38,64.4,64.46,63.81,,,,,,,,,,,,,,,,,,,,,,,,,,,,,,,,,,,,,,,,,,,,,,,,,,,,3654,2603.95
1786722720,64.4,64.425,64.395,64.425,64.46,63.81,,,,,,,,,,,,,,,,,,,,,,,,,,,,,,,,,,,,,,,,,,,,,,,,,,,,2069,2477.65
1786722780,64.425,64.43,64.41,64.425,64.46,63.81,,,,,,,,,,,,,,,,,,,,,,,,,,,,,,,,,,,,,,,,,,,,,,,,,,,,943,2447
1786722840,64.42,64.42,64.4,64.42,64.46,63.81,,,,,,,,,,,,,,,,,,,,,,,,,,,,,,,,,,,,,,,,,,,,,,,,,,,,2181,2343.95
1786722900,64.42,64.42,64.375,64.405,64.46,63.81,,,,,,,,,,,,,,,,,,,,,,,,,,,,,,,,,,,,,,,,,,,,,,,,,,,,2180,2310.25
1786722960,64.4,64.4,64.38,64.395,64.46,63.81,,,,,,,,,,,,,,,,,,,,,,,,,,,,,,,,,,,,,,,,,,,,,,,,,,,,1311,2333.95
1786723020,64.375,64.39,64.375,64.39,64.46,63.81,,,,,,,,,,,,,,,,,,,,,,,,,,,,,,,,,,,,,,,,,,,,,,,,,,,,690,2188.6
1786723080,64.4,64.41,64.375,64.395,64.46,63.81,,,,,,,,,,,,,,,,,,,,,,,,,,,,,,,,,,,,,,,,,,,,,,,,,,,,1144,2142.9
1786723140,64.4,64.415,64.4,64.4,64.46,63.81,,,,,,,,,,,,,,,,,,,,,,,,,,,,,,,,,,,,,,,,,,,,,,,,,,,,1765,2164.3
1786723200,64.4,64.45,64.4,64.45,64.46,63.81,,,,,,,,,,,,,,,,,,,,,,,,,,,,,,,,,,,,,,,,,,,,,,,,,,,,1494,2086.2
1786723260,64.445,64.46,64.44,64.455,64.46,63.81,,,,,,,,,,,,,,,,,,,,,,,,,,,,,,,,,,,,,,,,,,,,,,,,,,,,1250,2097.1
1786723320,64.46,64.47,64.45,64.45,64.46,63.81,,,,,,,,,,,,,,,,,,,,,,,,,,,,,,,,,,,,,,,,,,,,,,,,,,,,1765,2097.3
1786723380,64.455,64.46,64.44,64.45,64.46,63.81,,,,,,,,,,,,,,,,,,,,,,,,,,,,,,,,,,,,,,,,,,,,,,,,,,,,1961,1917.65
1786723440,64.465,64.47,64.46,64.465,64.46,63.81,,,,,,,,,,,,,,,,,,,,,,,,,,,,,,,,,,,,,,,,,,,,,,,,,,,,547,1807.55
1786723500,64.465,64.465,64.46,64.46,64.46,63.81,,,,,,,,,,,,,,,,,,,,,,,,,,,,,,,,,,,,,,,,,,,,,,,,,,,,2771,1904.3
1786723560,64.46,64.46,64.455,64.46,64.46,63.81,,,,,,,,,,,,,,,,,,,,,,,,,,,,,,,,,,,,,,,,,,,,,,,,,,,,2167,1958.65
1786723620,64.47,64.475,64.47,64.475,64.46,63.81,,,,,,,,,,,,,,,,,,,,,,,,,,,,,,,,,,,,,,,,,,,,,,,,,,,,563,1855.2
1786723680,64.48,64.49,64.475,64.48,64.46,63.81,,,,,,,,,,,,,,,,,,,,,,,,,,,,,,,,,,,,,,,,,,,,,,,,,,,,2223,1882.15
1786723740,64.47,64.475,64.47,64.475,64.46,63.81,,,,,,,,,,,,,,,,,,,,,,,,,,,,,,,,,,,,,,,,,,,,,,,,,,,,450,1674.2
1786723800,64.47,64.48,64.47,64.48,64.46,63.81,,,,,,,,,,,,,,,,,,,,,,,,,,,,,,,,,,,,,,,,,,,,,,,,,,,,856,1599.2
1786723860,64.475,64.48,64.465,64.475,64.46,63.81,,,,,,,,,,,,,,,,,,,,,,,,,,,,,,,,,,,,,,,,,,,,,,,,,,,,2975,1565.25
1786723920,64.475,64.475,64.46,64.475,64.46,63.81,,,,,,,,,,,,,,,,,,,,,,,,,,,,,,,,,,,,,,,,,,,,,,,,,,,,1748,1549.2
1786723980,64.475,64.48,64.475,64.48,64.46,63.81,,,,,,,,,,,,,,,,,,,,,,,,,,,,,,,,,,,,,,,,,,,,,,,,,,,,1547,1579.4
1786724040,64.48,64.51,64.48,64.505,64.46,63.81,,,,,,,,,,,,,,,,,,,,,,,,,,,,,,,,,,,,,,,,,,,,,,,,,,,,6030,1771.85
1786724100,64.5,64.515,64.49,64.495,64.46,63.81,,,,,,,,,,,,,,,,,,,,,,,,,,,,,,,,,,,,,,,,,,,,,,,,,,,,4188,1872.25
1786724160,64.495,64.5,64.49,64.5,64.46,63.81,,,,,,,,,,,,,,,,,,,,,,,,,,,,,,,,,,,,,,,,,,,,,,,,,,,,523,1832.85
1786724220,64.505,64.525,64.505,64.525,64.46,63.81,,,,,,,,,,,,,,,,,,,,,,,,,,,,,,,,,,,,,,,,,,,,,,,,,,,,747,1835.7
1786724280,64.525,64.525,64.5,64.505,64.46,63.81,,,,,,,,,,,,,,,,,,,,,,,,,,,,,,,,,,,,,,,,,,,,,,,,,,,,794,1818.2
1786724340,64.505,64.51,64.5,64.505,64.46,63.81,,,,,,,,,,,,,,,,,,,,,,,,,,,,,,,,,,,,,,,,,,,,,,,,,,,,1508,1805.35
1786724400,64.51,64.51,64.505,64.51,64.46,63.81,,,,,,,,,,,,,,,,,,,,,,,,,,,,,,,,,,,,,,,,,,,,,,,,,,,,591,1760.2
1786724460,64.51,64.51,64.49,64.51,64.46,63.81,,,,,,,,,,,,,,,,,,,,,,,,,,,,,,,,,,,,,,,,,,,,,,,,,,,,3377,1866.55
1786724520,64.51,64.515,64.505,64.515,64.46,63.81,,,,,,,,,,,,,,,,,,,,,,,,,,,,,,,,,,,,,,,,,,,,,,,,,,,,1793,1867.95
1786724580,64.51,64.52,64.5,64.515,64.46,63.81,,,,,,,,,,,,,,,,,,,,,,,,,,,,,,,,,,,,,,,,,,,,,,,,,,,,1048,1822.3
1786724640,64.52,64.52,64.5,64.505,64.46,63.81,,,,,,,,,,,,,,,,,,,,,,,,,,,,,,,,,,,,,,,,,,,,,,,,,,,,1066,1848.25
1786724700,64.5,64.5,64.49,64.5,64.46,63.81,,,,,,,,,,,,,,,,,,,,,,,,,,,,,,,,,,,,,,,,,,,,,,,,,,,,2739,1846.65
1786724760,64.505,64.505,64.45,64.45,64.46,63.81,,,,,,,,,,,,,,,,,,,,,,,,,,,,,,,,,,,,,,,,,,,,,,,,,,,,8675,2172.05
1786724820,64.45,64.46,64.425,64.43,64.46,63.81,,,,,,,,,,,,,,,,,,,,,,,,,,,,,,,,,,,,,,,,,,,,,,,,,,,,11422,2715
1786724880,64.435,64.435,64.415,64.415,64.46,63.81,,,,,,,,,,,,,,,,,,,,,,,,,,,,,,,,,,,,,,,,,,,,,,,,,,,,4430,2825.35
1786724940,64.42,64.445,64.42,64.44,64.46,63.81,,,,,,,,,,,,,,,,,,,,,,,,,,,,,,,,,,,,,,,,,,,,,,,,,,,,3043,2955
1786725000,64.44,64.475,64.435,64.475,64.46,63.81,,,,,,,,,,,,,,,,,,,,,,,,,,,,,,,,,,,,,,,,,,,,,,,,,,,,1303,2977.35
1786725060,64.475,64.475,64.46,64.465,64.46,63.81,,,,,,,,,,,,,,,,,,,,,,,,,,,,,,,,,,,,,,,,,,,,,,,,,,,,806,2868.9
1786725120,64.46,64.465,64.445,64.445,64.46,63.81,,,,,,,,,,,,,,,,,,,,,,,,,,,,,,,,,,,,,,,,,,,,,,,,,,,,2833,2923.15
1786725180,64.445,64.465,64.445,64.46,64.46,63.81,,,,,,,,,,,,,,,,,,,,,,,,,,,,,,,,,,,,,,,,,,,,,,,,,,,,2508,2971.2
1786725240,64.46,64.47,64.46,64.46,64.46,63.81,,,,,,,,,,,,,,,,,,,,,,,,,,,,,,,,,,,,,,,,,,,,,,,,,,,,3031,2821.25
1786725300,64.46,64.46,64.445,64.445,64.46,63.81,,,,,,,,,,,,,,,,,,,,,,,,,,,,,,,,,,,,,,,,,,,,,,,,,,,,2464,2735.05
1786725360,64.45,64.455,64.44,64.45,64.46,63.81,,,,,,,,,,,,,,,,,,,,,,,,,,,,,,,,,,,,,,,,,,,,,,,,,,,,3706,2894.2
1786725420,64.46,64.46,64.455,64.46,64.46,63.81,,,,,,,,,,,,,,,,,,,,,,,,,,,,,,,,,,,,,,,,,,,,,,,,,,,,106,2862.15
1786725480,64.455,64.48,64.455,64.48,64.46,63.81,,,,,,,,,,,,,,,,,,,,,,,,,,,,,,,,,,,,,,,,,,,,,,,,,,,,1838,2914.35
1786725540,64.485,64.495,64.48,64.495,64.46,63.81,,,,,,,,,,,,,,,,,,,,,,,,,,,,,,,,,,,,,,,,,,,,,,,,,,,,786,2878.25
1786725600,64.495,64.51,64.495,64.51,64.46,63.81,,,,,,,,,,,,,,,,,,,,,,,,,,,,,,,,,,,,,,,,,,,,,,,,,,,,1332,2915.3
1786725660,64.51,64.51,64.5,64.51,64.46,63.81,,,,,,,,,,,,,,,,,,,,,,,,,,,,,,,,,,,,,,,,,,,,,,,,,,,,505,2771.7
1786725720,64.51,64.52,64.51,64.515,64.46,63.81,,,,,,,,,,,,,,,,,,,,,,,,,,,,,,,,,,,,,,,,,,,,,,,,,,,,1355,2749.8
1786725780,64.52,64.525,64.52,64.52,64.46,63.81,,,,,,,,,,,,,,,,,,,,,,,,,,,,,,,,,,,,,,,,,,,,,,,,,,,,164,2705.6
1786725840,64.52,64.52,64.485,64.49,64.46,63.81,,,,,,,,,,,,,,,,,,,,,,,,,,,,,,,,,,,,,,,,,,,,,,,,,,,,1670,2735.8
1786725900,64.485,64.49,64.48,64.485,64.46,63.81,,,,,,,,,,,,,,,,,,,,,,,,,,,,,,,,,,,,,,,,,,,,,,,,,,,,886,2643.15
1786725960,64.485,64.49,64.48,64.48,64.46,63.81,,,,,,,,,,,,,,,,,,,,,,,,,,,,,,,,,,,,,,,,,,,,,,,,,,,,1557,2287.25
1786726020,64.475,64.485,64.475,64.475,64.46,63.81,,,,,,,,,,,,,,,,,,,,,,,,,,,,,,,,,,,,,,,,,,,,,,,,,,,,680,1750.15
1786726080,64.48,64.49,64.475,64.48,64.46,63.81,,,,,,,,,,,,,,,,,,,,,,,,,,,,,,,,,,,,,,,,,,,,,,,,,,,,622,1559.75
1786726140,64.495,64.51,64.485,64.49,64.46,63.81,,,,,,,,,,,,,,,,,,,,,,,,,,,,,,,,,,,,,,,,,,,,,,,,,,,,807,1447.95
1786726200,64.485,64.485,64.46,64.46,64.46,63.81,,,,,,,,,,,,,,,,,,,,,,,,,,,,,,,,,,,,,,,,,,,,,,,,,,,,1747,1470.15
1786726260,64.455,64.46,64.45,64.46,64.46,63.81,,,,,,,,,,,,,,,,,,,,,,,,,,,,,,,,,,,,,,,,,,,,,,,,,,,,712,1465.45
1786726320,64.46,64.475,64.46,64.475,64.46,63.81,,,,,,,,,,,,,,,,,,,,,,,,,,,,,,,,,,,,,,,,,,,,,,,,,,,,1015,1374.55
1786726380,64.475,64.48,64.475,64.475,64.46,63.81,,,,,,,,,,,,,,,,,,,,,,,,,,,,,,,,,,,,,,,,,,,,,,,,,,,,105,1254.4
1786726440,64.475,64.5,64.475,64.5,64.46,63.81,,,,,,,,,,,,,,,,,,,,,,,,,,,,,,,,,,,,,,,,,,,,,,,,,,,,2601,1232.9
1786726500,64.49,64.505,64.485,64.49,64.46,63.81,,,,,,,,,,,,,,,,,,,,,,,,,,,,,,,,,,,,,,,,,,,,,,,,,,,,2497,1234.55
1786726560,64.49,64.5,64.49,64.495,64.46,63.81,,,,,,,,,,,,,,,,,,,,,,,,,,,,,,,,,,,,,,,,,,,,,,,,,,,,765,1087.5
1786726620,64.49,64.495,64.47,64.495,64.46,63.81,,,,,,,,,,,,,,,,,,,,,,,,,,,,,,,,,,,,,,,,,,,,,,,,,,,,3553,1259.85
1786726680,64.495,64.495,64.475,64.49,64.46,63.81,,,,,,,,,,,,,,,,,,,,,,,,,,,,,,,,,,,,,,,,,,,,,,,,,,,,2103,1273.1
1786726740,64.49,64.5,64.48,64.48,64.46,63.81,,,,,,,,,,,,,,,,,,,,,,,,,,,,,,,,,,,,,,,,,,,,,,,,,,,,8430,1655.3
1786726800,64.475,64.485,64.47,64.485,64.46,63.81,,,,,,,,,,,,,,,,,,,,,,,,,,,,,,,,,,,,,,,,,,,,,,,,,,,,370,1607.2
1786726860,64.485,64.495,64.47,64.47,64.46,63.81,,,,,,,,,,,,,,,,,,,,,,,,,,,,,,,,,,,,,,,,,,,,,,,,,,,,2008,1682.35
1786726920,64.475,64.48,64.475,64.48,64.46,63.81,,,,,,,,,,,,,,,,,,,,,,,,,,,,,,,,,,,,,,,,,,,,,,,,,,,,652,1647.2
1786726980,64.47,64.47,64.45,64.45,64.46,63.81,,,,,,,,,,,,,,,,,,,,,,,,,,,,,,,,,,,,,,,,,,,,,,,,,,,,2033,1740.65
1786727040,64.455,64.46,64.455,64.46,64.46,63.81,,,,,,,,,,,,,,,,,,,,,,,,,,,,,,,,,,,,,,,,,,,,,,,,,,,,432,1678.75
1786727100,64.45,64.47,64.44,64.47,64.46,63.81,,,,,,,,,,,,,,,,,,,,,,,,,,,,,,,,,,,,,,,,,,,,,,,,,,,,2686,1768.75
1786727160,64.47,64.47,64.46,64.465,64.46,63.81,,,,,,,,,,,,,,,,,,,,,,,,,,,,,,,,,,,,,,,,,,,,,,,,,,,,943,1738.05
1786727220,64.47,64.47,64.46,64.46,64.46,63.81,,,,,,,,,,,,,,,,,,,,,,,,,,,,,,,,,,,,,,,,,,,,,,,,,,,,398,1723.95
1786727280,64.465,64.47,64.465,64.47,64.46,63.81,,,,,,,,,,,,,,,,,,,,,,,,,,,,,,,,,,,,,,,,,,,,,,,,,,,,617,1723.7
1786727340,64.48,64.5,64.475,64.5,64.46,63.81,,,,,,,,,,,,,,,,,,,,,,,,,,,,,,,,,,,,,,,,,,,,,,,,,,,,1518,1759.25
1786727400,64.495,64.5,64.49,64.49,64.46,63.81,,,,,,,,,,,,,,,,,,,,,,,,,,,,,,,,,,,,,,,,,,,,,,,,,,,,216,1682.7
1786727460,64.495,64.51,64.495,64.5,64.46,63.81,,,,,,,,,,,,,,,,,,,,,,,,,,,,,,,,,,,,,,,,,,,,,,,,,,,,2011,1747.65
1786727520,64.5,64.5,64.49,64.5,64.46,63.81,,,,,,,,,,,,,,,,,,,,,,,,,,,,,,,,,,,,,,,,,,,,,,,,,,,,938,1743.8
1786727580,64.5,64.5,64.5,64.5,64.46,63.81,,,,,,,,,,,,,,,,,,,,,,,,,,,,,,,,,,,,,,,,,,,,,,,,,,,,320,1754.55
1786727640,64.5,64.51,64.5,64.51,64.46,63.81,,,,,,,,,,,,,,,,,,,,,,,,,,,,,,,,,,,,,,,,,,,,,,,,,,,,1923,1720.65
1786727700,64.5,64.51,64.5,64.5,64.46,63.81,,,,,,,,,,,,,,,,,,,,,,,,,,,,,,,,,,,,,,,,,,,,,,,,,,,,201,1605.85
1786727760,64.505,64.505,64.49,64.495,64.46,63.81,,,,,,,,,,,,,,,,,,,,,,,,,,,,,,,,,,,,,,,,,,,,,,,,,,,,1883,1661.75
1786727820,64.5,64.5,64.495,64.495,64.46,63.81,,,,,,,,,,,,,,,,,,,,,,,,,,,,,,,,,,,,,,,,,,,,,,,,,,,,329,1500.55
1786727880,64.49,64.51,64.49,64.51,64.46,63.81,,,,,,,,,,,,,,,,,,,,,,,,,,,,,,,,,,,,,,,,,,,,,,,,,,,,1831,1486.95
1786727940,64.505,64.51,64.495,64.495,64.46,63.81,,,,,,,,,,,,,,,,,,,,,,,,,,,,,,,,,,,,,,,,,,,,,,,,,,,,962,1113.55
1786728000,64.495,64.505,64.49,64.505,64.46,63.81,,,,,,,,,,,,,,,,,,,,,,,,,,,,,,,,,,,,,,,,,,,,,,,,,,,,2751,1232.6
1786728060,64.5,64.505,64.5,64.505,64.46,63.81,,,,,,,,,,,,,,,,,,,,,,,,,,,,,,,,,,,,,,,,,,,,,,,,,,,,412,1152.8
1786728120,64.51,64.52,64.51,64.51,64.46,63.81,,,,,,,,,,,,,,,,,,,,,,,,,,,,,,,,,,,,,,,,,,,,,,,,,,,,3242,1282.3
1786728180,64.51,64.525,64.51,64.525,64.46,63.81,,,,,,,,,,,,,,,,,,,,,,,,,,,,,,,,,,,,,,,,,,,,,,,,,,,,911,1226.2
1786728240,64.525,64.54,64.525,64.54,64.46,63.81,,,,,,,,,,,,,,,,,,,,,,,,,,,,,,,,,,,,,,,,,,,,,,,,,,,,3083,1358.75
1786728300,64.545,64.55,64.505,64.51,64.46,63.81,,,,,,,,,,,,,,,,,,,,,,,,,,,,,,,,,,,,,,,,,,,,,,,,,,,,2953,1372.1
1786728360,64.5,64.51,64.5,64.51,64.46,63.81,,,,,,,,,,,,,,,,,,,,,,,,,,,,,,,,,,,,,,,,,,,,,,,,,,,,1403,1395.1
1786728420,64.53,64.53,64.52,64.52,64.46,63.81,,,,,,,,,,,,,,,,,,,,,,,,,,,,,,,,,,,,,,,,,,,,,,,,,,,,382,1394.3
1786728480,64.515,64.52,64.515,64.52,64.46,63.81,,,,,,,,,,,,,,,,,,,,,,,,,,,,,,,,,,,,,,,,,,,,,,,,,,,,4,1363.65
1786728540,64.51,64.54,64.51,64.54,64.46,63.81,,,,,,,,,,,,,,,,,,,,,,,,,,,,,,,,,,,,,,,,,,,,,,,,,,,,11572,1866.35
1786728600,64.545,64.55,64.535,64.535,64.46,63.81,,,,,,,,,,,,,,,,,,,,,,,,,,,,,,,,,,,,,,,,,,,,,,,,,,,,2893,2000.2
1786728660,64.535,64.535,64.51,64.51,64.46,63.81,,,,,,,,,,,,,,,,,,,,,,,,,,,,,,,,,,,,,,,,,,,,,,,,,,,,1780,1988.65
1786728720,64.505,64.515,64.5,64.5,64.46,63.81,,,,,,,,,,,,,,,,,,,,,,,,,,,,,,,,,,,,,,,,,,,,,,,,,,,,2679,2075.7
1786728780,64.495,64.495,64.47,64.47,64.46,63.81,,,,,,,,,,,,,,,,,,,,,,,,,,,,,,,,,,,,,,,,,,,,,,,,,,,,1246,2122
1786728840,64.465,64.47,64.46,64.47,64.46,63.81,,,,,,,,,,,,,,,,,,,,,,,,,,,,,,,,,,,,,,,,,,,,,,,,,,,,2152,2133.45
1786728900,64.48,64.48,64.455,64.455,64.46,63.81,,,,,,,,,,,,,,,,,,,,,,,,,,,,,,,,,,,,,,,,,,,,,,,,,,,,4554,2351.1
1786728960,64.455,64.46,64.44,64.45,64.46,63.81,,,,,,,,,,,,,,,,,,,,,,,,,,,,,,,,,,,,,,,,,,,,,,,,,,,,2217,2367.8
1786729020,64.44,64.45,64.43,64.43,64.46,63.81,,,,,,,,,,,,,,,,,,,,,,,,,,,,,,,,,,,,,,,,,,,,,,,,,,,,886,2395.65
1786729080,64.42,64.42,64.4,64.405,64.46,63.81,,,,,,,,,,,,,,,,,,,,,,,,,,,,,,,,,,,,,,,,,,,,,,,,,,,,1233,2365.75
1786729140,64.405,64.42,64.405,64.405,64.46,63.81,,,,,,,,,,,,,,,,,,,,,,,,,,,,,,,,,,,,,,,,,,,,,,,,,,,,3491,2492.2
1786729200,64.4,64.405,64.38,64.395,64.46,63.81,,,,,,,,,,,,,,,,,,,,,,,,,,,,,,,,,,,,,,,,,,,,,,,,,,,,1552,2432.25
1786729260,64.385,64.395,64.375,64.395,64.46,63.81,,,,,,,,,,,,,,,,,,,,,,,,,,,,,,,,,,,,,,,,,,,,,,,,,,,,2129,2518.1
1786729320,64.395,64.4,64.385,64.385,64.46,63.81,,,,,,,,,,,,,,,,,,,,,,,,,,,,,,,,,,,,,,,,,,,,,,,,,,,,989,2405.45
1786729380,64.39,64.4,64.385,64.39,64.46,63.81,,,,,,,,,,,,,,,,,,,,,,,,,,,,,,,,,,,,,,,,,,,,,,,,,,,,1625,2441.15
1786729440,64.39,64.42,64.39,64.415,64.46,63.81,,,,,,,,,,,,,,,,,,,,,,,,,,,,,,,,,,,,,,,,,,,,,,,,,,,,1462,2360.1
1786729500,64.415,64.415,64.405,64.41,64.46,63.81,,,,,,,,,,,,,,,,,,,,,,,,,,,,,,,,,,,,,,,,,,,,,,,,,,,,212,2223.05
1786729560,64.4,64.415,64.4,64.41,64.46,63.81,,,,,,,,,,,,,,,,,,,,,,,,,,,,,,,,,,,,,,,,,,,,,,,,,,,,617,2183.75
1786729620,64.415,64.44,64.415,64.43,64.46,63.81,,,,,,,,,,,,,,,,,,,,,,,,,,,,,,,,,,,,,,,,,,,,,,,,,,,,2492,2289.25
1786729680,64.42,64.425,64.42,64.42,64.46,63.81,,,,,,,,,,,,,,,,,,,,,,,,,,,,,,,,,,,,,,,,,,,,,,,,,,,,318,2304.95
1786729740,64.42,64.44,64.42,64.435,64.46,63.81,,,,,,,,,,,,,,,,,,,,,,,,,,,,,,,,,,,,,,,,,,,,,,,,,,,,669,1759.8
1786729800,64.43,64.45,64.425,64.445,64.46,63.81,,,,,,,,,,,,,,,,,,,,,,,,,,,,,,,,,,,,,,,,,,,,,,,,,,,,1631,1696.7
1786729860,64.45,64.465,64.42,64.42,64.46,63.81,,,,,,,,,,,,,,,,,,,,,,,,,,,,,,,,,,,,,,,,,,,,,,,,,,,,3762,1795.8
1786729920,64.425,64.425,64.41,64.415,64.46,63.81,,,,,,,,,,,,,,,,,,,,,,,,,,,,,,,,,,,,,,,,,,,,,,,,,,,,874,1705.55
1786729980,64.41,64.41,64.4,64.405,64.46,63.81,,,,,,,,,,,,,,,,,,,,,,,,,,,,,,,,,,,,,,,,,,,,,,,,,,,,1488,1717.65
1786730040,64.41,64.42,64.41,64.42,64.46,63.81,,,,,,,,,,,,,,,,,,,,,,,,,,,,,,,,,,,,,,,,,,,,,,,,,,,,2908,1755.45
1786730100,64.415,64.42,64.41,64.415,64.46,63.81,,,,,,,,,,,,,,,,,,,,,,,,,,,,,,,,,,,,,,,,,,,,,,,,,,,,519,1553.7
1786730160,64.41,64.43,64.41,64.425,64.46,63.81,,,,,,,,,,,,,,,,,,,,,,,,,,,,,,,,,,,,,,,,,,,,,,,,,,,,1758,1530.75
1786730220,64.425,64.43,64.41,64.42,64.46,63.81,,,,,,,,,,,,,,,,,,,,,,,,,,,,,,,,,,,,,,,,,,,,,,,,,,,,1405,1556.7
1786730280,64.415,64.445,64.415,64.445,64.46,63.81,,,,,,,,,,,,,,,,,,,,,,,,,,,,,,,,,,,,,,,,,,,,,,,,,,,,908,1540.45
1786730340,64.44,64.44,64.4,64.41,64.46,63.81,,,,,,,,,,,,,,,,,,,,,,,,,,,,,,,,,,,,,,,,,,,,,,,,,,,,9636,1847.7
1786730400,64.41,64.41,64.345,64.36,64.46,63.81,,,,,,,,,,,,,,,,,,,,,,,,,,,,,,,,,,,,,,,,,,,,,,,,,,,,16030,2571.6
1786730460,64.37,64.39,64.37,64.38,64.46,63.81,,,,,,,,,,,,,,,,,,,,,,,,,,,,,,,,,,,,,,,,,,,,,,,,,,,,3475,2638.9
1786730520,64.37,64.385,64.365,64.38,64.46,63.81,,,,,,,,,,,,,,,,,,,,,,,,,,,,,,,,,,,,,,,,,,,,,,,,,,,,383,2608.6
1786730580,64.38,64.385,64.38,64.38,64.46,63.81,,,,,,,,,,,,,,,,,,,,,,,,,,,,,,,,,,,,,,,,,,,,,,,,,,,,788,2566.75
1786730640,64.38,64.39,64.38,64.39,64.46,63.81,,,,,,,,,,,,,,,,,,,,,,,,,,,,,,,,,,,,,,,,,,,,,,,,,,,,331,2510.2
1786730700,64.39,64.39,64.37,64.39,64.46,63.81,,,,,,,,,,,,,,,,,,,,,,,,,,,,,,,,,,,,,,,,,,,,,,,,,,,,3150,2657.1
1786730760,64.39,64.39,64.375,64.375,64.46,63.81,,,,,,,,,,,,,,,,,,,,,,,,,,,,,,,,,,,,,,,,,,,,,,,,,,,,1276,2690.05
1786730820,64.375,64.38,64.37,64.375,64.46,63.81,,,,,,,,,,,,,,,,,,,,,,,,,,,,,,,,,,,,,,,,,,,,,,,,,,,,834,2607.15
1786730880,64.38,64.395,64.375,64.39,64.46,63.81,,,,,,,,,,,,,,,,,,,,,,,,,,,,,,,,,,,,,,,,,,,,,,,,,,,,8410,3011.75
1786730940,64.385,64.39,64.38,64.39,64.46,63.81,,,,,,,,,,,,,,,,,,,,,,,,,,,,,,,,,,,,,,,,,,,,,,,,,,,,759,3016.25
1786731000,64.39,64.435,64.385,64.435,64.46,63.81,,,,,,,,,,,,,,,,,,,,,,,,,,,,,,,,,,,,,,,,,,,,,,,,,,,,3897,3129.55
1786731060,64.43,64.43,64.415,64.43,64.46,63.81,,,,,,,,,,,,,,,,,,,,,,,,,,,,,,,,,,,,,,,,,,,,,,,,,,,,2382,3060.55
1786731120,64.425,64.425,64.425,64.425,64.46,63.81,,,,,,,,,,,,,,,,,,,,,,,,,,,,,,,,,,,,,,,,,,,,,,,,,,,,211,3027.4
1786731180,64.43,64.45,64.43,64.44,64.46,63.81,,,,,,,,,,,,,,,,,,,,,,,,,,,,,,,,,,,,,,,,,,,,,,,,,,,,1610,3033.5
1786731240,64.45,64.47,64.45,64.46,64.46,63.81,,,,,,,,,,,,,,,,,,,,,,,,,,,,,,,,,,,,,,,,,,,,,,,,,,,,2007,2988.45
1786731300,64.46,64.46,64.45,64.46,64.46,63.81,,,,,,,,,,,,,,,,,,,,,,,,,,,,,,,,,,,,,,,,,,,,,,,,,,,,1617,3043.35
1786731360,64.455,64.46,64.455,64.46,64.46,63.81,,,,,,,,,,,,,,,,,,,,,,,,,,,,,,,,,,,,,,,,,,,,,,,,,,,,238,2967.35
1786731420,64.455,64.455,64.455,64.455,64.46,63.81,,,,,,,,,,,,,,,,,,,,,,,,,,,,,,,,,,,,,,,,,,,,,,,,,,,,100,2902.1
1786731480,64.455,64.47,64.45,64.455,64.46,63.81,,,,,,,,,,,,,,,,,,,,,,,,,,,,,,,,,,,,,,,,,,,,,,,,,,,,3459,3029.65
1786731540,64.45,64.455,64.45,64.455,64.46,63.81,,,,,,,,,,,,,,,,,,,,,,,,,,,,,,,,,,,,,,,,,,,,,,,,,,,,918,2593.75
1786731600,64.46,64.46,64.43,64.43,64.46,63.81,,,,,,,,,,,,,,,,,,,,,,,,,,,,,,,,,,,,,,,,,,,,,,,,,,,,694,1826.95
1786731660,64.44,64.45,64.435,64.445,64.46,63.81,,,,,,,,,,,,,,,,,,,,,,,,,,,,,,,,,,,,,,,,,,,,,,,,,,,,1594,1732.9
1786731720,64.44,64.44,64.43,64.43,64.46,63.81,,,,,,,,,,,,,,,,,,,,,,,,,,,,,,,,,,,,,,,,,,,,,,,,,,,,946,1761.05
1786731780,64.44,64.445,64.43,64.445,64.46,63.81,,,,,,,,,,,,,,,,,,,,,,,,,,,,,,,,,,,,,,,,,,,,,,,,,,,,413,1742.3
1786731840,64.45,64.46,64.45,64.46,64.46,63.81,,,,,,,,,,,,,,,,,,,,,,,,,,,,,,,,,,,,,,,,,,,,,,,,,,,,1219,1786.7
1786731900,64.46,64.47,64.46,64.46,64.46,63.81,,,,,,,,,,,,,,,,,,,,,,,,,,,,,,,,,,,,,,,,,,,,,,,,,,,,1291,1693.75
1786731960,64.48,64.48,64.475,64.48,64.46,63.81,,,,,,,,,,,,,,,,,,,,,,,,,,,,,,,,,,,,,,,,,,,,,,,,,,,,254,1642.65
1786732020,64.475,64.5,64.475,64.5,64.46,63.81,,,,,,,,,,,,,,,,,,,,,,,,,,,,,,,,,,,,,,,,,,,,,,,,,,,,1880,1694.95
1786732080,64.51,64.51,64.495,64.5,64.46,63.81,,,,,,,,,,,,,,,,,,,,,,,,,,,,,,,,,,,,,,,,,,,,,,,,,,,,788,1313.85
1786732140,64.5,64.52,64.49,64.52,64.46,63.81,,,,,,,,,,,,,,,,,,,,,,,,,,,,,,,,,,,,,,,,,,,,,,,,,,,,595,1305.65
1786732200,64.52,64.54,64.52,64.525,64.46,63.81,,,,,,,,,,,,,,,,,,,,,,,,,,,,,,,,,,,,,,,,,,,,,,,,,,,,1822,1201.9
1786732260,64.525,64.535,64.52,64.52,64.46,63.81,,,,,,,,,,,,,,,,,,,,,,,,,,,,,,,,,,,,,,,,,,,,,,,,,,,,661,1115.85
1786732320,64.52,64.52,64.5,64.5,64.46,63.81,,,,,,,,,,,,,,,,,,,,,,,,,,,,,,,,,,,,,,,,,,,,,,,,,,,,1894,1200
1786732380,64.5,64.5,64.47,64.47,64.46,63.81,,,,,,,,,,,,,,,,,,,,,,,,,,,,,,,,,,,,,,,,,,,,,,,,,,,,1099,1174.45
1786732440,64.47,64.47,64.44,64.445,64.46,63.81,,,,,,,,,,,,,,,,,,,,,,,,,,,,,,,,,,,,,,,,,,,,,,,,,,,,552,1101.7
1786732500,64.44,64.455,64.44,64.445,64.46,63.81,,,,,,,,,,,,,,,,,,,,,,,,,,,,,,,,,,,,,,,,,,,,,,,,,,,,1522,1096.95
1786732560,64.445,64.45,64.44,64.44,64.46,63.81,,,,,,,,,,,,,,,,,,,,,,,,,,,,,,,,,,,,,,,,,,,,,,,,,,,,1981,1184.1
1786732620,64.44,64.44,64.42,64.425,64.46,63.81,,,,,,,,,,,,,,,,,,,,,,,,,,,,,,,,,,,,,,,,,,,,,,,,,,,,1332,1245.7
1786732680,64.425,64.425,64.42,64.425,64.46,63.81,,,,,,,,,,,,,,,,,,,,,,,,,,,,,,,,,,,,,,,,,,,,,,,,,,,,1146,1130.05
1786732740,64.42,64.42,64.42,64.42,64.46,63.81,,,,,,,,,,,,,,,,,,,,,,,,,,,,,,,,,,,,,,,,,,,,,,,,,,,,30,1085.65
1786732800,64.42,64.435,64.4,64.43,64.46,63.81,,,,,,,,,,,,,,,,,,,,,,,,,,,,,,,,,,,,,,,,,,,,,,,,,,,,3605,1231.2
1786732860,64.435,64.445,64.435,64.435,64.46,63.81,,,,,,,,,,,,,,,,,,,,,,,,,,,,,,,,,,,,,,,,,,,,,,,,,,,,1534,1228.2
1786732920,64.44,64.445,64.43,64.435,64.46,63.81,,,,,,,,,,,,,,,,,,,,,,,,,,,,,,,,,,,,,,,,,,,,,,,,,,,,860,1223.9
1786732980,64.435,64.435,64.435,64.435,64.46,63.81,,,,,,,,,,,,,,,,,,,,,,,,,,,,,,,,,,,,,,,,,,,,,,,,,,,,205,1213.5
1786733040,64.435,64.45,64.435,64.445,64.46,63.81,,,,,,,,,,,,,,,,,,,,,,,,,,,,,,,,,,,,,,,,,,,,,,,,,,,,1623,1233.7
1786733100,64.44,64.45,64.44,64.45,64.46,63.81,,,,,,,,,,,,,,,,,,,,,,,,,,,,,,,,,,,,,,,,,,,,,,,,,,,,843,1211.3
1786733160,64.445,64.455,64.44,64.455,64.46,63.81,,,,,,,,,,,,,,,,,,,,,,,,,,,,,,,,,,,,,,,,,,,,,,,,,,,,1162,1256.7
1786733220,64.46,64.475,64.45,64.47,64.46,63.81,,,,,,,,,,,,,,,,,,,,,,,,,,,,,,,,,,,,,,,,,,,,,,,,,,,,1164,1220.9
1786733280,64.48,64.54,64.475,64.505,64.46,63.81,,,,,,,,,,,,,,,,,,,,,,,,,,,,,,,,,,,,,,,,,,,,,,,,,,,,72329,4797.95
1786733340,64.5,64.5,64.485,64.5,64.46,63.81,,,,,,,,,,,,,,,,,,,,,,,,,,,,,,,,,,,,,,,,,,,,,,,,,,,,4379,4987.15
1786733400,64.49,64.52,64.49,64.51,64.46,63.81,,,,,,,,,,,,,,,,,,,,,,,,,,,,,,,,,,,,,,,,,,,,,,,,,,,,1446,4968.35
1786733460,64.51,64.525,64.51,64.52,64.46,63.81,,,,,,,,,,,,,,,,,,,,,,,,,,,,,,,,,,,,,,,,,,,,,,,,,,,,1598,5015.2
1786733520,64.53,64.53,64.51,64.51,64.46,63.81,,,,,,,,,,,,,,,,,,,,,,,,,,,,,,,,,,,,,,,,,,,,,,,,,,,,2542,5047.6
1786733580,64.52,64.525,64.515,64.515,64.46,63.81,,,,,,,,,,,,,,,,,,,,,,,,,,,,,,,,,,,,,,,,,,,,,,,,,,,,1361,5060.7
1786733640,64.52,64.525,64.51,64.52,64.46,63.81,,,,,,,,,,,,,,,,,,,,,,,,,,,,,,,,,,,,,,,,,,,,,,,,,,,,2065,5136.35
1786733700,64.52,64.52,64.505,64.505,64.46,63.81,,,,,,,,,,,,,,,,,,,,,,,,,,,,,,,,,,,,,,,,,,,,,,,,,,,,2303,5175.4
1786733760,64.505,64.51,64.5,64.505,64.46,63.81,,,,,,,,,,,,,,,,,,,,,,,,,,,,,,,,,,,,,,,,,,,,,,,,,,,,219,5087.3
1786733820,64.5,64.525,64.5,64.505,64.46,63.81,,,,,,,,,,,,,,,,,,,,,,,,,,,,,,,,,,,,,,,,,,,,,,,,,,,,8556,5448.5
1786733880,64.5,64.5,64.49,64.495,64.46,63.81,,,,,,,,,,,,,,,,,,,,,,,,,,,,,,,,,,,,,,,,,,,,,,,,,,,,1378,5460.1
1786733940,64.49,64.5,64.49,64.495,64.46,63.81,,,,,,,,,,,,,,,,,,,,,,,,,,,,,,,,,,,,,,,,,,,,,,,,,,,,269,5472.05
1786734000,64.49,64.5,64.47,64.48,64.46,63.81,,,,,,,,,,,,,,,,,,,,,,,,,,,,,,,,,,,,,,,,,,,,,,,,,,,,4660,5524.8
1786734060,64.47,64.5,64.47,64.5,64.46,63.81,,,,,,,,,,,,,,,,,,,,,,,,,,,,,,,,,,,,,,,,,,,,,,,,,,,,3624,5629.3
1786734120,64.495,64.5,64.49,64.495,64.46,63.81,,,,,,,,,,,,,,,,,,,,,,,,,,,,,,,,,,,,,,,,,,,,,,,,,,,,1921,5682.35
1786734180,64.5,64.5,64.46,64.47,64.46,63.81,,,,,,,,,,,,,,,,,,,,,,,,,,,,,,,,,,,,,,,,,,,,,,,,,,,,3674,5855.8
1786734240,64.465,64.47,64.45,64.45,64.46,63.81,,,,,,,,,,,,,,,,,,,,,,,,,,,,,,,,,,,,,,,,,,,,,,,,,,,,2663,5907.8
1786734300,64.455,64.455,64.45,64.455,64.46,63.81,,,,,,,,,,,,,,,,,,,,,,,,,,,,,,,,,,,,,,,,,,,,,,,,,,,,1436,5937.45
1786734360,64.455,64.455,64.44,64.455,64.46,63.81,,,,,,,,,,,,,,,,,,,,,,,,,,,,,,,,,,,,,,,,,,,,,,,,,,,,2005,5979.6
1786734420,64.455,64.46,64.45,64.455,64.46,63.81,,,,,,,,,,,,,,,,,,,,,,,,,,,,,,,,,,,,,,,,,,,,,,,,,,,,195,5931.15
1786734480,64.455,64.47,64.455,64.47,64.46,63.81,,,,,,,,,,,,,,,,,,,,,,,,,,,,,,,,,,,,,,,,,,,,,,,,,,,,3395,2484.45
1786734540,64.46,64.47,64.45,64.465,64.46,63.81,,,,,,,,,,,,,,,,,,,,,,,,,,,,,,,,,,,,,,,,,,,,,,,,,,,,2056,2368.3
1786734600,64.465,64.485,64.465,64.485,64.46,63.81,,,,,,,,,,,,,,,,,,,,,,,,,,,,,,,,,,,,,,,,,,,,,,,,,,,,2451,2418.55
1786734660,64.49,64.5,64.48,64.495,64.46,63.81,,,,,,,,,,,,,,,,,,,,,,,,,,,,,,,,,,,,,,,,,,,,,,,,,,,,280,2352.65
1786734720,64.495,64.5,64.495,64.5,64.46,63.81,,,,,,,,,,,,,,,,,,,,,,,,,,,,,,,,,,,,,,,,,,,,,,,,,,,,1708,2310.95
1786734780,64.505,64.505,64.49,64.495,64.46,63.81,,,,,,,,,,,,,,,,,,,,,,,,,,,,,,,,,,,,,,,,,,,,,,,,,,,,1689,2327.35
1786734840,64.49,64.495,64.48,64.485,64.46,63.81,,,,,,,,,,,,,,,,,,,,,,,,,,,,,,,,,,,,,,,,,,,,,,,,,,,,4349,2441.55
1786734900,64.485,64.5,64.48,64.485,64.46,63.81,,,,,,,,,,,,,,,,,,,,,,,,,,,,,,,,,,,,,,,,,,,,,,,,,,,,4295,2541.15
1786734960,64.48,64.48,64.46,64.465,64.46,63.81,,,,,,,,,,,,,,,,,,,,,,,,,,,,,,,,,,,,,,,,,,,,,,,,,,,,2945,2677.45
1786735020,64.465,64.465,64.45,64.455,64.46,63.81,,,,,,,,,,,,,,,,,,,,,,,,,,,,,,,,,,,,,,,,,,,,,,,,,,,,1166,2307.95
1786735080,64.46,64.48,64.45,64.48,64.46,63.81,,,,,,,,,,,,,,,,,,,,,,,,,,,,,,,,,,,,,,,,,,,,,,,,,,,,3913,2434.7
1786735140,64.475,64.475,64.45,64.455,64.46,63.81,,,,,,,,,,,,,,,,,,,,,,,,,,,,,,,,,,,,,,,,,,,,,,,,,,,,3487,2595.6
1786735200,64.455,64.48,64.45,64.475,64.46,63.81,,,,,,,,,,,,,,,,,,,,,,,,,,,,,,,,,,,,,,,,,,,,,,,,,,,,1977,2461.45
1786735260,64.47,64.47,64.46,64.47,64.46,63.81,,,,,,,,,,,,,,,,,,,,,,,,,,,,,,,,,,,,,,,,,,,,,,,,,,,,1808,2370.65
1786735320,64.47,64.485,64.46,64.485,64.46,63.81,,,,,,,,,,,,,,,,,,,,,,,,,,,,,,,,,,,,,,,,,,,,,,,,,,,,3978,2473.5
1786735380,64.49,64.5,64.49,64.495,64.46,63.81,,,,,,,,,,,,,,,,,,,,,,,,,,,,,,,,,,,,,,,,,,,,,,,,,,,,2531,2416.35
1786735440,64.495,64.51,64.495,64.505,64.46,63.81,,,,,,,,,,,,,,,,,,,,,,,,,,,,,,,,,,,,,,,,,,,,,,,,,,,,2711,2418.75
1786735500,64.51,64.52,64.495,64.505,64.46,63.81,,,,,,,,,,,,,,,,,,,,,,,,,,,,,,,,,,,,,,,,,,,,,,,,,,,,7267,2710.3
1786735560,64.51,64.51,64.5,64.505,64.46,63.81,,,,,,,,,,,,,,,,,,,,,,,,,,,,,,,,,,,,,,,,,,,,,,,,,,,,612,2640.65
1786735620,64.505,64.505,64.49,64.49,64.46,63.81,,,,,,,,,,,,,,,,,,,,,,,,,,,,,,,,,,,,,,,,,,,,,,,,,,,,1432,2702.5
1786735680,64.49,64.49,64.47,64.47,64.46,63.81,,,,,,,,,,,,,,,,,,,,,,,,,,,,,,,,,,,,,,,,,,,,,,,,,,,,1687,2617.1
1786735740,64.475,64.475,64.44,64.445,64.46,63.81,,,,,,,,,,,,,,,,,,,,,,,,,,,,,,,,,,,,,,,,,,,,,,,,,,,,2778,2653.2
1786735800,64.45,64.455,64.43,64.45,64.46,63.81,,,,,,,,,,,,,,,,,,,,,,,,,,,,,,,,,,,,,,,,,,,,,,,,,,,,4648,2763.05
1786735860,64.45,64.47,64.45,64.455,64.46,63.81,,,,,,,,,,,,,,,,,,,,,,,,,,,,,,,,,,,,,,,,,,,,,,,,,,,,9330,3215.55
1786735920,64.455,64.47,64.45,64.47,64.46,63.81,,,,,,,,,,,,,,,,,,,,,,,,,,,,,,,,,,,,,,,,,,,,,,,,,,,,1831,3221.7
1786735980,64.465,64.47,64.46,64.465,64.46,63.81,,,,,,,,,,,,,,,,,,,,,,,,,,,,,,,,,,,,,,,,,,,,,,,,,,,,674,3170.95
1786736040,64.47,64.485,64.465,64.475,64.46,63.81,,,,,,,,,,,,,,,,,,,,,,,,,,,,,,,,,,,,,,,,,,,,,,,,,,,,6368,3271.9
1786736100,64.475,64.475,64.445,64.445,64.46,63.81,,,,,,,,,,,,,,,,,,,,,,,,,,,,,,,,,,,,,,,,,,,,,,,,,,,,7581,3436.2
1786736160,64.44,64.44,64.42,64.42,64.46,63.81,,,,,,,,,,,,,,,,,,,,,,,,,,,,,,,,,,,,,,,,,,,,,,,,,,,,2683,3423.1
1786736220,64.42,64.43,64.415,64.415,64.46,63.81,,,,,,,,,,,,,,,,,,,,,,,,,,,,,,,,,,,,,,,,,,,,,,,,,,,,1440,3436.8
1786736280,64.42,64.425,64.4,64.405,64.46,63.81,,,,,,,,,,,,,,,,,,,,,,,,,,,,,,,,,,,,,,,,,,,,,,,,,,,,3689,3425.6
1786736340,64.4,64.415,64.4,64.41,64.46,63.81,,,,,,,,,,,,,,,,,,,,,,,,,,,,,,,,,,,,,,,,,,,,,,,,,,,,1862,3344.35
1786736400,64.415,64.455,64.41,64.45,64.46,63.81,,,,,,,,,,,,,,,,,,,,,,,,,,,,,,,,,,,,,,,,,,,,,,,,,,,,4844,3487.7
1786736460,64.44,64.45,64.425,64.44,64.46,63.81,,,,,,,,,,,,,,,,,,,,,,,,,,,,,,,,,,,,,,,,,,,,,,,,,,,,4090,3601.8
1786736520,64.44,64.45,64.44,64.445,64.46,63.81,,,,,,,,,,,,,,,,,,,,,,,,,,,,,,,,,,,,,,,,,,,,,,,,,,,,665,3436.15
1786736580,64.445,64.45,64.44,64.445,64.46,63.81,,,,,,,,,,,,,,,,,,,,,,,,,,,,,,,,,,,,,,,,,,,,,,,,,,,,1158,3367.5
1786736640,64.445,64.445,64.4,64.42,64.46,63.81,,,,,,,,,,,,,,,,,,,,,,,,,,,,,,,,,,,,,,,,,,,,,,,,,,,,6676,3565.75
1786736700,64.41,64.42,64.4,64.41,64.46,63.81,,,,,,,,,,,,,,,,,,,,,,,,,,,,,,,,,,,,,,,,,,,,,,,,,,,,13475,3876.15
1786736760,64.405,64.425,64.4,64.415,64.46,63.81,,,,,,,,,,,,,,,,,,,,,,,,,,,,,,,,,,,,,,,,,,,,,,,,,,,,4994,4095.25
1786736820,64.415,64.44,64.41,64.41,64.46,63.81,,,,,,,,,,,,,,,,,,,,,,,,,,,,,,,,,,,,,,,,,,,,,,,,,,,,12456,4646.45
1786736880,64.415,64.435,64.41,64.42,64.46,63.81,,,,,,,,,,,,,,,,,,,,,,,,,,,,,,,,,,,,,,,,,,,,,,,,,,,,7251,4924.65
1786736940,64.43,64.45,64.42,64.43,64.46,63.81,,,,,,,,,,,,,,,,,,,,,,,,,,,,,,,,,,,,,,,,,,,,,,,,,,,,8728,5222.15
1786737000,64.43,64.435,64.4,64.425,64.46,63.81,,,,,,,,,,,,,,,,,,,,,,,,,,,,,,,,,,,,,,,,,,,,,,,,,,,,17435,5861.5
1786737060,64.425,64.435,64.41,64.42,64.46,63.81,,,,,,,,,,,,,,,,,,,,,,,,,,,,,,,,,,,,,,,,,,,,,,,,,,,,15021,6146.05
1786737120,64.43,64.435,64.405,64.42,64.46,63.81,,,,,,,,,,,,,,,,,,,,,,,,,,,,,,,,,,,,,,,,,,,,,,,,,,,,14462,6777.6
1786737180,64.41,64.42,64.355,64.38,64.46,63.81,,,,,,,,,,,,,,,,,,,,,,,,,,,,,,,,,,,,,,,,,,,,,,,,,,,,27215,8104.65
1786737240,64.38,64.39,64.35,64.37,64.46,63.81,,,,,,,,,,,,,,,,,,,,,,,,,,,,,,,,,,,,,,,,,,,,,,,,,,,,25400,9056.25
1786737300,64.365,64.44,64.355,64.385,64.46,63.81,,,,,,,,,,,,,,,,,,,,,,,,,,,,,,,,,,,,,,,,,,,,,,,,,,,,48035,11078.95
1786737360,64.385,64.43,64.385,64.42,64.46,63.81,,,,,,,,,,,,,,,,,,,,,,,,,,,,,,,,,,,,,,,,,,,,,,,,,,,,18127,11851.15
1786737420,64.425,64.48,64.42,64.47,64.46,63.81,,,,,,,,,,,,,,,,,,,,,,,,,,,,,,,,,,,,,,,,,,,,,,,,,,,,28129,13185.6
1786737480,64.475,64.48,64.445,64.45,64.46,63.81,,,,,,,,,,,,,,,,,,,,,,,,,,,,,,,,,,,,,,,,,,,,,,,,,,,,28048,14403.55
1786737540,64.45,64.49,64.41,64.485,64.46,63.81,,,1,20,1,1786715640000,64.5,64.46,63.81,0.6499999999999915,0.07725161128913703,0.07751937984495684,0.3565891472868279,0,1786715700000,2,0,,,,0,0,0,0,0,,,,0,0,0,0,0,,,,0,0,0,0,0,,,,0,0,0,0,,-1,20,106537,19637.3
1786973400,64.31,64.56,64.3,64.53,64.56,64.3,,,,,,,,,,,,,,,,,,,,,,,,,,,,,,,,,,,,,,,,,,,,,,,,,,,,25482,20669.2
1786973460,64.54,64.7,64.54,64.65,64.7,64.3,,,,,,,,,,,,,,,,,,,,,,,,,,,,,,,,,,,,,,,,,,,,,,,,,,,,10134,20971.4
1786973520,64.63,64.66,64.58,64.59,64.7,64.3,,,,,,,,,,,,,,,,,,,,,,,,,,,,,,,,,,,,,,,,,,,,,,,,,,,,7206,21298.45
1786973580,64.59,64.64,64.56,64.62,64.7,64.3,,,,,,,,,,,,,,,,,,,,,,,,,,,,,,,,,,,,,,,,,,,,,,,,,,,,7485,21614.8
1786973640,64.61,64.62,64.5,64.565,64.7,64.3,,,,,,,,,,,,,,,,,,,,,,,,,,,,,,,,,,,,,,,,,,,,,,,,,,,,18709,22216.45
1786973700,64.565,64.78,64.565,64.77,64.78,64.3,,,,,,,,,,,,,,,,,,,,,,,,,,,,,,,,,,,,,,,,,,,,,,,,,,,,44614,23773.4
1786973760,64.78,64.84,64.72,64.835,64.84,64.3,,,,,,,,,,,,,,,,,,,,,,,,,,,,,,,,,,,,,,,,,,,,,,,,,,,,12682,24157.8
1786973820,64.84,64.915,64.84,64.9,64.915,64.3,,,,,,,,,,,,,,,,,,,,,,,,,,,,,,,,,,,,,,,,,,,,,,,,,,,,6822,23876.1
1786973880,64.89,65.01,64.89,64.97,65.01,64.3,,,,,,,,,,,,,,,,,,,,,,,,,,,,,,,,,,,,,,,,,,,,,,,,,,,,10330,24030.05
1786973940,64.97,64.99,64.94,64.94,65.01,64.3,,,,,,,,,,,,,,,,,,,,,,,,,,,,,,,,,,,,,,,,,,,,,,,,,,,,6923,23939.8
1786974000,64.93,65,64.915,64.95,65.01,64.3,,,,,,,,,,,,,,,,,,,,,,,,,,,,,,,,,,,,,,,,,,,,,,,,,,,,20563,24096.2
1786974060,64.96,64.995,64.94,64.995,65.01,64.3,,,,,,,,,,,,,,,,,,,,,,,,,,,,,,,,,,,,,,,,,,,,,,,,,,,,7967,23743.5
1786974120,65,65.045,64.99,65.025,65.045,64.3,,,,,,,,,,,,,,,,,,,,,,,,,,,,,,,,,,,,,,,,,,,,,,,,,,,,9930,23516.9
1786974180,65.025,65.025,64.98,65.01,65.045,64.3,,,,,,,,,,,,,,,,,,,,,,,,,,,,,,,,,,,,,,,,,,,,,,,,,,,,15898,22951.05
1786974240,65.01,65.07,65,65.04,65.07,64.3,,,,,,,,,,,,,,,,,,,,,,,,,,,,,,,,,,,,,,,,,,,,,,,,,,,,8268,22094.45
1786974300,65.03,65.14,65.03,65.125,65.07,64.3,,,,,,,,,,,,,,,,,,,,,,,,,,,,,,,,,,,,,,,,,,,,,,,,,,,,11050,20245.2
1786974360,65.125,65.14,65.05,65.06,65.07,64.3,,,,,,,,,,,,,,,,,,,,,,,,,,,,,,,,,,,,,,,,,,,,,,,,,,,,7677,19722.7
1786974420,65.06,65.13,65.05,65.12,65.07,64.3,,,,,,,,,,,,,,,,,,,,,,,,,,,,,,,,,,,,,,,,,,,,,,,,,,,,7167,18674.6
1786974480,65.12,65.17,65.12,65.16,65.07,64.3,,,,,,,,,,,,,,,,,,,,,,,,,,,,,,,,,,,,,,,,,,,,,,,,,,,,4594,17501.9
1786974540,65.17,65.17,65.09,65.09,65.07,64.3,,,,,,,,,,,,,,,,,,,,,,,,,,,,,,,,,,,,,,,,,,,,,,,,,,,,3212,12335.65
1786974600,65.09,65.09,65.045,65.06,65.07,64.3,,,,,,,,,,,,,,,,,,,,,,,,,,,,,,,,,,,,,,,,,,,,,,,,,,,,4429,11283
1786974660,65.05,65.06,65.02,65.02,65.07,64.3,,,,,,,,,,,,,,,,,,,,,,,,,,,,,,,,,,,,,,,,,,,,,,,,,,,,2840,10918.3
1786974720,65.01,65.025,64.97,64.98,65.07,64.3,,,,,,,,,,,,,,,,,,,,,,,,,,,,,,,,,,,,,,,,,,,,,,,,,,,,2864,10701.2
1786974780,64.985,65.03,64.98,64.98,65.07,64.3,,,,,,,,,,,,,,,,,,,,,,,,,,,,,,,,,,,,,,,,,,,,,,,,,,,,10248,10839.35
1786974840,64.99,65,64.975,64.99,65.07,64.3,,,,,,,,,,,,,,,,,,,,,,,,,,,,,,,,,,,,,,,,,,,,,,,,,,,,6017,10204.75
1786974900,65,65,64.93,64.95,65.07,64.3,,,,,,,,,,,,,,,,,,,,,,,,,,,,,,,,,,,,,,,,,,,,,,,,,,,,8403,8394.2
1786974960,64.96,65.01,64.96,65,65.07,64.3,,,,,,,,,,,,,,,,,,,,,,,,,,,,,,,,,,,,,,,,,,,,,,,,,,,,5012,8010.7
1786975020,65.005,65.015,64.985,65.015,65.07,64.3,,,,,,,,,,,,,,,,,,,,,,,,,,,,,,,,,,,,,,,,,,,,,,,,,,,,2341,7786.65
1786975080,65.015,65.015,64.985,64.99,65.07,64.3,,,,,,,,,,,,,,,,,,,,,,,,,,,,,,,,,,,,,,,,,,,,,,,,,,,,1515,7345.9
1786975140,64.99,65.03,64.925,64.93,65.07,64.3,,,,,,,,,,,,,,,,,,,,,,,,,,,,,,,,,,,,,,,,,,,,,,,,,,,,5076,7253.55
1786975200,64.94,65.03,64.935,65.03,65.07,64.3,,,,,,,,,,,,,,,,,,,,,,,,,,,,,,,,,,,,,,,,,,,,,,,,,,,,8906,6670.7
1786975260,65.035,65.06,65.03,65.04,65.07,64.3,,,,,,,,,,,,,,,,,,,,,,,,,,,,,,,,,,,,,,,,,,,,,,,,,,,,3677,6456.2
1786975320,65.04,65.09,65.04,65.06,65.07,64.3,,,,,,,,,,,,,,,,,,,,,,,,,,,,,,,,,,,,,,,,,,,,,,,,,,,,4546,6187
1786975380,65.045,65.105,65.045,65.105,65.07,64.3,,,,,,,,,,,,,,,,,,,,,,,,,,,,,,,,,,,,,,,,,,,,,,,,,,,,2942,5539.2
1786975440,65.11,65.11,65.03,65.09,65.07,64.3,,,,,,,,,,,,,,,,,,,,,,,,,,,,,,,,,,,,,,,,,,,,,,,,,,,,3017,5276.65
1786975500,65.085,65.12,65.085,65.12,65.07,64.3,,,,,,,,,,,,,,,,,,,,,,,,,,,,,,,,,,,,,,,,,,,,,,,,,,,,4238,4936.05
1786975560,65.125,65.165,65.125,65.16,65.07,64.3,,,,,,,,,,,,,,,,,,,,,,,,,,,,,,,,,,,,,,,,,,,,,,,,,,,,6302,4867.3
1786975620,65.17,65.21,65.17,65.21,65.07,64.3,,,,,,,,,,,,,,,,,,,,,,,,,,,,,,,,,,,,,,,,,,,,,,,,,,,,5883,4803.1
1786975680,65.21,65.22,65.19,65.19,65.07,64.3,,,,,,,,,,,,,,,,,,,,,,,,,,,,,,,,,,,,,,,,,,,,,,,,,,,,3332,4740
1786975740,65.19,65.195,65.13,65.14,65.07,64.3,,,,,,,,,,,,,,,,,,,,,,,,,,,,,,,,,,,,,,,,,,,,,,,,,,,,3047,4731.75
1786975800,65.14,65.14,65.105,65.12,65.07,64.3,,,,,,,,,,,,,,,,,,,,,,,,,,,,,,,,,,,,,,,,,,,,,,,,,,,,219,4521.25
1786975860,65.12,65.14,65.11,65.14,65.07,64.3,,,,,,,,,,,,,,,,,,,,,,,,,,,,,,,,,,,,,,,,,,,,,,,,,,,,1984,4478.45
1786975920,65.13,65.14,65.11,65.11,65.07,64.3,,,,,,,,,,,,,,,,,,,,,,,,,,,,,,,,,,,,,,,,,,,,,,,,,,,,1376,4404.05
1786975980,65.12,65.12,65.09,65.095,65.07,64.3,,,,,,,,,,,,,,,,,,,,,,,,,,,,,,,,,,,,,,,,,,,,,,,,,,,,136,3898.45
1786976040,65.09,65.12,65.09,65.09,65.07,64.3,,,,,,,,,,,,,,,,,,,,,,,,,,,,,,,,,,,,,,,,,,,,,,,,,,,,3173,3756.25
1786976100,65.09,65.11,65.035,65.05,65.07,64.3,,,,,,,,,,,,,,,,,,,,,,,,,,,,,,,,,,,,,,,,,,,,,,,,,,,,3391,3505.65
1786976160,65.04,65.055,65.005,65.035,65.07,64.3,,,,,,,,,,,,,,,,,,,,,,,,,,,,,,,,,,,,,,,,,,,,,,,,,,,,6050,3557.55
1786976220,65.035,65.07,65.035,65.04,65.07,64.3,,,,,,,,,,,,,,,,,,,,,,,,,,,,,,,,,,,,,,,,,,,,,,,,,,,,1274,3504.2
1786976280,65.04,65.06,65.035,65.06,65.07,64.3,,,,,,,,,,,,,,,,,,,,,,,,,,,,,,,,,,,,,,,,,,,,,,,,,,,,2457,3551.3
1786976340,65.05,65.09,65.05,65.09,65.07,64.3,,,,,,,,,,,,,,,,,,,,,,,,,,,,,,,,,,,,,,,,,,,,,,,,,,,,1688,3381.9
1786976400,65.095,65.105,65.07,65.07,65.07,64.3,,,,,,,,,,,,,,,,,,,,,,,,,,,,,,,,,,,,,,,,,,,,,,,,,,,,1992,3036.2
1786976460,65.07,65.07,65.05,65.06,65.07,64.3,,,,,,,,,,,,,,,,,,,,,,,,,,,,,,,,,,,,,,,,,,,,,,,,,,,,1400,2922.35
1786976520,65.055,65.06,65.03,65.05,65.07,64.3,,,,,,,,,,,,,,,,,,,,,,,,,,,,,,,,,,,,,,,,,,,,,,,,,,,,1989,2794.5
1786976580,65.055,65.07,65.04,65.06,65.07,64.3,,,,,,,,,,,,,,,,,,,,,,,,,,,,,,,,,,,,,,,,,,,,,,,,,,,,2092,2752
1786976640,65.07,65.07,65.035,65.05,65.07,64.3,,,,,,,,,,,,,,,,,,,,,,,,,,,,,,,,,,,,,,,,,,,,,,,,,,,,1374,2669.85
1786976700,65.055,65.065,65.02,65.02,65.07,64.3,,,,,,,,,,,,,,,,,,,,,,,,,,,,,,,,,,,,,,,,,,,,,,,,,,,,1056,2510.75
1786976760,65.02,65.035,65.01,65.01,65.07,64.3,,,,,,,,,,,,,,,,,,,,,,,,,,,,,,,,,,,,,,,,,,,,,,,,,,,,996,2245.45
1786976820,65.01,65.015,65,65.01,65.07,64.3,,,,,,,,,,,,,,,,,,,,,,,,,,,,,,,,,,,,,,,,,,,,,,,,,,,,2934,2098
1786976880,65.015,65.03,65.01,65.03,65.07,64.3,,,,,,,,,,,,,,,,,,,,,,,,,,,,,,,,,,,,,,,,,,,,,,,,,,,,1457,2004.25
1786976940,65.03,65.04,65.02,65.03,65.07,64.3,,,,,,,,,,,,,,,,,,,,,,,,,,,,,,,,,,,,,,,,,,,,,,,,,,,,3514,2027.6
1786977000,65.04,65.055,65.03,65.055,65.07,64.3,,,,,,,,,,,,,,,,,,,,,,,,,,,,,,,,,,,,,,,,,,,,,,,,,,,,554,2044.35
1786977060,65.06,65.08,65.03,65.03,65.07,64.3,,,,,,,,,,,,,,,,,,,,,,,,,,,,,,,,,,,,,,,,,,,,,,,,,,,,3779,2134.1
1786977120,65.04,65.04,64.985,64.985,65.07,64.3,,,,,,,,,,,,,,,,,,,,,,,,,,,,,,,,,,,,,,,,,,,,,,,,,,,,2155,2173.05
1786977180,64.99,65.01,64.98,65.01,65.07,64.3,,,,,,,,,,,,,,,,,,,,,,,,,,,,,,,,,,,,,,,,,,,,,,,,,,,,3140,2323.25
1786977240,65.01,65.05,65.005,65.05,65.07,64.3,,,,,,,,,,,,,,,,,,,,,,,,,,,,,,,,,,,,,,,,,,,,,,,,,,,,8472,2588.2
1786977300,65.05,65.055,64.99,65,65.07,64.3,,,,,,,,,,,,,,,,,,,,,,,,,,,,,,,,,,,,,,,,,,,,,,,,,,,,6727,2755
1786977360,65,65.02,64.97,64.97,65.07,64.3,,,,,,,,,,,,,,,,,,,,,,,,,,,,,,,,,,,,,,,,,,,,,,,,,,,,2047,2554.85
1786977420,64.96,64.97,64.92,64.935,65.07,64.3,,,,,,,,,,,,,,,,,,,,,,,,,,,,,,,,,,,,,,,,,,,,,,,,,,,,7625,2872.4
1786977480,64.94,64.95,64.89,64.91,65.07,64.3,,,,,,,,,,,,,,,,,,,,,,,,,,,,,,,,,,,,,,,,,,,,,,,,,,,,1508,2824.95
1786977540,64.905,64.955,64.905,64.95,65.07,64.3,,,,,,,,,,,,,,,,,,,,,,,,,,,,,,,,,,,,,,,,,,,,,,,,,,,,3448,2912.95
1786977600,64.955,64.965,64.93,64.94,65.07,64.3,,,,,,,,,,,,,,,,,,,,,,,,,,,,,,,,,,,,,,,,,,,,,,,,,,,,2004,2913.55
1786977660,64.935,64.95,64.92,64.92,65.07,64.3,,,,,,,,,,,,,,,,,,,,,,,,,,,,,,,,,,,,,,,,,,,,,,,,,,,,4733,3080.2
1786977720,64.92,64.93,64.91,64.92,65.07,64.3,,,,,,,,,,,,,,,,,,,,,,,,,,,,,,,,,,,,,,,,,,,,,,,,,,,,1682,3064.85
1786977780,64.925,64.925,64.91,64.91,65.07,64.3,,,,,,,,,,,,,,,,,,,,,,,,,,,,,,,,,,,,,,,,,,,,,,,,,,,,737,2997.1
1786977840,64.91,64.91,64.89,64.91,65.07,64.3,,,,,,,,,,,,,,,,,,,,,,,,,,,,,,,,,,,,,,,,,,,,,,,,,,,,1311,2993.95
1786977900,64.91,64.925,64.9,64.91,65.07,64.3,,,,,,,,,,,,,,,,,,,,,,,,,,,,,,,,,,,,,,,,,,,,,,,,,,,,1738,3028.05
1786977960,64.91,64.91,64.87,64.87,65.07,64.3,,,,,,,,,,,,,,,,,,,,,,,,,,,,,,,,,,,,,,,,,,,,,,,,,,,,1707,3063.6
1786978020,64.87,64.9,64.87,64.9,65.07,64.3,,,,,,,,,,,,,,,,,,,,,,,,,,,,,,,,,,,,,,,,,,,,,,,,,,,,1371,2985.45
1786978080,64.9,64.91,64.875,64.9,65.07,64.3,,,,,,,,,,,,,,,,,,,,,,,,,,,,,,,,,,,,,,,,,,,,,,,,,,,,2933,3059.25
1786978140,64.91,64.94,64.905,64.91,65.07,64.3,,,,,,,,,,,,,,,,,,,,,,,,,,,,,,,,,,,,,,,,,,,,,,,,,,,,3946,3080.85
1786978200,64.91,64.92,64.9,64.92,65.07,64.3,,,,,,,,,,,,,,,,,,,,,,,,,,,,,,,,,,,,,,,,,,,,,,,,,,,,1382,3122.25
1786978260,64.915,64.93,64.91,64.91,65.07,64.3,,,,,,,,,,,,,,,,,,,,,,,,,,,,,,,,,,,,,,,,,,,,,,,,,,,,1001,2983.35
1786978320,64.9,64.91,64.89,64.89,65.07,64.3,,,,,,,,,,,,,,,,,,,,,,,,,,,,,,,,,,,,,,,,,,,,,,,,,,,,2199,2985.55
1786978380,64.89,64.9,64.86,64.87,65.07,64.3,,,,,,,,,,,,,,,,,,,,,,,,,,,,,,,,,,,,,,,,,,,,,,,,,,,,1917,2924.4
1786978440,64.875,64.88,64.86,64.86,65.07,64.3,,,,,,,,,,,,,,,,,,,,,,,,,,,,,,,,,,,,,,,,,,,,,,,,,,,,1179,2559.75
1786978500,64.855,64.86,64.79,64.82,65.07,64.3,,,,,,,,,,,,,,,,,,,,,,,,,,,,,,,,,,,,,,,,,,,,,,,,,,,,4619,2454.35
1786978560,64.82,64.83,64.79,64.83,65.07,64.3,,,,,,,,,,,,,,,,,,,,,,,,,,,,,,,,,,,,,,,,,,,,,,,,,,,,4071,2555.55
1786978620,64.82,64.82,64.76,64.76,65.07,64.3,,,,,,,,,,,,,,,,,,,,,,,,,,,,,,,,,,,,,,,,,,,,,,,,,,,,1774,2263
1786978680,64.75,64.78,64.745,64.78,65.07,64.3,,,,,,,,,,,,,,,,,,,,,,,,,,,,,,,,,,,,,,,,,,,,,,,,,,,,1113,2243.25
1786978740,64.79,64.8,64.79,64.795,65.07,64.3,,,,,,,,,,,,,,,,,,,,,,,,,,,,,,,,,,,,,,,,,,,,,,,,,,,,2361,2188.9
1786978800,64.8,64.83,64.79,64.83,65.07,64.3,,,,,,,,,,,,,,,,,,,,,,,,,,,,,,,,,,,,,,,,,,,,,,,,,,,,1761,2176.75
1786978860,64.83,64.87,64.83,64.87,65.07,64.3,,,,,,,,,,,,,,,,,,,,,,,,,,,,,,,,,,,,,,,,,,,,,,,,,,,,2160,2048.1
1786978920,64.88,64.88,64.83,64.84,65.07,64.3,,,,,,,,,,,,,,,,,,,,,,,,,,,,,,,,,,,,,,,,,,,,,,,,,,,,1336,2030.8
1786978980,64.83,64.84,64.81,64.84,65.07,64.3,,,,,,,,,,,,,,,,,,,,,,,,,,,,,,,,,,,,,,,,,,,,,,,,,,,,1487,2068.3
1786979040,64.84,64.86,64.84,64.86,65.07,64.3,,,,,,,,,,,,,,,,,,,,,,,,,,,,,,,,,,,,,,,,,,,,,,,,,,,,629,2034.2
1786979100,64.87,64.895,64.865,64.89,65.07,64.3,,,,,,,,,,,,,,,,,,,,,,,,,,,,,,,,,,,,,,,,,,,,,,,,,,,,3373,2115.95
1786979160,64.9,64.9,64.83,64.87,65.07,64.3,,,,,,,,,,,,,,,,,,,,,,,,,,,,,,,,,,,,,,,,,,,,,,,,,,,,9699,2515.55
1786979220,64.87,64.91,64.86,64.91,65.07,64.3,,,,,,,,,,,,,,,,,,,,,,,,,,,,,,,,,,,,,,,,,,,,,,,,,,,,3823,2638.15
1786979280,64.91,64.92,64.9,64.9,65.07,64.3,,,,,,,,,,,,,,,,,,,,,,,,,,,,,,,,,,,,,,,,,,,,,,,,,,,,3597,2671.35
1786979340,64.9,64.92,64.89,64.92,65.07,64.3,,,,,,,,,,,,,,,,,,,,,,,,,,,,,,,,,,,,,,,,,,,,,,,,,,,,2639,2606
1786979400,64.91,64.91,64.865,64.865,65.07,64.3,,,,,,,,,,,,,,,,,,,,,,,,,,,,,,,,,,,,,,,,,,,,,,,,,,,,2795,2676.65
1786979460,64.86,64.88,64.855,64.875,65.07,64.3,,,,,,,,,,,,,,,,,,,,,,,,,,,,,,,,,,,,,,,,,,,,,,,,,,,,3176,2785.4
1786979520,64.89,64.89,64.785,64.86,65.07,64.3,,,,,,,,,,,,,,,,,,,,,,,,,,,,,,,,,,,,,,,,,,,,,,,,,,,,10015,3176.2
1786979580,64.86,64.87,64.86,64.865,65.07,64.3,,,,,,,,,,,,,,,,,,,,,,,,,,,,,,,,,,,,,,,,,,,,,,,,,,,,804,3120.55
1786979640,64.86,64.88,64.84,64.845,65.07,64.3,,,,,,,,,,,,,,,,,,,,,,,,,,,,,,,,,,,,,,,,,,,,,,,,,,,,6195,3371.35
1786979700,64.845,64.845,64.775,64.78,65.07,64.3,,,,,,,,,,,,,,,,,,,,,,,,,,,,,,,,,,,,,,,,,,,,,,,,,,,,8755,3578.15
1786979760,64.78,64.79,64.765,64.765,65.07,64.3,,,,,,,,,,,,,,,,,,,,,,,,,,,,,,,,,,,,,,,,,,,,,,,,,,,,2754,3512.3
1786979820,64.765,64.79,64.765,64.79,65.07,64.3,,,,,,,,,,,,,,,,,,,,,,,,,,,,,,,,,,,,,,,,,,,,,,,,,,,,1620,3504.6
1786979880,64.8,64.84,64.79,64.835,65.07,64.3,,,,,,,,,,,,,,,,,,,,,,,,,,,,,,,,,,,,,,,,,,,,,,,,,,,,3567,3627.3
1786979940,64.84,64.84,64.8,64.81,65.07,64.3,,,,,,,,,,,,,,,,,,,,,,,,,,,,,,,,,,,,,,,,,,,,,,,,,,,,1316,3575.05
1786980000,64.81,64.82,64.8,64.81,65.07,64.3,,,,,,,,,,,,,,,,,,,,,,,,,,,,,,,,,,,,,,,,,,,,,,,,,,,,3484,3661.2
1786980060,64.84,64.86,64.835,64.86,65.07,64.3,,,,,,,,,,,,,,,,,,,,,,,,,,,,,,,,,,,,,,,,,,,,,,,,,,,,1433,3624.85
1786980120,64.86,64.88,64.86,64.88,65.07,64.3,,,,,,,,,,,,,,,,,,,,,,,,,,,,,,,,,,,,,,,,,,,,,,,,,,,,706,3593.35
1786980180,64.87,64.875,64.865,64.87,65.07,64.3,,,,,,,,,,,,,,,,,,,,,,,,,,,,,,,,,,,,,,,,,,,,,,,,,,,,726,3555.3
1786980240,64.87,64.91,64.85,64.87,65.07,64.3,,,,,,,,,,,,,,,,,,,,,,,,,,,,,,,,,,,,,,,,,,,,,,,,,,,,5281,3787.9
1786980300,64.87,64.88,64.85,64.85,65.07,64.3,,,,,,,,,,,,,,,,,,,,,,,,,,,,,,,,,,,,,,,,,,,,,,,,,,,,933,3665.9
1786980360,64.845,64.85,64.83,64.835,65.07,64.3,,,,,,,,,,,,,,,,,,,,,,,,,,,,,,,,,,,,,,,,,,,,,,,,,,,,981,3230
1786980420,64.84,64.845,64.83,64.84,65.07,64.3,,,,,,,,,,,,,,,,,,,,,,,,,,,,,,,,,,,,,,,,,,,,,,,,,,,,1604,3119.05
1786980480,64.83,64.84,64.805,64.81,65.07,64.3,,,,,,,,,,,,,,,,,,,,,,,,,,,,,,,,,,,,,,,,,,,,,,,,,,,,1639,3021.15
1786980540,64.81,64.81,64.78,64.79,65.07,64.3,,,,,,,,,,,,,,,,,,,,,,,,,,,,,,,,,,,,,,,,,,,,,,,,,,,,3595,3068.95
1786980600,64.79,64.79,64.78,64.79,65.07,64.3,,,,,,,,,,,,,,,,,,,,,,,,,,,,,,,,,,,,,,,,,,,,,,,,,,,,2049,3031.65
1786980660,64.8,64.805,64.8,64.805,65.07,64.3,,,,,,,,,,,,,,,,,,,,,,,,,,,,,,,,,,,,,,,,,,,,,,,,,,,,1072,2926.45
1786980720,64.805,64.81,64.785,64.79,65.07,64.3,,,,,,,,,,,,,,,,,,,,,,,,,,,,,,,,,,,,,,,,,,,,,,,,,,,,1023,2476.85
1786980780,64.785,64.785,64.78,64.78,65.07,64.3,,,,,,,,,,,,,,,,,,,,,,,,,,,,,,,,,,,,,,,,,,,,,,,,,,,,575,2465.4
1786980840,64.78,64.79,64.77,64.77,65.07,64.3,,,,,,,,,,,,,,,,,,,,,,,,,,,,,,,,,,,,,,,,,,,,,,,,,,,,1327,2222
1786980900,64.76,64.78,64.76,64.765,65.07,64.3,,,,,,,,,,,,,,,,,,,,,,,,,,,,,,,,,,,,,,,,,,,,,,,,,,,,1938,1881.15
1786980960,64.76,64.765,64.74,64.745,65.07,64.3,,,,,,,,,,,,,,,,,,,,,,,,,,,,,,,,,,,,,,,,,,,,,,,,,,,,1072,1797.05
1786981020,64.74,64.74,64.72,64.74,65.07,64.3,,,,,,,,,,,,,,,,,,,,,,,,,,,,,,,,,,,,,,,,,,,,,,,,,,,,976,1764.85
1786981080,64.73,64.73,64.73,64.73,65.07,64.3,,,,,,,,,,,,,,,,,,,,,,,,,,,,,,,,,,,,,,,,,,,,,,,,,,,,903,1631.65
1786981140,64.74,64.76,64.74,64.76,65.07,64.3,,,,,,,,,,,,,,,,,,,,,,,,,,,,,,,,,,,,,,,,,,,,,,,,,,,,1334,1632.55
1786981200,64.76,64.76,64.7,64.705,65.07,64.3,,,,,,,,,,,,,,,,,,,,,,,,,,,,,,,,,,,,,,,,,,,,,,,,,,,,4820,1699.35
1786981260,64.705,64.72,64.69,64.69,65.07,64.3,,,,,,,,,,,,,,,,,,,,,,,,,,,,,,,,,,,,,,,,,,,,,,,,,,,,2642,1759.8
1786981320,64.7,64.7,64.67,64.67,65.07,64.3,,,,,,,,,,,,,,,,,,,,,,,,,,,,,,,,,,,,,,,,,,,,,,,,,,,,523,1750.65
1786981380,64.665,64.69,64.665,64.69,65.07,64.3,,,,,,,,,,,,,,,,,,,,,,,,,,,,,,,,,,,,,,,,,,,,,,,,,,,,4960,1962.35
1786981440,64.7,64.7,64.68,64.69,65.07,64.3,,,,,,,,,,,,,,,,,,,,,,,,,,,,,,,,,,,,,,,,,,,,,,,,,,,,1023,1749.45
1786981500,64.69,64.69,64.675,64.68,65.07,64.3,,,,,,,,,,,,,,,,,,,,,,,,,,,,,,,,,,,,,,,,,,,,,,,,,,,,877,1746.65
1786981560,64.68,64.68,64.67,64.67,65.07,64.3,,,,,,,,,,,,,,,,,,,,,,,,,,,,,,,,,,,,,,,,,,,,,,,,,,,,292,1712.2
1786981620,64.67,64.68,64.665,64.67,65.07,64.3,,,,,,,,,,,,,,,,,,,,,,,,,,,,,,,,,,,,,,,,,,,,,,,,,,,,1652,1714.6
1786981680,64.675,64.69,64.655,64.69,65.07,64.3,,,,,,,,,,,,,,,,,,,,,,,,,,,,,,,,,,,,,,,,,,,,,,,,,,,,3435,1804.4
1786981740,64.69,64.715,64.69,64.705,65.07,64.3,,,,,,,,,,,,,,,,,,,,,,,,,,,,,,,,,,,,,,,,,,,,,,,,,,,,1209,1685.1
1786981800,64.7,64.7,64.675,64.69,65.07,64.3,,,,,,,,,,,,,,,,,,,,,,,,,,,,,,,,,,,,,,,,,,,,,,,,,,,,1807,1673
1786981860,64.69,64.7,64.68,64.69,65.07,64.3,,,,,,,,,,,,,,,,,,,,,,,,,,,,,,,,,,,,,,,,,,,,,,,,,,,,3321,1785.45
1786981920,64.68,64.69,64.665,64.69,65.07,64.3,,,,,,,,,,,,,,,,,,,,,,,,,,,,,,,,,,,,,,,,,,,,,,,,,,,,3659,1917.25
1786981980,64.7,64.72,64.695,64.72,65.07,64.3,,,,,,,,,,,,,,,,,,,,,,,,,,,,,,,,,,,,,,,,,,,,,,,,,,,,1045,1940.75
1786982040,64.73,64.73,64.72,64.72,65.07,64.3,,,,,,,,,,,,,,,,,,,,,,,,,,,,,,,,,,,,,,,,,,,,,,,,,,,,378,1893.3
1786982100,64.72,64.73,64.72,64.73,65.07,64.3,,,,,,,,,,,,,,,,,,,,,,,,,,,,,,,,,,,,,,,,,,,,,,,,,,,,831,1837.95
1786982160,64.75,64.75,64.74,64.74,65.07,64.3,,,,,,,,,,,,,,,,,,,,,,,,,,,,,,,,,,,,,,,,,,,,,,,,,,,,1408,1854.75
1786982220,64.74,64.74,64.73,64.73,65.07,64.3,,,,,,,,,,,,,,,,,,,,,,,,,,,,,,,,,,,,,,,,,,,,,,,,,,,,445,1828.2
1786982280,64.73,64.74,64.725,64.74,65.07,64.3,,,,,,,,,,,,,,,,,,,,,,,,,,,,,,,,,,,,,,,,,,,,,,,,,,,,1432,1854.65
1786982340,64.73,64.74,64.72,64.725,65.07,64.3,,,,,,,,,,,,,,,,,,,,,,,,,,,,,,,,,,,,,,,,,,,,,,,,,,,,869,1831.4
1786982400,64.73,64.81,64.72,64.81,65.07,64.3,,,,,,,,,,,,,,,,,,,,,,,,,,,,,,,,,,,,,,,,,,,,,,,,,,,,8134,1997.1
1786982460,64.83,64.88,64.815,64.845,65.07,64.3,,,,,,,,,,,,,,,,,,,,,,,,,,,,,,,,,,,,,,,,,,,,,,,,,,,,22310,2980.5
1786982520,64.84,64.845,64.81,64.825,65.07,64.3,,,,,,,,,,,,,,,,,,,,,,,,,,,,,,,,,,,,,,,,,,,,,,,,,,,,1550,3031.85
1786982580,64.83,64.865,64.83,64.86,65.07,64.3,,,,,,,,,,,,,,,,,,,,,,,,,,,,,,,,,,,,,,,,,,,,,,,,,,,,3093,2938.5
1786982640,64.86,64.875,64.85,64.855,65.07,64.3,,,,,,,,,,,,,,,,,,,,,,,,,,,,,,,,,,,,,,,,,,,,,,,,,,,,5261,3150.4
1786982700,64.85,64.93,64.85,64.93,65.07,64.3,,,,,,,,,,,,,,,,,,,,,,,,,,,,,,,,,,,,,,,,,,,,,,,,,,,,5707,3391.9
1786982760,64.92,64.92,64.9,64.9,65.07,64.3,,,,,,,,,,,,,,,,,,,,,,,,,,,,,,,,,,,,,,,,,,,,,,,,,,,,1689,3461.75
1786982820,64.91,64.91,64.875,64.885,65.07,64.3,,,,,,,,,,,,,,,,,,,,,,,,,,,,,,,,,,,,,,,,,,,,,,,,,,,,1611,3459.7
1786982880,64.88,64.88,64.86,64.87,65.07,64.3,,,,,,,,,,,,,,,,,,,,,,,,,,,,,,,,,,,,,,,,,,,,,,,,,,,,2951,3435.5
1786982940,64.87,64.87,64.86,64.865,65.07,64.3,,,,,,,,,,,,,,,,,,,,,,,,,,,,,,,,,,,,,,,,,,,,,,,,,,,,1348,3442.45
1786983000,64.865,64.87,64.855,64.865,65.07,64.3,,,,,,,,,,,,,,,,,,,,,,,,,,,,,,,,,,,,,,,,,,,,,,,,,,,,5907,3647.45
1786983060,64.875,64.88,64.87,64.87,65.07,64.3,,,,,,,,,,,,,,,,,,,,,,,,,,,,,,,,,,,,,,,,,,,,,,,,,,,,614,3512.1
1786983120,64.87,64.88,64.865,64.865,65.07,64.3,,,,,,,,,,,,,,,,,,,,,,,,,,,,,,,,,,,,,,,,,,,,,,,,,,,,480,3353.15
1786983180,64.865,64.875,64.86,64.865,65.07,64.3,,,,,,,,,,,,,,,,,,,,,,,,,,,,,,,,,,,,,,,,,,,,,,,,,,,,1366,3369.2
1786983240,64.87,64.875,64.865,64.87,65.07,64.3,,,,,,,,,,,,,,,,,,,,,,,,,,,,,,,,,,,,,,,,,,,,,,,,,,,,1695,3435.05
1786983300,64.88,64.89,64.84,64.84,65.07,64.3,,,,,,,,,,,,,,,,,,,,,,,,,,,,,,,,,,,,,,,,,,,,,,,,,,,,7196,3753.3
1786983360,64.84,64.85,64.835,64.85,65.07,64.3,,,,,,,,,,,,,,,,,,,,,,,,,,,,,,,,,,,,,,,,,,,,,,,,,,,,6207,3993.25
1786983420,64.85,64.88,64.85,64.88,65.07,64.3,,,,,,,,,,,,,,,,,,,,,,,,,,,,,,,,,,,,,,,,,,,,,,,,,,,,4480,4195
1786983480,64.89,64.9,64.89,64.89,65.07,64.3,,,,,,,,,,,,,,,,,,,,,,,,,,,,,,,,,,,,,,,,,,,,,,,,,,,,1855,4216.15
1786983540,64.875,64.875,64.865,64.87,65.07,64.3,,,,,,,,,,,,,,,,,,,,,,,,,,,,,,,,,,,,,,,,,,,,,,,,,,,,596,4202.5
1786983600,64.86,64.875,64.855,64.875,65.07,64.3,,,,,,,,,,,,,,,,,,,,,,,,,,,,,,,,,,,,,,,,,,,,,,,,,,,,2294,3910.5
1786983660,64.88,64.9,64.875,64.9,65.07,64.3,,,,,,,,,,,,,,,,,,,,,,,,,,,,,,,,,,,,,,,,,,,,,,,,,,,,2152,2902.6
1786983720,64.9,64.9,64.88,64.885,65.07,64.3,,,,,,,,,,,,,,,,,,,,,,,,,,,,,,,,,,,,,,,,,,,,,,,,,,,,1259,2888.05
1786983780,64.885,64.885,64.875,64.88,65.07,64.3,,,,,,,,,,,,,,,,,,,,,,,,,,,,,,,,,,,,,,,,,,,,,,,,,,,,978,2782.3
1786983840,64.89,64.9,64.87,64.88,65.07,64.3,,,,,,,,,,,,,,,,,,,,,,,,,,,,,,,,,,,,,,,,,,,,,,,,,,,,981,2568.3
1786983900,64.89,64.895,64.87,64.87,65.07,64.3,,,,,,,,,,,,,,,,,,,,,,,,,,,,,,,,,,,,,,,,,,,,,,,,,,,,1071,2336.5
1786983960,64.87,64.87,64.86,64.865,65.07,64.3,,,,,,,,,,,,,,,,,,,,,,,,,,,,,,,,,,,,,,,,,,,,,,,,,,,,1191,2311.6
1786984020,64.865,64.88,64.86,64.87,65.07,64.3,,,,,,,,,,,,,,,,,,,,,,,,,,,,,,,,,,,,,,,,,,,,,,,,,,,,1023,2282.2
1786984080,64.865,64.865,64.85,64.855,65.07,64.3,,,,,,,,,,,,,,,,,,,,,,,,,,,,,,,,,,,,,,,,,,,,,,,,,,,,1436,2206.45
1786984140,64.855,64.865,64.85,64.865,65.07,64.3,,,,,,,,,,,,,,,,,,,,,,,,,,,,,,,,,,,,,,,,,,,,,,,,,,,,2336,2255.85
1786984200,64.865,64.865,64.865,64.865,65.07,64.3,,,,,,,,,,,,,,,,,,,,,,,,,,,,,,,,,,,,,,,,,,,,,,,,,,,,259,1973.45
1786984260,64.86,64.86,64.83,64.83,65.07,64.3,,,,,,,,,,,,,,,,,,,,,,,,,,,,,,,,,,,,,,,,,,,,,,,,,,,,3601,2122.8
1786984320,64.835,64.835,64.82,64.83,65.07,64.3,,,,,,,,,,,,,,,,,,,,,,,,,,,,,,,,,,,,,,,,,,,,,,,,,,,,2487,2223.15
1786984380,64.82,64.84,64.805,64.81,65.07,64.3,,,,,,,,,,,,,,,,,,,,,,,,,,,,,,,,,,,,,,,,,,,,,,,,,,,,3027,2306.2
1786984440,64.805,64.805,64.78,64.78,65.07,64.3,,,,,,,,,,,,,,,,,,,,,,,,,,,,,,,,,,,,,,,,,,,,,,,,,,,,1091,2276
1786984500,64.78,64.805,64.775,64.805,65.07,64.3,,,,,,,,,,,,,,,,,,,,,,,,,,,,,,,,,,,,,,,,,,,,,,,,,,,,923,1962.35
1786984560,64.805,64.815,64.8,64.8,65.07,64.3,,,,,,,,,,,,,,,,,,,,,,,,,,,,,,,,,,,,,,,,,,,,,,,,,,,,883,1696.15
1786984620,64.8,64.8,64.78,64.79,65.07,64.3,,,,,,,,,,,,,,,,,,,,,,,,,,,,,,,,,,,,,,,,,,,,,,,,,,,,1381,1541.2
1786984680,64.79,64.795,64.79,64.795,65.07,64.3,,,,,,,,,,,,,,,,,,,,,,,,,,,,,,,,,,,,,,,,,,,,,,,,,,,,201,1458.5
1786984740,64.795,64.8,64.795,64.795,65.07,64.3,,,,,,,,,,,,,,,,,,,,,,,,,,,,,,,,,,,,,,,,,,,,,,,,,,,,897,1473.55
1786984800,64.795,64.8,64.775,64.79,65.07,64.3,,,,,,,,,,,,,,,,,,,,,,,,,,,,,,,,,,,,,,,,,,,,,,,,,,,,1516,1434.65
1786984860,64.79,64.84,64.79,64.825,65.07,64.3,,,,,,,,,,,,,,,,,,,,,,,,,,,,,,,,,,,,,,,,,,,,,,,,,,,,9838,1818.95
1786984920,64.82,64.82,64.81,64.81,65.07,64.3,,,,,,,,,,,,,,,,,,,,,,,,,,,,,,,,,,,,,,,,,,,,,,,,,,,,453,1778.65
1786984980,64.82,64.82,64.82,64.82,65.07,64.3,,,,,,,,,,,,,,,,,,,,,,,,,,,,,,,,,,,,,,,,,,,,,,,,,,,,39,1731.7
1786985040,64.82,64.82,64.79,64.8,65.07,64.3,,,,,,,,,,,,,,,,,,,,,,,,,,,,,,,,,,,,,,,,,,,,,,,,,,,,2291,1797.2
1786985100,64.795,64.835,64.79,64.815,65.07,64.3,,,,,,,,,,,,,,,,,,,,,,,,,,,,,,,,,,,,,,,,,,,,,,,,,,,,10081,2247.7
1786985160,64.82,64.82,64.815,64.815,65.07,64.3,,,,,,,,,,,,,,,,,,,,,,,,,,,,,,,,,,,,,,,,,,,,,,,,,,,,564,2216.35
1786985220,64.81,64.81,64.79,64.79,65.07,64.3,,,,,,,,,,,,,,,,,,,,,,,,,,,,,,,,,,,,,,,,,,,,,,,,,,,,533,2191.85
1786985280,64.78,64.785,64.77,64.785,65.07,64.3,,,,,,,,,,,,,,,,,,,,,,,,,,,,,,,,,,,,,,,,,,,,,,,,,,,,2276,2233.85
1786985340,64.79,64.79,64.78,64.785,65.07,64.3,,,,,,,,,,,,,,,,,,,,,,,,,,,,,,,,,,,,,,,,,,,,,,,,,,,,372,2135.65
1786985400,64.785,64.785,64.775,64.775,65.07,64.3,,,,,,,,,,,,,,,,,,,,,,,,,,,,,,,,,,,,,,,,,,,,,,,,,,,,1954,2220.4
1786985460,64.78,64.785,64.775,64.775,65.07,64.3,,,,,,,,,,,,,,,,,,,,,,,,,,,,,,,,,,,,,,,,,,,,,,,,,,,,2306,2155.65
1786985520,64.775,64.78,64.775,64.78,65.07,64.3,,,,,,,,,,,,,,,,,,,,,,,,,,,,,,,,,,,,,,,,,,,,,,,,,,,,380,2050.3
1786985580,64.77,64.775,64.74,64.74,65.07,64.3,,,,,,,,,,,,,,,,,,,,,,,,,,,,,,,,,,,,,,,,,,,,,,,,,,,,11665,2482.2
1786985640,64.73,64.74,64.73,64.73,65.07,64.3,,,,,,,,,,,,,,,,,,,,,,,,,,,,,,,,,,,,,,,,,,,,,,,,,,,,533,2454.3
1786985700,64.73,64.745,64.72,64.74,65.07,64.3,,,,,,,,,,,,,,,,,,,,,,,,,,,,,,,,,,,,,,,,,,,,,,,,,,,,2497,2533
1786985760,64.74,64.75,64.725,64.735,65.07,64.3,,,,,,,,,,,,,,,,,,,,,,,,,,,,,,,,,,,,,,,,,,,,,,,,,,,,1900,2583.85
1786985820,64.74,64.75,64.74,64.75,65.07,64.3,,,,,,,,,,,,,,,,,,,,,,,,,,,,,,,,,,,,,,,,,,,,,,,,,,,,202,2524.9
1786985880,64.745,64.76,64.745,64.755,65.07,64.3,,,,,,,,,,,,,,,,,,,,,,,,,,,,,,,,,,,,,,,,,,,,,,,,,,,,1029,2566.3
1786985940,64.75,64.75,64.74,64.74,65.07,64.3,,,,,,,,,,,,,,,,,,,,,,,,,,,,,,,,,,,,,,,,,,,,,,,,,,,,953,2569.1
1786986000,64.73,64.73,64.7,64.705,65.07,64.3,,,,,,,,,,,,,,,,,,,,,,,,,,,,,,,,,,,,,,,,,,,,,,,,,,,,658,2526.2
1786986060,64.705,64.71,64.705,64.705,65.07,64.3,,,,,,,,,,,,,,,,,,,,,,,,,,,,,,,,,,,,,,,,,,,,,,,,,,,,1472,2107.9
1786986120,64.71,64.715,64.705,64.71,65.07,64.3,,,,,,,,,,,,,,,,,,,,,,,,,,,,,,,,,,,,,,,,,,,,,,,,,,,,1642,2167.35
1786986180,64.72,64.72,64.705,64.705,65.07,64.3,,,,,,,,,,,,,,,,,,,,,,,,,,,,,,,,,,,,,,,,,,,,,,,,,,,,1648,2247.8
1786986240,64.71,64.735,64.71,64.735,65.07,64.3,,,,,,,,,,,,,,,,,,,,,,,,,,,,,,,,,,,,,,,,,,,,,,,,,,,,2454,2255.95
1786986300,64.735,64.735,64.725,64.725,65.07,64.3,,,,,,,,,,,,,,,,,,,,,,,,,,,,,,,,,,,,,,,,,,,,,,,,,,,,432,1773.5
1786986360,64.725,64.75,64.725,64.75,65.07,64.3,,,,,,,,,,,,,,,,,,,,,,,,,,,,,,,,,,,,,,,,,,,,,,,,,,,,3050,1897.8
1786986420,64.75,64.765,64.745,64.76,65.07,64.3,,,,,,,,,,,,,,,,,,,,,,,,,,,,,,,,,,,,,,,,,,,,,,,,,,,,1597,1951
1786986480,64.77,64.77,64.765,64.77,65.07,64.3,,,,,,,,,,,,,,,,,,,,,,,,,,,,,,,,,,,,,,,,,,,,,,,,,,,,674,1870.9
1786986540,64.77,64.77,64.75,64.765,65.07,64.3,,,,,,,,,,,,,,,,,,,,,,,,,,,,,,,,,,,,,,,,,,,,,,,,,,,,1132,1908.9
1786986600,64.76,64.77,64.76,64.77,65.07,64.3,,,,,,,,,,,,,,,,,,,,,,,,,,,,,,,,,,,,,,,,,,,,,,,,,,,,613,1841.85
1786986660,64.77,64.79,64.77,64.79,65.07,64.3,,,,,,,,,,,,,,,,,,,,,,,,,,,,,,,,,,,,,,,,,,,,,,,,,,,,2020,1827.55
1786986720,64.8,64.8,64.8,64.8,65.07,64.3,,,,,,,,,,,,,,,,,,,,,,,,,,,,,,,,,,,,,,,,,,,,,,,,,,,,255,1821.3
1786986780,64.81,64.81,64.8,64.805,65.07,64.3,,,,,,,,,,,,,,,,,,,,,,,,,,,,,,,,,,,,,,,,,,,,,,,,,,,,598,1267.95
1786986840,64.805,64.82,64.805,64.81,65.07,64.3,,,,,,,,,,,,,,,,,,,,,,,,,,,,,,,,,,,,,,,,,,,,,,,,,,,,2705,1376.55
1786986900,64.82,64.82,64.81,64.81,65.07,64.3,,,,,,,,,,,,,,,,,,,,,,,,,,,,,,,,,,,,,,,,,,,,,,,,,,,,325,1267.95
1786986960,64.81,64.81,64.8,64.81,65.07,64.3,,,,,,,,,,,,,,,,,,,,,,,,,,,,,,,,,,,,,,,,,,,,,,,,,,,,1326,1239.25
1786987020,64.815,64.815,64.8,64.81,65.07,64.3,,,,,,,,,,,,,,,,,,,,,,,,,,,,,,,,,,,,,,,,,,,,,,,,,,,,1034,1280.85
1786987080,64.81,64.815,64.79,64.79,65.07,64.3,,,,,,,,,,,,,,,,,,,,,,,,,,,,,,,,,,,,,,,,,,,,,,,,,,,,1085,1283.65
1786987140,64.78,64.78,64.76,64.77,65.07,64.3,,,,,,,,,,,,,,,,,,,,,,,,,,,,,,,,,,,,,,,,,,,,,,,,,,,,1187,1295.35
1786987200,64.775,64.79,64.775,64.79,65.07,64.3,,,,,,,,,,,,,,,,,,,,,,,,,,,,,,,,,,,,,,,,,,,,,,,,,,,,2134,1369.15
1786987260,64.8,64.8,64.77,64.77,65.07,64.3,,,,,,,,,,,,,,,,,,,,,,,,,,,,,,,,,,,,,,,,,,,,,,,,,,,,1108,1350.95
1786987320,64.77,64.78,64.765,64.78,65.07,64.3,,,,,,,,,,,,,,,,,,,,,,,,,,,,,,,,,,,,,,,,,,,,,,,,,,,,4323,1485
1786987380,64.785,64.785,64.75,64.75,65.07,64.3,,,,,,,,,,,,,,,,,,,,,,,,,,,,,,,,,,,,,,,,,,,,,,,,,,,,824,1443.8
1786987440,64.745,64.745,64.72,64.73,65.07,64.3,,,,,,,,,,,,,,,,,,,,,,,,,,,,,,,,,,,,,,,,,,,,,,,,,,,,1200,1381.1
1786987500,64.725,64.73,64.69,64.69,65.07,64.3,,,,,,,,,,,,,,,,,,,,,,,,,,,,,,,,,,,,,,,,,,,,,,,,,,,,3885,1553.75
1786987560,64.68,64.68,64.665,64.67,65.07,64.3,,,,,,,,,,,,,,,,,,,,,,,,,,,,,,,,,,,,,,,,,,,,,,,,,,,,3951,1598.8
1786987620,64.67,64.68,64.665,64.68,65.07,64.3,,,,,,,,,,,,,,,,,,,,,,,,,,,,,,,,,,,,,,,,,,,,,,,,,,,,1968,1617.35
1786987680,64.675,64.7,64.675,64.68,65.07,64.3,,,,,,,,,,,,,,,,,,,,,,,,,,,,,,,,,,,,,,,,,,,,,,,,,,,,1424,1654.85
1786987740,64.675,64.68,64.65,64.68,65.07,64.3,,,,,,,,,,,,,,,,,,,,,,,,,,,,,,,,,,,,,,,,,,,,,,,,,,,,5400,1868.25
1786987800,64.685,64.685,64.67,64.68,65.07,64.3,,,,,,,,,,,,,,,,,,,,,,,,,,,,,,,,,,,,,,,,,,,,,,,,,,,,890,1882.1
1786987860,64.68,64.68,64.65,64.675,65.07,64.3,,,,,,,,,,,,,,,,,,,,,,,,,,,,,,,,,,,,,,,,,,,,,,,,,,,,900,1826.1
1786987920,64.675,64.68,64.65,64.65,65.07,64.3,,,,,,,,,,,,,,,,,,,,,,,,,,,,,,,,,,,,,,,,,,,,,,,,,,,,1172,1871.95
1786987980,64.655,64.655,64.645,64.645,65.07,64.3,,,,,,,,,,,,,,,,,,,,,,,,,,,,,,,,,,,,,,,,,,,,,,,,,,,,405,1862.3
1786988040,64.64,64.64,64.62,64.62,65.07,64.3,,,,,,,,,,,,,,,,,,,,,,,,,,,,,,,,,,,,,,,,,,,,,,,,,,,,2180,1836.05
1786988100,64.615,64.625,64.61,64.615,65.07,64.3,,,,,,,,,,,,,,,,,,,,,,,,,,,,,,,,,,,,,,,,,,,,,,,,,,,,1933,1916.45
1786988160,64.61,64.62,64.6,64.6,65.07,64.3,,,,,,,,,,,,,,,,,,,,,,,,,,,,,,,,,,,,,,,,,,,,,,,,,,,,1364,1918.35
1786988220,64.59,64.59,64.57,64.57,65.07,64.3,,,,,,,,,,,,,,,,,,,,,,,,,,,,,,,,,,,,,,,,,,,,,,,,,,,,3223,2027.8
1786988280,64.57,64.57,64.55,64.555,65.07,64.3,,,,,,,,,,,,,,,,,,,,,,,,,,,,,,,,,,,,,,,,,,,,,,,,,,,,1213,2034.2
1786988340,64.56,64.565,64.53,64.53,65.07,64.3,,,,,,,,,,,,,,,,,,,,,,,,,,,,,,,,,,,,,,,,,,,,,,,,,,,,2658,2107.75
1786988400,64.52,64.53,64.505,64.505,65.07,64.3,,,,,,,,,,,,,,,,,,,,,,,,,,,,,,,,,,,,,,,,,,,,,,,,,,,,4290,2215.55
1786988460,64.51,64.52,64.51,64.52,65.07,64.3,,,,,,,,,,,,,,,,,,,,,,,,,,,,,,,,,,,,,,,,,,,,,,,,,,,,1375,2228.9
1786988520,64.52,64.58,64.52,64.57,65.07,64.3,,,,,,,,,,,,,,,,,,,,,,,,,,,,,,,,,,,,,,,,,,,,,,,,,,,,1502,2087.85
1786988580,64.57,64.605,64.57,64.59,65.07,64.3,,,,,,,,,,,,,,,,,,,,,,,,,,,,,,,,,,,,,,,,,,,,,,,,,,,,2569,2175.1
1786988640,64.57,64.575,64.56,64.575,65.07,64.3,,,,,,,,,,,,,,,,,,,,,,,,,,,,,,,,,,,,,,,,,,,,,,,,,,,,1357,2182.95
1786988700,64.575,64.58,64.56,64.57,65.07,64.3,,,,,,,,,,,,,,,,,,,,,,,,,,,,,,,,,,,,,,,,,,,,,,,,,,,,1498,2063.6
1786988760,64.57,64.57,64.53,64.54,65.07,64.3,,,,,,,,,,,,,,,,,,,,,,,,,,,,,,,,,,,,,,,,,,,,,,,,,,,,1781,1955.1
1786988820,64.545,64.56,64.545,64.56,65.07,64.3,,,,,,,,,,,,,,,,,,,,,,,,,,,,,,,,,,,,,,,,,,,,,,,,,,,,1065,1909.95
1786988880,64.56,64.56,64.54,64.55,65.07,64.3,,,,,,,,,,,,,,,,,,,,,,,,,,,,,,,,,,,,,,,,,,,,,,,,,,,,716,1874.55
1786988940,64.54,64.54,64.515,64.52,65.07,64.3,,,,,,,,,,,,,,,,,,,,,,,,,,,,,,,,,,,,,,,,,,,,,,,,,,,,2295,1719.3
1786989000,64.515,64.52,64.49,64.49,65.07,64.3,,,,,,,,,,,,,,,,,,,,,,,,,,,,,,,,,,,,,,,,,,,,,,,,,,,,3793,1864.45
1786989060,64.49,64.495,64.47,64.47,65.07,64.3,,,,,,,,,,,,,,,,,,,,,,,,,,,,,,,,,,,,,,,,,,,,,,,,,,,,726,1855.75
1786989120,64.47,64.48,64.47,64.475,65.07,64.3,,,,,,,,,,,,,,,,,,,,,,,,,,,,,,,,,,,,,,,,,,,,,,,,,,,,1638,1879.05
1786989180,64.475,64.52,64.475,64.515,65.07,64.3,,,,,,,,,,,,,,,,,,,,,,,,,,,,,,,,,,,,,,,,,,,,,,,,,,,,2444,1981
1786989240,64.52,64.535,64.52,64.52,65.07,64.3,,,,,,,,,,,,,,,,,,,,,,,,,,,,,,,,,,,,,,,,,,,,,,,,,,,,1947,1969.35
1786989300,64.52,64.545,64.52,64.545,65.07,64.3,,,,,,,,,,,,,,,,,,,,,,,,,,,,,,,,,,,,,,,,,,,,,,,,,,,,1672,1956.3
1786989360,64.545,64.55,64.53,64.53,65.07,64.3,,,,,,,,,,,,,,,,,,,,,,,,,,,,,,,,,,,,,,,,,,,,,,,,,,,,1244,1950.3
1786989420,64.54,64.54,64.51,64.53,65.07,64.3,,,,,,,,,,,,,,,,,,,,,,,,,,,,,,,,,,,,,,,,,,,,,,,,,,,,2086,1893.45
1786989480,64.53,64.54,64.53,64.54,65.07,64.3,,,,,,,,,,,,,,,,,,,,,,,,,,,,,,,,,,,,,,,,,,,,,,,,,,,,816,1873.6
1786989540,64.54,64.545,64.54,64.545,65.07,64.3,,,,,,,,,,,,,,,,,,,,,,,,,,,,,,,,,,,,,,,,,,,,,,,,,,,,1214,1801.4
1786989600,64.55,64.55,64.525,64.535,65.07,64.3,,,,,,,,,,,,,,,,,,,,,,,,,,,,,,,,,,,,,,,,,,,,,,,,,,,,2683,1721.05
1786989660,64.52,64.525,64.5,64.52,65.07,64.3,,,,,,,,,,,,,,,,,,,,,,,,,,,,,,,,,,,,,,,,,,,,,,,,,,,,5820,1943.3
1786989720,64.52,64.52,64.47,64.49,65.07,64.3,,,,,,,,,,,,,,,,,,,,,,,,,,,,,,,,,,,,,,,,,,,,,,,,,,,,4652,2100.8
1786989780,64.49,64.49,64.475,64.48,65.07,64.3,,,,,,,,,,,,,,,,,,,,,,,,,,,,,,,,,,,,,,,,,,,,,,,,,,,,3506,2147.65
1786989840,64.49,64.49,64.465,64.48,65.07,64.3,,,,,,,,,,,,,,,,,,,,,,,,,,,,,,,,,,,,,,,,,,,,,,,,,,,,4231,2291.35
1786989900,64.49,64.495,64.49,64.49,65.07,64.3,,,,,,,,,,,,,,,,,,,,,,,,,,,,,,,,,,,,,,,,,,,,,,,,,,,,1594,2296.15
1786989960,64.485,64.51,64.485,64.51,65.07,64.3,,,,,,,,,,,,,,,,,,,,,,,,,,,,,,,,,,,,,,,,,,,,,,,,,,,,864,2250.3
1786990020,64.51,64.51,64.49,64.495,65.07,64.3,,,,,,,,,,,,,,,,,,,,,,,,,,,,,,,,,,,,,,,,,,,,,,,,,,,,983,2246.2
1786990080,64.5,64.51,64.48,64.48,65.07,64.3,,,,,,,,,,,,,,,,,,,,,,,,,,,,,,,,,,,,,,,,,,,,,,,,,,,,3163,2368.55
1786990140,64.49,64.525,64.485,64.51,65.07,64.3,,,,,,,,,,,,,,,,,,,,,,,,,,,,,,,,,,,,,,,,,,,,,,,,,,,,3434,2425.5
1786990200,64.505,64.53,64.49,64.52,65.07,64.3,,,,,,,,,,,,,,,,,,,,,,,,,,,,,,,,,,,,,,,,,,,,,,,,,,,,55251,4998.4
1786990260,64.53,64.54,64.29,64.405,65.07,64.3,,,,,,,,,,,,,,,,,,,,,,,,,,,,,,,,,,,,,,,,,,,,,,,,,,,,89461,9435.15
1786990320,64.42,64.42,64.34,64.34,65.07,64.3,,,,,,,,,,,,,,,,,,,,,,,,,,,,,,,,,,,,,,,,,,,,,,,,,,,,15373,10121.9
1786990380,64.35,64.36,64,64.11,65.07,64.3,,,,,,,,,,,,,,,,,,,,,,,,,,,,,,,,,,,,,,,,,,,,,,,,,,,,124473,16223.35
1786990440,64.13,64.25,64.12,64.2,65.07,64.3,,,,,,,,,,,,,,,,,,,,,,,,,,,,,,,,,,,,,,,,,,,,,,,,,,,,9862,16619.1
1786990500,64.2,64.29,64.19,64.21,65.07,64.3,,,,,,,,,,,,,,,,,,,,,,,,,,,,,,,,,,,,,,,,,,,,,,,,,,,,11245,17097.75
1786990560,64.205,64.275,64.205,64.27,65.07,64.3,,,,,,,,,,,,,,,,,,,,,,,,,,,,,,,,,,,,,,,,,,,,,,,,,,,,16153,17843.2
1786990620,64.28,64.32,64.28,64.305,65.07,64.3,,,,,,,,,,,,,,,,,,,,,,,,,,,,,,,,,,,,,,,,,,,,,,,,,,,,5246,18001.2
1786990680,64.31,64.31,64.24,64.265,65.07,64.3,,,,,,,,,,,,,,,,,,,,,,,,,,,,,,,,,,,,,,,,,,,,,,,,,,,,8314,18376.1
1786990740,64.27,64.33,64.27,64.315,65.07,64.3,,,,,,,,,,,,,,,,,,,,,,,,,,,,,,,,,,,,,,,,,,,,,,,,,,,,5550,18592.9
1786990800,64.32,64.33,64.285,64.285,65.07,64.3,,,,,,,,,,,,,,,,,,,,,,,,,,,,,,,,,,,,,,,,,,,,,,,,,,,,1456,18531.55
1786990860,64.29,64.31,64.285,64.3,65.07,64.3,,,,,,,,,,,,,,,,,,,,,,,,,,,,,,,,,,,,,,,,,,,,,,,,,,,,4185,18449.8
1786990920,64.3,64.32,64.275,64.32,65.07,64.3,,,,,,,,,,,,,,,,,,,,,,,,,,,,,,,,,,,,,,,,,,,,,,,,,,,,3418,18388.1
1786990980,64.315,64.32,64.3,64.315,65.07,64.3,,,,,,,,,,,,,,,,,,,,,,,,,,,,,,,,,,,,,,,,,,,,,,,,,,,,3917,18408.65
1786991040,64.32,64.325,64.315,64.32,65.07,64.3,,,,,,,,,,,,,,,,,,,,,,,,,,,,,,,,,,,,,,,,,,,,,,,,,,,,550,18224.6
1786991100,64.32,64.34,64.315,64.315,65.07,64.3,,,,,,,,,,,,,,,,,,,,,,,,,,,,,,,,,,,,,,,,,,,,,,,,,,,,1221,18205.95
1786991160,64.315,64.32,64.29,64.32,65.07,64.3,,,,,,,,,,,,,,,,,,,,,,,,,,,,,,,,,,,,,,,,,,,,,,,,,,,,3360,18330.75
1786991220,64.315,64.315,64.3,64.31,65.07,64.3,,,,,,,,,,,,,,,,,,,,,,,,,,,,,,,,,,,,,,,,,,,,,,,,,,,,1215,18342.35
1786991280,64.305,64.335,64.26,64.26,65.07,64.3,,,,,,,,,,,,,,,,,,,,,,,,,,,,,,,,,,,,,,,,,,,,,,,,,,,,6019,18485.15
1786991340,64.275,64.305,64.275,64.3,65.07,64.3,,,,,,,,,,,,,,,,,,,,,,,,,,,,,,,,,,,,,,,,,,,,,,,,,,,,2386,18432.75
1786991400,64.31,64.31,64.26,64.26,65.07,64.3,,,,,,,,,,,,,,,,,,,,,,,,,,,,,,,,,,,,,,,,,,,,,,,,,,,,2843,15812.35
1786991460,64.26,64.31,64.245,64.29,65.07,64.3,,,,,,,,,,,,,,,,,,,,,,,,,,,,,,,,,,,,,,,,,,,,,,,,,,,,23580,12518.3
1786991520,64.285,64.285,64.26,64.265,65.07,64.3,,,,,,,,,,,,,,,,,,,,,,,,,,,,,,,,,,,,,,,,,,,,,,,,,,,,3111,11905.2
1786991580,64.25,64.26,64.25,64.26,65.07,64.3,,,,,,,,,,,,,,,,,,,,,,,,,,,,,,,,,,,,,,,,,,,,,,,,,,,,1501,5756.6
1786991640,64.26,64.27,64.25,64.25,65.07,64.3,,,,,,,,,,,,,,,,,,,,,,,,,,,,,,,,,,,,,,,,,,,,,,,,,,,,2485,5387.75
1786991700,64.25,64.28,64.25,64.28,65.07,64.3,,,,,,,,,,,,,,,,,,,,,,,,,,,,,,,,,,,,,,,,,,,,,,,,,,,,1917,4921.35
1786991760,64.28,64.28,64.26,64.26,65.07,64.3,,,,,,,,,,,,,,,,,,,,,,,,,,,,,,,,,,,,,,,,,,,,,,,,,,,,1793,4203.35
1786991820,64.26,64.29,64.255,64.29,65.07,64.3,,,,,,,,,,,,,,,,,,,,,,,,,,,,,,,,,,,,,,,,,,,,,,,,,,,,2820,4082.05
1786991880,64.285,64.315,64.285,64.315,65.07,64.3,,,,,,,,,,,,,,,,,,,,,,,,,,,,,,,,,,,,,,,,,,,,,,,,,,,,3747,3853.7
1786991940,64.32,64.33,64.295,64.3,65.07,64.3,,,,,,,,,,,,,,,,,,,,,,,,,,,,,,,,,,,,,,,,,,,,,,,,,,,,4945,3823.45
1786992000,64.29,64.3,64.29,64.3,65.07,64.3,,,,,,,,,,,,,,,,,,,,,,,,,,,,,,,,,,,,,,,,,,,,,,,,,,,,1545,3827.9
1786992060,64.295,64.3,64.275,64.28,65.07,64.3,,,,,,,,,,,,,,,,,,,,,,,,,,,,,,,,,,,,,,,,,,,,,,,,,,,,1344,3685.85
1786992120,64.28,64.295,64.275,64.285,65.07,64.3,,,,,,,,,,,,,,,,,,,,,,,,,,,,,,,,,,,,,,,,,,,,,,,,,,,,3316,3680.75
1786992180,64.29,64.3,64.28,64.28,65.07,64.3,,,,,,,,,,,,,,,,,,,,,,,,,,,,,,,,,,,,,,,,,,,,,,,,,,,,1846,3577.2
1786992240,64.275,64.275,64.265,64.27,65.07,64.3,,,,,,,,,,,,,,,,,,,,,,,,,,,,,,,,,,,,,,,,,,,,,,,,,,,,2890,3694.2
1786992300,64.27,64.29,64.27,64.29,65.07,64.3,,,,,,,,,,,,,,,,,,,,,,,,,,,,,,,,,,,,,,,,,,,,,,,,,,,,3050,3785.65
1786992360,64.29,64.305,64.29,64.305,65.07,64.3,,,,,,,,,,,,,,,,,,,,,,,,,,,,,,,,,,,,,,,,,,,,,,,,,,,,965,3665.9
1786992420,64.305,64.345,64.3,64.34,65.07,64.3,,,,,,,,,,,,,,,,,,,,,,,,,,,,,,,,,,,,,,,,,,,,,,,,,,,,6220,3916.15
1786992480,64.335,64.35,64.33,64.345,65.07,64.3,,,,,,,,,,,,,,,,,,,,,,,,,,,,,,,,,,,,,,,,,,,,,,,,,,,,1782,3704.3
1786992540,64.35,64.35,64.34,64.34,65.07,64.3,,,,,,,,,,,,,,,,,,,,,,,,,,,,,,,,,,,,,,,,,,,,,,,,,,,,57,3587.85
1786992600,64.34,64.34,64.32,64.32,65.07,64.3,,,,,,,,,,,,,,,,,,,,,,,,,,,,,,,,,,,,,,,,,,,,,,,,,,,,1402,3515.8
1786992660,64.32,64.33,64.27,64.27,65.07,64.3,,,,,,,,,,,,,,,,,,,,,,,,,,,,,,,,,,,,,,,,,,,,,,,,,,,,4072,2540.4
1786992720,64.265,64.29,64.26,64.27,65.07,64.3,,,,,,,,,,,,,,,,,,,,,,,,,,,,,,,,,,,,,,,,,,,,,,,,,,,,3693,2569.5
1786992780,64.265,64.27,64.26,64.27,65.07,64.3,,,,,,,,,,,,,,,,,,,,,,,,,,,,,,,,,,,,,,,,,,,,,,,,,,,,5215,2755.2
1786992840,64.26,64.28,64.255,64.275,65.07,64.3,,,,,,,,,,,,,,,,,,,,,,,,,,,,,,,,,,,,,,,,,,,,,,,,,,,,5958,2928.85
1786992900,64.27,64.27,64.24,64.25,65.07,64.3,,,,,,,,,,,,,,,,,,,,,,,,,,,,,,,,,,,,,,,,,,,,,,,,,,,,2851,2975.55
1786992960,64.255,64.255,64.23,64.24,65.07,64.3,,,,,,,,,,,,,,,,,,,,,,,,,,,,,,,,,,,,,,,,,,,,,,,,,,,,1978,2984.8
1786993020,64.24,64.255,64.24,64.25,65.07,64.3,,,,,,,,,,,,,,,,,,,,,,,,,,,,,,,,,,,,,,,,,,,,,,,,,,,,1419,2914.75
1786993080,64.255,64.26,64.23,64.23,65.07,64.3,,,,,,,,,,,,,,,,,,,,,,,,,,,,,,,,,,,,,,,,,,,,,,,,,,,,1663,2810.55
1786993140,64.22,64.225,64.22,64.225,65.07,64.3,,,,,,,,,,,,,,,,,,,,,,,,,,,,,,,,,,,,,,,,,,,,,,,,,,,,1053,2615.95
1786993200,64.23,64.24,64.23,64.235,65.07,64.3,,,,,,,,,,,,,,,,,,,,,,,,,,,,,,,,,,,,,,,,,,,,,,,,,,,,1699,2623.65
1786993260,64.23,64.25,64.23,64.24,65.07,64.3,,,,,,,,,,,,,,,,,,,,,,,,,,,,,,,,,,,,,,,,,,,,,,,,,,,,3958,2754.35
1786993320,64.24,64.29,64.235,64.285,65.07,64.3,,,,,,,,,,,,,,,,,,,,,,,,,,,,,,,,,,,,,,,,,,,,,,,,,,,,3986,2787.85
1786993380,64.29,64.29,64.275,64.29,65.07,64.3,,,,,,,,,,,,,,,,,,,,,,,,,,,,,,,,,,,,,,,,,,,,,,,,,,,,1876,2789.35
1786993440,64.29,64.3,64.28,64.28,65.07,64.3,,,,,,,,,,,,,,,,,,,,,,,,,,,,,,,,,,,,,,,,,,,,,,,,,,,,1266,2708.15
1786993500,64.28,64.29,64.27,64.27,65.07,64.3,,,,,,,,,,,,,,,,,,,,,,,,,,,,,,,,,,,,,,,,,,,,,,,,,,,,3989,2755.1
1786993560,64.265,64.265,64.255,64.265,65.07,64.3,,,,,,,,,,,,,,,,,,,,,,,,,,,,,,,,,,,,,,,,,,,,,,,,,,,,6439,3028.8
1786993620,64.26,64.265,64.235,64.235,65.07,64.3,,,,,,,,,,,,,,,,,,,,,,,,,,,,,,,,,,,,,,,,,,,,,,,,,,,,2265,2831.05
1786993680,64.235,64.24,64.225,64.23,65.07,64.3,,,,,,,,,,,,,,,,,,,,,,,,,,,,,,,,,,,,,,,,,,,,,,,,,,,,6411,3062.5
1786993740,64.235,64.24,64.215,64.215,65.07,64.3,,,,,,,,,,,,,,,,,,,,,,,,,,,,,,,,,,,,,,,,,,,,,,,,,,,,2688,3194.05
1786993800,64.22,64.23,64.19,64.195,65.07,64.3,,,,,,,,,,,,,,,,,,,,,,,,,,,,,,,,,,,,,,,,,,,,,,,,,,,,8967,3572.3
1786993860,64.195,64.225,64.195,64.215,65.07,64.3,,,,,,,,,,,,,,,,,,,,,,,,,,,,,,,,,,,,,,,,,,,,,,,,,,,,2189,3478.15
1786993920,64.215,64.215,64.185,64.185,65.07,64.3,,,,,,,,,,,,,,,,,,,,,,,,,,,,,,,,,,,,,,,,,,,,,,,,,,,,1953,3391.15
1786993980,64.185,64.195,64.18,64.19,65.07,64.3,,,,,,,,,,,,,,,,,,,,,,,,,,,,,,,,,,,,,,,,,,,,,,,,,,,,2361,3248.45
1786994040,64.19,64.21,64.185,64.21,65.07,64.3,,,,,,,,,,,,,,,,,,,,,,,,,,,,,,,,,,,,,,,,,,,,,,,,,,,,2033,3052.2
1786994100,64.21,64.21,64.17,64.185,65.07,64.3,,,,,,,,,,,,,,,,,,,,,,,,,,,,,,,,,,,,,,,,,,,,,,,,,,,,3005,3059.9
1786994160,64.19,64.19,64.16,64.18,65.07,64.3,,,,,,,,,,,,,,,,,,,,,,,,,,,,,,,,,,,,,,,,,,,,,,,,,,,,6954,3308.7
1786994220,64.175,64.26,64.175,64.26,65.07,64.3,,,,,,,,,,,,,,,,,,,,,,,,,,,,,,,,,,,,,,,,,,,,,,,,,,,,15643,4019.9
1786994280,64.26,64.3,64.26,64.3,65.07,64.3,,,,,,,,,,,,,,,,,,,,,,,,,,,,,,,,,,,,,,,,,,,,,,,,,,,,2696,4071.55
1786994340,64.305,64.355,64.305,64.31,65.07,64.3,,,,,,,,,,,,,,,,,,,,,,,,,,,,,,,,,,,,,,,,,,,,,,,,,,,,13978,4717.8
1786994400,64.31,64.31,64.3,64.31,65.07,64.3,,,,,,,,,,,,,,,,,,,,,,,,,,,,,,,,,,,,,,,,,,,,,,,,,,,,1079,4686.8
1786994460,64.31,64.31,64.245,64.26,65.07,64.3,,,,,,,,,,,,,,,,,,,,,,,,,,,,,,,,,,,,,,,,,,,,,,,,,,,,1234,4550.6
1786994520,64.26,64.26,64.245,64.245,65.07,64.3,,,,,,,,,,,,,,,,,,,,,,,,,,,,,,,,,,,,,,,,,,,,,,,,,,,,1557,4429.15
1786994580,64.24,64.245,64.21,64.21,65.07,64.3,,,,,,,,,,,,,,,,,,,,,,,,,,,,,,,,,,,,,,,,,,,,,,,,,,,,2057,4438.2
1786994640,64.2,64.21,64.175,64.175,65.07,64.3,,,,,,,,,,,,,,,,,,,,,,,,,,,,,,,,,,,,,,,,,,,,,,,,,,,,1571,4453.45
1786994700,64.17,64.185,64.16,64.16,65.07,64.3,,,,,,,,,,,,,,,,,,,,,,,,,,,,,,,,,,,,,,,,,,,,,,,,,,,,4225,4465.25
1786994760,64.165,64.17,64.15,64.155,65.07,64.3,,,,,,,,,,,,,,,,,,,,,,,,,,,,,,,,,,,,,,,,,,,,,,,,,,,,745,4180.55
1786994820,64.155,64.195,64.15,64.195,65.07,64.3,,,,,,,,,,,,,,,,,,,,,,,,,,,,,,,,,,,,,,,,,,,,,,,,,,,,5008,4317.7
1786994880,64.2,64.23,64.2,64.23,65.07,64.3,,,,,,,,,,,,,,,,,,,,,,,,,,,,,,,,,,,,,,,,,,,,,,,,,,,,5233,4258.8
1786994940,64.235,64.24,64.18,64.18,65.07,64.3,,,,,,,,,,,,,,,,,,,,,,,,,,,,,,,,,,,,,,,,,,,,,,,,,,,,2726,4260.7
1786995000,64.175,64.175,64.14,64.14,65.07,64.3,,,,,,,,,,,,,,,,,,,,,,,,,,,,,,,,,,,,,,,,,,,,,,,,,,,,3164,3970.55
1786995060,64.15,64.15,64.105,64.11,65.07,64.3,,,,,,,,,,,,,,,,,,,,,,,,,,,,,,,,,,,,,,,,,,,,,,,,,,,,4668,4094.5
1786995120,64.115,64.115,64.065,64.085,65.07,64.3,,,,,,,,,,,,,,,,,,,,,,,,,,,,,,,,,,,,,,,,,,,,,,,,,,,,13942,4693.95
1786995180,64.07,64.08,63.98,64.04,65.07,64.3,,,,,,,,,,,,,,,,,,,,,,,,,,,,,,,,,,,,,,,,,,,,,,,,,,,,22226,5687.2
1786995240,64.04,64.085,64.04,64.06,65.07,64.3,,,,,,,,,,,,,,,,,,,,,,,,,,,,,,,,,,,,,,,,,,,,,,,,,,,,2577,5714.4
1786995300,64.06,64.085,64.06,64.075,65.07,64.3,,,,,,,,,,,,,,,,,,,,,,,,,,,,,,,,,,,,,,,,,,,,,,,,,,,,7563,5942.3
1786995360,64.07,64.1,64.045,64.1,65.07,64.3,,,,,,,,,,,,,,,,,,,,,,,,,,,,,,,,,,,,,,,,,,,,,,,,,,,,4351,5812.15
1786995420,64.1,64.11,64.06,64.08,65.07,64.3,,,,,,,,,,,,,,,,,,,,,,,,,,,,,,,,,,,,,,,,,,,,,,,,,,,,3256,5192.8
1786995480,64.075,64.1,64.075,64.1,65.07,64.3,,,,,,,,,,,,,,,,,,,,,,,,,,,,,,,,,,,,,,,,,,,,,,,,,,,,2813,5198.65
1786995540,64.09,64.095,64.065,64.09,65.07,64.3,,,,,,,,,,,,,,,,,,,,,,,,,,,,,,,,,,,,,,,,,,,,,,,,,,,,2607,4630.1
1786995600,64.09,64.095,64.06,64.07,65.07,64.3,,,,,,,,,,,,,,,,,,,,,,,,,,,,,,,,,,,,,,,,,,,,,,,,,,,,5257,4839
1786995660,64.075,64.085,64.06,64.06,65.07,64.3,,,,,,,,,,,,,,,,,,,,,,,,,,,,,,,,,,,,,,,,,,,,,,,,,,,,3526,4953.6
1786995720,64.05,64.05,64.02,64.02,65.07,64.3,,,,,,,,,,,,,,,,,,,,,,,,,,,,,,,,,,,,,,,,,,,,,,,,,,,,3855,5068.5
1786995780,64.025,64.05,64.015,64.025,65.07,64.3,,,,,,,,,,,,,,,,,,,,,,,,,,,,,,,,,,,,,,,,,,,,,,,,,,,,5451,5238.2
1786995840,64.02,64.02,63.98,63.99,65.07,64.3,,,,,,,,,,,,,,,,,,,,,,,,,,,,,,,,,,,,,,,,,,,,,,,,,,,,5362,5427.75
1786995900,63.98,64.01,63.965,63.995,65.07,64.3,,,,,,,,,,,,,,,,,,,,,,,,,,,,,,,,,,,,,,,,,,,,,,,,,,,,13659,5899.45
1786995960,63.995,64.01,63.985,64,65.07,64.3,,,,,,,,,,,,,,,,,,,,,,,,,,,,,,,,,,,,,,,,,,,,,,,,,,,,6461,6185.25
1786996020,64,64.01,63.98,63.99,65.07,64.3,,,,,,,,,,,,,,,,,,,,,,,,,,,,,,,,,,,,,,,,,,,,,,,,,,,,4962,6182.95
1786996080,63.99,64.02,63.985,64.02,65.07,64.3,,,,,,,,,,,,,,,,,,,,,,,,,,,,,,,,,,,,,,,,,,,,,,,,,,,,4639,6153.25
1786996140,64.03,64.04,63.99,63.99,65.07,64.3,,,,,,,,,,,,,,,,,,,,,,,,,,,,,,,,,,,,,,,,,,,,,,,,,,,,6307,6332.3
1786996200,63.99,63.995,63.96,63.965,65.07,64.3,,,,,,,,,,,,,,,,,,,,,,,,,,,,,,,,,,,,,,,,,,,,,,,,,,,,12983,6823.25
1786996260,63.97,64,63.965,63.995,65.07,64.3,,,,,,,,,,,,,,,,,,,,,,,,,,,,,,,,,,,,,,,,,,,,,,,,,,,,6928,6936.25
1786996320,63.995,64,63.985,63.99,65.07,64.3,,,,,,,,,,,,,,,,,,,,,,,,,,,,,,,,,,,,,,,,,,,,,,,,,,,,7982,6638.25
1786996380,63.995,64.03,63.99,64.005,65.07,64.3,,,,,,,,,,,,,,,,,,,,,,,,,,,,,,,,,,,,,,,,,,,,,,,,,,,,14302,6242.05
1786996440,64.005,64.03,64.005,64.01,65.07,64.3,,,,,,,,,,,,,,,,,,,,,,,,,,,,,,,,,,,,,,,,,,,,,,,,,,,,6984,6462.4
1786996500,64.02,64.02,63.965,63.995,65.07,64.3,,,,,,,,,,,,,,,,,,,,,,,,,,,,,,,,,,,,,,,,,,,,,,,,,,,,9403,6554.4
1786996560,63.99,64,63.97,63.985,65.07,64.3,,,,,,,,,,,,,,,,,,,,,,,,,,,,,,,,,,,,,,,,,,,,,,,,,,,,20209,7347.3
1786996620,63.985,64.01,63.97,63.98,65.07,64.3,,,,,,,,,,,,,,,,,,,,,,,,,,,,,,,,,,,,,,,,,,,,,,,,,,,,12836,7826.3
1786996680,63.985,64.02,63.97,64.02,65.07,64.3,,,,,,,,,,,,,,,,,,,,,,,,,,,,,,,,,,,,,,,,,,,,,,,,,,,,38382,9604.75
1786996740,64.025,64.025,63.88,63.91,65.07,64.3,,,1,21,1,1786974300000,65.125,65.07,64.3,0.769999999999996,0.0783055765319735,0.14587332053742627,1.9117082533589211,2,1786974360000,1,0,,,,0,0,0,0,0,,,,0,0,0,0,0,,,,0,0,0,0,0,,,,0,0,0,0,,-1,21,100876,14518.2
1787059800,64.105,64.15,63.89,64.135,64.15,63.89,,,,,,,,,,,,,,,,,,,,,,,,,,,,,,,,,,,,,,,,,,,,,,,,,,,,39355,16223.1
1787059860,64.15,64.22,64.05,64.19,64.22,63.89,,,,,,,,,,,,,,,,,,,,,,,,,,,,,,,,,,,,,,,,,,,,,,,,,,,,20041,17048.85
1787059920,64.19,64.37,64.15,64.34,64.37,63.89,,,,,,,,,,,,,,,,,,,,,,,,,,,,,,,,,,,,,,,,,,,,,,,,,,,,29224,18317.3
1787059980,64.35,64.35,64.23,64.33,64.37,63.89,,,,,,,,,,,,,,,,,,,,,,,,,,,,,,,,,,,,,,,,,,,,,,,,,,,,12265,18658
1787060040,64.33,64.35,64.295,64.31,64.37,63.89,,,,,,,,,,,,,,,,,,,,,,,,,,,,,,,,,,,,,,,,,,,,,,,,,,,,12148,18997.3
1787060100,64.31,64.34,64.26,64.275,64.37,63.89,,,,,,,,,,,,,,,,,,,,,,,,,,,,,,,,,,,,,,,,,,,,,,,,,,,,10800,18854.35
1787060160,64.28,64.315,64.26,64.295,64.37,63.89,,,,,,,,,,,,,,,,,,,,,,,,,,,,,,,,,,,,,,,,,,,,,,,,,,,,13365,19199.55
1787060220,64.295,64.3,64.17,64.185,64.37,63.89,,,,,,,,,,,,,,,,,,,,,,,,,,,,,,,,,,,,,,,,,,,,,,,,,,,,8929,19397.9
1787060280,64.205,64.33,64.18,64.33,64.37,63.89,,,,,,,,,,,,,,,,,,,,,,,,,,,,,,,,,,,,,,,,,,,,,,,,,,,,22776,20304.75
1787060340,64.35,64.37,64.31,64.32,64.37,63.89,,,,,,,,,,,,,,,,,,,,,,,,,,,,,,,,,,,,,,,,,,,,,,,,,,,,8317,20405.25
1787060400,64.32,64.32,64.08,64.09,64.37,63.89,,,,,,,,,,,,,,,,,,,,,,,,,,,,,,,,,,,,,,,,,,,,,,,,,,,,9939,20253.05
1787060460,64.09,64.11,64.06,64.11,64.37,63.89,,,,,,,,,,,,,,,,,,,,,,,,,,,,,,,,,,,,,,,,,,,,,,,,,,,,11186,20465.95
1787060520,64.11,64.19,64.11,64.18,64.37,63.89,,,,,,,,,,,,,,,,,,,,,,,,,,,,,,,,,,,,,,,,,,,,,,,,,,,,6453,20389.5
1787060580,64.185,64.2,64.17,64.18,64.37,63.89,,,,,,,,,,,,,,,,,,,,,,,,,,,,,,,,,,,,,,,,,,,,,,,,,,,,13199,20334.35
1787060640,64.19,64.25,64.19,64.23,64.37,63.89,,,,,,,,,,,,,,,,,,,,,,,,,,,,,,,,,,,,,,,,,,,,,,,,,,,,17652,20867.75
1787060700,64.23,64.25,64.2,64.24,64.37,63.89,,,,,,,,,,,,,,,,,,,,,,,,,,,,,,,,,,,,,,,,,,,,,,,,,,,,13487,21071.95
1787060760,64.24,64.27,64.195,64.27,64.37,63.89,,,,,,,,,,,,,,,,,,,,,,,,,,,,,,,,,,,,,,,,,,,,,,,,,,,,9478,20535.4
1787060820,64.28,64.355,64.255,64.355,64.37,63.89,,,,,,,,,,,,,,,,,,,,,,,,,,,,,,,,,,,,,,,,,,,,,,,,,,,,5016,20144.4
1787060880,64.35,64.39,64.3,64.32,64.37,63.89,,,,,,,,,,,,,,,,,,,,,,,,,,,,,,,,,,,,,,,,,,,,,,,,,,,,39252,20187.9
1787060940,64.3,64.32,64.22,64.22,64.37,63.89,,,,,,,,,,,,,,,,,,,,,,,,,,,,,,,,,,,,,,,,,,,,,,,,,,,,23297,16308.95
1787061000,64.22,64.32,64.22,64.29,64.37,63.89,,,,,,,,,,,,,,,,,,,,,,,,,,,,,,,,,,,,,,,,,,,,,,,,,,,,11396,14911
1787061060,64.285,64.31,64.27,64.31,64.37,63.89,,,,,,,,,,,,,,,,,,,,,,,,,,,,,,,,,,,,,,,,,,,,,,,,,,,,12137,14515.8
1787061120,64.29,64.36,64.28,64.32,64.37,63.89,,,,,,,,,,,,,,,,,,,,,,,,,,,,,,,,,,,,,,,,,,,,,,,,,,,,11172,13613.2
1787061180,64.31,64.33,64.295,64.295,64.37,63.89,,,,,,,,,,,,,,,,,,,,,,,,,,,,,,,,,,,,,,,,,,,,,,,,,,,,4808,13240.35
1787061240,64.29,64.3,64.26,64.3,64.37,63.89,,,,,,,,,,,,,,,,,,,,,,,,,,,,,,,,,,,,,,,,,,,,,,,,,,,,5143,12890.1
1787061300,64.29,64.29,64.24,64.25,64.37,63.89,,,,,,,,,,,,,,,,,,,,,,,,,,,,,,,,,,,,,,,,,,,,,,,,,,,,8036,12751.9
1787061360,64.26,64.28,64.24,64.28,64.37,63.89,,,,,,,,,,,,,,,,,,,,,,,,,,,,,,,,,,,,,,,,,,,,,,,,,,,,10466,12606.95
1787061420,64.26,64.33,64.26,64.33,64.37,63.89,,,,,,,,,,,,,,,,,,,,,,,,,,,,,,,,,,,,,,,,,,,,,,,,,,,,8477,12584.35
1787061480,64.33,64.345,64.32,64.325,64.37,63.89,,,,,,,,,,,,,,,,,,,,,,,,,,,,,,,,,,,,,,,,,,,,,,,,,,,,2114,11551.25
1787061540,64.32,64.32,64.27,64.28,64.37,63.89,,,,,,,,,,,,,,,,,,,,,,,,,,,,,,,,,,,,,,,,,,,,,,,,,,,,15287,11899.75
1787061600,64.28,64.29,64.215,64.28,64.37,63.89,,,,,,,,,,,,,,,,,,,,,,,,,,,,,,,,,,,,,,,,,,,,,,,,,,,,26487,12727.15
1787061660,64.25,64.25,64.18,64.22,64.37,63.89,,,,,,,,,,,,,,,,,,,,,,,,,,,,,,,,,,,,,,,,,,,,,,,,,,,,7537,12544.7
1787061720,64.2,64.21,64.16,64.17,64.37,63.89,,,,,,,,,,,,,,,,,,,,,,,,,,,,,,,,,,,,,,,,,,,,,,,,,,,,9295,12686.8
1787061780,64.17,64.185,64.16,64.165,64.37,63.89,,,,,,,,,,,,,,,,,,,,,,,,,,,,,,,,,,,,,,,,,,,,,,,,,,,,7367,12395.2
1787061840,64.17,64.2,64.14,64.18,64.37,63.89,,,,,,,,,,,,,,,,,,,,,,,,,,,,,,,,,,,,,,,,,,,,,,,,,,,,5995,11812.35
1787061900,64.16,64.16,64.13,64.14,64.37,63.89,,,,,,,,,,,,,,,,,,,,,,,,,,,,,,,,,,,,,,,,,,,,,,,,,,,,6094,11442.7
1787061960,64.15,64.18,64.135,64.14,64.37,63.89,,,,,,,,,,,,,,,,,,,,,,,,,,,,,,,,,,,,,,,,,,,,,,,,,,,,11264,11532
1787062020,64.14,64.16,64.11,64.115,64.37,63.89,,,,,,,,,,,,,,,,,,,,,,,,,,,,,,,,,,,,,,,,,,,,,,,,,,,,4335,11497.95
1787062080,64.11,64.34,64.09,64.28,64.37,63.89,,,,,,,,,,,,,,,,,,,,,,,,,,,,,,,,,,,,,,,,,,,,,,,,,,,,48889,11979.8
1787062140,64.28,64.31,64.235,64.25,64.37,63.89,,,,,,,,,,,,,,,,,,,,,,,,,,,,,,,,,,,,,,,,,,,,,,,,,,,,9474,11288.65
1787062200,64.24,64.27,64.22,64.26,64.37,63.89,,,,,,,,,,,,,,,,,,,,,,,,,,,,,,,,,,,,,,,,,,,,,,,,,,,,4881,10962.9
1787062260,64.245,64.27,64.22,64.22,64.37,63.89,,,,,,,,,,,,,,,,,,,,,,,,,,,,,,,,,,,,,,,,,,,,,,,,,,,,6394,10675.75
1787062320,64.22,64.26,64.19,64.26,64.37,63.89,,,,,,,,,,,,,,,,,,,,,,,,,,,,,,,,,,,,,,,,,,,,,,,,,,,,8660,10550.15
1787062380,64.26,64.26,64.215,64.215,64.37,63.89,,,,,,,,,,,,,,,,,,,,,,,,,,,,,,,,,,,,,,,,,,,,,,,,,,,,6409,10630.2
1787062440,64.22,64.24,64.22,64.23,64.37,63.89,,,,,,,,,,,,,,,,,,,,,,,,,,,,,,,,,,,,,,,,,,,,,,,,,,,,6176,10681.85
1787062500,64.22,64.22,64.165,64.205,64.37,63.89,,,,,,,,,,,,,,,,,,,,,,,,,,,,,,,,,,,,,,,,,,,,,,,,,,,,5091,10534.6
1787062560,64.2,64.21,64.18,64.19,64.37,63.89,,,,,,,,,,,,,,,,,,,,,,,,,,,,,,,,,,,,,,,,,,,,,,,,,,,,4484,10235.5
1787062620,64.19,64.19,64.145,64.19,64.37,63.89,,,,,,,,,,,,,,,,,,,,,,,,,,,,,,,,,,,,,,,,,,,,,,,,,,,,6242,10123.75
1787062680,64.18,64.2,64.16,64.17,64.37,63.89,,,,,,,,,,,,,,,,,,,,,,,,,,,,,,,,,,,,,,,,,,,,,,,,,,,,8952,10465.65
1787062740,64.155,64.155,64.115,64.14,64.37,63.89,,,,,,,,,,,,,,,,,,,,,,,,,,,,,,,,,,,,,,,,,,,,,,,,,,,,3303,9866.45
1787062800,64.13,64.14,64.12,64.14,64.37,63.89,,,,,,,,,,,,,,,,,,,,,,,,,,,,,,,,,,,,,,,,,,,,,,,,,,,,863,8585.25
1787062860,64.14,64.15,64.13,64.135,64.37,63.89,,,,,,,,,,,,,,,,,,,,,,,,,,,,,,,,,,,,,,,,,,,,,,,,,,,,5096,8463.2
1787062920,64.135,64.17,64.1,64.15,64.37,63.89,,,,,,,,,,,,,,,,,,,,,,,,,,,,,,,,,,,,,,,,,,,,,,,,,,,,11043,8550.6
1787062980,64.14,64.14,64.07,64.07,64.37,63.89,,,,,,,,,,,,,,,,,,,,,,,,,,,,,,,,,,,,,,,,,,,,,,,,,,,,4374,8400.95
1787063040,64.05,64.11,64.045,64.11,64.37,63.89,,,,,,,,,,,,,,,,,,,,,,,,,,,,,,,,,,,,,,,,,,,,,,,,,,,,5821,8392.25
1787063100,64.12,64.125,64.09,64.09,64.37,63.89,,,,,,,,,,,,,,,,,,,,,,,,,,,,,,,,,,,,,,,,,,,,,,,,,,,,5516,8363.35
1787063160,64.085,64.085,64.045,64.045,64.37,63.89,,,,,,,,,,,,,,,,,,,,,,,,,,,,,,,,,,,,,,,,,,,,,,,,,,,,3354,7967.85
1787063220,64.05,64.06,64.02,64.03,64.37,63.89,,,,,,,,,,,,,,,,,,,,,,,,,,,,,,,,,,,,,,,,,,,,,,,,,,,,9164,8209.3
1787063280,64.025,64.03,64,64.01,64.37,63.89,,,,,,,,,,,,,,,,,,,,,,,,,,,,,,,,,,,,,,,,,,,,,,,,,,,,6428,6086.25
1787063340,64.02,64.02,63.99,63.99,64.37,63.89,,,,,,,,,,,,,,,,,,,,,,,,,,,,,,,,,,,,,,,,,,,,,,,,,,,,3843,5804.7
1787063400,63.99,64.085,63.99,64.085,64.37,63.89,,,,,,,,,,,,,,,,,,,,,,,,,,,,,,,,,,,,,,,,,,,,,,,,,,,,7318,5926.55
1787063460,64.09,64.1,64.055,64.055,64.37,63.89,,,,,,,,,,,,,,,,,,,,,,,,,,,,,,,,,,,,,,,,,,,,,,,,,,,,4471,5830.4
1787063520,64.06,64.11,64.06,64.11,64.37,63.89,,,,,,,,,,,,,,,,,,,,,,,,,,,,,,,,,,,,,,,,,,,,,,,,,,,,3852,5590
1787063580,64.11,64.12,64.075,64.09,64.37,63.89,,,,,,,,,,,,,,,,,,,,,,,,,,,,,,,,,,,,,,,,,,,,,,,,,,,,17025,6120.8
1787063640,64.09,64.1,64.06,64.06,64.37,63.89,,,,,,,,,,,,,,,,,,,,,,,,,,,,,,,,,,,,,,,,,,,,,,,,,,,,7037,6163.85
1787063700,64.05,64.05,63.96,63.96,64.37,63.89,,,,,,,,,,,,,,,,,,,,,,,,,,,,,,,,,,,,,,,,,,,,,,,,,,,,1922,6005.4
1787063760,63.96,63.99,63.95,63.99,64.37,63.89,,,,,,,,,,,,,,,,,,,,,,,,,,,,,,,,,,,,,,,,,,,,,,,,,,,,2880,5925.2
1787063820,64,64.01,64,64.01,64.37,63.89,,,,,,,,,,,,,,,,,,,,,,,,,,,,,,,,,,,,,,,,,,,,,,,,,,,,2646,5745.4
1787063880,64.01,64.01,63.975,64.01,64.37,63.89,,,,,,,,,,,,,,,,,,,,,,,,,,,,,,,,,,,,,,,,,,,,,,,,,,,,12290,5912.3
1787063940,64.01,64.01,63.975,63.985,64.37,63.89,,,,,,,,,,,,,,,,,,,,,,,,,,,,,,,,,,,,,,,,,,,,,,,,,,,,5103,6002.3
1787064000,63.985,64,63.96,63.98,64.37,63.89,,,,,,,,,,,,,,,,,,,,,,,,,,,,,,,,,,,,,,,,,,,,,,,,,,,,3671,6142.7
1787064060,63.98,63.99,63.965,63.965,64.37,63.89,,,,,,,,,,,,,,,,,,,,,,,,,,,,,,,,,,,,,,,,,,,,,,,,,,,,3037,6039.75
1787064120,63.96,63.98,63.945,63.945,64.37,63.89,,,,,,,,,,,,,,,,,,,,,,,,,,,,,,,,,,,,,,,,,,,,,,,,,,,,5970,5786.1
1787064180,63.94,63.965,63.94,63.96,64.37,63.89,,,,,,,,,,,,,,,,,,,,,,,,,,,,,,,,,,,,,,,,,,,,,,,,,,,,1724,5653.6
1787064240,63.955,63.98,63.91,63.915,64.37,63.89,,,,,,,,,,,,,,,,,,,,,,,,,,,,,,,,,,,,,,,,,,,,,,,,,,,,15643,6144.7
1787064300,63.91,63.91,63.89,63.9,64.37,63.89,,,,,,,,,,,,,,,,,,,,,,,,,,,,,,,,,,,,,,,,,,,,,,,,,,,,8258,6281.8
1787064360,63.895,63.91,63.87,63.88,64.37,63.89,,,,,,,,,,,,,,,,,,,,,,,,,,,,,,,,,,,,,,,,,,,,,,,,,,,,8182,6523.2
1787064420,63.87,63.9,63.84,63.855,64.37,63.89,,,,,,,,,,,,,,,,,,,,,,,,,,,,,,,,,,,,,,,,,,,,,,,,,,,,4817,6305.85
1787064480,63.855,63.92,63.855,63.92,64.37,63.89,,,,,,,,,,,,,,,,,,,,,,,,,,,,,,,,,,,,,,,,,,,,,,,,,,,,5008,6234.85
1787064540,63.915,63.915,63.89,63.91,64.37,63.89,,,,,,,,,,,,,,,,,,,,,,,,,,,,,,,,,,,,,,,,,,,,,,,,,,,,5552,6320.3
1787064600,63.91,63.92,63.9,63.91,64.37,63.89,,,,,,,,,,,,,,,,,,,,,,,,,,,,,,,,,,,,,,,,,,,,,,,,,,,,6617,6285.25
1787064660,63.9,63.92,63.885,63.915,64.37,63.89,,,,,,,,,,,,,,,,,,,,,,,,,,,,,,,,,,,,,,,,,,,,,,,,,,,,16705,6896.95
1787064720,63.92,63.92,63.855,63.855,64.37,63.89,,,,,,,,,,,,,,,,,,,,,,,,,,,,,,,,,,,,,,,,,,,,,,,,,,,,3704,6889.55
1787064780,63.845,63.85,63.8,63.85,64.37,63.89,,,,,,,,,,,,,,,,,,,,,,,,,,,,,,,,,,,,,,,,,,,,,,,,,,,,5827,6329.65
1787064840,63.84,63.84,63.815,63.83,64.37,63.89,,,,,,,,,,,,,,,,,,,,,,,,,,,,,,,,,,,,,,,,,,,,,,,,,,,,1815,6068.55
1787064900,63.8,63.83,63.8,63.83,64.37,63.89,,,,,,,,,,,,,,,,,,,,,,,,,,,,,,,,,,,,,,,,,,,,,,,,,,,,4413,6193.1
1787064960,63.84,63.85,63.81,63.825,64.37,63.89,,,,,,,,,,,,,,,,,,,,,,,,,,,,,,,,,,,,,,,,,,,,,,,,,,,,13830,6740.6
1787065020,63.825,63.83,63.8,63.8,64.37,63.89,,,,,,,,,,,,,,,,,,,,,,,,,,,,,,,,,,,,,,,,,,,,,,,,,,,,5029,6859.75
1787065080,63.81,63.825,63.8,63.82,64.37,63.89,,,,,,,,,,,,,,,,,,,,,,,,,,,,,,,,,,,,,,,,,,,,,,,,,,,,2099,6350.2
1787065140,63.83,63.86,63.82,63.83,64.37,63.89,,,,,,,,,,,,,,,,,,,,,,,,,,,,,,,,,,,,,,,,,,,,,,,,,,,,3043,6247.2
1787065200,63.84,63.84,63.805,63.82,64.37,63.89,,,,,,,,,,,,,,,,,,,,,,,,,,,,,,,,,,,,,,,,,,,,,,,,,,,,4821,6304.7
1787065260,63.81,63.86,63.81,63.85,64.37,63.89,,,,,,,,,,,,,,,,,,,,,,,,,,,,,,,,,,,,,,,,,,,,,,,,,,,,6733,6489.5
1787065320,63.84,63.87,63.83,63.86,64.37,63.89,,,,,,,,,,,,,,,,,,,,,,,,,,,,,,,,,,,,,,,,,,,,,,,,,,,,7373,6559.65
1787065380,63.86,63.95,63.86,63.945,64.37,63.89,,,,,,,,,,,,,,,,,,,,,,,,,,,,,,,,,,,,,,,,,,,,,,,,,,,,15448,7245.85
1787065440,63.945,63.98,63.94,63.98,64.37,63.89,,,,,,,,,,,,,,,,,,,,,,,,,,,,,,,,,,,,,,,,,,,,,,,,,,,,3814,6654.4
1787065500,63.98,64.01,63.98,64.01,64.37,63.89,,,,,,,,,,,,,,,,,,,,,,,,,,,,,,,,,,,,,,,,,,,,,,,,,,,,8517,6667.35
1787065560,64,64,63.98,63.98,64.37,63.89,,,,,,,,,,,,,,,,,,,,,,,,,,,,,,,,,,,,,,,,,,,,,,,,,,,,3667,6441.6
1787065620,63.97,63.97,63.95,63.95,64.37,63.89,,,,,,,,,,,,,,,,,,,,,,,,,,,,,,,,,,,,,,,,,,,,,,,,,,,,8916,6646.55
1787065680,63.96,63.98,63.955,63.955,64.37,63.89,,,,,,,,,,,,,,,,,,,,,,,,,,,,,,,,,,,,,,,,,,,,,,,,,,,,4776,6634.95
1787065740,63.945,63.96,63.945,63.96,64.37,63.89,,,,,,,,,,,,,,,,,,,,,,,,,,,,,,,,,,,,,,,,,,,,,,,,,,,,2422,6478.45
1787065800,63.96,64.02,63.96,64.015,64.37,63.89,,,,,,,,,,,,,,,,,,,,,,,,,,,,,,,,,,,,,,,,,,,,,,,,,,,,4420,6368.6
1787065860,63.99,64.005,63.97,63.99,64.37,63.89,,,,,,,,,,,,,,,,,,,,,,,,,,,,,,,,,,,,,,,,,,,,,,,,,,,,4180,5742.35
1787065920,63.97,63.99,63.95,63.99,64.37,63.89,,,,,,,,,,,,,,,,,,,,,,,,,,,,,,,,,,,,,,,,,,,,,,,,,,,,7138,5914.05
1787065980,63.98,63.98,63.955,63.96,64.37,63.89,,,,,,,,,,,,,,,,,,,,,,,,,,,,,,,,,,,,,,,,,,,,,,,,,,,,5200,5882.7
1787066040,63.97,64,63.965,63.975,64.37,63.89,,,,,,,,,,,,,,,,,,,,,,,,,,,,,,,,,,,,,,,,,,,,,,,,,,,,2833,5933.6
1787066100,63.975,63.975,63.935,63.94,64.37,63.89,,,,,,,,,,,,,,,,,,,,,,,,,,,,,,,,,,,,,,,,,,,,,,,,,,,,1535,5789.7
1787066160,63.945,63.96,63.945,63.95,64.37,63.89,,,,,,,,,,,,,,,,,,,,,,,,,,,,,,,,,,,,,,,,,,,,,,,,,,,,2476,5222
1787066220,63.95,63.955,63.92,63.925,64.37,63.89,,,,,,,,,,,,,,,,,,,,,,,,,,,,,,,,,,,,,,,,,,,,,,,,,,,,3155,5128.3
1787066280,63.925,63.925,63.915,63.915,64.37,63.89,,,,,,,,,,,,,,,,,,,,,,,,,,,,,,,,,,,,,,,,,,,,,,,,,,,,840,5065.35
1787066340,63.915,63.93,63.87,63.87,64.37,63.89,,,,,,,,,,,,,,,,,,,,,,,,,,,,,,,,,,,,,,,,,,,,,,,,,,,,9212,5373.8
1787066400,63.86,63.87,63.84,63.87,64.37,63.89,,,,,,,,,,,,,,,,,,,,,,,,,,,,,,,,,,,,,,,,,,,,,,,,,,,,16224,5943.95
1787066460,63.87,63.88,63.86,63.875,64.37,63.89,,,,,,,,,,,,,,,,,,,,,,,,,,,,,,,,,,,,,,,,,,,,,,,,,,,,3958,5805.2
1787066520,63.87,63.87,63.815,63.82,64.37,63.89,,,,,,,,,,,,,,,,,,,,,,,,,,,,,,,,,,,,,,,,,,,,,,,,,,,,6724,5772.75
1787066580,63.82,63.84,63.82,63.83,64.37,63.89,,,,,,,,,,,,,,,,,,,,,,,,,,,,,,,,,,,,,,,,,,,,,,,,,,,,1197,5060.2
1787066640,63.83,63.845,63.83,63.83,64.37,63.89,,,,,,,,,,,,,,,,,,,,,,,,,,,,,,,,,,,,,,,,,,,,,,,,,,,,2848,5011.9
1787066700,63.83,63.855,63.8,63.835,64.37,63.89,,,,,,,,,,,,,,,,,,,,,,,,,,,,,,,,,,,,,,,,,,,,,,,,,,,,20569,5614.5
1787066760,63.83,63.85,63.815,63.85,64.37,63.89,,,,,,,,,,,,,,,,,,,,,,,,,,,,,,,,,,,,,,,,,,,,,,,,,,,,8946,5878.45
1787066820,63.86,63.89,63.86,63.885,64.37,63.89,,,,,,,,,,,,,,,,,,,,,,,,,,,,,,,,,,,,,,,,,,,,,,,,,,,,4116,5638.45
1787066880,63.885,63.91,63.885,63.9,64.37,63.89,,,,,,,,,,,,,,,,,,,,,,,,,,,,,,,,,,,,,,,,,,,,,,,,,,,,4187,5609
1787066940,63.89,63.89,63.865,63.88,64.37,63.89,,,,,,,,,,,,,,,,,,,,,,,,,,,,,,,,,,,,,,,,,,,,,,,,,,,,3003,5638.05
1787067000,63.89,63.94,63.89,63.94,64.37,63.89,,,,,,,,,,,,,,,,,,,,,,,,,,,,,,,,,,,,,,,,,,,,,,,,,,,,2785,5556.3
1787067060,63.935,63.945,63.905,63.925,64.37,63.89,,,,,,,,,,,,,,,,,,,,,,,,,,,,,,,,,,,,,,,,,,,,,,,,,,,,2906,5492.6
1787067120,63.91,63.95,63.91,63.93,64.37,63.89,,,,,,,,,,,,,,,,,,,,,,,,,,,,,,,,,,,,,,,,,,,,,,,,,,,,4667,5369.05
1787067180,63.93,63.93,63.915,63.93,64.37,63.89,,,,,,,,,,,,,,,,,,,,,,,,,,,,,,,,,,,,,,,,,,,,,,,,,,,,6065,5412.3
1787067240,63.92,63.94,63.92,63.94,64.37,63.89,,,,,,,,,,,,,,,,,,,,,,,,,,,,,,,,,,,,,,,,,,,,,,,,,,,,2466,5393.95
1787067300,63.93,63.93,63.875,63.89,64.37,63.89,,,,,,,,,,,,,,,,,,,,,,,,,,,,,,,,,,,,,,,,,,,,,,,,,,,,3592,5496.8
1787067360,63.9,63.915,63.895,63.915,64.37,63.89,,,,,,,,,,,,,,,,,,,,,,,,,,,,,,,,,,,,,,,,,,,,,,,,,,,,1676,5456.8
1787067420,63.92,63.925,63.91,63.915,64.37,63.89,,,,,,,,,,,,,,,,,,,,,,,,,,,,,,,,,,,,,,,,,,,,,,,,,,,,2928,5445.45
1787067480,63.92,63.945,63.92,63.94,64.37,63.89,,,,,,,,,,,,,,,,,,,,,,,,,,,,,,,,,,,,,,,,,,,,,,,,,,,,4741,5640.5
1787067540,63.94,63.95,63.92,63.945,64.37,63.89,,,,,,,,,,,,,,,,,,,,,,,,,,,,,,,,,,,,,,,,,,,,,,,,,,,,3494,5354.6
1787067600,63.94,63.94,63.87,63.87,64.37,63.89,,,,,,,,,,,,,,,,,,,,,,,,,,,,,,,,,,,,,,,,,,,,,,,,,,,,11892,5138
1787067660,63.88,63.92,63.88,63.92,64.37,63.89,,,,,,,,,,,,,,,,,,,,,,,,,,,,,,,,,,,,,,,,,,,,,,,,,,,,1967,5038.45
1787067720,63.925,63.935,63.875,63.88,64.37,63.89,,,,,,,,,,,,,,,,,,,,,,,,,,,,,,,,,,,,,,,,,,,,,,,,,,,,7509,5077.7
1787067780,63.87,63.87,63.855,63.86,64.37,63.89,,,,,,,,,,,,,,,,,,,,,,,,,,,,,,,,,,,,,,,,,,,,,,,,,,,,2556,5145.65
1787067840,63.85,63.85,63.815,63.83,64.37,63.89,,,,,,,,,,,,,,,,,,,,,,,,,,,,,,,,,,,,,,,,,,,,,,,,,,,,3563,5181.4
1787067900,63.83,63.85,63.83,63.85,64.37,63.89,,,,,,,,,,,,,,,,,,,,,,,,,,,,,,,,,,,,,,,,,,,,,,,,,,,,2374,4271.65
1787067960,63.845,63.85,63.82,63.82,64.37,63.89,,,,,,,,,,,,,,,,,,,,,,,,,,,,,,,,,,,,,,,,,,,,,,,,,,,,2138,3931.25
1787068020,63.82,63.85,63.8,63.85,64.37,63.89,,,,,,,,,,,,,,,,,,,,,,,,,,,,,,,,,,,,,,,,,,,,,,,,,,,,4452,3948.05
1787068080,63.85,63.87,63.84,63.85,64.37,63.89,,,,,,,,,,,,,,,,,,,,,,,,,,,,,,,,,,,,,,,,,,,,,,,,,,,,8548,4166.1
1787068140,63.85,63.85,63.825,63.825,64.37,63.89,,,,,,,,,,,,,,,,,,,,,,,,,,,,,,,,,,,,,,,,,,,,,,,,,,,,6758,4353.85
1787068200,63.825,63.83,63.825,63.83,64.37,63.89,,,,,,,,,,,,,,,,,,,,,,,,,,,,,,,,,,,,,,,,,,,,,,,,,,,,3985,4413.85
1787068260,63.835,63.835,63.83,63.83,64.37,63.89,,,,,,,,,,,,,,,,,,,,,,,,,,,,,,,,,,,,,,,,,,,,,,,,,,,,2409,4389
1787068320,63.82,63.83,63.82,63.83,64.37,63.89,,,,,,,,,,,,,,,,,,,,,,,,,,,,,,,,,,,,,,,,,,,,,,,,,,,,2486,4279.95
1787068380,63.825,63.83,63.8,63.8,64.37,63.89,,,,,,,,,,,,,,,,,,,,,,,,,,,,,,,,,,,,,,,,,,,,,,,,,,,,4228,4188.1
1787068440,63.81,63.81,63.79,63.79,64.37,63.89,,,,,,,,,,,,,,,,,,,,,,,,,,,,,,,,,,,,,,,,,,,,,,,,,,,,3104,4220
1787068500,63.78,63.78,63.75,63.765,64.37,63.89,,,,,,,,,,,,,,,,,,,,,,,,,,,,,,,,,,,,,,,,,,,,,,,,,,,,5265,4303.65
1787068560,63.77,63.8,63.755,63.785,64.37,63.89,,,,,,,,,,,,,,,,,,,,,,,,,,,,,,,,,,,,,,,,,,,,,,,,,,,,5129,4476.3
1787068620,63.78,63.78,63.765,63.77,64.37,63.89,,,,,,,,,,,,,,,,,,,,,,,,,,,,,,,,,,,,,,,,,,,,,,,,,,,,9016,4780.7
1787068680,63.765,63.77,63.75,63.75,64.37,63.89,,,,,,,,,,,,,,,,,,,,,,,,,,,,,,,,,,,,,,,,,,,,,,,,,,,,578,4572.55
1787068740,63.75,63.76,63.745,63.745,64.37,63.89,,,,,,,,,,,,,,,,,,,,,,,,,,,,,,,,,,,,,,,,,,,,,,,,,,,,6758,4735.75
1787068800,63.74,63.745,63.715,63.74,64.37,63.89,,,,,,,,,,,,,,,,,,,,,,,,,,,,,,,,,,,,,,,,,,,,,,,,,,,,6672,4474.75
1787068860,63.74,63.74,63.715,63.715,64.37,63.89,,,,,,,,,,,,,,,,,,,,,,,,,,,,,,,,,,,,,,,,,,,,,,,,,,,,3203,4536.55
1787068920,63.715,63.735,63.7,63.72,64.37,63.89,,,,,,,,,,,,,,,,,,,,,,,,,,,,,,,,,,,,,,,,,,,,,,,,,,,,9422,4632.2
1787068980,63.715,63.735,63.715,63.72,64.37,63.89,,,,,,,,,,,,,,,,,,,,,,,,,,,,,,,,,,,,,,,,,,,,,,,,,,,,4846,4746.7
1787069040,63.72,63.735,63.715,63.73,64.37,63.89,,,,,,,,,,,,,,,,,,,,,,,,,,,,,,,,,,,,,,,,,,,,,,,,,,,,2385,4687.8
1787069100,63.73,63.735,63.715,63.72,64.37,63.89,,,,,,,,,,,,,,,,,,,,,,,,,,,,,,,,,,,,,,,,,,,,,,,,,,,,8581,4998.15
1787069160,63.72,63.72,63.695,63.705,64.37,63.89,,,,,,,,,,,,,,,,,,,,,,,,,,,,,,,,,,,,,,,,,,,,,,,,,,,,1693,4975.9
1787069220,63.7,63.7,63.675,63.675,64.37,63.89,,,,,,,,,,,,,,,,,,,,,,,,,,,,,,,,,,,,,,,,,,,,,,,,,,,,3357,4921.15
1787069280,63.675,63.675,63.655,63.655,64.37,63.89,,,,,,,,,,,,,,,,,,,,,,,,,,,,,,,,,,,,,,,,,,,,,,,,,,,,2589,4623.2
1787069340,63.655,63.66,63.625,63.63,64.37,63.89,,,,,,,,,,,,,,,,,,,,,,,,,,,,,,,,,,,,,,,,,,,,,,,,,,,,14784,5024.5
1787069400,63.63,63.67,63.63,63.66,64.37,63.89,,,,,,,,,,,,,,,,,,,,,,,,,,,,,,,,,,,,,,,,,,,,,,,,,,,,5650,5107.75
1787069460,63.655,63.655,63.63,63.63,64.37,63.89,,,,,,,,,,,,,,,,,,,,,,,,,,,,,,,,,,,,,,,,,,,,,,,,,,,,2438,5109.2
1787069520,63.625,63.635,63.615,63.615,64.37,63.89,,,,,,,,,,,,,,,,,,,,,,,,,,,,,,,,,,,,,,,,,,,,,,,,,,,,2828,5126.3
1787069580,63.61,63.61,63.58,63.58,64.37,63.89,,,,,,,,,,,,,,,,,,,,,,,,,,,,,,,,,,,,,,,,,,,,,,,,,,,,3119,5070.85
1787069640,63.575,63.645,63.575,63.64,64.37,63.89,,,,,,,,,,,,,,,,,,,,,,,,,,,,,,,,,,,,,,,,,,,,,,,,,,,,10545,5442.9
1787069700,63.645,63.66,63.62,63.65,64.37,63.89,,,,,,,,,,,,,,,,,,,,,,,,,,,,,,,,,,,,,,,,,,,,,,,,,,,,18606,6109.95
1787069760,63.65,63.675,63.65,63.65,64.37,63.89,,,,,,,,,,,,,,,,,,,,,,,,,,,,,,,,,,,,,,,,,,,,,,,,,,,,2476,5977.3
1787069820,63.645,63.655,63.63,63.655,64.37,63.89,,,,,,,,,,,,,,,,,,,,,,,,,,,,,,,,,,,,,,,,,,,,,,,,,,,,5029,5777.95
1787069880,63.655,63.675,63.645,63.67,64.37,63.89,,,,,,,,,,,,,,,,,,,,,,,,,,,,,,,,,,,,,,,,,,,,,,,,,,,,5282,6013.15
1787069940,63.67,63.71,63.67,63.69,64.37,63.89,,,,,,,,,,,,,,,,,,,,,,,,,,,,,,,,,,,,,,,,,,,,,,,,,,,,1927,5771.6
1787070000,63.685,63.705,63.67,63.67,64.37,63.89,,,,,,,,,,,,,,,,,,,,,,,,,,,,,,,,,,,,,,,,,,,,,,,,,,,,8774,5876.7
1787070060,63.67,63.68,63.66,63.675,64.37,63.89,,,,,,,,,,,,,,,,,,,,,,,,,,,,,,,,,,,,,,,,,,,,,,,,,,,,3412,5887.15
1787070120,63.68,63.71,63.675,63.71,64.37,63.89,,,,,,,,,,,,,,,,,,,,,,,,,,,,,,,,,,,,,,,,,,,,,,,,,,,,5054,5668.75
1787070180,63.71,63.72,63.665,63.67,64.37,63.89,,,,,,,,,,,,,,,,,,,,,,,,,,,,,,,,,,,,,,,,,,,,,,,,,,,,5309,5691.9
1787070240,63.67,63.695,63.655,63.695,64.37,63.89,,,,,,,,,,,,,,,,,,,,,,,,,,,,,,,,,,,,,,,,,,,,,,,,,,,,6317,5888.5
1787070300,63.695,63.695,63.67,63.675,64.37,63.89,,,,,,,,,,,,,,,,,,,,,,,,,,,,,,,,,,,,,,,,,,,,,,,,,,,,11448,6031.85
1787070360,63.675,63.68,63.665,63.68,64.37,63.89,,,,,,,,,,,,,,,,,,,,,,,,,,,,,,,,,,,,,,,,,,,,,,,,,,,,7756,6335
1787070420,63.675,63.68,63.655,63.655,64.37,63.89,,,,,,,,,,,,,,,,,,,,,,,,,,,,,,,,,,,,,,,,,,,,,,,,,,,,6002,6467.25
1787070480,63.655,63.665,63.655,63.66,64.37,63.89,,,,,,,,,,,,,,,,,,,,,,,,,,,,,,,,,,,,,,,,,,,,,,,,,,,,2906,6483.1
1787070540,63.65,63.66,63.645,63.65,64.37,63.89,,,,,,,,,,,,,,,,,,,,,,,,,,,,,,,,,,,,,,,,,,,,,,,,,,,,16003,6544.05
1787070600,63.65,63.68,63.65,63.67,64.37,63.89,,,,,,,,,,,,,,,,,,,,,,,,,,,,,,,,,,,,,,,,,,,,,,,,,,,,3228,6422.95
1787070660,63.68,63.69,63.66,63.665,64.37,63.89,,,,,,,,,,,,,,,,,,,,,,,,,,,,,,,,,,,,,,,,,,,,,,,,,,,,1717,6386.9
1787070720,63.66,63.66,63.62,63.63,64.37,63.89,,,,,,,,,,,,,,,,,,,,,,,,,,,,,,,,,,,,,,,,,,,,,,,,,,,,4757,6483.35
1787070780,63.64,63.65,63.64,63.645,64.37,63.89,,,,,,,,,,,,,,,,,,,,,,,,,,,,,,,,,,,,,,,,,,,,,,,,,,,,3810,6517.9
1787070840,63.64,63.69,63.64,63.665,64.37,63.89,,,,,,,,,,,,,,,,,,,,,,,,,,,,,,,,,,,,,,,,,,,,,,,,,,,,7481,6364.7
1787070900,63.665,63.68,63.655,63.675,64.37,63.89,,,,,,,,,,,,,,,,,,,,,,,,,,,,,,,,,,,,,,,,,,,,,,,,,,,,4048,5636.8
1787070960,63.67,63.69,63.67,63.69,64.37,63.89,,,,,,,,,,,,,,,,,,,,,,,,,,,,,,,,,,,,,,,,,,,,,,,,,,,,1516,5588.8
1787071020,63.695,63.7,63.68,63.695,64.37,63.89,,,,,,,,,,,,,,,,,,,,,,,,,,,,,,,,,,,,,,,,,,,,,,,,,,,,3681,5521.4
1787071080,63.68,63.69,63.68,63.68,64.37,63.89,,,,,,,,,,,,,,,,,,,,,,,,,,,,,,,,,,,,,,,,,,,,,,,,,,,,1004,5307.5
1787071140,63.68,63.7,63.68,63.685,64.37,63.89,,,,,,,,,,,,,,,,,,,,,,,,,,,,,,,,,,,,,,,,,,,,,,,,,,,,1610,5291.65
1787071200,63.68,63.69,63.67,63.69,64.37,63.89,,,,,,,,,,,,,,,,,,,,,,,,,,,,,,,,,,,,,,,,,,,,,,,,,,,,1767,4941.3
1787071260,63.7,63.725,63.7,63.715,64.37,63.89,,,,,,,,,,,,,,,,,,,,,,,,,,,,,,,,,,,,,,,,,,,,,,,,,,,,4226,4982
1787071320,63.72,63.73,63.71,63.73,64.37,63.89,,,,,,,,,,,,,,,,,,,,,,,,,,,,,,,,,,,,,,,,,,,,,,,,,,,,2266,4842.6
1787071380,63.74,63.75,63.74,63.745,64.37,63.89,,,,,,,,,,,,,,,,,,,,,,,,,,,,,,,,,,,,,,,,,,,,,,,,,,,,673,4610.8
1787071440,63.75,63.755,63.745,63.75,64.37,63.89,,,,,,,,,,,,,,,,,,,,,,,,,,,,,,,,,,,,,,,,,,,,,,,,,,,,5527,4571.3
1787071500,63.75,63.75,63.74,63.74,64.37,63.89,,,,,,,,,,,,,,,,,,,,,,,,,,,,,,,,,,,,,,,,,,,,,,,,,,,,2323,4115.05
1787071560,63.74,63.755,63.74,63.755,64.37,63.89,,,,,,,,,,,,,,,,,,,,,,,,,,,,,,,,,,,,,,,,,,,,,,,,,,,,2198,3837.15
1787071620,63.745,63.76,63.745,63.75,64.37,63.89,,,,,,,,,,,,,,,,,,,,,,,,,,,,,,,,,,,,,,,,,,,,,,,,,,,,550,3564.55
1787071680,63.76,63.775,63.755,63.76,64.37,63.89,,,,,,,,,,,,,,,,,,,,,,,,,,,,,,,,,,,,,,,,,,,,,,,,,,,,4352,3636.85
1787071740,63.765,63.81,63.765,63.79,64.37,63.89,,,,,,,,,,,,,,,,,,,,,,,,,,,,,,,,,,,,,,,,,,,,,,,,,,,,3667,3020.05
1787071800,63.78,63.79,63.77,63.79,64.37,63.89,,,,,,,,,,,,,,,,,,,,,,,,,,,,,,,,,,,,,,,,,,,,,,,,,,,,2399,2978.6
1787071860,63.8,63.815,63.79,63.79,64.37,63.89,,,,,,,,,,,,,,,,,,,,,,,,,,,,,,,,,,,,,,,,,,,,,,,,,,,,1334,2959.45
1787071920,63.785,63.815,63.78,63.815,64.37,63.89,,,,,,,,,,,,,,,,,,,,,,,,,,,,,,,,,,,,,,,,,,,,,,,,,,,,650,2754.1
1787071980,63.81,63.815,63.81,63.815,64.37,63.89,,,,,,,,,,,,,,,,,,,,,,,,,,,,,,,,,,,,,,,,,,,,,,,,,,,,711,2599.15
1787072040,63.81,63.815,63.805,63.805,64.37,63.89,,,,,,,,,,,,,,,,,,,,,,,,,,,,,,,,,,,,,,,,,,,,,,,,,,,,3470,2398.6
1787072100,63.8,63.8,63.78,63.79,64.37,63.89,,,,,,,,,,,,,,,,,,,,,,,,,,,,,,,,,,,,,,,,,,,,,,,,,,,,5166,2454.5
1787072160,63.79,63.8,63.785,63.79,64.37,63.89,,,,,,,,,,,,,,,,,,,,,,,,,,,,,,,,,,,,,,,,,,,,,,,,,,,,3741,2565.75
1787072220,63.79,63.79,63.78,63.785,64.37,63.89,,,,,,,,,,,,,,,,,,,,,,,,,,,,,,,,,,,,,,,,,,,,,,,,,,,,2301,2496.75
1787072280,63.785,63.795,63.76,63.765,64.37,63.89,,,,,,,,,,,,,,,,,,,,,,,,,,,,,,,,,,,,,,,,,,,,,,,,,,,,7102,2801.65
1787072340,63.765,63.775,63.76,63.77,64.37,63.89,,,,,,,,,,,,,,,,,,,,,,,,,,,,,,,,,,,,,,,,,,,,,,,,,,,,2758,2859.05
1787072400,63.76,63.77,63.76,63.77,64.37,63.89,,,,,,,,,,,,,,,,,,,,,,,,,,,,,,,,,,,,,,,,,,,,,,,,,,,,1604,2850.9
1787072460,63.77,63.8,63.765,63.795,64.37,63.89,,,,,,,,,,,,,,,,,,,,,,,,,,,,,,,,,,,,,,,,,,,,,,,,,,,,1712,2725.2
1787072520,63.79,63.805,63.78,63.805,64.37,63.89,,,,,,,,,,,,,,,,,,,,,,,,,,,,,,,,,,,,,,,,,,,,,,,,,,,,1114,2667.6
1787072580,63.805,63.805,63.765,63.77,64.37,63.89,,,,,,,,,,,,,,,,,,,,,,,,,,,,,,,,,,,,,,,,,,,,,,,,,,,,4761,2872
1787072640,63.765,63.785,63.765,63.785,64.37,63.89,,,,,,,,,,,,,,,,,,,,,,,,,,,,,,,,,,,,,,,,,,,,,,,,,,,,3287,2760
1787072700,63.79,63.8,63.79,63.79,64.37,63.89,,,,,,,,,,,,,,,,,,,,,,,,,,,,,,,,,,,,,,,,,,,,,,,,,,,,6644,2976.05
1787072760,63.78,63.8,63.77,63.8,64.37,63.89,,,,,,,,,,,,,,,,,,,,,,,,,,,,,,,,,,,,,,,,,,,,,,,,,,,,4939,3113.1
1787072820,63.805,63.805,63.8,63.8,64.37,63.89,,,,,,,,,,,,,,,,,,,,,,,,,,,,,,,,,,,,,,,,,,,,,,,,,,,,1125,3141.85
1787072880,63.795,63.82,63.795,63.82,64.37,63.89,,,,,,,,,,,,,,,,,,,,,,,,,,,,,,,,,,,,,,,,,,,,,,,,,,,,757,2962.1
1787072940,63.82,63.82,63.805,63.81,64.37,63.89,,,,,,,,,,,,,,,,,,,,,,,,,,,,,,,,,,,,,,,,,,,,,,,,,,,,5806,3069.05
1787073000,63.82,63.84,63.815,63.84,64.37,63.89,,,,,,,,,,,,,,,,,,,,,,,,,,,,,,,,,,,,,,,,,,,,,,,,,,,,1281,3013.15
1787073060,63.85,63.86,63.84,63.845,64.37,63.89,,,,,,,,,,,,,,,,,,,,,,,,,,,,,,,,,,,,,,,,,,,,,,,,,,,,646,2978.75
1787073120,63.845,63.85,63.835,63.835,64.37,63.89,,,,,,,,,,,,,,,,,,,,,,,,,,,,,,,,,,,,,,,,,,,,,,,,,,,,1646,3028.55
1787073180,63.83,63.83,63.825,63.83,64.37,63.89,,,,,,,,,,,,,,,,,,,,,,,,,,,,,,,,,,,,,,,,,,,,,,,,,,,,439,3014.95
1787073240,63.83,63.83,63.82,63.82,64.37,63.89,,,,,,,,,,,,,,,,,,,,,,,,,,,,,,,,,,,,,,,,,,,,,,,,,,,,1677,2925.3
1787073300,63.83,63.85,63.83,63.85,64.37,63.89,,,,,,,,,,,,,,,,,,,,,,,,,,,,,,,,,,,,,,,,,,,,,,,,,,,,1859,2759.95
1787073360,63.84,63.84,63.83,63.835,64.37,63.89,,,,,,,,,,,,,,,,,,,,,,,,,,,,,,,,,,,,,,,,,,,,,,,,,,,,345,2590.15
1787073420,63.83,63.85,63.83,63.85,64.37,63.89,,,,,,,,,,,,,,,,,,,,,,,,,,,,,,,,,,,,,,,,,,,,,,,,,,,,3814,2665.8
1787073480,63.85,63.85,63.84,63.84,64.37,63.89,,,,,,,,,,,,,,,,,,,,,,,,,,,,,,,,,,,,,,,,,,,,,,,,,,,,3649,2493.15
1787073540,63.84,63.85,63.84,63.85,64.37,63.89,,,,,,,,,,,,,,,,,,,,,,,,,,,,,,,,,,,,,,,,,,,,,,,,,,,,2352,2472.85
1787073600,63.84,63.84,63.835,63.84,64.37,63.89,,,,,,,,,,,,,,,,,,,,,,,,,,,,,,,,,,,,,,,,,,,,,,,,,,,,804,2432.85
1787073660,63.84,63.84,63.835,63.84,64.37,63.89,,,,,,,,,,,,,,,,,,,,,,,,,,,,,,,,,,,,,,,,,,,,,,,,,,,,331,2363.8
1787073720,63.84,63.855,63.84,63.855,64.37,63.89,,,,,,,,,,,,,,,,,,,,,,,,,,,,,,,,,,,,,,,,,,,,,,,,,,,,789,2347.55
1787073780,63.86,63.86,63.855,63.855,64.37,63.89,,,,,,,,,,,,,,,,,,,,,,,,,,,,,,,,,,,,,,,,,,,,,,,,,,,,41,2111.55
1787073840,63.855,63.86,63.855,63.86,64.37,63.89,,,,,,,,,,,,,,,,,,,,,,,,,,,,,,,,,,,,,,,,,,,,,,,,,,,,684,1981.4
1787073900,63.87,63.87,63.87,63.87,64.37,63.89,,,,,,,,,,,,,,,,,,,,,,,,,,,,,,,,,,,,,,,,,,,,,,,,,,,,2910,1794.7
1787073960,63.87,63.89,63.86,63.87,64.37,63.89,,,,,,,,,,,,,,,,,,,,,,,,,,,,,,,,,,,,,,,,,,,,,,,,,,,,7999,1947.7
1787074020,63.87,63.87,63.865,63.87,64.37,63.89,,,,,,,,,,,,,,,,,,,,,,,,,,,,,,,,,,,,,,,,,,,,,,,,,,,,3788,2080.85
1787074080,63.865,63.865,63.86,63.86,64.37,63.89,,,,,,,,,,,,,,,,,,,,,,,,,,,,,,,,,,,,,,,,,,,,,,,,,,,,432,2064.6
1787074140,63.86,63.87,63.85,63.85,64.37,63.89,,,,,,,,,,,,,,,,,,,,,,,,,,,,,,,,,,,,,,,,,,,,,,,,,,,,422,1795.4
1787074200,63.85,63.85,63.84,63.84,64.37,63.89,,,,,,,,,,,,,,,,,,,,,,,,,,,,,,,,,,,,,,,,,,,,,,,,,,,,1458,1804.25
1787074260,63.84,63.86,63.84,63.855,64.37,63.89,,,,,,,,,,,,,,,,,,,,,,,,,,,,,,,,,,,,,,,,,,,,,,,,,,,,793,1811.6
1787074320,63.86,63.92,63.86,63.91,64.37,63.89,,,,,,,,,,,,,,,,,,,,,,,,,,,,,,,,,,,,,,,,,,,,,,,,,,,,26135,3036.05
1787074380,63.91,63.925,63.91,63.92,64.37,63.89,,,,,,,,,,,,,,,,,,,,,,,,,,,,,,,,,,,,,,,,,,,,,,,,,,,,1315,3079.85
1787074440,63.92,63.945,63.92,63.925,64.37,63.89,,,,,,,,,,,,,,,,,,,,,,,,,,,,,,,,,,,,,,,,,,,,,,,,,,,,1191,3055.55
1787074500,63.93,63.935,63.915,63.935,64.37,63.89,,,,,,,,,,,,,,,,,,,,,,,,,,,,,,,,,,,,,,,,,,,,,,,,,,,,2089,3067.05
1787074560,63.93,63.93,63.915,63.915,64.37,63.89,,,,,,,,,,,,,,,,,,,,,,,,,,,,,,,,,,,,,,,,,,,,,,,,,,,,3817,3240.65
1787074620,63.915,63.94,63.915,63.94,64.37,63.89,,,,,,,,,,,,,,,,,,,,,,,,,,,,,,,,,,,,,,,,,,,,,,,,,,,,1825,3141.2
1787074680,63.94,63.94,63.93,63.93,64.37,63.89,,,,,,,,,,,,,,,,,,,,,,,,,,,,,,,,,,,,,,,,,,,,,,,,,,,,2267,3072.1
1787074740,63.93,63.94,63.92,63.92,64.37,63.89,,,,,,,,,,,,,,,,,,,,,,,,,,,,,,,,,,,,,,,,,,,,,,,,,,,,2008,3054.9
1787074800,63.92,63.935,63.9,63.9,64.37,63.89,,,,,,,,,,,,,,,,,,,,,,,,,,,,,,,,,,,,,,,,,,,,,,,,,,,,7396,3384.5
1787074860,63.895,63.925,63.89,63.925,64.37,63.89,,,,,,,,,,,,,,,,,,,,,,,,,,,,,,,,,,,,,,,,,,,,,,,,,,,,1052,3420.55
1787074920,63.925,63.935,63.925,63.935,64.37,63.89,,,,,,,,,,,,,,,,,,,,,,,,,,,,,,,,,,,,,,,,,,,,,,,,,,,,637,3412.95
1787074980,63.935,63.95,63.935,63.945,64.37,63.89,,,,,,,,,,,,,,,,,,,,,,,,,,,,,,,,,,,,,,,,,,,,,,,,,,,,1620,3491.9
1787075040,63.945,63.95,63.94,63.95,64.37,63.89,,,,,,,,,,,,,,,,,,,,,,,,,,,,,,,,,,,,,,,,,,,,,,,,,,,,5285,3721.95
1787075100,63.945,63.945,63.945,63.945,64.37,63.89,,,,,,,,,,,,,,,,,,,,,,,,,,,,,,,,,,,,,,,,,,,,,,,,,,,,507,3601.8
1787075160,63.945,63.945,63.93,63.945,64.37,63.89,,,,,,,,,,,,,,,,,,,,,,,,,,,,,,,,,,,,,,,,,,,,,,,,,,,,5544,3479.05
1787075220,63.945,63.95,63.94,63.94,64.37,63.89,,,,,,,,,,,,,,,,,,,,,,,,,,,,,,,,,,,,,,,,,,,,,,,,,,,,1294,3354.35
1787075280,63.94,63.96,63.925,63.96,64.37,63.89,,,,,,,,,,,,,,,,,,,,,,,,,,,,,,,,,,,,,,,,,,,,,,,,,,,,6243,3644.9
1787075340,63.96,63.97,63.955,63.955,64.37,63.89,,,,,,,,,,,,,,,,,,,,,,,,,,,,,,,,,,,,,,,,,,,,,,,,,,,,2838,3765.7
1787075400,63.955,63.98,63.955,63.965,64.37,63.89,,,,,,,,,,,,,,,,,,,,,,,,,,,,,,,,,,,,,,,,,,,,,,,,,,,,15389,4462.25
1787075460,63.97,63.98,63.97,63.975,64.37,63.89,,,,,,,,,,,,,,,,,,,,,,,,,,,,,,,,,,,,,,,,,,,,,,,,,,,,227,4433.95
1787075520,63.975,63.985,63.97,63.975,64.37,63.89,,,,,,,,,,,,,,,,,,,,,,,,,,,,,,,,,,,,,,,,,,,,,,,,,,,,5753,3414.85
1787075580,63.97,64,63.97,63.995,64.37,63.89,,,,,,,,,,,,,,,,,,,,,,,,,,,,,,,,,,,,,,,,,,,,,,,,,,,,1580,3428.1
1787075640,63.995,64,63.99,63.99,64.37,63.89,,,,,,,,,,,,,,,,,,,,,,,,,,,,,,,,,,,,,,,,,,,,,,,,,,,,2971,3517.1
1787075700,63.98,63.98,63.97,63.98,64.37,63.89,,,,,,,,,,,,,,,,,,,,,,,,,,,,,,,,,,,,,,,,,,,,,,,,,,,,1967,3511
1787075760,63.97,63.98,63.965,63.965,64.37,63.89,,,,,,,,,,,,,,,,,,,,,,,,,,,,,,,,,,,,,,,,,,,,,,,,,,,,431,3341.7
1787075820,63.965,63.97,63.95,63.95,64.37,63.89,,,,,,,,,,,,,,,,,,,,,,,,,,,,,,,,,,,,,,,,,,,,,,,,,,,,649,3282.9
1787075880,63.945,63.96,63.945,63.96,64.37,63.89,,,,,,,,,,,,,,,,,,,,,,,,,,,,,,,,,,,,,,,,,,,,,,,,,,,,1549,3247
1787075940,63.96,63.96,63.94,63.94,64.37,63.89,,,,,,,,,,,,,,,,,,,,,,,,,,,,,,,,,,,,,,,,,,,,,,,,,,,,6426,3467.9
1787076000,63.94,63.945,63.93,63.94,64.37,63.89,,,,,,,,,,,,,,,,,,,,,,,,,,,,,,,,,,,,,,,,,,,,,,,,,,,,4410,3318.6
1787076060,63.93,63.93,63.915,63.915,64.37,63.89,,,,,,,,,,,,,,,,,,,,,,,,,,,,,,,,,,,,,,,,,,,,,,,,,,,,2080,3370
1787076120,63.92,63.95,63.92,63.94,64.37,63.89,,,,,,,,,,,,,,,,,,,,,,,,,,,,,,,,,,,,,,,,,,,,,,,,,,,,960,3386.15
1787076180,63.94,63.96,63.94,63.96,64.37,63.89,,,,,,,,,,,,,,,,,,,,,,,,,,,,,,,,,,,,,,,,,,,,,,,,,,,,1235,3366.9
1787076240,63.965,63.975,63.965,63.975,64.37,63.89,,,,,,,,,,,,,,,,,,,,,,,,,,,,,,,,,,,,,,,,,,,,,,,,,,,,465,3125.9
1787076300,63.97,63.97,63.95,63.955,64.37,63.89,,,,,,,,,,,,,,,,,,,,,,,,,,,,,,,,,,,,,,,,,,,,,,,,,,,,1775,3189.3
1787076360,63.95,63.96,63.945,63.945,64.37,63.89,,,,,,,,,,,,,,,,,,,,,,,,,,,,,,,,,,,,,,,,,,,,,,,,,,,,299,2927.05
1787076420,63.945,63.95,63.94,63.95,64.37,63.89,,,,,,,,,,,,,,,,,,,,,,,,,,,,,,,,,,,,,,,,,,,,,,,,,,,,2218,2973.25
1787076480,63.95,63.955,63.945,63.95,64.37,63.89,,,,,,,,,,,,,,,,,,,,,,,,,,,,,,,,,,,,,,,,,,,,,,,,,,,,1503,2736.25
1787076540,63.94,63.965,63.94,63.96,64.37,63.89,,,,,,,,,,,,,,,,,,,,,,,,,,,,,,,,,,,,,,,,,,,,,,,,,,,,1555,2672.1
1787076600,63.965,63.98,63.965,63.975,64.37,63.89,,,,,,,,,,,,,,,,,,,,,,,,,,,,,,,,,,,,,,,,,,,,,,,,,,,,318,1918.55
1787076660,63.975,64.01,63.975,64.01,64.37,63.89,,,,,,,,,,,,,,,,,,,,,,,,,,,,,,,,,,,,,,,,,,,,,,,,,,,,5784,2196.4
1787076720,64.02,64.055,64.015,64.05,64.37,63.89,,,,,,,,,,,,,,,,,,,,,,,,,,,,,,,,,,,,,,,,,,,,,,,,,,,,2413,2029.4
1787076780,64.05,64.055,64.045,64.05,64.37,63.89,,,,,,,,,,,,,,,,,,,,,,,,,,,,,,,,,,,,,,,,,,,,,,,,,,,,1328,2016.8
1787076840,64.06,64.065,64.035,64.035,64.37,63.89,,,,,,,,,,,,,,,,,,,,,,,,,,,,,,,,,,,,,,,,,,,,,,,,,,,,16348,2685.65
1787076900,64.035,64.045,64.035,64.045,64.37,63.89,,,,,,,,,,,,,,,,,,,,,,,,,,,,,,,,,,,,,,,,,,,,,,,,,,,,1828,2678.7
1787076960,64.045,64.05,64.03,64.05,64.37,63.89,,,,,,,,,,,,,,,,,,,,,,,,,,,,,,,,,,,,,,,,,,,,,,,,,,,,5329,2923.6
1787077020,64.05,64.07,64.05,64.07,64.37,63.89,,,,,,,,,,,,,,,,,,,,,,,,,,,,,,,,,,,,,,,,,,,,,,,,,,,,4817,3132
1787077080,64.07,64.09,64.07,64.075,64.37,63.89,,,,,,,,,,,,,,,,,,,,,,,,,,,,,,,,,,,,,,,,,,,,,,,,,,,,5997,3354.4
1787077140,64.07,64.085,64.065,64.065,64.37,63.89,,,,,,,,,,,,,,,,,,,,,,,,,,,,,,,,,,,,,,,,,,,,,,,,,,,,7658,3416
1787077200,64.06,64.06,64.035,64.035,64.37,63.89,,,,,,,,,,,,,,,,,,,,,,,,,,,,,,,,,,,,,,,,,,,,,,,,,,,,8764,3633.7
1787077260,64.03,64.04,64.03,64.035,64.37,63.89,,,,,,,,,,,,,,,,,,,,,,,,,,,,,,,,,,,,,,,,,,,,,,,,,,,,819,3570.65
1787077320,64.035,64.035,64.02,64.025,64.37,63.89,,,,,,,,,,,,,,,,,,,,,,,,,,,,,,,,,,,,,,,,,,,,,,,,,,,,2644,3654.85
1787077380,64.025,64.03,64.025,64.03,64.37,63.89,,,,,,,,,,,,,,,,,,,,,,,,,,,,,,,,,,,,,,,,,,,,,,,,,,,,1086,3647.4
1787077440,64.03,64.04,63.995,64.01,64.37,63.89,,,,,,,,,,,,,,,,,,,,,,,,,,,,,,,,,,,,,,,,,,,,,,,,,,,,3630,3805.65
1787077500,64.01,64.01,63.995,64,64.37,63.89,,,,,,,,,,,,,,,,,,,,,,,,,,,,,,,,,,,,,,,,,,,,,,,,,,,,1866,3810.2
1787077560,64.01,64.015,63.99,64.015,64.37,63.89,,,,,,,,,,,,,,,,,,,,,,,,,,,,,,,,,,,,,,,,,,,,,,,,,,,,1468,3868.65
1787077620,64.01,64.035,64.005,64.035,64.37,63.89,,,,,,,,,,,,,,,,,,,,,,,,,,,,,,,,,,,,,,,,,,,,,,,,,,,,2144,3864.95
1787077680,64.03,64.045,64.03,64.045,64.37,63.89,,,,,,,,,,,,,,,,,,,,,,,,,,,,,,,,,,,,,,,,,,,,,,,,,,,,534,3816.5
1787077740,64.045,64.055,64.045,64.045,64.37,63.89,,,,,,,,,,,,,,,,,,,,,,,,,,,,,,,,,,,,,,,,,,,,,,,,,,,,3882,3932.85
1787077800,64.04,64.045,64.04,64.04,64.37,63.89,,,,,,,,,,,,,,,,,,,,,,,,,,,,,,,,,,,,,,,,,,,,,,,,,,,,258,3929.85
1787077860,64.04,64.075,64.04,64.07,64.37,63.89,,,,,,,,,,,,,,,,,,,,,,,,,,,,,,,,,,,,,,,,,,,,,,,,,,,,7148,3998.05
1787077920,64.07,64.08,64.055,64.065,64.37,63.89,,,,,,,,,,,,,,,,,,,,,,,,,,,,,,,,,,,,,,,,,,,,,,,,,,,,6999,4227.35
1787077980,64.065,64.085,64.03,64.04,64.37,63.89,,,,,,,,,,,,,,,,,,,,,,,,,,,,,,,,,,,,,,,,,,,,,,,,,,,,5344,4428.15
1787078040,64.045,64.05,64.035,64.05,64.37,63.89,,,,,,,,,,,,,,,,,,,,,,,,,,,,,,,,,,,,,,,,,,,,,,,,,,,,1829,3702.2
1787078100,64.055,64.065,64.045,64.065,64.37,63.89,,,,,,,,,,,,,,,,,,,,,,,,,,,,,,,,,,,,,,,,,,,,,,,,,,,,2298,3725.7
1787078160,64.065,64.085,64.06,64.085,64.37,63.89,,,,,,,,,,,,,,,,,,,,,,,,,,,,,,,,,,,,,,,,,,,,,,,,,,,,1809,3549.7
1787078220,64.085,64.085,64.07,64.08,64.37,63.89,,,,,,,,,,,,,,,,,,,,,,,,,,,,,,,,,,,,,,,,,,,,,,,,,,,,1081,3362.9
1787078280,64.085,64.085,64.06,64.06,64.37,63.89,,,,,,,,,,,,,,,,,,,,,,,,,,,,,,,,,,,,,,,,,,,,,,,,,,,,4638,3294.95
1787078340,64.05,64.05,64.03,64.04,64.37,63.89,,,,,,,,,,,,,,,,,,,,,,,,,,,,,,,,,,,,,,,,,,,,,,,,,,,,662,2945.15
1787078400,64.035,64.035,64.025,64.025,64.37,63.89,,,,,,,,,,,,,,,,,,,,,,,,,,,,,,,,,,,,,,,,,,,,,,,,,,,,443,2529.1
1787078460,64.02,64.03,64.01,64.03,64.37,63.89,,,,,,,,,,,,,,,,,,,,,,,,,,,,,,,,,,,,,,,,,,,,,,,,,,,,2770,2626.65
1787078520,64.025,64.04,64.02,64.04,64.37,63.89,,,,,,,,,,,,,,,,,,,,,,,,,,,,,,,,,,,,,,,,,,,,,,,,,,,,1563,2572.6
1787078580,64.04,64.05,64.04,64.04,64.37,63.89,,,,,,,,,,,,,,,,,,,,,,,,,,,,,,,,,,,,,,,,,,,,,,,,,,,,6387,2837.65
1787078640,64.045,64.06,64.035,64.06,64.37,63.89,,,,,,,,,,,,,,,,,,,,,,,,,,,,,,,,,,,,,,,,,,,,,,,,,,,,3250,2818.65
1787078700,64.06,64.06,64.05,64.055,64.37,63.89,,,,,,,,,,,,,,,,,,,,,,,,,,,,,,,,,,,,,,,,,,,,,,,,,,,,1702,2810.45
1787078760,64.06,64.07,64.06,64.07,64.37,63.89,,,,,,,,,,,,,,,,,,,,,,,,,,,,,,,,,,,,,,,,,,,,,,,,,,,,2179,2846
1787078820,64.065,64.08,64.06,64.08,64.37,63.89,,,,,,,,,,,,,,,,,,,,,,,,,,,,,,,,,,,,,,,,,,,,,,,,,,,,694,2773.5
1787078880,64.08,64.09,64.08,64.085,64.37,63.89,,,,,,,,,,,,,,,,,,,,,,,,,,,,,,,,,,,,,,,,,,,,,,,,,,,,1587,2826.15
1787078940,64.085,64.095,64.075,64.08,64.37,63.89,,,,,,,,,,,,,,,,,,,,,,,,,,,,,,,,,,,,,,,,,,,,,,,,,,,,5076,2885.85
1787079000,64.08,64.08,64.065,64.065,64.37,63.89,,,,,,,,,,,,,,,,,,,,,,,,,,,,,,,,,,,,,,,,,,,,,,,,,,,,3256,3035.75
1787079060,64.06,64.06,64.04,64.05,64.37,63.89,,,,,,,,,,,,,,,,,,,,,,,,,,,,,,,,,,,,,,,,,,,,,,,,,,,,3725,2864.6
1787079120,64.05,64.05,64.025,64.035,64.37,63.89,,,,,,,,,,,,,,,,,,,,,,,,,,,,,,,,,,,,,,,,,,,,,,,,,,,,2720,2650.65
1787079180,64.03,64.03,64.025,64.03,64.37,63.89,,,,,,,,,,,,,,,,,,,,,,,,,,,,,,,,,,,,,,,,,,,,,,,,,,,,2213,2494.1
1787079240,64.04,64.075,64.03,64.07,64.37,63.89,,,,,,,,,,,,,,,,,,,,,,,,,,,,,,,,,,,,,,,,,,,,,,,,,,,,3011,2553.2
1787079300,64.07,64.075,64.065,64.065,64.37,63.89,,,,,,,,,,,,,,,,,,,,,,,,,,,,,,,,,,,,,,,,,,,,,,,,,,,,390,2457.8
1787079360,64.07,64.075,64.065,64.07,64.37,63.89,,,,,,,,,,,,,,,,,,,,,,,,,,,,,,,,,,,,,,,,,,,,,,,,,,,,2485,2491.6
1787079420,64.07,64.07,64.05,64.055,64.37,63.89,,,,,,,,,,,,,,,,,,,,,,,,,,,,,,,,,,,,,,,,,,,,,,,,,,,,942,2484.65
1787079480,64.055,64.055,64.04,64.04,64.37,63.89,,,,,,,,,,,,,,,,,,,,,,,,,,,,,,,,,,,,,,,,,,,,,,,,,,,,4813,2493.4
1787079540,64.04,64.04,64.04,64.04,64.37,63.89,,,,,,,,,,,,,,,,,,,,,,,,,,,,,,,,,,,,,,,,,,,,,,,,,,,,2513,2585.95
1787079600,64.04,64.065,64.015,64.035,64.37,63.89,,,,,,,,,,,,,,,,,,,,,,,,,,,,,,,,,,,,,,,,,,,,,,,,,,,,25600,3843.8
1787079660,64.04,64.06,64.04,64.06,64.37,63.89,,,,,,,,,,,,,,,,,,,,,,,,,,,,,,,,,,,,,,,,,,,,,,,,,,,,1454,3778
1787079720,64.06,64.06,64.04,64.04,64.37,63.89,,,,,,,,,,,,,,,,,,,,,,,,,,,,,,,,,,,,,,,,,,,,,,,,,,,,605,3730.1
1787079780,64.04,64.045,64.04,64.04,64.37,63.89,,,,,,,,,,,,,,,,,,,,,,,,,,,,,,,,,,,,,,,,,,,,,,,,,,,,920,3456.75
1787079840,64.045,64.05,64.02,64.025,64.37,63.89,,,,,,,,,,,,,,,,,,,,,,,,,,,,,,,,,,,,,,,,,,,,,,,,,,,,1114,3349.95
1787079900,64.025,64.025,64.01,64.01,64.37,63.89,,,,,,,,,,,,,,,,,,,,,,,,,,,,,,,,,,,,,,,,,,,,,,,,,,,,949,3312.3
1787079960,64,64.01,63.99,64.01,64.37,63.89,,,,,,,,,,,,,,,,,,,,,,,,,,,,,,,,,,,,,,,,,,,,,,,,,,,,3543,3380.5
1787080020,64.015,64.05,64.015,64.045,64.37,63.89,,,,,,,,,,,,,,,,,,,,,,,,,,,,,,,,,,,,,,,,,,,,,,,,,,,,3534,3522.5
1787080080,64.04,64.07,64.04,64.05,64.37,63.89,,,,,,,,,,,,,,,,,,,,,,,,,,,,,,,,,,,,,,,,,,,,,,,,,,,,2504,3568.35
1787080140,64.05,64.055,64.04,64.045,64.37,63.89,,,,,,,,,,,,,,,,,,,,,,,,,,,,,,,,,,,,,,,,,,,,,,,,,,,,1826,3405.85
1787080200,64.045,64.065,64.04,64.06,64.37,63.89,,,,,,,,,,,,,,,,,,,,,,,,,,,,,,,,,,,,,,,,,,,,,,,,,,,,2581,3372.1
1787080260,64.065,64.065,64.04,64.04,64.37,63.89,,,,,,,,,,,,,,,,,,,,,,,,,,,,,,,,,,,,,,,,,,,,,,,,,,,,3781,3374.9
1787080320,64.04,64.04,64.02,64.035,64.37,63.89,,,,,,,,,,,,,,,,,,,,,,,,,,,,,,,,,,,,,,,,,,,,,,,,,,,,5473,3512.55
1787080380,64.035,64.07,64.035,64.065,64.37,63.89,,,,,,,,,,,,,,,,,,,,,,,,,,,,,,,,,,,,,,,,,,,,,,,,,,,,4115,3607.65
1787080440,64.06,64.07,64.06,64.07,64.37,63.89,,,,,,,,,,,,,,,,,,,,,,,,,,,,,,,,,,,,,,,,,,,,,,,,,,,,1432,3528.7
1787080500,64.08,64.095,64.08,64.095,64.37,63.89,,,,,,,,,,,,,,,,,,,,,,,,,,,,,,,,,,,,,,,,,,,,,,,,,,,,6769,3847.65
1787080560,64.1,64.135,64.095,64.1,64.37,63.89,,,,,,,,,,,,,,,,,,,,,,,,,,,,,,,,,,,,,,,,,,,,,,,,,,,,11138,4280.3
1787080620,64.095,64.13,64.095,64.13,64.37,63.89,,,,,,,,,,,,,,,,,,,,,,,,,,,,,,,,,,,,,,,,,,,,,,,,,,,,1026,4284.5
1787080680,64.13,64.13,64.11,64.12,64.37,63.89,,,,,,,,,,,,,,,,,,,,,,,,,,,,,,,,,,,,,,,,,,,,,,,,,,,,1961,4141.9
1787080740,64.125,64.13,64.12,64.13,64.37,63.89,,,,,,,,,,,,,,,,,,,,,,,,,,,,,,,,,,,,,,,,,,,,,,,,,,,,1654,4098.95
1787080800,64.12,64.125,64.1,64.11,64.37,63.89,,,,,,,,,,,,,,,,,,,,,,,,,,,,,,,,,,,,,,,,,,,,,,,,,,,,2349,2936.4
1787080860,64.11,64.12,64.105,64.12,64.37,63.89,,,,,,,,,,,,,,,,,,,,,,,,,,,,,,,,,,,,,,,,,,,,,,,,,,,,1488,2938.1
1787080920,64.13,64.16,64.125,64.15,64.37,63.89,,,,,,,,,,,,,,,,,,,,,,,,,,,,,,,,,,,,,,,,,,,,,,,,,,,,16152,3715.45
1787080980,64.14,64.14,64.125,64.13,64.37,63.89,,,,,,,,,,,,,,,,,,,,,,,,,,,,,,,,,,,,,,,,,,,,,,,,,,,,2959,3817.4
1787081040,64.13,64.135,64.12,64.135,64.37,63.89,,,,,,,,,,,,,,,,,,,,,,,,,,,,,,,,,,,,,,,,,,,,,,,,,,,,3072,3915.3
1787081100,64.13,64.14,64.12,64.13,64.37,63.89,,,,,,,,,,,,,,,,,,,,,,,,,,,,,,,,,,,,,,,,,,,,,,,,,,,,2238,3979.75
1787081160,64.125,64.135,64.115,64.135,64.37,63.89,,,,,,,,,,,,,,,,,,,,,,,,,,,,,,,,,,,,,,,,,,,,,,,,,,,,5388,4072
1787081220,64.135,64.14,64.13,64.135,64.37,63.89,,,,,,,,,,,,,,,,,,,,,,,,,,,,,,,,,,,,,,,,,,,,,,,,,,,,2579,4024.25
1787081280,64.13,64.13,64.1,64.11,64.37,63.89,,,,,,,,,,,,,,,,,,,,,,,,,,,,,,,,,,,,,,,,,,,,,,,,,,,,6121,4205.1
1787081340,64.12,64.125,64.1,64.1,64.37,63.89,,,,,,,,,,,,,,,,,,,,,,,,,,,,,,,,,,,,,,,,,,,,,,,,,,,,9672,4597.4
1787081400,64.1,64.11,64.07,64.095,64.37,63.89,,,,,,,,,,,,,,,,,,,,,,,,,,,,,,,,,,,,,,,,,,,,,,,,,,,,5833,4760
1787081460,64.1,64.115,64.09,64.1,64.37,63.89,,,,,,,,,,,,,,,,,,,,,,,,,,,,,,,,,,,,,,,,,,,,,,,,,,,,2793,4710.6
1787081520,64.09,64.105,64.085,64.1,64.37,63.89,,,,,,,,,,,,,,,,,,,,,,,,,,,,,,,,,,,,,,,,,,,,,,,,,,,,5535,4713.7
1787081580,64.1,64.12,64.1,64.12,64.37,63.89,,,,,,,,,,,,,,,,,,,,,,,,,,,,,,,,,,,,,,,,,,,,,,,,,,,,613,4538.6
1787081640,64.115,64.12,64.105,64.115,64.37,63.89,,,,,,,,,,,,,,,,,,,,,,,,,,,,,,,,,,,,,,,,,,,,,,,,,,,,3898,4661.9
1787081700,64.12,64.13,64.11,64.125,64.37,63.89,,,,,,,,,,,,,,,,,,,,,,,,,,,,,,,,,,,,,,,,,,,,,,,,,,,,8426,4744.75
1787081760,64.13,64.13,64.1,64.1,64.37,63.89,,,,,,,,,,,,,,,,,,,,,,,,,,,,,,,,,,,,,,,,,,,,,,,,,,,,6595,4517.6
1787081820,64.1,64.145,64.1,64.12,64.37,63.89,,,,,,,,,,,,,,,,,,,,,,,,,,,,,,,,,,,,,,,,,,,,,,,,,,,,12166,5074.6
1787081880,64.125,64.2,64.12,64.195,64.37,63.89,,,,,,,,,,,,,,,,,,,,,,,,,,,,,,,,,,,,,,,,,,,,,,,,,,,,8386,5395.85
1787081940,64.2,64.215,64.17,64.17,64.37,63.89,,,,,,,,,,,,,,,,,,,,,,,,,,,,,,,,,,,,,,,,,,,,,,,,,,,,6075,5616.9
1787082000,64.17,64.19,64.16,64.18,64.37,63.89,,,,,,,,,,,,,,,,,,,,,,,,,,,,,,,,,,,,,,,,,,,,,,,,,,,,8464,5922.65
1787082060,64.18,64.185,64.16,64.175,64.37,63.89,,,,,,,,,,,,,,,,,,,,,,,,,,,,,,,,,,,,,,,,,,,,,,,,,,,,8097,6253.1
1787082120,64.175,64.2,64.175,64.2,64.37,63.89,,,,,,,,,,,,,,,,,,,,,,,,,,,,,,,,,,,,,,,,,,,,,,,,,,,,9086,5899.8
1787082180,64.195,64.205,64.18,64.18,64.37,63.89,,,,,,,,,,,,,,,,,,,,,,,,,,,,,,,,,,,,,,,,,,,,,,,,,,,,6962,6099.95
1787082240,64.18,64.18,64.16,64.16,64.37,63.89,,,,,,,,,,,,,,,,,,,,,,,,,,,,,,,,,,,,,,,,,,,,,,,,,,,,3743,6133.5
1787082300,64.16,64.23,64.155,64.23,64.37,63.89,,,,,,,,,,,,,,,,,,,,,,,,,,,,,,,,,,,,,,,,,,,,,,,,,,,,13824,6712.8
1787082360,64.23,64.235,64.19,64.19,64.37,63.89,,,,,,,,,,,,,,,,,,,,,,,,,,,,,,,,,,,,,,,,,,,,,,,,,,,,17505,7318.65
1787082420,64.195,64.195,64.15,64.16,64.37,63.89,,,,,,,,,,,,,,,,,,,,,,,,,,,,,,,,,,,,,,,,,,,,,,,,,,,,10231,7701.25
1787082480,64.16,64.215,64.16,64.21,64.37,63.89,,,,,,,,,,,,,,,,,,,,,,,,,,,,,,,,,,,,,,,,,,,,,,,,,,,,9030,7846.7
1787082540,64.21,64.235,64.2,64.215,64.37,63.89,,,,,,,,,,,,,,,,,,,,,,,,,,,,,,,,,,,,,,,,,,,,,,,,,,,,13796,8052.9
1787082600,64.22,64.245,64.21,64.24,64.37,63.89,,,,,,,,,,,,,,,,,,,,,,,,,,,,,,,,,,,,,,,,,,,,,,,,,,,,21416,8832.05
1787082660,64.24,64.245,64.225,64.235,64.37,63.89,,,,,,,,,,,,,,,,,,,,,,,,,,,,,,,,,,,,,,,,,,,,,,,,,,,,10100,9197.4
1787082720,64.235,64.25,64.225,64.245,64.37,63.89,,,,,,,,,,,,,,,,,,,,,,,,,,,,,,,,,,,,,,,,,,,,,,,,,,,,3523,9096.8
1787082780,64.25,64.27,64.245,64.27,64.37,63.89,,,,,,,,,,,,,,,,,,,,,,,,,,,,,,,,,,,,,,,,,,,,,,,,,,,,20063,10069.3
1787082840,64.265,64.29,64.245,64.245,64.37,63.89,,,,,,,,,,,,,,,,,,,,,,,,,,,,,,,,,,,,,,,,,,,,,,,,,,,,23029,11025.85
1787082900,64.25,64.25,64.2,64.22,64.37,63.89,,,,,,,,,,,,,,,,,,,,,,,,,,,,,,,,,,,,,,,,,,,,,,,,,,,,22620,11735.55
1787082960,64.22,64.255,64.205,64.25,64.37,63.89,,,,,,,,,,,,,,,,,,,,,,,,,,,,,,,,,,,,,,,,,,,,,,,,,,,,16896,12250.6
1787083020,64.25,64.26,64.225,64.225,64.37,63.89,,,,,,,,,,,,,,,,,,,,,,,,,,,,,,,,,,,,,,,,,,,,,,,,,,,,20095,12647.05
1787083080,64.225,64.25,64.205,64.23,64.37,63.89,,,,,,,,,,,,,,,,,,,,,,,,,,,,,,,,,,,,,,,,,,,,,,,,,,,,35375,13996.5
1787083140,64.23,64.27,64.185,64.25,64.37,63.89,,,1,22,-1,1787064360000,63.88,64.37,63.89,0.480000000000004,0.044821570298799504,0.47745773324984303,0.641828428303074,2,1787064420000,2,0,,,,0,0,0,0,0,,,,0,0,0,0,0,,,,0,0,0,0,0,,,,0,0,0,0,,-1,22,95323,18458.9
1787146200,64.3,64.32,64.11,64.14,64.32,64.11,,,,,,,,,,,,,,,,,,,,,,,,,,,,,,,,,,,,,,,,,,,,,,,,,,,,50237,20547.55
1787146260,64.13,64.14,63.91,63.97,64.32,63.91,,,,,,,,,,,,,,,,,,,,,,,,,,,,,,,,,,,,,,,,,,,,,,,,,,,,39862,22135.8
1787146320,63.96,63.96,63.8,63.9,64.32,63.8,,,,,,,,,,,,,,,,,,,,,,,,,,,,,,,,,,,,,,,,,,,,,,,,,,,,21633,22763.15
1787146380,63.89,63.95,63.85,63.95,64.32,63.8,,,,,,,,,,,,,,,,,,,,,,,,,,,,,,,,,,,,,,,,,,,,,,,,,,,,5960,22713.05
1787146440,63.96,63.99,63.9,63.95,64.32,63.8,,,,,,,,,,,,,,,,,,,,,,,,,,,,,,,,,,,,,,,,,,,,,,,,,,,,17142,23383
1787146500,63.96,63.97,63.92,63.95,64.32,63.8,,,,,,,,,,,,,,,,,,,,,,,,,,,,,,,,,,,,,,,,,,,,,,,,,,,,9617,23172.65
1787146560,63.95,63.95,63.72,63.85,64.32,63.72,,,,,,,,,,,,,,,,,,,,,,,,,,,,,,,,,,,,,,,,,,,,,,,,,,,,16073,23101.05
1787146620,63.82,63.91,63.8,63.87,64.32,63.72,,,,,,,,,,,,,,,,,,,,,,,,,,,,,,,,,,,,,,,,,,,,,,,,,,,,7674,22973.2
1787146680,63.86,63.97,63.86,63.91,64.32,63.72,,,,,,,,,,,,,,,,,,,,,,,,,,,,,,,,,,,,,,,,,,,,,,,,,,,,21903,23616.85
1787146740,63.9,64.17,63.865,64.13,64.32,63.72,,,,,,,,,,,,,,,,,,,,,,,,,,,,,,,,,,,,,,,,,,,,,,,,,,,,28785,24366.3
1787146800,64.14,64.17,64.035,64.045,64.32,63.72,,,,,,,,,,,,,,,,,,,,,,,,,,,,,,,,,,,,,,,,,,,,,,,,,,,,7525,23671.75
1787146860,64.05,64.15,64.03,64.13,64.32,63.72,,,,,,,,,,,,,,,,,,,,,,,,,,,,,,,,,,,,,,,,,,,,,,,,,,,,4882,23410.85
1787146920,64.13,64.16,64.11,64.13,64.32,63.72,,,,,,,,,,,,,,,,,,,,,,,,,,,,,,,,,,,,,,,,,,,,,,,,,,,,3838,23426.6
1787146980,64.14,64.285,64.14,64.26,64.32,63.72,,,,,,,,,,,,,,,,,,,,,,,,,,,,,,,,,,,,,,,,,,,,,,,,,,,,5348,22690.85
1787147040,64.24,64.3,64.2,64.26,64.32,63.72,,,,,,,,,,,,,,,,,,,,,,,,,,,,,,,,,,,,,,,,,,,,,,,,,,,,8021,21940.45
1787147100,64.27,64.31,64.22,64.24,64.32,63.72,,,,,,,,,,,,,,,,,,,,,,,,,,,,,,,,,,,,,,,,,,,,,,,,,,,,8257,21222.3
1787147160,64.24,64.24,64.09,64.1,64.32,63.72,,,,,,,,,,,,,,,,,,,,,,,,,,,,,,,,,,,,,,,,,,,,,,,,,,,,8070,20781
1787147220,64.09,64.09,63.96,63.96,64.32,63.72,,,,,,,,,,,,,,,,,,,,,,,,,,,,,,,,,,,,,,,,,,,,,,,,,,,,5962,20074.35
1787147280,63.95,63.96,63.805,63.805,64.32,63.72,,,,,,,,,,,,,,,,,,,,,,,,,,,,,,,,,,,,,,,,,,,,,,,,,,,,17570,19184.1
1787147340,63.81,63.89,63.795,63.85,64.32,63.72,,,,,,,,,,,,,,,,,,,,,,,,,,,,,,,,,,,,,,,,,,,,,,,,,,,,17814,15308.65
1787147400,63.86,63.91,63.825,63.905,64.32,63.72,,,,,,,,,,,,,,,,,,,,,,,,,,,,,,,,,,,,,,,,,,,,,,,,,,,,5017,13047.65
1787147460,63.91,63.93,63.86,63.91,64.32,63.72,,,,,,,,,,,,,,,,,,,,,,,,,,,,,,,,,,,,,,,,,,,,,,,,,,,,5343,11321.7
1787147520,63.91,63.93,63.89,63.92,64.32,63.72,,,,,,,,,,,,,,,,,,,,,,,,,,,,,,,,,,,,,,,,,,,,,,,,,,,,5065,10493.3
1787147580,63.92,63.94,63.89,63.92,64.32,63.72,,,,,,,,,,,,,,,,,,,,,,,,,,,,,,,,,,,,,,,,,,,,,,,,,,,,6572,10523.9
1787147640,63.92,63.97,63.85,63.96,64.32,63.72,,,,,,,,,,,,,,,,,,,,,,,,,,,,,,,,,,,,,,,,,,,,,,,,,,,,13367,10335.15
1787147700,63.97,64.07,63.925,64.06,64.32,63.72,,,,,,,,,,,,,,,,,,,,,,,,,,,,,,,,,,,,,,,,,,,,,,,,,,,,4493,10078.95
1787147760,64.06,64.15,64.06,64.14,64.32,63.72,,,,,,,,,,,,,,,,,,,,,,,,,,,,,,,,,,,,,,,,,,,,,,,,,,,,6182,9584.4
1787147820,64.12,64.15,64.1,64.13,64.32,63.72,,,,,,,,,,,,,,,,,,,,,,,,,,,,,,,,,,,,,,,,,,,,,,,,,,,,2778,9339.6
1787147880,64.135,64.155,64.05,64.05,64.32,63.72,,,,,,,,,,,,,,,,,,,,,,,,,,,,,,,,,,,,,,,,,,,,,,,,,,,,3932,8441.05
1787147940,64.045,64.09,64.045,64.09,64.32,63.72,,,,,,,,,,,,,,,,,,,,,,,,,,,,,,,,,,,,,,,,,,,,,,,,,,,,4789,7241.25
1787148000,64.095,64.12,64.06,64.11,64.32,63.72,,,,,,,,,,,,,,,,,,,,,,,,,,,,,,,,,,,,,,,,,,,,,,,,,,,,5188,7124.4
1787148060,64.12,64.15,64.09,64.14,64.32,63.72,,,,,,,,,,,,,,,,,,,,,,,,,,,,,,,,,,,,,,,,,,,,,,,,,,,,4937,7127.15
1787148120,64.14,64.14,64.055,64.055,64.32,63.72,,,,,,,,,,,,,,,,,,,,,,,,,,,,,,,,,,,,,,,,,,,,,,,,,,,,2528,7061.65
1787148180,64.07,64.09,64.05,64.05,64.32,63.72,,,,,,,,,,,,,,,,,,,,,,,,,,,,,,,,,,,,,,,,,,,,,,,,,,,,3227,6955.6
1787148240,64.06,64.145,64.06,64.14,64.32,63.72,,,,,,,,,,,,,,,,,,,,,,,,,,,,,,,,,,,,,,,,,,,,,,,,,,,,6898,6899.45
1787148300,64.125,64.16,64.06,64.07,64.32,63.72,,,,,,,,,,,,,,,,,,,,,,,,,,,,,,,,,,,,,,,,,,,,,,,,,,,,3157,6644.45
1787148360,64.075,64.12,64.075,64.075,64.32,63.72,,,,,,,,,,,,,,,,,,,,,,,,,,,,,,,,,,,,,,,,,,,,,,,,,,,,4278,6454.85
1787148420,64.08,64.1,64.07,64.09,64.32,63.72,,,,,,,,,,,,,,,,,,,,,,,,,,,,,,,,,,,,,,,,,,,,,,,,,,,,4101,6361.8
1787148480,64.08,64.095,64.02,64.045,64.32,63.72,,,,,,,,,,,,,,,,,,,,,,,,,,,,,,,,,,,,,,,,,,,,,,,,,,,,2179,5592.25
1787148540,64.04,64.05,63.995,64.04,64.32,63.72,,,,,,,,,,,,,,,,,,,,,,,,,,,,,,,,,,,,,,,,,,,,,,,,,,,,4070,4905.05
1787148600,64.04,64.105,64.025,64.1,64.32,63.72,,,,,,,,,,,,,,,,,,,,,,,,,,,,,,,,,,,,,,,,,,,,,,,,,,,,3639,4836.15
1787148660,64.1,64.11,64.03,64.035,64.32,63.72,,,,,,,,,,,,,,,,,,,,,,,,,,,,,,,,,,,,,,,,,,,,,,,,,,,,4005,4769.25
1787148720,64.035,64.115,64.035,64.05,64.32,63.72,,,,,,,,,,,,,,,,,,,,,,,,,,,,,,,,,,,,,,,,,,,,,,,,,,,,4482,4740.1
1787148780,64.055,64.07,64.025,64.04,64.32,63.72,,,,,,,,,,,,,,,,,,,,,,,,,,,,,,,,,,,,,,,,,,,,,,,,,,,,3486,4585.8
1787148840,64.035,64.07,63.95,63.955,64.32,63.72,,,,,,,,,,,,,,,,,,,,,,,,,,,,,,,,,,,,,,,,,,,,,,,,,,,,4448,4139.85
1787148900,63.95,63.95,63.86,63.88,64.32,63.72,,,,,,,,,,,,,,,,,,,,,,,,,,,,,,,,,,,,,,,,,,,,,,,,,,,,19364,4883.4
1787148960,63.89,63.95,63.89,63.93,64.32,63.72,,,,,,,,,,,,,,,,,,,,,,,,,,,,,,,,,,,,,,,,,,,,,,,,,,,,8417,4995.15
1787149020,63.94,63.97,63.93,63.95,64.32,63.72,,,,,,,,,,,,,,,,,,,,,,,,,,,,,,,,,,,,,,,,,,,,,,,,,,,,3517,5032.1
1787149080,63.95,64,63.935,64,64.32,63.72,,,,,,,,,,,,,,,,,,,,,,,,,,,,,,,,,,,,,,,,,,,,,,,,,,,,4236,5047.3
1787149140,63.99,64.02,63.96,63.99,64.32,63.72,,,,,,,,,,,,,,,,,,,,,,,,,,,,,,,,,,,,,,,,,,,,,,,,,,,,4904,5053.05
1787149200,64.01,64.015,63.985,64,64.32,63.72,,,,,,,,,,,,,,,,,,,,,,,,,,,,,,,,,,,,,,,,,,,,,,,,,,,,3026,4944.95
1787149260,64.02,64.03,63.935,63.955,64.32,63.72,,,,,,,,,,,,,,,,,,,,,,,,,,,,,,,,,,,,,,,,,,,,,,,,,,,,17876,5591.9
1787149320,63.96,63.96,63.905,63.905,64.32,63.72,,,,,,,,,,,,,,,,,,,,,,,,,,,,,,,,,,,,,,,,,,,,,,,,,,,,4694,5700.2
1787149380,63.9,63.92,63.88,63.9,64.32,63.72,,,,,,,,,,,,,,,,,,,,,,,,,,,,,,,,,,,,,,,,,,,,,,,,,,,,2804,5679.05
1787149440,63.91,63.97,63.91,63.96,64.32,63.72,,,,,,,,,,,,,,,,,,,,,,,,,,,,,,,,,,,,,,,,,,,,,,,,,,,,4003,5534.3
1787149500,63.96,63.96,63.87,63.89,64.32,63.72,,,,,,,,,,,,,,,,,,,,,,,,,,,,,,,,,,,,,,,,,,,,,,,,,,,,6156,5684.25
1787149560,63.89,63.94,63.87,63.94,64.32,63.72,,,,,,,,,,,,,,,,,,,,,,,,,,,,,,,,,,,,,,,,,,,,,,,,,,,,2801,5610.4
1787149620,63.92,63.935,63.875,63.9,64.32,63.72,,,,,,,,,,,,,,,,,,,,,,,,,,,,,,,,,,,,,,,,,,,,,,,,,,,,5954,5703.05
1787149680,63.9,63.91,63.89,63.89,64.32,63.72,,,,,,,,,,,,,,,,,,,,,,,,,,,,,,,,,,,,,,,,,,,,,,,,,,,,2280,5708.1
1787149740,63.89,63.9,63.825,63.825,64.32,63.72,,,,,,,,,,,,,,,,,,,,,,,,,,,,,,,,,,,,,,,,,,,,,,,,,,,,2196,5614.4
1787149800,63.83,63.845,63.78,63.8,64.32,63.72,,,,,,,,,,,,,,,,,,,,,,,,,,,,,,,,,,,,,,,,,,,,,,,,,,,,4096,5637.25
1787149860,63.79,63.805,63.775,63.79,64.32,63.72,,,,,,,,,,,,,,,,,,,,,,,,,,,,,,,,,,,,,,,,,,,,,,,,,,,,6449,5759.45
1787149920,63.78,63.81,63.71,63.71,64.32,63.72,,,,,,,,,,,,,,,,,,,,,,,,,,,,,,,,,,,,,,,,,,,,,,,,,,,,8102,5940.45
1787149980,63.72,63.815,63.705,63.815,64.32,63.72,,,,,,,,,,,,,,,,,,,,,,,,,,,,,,,,,,,,,,,,,,,,,,,,,,,,4791,6005.7
1787150040,63.815,63.815,63.8,63.8,64.32,63.72,,,,,,,,,,,,,,,,,,,,,,,,,,,,,,,,,,,,,,,,,,,,,,,,,,,,3091,5937.85
1787150100,63.81,63.87,63.81,63.87,64.32,63.72,,,,,,,,,,,,,,,,,,,,,,,,,,,,,,,,,,,,,,,,,,,,,,,,,,,,2830,5111.15
1787150160,63.87,63.88,63.835,63.84,64.32,63.72,,,,,,,,,,,,,,,,,,,,,,,,,,,,,,,,,,,,,,,,,,,,,,,,,,,,4508,4915.7
1787150220,63.845,63.85,63.83,63.85,64.32,63.72,,,,,,,,,,,,,,,,,,,,,,,,,,,,,,,,,,,,,,,,,,,,,,,,,,,,837,4781.7
1787150280,63.85,63.885,63.85,63.85,64.32,63.72,,,,,,,,,,,,,,,,,,,,,,,,,,,,,,,,,,,,,,,,,,,,,,,,,,,,2487,4694.25
1787150340,63.84,63.87,63.83,63.87,64.32,63.72,,,,,,,,,,,,,,,,,,,,,,,,,,,,,,,,,,,,,,,,,,,,,,,,,,,,3284,4613.25
1787150400,63.87,63.88,63.85,63.87,64.32,63.72,,,,,,,,,,,,,,,,,,,,,,,,,,,,,,,,,,,,,,,,,,,,,,,,,,,,3498,4636.85
1787150460,63.865,63.865,63.805,63.81,64.32,63.72,,,,,,,,,,,,,,,,,,,,,,,,,,,,,,,,,,,,,,,,,,,,,,,,,,,,3612,3923.65
1787150520,63.825,63.825,63.785,63.79,64.32,63.72,,,,,,,,,,,,,,,,,,,,,,,,,,,,,,,,,,,,,,,,,,,,,,,,,,,,1601,3769
1787150580,63.78,63.78,63.76,63.765,64.32,63.72,,,,,,,,,,,,,,,,,,,,,,,,,,,,,,,,,,,,,,,,,,,,,,,,,,,,2729,3765.25
1787150640,63.77,63.78,63.735,63.76,64.32,63.72,,,,,,,,,,,,,,,,,,,,,,,,,,,,,,,,,,,,,,,,,,,,,,,,,,,,4738,3802
1787150700,63.75,63.75,63.72,63.745,64.32,63.72,,,,,,,,,,,,,,,,,,,,,,,,,,,,,,,,,,,,,,,,,,,,,,,,,,,,4748,3731.6
1787150760,63.74,63.74,63.625,63.64,64.32,63.72,,,,,,,,,,,,,,,,,,,,,,,,,,,,,,,,,,,,,,,,,,,,,,,,,,,,15124,4347.75
1787150820,63.64,63.65,63.59,63.65,64.32,63.72,,,,,,,,,,,,,,,,,,,,,,,,,,,,,,,,,,,,,,,,,,,,,,,,,,,,10320,4566.05
1787150880,63.64,63.65,63.62,63.65,64.32,63.72,,,,,,,,,,,,,,,,,,,,,,,,,,,,,,,,,,,,,,,,,,,,,,,,,,,,1720,4538.05
1787150940,63.63,63.63,63.56,63.565,64.32,63.72,,,,,,,,,,,,,,,,,,,,,,,,,,,,,,,,,,,,,,,,,,,,,,,,,,,,6863,4771.4
1787151000,63.56,63.57,63.5,63.5,64.32,63.72,,,,,,,,,,,,,,,,,,,,,,,,,,,,,,,,,,,,,,,,,,,,,,,,,,,,6772,4905.2
1787151060,63.495,63.495,63.445,63.455,64.32,63.72,,,,,,,,,,,,,,,,,,,,,,,,,,,,,,,,,,,,,,,,,,,,,,,,,,,,4201,4792.8
1787151120,63.46,63.55,63.45,63.55,64.32,63.72,,,,,,,,,,,,,,,,,,,,,,,,,,,,,,,,,,,,,,,,,,,,,,,,,,,,6652,4720.3
1787151180,63.53,63.545,63.485,63.51,64.32,63.72,,,,,,,,,,,,,,,,,,,,,,,,,,,,,,,,,,,,,,,,,,,,,,,,,,,,6535,4807.5
1787151240,63.49,63.5,63.365,63.365,64.32,63.72,,,,,,,,,,,,,,,,,,,,,,,,,,,,,,,,,,,,,,,,,,,,,,,,,,,,16329,5469.4
1787151300,63.36,63.37,63.315,63.36,64.32,63.72,,,,,,,,,,,,,,,,,,,,,,,,,,,,,,,,,,,,,,,,,,,,,,,,,,,,67260,8690.9
1787151360,63.37,63.39,63.35,63.365,64.32,63.72,,,,,,,,,,,,,,,,,,,,,,,,,,,,,,,,,,,,,,,,,,,,,,,,,,,,5680,8749.5
1787151420,63.365,63.42,63.355,63.4,64.32,63.72,,,,,,,,,,,,,,,,,,,,,,,,,,,,,,,,,,,,,,,,,,,,,,,,,,,,5963,9005.8
1787151480,63.39,63.445,63.385,63.435,64.32,63.72,,,,,,,,,,,,,,,,,,,,,,,,,,,,,,,,,,,,,,,,,,,,,,,,,,,,4481,9105.5
1787151540,63.42,63.485,63.42,63.455,64.32,63.72,,,,,,,,,,,,,,,,,,,,,,,,,,,,,,,,,,,,,,,,,,,,,,,,,,,,8671,9374.85
1787151600,63.455,63.48,63.405,63.425,64.32,63.72,,,,,,,,,,,,,,,,,,,,,,,,,,,,,,,,,,,,,,,,,,,,,,,,,,,,12185,9809.2
1787151660,63.42,63.5,63.405,63.48,64.32,63.72,,,,,,,,,,,,,,,,,,,,,,,,,,,,,,,,,,,,,,,,,,,,,,,,,,,,7082,9982.7
1787151720,63.49,63.505,63.46,63.46,64.32,63.72,,,,,,,,,,,,,,,,,,,,,,,,,,,,,,,,,,,,,,,,,,,,,,,,,,,,5476,10176.45
1787151780,63.46,63.51,63.46,63.51,64.32,63.72,,,,,,,,,,,,,,,,,,,,,,,,,,,,,,,,,,,,,,,,,,,,,,,,,,,,4951,10287.55
1787151840,63.52,63.58,63.51,63.575,64.32,63.72,,,,,,,,,,,,,,,,,,,,,,,,,,,,,,,,,,,,,,,,,,,,,,,,,,,,8139,10457.6
1787151900,63.565,63.59,63.515,63.515,64.32,63.72,,,,,,,,,,,,,,,,,,,,,,,,,,,,,,,,,,,,,,,,,,,,,,,,,,,,3679,10404.15
1787151960,63.52,63.53,63.455,63.455,64.32,63.72,,,,,,,,,,,,,,,,,,,,,,,,,,,,,,,,,,,,,,,,,,,,,,,,,,,,8594,10077.65
1787152020,63.45,63.45,63.38,63.385,64.32,63.72,,,,,,,,,,,,,,,,,,,,,,,,,,,,,,,,,,,,,,,,,,,,,,,,,,,,9111,10017.2
1787152080,63.38,63.425,63.38,63.425,64.32,63.72,,,,,,,,,,,,,,,,,,,,,,,,,,,,,,,,,,,,,,,,,,,,,,,,,,,,5522,10207.3
1787152140,63.42,63.45,63.36,63.36,64.32,63.72,,,,,,,,,,,,,,,,,,,,,,,,,,,,,,,,,,,,,,,,,,,,,,,,,,,,8248,10276.55
1787152200,63.36,63.46,63.325,63.41,64.32,63.72,,,,,,,,,,,,,,,,,,,,,,,,,,,,,,,,,,,,,,,,,,,,,,,,,,,,12665,10571.2
1787152260,63.415,63.5,63.415,63.495,64.32,63.72,,,,,,,,,,,,,,,,,,,,,,,,,,,,,,,,,,,,,,,,,,,,,,,,,,,,4941,10608.2
1787152320,63.49,63.56,63.49,63.56,64.32,63.72,,,,,,,,,,,,,,,,,,,,,,,,,,,,,,,,,,,,,,,,,,,,,,,,,,,,9769,10764.05
1787152380,63.555,63.56,63.505,63.51,64.32,63.72,,,,,,,,,,,,,,,,,,,,,,,,,,,,,,,,,,,,,,,,,,,,,,,,,,,,4157,10645.15
1787152440,63.515,63.52,63.475,63.48,64.32,63.72,,,,,,,,,,,,,,,,,,,,,,,,,,,,,,,,,,,,,,,,,,,,,,,,,,,,5148,10086.1
1787152500,63.47,63.47,63.4,63.42,64.32,63.72,,,,,,,,,,,,,,,,,,,,,,,,,,,,,,,,,,,,,,,,,,,,,,,,,,,,3376,6891.9
1787152560,63.415,63.43,63.415,63.42,64.32,63.72,,,,,,,,,,,,,,,,,,,,,,,,,,,,,,,,,,,,,,,,,,,,,,,,,,,,2958,6755.8
1787152620,63.43,63.43,63.31,63.33,64.32,63.72,,,,,,,,,,,,,,,,,,,,,,,,,,,,,,,,,,,,,,,,,,,,,,,,,,,,33465,8130.9
1787152680,63.33,63.395,63.33,63.345,64.32,63.72,,,,,,,,,,,,,,,,,,,,,,,,,,,,,,,,,,,,,,,,,,,,,,,,,,,,7133,8263.5
1787152740,63.35,63.35,63.26,63.26,64.32,63.72,,,,,,,,,,,,,,,,,,,,,,,,,,,,,,,,,,,,,,,,,,,,,,,,,,,,10043,8332.1
1787152800,63.26,63.29,63.255,63.275,64.32,63.72,,,,,,,,,,,,,,,,,,,,,,,,,,,,,,,,,,,,,,,,,,,,,,,,,,,,6391,8042.4
1787152860,63.29,63.35,63.27,63.33,64.32,63.72,,,,,,,,,,,,,,,,,,,,,,,,,,,,,,,,,,,,,,,,,,,,,,,,,,,,4651,7920.85
1787152920,63.33,63.36,63.325,63.36,64.32,63.72,,,,,,,,,,,,,,,,,,,,,,,,,,,,,,,,,,,,,,,,,,,,,,,,,,,,2755,7784.8
1787152980,63.355,63.37,63.345,63.345,64.32,63.72,,,,,,,,,,,,,,,,,,,,,,,,,,,,,,,,,,,,,,,,,,,,,,,,,,,,3180,7696.25
1787153040,63.34,63.34,63.27,63.27,64.32,63.72,,,,,,,,,,,,,,,,,,,,,,,,,,,,,,,,,,,,,,,,,,,,,,,,,,,,6355,7607.05
1787153100,63.26,63.285,63.25,63.27,64.32,63.72,,,,,,,,,,,,,,,,,,,,,,,,,,,,,,,,,,,,,,,,,,,,,,,,,,,,5616,7703.9
1787153160,63.27,63.3,63.27,63.295,64.32,63.72,,,,,,,,,,,,,,,,,,,,,,,,,,,,,,,,,,,,,,,,,,,,,,,,,,,,3281,7438.25
1787153220,63.295,63.325,63.29,63.325,64.32,63.72,,,,,,,,,,,,,,,,,,,,,,,,,,,,,,,,,,,,,,,,,,,,,,,,,,,,3873,7176.35
1787153280,63.325,63.34,63.28,63.285,64.32,63.72,,,,,,,,,,,,,,,,,,,,,,,,,,,,,,,,,,,,,,,,,,,,,,,,,,,,4406,7120.55
1787153340,63.27,63.27,63.24,63.24,64.32,63.72,,,,,,,,,,,,,,,,,,,,,,,,,,,,,,,,,,,,,,,,,,,,,,,,,,,,3433,6879.8
1787153400,63.25,63.31,63.24,63.31,64.32,63.72,,,,,,,,,,,,,,,,,,,,,,,,,,,,,,,,,,,,,,,,,,,,,,,,,,,,4893,6491.2
1787153460,63.31,63.33,63.3,63.33,64.32,63.72,,,,,,,,,,,,,,,,,,,,,,,,,,,,,,,,,,,,,,,,,,,,,,,,,,,,692,6278.75
1787153520,63.33,63.33,63.275,63.275,64.32,63.72,,,,,,,,,,,,,,,,,,,,,,,,,,,,,,,,,,,,,,,,,,,,,,,,,,,,3927,5986.65
1787153580,63.27,63.27,63.235,63.25,64.32,63.72,,,,,,,,,,,,,,,,,,,,,,,,,,,,,,,,,,,,,,,,,,,,,,,,,,,,4230,5990.3
1787153640,63.25,63.25,63.185,63.215,64.32,63.72,,,,,,,,,,,,,,,,,,,,,,,,,,,,,,,,,,,,,,,,,,,,,,,,,,,,13866,6426.2
1787153700,63.215,63.265,63.205,63.255,64.32,63.72,,,,,,,,,,,,,,,,,,,,,,,,,,,,,,,,,,,,,,,,,,,,,,,,,,,,2301,6372.45
1787153760,63.26,63.28,63.26,63.265,64.32,63.72,,,,,,,,,,,,,,,,,,,,,,,,,,,,,,,,,,,,,,,,,,,,,,,,,,,,854,6267.25
1787153820,63.25,63.27,63.23,63.23,64.32,63.72,,,,,,,,,,,,,,,,,,,,,,,,,,,,,,,,,,,,,,,,,,,,,,,,,,,,1892,4688.6
1787153880,63.24,63.275,63.21,63.21,64.32,63.72,,,,,,,,,,,,,,,,,,,,,,,,,,,,,,,,,,,,,,,,,,,,,,,,,,,,2907,4477.3
1787153940,63.21,63.21,63.155,63.185,64.32,63.72,,,,,,,,,,,,,,,,,,,,,,,,,,,,,,,,,,,,,,,,,,,,,,,,,,,,5677,4259
1787154000,63.18,63.21,63.13,63.13,64.32,63.72,,,,,,,,,,,,,,,,,,,,,,,,,,,,,,,,,,,,,,,,,,,,,,,,,,,,5001,4189.5
1787154060,63.13,63.165,63.13,63.165,64.32,63.72,,,,,,,,,,,,,,,,,,,,,,,,,,,,,,,,,,,,,,,,,,,,,,,,,,,,1786,4046.25
1787154120,63.16,63.21,63.155,63.21,64.32,63.72,,,,,,,,,,,,,,,,,,,,,,,,,,,,,,,,,,,,,,,,,,,,,,,,,,,,2179,4017.45
1787154180,63.2,63.2,63.135,63.135,64.32,63.72,,,,,,,,,,,,,,,,,,,,,,,,,,,,,,,,,,,,,,,,,,,,,,,,,,,,2920,4004.45
1787154240,63.13,63.19,63.12,63.19,64.32,63.72,,,,,,,,,,,,,,,,,,,,,,,,,,,,,,,,,,,,,,,,,,,,,,,,,,,,2991,3836.25
1787154300,63.19,63.23,63.185,63.23,64.32,63.72,,,,,,,,,,,,,,,,,,,,,,,,,,,,,,,,,,,,,,,,,,,,,,,,,,,,5998,3855.35
1787154360,63.22,63.26,63.22,63.24,64.32,63.72,,,,,,,,,,,,,,,,,,,,,,,,,,,,,,,,,,,,,,,,,,,,,,,,,,,,5144,3948.5
1787154420,63.23,63.23,63.2,63.205,64.32,63.72,,,,,,,,,,,,,,,,,,,,,,,,,,,,,,,,,,,,,,,,,,,,,,,,,,,,1983,3854
1787154480,63.205,63.245,63.2,63.245,64.32,63.72,,,,,,,,,,,,,,,,,,,,,,,,,,,,,,,,,,,,,,,,,,,,,,,,,,,,2464,3756.9
1787154540,63.25,63.25,63.2,63.21,64.32,63.72,,,,,,,,,,,,,,,,,,,,,,,,,,,,,,,,,,,,,,,,,,,,,,,,,,,,3337,3752.1
1787154600,63.21,63.255,63.21,63.25,64.32,63.72,,,,,,,,,,,,,,,,,,,,,,,,,,,,,,,,,,,,,,,,,,,,,,,,,,,,870,3550.95
1787154660,63.25,63.28,63.25,63.265,64.32,63.72,,,,,,,,,,,,,,,,,,,,,,,,,,,,,,,,,,,,,,,,,,,,,,,,,,,,1651,3598.9
1787154720,63.26,63.26,63.23,63.245,64.32,63.72,,,,,,,,,,,,,,,,,,,,,,,,,,,,,,,,,,,,,,,,,,,,,,,,,,,,3116,3558.35
1787154780,63.235,63.235,63.205,63.21,64.32,63.72,,,,,,,,,,,,,,,,,,,,,,,,,,,,,,,,,,,,,,,,,,,,,,,,,,,,2987,3496.2
1787154840,63.2,63.2,63.165,63.165,64.32,63.72,,,,,,,,,,,,,,,,,,,,,,,,,,,,,,,,,,,,,,,,,,,,,,,,,,,,5656,3085.7
1787154900,63.16,63.19,63.145,63.165,64.32,63.72,,,,,,,,,,,,,,,,,,,,,,,,,,,,,,,,,,,,,,,,,,,,,,,,,,,,4388,3190.05
1787154960,63.16,63.235,63.16,63.225,64.32,63.72,,,,,,,,,,,,,,,,,,,,,,,,,,,,,,,,,,,,,,,,,,,,,,,,,,,,6907,3492.7
1787155020,63.225,63.225,63.195,63.22,64.32,63.72,,,,,,,,,,,,,,,,,,,,,,,,,,,,,,,,,,,,,,,,,,,,,,,,,,,,1367,3466.45
1787155080,63.225,63.23,63.215,63.225,64.32,63.72,,,,,,,,,,,,,,,,,,,,,,,,,,,,,,,,,,,,,,,,,,,,,,,,,,,,5996,3620.9
1787155140,63.23,63.26,63.23,63.24,64.32,63.72,,,,,,,,,,,,,,,,,,,,,,,,,,,,,,,,,,,,,,,,,,,,,,,,,,,,3363,3505.2
1787155200,63.24,63.255,63.215,63.25,64.32,63.72,,,,,,,,,,,,,,,,,,,,,,,,,,,,,,,,,,,,,,,,,,,,,,,,,,,,1952,3352.75
1787155260,63.245,63.265,63.24,63.255,64.32,63.72,,,,,,,,,,,,,,,,,,,,,,,,,,,,,,,,,,,,,,,,,,,,,,,,,,,,3258,3426.35
1787155320,63.255,63.305,63.235,63.305,64.32,63.72,,,,,,,,,,,,,,,,,,,,,,,,,,,,,,,,,,,,,,,,,,,,,,,,,,,,2969,3465.85
1787155380,63.31,63.34,63.305,63.34,64.32,63.72,,,,,,,,,,,,,,,,,,,,,,,,,,,,,,,,,,,,,,,,,,,,,,,,,,,,1918,3415.75
1787155440,63.35,63.42,63.35,63.4,64.32,63.72,,,,,,,,,,,,,,,,,,,,,,,,,,,,,,,,,,,,,,,,,,,,,,,,,,,,4093,3470.85
1787155500,63.4,63.41,63.36,63.36,64.32,63.72,,,,,,,,,,,,,,,,,,,,,,,,,,,,,,,,,,,,,,,,,,,,,,,,,,,,3722,3357.05
1787155560,63.35,63.36,63.335,63.36,64.32,63.72,,,,,,,,,,,,,,,,,,,,,,,,,,,,,,,,,,,,,,,,,,,,,,,,,,,,950,3147.35
1787155620,63.36,63.38,63.355,63.375,64.32,63.72,,,,,,,,,,,,,,,,,,,,,,,,,,,,,,,,,,,,,,,,,,,,,,,,,,,,1125,3104.45
1787155680,63.38,63.4,63.37,63.37,64.32,63.72,,,,,,,,,,,,,,,,,,,,,,,,,,,,,,,,,,,,,,,,,,,,,,,,,,,,1213,3041.9
1787155740,63.37,63.395,63.37,63.39,64.32,63.72,,,,,,,,,,,,,,,,,,,,,,,,,,,,,,,,,,,,,,,,,,,,,,,,,,,,1722,2961.15
1787155800,63.395,63.45,63.385,63.445,64.32,63.72,,,,,,,,,,,,,,,,,,,,,,,,,,,,,,,,,,,,,,,,,,,,,,,,,,,,1961,3015.7
1787155860,63.445,63.46,63.435,63.46,64.32,63.72,,,,,,,,,,,,,,,,,,,,,,,,,,,,,,,,,,,,,,,,,,,,,,,,,,,,3237,3095
1787155920,63.46,63.49,63.46,63.49,64.32,63.72,,,,,,,,,,,,,,,,,,,,,,,,,,,,,,,,,,,,,,,,,,,,,,,,,,,,854,2981.9
1787155980,63.49,63.49,63.485,63.49,64.32,63.72,,,,,,,,,,,,,,,,,,,,,,,,,,,,,,,,,,,,,,,,,,,,,,,,,,,,915,2878.3
1787156040,63.48,63.48,63.425,63.43,64.32,63.72,,,,,,,,,,,,,,,,,,,,,,,,,,,,,,,,,,,,,,,,,,,,,,,,,,,,731,2632.05
1787156100,63.42,63.425,63.405,63.41,64.32,63.72,,,,,,,,,,,,,,,,,,,,,,,,,,,,,,,,,,,,,,,,,,,,,,,,,,,,2933,2559.3
1787156160,63.4,63.4,63.375,63.39,64.32,63.72,,,,,,,,,,,,,,,,,,,,,,,,,,,,,,,,,,,,,,,,,,,,,,,,,,,,676,2247.75
1787156220,63.39,63.39,63.36,63.365,64.32,63.72,,,,,,,,,,,,,,,,,,,,,,,,,,,,,,,,,,,,,,,,,,,,,,,,,,,,1169,2237.85
1787156280,63.36,63.365,63.345,63.35,64.32,63.72,,,,,,,,,,,,,,,,,,,,,,,,,,,,,,,,,,,,,,,,,,,,,,,,,,,,2643,2070.2
1787156340,63.36,63.37,63.355,63.37,64.32,63.72,,,,,,,,,,,,,,,,,,,,,,,,,,,,,,,,,,,,,,,,,,,,,,,,,,,,623,1933.2
1787156400,63.37,63.385,63.365,63.37,64.32,63.72,,,,,,,,,,,,,,,,,,,,,,,,,,,,,,,,,,,,,,,,,,,,,,,,,,,,1201,1895.65
1787156460,63.37,63.37,63.335,63.35,64.32,63.72,,,,,,,,,,,,,,,,,,,,,,,,,,,,,,,,,,,,,,,,,,,,,,,,,,,,944,1779.95
1787156520,63.355,63.37,63.345,63.35,64.32,63.72,,,,,,,,,,,,,,,,,,,,,,,,,,,,,,,,,,,,,,,,,,,,,,,,,,,,1461,1704.55
1787156580,63.33,63.35,63.325,63.335,64.32,63.72,,,,,,,,,,,,,,,,,,,,,,,,,,,,,,,,,,,,,,,,,,,,,,,,,,,,1414,1679.35
1787156640,63.34,63.35,63.34,63.35,64.32,63.72,,,,,,,,,,,,,,,,,,,,,,,,,,,,,,,,,,,,,,,,,,,,,,,,,,,,2272,1588.3
1787156700,63.35,63.365,63.34,63.34,64.32,63.72,,,,,,,,,,,,,,,,,,,,,,,,,,,,,,,,,,,,,,,,,,,,,,,,,,,,1163,1460.35
1787156760,63.335,63.39,63.335,63.39,64.32,63.72,,,,,,,,,,,,,,,,,,,,,,,,,,,,,,,,,,,,,,,,,,,,,,,,,,,,3116,1568.65
1787156820,63.39,63.405,63.375,63.375,64.32,63.72,,,,,,,,,,,,,,,,,,,,,,,,,,,,,,,,,,,,,,,,,,,,,,,,,,,,2008,1612.8
1787156880,63.37,63.375,63.35,63.35,64.32,63.72,,,,,,,,,,,,,,,,,,,,,,,,,,,,,,,,,,,,,,,,,,,,,,,,,,,,1255,1614.9
1787156940,63.34,63.34,63.29,63.29,64.32,63.72,,,,,,,,,,,,,,,,,,,,,,,,,,,,,,,,,,,,,,,,,,,,,,,,,,,,4506,1754.1
1787157000,63.29,63.29,63.27,63.28,64.32,63.72,,,,,,,,,,,,,,,,,,,,,,,,,,,,,,,,,,,,,,,,,,,,,,,,,,,,1288,1720.45
1787157060,63.29,63.3,63.265,63.265,64.32,63.72,,,,,,,,,,,,,,,,,,,,,,,,,,,,,,,,,,,,,,,,,,,,,,,,,,,,528,1585
1787157120,63.27,63.305,63.26,63.305,64.32,63.72,,,,,,,,,,,,,,,,,,,,,,,,,,,,,,,,,,,,,,,,,,,,,,,,,,,,3411,1712.85
1787157180,63.305,63.32,63.305,63.31,64.32,63.72,,,,,,,,,,,,,,,,,,,,,,,,,,,,,,,,,,,,,,,,,,,,,,,,,,,,1376,1735.9
1787157240,63.31,63.33,63.29,63.33,64.32,63.72,,,,,,,,,,,,,,,,,,,,,,,,,,,,,,,,,,,,,,,,,,,,,,,,,,,,1410,1769.85
1787157300,63.32,63.32,63.28,63.28,64.32,63.72,,,,,,,,,,,,,,,,,,,,,,,,,,,,,,,,,,,,,,,,,,,,,,,,,,,,2798,1763.1
1787157360,63.27,63.28,63.26,63.28,64.32,63.72,,,,,,,,,,,,,,,,,,,,,,,,,,,,,,,,,,,,,,,,,,,,,,,,,,,,887,1773.65
1787157420,63.28,63.295,63.275,63.29,64.32,63.72,,,,,,,,,,,,,,,,,,,,,,,,,,,,,,,,,,,,,,,,,,,,,,,,,,,,786,1754.5
1787157480,63.29,63.3,63.29,63.29,64.32,63.72,,,,,,,,,,,,,,,,,,,,,,,,,,,,,,,,,,,,,,,,,,,,,,,,,,,,256,1635.15
1787157540,63.28,63.31,63.27,63.29,64.32,63.72,,,,,,,,,,,,,,,,,,,,,,,,,,,,,,,,,,,,,,,,,,,,,,,,,,,,2287,1718.35
1787157600,63.295,63.3,63.285,63.3,64.32,63.72,,,,,,,,,,,,,,,,,,,,,,,,,,,,,,,,,,,,,,,,,,,,,,,,,,,,641,1690.35
1787157660,63.3,63.305,63.29,63.3,64.32,63.72,,,,,,,,,,,,,,,,,,,,,,,,,,,,,,,,,,,,,,,,,,,,,,,,,,,,1424,1714.35
1787157720,63.3,63.305,63.285,63.295,64.32,63.72,,,,,,,,,,,,,,,,,,,,,,,,,,,,,,,,,,,,,,,,,,,,,,,,,,,,2758,1779.2
1787157780,63.3,63.32,63.295,63.32,64.32,63.72,,,,,,,,,,,,,,,,,,,,,,,,,,,,,,,,,,,,,,,,,,,,,,,,,,,,847,1750.85
1787157840,63.315,63.32,63.295,63.3,64.32,63.72,,,,,,,,,,,,,,,,,,,,,,,,,,,,,,,,,,,,,,,,,,,,,,,,,,,,706,1672.55
1787157900,63.3,63.31,63.295,63.31,64.32,63.72,,,,,,,,,,,,,,,,,,,,,,,,,,,,,,,,,,,,,,,,,,,,,,,,,,,,649,1646.85
1787157960,63.31,63.34,63.31,63.32,64.32,63.72,,,,,,,,,,,,,,,,,,,,,,,,,,,,,,,,,,,,,,,,,,,,,,,,,,,,2302,1606.15
1787158020,63.315,63.315,63.315,63.315,64.32,63.72,,,,,,,,,,,,,,,,,,,,,,,,,,,,,,,,,,,,,,,,,,,,,,,,,,,,102,1510.85
1787158080,63.31,63.35,63.31,63.35,64.32,63.72,,,,,,,,,,,,,,,,,,,,,,,,,,,,,,,,,,,,,,,,,,,,,,,,,,,,1861,1541.15
1787158140,63.35,63.36,63.31,63.315,64.32,63.72,,,,,,,,,,,,,,,,,,,,,,,,,,,,,,,,,,,,,,,,,,,,,,,,,,,,1020,1366.85
1787158200,63.31,63.31,63.275,63.275,64.32,63.72,,,,,,,,,,,,,,,,,,,,,,,,,,,,,,,,,,,,,,,,,,,,,,,,,,,,5304,1567.65
1787158260,63.27,63.3,63.27,63.3,64.32,63.72,,,,,,,,,,,,,,,,,,,,,,,,,,,,,,,,,,,,,,,,,,,,,,,,,,,,1056,1594.05
1787158320,63.3,63.32,63.3,63.32,64.32,63.72,,,,,,,,,,,,,,,,,,,,,,,,,,,,,,,,,,,,,,,,,,,,,,,,,,,,657,1456.35
1787158380,63.32,63.32,63.3,63.3,64.32,63.72,,,,,,,,,,,,,,,,,,,,,,,,,,,,,,,,,,,,,,,,,,,,,,,,,,,,1077,1441.4
1787158440,63.28,63.29,63.28,63.29,64.32,63.72,,,,,,,,,,,,,,,,,,,,,,,,,,,,,,,,,,,,,,,,,,,,,,,,,,,,631,1402.45
1787158500,63.28,63.295,63.275,63.295,64.32,63.72,,,,,,,,,,,,,,,,,,,,,,,,,,,,,,,,,,,,,,,,,,,,,,,,,,,,4428,1483.95
1787158560,63.295,63.3,63.28,63.3,64.32,63.72,,,,,,,,,,,,,,,,,,,,,,,,,,,,,,,,,,,,,,,,,,,,,,,,,,,,1524,1515.8
1787158620,63.3,63.3,63.275,63.28,64.32,63.72,,,,,,,,,,,,,,,,,,,,,,,,,,,,,,,,,,,,,,,,,,,,,,,,,,,,1058,1529.4
1787158680,63.28,63.285,63.275,63.285,64.32,63.72,,,,,,,,,,,,,,,,,,,,,,,,,,,,,,,,,,,,,,,,,,,,,,,,,,,,768,1555
1787158740,63.27,63.29,63.265,63.265,64.32,63.72,,,,,,,,,,,,,,,,,,,,,,,,,,,,,,,,,,,,,,,,,,,,,,,,,,,,2434,1562.35
1787158800,63.265,63.28,63.26,63.28,64.32,63.72,,,,,,,,,,,,,,,,,,,,,,,,,,,,,,,,,,,,,,,,,,,,,,,,,,,,5132,1786.9
1787158860,63.29,63.31,63.28,63.3,64.32,63.72,,,,,,,,,,,,,,,,,,,,,,,,,,,,,,,,,,,,,,,,,,,,,,,,,,,,1101,1770.75
1787158920,63.31,63.32,63.3,63.3,64.32,63.72,,,,,,,,,,,,,,,,,,,,,,,,,,,,,,,,,,,,,,,,,,,,,,,,,,,,4397,1852.7
1787158980,63.3,63.3,63.285,63.295,64.32,63.72,,,,,,,,,,,,,,,,,,,,,,,,,,,,,,,,,,,,,,,,,,,,,,,,,,,,2883,1954.5
1787159040,63.29,63.315,63.29,63.31,64.32,63.72,,,,,,,,,,,,,,,,,,,,,,,,,,,,,,,,,,,,,,,,,,,,,,,,,,,,2305,2034.45
1787159100,63.315,63.35,63.315,63.35,64.32,63.72,,,,,,,,,,,,,,,,,,,,,,,,,,,,,,,,,,,,,,,,,,,,,,,,,,,,4715,2237.75
1787159160,63.345,63.345,63.325,63.325,64.32,63.72,,,,,,,,,,,,,,,,,,,,,,,,,,,,,,,,,,,,,,,,,,,,,,,,,,,,256,2135.45
1787159220,63.33,63.335,63.31,63.32,64.32,63.72,,,,,,,,,,,,,,,,,,,,,,,,,,,,,,,,,,,,,,,,,,,,,,,,,,,,2404,2250.55
1787159280,63.31,63.31,63.3,63.305,64.32,63.72,,,,,,,,,,,,,,,,,,,,,,,,,,,,,,,,,,,,,,,,,,,,,,,,,,,,396,2177.3
1787159340,63.3,63.345,63.29,63.34,64.32,63.72,,,,,,,,,,,,,,,,,,,,,,,,,,,,,,,,,,,,,,,,,,,,,,,,,,,,7340,2493.3
1787159400,63.355,63.365,63.35,63.365,64.32,63.72,,,,,,,,,,,,,,,,,,,,,,,,,,,,,,,,,,,,,,,,,,,,,,,,,,,,984,2277.3
1787159460,63.36,63.385,63.36,63.385,64.32,63.72,,,,,,,,,,,,,,,,,,,,,,,,,,,,,,,,,,,,,,,,,,,,,,,,,,,,353,2242.15
1787159520,63.385,63.395,63.385,63.39,64.32,63.72,,,,,,,,,,,,,,,,,,,,,,,,,,,,,,,,,,,,,,,,,,,,,,,,,,,,859,2252.25
1787159580,63.39,63.395,63.37,63.375,64.32,63.72,,,,,,,,,,,,,,,,,,,,,,,,,,,,,,,,,,,,,,,,,,,,,,,,,,,,2016,2299.2
1787159640,63.37,63.39,63.37,63.375,64.32,63.72,,,,,,,,,,,,,,,,,,,,,,,,,,,,,,,,,,,,,,,,,,,,,,,,,,,,1274,2331.35
1787159700,63.38,63.385,63.365,63.38,64.32,63.72,,,,,,,,,,,,,,,,,,,,,,,,,,,,,,,,,,,,,,,,,,,,,,,,,,,,1286,2174.25
1787159760,63.39,63.405,63.39,63.405,64.32,63.72,,,,,,,,,,,,,,,,,,,,,,,,,,,,,,,,,,,,,,,,,,,,,,,,,,,,1177,2156.9
1787159820,63.405,63.41,63.37,63.37,64.32,63.72,,,,,,,,,,,,,,,,,,,,,,,,,,,,,,,,,,,,,,,,,,,,,,,,,,,,6298,2418.9
1787159880,63.37,63.38,63.37,63.37,64.32,63.72,,,,,,,,,,,,,,,,,,,,,,,,,,,,,,,,,,,,,,,,,,,,,,,,,,,,715,2416.25
1787159940,63.36,63.36,63.345,63.36,64.32,63.72,,,,,,,,,,,,,,,,,,,,,,,,,,,,,,,,,,,,,,,,,,,,,,,,,,,,2645,2426.8
1787160000,63.37,63.37,63.33,63.33,64.32,63.72,,,,,,,,,,,,,,,,,,,,,,,,,,,,,,,,,,,,,,,,,,,,,,,,,,,,586,2199.5
1787160060,63.325,63.33,63.315,63.315,64.32,63.72,,,,,,,,,,,,,,,,,,,,,,,,,,,,,,,,,,,,,,,,,,,,,,,,,,,,1088,2198.85
1787160120,63.305,63.32,63.305,63.305,64.32,63.72,,,,,,,,,,,,,,,,,,,,,,,,,,,,,,,,,,,,,,,,,,,,,,,,,,,,363,1997.15
1787160180,63.31,63.32,63.31,63.32,64.32,63.72,,,,,,,,,,,,,,,,,,,,,,,,,,,,,,,,,,,,,,,,,,,,,,,,,,,,1289,1917.45
1787160240,63.32,63.34,63.31,63.31,64.32,63.72,,,,,,,,,,,,,,,,,,,,,,,,,,,,,,,,,,,,,,,,,,,,,,,,,,,,1122,1858.3
1787160300,63.315,63.32,63.29,63.29,64.32,63.72,,,,,,,,,,,,,,,,,,,,,,,,,,,,,,,,,,,,,,,,,,,,,,,,,,,,1955,1720.3
1787160360,63.3,63.3,63.26,63.27,64.32,63.72,,,,,,,,,,,,,,,,,,,,,,,,,,,,,,,,,,,,,,,,,,,,,,,,,,,,6698,2042.4
1787160420,63.27,63.27,63.26,63.265,64.32,63.72,,,,,,,,,,,,,,,,,,,,,,,,,,,,,,,,,,,,,,,,,,,,,,,,,,,,546,1949.5
1787160480,63.27,63.28,63.27,63.28,64.32,63.72,,,,,,,,,,,,,,,,,,,,,,,,,,,,,,,,,,,,,,,,,,,,,,,,,,,,570,1958.2
1787160540,63.275,63.28,63.25,63.26,64.32,63.72,,,,,,,,,,,,,,,,,,,,,,,,,,,,,,,,,,,,,,,,,,,,,,,,,,,,3164,1749.4
1787160600,63.26,63.285,63.26,63.28,64.32,63.72,,,,,,,,,,,,,,,,,,,,,,,,,,,,,,,,,,,,,,,,,,,,,,,,,,,,1594,1779.9
1787160660,63.26,63.26,63.25,63.25,64.32,63.72,,,,,,,,,,,,,,,,,,,,,,,,,,,,,,,,,,,,,,,,,,,,,,,,,,,,372,1780.85
1787160720,63.24,63.24,63.22,63.225,64.32,63.72,,,,,,,,,,,,,,,,,,,,,,,,,,,,,,,,,,,,,,,,,,,,,,,,,,,,1716,1823.7
1787160780,63.22,63.26,63.22,63.26,64.32,63.72,,,,,,,,,,,,,,,,,,,,,,,,,,,,,,,,,,,,,,,,,,,,,,,,,,,,1917,1818.75
1787160840,63.265,63.275,63.255,63.265,64.32,63.72,,,,,,,,,,,,,,,,,,,,,,,,,,,,,,,,,,,,,,,,,,,,,,,,,,,,2851,1897.6
1787160900,63.25,63.255,63.24,63.245,64.32,63.72,,,,,,,,,,,,,,,,,,,,,,,,,,,,,,,,,,,,,,,,,,,,,,,,,,,,801,1873.35
1787160960,63.25,63.27,63.25,63.26,64.32,63.72,,,,,,,,,,,,,,,,,,,,,,,,,,,,,,,,,,,,,,,,,,,,,,,,,,,,841,1856.55
1787161020,63.25,63.25,63.22,63.22,64.32,63.72,,,,,,,,,,,,,,,,,,,,,,,,,,,,,,,,,,,,,,,,,,,,,,,,,,,,473,1565.3
1787161080,63.23,63.24,63.23,63.24,64.32,63.72,,,,,,,,,,,,,,,,,,,,,,,,,,,,,,,,,,,,,,,,,,,,,,,,,,,,656,1562.35
1787161140,63.235,63.235,63.2,63.2,64.32,63.72,,,,,,,,,,,,,,,,,,,,,,,,,,,,,,,,,,,,,,,,,,,,,,,,,,,,489,1454.55
1787161200,63.2,63.23,63.2,63.23,64.32,63.72,,,,,,,,,,,,,,,,,,,,,,,,,,,,,,,,,,,,,,,,,,,,,,,,,,,,1463,1498.4
1787161260,63.225,63.23,63.21,63.21,64.32,63.72,,,,,,,,,,,,,,,,,,,,,,,,,,,,,,,,,,,,,,,,,,,,,,,,,,,,451,1466.55
1787161320,63.205,63.22,63.2,63.21,64.32,63.72,,,,,,,,,,,,,,,,,,,,,,,,,,,,,,,,,,,,,,,,,,,,,,,,,,,,979,1497.35
1787161380,63.21,63.23,63.205,63.23,64.32,63.72,,,,,,,,,,,,,,,,,,,,,,,,,,,,,,,,,,,,,,,,,,,,,,,,,,,,1556,1510.7
1787161440,63.225,63.225,63.2,63.2,64.32,63.72,,,,,,,,,,,,,,,,,,,,,,,,,,,,,,,,,,,,,,,,,,,,,,,,,,,,1343,1521.75
1787161500,63.195,63.21,63.185,63.2,64.32,63.72,,,,,,,,,,,,,,,,,,,,,,,,,,,,,,,,,,,,,,,,,,,,,,,,,,,,5825,1715.25
1787161560,63.2,63.22,63.175,63.2,64.32,63.72,,,,,,,,,,,,,,,,,,,,,,,,,,,,,,,,,,,,,,,,,,,,,,,,,,,,2473,1504
1787161620,63.2,63.22,63.19,63.21,64.32,63.72,,,,,,,,,,,,,,,,,,,,,,,,,,,,,,,,,,,,,,,,,,,,,,,,,,,,1838,1568.6
1787161680,63.2,63.22,63.19,63.215,64.32,63.72,,,,,,,,,,,,,,,,,,,,,,,,,,,,,,,,,,,,,,,,,,,,,,,,,,,,1338,1607
1787161740,63.21,63.22,63.17,63.17,64.32,63.72,,,,,,,,,,,,,,,,,,,,,,,,,,,,,,,,,,,,,,,,,,,,,,,,,,,,1374,1517.5
1787161800,63.17,63.17,63.155,63.16,64.32,63.72,,,,,,,,,,,,,,,,,,,,,,,,,,,,,,,,,,,,,,,,,,,,,,,,,,,,1727,1524.15
1787161860,63.165,63.17,63.12,63.14,64.32,63.72,,,,,,,,,,,,,,,,,,,,,,,,,,,,,,,,,,,,,,,,,,,,,,,,,,,,4890,1750.05
1787161920,63.13,63.13,63.115,63.12,64.32,63.72,,,,,,,,,,,,,,,,,,,,,,,,,,,,,,,,,,,,,,,,,,,,,,,,,,,,1296,1729.05
1787161980,63.13,63.14,63.13,63.14,64.32,63.72,,,,,,,,,,,,,,,,,,,,,,,,,,,,,,,,,,,,,,,,,,,,,,,,,,,,809,1673.65
1787162040,63.13,63.13,63.1,63.1,64.32,63.72,,,,,,,,,,,,,,,,,,,,,,,,,,,,,,,,,,,,,,,,,,,,,,,,,,,,2623,1662.25
1787162100,63.105,63.12,63.09,63.115,64.32,63.72,,,,,,,,,,,,,,,,,,,,,,,,,,,,,,,,,,,,,,,,,,,,,,,,,,,,2428,1743.6
1787162160,63.12,63.13,63.12,63.13,64.32,63.72,,,,,,,,,,,,,,,,,,,,,,,,,,,,,,,,,,,,,,,,,,,,,,,,,,,,997,1751.4
1787162220,63.13,63.16,63.13,63.16,64.32,63.72,,,,,,,,,,,,,,,,,,,,,,,,,,,,,,,,,,,,,,,,,,,,,,,,,,,,666,1761.05
1787162280,63.155,63.155,63.135,63.135,64.32,63.72,,,,,,,,,,,,,,,,,,,,,,,,,,,,,,,,,,,,,,,,,,,,,,,,,,,,3226,1889.55
1787162340,63.135,63.155,63.135,63.155,64.32,63.72,,,,,,,,,,,,,,,,,,,,,,,,,,,,,,,,,,,,,,,,,,,,,,,,,,,,506,1890.4
1787162400,63.15,63.155,63.13,63.13,64.32,63.72,,,,,,,,,,,,,,,,,,,,,,,,,,,,,,,,,,,,,,,,,,,,,,,,,,,,2371,1935.8
1787162460,63.135,63.145,63.135,63.145,64.32,63.72,,,,,,,,,,,,,,,,,,,,,,,,,,,,,,,,,,,,,,,,,,,,,,,,,,,,2389,2032.7
1787162520,63.15,63.205,63.13,63.205,64.32,63.72,,,,,,,,,,,,,,,,,,,,,,,,,,,,,,,,,,,,,,,,,,,,,,,,,,,,2458,2106.65
1787162580,63.2,63.215,63.19,63.2,64.32,63.72,,,,,,,,,,,,,,,,,,,,,,,,,,,,,,,,,,,,,,,,,,,,,,,,,,,,1947,2126.2
1787162640,63.17,63.17,63.14,63.14,64.32,63.72,,,,,,,,,,,,,,,,,,,,,,,,,,,,,,,,,,,,,,,,,,,,,,,,,,,,1148,2116.45
1787162700,63.13,63.13,63.1,63.105,64.32,63.72,,,,,,,,,,,,,,,,,,,,,,,,,,,,,,,,,,,,,,,,,,,,,,,,,,,,2086,1929.5
1787162760,63.1,63.1,63.08,63.095,64.32,63.72,,,,,,,,,,,,,,,,,,,,,,,,,,,,,,,,,,,,,,,,,,,,,,,,,,,,4182,2014.95
1787162820,63.1,63.1,63.055,63.09,64.32,63.72,,,,,,,,,,,,,,,,,,,,,,,,,,,,,,,,,,,,,,,,,,,,,,,,,,,,5221,2184.1
1787162880,63.09,63.1,63.08,63.085,64.32,63.72,,,,,,,,,,,,,,,,,,,,,,,,,,,,,,,,,,,,,,,,,,,,,,,,,,,,2286,2231.5
1787162940,63.09,63.11,63.085,63.1,64.32,63.72,,,,,,,,,,,,,,,,,,,,,,,,,,,,,,,,,,,,,,,,,,,,,,,,,,,,2950,2310.3
1787163000,63.09,63.125,63.09,63.125,64.32,63.72,,,,,,,,,,,,,,,,,,,,,,,,,,,,,,,,,,,,,,,,,,,,,,,,,,,,3374,2392.65
1787163060,63.13,63.135,63.12,63.135,64.32,63.72,,,,,,,,,,,,,,,,,,,,,,,,,,,,,,,,,,,,,,,,,,,,,,,,,,,,2349,2265.6
1787163120,63.135,63.14,63.115,63.12,64.32,63.72,,,,,,,,,,,,,,,,,,,,,,,,,,,,,,,,,,,,,,,,,,,,,,,,,,,,877,2244.65
1787163180,63.115,63.135,63.115,63.135,64.32,63.72,,,,,,,,,,,,,,,,,,,,,,,,,,,,,,,,,,,,,,,,,,,,,,,,,,,,3012,2354.8
1787163240,63.13,63.13,63.1,63.105,64.32,63.72,,,,,,,,,,,,,,,,,,,,,,,,,,,,,,,,,,,,,,,,,,,,,,,,,,,,4166,2431.95
1787163300,63.105,63.12,63.08,63.08,64.32,63.72,,,,,,,,,,,,,,,,,,,,,,,,,,,,,,,,,,,,,,,,,,,,,,,,,,,,2575,2439.3
1787163360,63.08,63.08,63.05,63.08,64.32,63.72,,,,,,,,,,,,,,,,,,,,,,,,,,,,,,,,,,,,,,,,,,,,,,,,,,,,5897,2684.3
1787163420,63.075,63.12,63.075,63.12,64.32,63.72,,,,,,,,,,,,,,,,,,,,,,,,,,,,,,,,,,,,,,,,,,,,,,,,,,,,2474,2774.7
1787163480,63.12,63.16,63.12,63.15,64.32,63.72,,,,,,,,,,,,,,,,,,,,,,,,,,,,,,,,,,,,,,,,,,,,,,,,,,,,2081,2717.45
1787163540,63.15,63.18,63.15,63.17,64.32,63.72,,,,,,,,,,,,,,,,,,,,,,,,,,,,,,,,,,,,,,,,,,,,,,,,,,,,2163,2800.3
1787163600,63.17,63.19,63.165,63.19,64.32,63.72,,,,,,,,,,,,,,,,,,,,,,,,,,,,,,,,,,,,,,,,,,,,,,,,,,,,2242,2793.85
1787163660,63.2,63.22,63.2,63.22,64.32,63.72,,,,,,,,,,,,,,,,,,,,,,,,,,,,,,,,,,,,,,,,,,,,,,,,,,,,819,2715.35
1787163720,63.22,63.23,63.19,63.19,64.32,63.72,,,,,,,,,,,,,,,,,,,,,,,,,,,,,,,,,,,,,,,,,,,,,,,,,,,,1571,2671
1787163780,63.19,63.2,63.185,63.19,64.32,63.72,,,,,,,,,,,,,,,,,,,,,,,,,,,,,,,,,,,,,,,,,,,,,,,,,,,,671,2607.2
1787163840,63.19,63.19,63.165,63.17,64.32,63.72,,,,,,,,,,,,,,,,,,,,,,,,,,,,,,,,,,,,,,,,,,,,,,,,,,,,1265,2613.05
1787163900,63.16,63.165,63.14,63.165,64.32,63.72,,,,,,,,,,,,,,,,,,,,,,,,,,,,,,,,,,,,,,,,,,,,,,,,,,,,1509,2584.2
1787163960,63.165,63.165,63.13,63.13,64.32,63.72,,,,,,,,,,,,,,,,,,,,,,,,,,,,,,,,,,,,,,,,,,,,,,,,,,,,1202,2435.2
1787164020,63.135,63.135,63.12,63.12,64.32,63.72,,,,,,,,,,,,,,,,,,,,,,,,,,,,,,,,,,,,,,,,,,,,,,,,,,,,329,2190.6
1787164080,63.12,63.14,63.115,63.13,64.32,63.72,,,,,,,,,,,,,,,,,,,,,,,,,,,,,,,,,,,,,,,,,,,,,,,,,,,,615,2107.05
1787164140,63.135,63.16,63.13,63.155,64.32,63.72,,,,,,,,,,,,,,,,,,,,,,,,,,,,,,,,,,,,,,,,,,,,,,,,,,,,1178,2018.45
1787164200,63.16,63.185,63.16,63.165,64.32,63.72,,,,,,,,,,,,,,,,,,,,,,,,,,,,,,,,,,,,,,,,,,,,,,,,,,,,1409,1920.2
1787164260,63.17,63.17,63.15,63.16,64.32,63.72,,,,,,,,,,,,,,,,,,,,,,,,,,,,,,,,,,,,,,,,,,,,,,,,,,,,853,1845.4
1787164320,63.16,63.18,63.16,63.17,64.32,63.72,,,,,,,,,,,,,,,,,,,,,,,,,,,,,,,,,,,,,,,,,,,,,,,,,,,,1373,1870.2
1787164380,63.175,63.19,63.175,63.19,64.32,63.72,,,,,,,,,,,,,,,,,,,,,,,,,,,,,,,,,,,,,,,,,,,,,,,,,,,,580,1748.6
1787164440,63.19,63.19,63.17,63.17,64.32,63.72,,,,,,,,,,,,,,,,,,,,,,,,,,,,,,,,,,,,,,,,,,,,,,,,,,,,2675,1674.05
1787164500,63.17,63.2,63.17,63.2,64.32,63.72,,,,,,,,,,,,,,,,,,,,,,,,,,,,,,,,,,,,,,,,,,,,,,,,,,,,3451,1717.85
1787164560,63.195,63.195,63.19,63.19,64.32,63.72,,,,,,,,,,,,,,,,,,,,,,,,,,,,,,,,,,,,,,,,,,,,,,,,,,,,241,1435.05
1787164620,63.19,63.215,63.19,63.195,64.32,63.72,,,,,,,,,,,,,,,,,,,,,,,,,,,,,,,,,,,,,,,,,,,,,,,,,,,,1829,1402.8
1787164680,63.195,63.2,63.19,63.195,64.32,63.72,,,,,,,,,,,,,,,,,,,,,,,,,,,,,,,,,,,,,,,,,,,,,,,,,,,,46,1301.05
1787164740,63.2,63.2,63.18,63.185,64.32,63.72,,,,,,,,,,,,,,,,,,,,,,,,,,,,,,,,,,,,,,,,,,,,,,,,,,,,2053,1295.55
1787164800,63.17,63.17,63.16,63.16,64.32,63.72,,,,,,,,,,,,,,,,,,,,,,,,,,,,,,,,,,,,,,,,,,,,,,,,,,,,1205,1243.7
1787164860,63.165,63.17,63.13,63.13,64.32,63.72,,,,,,,,,,,,,,,,,,,,,,,,,,,,,,,,,,,,,,,,,,,,,,,,,,,,2685,1337
1787164920,63.125,63.13,63.12,63.12,64.32,63.72,,,,,,,,,,,,,,,,,,,,,,,,,,,,,,,,,,,,,,,,,,,,,,,,,,,,1555,1336.2
1787164980,63.11,63.12,63.11,63.115,64.32,63.72,,,,,,,,,,,,,,,,,,,,,,,,,,,,,,,,,,,,,,,,,,,,,,,,,,,,1859,1395.6
1787165040,63.11,63.11,63.09,63.11,64.32,63.72,,,,,,,,,,,,,,,,,,,,,,,,,,,,,,,,,,,,,,,,,,,,,,,,,,,,770,1370.85
1787165100,63.12,63.165,63.12,63.165,64.32,63.72,,,,,,,,,,,,,,,,,,,,,,,,,,,,,,,,,,,,,,,,,,,,,,,,,,,,2084,1399.6
1787165160,63.16,63.18,63.16,63.175,64.32,63.72,,,,,,,,,,,,,,,,,,,,,,,,,,,,,,,,,,,,,,,,,,,,,,,,,,,,978,1388.4
1787165220,63.18,63.19,63.175,63.19,64.32,63.72,,,,,,,,,,,,,,,,,,,,,,,,,,,,,,,,,,,,,,,,,,,,,,,,,,,,391,1391.5
1787165280,63.19,63.195,63.14,63.14,64.32,63.72,,,,,,,,,,,,,,,,,,,,,,,,,,,,,,,,,,,,,,,,,,,,,,,,,,,,4295,1575.5
1787165340,63.14,63.16,63.14,63.16,64.32,63.72,,,,,,,,,,,,,,,,,,,,,,,,,,,,,,,,,,,,,,,,,,,,,,,,,,,,1189,1576.05
1787165400,63.17,63.19,63.16,63.19,64.32,63.72,,,,,,,,,,,,,,,,,,,,,,,,,,,,,,,,,,,,,,,,,,,,,,,,,,,,549,1533.05
1787165460,63.195,63.195,63.15,63.155,64.32,63.72,,,,,,,,,,,,,,,,,,,,,,,,,,,,,,,,,,,,,,,,,,,,,,,,,,,,1385,1559.65
1787165520,63.14,63.155,63.14,63.14,64.32,63.72,,,,,,,,,,,,,,,,,,,,,,,,,,,,,,,,,,,,,,,,,,,,,,,,,,,,1298,1555.9
1787165580,63.13,63.13,63.105,63.11,64.32,63.72,,,,,,,,,,,,,,,,,,,,,,,,,,,,,,,,,,,,,,,,,,,,,,,,,,,,1813,1617.55
1787165640,63.12,63.13,63.085,63.09,64.32,63.72,,,,,,,,,,,,,,,,,,,,,,,,,,,,,,,,,,,,,,,,,,,,,,,,,,,,1833,1575.45
1787165700,63.08,63.085,63.065,63.075,64.32,63.72,,,,,,,,,,,,,,,,,,,,,,,,,,,,,,,,,,,,,,,,,,,,,,,,,,,,1917,1498.75
1787165760,63.08,63.08,63.035,63.035,64.32,63.72,,,,,,,,,,,,,,,,,,,,,,,,,,,,,,,,,,,,,,,,,,,,,,,,,,,,12808,2127.1
1787165820,63.04,63.07,63.035,63.07,64.32,63.72,,,,,,,,,,,,,,,,,,,,,,,,,,,,,,,,,,,,,,,,,,,,,,,,,,,,2973,2184.3
1787165880,63.07,63.095,63.07,63.095,64.32,63.72,,,,,,,,,,,,,,,,,,,,,,,,,,,,,,,,,,,,,,,,,,,,,,,,,,,,634,2213.7
1787165940,63.09,63.09,63.075,63.08,64.32,63.72,,,,,,,,,,,,,,,,,,,,,,,,,,,,,,,,,,,,,,,,,,,,,,,,,,,,802,2151.15
1787166000,63.07,63.09,63.065,63.09,64.32,63.72,,,,,,,,,,,,,,,,,,,,,,,,,,,,,,,,,,,,,,,,,,,,,,,,,,,,2006,2191.2
1787166060,63.1,63.11,63.085,63.11,64.32,63.72,,,,,,,,,,,,,,,,,,,,,,,,,,,,,,,,,,,,,,,,,,,,,,,,,,,,1647,2139.3
1787166120,63.12,63.13,63.06,63.065,64.32,63.72,,,,,,,,,,,,,,,,,,,,,,,,,,,,,,,,,,,,,,,,,,,,,,,,,,,,3564,2239.75
1787166180,63.065,63.075,63.03,63.055,64.32,63.72,,,,,,,,,,,,,,,,,,,,,,,,,,,,,,,,,,,,,,,,,,,,,,,,,,,,3637,2328.65
1787166240,63.05,63.095,63.04,63.085,64.32,63.72,,,,,,,,,,,,,,,,,,,,,,,,,,,,,,,,,,,,,,,,,,,,,,,,,,,,1995,2389.9
1787166300,63.08,63.08,63.05,63.06,64.32,63.72,,,,,,,,,,,,,,,,,,,,,,,,,,,,,,,,,,,,,,,,,,,,,,,,,,,,1375,2354.45
1787166360,63.05,63.065,63.045,63.06,64.32,63.72,,,,,,,,,,,,,,,,,,,,,,,,,,,,,,,,,,,,,,,,,,,,,,,,,,,,1524,2381.75
1787166420,63.045,63.05,63.03,63.05,64.32,63.72,,,,,,,,,,,,,,,,,,,,,,,,,,,,,,,,,,,,,,,,,,,,,,,,,,,,2704,2497.4
1787166480,63.055,63.13,63.055,63.115,64.32,63.72,,,,,,,,,,,,,,,,,,,,,,,,,,,,,,,,,,,,,,,,,,,,,,,,,,,,1917,2378.5
1787166540,63.11,63.11,63.09,63.09,64.32,63.72,,,,,,,,,,,,,,,,,,,,,,,,,,,,,,,,,,,,,,,,,,,,,,,,,,,,2133,2425.7
1787166600,63.085,63.135,63.085,63.135,64.32,63.72,,,,,,,,,,,,,,,,,,,,,,,,,,,,,,,,,,,,,,,,,,,,,,,,,,,,1630,2479.75
1787166660,63.125,63.14,63.105,63.115,64.32,63.72,,,,,,,,,,,,,,,,,,,,,,,,,,,,,,,,,,,,,,,,,,,,,,,,,,,,4830,2652
1787166720,63.115,63.135,63.105,63.105,64.32,63.72,,,,,,,,,,,,,,,,,,,,,,,,,,,,,,,,,,,,,,,,,,,,,,,,,,,,2101,2692.15
1787166780,63.11,63.135,63.11,63.135,64.32,63.72,,,,,,,,,,,,,,,,,,,,,,,,,,,,,,,,,,,,,,,,,,,,,,,,,,,,2753,2739.15
1787166840,63.13,63.13,63.08,63.08,64.32,63.72,,,,,,,,,,,,,,,,,,,,,,,,,,,,,,,,,,,,,,,,,,,,,,,,,,,,2211,2758.05
1787166900,63.09,63.1,63.085,63.095,64.32,63.72,,,,,,,,,,,,,,,,,,,,,,,,,,,,,,,,,,,,,,,,,,,,,,,,,,,,2083,2766.35
1787166960,63.09,63.1,63.065,63.075,64.32,63.72,,,,,,,,,,,,,,,,,,,,,,,,,,,,,,,,,,,,,,,,,,,,,,,,,,,,1857,2218.8
1787167020,63.075,63.11,63.075,63.09,64.32,63.72,,,,,,,,,,,,,,,,,,,,,,,,,,,,,,,,,,,,,,,,,,,,,,,,,,,,6210,2380.65
1787167080,63.085,63.095,63.07,63.095,64.32,63.72,,,,,,,,,,,,,,,,,,,,,,,,,,,,,,,,,,,,,,,,,,,,,,,,,,,,3591,2528.5
1787167140,63.095,63.095,63.075,63.095,64.32,63.72,,,,,,,,,,,,,,,,,,,,,,,,,,,,,,,,,,,,,,,,,,,,,,,,,,,,6371,2806.95
1787167200,63.09,63.12,63.085,63.1,64.32,63.72,,,,,,,,,,,,,,,,,,,,,,,,,,,,,,,,,,,,,,,,,,,,,,,,,,,,6664,3039.85
1787167260,63.1,63.11,63.06,63.06,64.32,63.72,,,,,,,,,,,,,,,,,,,,,,,,,,,,,,,,,,,,,,,,,,,,,,,,,,,,1744,3044.7
1787167320,63.065,63.11,63.06,63.105,64.32,63.72,,,,,,,,,,,,,,,,,,,,,,,,,,,,,,,,,,,,,,,,,,,,,,,,,,,,3925,3062.75
1787167380,63.11,63.115,63.08,63.09,64.32,63.72,,,,,,,,,,,,,,,,,,,,,,,,,,,,,,,,,,,,,,,,,,,,,,,,,,,,4801,3120.95
1787167440,63.1,63.125,63.095,63.12,64.32,63.72,,,,,,,,,,,,,,,,,,,,,,,,,,,,,,,,,,,,,,,,,,,,,,,,,,,,2555,3148.95
1787167500,63.115,63.12,63.1,63.105,64.32,63.72,,,,,,,,,,,,,,,,,,,,,,,,,,,,,,,,,,,,,,,,,,,,,,,,,,,,2355,3197.95
1787167560,63.105,63.13,63.105,63.11,64.32,63.72,,,,,,,,,,,,,,,,,,,,,,,,,,,,,,,,,,,,,,,,,,,,,,,,,,,,3506,3297.05
1787167620,63.11,63.14,63.1,63.135,64.32,63.72,,,,,,,,,,,,,,,,,,,,,,,,,,,,,,,,,,,,,,,,,,,,,,,,,,,,2705,3297.1
1787167680,63.135,63.135,63.105,63.11,64.32,63.72,,,,,,,,,,,,,,,,,,,,,,,,,,,,,,,,,,,,,,,,,,,,,,,,,,,,3087,3355.6
1787167740,63.105,63.11,63.07,63.08,64.32,63.72,,,,,,,,,,,,,,,,,,,,,,,,,,,,,,,,,,,,,,,,,,,,,,,,,,,,4420,3469.95
1787167800,63.09,63.135,63.085,63.115,64.32,63.72,,,,,,,,,,,,,,,,,,,,,,,,,,,,,,,,,,,,,,,,,,,,,,,,,,,,6506,3713.75
1787167860,63.115,63.12,63.105,63.12,64.32,63.72,,,,,,,,,,,,,,,,,,,,,,,,,,,,,,,,,,,,,,,,,,,,,,,,,,,,1049,3524.7
1787167920,63.12,63.17,63.105,63.17,64.32,63.72,,,,,,,,,,,,,,,,,,,,,,,,,,,,,,,,,,,,,,,,,,,,,,,,,,,,7930,3816.15
1787167980,63.17,63.2,63.14,63.16,64.32,63.72,,,,,,,,,,,,,,,,,,,,,,,,,,,,,,,,,,,,,,,,,,,,,,,,,,,,5888,3972.9
1787168040,63.17,63.18,63.125,63.125,64.32,63.72,,,,,,,,,,,,,,,,,,,,,,,,,,,,,,,,,,,,,,,,,,,,,,,,,,,,2766,4000.65
1787168100,63.13,63.14,63.1,63.1,64.32,63.72,,,,,,,,,,,,,,,,,,,,,,,,,,,,,,,,,,,,,,,,,,,,,,,,,,,,5733,4183.15
1787168160,63.09,63.09,63.065,63.065,64.32,63.72,,,,,,,,,,,,,,,,,,,,,,,,,,,,,,,,,,,,,,,,,,,,,,,,,,,,5285,4354.55
1787168220,63.07,63.07,63.02,63.045,64.32,63.72,,,,,,,,,,,,,,,,,,,,,,,,,,,,,,,,,,,,,,,,,,,,,,,,,,,,9287,4508.4
1787168280,63.045,63.065,63.03,63.055,64.32,63.72,,,,,,,,,,,,,,,,,,,,,,,,,,,,,,,,,,,,,,,,,,,,,,,,,,,,6061,4631.9
1787168340,63.055,63.075,63.025,63.025,64.32,63.72,,,,,,,,,,,,,,,,,,,,,,,,,,,,,,,,,,,,,,,,,,,,,,,,,,,,10003,4813.5
1787168400,63.025,63.04,63.01,63.015,64.32,63.72,,,,,,,,,,,,,,,,,,,,,,,,,,,,,,,,,,,,,,,,,,,,,,,,,,,,8993,4929.95
1787168460,63.015,63.02,62.975,63.005,64.32,63.72,,,,,,,,,,,,,,,,,,,,,,,,,,,,,,,,,,,,,,,,,,,,,,,,,,,,26224,6153.95
1787168520,63.01,63.03,63.005,63.01,64.32,63.72,,,,,,,,,,,,,,,,,,,,,,,,,,,,,,,,,,,,,,,,,,,,,,,,,,,,3689,6142.15
1787168580,63.015,63.025,63.005,63.005,64.32,63.72,,,,,,,,,,,,,,,,,,,,,,,,,,,,,,,,,,,,,,,,,,,,,,,,,,,,6749,6239.55
1787168640,63.01,63.06,63,63.06,64.32,63.72,,,,,,,,,,,,,,,,,,,,,,,,,,,,,,,,,,,,,,,,,,,,,,,,,,,,7717,6497.65
1787168700,63.05,63.1,63.045,63.075,64.32,63.72,,,,,,,,,,,,,,,,,,,,,,,,,,,,,,,,,,,,,,,,,,,,,,,,,,,,10571,6908.45
1787168760,63.075,63.135,63.065,63.13,64.32,63.72,,,,,,,,,,,,,,,,,,,,,,,,,,,,,,,,,,,,,,,,,,,,,,,,,,,,3450,6905.65
1787168820,63.13,63.16,63.13,63.155,64.32,63.72,,,,,,,,,,,,,,,,,,,,,,,,,,,,,,,,,,,,,,,,,,,,,,,,,,,,5186,7029.7
1787168880,63.16,63.17,63.12,63.125,64.32,63.72,,,,,,,,,,,,,,,,,,,,,,,,,,,,,,,,,,,,,,,,,,,,,,,,,,,,7036,7227.15
1787168940,63.125,63.125,63.085,63.115,64.32,63.72,,,,,,,,,,,,,,,,,,,,,,,,,,,,,,,,,,,,,,,,,,,,,,,,,,,,8527,7432.5
1787169000,63.11,63.135,63.095,63.12,64.32,63.72,,,,,,,,,,,,,,,,,,,,,,,,,,,,,,,,,,,,,,,,,,,,,,,,,,,,11675,7690.95
1787169060,63.12,63.12,63.1,63.12,64.32,63.72,,,,,,,,,,,,,,,,,,,,,,,,,,,,,,,,,,,,,,,,,,,,,,,,,,,,6942,7985.6
1787169120,63.11,63.12,63.105,63.12,64.32,63.72,,,,,,,,,,,,,,,,,,,,,,,,,,,,,,,,,,,,,,,,,,,,,,,,,,,,6298,7904
1787169180,63.125,63.15,63.125,63.14,64.32,63.72,,,,,,,,,,,,,,,,,,,,,,,,,,,,,,,,,,,,,,,,,,,,,,,,,,,,7199,7969.55
1787169240,63.15,63.17,63.14,63.15,64.32,63.72,,,,,,,,,,,,,,,,,,,,,,,,,,,,,,,,,,,,,,,,,,,,,,,,,,,,11408,8401.65
1787169300,63.16,63.185,63.15,63.185,64.32,63.72,,,,,,,,,,,,,,,,,,,,,,,,,,,,,,,,,,,,,,,,,,,,,,,,,,,,11525,8691.25
1787169360,63.18,63.185,63.13,63.145,64.32,63.72,,,,,,,,,,,,,,,,,,,,,,,,,,,,,,,,,,,,,,,,,,,,,,,,,,,,15347,9194.35
1787169420,63.15,63.16,63.1,63.105,64.32,63.72,,,,,,,,,,,,,,,,,,,,,,,,,,,,,,,,,,,,,,,,,,,,,,,,,,,,12785,9369.25
1787169480,63.105,63.16,63.1,63.155,64.32,63.72,,,,,,,,,,,,,,,,,,,,,,,,,,,,,,,,,,,,,,,,,,,,,,,,,,,,27256,10429
1787169540,63.16,63.23,63.15,63.17,64.32,63.72,,,1,23,-1,1787149920000,63.71,64.32,63.72,0.5999999999999943,0.06743621339744052,1.1536650447339498,0.27468215350807906,1,1787149980000,2,0,,,,0,0,0,0,0,,,,0,0,0,0,0,,,,0,0,0,0,0,,,,0,0,0,0,,-1,23,84203,14139
1787232600,63.12,63.13,62.86,62.92,63.13,62.86,,,,,,,,,,,,,,,,,,,,,,,,,,,,,,,,,,,,,,,,,,,,,,,,,,,,32825,15330.6
1787232660,62.89,62.92,62.81,62.88,63.13,62.81,,,,,,,,,,,,,,,,,,,,,,,,,,,,,,,,,,,,,,,,,,,,,,,,,,,,19161,14977.45
1787232720,62.87,62.99,62.83,62.99,63.13,62.81,,,,,,,,,,,,,,,,,,,,,,,,,,,,,,,,,,,,,,,,,,,,,,,,,,,,4380,15012
1787232780,63,63.02,62.88,62.9,63.13,62.81,,,,,,,,,,,,,,,,,,,,,,,,,,,,,,,,,,,,,,,,,,,,,,,,,,,,9022,15125.65
1787232840,62.88,63.03,62.88,62.91,63.13,62.81,,,,,,,,,,,,,,,,,,,,,,,,,,,,,,,,,,,,,,,,,,,,,,,,,,,,13009,15390.25
1787232900,62.9,62.95,62.84,62.93,63.13,62.81,,,,,,,,,,,,,,,,,,,,,,,,,,,,,,,,,,,,,,,,,,,,,,,,,,,,6338,15178.6
1787232960,62.91,63.21,62.86,63.12,63.21,62.81,,,,,,,,,,,,,,,,,,,,,,,,,,,,,,,,,,,,,,,,,,,,,,,,,,,,88509,19431.55
1787233020,63.15,63.16,63.01,63.03,63.21,62.81,,,,,,,,,,,,,,,,,,,,,,,,,,,,,,,,,,,,,,,,,,,,,,,,,,,,5150,19429.75
1787233080,63.03,63.04,62.97,63.04,63.21,62.81,,,,,,,,,,,,,,,,,,,,,,,,,,,,,,,,,,,,,,,,,,,,,,,,,,,,7064,19431.15
1787233140,63.06,63.06,62.94,63.01,63.21,62.81,,,,,,,,,,,,,,,,,,,,,,,,,,,,,,,,,,,,,,,,,,,,,,,,,,,,9171,19463.35
1787233200,62.995,63.02,62.945,63,63.21,62.81,,,,,,,,,,,,,,,,,,,,,,,,,,,,,,,,,,,,,,,,,,,,,,,,,,,,8675,19313.35
1787233260,62.99,62.99,62.86,62.91,63.21,62.81,,,,,,,,,,,,,,,,,,,,,,,,,,,,,,,,,,,,,,,,,,,,,,,,,,,,8706,19401.55
1787233320,62.93,62.95,62.9,62.93,63.21,62.81,,,,,,,,,,,,,,,,,,,,,,,,,,,,,,,,,,,,,,,,,,,,,,,,,,,,3640,19268.65
1787233380,62.93,62.96,62.89,62.96,63.21,62.81,,,,,,,,,,,,,,,,,,,,,,,,,,,,,,,,,,,,,,,,,,,,,,,,,,,,7101,19263.75
1787233440,62.96,62.99,62.81,62.81,63.21,62.81,,,,,,,,,,,,,,,,,,,,,,,,,,,,,,,,,,,,,,,,,,,,,,,,,,,,13561,19371.4
1787233500,62.81,62.82,62.775,62.82,63.21,62.81,,,,,,,,,,,,,,,,,,,,,,,,,,,,,,,,,,,,,,,,,,,,,,,,,,,,6553,19122.8
1787233560,62.82,62.9,62.79,62.9,63.21,62.81,,,,,,,,,,,,,,,,,,,,,,,,,,,,,,,,,,,,,,,,,,,,,,,,,,,,16122,19161.55
1787233620,62.92,62.98,62.905,62.905,63.21,62.81,,,,,,,,,,,,,,,,,,,,,,,,,,,,,,,,,,,,,,,,,,,,,,,,,,,,4684,18756.5
1787233680,62.9,62.91,62.88,62.89,63.21,62.81,,,,,,,,,,,,,,,,,,,,,,,,,,,,,,,,,,,,,,,,,,,,,,,,,,,,1767,17482.05
1787233740,62.9,62.9,62.865,62.9,63.21,62.81,,,,,,,,,,,,,,,,,,,,,,,,,,,,,,,,,,,,,,,,,,,,,,,,,,,,3551,13449.45
1787233800,62.91,63.005,62.91,62.98,63.21,62.81,,,,,,,,,,,,,,,,,,,,,,,,,,,,,,,,,,,,,,,,,,,,,,,,,,,,4935,12054.95
1787233860,62.97,62.98,62.93,62.93,63.21,62.81,,,,,,,,,,,,,,,,,,,,,,,,,,,,,,,,,,,,,,,,,,,,,,,,,,,,2817,11237.75
1787233920,62.91,63.03,62.91,63.03,63.21,62.81,,,,,,,,,,,,,,,,,,,,,,,,,,,,,,,,,,,,,,,,,,,,,,,,,,,,4222,11229.85
1787233980,63.02,63.05,63.01,63.01,63.21,62.81,,,,,,,,,,,,,,,,,,,,,,,,,,,,,,,,,,,,,,,,,,,,,,,,,,,,5045,11031
1787234040,63,63.04,63,63.03,63.21,62.81,,,,,,,,,,,,,,,,,,,,,,,,,,,,,,,,,,,,,,,,,,,,,,,,,,,,2795,10520.3
1787234100,63.03,63.035,62.965,62.965,63.21,62.81,,,,,,,,,,,,,,,,,,,,,,,,,,,,,,,,,,,,,,,,,,,,,,,,,,,,6431,10524.95
1787234160,62.965,62.975,62.95,62.955,63.21,62.81,,,,,,,,,,,,,,,,,,,,,,,,,,,,,,,,,,,,,,,,,,,,,,,,,,,,3498,6274.4
1787234220,62.96,62.96,62.89,62.9,63.21,62.81,,,,,,,,,,,,,,,,,,,,,,,,,,,,,,,,,,,,,,,,,,,,,,,,,,,,4833,6258.55
1787234280,62.91,62.94,62.905,62.915,63.21,62.81,,,,,,,,,,,,,,,,,,,,,,,,,,,,,,,,,,,,,,,,,,,,,,,,,,,,3608,6085.75
1787234340,62.93,62.955,62.92,62.935,63.21,62.81,,,,,,,,,,,,,,,,,,,,,,,,,,,,,,,,,,,,,,,,,,,,,,,,,,,,3252,5789.8
1787234400,62.95,62.975,62.88,62.89,63.21,62.81,,,,,,,,,,,,,,,,,,,,,,,,,,,,,,,,,,,,,,,,,,,,,,,,,,,,6681,5690.1
1787234460,62.885,62.915,62.875,62.915,63.21,62.81,,,,,,,,,,,,,,,,,,,,,,,,,,,,,,,,,,,,,,,,,,,,,,,,,,,,9437,5726.65
1787234520,62.9,62.91,62.88,62.9,63.21,62.81,,,,,,,,,,,,,,,,,,,,,,,,,,,,,,,,,,,,,,,,,,,,,,,,,,,,4172,5753.25
1787234580,62.9,62.92,62.89,62.92,63.21,62.81,,,,,,,,,,,,,,,,,,,,,,,,,,,,,,,,,,,,,,,,,,,,,,,,,,,,2909,5543.65
1787234640,62.925,62.955,62.925,62.93,63.21,62.81,,,,,,,,,,,,,,,,,,,,,,,,,,,,,,,,,,,,,,,,,,,,,,,,,,,,4776,5104.4
1787234700,62.93,62.96,62.91,62.91,63.21,62.81,,,,,,,,,,,,,,,,,,,,,,,,,,,,,,,,,,,,,,,,,,,,,,,,,,,,3828,4968.15
1787234760,62.92,62.935,62.9,62.9,63.21,62.81,,,,,,,,,,,,,,,,,,,,,,,,,,,,,,,,,,,,,,,,,,,,,,,,,,,,4694,4396.75
1787234820,62.88,62.915,62.86,62.915,63.21,62.81,,,,,,,,,,,,,,,,,,,,,,,,,,,,,,,,,,,,,,,,,,,,,,,,,,,,4376,4381.35
1787234880,62.92,62.92,62.82,62.82,63.21,62.81,,,,,,,,,,,,,,,,,,,,,,,,,,,,,,,,,,,,,,,,,,,,,,,,,,,,7433,4664.65
1787234940,62.83,62.885,62.83,62.87,63.21,62.81,,,,,,,,,,,,,,,,,,,,,,,,,,,,,,,,,,,,,,,,,,,,,,,,,,,,1944,4584.3
1787235000,62.87,62.87,62.825,62.825,63.21,62.81,,,,,,,,,,,,,,,,,,,,,,,,,,,,,,,,,,,,,,,,,,,,,,,,,,,,4574,4566.25
1787235060,62.83,62.87,62.825,62.85,63.21,62.81,,,,,,,,,,,,,,,,,,,,,,,,,,,,,,,,,,,,,,,,,,,,,,,,,,,,3270,4588.9
1787235120,62.85,62.87,62.84,62.85,63.21,62.81,,,,,,,,,,,,,,,,,,,,,,,,,,,,,,,,,,,,,,,,,,,,,,,,,,,,3439,4549.75
1787235180,62.855,62.87,62.85,62.86,63.21,62.81,,,,,,,,,,,,,,,,,,,,,,,,,,,,,,,,,,,,,,,,,,,,,,,,,,,,2057,4400.35
1787235240,62.86,62.92,62.86,62.895,63.21,62.81,,,,,,,,,,,,,,,,,,,,,,,,,,,,,,,,,,,,,,,,,,,,,,,,,,,,1708,4346
1787235300,62.9,62.925,62.88,62.88,63.21,62.81,,,,,,,,,,,,,,,,,,,,,,,,,,,,,,,,,,,,,,,,,,,,,,,,,,,,3791,4214
1787235360,62.88,62.89,62.83,62.84,63.21,62.81,,,,,,,,,,,,,,,,,,,,,,,,,,,,,,,,,,,,,,,,,,,,,,,,,,,,5641,4321.15
1787235420,62.84,62.845,62.815,62.815,63.21,62.81,,,,,,,,,,,,,,,,,,,,,,,,,,,,,,,,,,,,,,,,,,,,,,,,,,,,2698,4214.4
1787235480,62.81,62.82,62.78,62.81,63.21,62.81,,,,,,,,,,,,,,,,,,,,,,,,,,,,,,,,,,,,,,,,,,,,,,,,,,,,7487,4408.35
1787235540,62.82,62.84,62.76,62.765,63.21,62.81,,,,,,,,,,,,,,,,,,,,,,,,,,,,,,,,,,,,,,,,,,,,,,,,,,,,9157,4703.6
1787235600,62.76,62.83,62.74,62.82,63.21,62.81,,,,,,,,,,,,,,,,,,,,,,,,,,,,,,,,,,,,,,,,,,,,,,,,,,,,4064,4572.75
1787235660,62.82,62.83,62.75,62.76,63.21,62.81,,,,,,,,,,,,,,,,,,,,,,,,,,,,,,,,,,,,,,,,,,,,,,,,,,,,7275,4464.65
1787235720,62.75,62.83,62.75,62.825,63.21,62.81,,,,,,,,,,,,,,,,,,,,,,,,,,,,,,,,,,,,,,,,,,,,,,,,,,,,5378,4524.95
1787235780,62.82,62.87,62.81,62.86,63.21,62.81,,,,,,,,,,,,,,,,,,,,,,,,,,,,,,,,,,,,,,,,,,,,,,,,,,,,5024,4630.7
1787235840,62.87,62.88,62.84,62.88,63.21,62.81,,,,,,,,,,,,,,,,,,,,,,,,,,,,,,,,,,,,,,,,,,,,,,,,,,,,5671,4675.45
1787235900,62.9,62.975,62.9,62.97,63.21,62.81,,,,,,,,,,,,,,,,,,,,,,,,,,,,,,,,,,,,,,,,,,,,,,,,,,,,9575,4962.8
1787235960,62.97,63.01,62.95,62.97,63.21,62.81,,,,,,,,,,,,,,,,,,,,,,,,,,,,,,,,,,,,,,,,,,,,,,,,,,,,6986,5077.4
1787236020,62.97,62.97,62.95,62.96,63.21,62.81,,,,,,,,,,,,,,,,,,,,,,,,,,,,,,,,,,,,,,,,,,,,,,,,,,,,5678,5142.5
1787236080,62.96,62.985,62.96,62.97,63.21,62.81,,,,,,,,,,,,,,,,,,,,,,,,,,,,,,,,,,,,,,,,,,,,,,,,,,,,4154,4978.55
1787236140,62.98,62.98,62.95,62.96,63.21,62.81,,,,,,,,,,,,,,,,,,,,,,,,,,,,,,,,,,,,,,,,,,,,,,,,,,,,5070,5134.85
1787236200,62.95,62.95,62.905,62.92,63.21,62.81,,,,,,,,,,,,,,,,,,,,,,,,,,,,,,,,,,,,,,,,,,,,,,,,,,,,3320,5072.15
1787236260,62.915,62.97,62.915,62.97,63.21,62.81,,,,,,,,,,,,,,,,,,,,,,,,,,,,,,,,,,,,,,,,,,,,,,,,,,,,2371,5027.2
1787236320,62.97,63.01,62.96,63.005,63.21,62.81,,,,,,,,,,,,,,,,,,,,,,,,,,,,,,,,,,,,,,,,,,,,,,,,,,,,5062,5108.35
1787236380,63.01,63.04,62.96,63.03,63.21,62.81,,,,,,,,,,,,,,,,,,,,,,,,,,,,,,,,,,,,,,,,,,,,,,,,,,,,11496,5580.3
1787236440,63.03,63.06,63.03,63.05,63.21,62.81,,,,,,,,,,,,,,,,,,,,,,,,,,,,,,,,,,,,,,,,,,,,,,,,,,,,9014,5945.6
1787236500,63.04,63.09,63.04,63.08,63.21,62.81,,,,,,,,,,,,,,,,,,,,,,,,,,,,,,,,,,,,,,,,,,,,,,,,,,,,6347,6073.4
1787236560,63.08,63.095,63.065,63.09,63.21,62.81,,,,,,,,,,,,,,,,,,,,,,,,,,,,,,,,,,,,,,,,,,,,,,,,,,,,5166,6049.65
1787236620,63.08,63.09,63.025,63.025,63.21,62.81,,,,,,,,,,,,,,,,,,,,,,,,,,,,,,,,,,,,,,,,,,,,,,,,,,,,16294,6729.45
1787236680,63.02,63.045,62.995,63.02,63.21,62.81,,,,,,,,,,,,,,,,,,,,,,,,,,,,,,,,,,,,,,,,,,,,,,,,,,,,10292,6869.7
1787236740,63.03,63.045,63.005,63.02,63.21,62.81,,,,,,,,,,,,,,,,,,,,,,,,,,,,,,,,,,,,,,,,,,,,,,,,,,,,8616,6842.65
1787236800,63.02,63.03,63.01,63.03,63.21,62.81,,,,,,,,,,,,,,,,,,,,,,,,,,,,,,,,,,,,,,,,,,,,,,,,,,,,3586,6818.75
1787236860,63.02,63.04,63.02,63.02,63.21,62.81,,,,,,,,,,,,,,,,,,,,,,,,,,,,,,,,,,,,,,,,,,,,,,,,,,,,2337,6571.85
1787236920,63.03,63.055,63.01,63.055,63.21,62.81,,,,,,,,,,,,,,,,,,,,,,,,,,,,,,,,,,,,,,,,,,,,,,,,,,,,6290,6617.45
1787236980,63.045,63.06,63.04,63.04,63.21,62.81,,,,,,,,,,,,,,,,,,,,,,,,,,,,,,,,,,,,,,,,,,,,,,,,,,,,9358,6834.15
1787237040,63.04,63.05,63.005,63.005,63.21,62.81,,,,,,,,,,,,,,,,,,,,,,,,,,,,,,,,,,,,,,,,,,,,,,,,,,,,3102,6705.7
1787237100,63.01,63.02,63,63,63.21,62.81,,,,,,,,,,,,,,,,,,,,,,,,,,,,,,,,,,,,,,,,,,,,,,,,,,,,3671,6410.5
1787237160,63,63.06,63,63.06,63.21,62.81,,,,,,,,,,,,,,,,,,,,,,,,,,,,,,,,,,,,,,,,,,,,,,,,,,,,6905,6406.45
1787237220,63.06,63.085,63.06,63.07,63.21,62.81,,,,,,,,,,,,,,,,,,,,,,,,,,,,,,,,,,,,,,,,,,,,,,,,,,,,5757,6410.4
1787237280,63.07,63.07,63.06,63.065,63.21,62.81,,,,,,,,,,,,,,,,,,,,,,,,,,,,,,,,,,,,,,,,,,,,,,,,,,,,2686,6337
1787237340,63.06,63.08,63.045,63.08,63.21,62.81,,,,,,,,,,,,,,,,,,,,,,,,,,,,,,,,,,,,,,,,,,,,,,,,,,,,8198,6493.4
1787237400,63.08,63.08,63.06,63.07,63.21,62.81,,,,,,,,,,,,,,,,,,,,,,,,,,,,,,,,,,,,,,,,,,,,,,,,,,,,4053,6530.05
1787237460,63.08,63.15,63.08,63.145,63.21,62.81,,,,,,,,,,,,,,,,,,,,,,,,,,,,,,,,,,,,,,,,,,,,,,,,,,,,13044,7063.7
1787237520,63.13,63.16,63.13,63.15,63.21,62.81,,,,,,,,,,,,,,,,,,,,,,,,,,,,,,,,,,,,,,,,,,,,,,,,,,,,6403,7130.75
1787237580,63.145,63.18,63.145,63.18,63.21,62.81,,,,,,,,,,,,,,,,,,,,,,,,,,,,,,,,,,,,,,,,,,,,,,,,,,,,16727,7392.3
1787237640,63.185,63.2,63.17,63.195,63.21,62.81,,,,,,,,,,,,,,,,,,,,,,,,,,,,,,,,,,,,,,,,,,,,,,,,,,,,4023,7142.75
1787237700,63.19,63.2,63.16,63.19,63.21,62.81,,,,,,,,,,,,,,,,,,,,,,,,,,,,,,,,,,,,,,,,,,,,,,,,,,,,10503,7350.55
1787237760,63.18,63.18,63.14,63.16,63.21,62.81,,,,,,,,,,,,,,,,,,,,,,,,,,,,,,,,,,,,,,,,,,,,,,,,,,,,3148,7249.65
1787237820,63.15,63.16,63.13,63.15,63.21,62.81,,,,,,,,,,,,,,,,,,,,,,,,,,,,,,,,,,,,,,,,,,,,,,,,,,,,2116,6540.75
1787237880,63.15,63.155,63.125,63.13,63.21,62.81,,,,,,,,,,,,,,,,,,,,,,,,,,,,,,,,,,,,,,,,,,,,,,,,,,,,2209,6136.6
1787237940,63.125,63.15,63.125,63.14,63.21,62.81,,,,,,,,,,,,,,,,,,,,,,,,,,,,,,,,,,,,,,,,,,,,,,,,,,,,2902,5850.9
1787238000,63.14,63.17,63.14,63.15,63.21,62.81,,,,,,,,,,,,,,,,,,,,,,,,,,,,,,,,,,,,,,,,,,,,,,,,,,,,3726,5857.9
1787238060,63.15,63.17,63.14,63.17,63.21,62.81,,,,,,,,,,,,,,,,,,,,,,,,,,,,,,,,,,,,,,,,,,,,,,,,,,,,5271,6004.6
1787238120,63.165,63.18,63.16,63.16,63.21,62.81,,,,,,,,,,,,,,,,,,,,,,,,,,,,,,,,,,,,,,,,,,,,,,,,,,,,5624,5971.3
1787238180,63.16,63.23,63.16,63.23,63.21,62.81,,,,,,,,,,,,,,,,,,,,,,,,,,,,,,,,,,,,,,,,,,,,,,,,,,,,6745,5840.65
1787238240,63.23,63.24,63.22,63.22,63.21,62.81,,,,,,,,,,,,,,,,,,,,,,,,,,,,,,,,,,,,,,,,,,,,,,,,,,,,8199,6095.5
1787238300,63.2,63.2,63.18,63.18,63.21,62.81,,,,,,,,,,,,,,,,,,,,,,,,,,,,,,,,,,,,,,,,,,,,,,,,,,,,3510,6087.45
1787238360,63.19,63.19,63.15,63.17,63.21,62.81,,,,,,,,,,,,,,,,,,,,,,,,,,,,,,,,,,,,,,,,,,,,,,,,,,,,3097,5897.05
1787238420,63.17,63.195,63.13,63.13,63.21,62.81,,,,,,,,,,,,,,,,,,,,,,,,,,,,,,,,,,,,,,,,,,,,,,,,,,,,4341,5826.25
1787238480,63.11,63.11,63.08,63.08,63.21,62.81,,,,,,,,,,,,,,,,,,,,,,,,,,,,,,,,,,,,,,,,,,,,,,,,,,,,4661,5925
1787238540,63.08,63.085,63.045,63.05,63.21,62.81,,,,,,,,,,,,,,,,,,,,,,,,,,,,,,,,,,,,,,,,,,,,,,,,,,,,4524,5741.3
1787238600,63.05,63.06,63.01,63.01,63.21,62.81,,,,,,,,,,,,,,,,,,,,,,,,,,,,,,,,,,,,,,,,,,,,,,,,,,,,5335,5805.4
1787238660,63.015,63.015,62.93,62.97,63.21,62.81,,,,,,,,,,,,,,,,,,,,,,,,,,,,,,,,,,,,,,,,,,,,,,,,,,,,9495,5627.95
1787238720,62.96,62.96,62.885,62.96,63.21,62.81,,,,,,,,,,,,,,,,,,,,,,,,,,,,,,,,,,,,,,,,,,,,,,,,,,,,10151,5815.35
1787238780,62.98,63,62.95,62.97,63.21,62.81,,,,,,,,,,,,,,,,,,,,,,,,,,,,,,,,,,,,,,,,,,,,,,,,,,,,6069,5282.45
1787238840,62.97,62.97,62.93,62.945,63.21,62.81,,,,,,,,,,,,,,,,,,,,,,,,,,,,,,,,,,,,,,,,,,,,,,,,,,,,4939,5328.25
1787238900,62.93,62.93,62.895,62.925,63.21,62.81,,,,,,,,,,,,,,,,,,,,,,,,,,,,,,,,,,,,,,,,,,,,,,,,,,,,5249,5065.55
1787238960,62.925,62.945,62.92,62.945,63.21,62.81,,,,,,,,,,,,,,,,,,,,,,,,,,,,,,,,,,,,,,,,,,,,,,,,,,,,3226,5069.45
1787239020,62.945,62.95,62.925,62.95,63.21,62.81,,,,,,,,,,,,,,,,,,,,,,,,,,,,,,,,,,,,,,,,,,,,,,,,,,,,3817,5154.5
1787239080,62.945,62.955,62.925,62.95,63.21,62.81,,,,,,,,,,,,,,,,,,,,,,,,,,,,,,,,,,,,,,,,,,,,,,,,,,,,3936,5240.85
1787239140,62.94,62.96,62.935,62.96,63.21,62.81,,,,,,,,,,,,,,,,,,,,,,,,,,,,,,,,,,,,,,,,,,,,,,,,,,,,13472,5769.35
1787239200,62.95,62.97,62.915,62.92,63.21,62.81,,,,,,,,,,,,,,,,,,,,,,,,,,,,,,,,,,,,,,,,,,,,,,,,,,,,5911,5878.6
1787239260,62.92,62.93,62.92,62.92,63.21,62.81,,,,,,,,,,,,,,,,,,,,,,,,,,,,,,,,,,,,,,,,,,,,,,,,,,,,2986,5764.35
1787239320,62.92,62.935,62.915,62.935,63.21,62.81,,,,,,,,,,,,,,,,,,,,,,,,,,,,,,,,,,,,,,,,,,,,,,,,,,,,2835,5624.9
1787239380,62.93,62.94,62.925,62.93,63.21,62.81,,,,,,,,,,,,,,,,,,,,,,,,,,,,,,,,,,,,,,,,,,,,,,,,,,,,1295,5352.4
1787239440,62.92,62.94,62.92,62.94,63.21,62.81,,,,,,,,,,,,,,,,,,,,,,,,,,,,,,,,,,,,,,,,,,,,,,,,,,,,2685,5076.7
1787239500,62.945,62.945,62.93,62.935,63.21,62.81,,,,,,,,,,,,,,,,,,,,,,,,,,,,,,,,,,,,,,,,,,,,,,,,,,,,772,4939.8
1787239560,62.94,62.94,62.89,62.89,63.21,62.81,,,,,,,,,,,,,,,,,,,,,,,,,,,,,,,,,,,,,,,,,,,,,,,,,,,,2836,4926.75
1787239620,62.89,62.9,62.865,62.9,63.21,62.81,,,,,,,,,,,,,,,,,,,,,,,,,,,,,,,,,,,,,,,,,,,,,,,,,,,,6826,5051
1787239680,62.91,62.91,62.875,62.89,63.21,62.81,,,,,,,,,,,,,,,,,,,,,,,,,,,,,,,,,,,,,,,,,,,,,,,,,,,,5123,5074.1
1787239740,62.88,62.895,62.855,62.855,63.21,62.81,,,,,,,,,,,,,,,,,,,,,,,,,,,,,,,,,,,,,,,,,,,,,,,,,,,,1644,4930.1
1787239800,62.85,62.855,62.84,62.85,63.21,62.81,,,,,,,,,,,,,,,,,,,,,,,,,,,,,,,,,,,,,,,,,,,,,,,,,,,,3083,4817.5
1787239860,62.85,62.85,62.785,62.785,63.21,62.81,,,,,,,,,,,,,,,,,,,,,,,,,,,,,,,,,,,,,,,,,,,,,,,,,,,,5309,4608.2
1787239920,62.785,62.79,62.78,62.78,63.21,62.81,,,,,,,,,,,,,,,,,,,,,,,,,,,,,,,,,,,,,,,,,,,,,,,,,,,,3698,4285.55
1787239980,62.785,62.8,62.785,62.8,63.21,62.81,,,,,,,,,,,,,,,,,,,,,,,,,,,,,,,,,,,,,,,,,,,,,,,,,,,,5494,4256.8
1787240040,62.805,62.805,62.785,62.8,63.21,62.81,,,,,,,,,,,,,,,,,,,,,,,,,,,,,,,,,,,,,,,,,,,,,,,,,,,,1953,4107.5
1787240100,62.8,62.8,62.77,62.77,63.21,62.81,,,,,,,,,,,,,,,,,,,,,,,,,,,,,,,,,,,,,,,,,,,,,,,,,,,,2276,3958.85
1787240160,62.77,62.77,62.745,62.745,63.21,62.81,,,,,,,,,,,,,,,,,,,,,,,,,,,,,,,,,,,,,,,,,,,,,,,,,,,,3824,3988.75
1787240220,62.74,62.75,62.725,62.73,63.21,62.81,,,,,,,,,,,,,,,,,,,,,,,,,,,,,,,,,,,,,,,,,,,,,,,,,,,,2310,3913.4
1787240280,62.73,62.73,62.69,62.7,63.21,62.81,,,,,,,,,,,,,,,,,,,,,,,,,,,,,,,,,,,,,,,,,,,,,,,,,,,,7330,4083.1
1787240340,62.7,62.7,62.68,62.695,63.21,62.81,,,,,,,,,,,,,,,,,,,,,,,,,,,,,,,,,,,,,,,,,,,,,,,,,,,,4175,3618.25
1787240400,62.695,62.715,62.69,62.7,63.21,62.81,,,,,,,,,,,,,,,,,,,,,,,,,,,,,,,,,,,,,,,,,,,,,,,,,,,,7373,3691.35
1787240460,62.695,62.715,62.695,62.71,63.21,62.81,,,,,,,,,,,,,,,,,,,,,,,,,,,,,,,,,,,,,,,,,,,,,,,,,,,,3172,3700.65
1787240520,62.71,62.71,62.69,62.69,63.21,62.81,,,,,,,,,,,,,,,,,,,,,,,,,,,,,,,,,,,,,,,,,,,,,,,,,,,,2278,3672.8
1787240580,62.68,62.685,62.65,62.65,63.21,62.81,,,,,,,,,,,,,,,,,,,,,,,,,,,,,,,,,,,,,,,,,,,,,,,,,,,,4718,3843.95
1787240640,62.65,62.65,62.625,62.625,63.21,62.81,,,,,,,,,,,,,,,,,,,,,,,,,,,,,,,,,,,,,,,,,,,,,,,,,,,,1514,3785.4
1787240700,62.63,62.69,62.63,62.69,63.21,62.81,,,,,,,,,,,,,,,,,,,,,,,,,,,,,,,,,,,,,,,,,,,,,,,,,,,,5913,4042.45
1787240760,62.68,62.685,62.665,62.67,63.21,62.81,,,,,,,,,,,,,,,,,,,,,,,,,,,,,,,,,,,,,,,,,,,,,,,,,,,,1390,3970.15
1787240820,62.67,62.67,62.66,62.66,63.21,62.81,,,,,,,,,,,,,,,,,,,,,,,,,,,,,,,,,,,,,,,,,,,,,,,,,,,,918,3674.75
1787240880,62.66,62.66,62.63,62.63,63.21,62.81,,,,,,,,,,,,,,,,,,,,,,,,,,,,,,,,,,,,,,,,,,,,,,,,,,,,466,3441.9
1787240940,62.64,62.66,62.64,62.65,63.21,62.81,,,,,,,,,,,,,,,,,,,,,,,,,,,,,,,,,,,,,,,,,,,,,,,,,,,,2189,3469.15
1787241000,62.64,62.67,62.635,62.67,63.21,62.81,,,,,,,,,,,,,,,,,,,,,,,,,,,,,,,,,,,,,,,,,,,,,,,,,,,,2707,3450.35
1787241060,62.67,62.67,62.631,62.67,63.21,62.81,,,,,,,,,,,,,,,,,,,,,,,,,,,,,,,,,,,,,,,,,,,,,,,,,,,,5399,3454.85
1787241120,62.68,62.69,62.68,62.69,63.21,62.81,,,,,,,,,,,,,,,,,,,,,,,,,,,,,,,,,,,,,,,,,,,,,,,,,,,,1991,3369.5
1787241180,62.685,62.685,62.62,62.665,63.21,62.81,,,,,,,,,,,,,,,,,,,,,,,,,,,,,,,,,,,,,,,,,,,,,,,,,,,,12940,3741.8
1787241240,62.665,62.665,62.63,62.63,63.21,62.81,,,,,,,,,,,,,,,,,,,,,,,,,,,,,,,,,,,,,,,,,,,,,,,,,,,,1529,3720.6
1787241300,62.62,62.67,62.62,62.67,63.21,62.81,,,,,,,,,,,,,,,,,,,,,,,,,,,,,,,,,,,,,,,,,,,,,,,,,,,,2162,3714.9
1787241360,62.66,62.67,62.64,62.66,63.21,62.81,,,,,,,,,,,,,,,,,,,,,,,,,,,,,,,,,,,,,,,,,,,,,,,,,,,,1756,3611.5
1787241420,62.64,62.64,62.63,62.63,63.21,62.81,,,,,,,,,,,,,,,,,,,,,,,,,,,,,,,,,,,,,,,,,,,,,,,,,,,,1546,3573.3
1787241480,62.63,62.63,62.61,62.61,63.21,62.81,,,,,,,,,,,,,,,,,,,,,,,,,,,,,,,,,,,,,,,,,,,,,,,,,,,,890,3251.3
1787241540,62.61,62.61,62.585,62.585,63.21,62.81,,,,,,,,,,,,,,,,,,,,,,,,,,,,,,,,,,,,,,,,,,,,,,,,,,,,2925,3188.8
1787241600,62.59,62.595,62.54,62.56,63.21,62.81,,,,,,,,,,,,,,,,,,,,,,,,,,,,,,,,,,,,,,,,,,,,,,,,,,,,11388,3389.55
1787241660,62.56,62.56,62.54,62.54,63.21,62.81,,,,,,,,,,,,,,,,,,,,,,,,,,,,,,,,,,,,,,,,,,,,,,,,,,,,960,3278.95
1787241720,62.55,62.57,62.55,62.57,63.21,62.81,,,,,,,,,,,,,,,,,,,,,,,,,,,,,,,,,,,,,,,,,,,,,,,,,,,,1152,3222.65
1787241780,62.56,62.56,62.52,62.53,63.21,62.81,,,,,,,,,,,,,,,,,,,,,,,,,,,,,,,,,,,,,,,,,,,,,,,,,,,,6711,3322.3
1787241840,62.53,62.56,62.53,62.53,63.21,62.81,,,,,,,,,,,,,,,,,,,,,,,,,,,,,,,,,,,,,,,,,,,,,,,,,,,,2553,3374.25
1787241900,62.54,62.54,62.53,62.53,63.21,62.81,,,,,,,,,,,,,,,,,,,,,,,,,,,,,,,,,,,,,,,,,,,,,,,,,,,,2136,3185.4
1787241960,62.54,62.555,62.54,62.555,63.21,62.81,,,,,,,,,,,,,,,,,,,,,,,,,,,,,,,,,,,,,,,,,,,,,,,,,,,,2905,3261.15
1787242020,62.55,62.57,62.545,62.57,63.21,62.81,,,,,,,,,,,,,,,,,,,,,,,,,,,,,,,,,,,,,,,,,,,,,,,,,,,,2256,3328.05
1787242080,62.58,62.615,62.58,62.615,63.21,62.81,,,,,,,,,,,,,,,,,,,,,,,,,,,,,,,,,,,,,,,,,,,,,,,,,,,,2785,3444
1787242140,62.615,62.63,62.605,62.61,63.21,62.81,,,,,,,,,,,,,,,,,,,,,,,,,,,,,,,,,,,,,,,,,,,,,,,,,,,,2489,3459
1787242200,62.6,62.6,62.57,62.575,63.21,62.81,,,,,,,,,,,,,,,,,,,,,,,,,,,,,,,,,,,,,,,,,,,,,,,,,,,,1549,3401.1
1787242260,62.57,62.57,62.56,62.565,63.21,62.81,,,,,,,,,,,,,,,,,,,,,,,,,,,,,,,,,,,,,,,,,,,,,,,,,,,,2939,3278.1
1787242320,62.565,62.59,62.555,62.58,63.21,62.81,,,,,,,,,,,,,,,,,,,,,,,,,,,,,,,,,,,,,,,,,,,,,,,,,,,,1752,3266.15
1787242380,62.575,62.575,62.57,62.57,63.21,62.81,,,,,,,,,,,,,,,,,,,,,,,,,,,,,,,,,,,,,,,,,,,,,,,,,,,,3529,2795.6
1787242440,62.575,62.61,62.575,62.61,63.21,62.81,,,,,,,,,,,,,,,,,,,,,,,,,,,,,,,,,,,,,,,,,,,,,,,,,,,,2284,2833.35
1787242500,62.62,62.64,62.62,62.63,63.21,62.81,,,,,,,,,,,,,,,,,,,,,,,,,,,,,,,,,,,,,,,,,,,,,,,,,,,,1919,2821.2
1787242560,62.63,62.63,62.61,62.61,63.21,62.81,,,,,,,,,,,,,,,,,,,,,,,,,,,,,,,,,,,,,,,,,,,,,,,,,,,,493,2758.05
1787242620,62.61,62.62,62.605,62.605,63.21,62.81,,,,,,,,,,,,,,,,,,,,,,,,,,,,,,,,,,,,,,,,,,,,,,,,,,,,3429,2852.2
1787242680,62.6,62.625,62.59,62.625,63.21,62.81,,,,,,,,,,,,,,,,,,,,,,,,,,,,,,,,,,,,,,,,,,,,,,,,,,,,1960,2905.7
1787242740,62.625,62.625,62.62,62.62,63.21,62.81,,,,,,,,,,,,,,,,,,,,,,,,,,,,,,,,,,,,,,,,,,,,,,,,,,,,2546,2886.75
1787242800,62.62,62.635,62.62,62.63,63.21,62.81,,,,,,,,,,,,,,,,,,,,,,,,,,,,,,,,,,,,,,,,,,,,,,,,,,,,2195,2427.1
1787242860,62.635,62.65,62.615,62.615,63.21,62.81,,,,,,,,,,,,,,,,,,,,,,,,,,,,,,,,,,,,,,,,,,,,,,,,,,,,2780,2518.1
1787242920,62.61,62.62,62.61,62.61,63.21,62.81,,,,,,,,,,,,,,,,,,,,,,,,,,,,,,,,,,,,,,,,,,,,,,,,,,,,1545,2537.75
1787242980,62.615,62.625,62.61,62.62,63.21,62.81,,,,,,,,,,,,,,,,,,,,,,,,,,,,,,,,,,,,,,,,,,,,,,,,,,,,1838,2294.1
1787243040,62.615,62.635,62.615,62.63,63.21,62.81,,,,,,,,,,,,,,,,,,,,,,,,,,,,,,,,,,,,,,,,,,,,,,,,,,,,2587,2295.8
1787243100,62.63,62.645,62.625,62.645,63.21,62.81,,,,,,,,,,,,,,,,,,,,,,,,,,,,,,,,,,,,,,,,,,,,,,,,,,,,1744,2276.2
1787243160,62.645,62.65,62.64,62.65,63.21,62.81,,,,,,,,,,,,,,,,,,,,,,,,,,,,,,,,,,,,,,,,,,,,,,,,,,,,3164,2289.15
1787243220,62.65,62.69,62.65,62.685,63.21,62.81,,,,,,,,,,,,,,,,,,,,,,,,,,,,,,,,,,,,,,,,,,,,,,,,,,,,5085,2430.6
1787243280,62.685,62.685,62.655,62.66,63.21,62.81,,,,,,,,,,,,,,,,,,,,,,,,,,,,,,,,,,,,,,,,,,,,,,,,,,,,12372,2909.95
1787243340,62.67,62.68,62.67,62.67,63.21,62.81,,,,,,,,,,,,,,,,,,,,,,,,,,,,,,,,,,,,,,,,,,,,,,,,,,,,1584,2864.7
1787243400,62.66,62.68,62.645,62.68,63.21,62.81,,,,,,,,,,,,,,,,,,,,,,,,,,,,,,,,,,,,,,,,,,,,,,,,,,,,2785,2926.5
1787243460,62.685,62.705,62.68,62.705,63.21,62.81,,,,,,,,,,,,,,,,,,,,,,,,,,,,,,,,,,,,,,,,,,,,,,,,,,,,2853,2922.2
1787243520,62.705,62.705,62.7,62.7,63.21,62.81,,,,,,,,,,,,,,,,,,,,,,,,,,,,,,,,,,,,,,,,,,,,,,,,,,,,778,2873.5
1787243580,62.71,62.73,62.71,62.72,63.21,62.81,,,,,,,,,,,,,,,,,,,,,,,,,,,,,,,,,,,,,,,,,,,,,,,,,,,,3041,2849.1
1787243640,62.72,62.73,62.72,62.73,63.21,62.81,,,,,,,,,,,,,,,,,,,,,,,,,,,,,,,,,,,,,,,,,,,,,,,,,,,,489,2759.35
1787243700,62.725,62.725,62.695,62.695,63.21,62.81,,,,,,,,,,,,,,,,,,,,,,,,,,,,,,,,,,,,,,,,,,,,,,,,,,,,1523,2739.55
1787243760,62.7,62.75,62.7,62.75,63.21,62.81,,,,,,,,,,,,,,,,,,,,,,,,,,,,,,,,,,,,,,,,,,,,,,,,,,,,6640,3046.9
1787243820,62.75,62.76,62.75,62.76,63.21,62.81,,,,,,,,,,,,,,,,,,,,,,,,,,,,,,,,,,,,,,,,,,,,,,,,,,,,1056,2928.25
1787243880,62.755,62.77,62.74,62.745,63.21,62.81,,,,,,,,,,,,,,,,,,,,,,,,,,,,,,,,,,,,,,,,,,,,,,,,,,,,4389,3049.7
1787243940,62.75,62.765,62.75,62.765,63.21,62.81,,,,,,,,,,,,,,,,,,,,,,,,,,,,,,,,,,,,,,,,,,,,,,,,,,,,3144,3079.6
1787244000,62.765,62.81,62.765,62.81,63.21,62.81,,,,,,,,,,,,,,,,,,,,,,,,,,,,,,,,,,,,,,,,,,,,,,,,,,,,10787,3509.2
1787244060,62.81,62.83,62.8,62.8,63.21,62.81,,,,,,,,,,,,,,,,,,,,,,,,,,,,,,,,,,,,,,,,,,,,,,,,,,,,2681,3504.25
1787244120,62.8,62.805,62.79,62.805,63.21,62.81,,,,,,,,,,,,,,,,,,,,,,,,,,,,,,,,,,,,,,,,,,,,,,,,,,,,1062,3480.1
1787244180,62.8,62.805,62.785,62.795,63.21,62.81,,,,,,,,,,,,,,,,,,,,,,,,,,,,,,,,,,,,,,,,,,,,,,,,,,,,4291,3602.75
1787244240,62.77,62.785,62.77,62.785,63.21,62.81,,,,,,,,,,,,,,,,,,,,,,,,,,,,,,,,,,,,,,,,,,,,,,,,,,,,1920,3569.4
1787244300,62.78,62.78,62.73,62.745,63.21,62.81,,,,,,,,,,,,,,,,,,,,,,,,,,,,,,,,,,,,,,,,,,,,,,,,,,,,2313,3597.85
1787244360,62.745,62.745,62.71,62.71,63.21,62.81,,,,,,,,,,,,,,,,,,,,,,,,,,,,,,,,,,,,,,,,,,,,,,,,,,,,8079,3843.6
1787244420,62.71,62.72,62.685,62.69,63.21,62.81,,,,,,,,,,,,,,,,,,,,,,,,,,,,,,,,,,,,,,,,,,,,,,,,,,,,3619,3770.3
1787244480,62.695,62.705,62.685,62.685,63.21,62.81,,,,,,,,,,,,,,,,,,,,,,,,,,,,,,,,,,,,,,,,,,,,,,,,,,,,4968,3400.1
1787244540,62.68,62.7,62.67,62.695,63.21,62.81,,,,,,,,,,,,,,,,,,,,,,,,,,,,,,,,,,,,,,,,,,,,,,,,,,,,15276,4084.7
1787244600,62.7,62.745,62.7,62.735,63.21,62.81,,,,,,,,,,,,,,,,,,,,,,,,,,,,,,,,,,,,,,,,,,,,,,,,,,,,2609,4075.9
1787244660,62.74,62.74,62.725,62.725,63.21,62.81,,,,,,,,,,,,,,,,,,,,,,,,,,,,,,,,,,,,,,,,,,,,,,,,,,,,172,3941.85
1787244720,62.72,62.74,62.71,62.74,63.21,62.81,,,,,,,,,,,,,,,,,,,,,,,,,,,,,,,,,,,,,,,,,,,,,,,,,,,,27260,5265.95
1787244780,62.75,62.76,62.745,62.755,63.21,62.81,,,,,,,,,,,,,,,,,,,,,,,,,,,,,,,,,,,,,,,,,,,,,,,,,,,,3298,5278.8
1787244840,62.73,62.73,62.69,62.69,63.21,62.81,,,,,,,,,,,,,,,,,,,,,,,,,,,,,,,,,,,,,,,,,,,,,,,,,,,,7617,5635.2
1787244900,62.68,62.68,62.68,62.68,63.21,62.81,,,,,,,,,,,,,,,,,,,,,,,,,,,,,,,,,,,,,,,,,,,,,,,,,,,,223,5570.2
1787244960,62.69,62.71,62.69,62.7,63.21,62.81,,,,,,,,,,,,,,,,,,,,,,,,,,,,,,,,,,,,,,,,,,,,,,,,,,,,8364,5656.4
1787245020,62.71,62.71,62.7,62.7,63.21,62.81,,,,,,,,,,,,,,,,,,,,,,,,,,,,,,,,,,,,,,,,,,,,,,,,,,,,149,5611.05
1787245080,62.7,62.72,62.7,62.72,63.21,62.81,,,,,,,,,,,,,,,,,,,,,,,,,,,,,,,,,,,,,,,,,,,,,,,,,,,,1878,5485.5
1787245140,62.73,62.79,62.73,62.775,63.21,62.81,,,,,,,,,,,,,,,,,,,,,,,,,,,,,,,,,,,,,,,,,,,,,,,,,,,,1361,5396.35
1787245200,62.77,62.785,62.755,62.78,63.21,62.81,,,,,,,,,,,,,,,,,,,,,,,,,,,,,,,,,,,,,,,,,,,,,,,,,,,,1494,4931.7
1787245260,62.77,62.77,62.74,62.74,63.21,62.81,,,,,,,,,,,,,,,,,,,,,,,,,,,,,,,,,,,,,,,,,,,,,,,,,,,,2335,4914.4
1787245320,62.74,62.755,62.74,62.755,63.21,62.81,,,,,,,,,,,,,,,,,,,,,,,,,,,,,,,,,,,,,,,,,,,,,,,,,,,,3403,5031.45
1787245380,62.76,62.775,62.74,62.74,63.21,62.81,,,,,,,,,,,,,,,,,,,,,,,,,,,,,,,,,,,,,,,,,,,,,,,,,,,,1421,4887.95
1787245440,62.735,62.745,62.73,62.74,63.21,62.81,,,,,,,,,,,,,,,,,,,,,,,,,,,,,,,,,,,,,,,,,,,,,,,,,,,,526,4818.25
1787245500,62.74,62.76,62.735,62.76,63.21,62.81,,,,,,,,,,,,,,,,,,,,,,,,,,,,,,,,,,,,,,,,,,,,,,,,,,,,984,4751.8
1787245560,62.75,62.755,62.75,62.755,63.21,62.81,,,,,,,,,,,,,,,,,,,,,,,,,,,,,,,,,,,,,,,,,,,,,,,,,,,,23,4349
1787245620,62.75,62.755,62.75,62.75,63.21,62.81,,,,,,,,,,,,,,,,,,,,,,,,,,,,,,,,,,,,,,,,,,,,,,,,,,,,548,4195.45
1787245680,62.745,62.75,62.74,62.75,63.21,62.81,,,,,,,,,,,,,,,,,,,,,,,,,,,,,,,,,,,,,,,,,,,,,,,,,,,,4901,4192.1
1787245740,62.755,62.755,62.75,62.755,63.21,62.81,,,,,,,,,,,,,,,,,,,,,,,,,,,,,,,,,,,,,,,,,,,,,,,,,,,,127,3434.65
1787245800,62.755,62.755,62.72,62.72,63.21,62.81,,,,,,,,,,,,,,,,,,,,,,,,,,,,,,,,,,,,,,,,,,,,,,,,,,,,1653,3386.85
1787245860,62.715,62.72,62.715,62.72,63.21,62.81,,,,,,,,,,,,,,,,,,,,,,,,,,,,,,,,,,,,,,,,,,,,,,,,,,,,3,3378.4
1787245920,62.715,62.73,62.71,62.725,63.21,62.81,,,,,,,,,,,,,,,,,,,,,,,,,,,,,,,,,,,,,,,,,,,,,,,,,,,,6169,2323.85
1787245980,62.73,62.73,62.715,62.715,63.21,62.81,,,,,,,,,,,,,,,,,,,,,,,,,,,,,,,,,,,,,,,,,,,,,,,,,,,,438,2180.85
1787246040,62.715,62.74,62.71,62.73,63.21,62.81,,,,,,,,,,,,,,,,,,,,,,,,,,,,,,,,,,,,,,,,,,,,,,,,,,,,5167,2058.35
1787246100,62.725,62.73,62.705,62.705,63.21,62.81,,,,,,,,,,,,,,,,,,,,,,,,,,,,,,,,,,,,,,,,,,,,,,,,,,,,1764,2135.4
1787246160,62.7,62.7,62.68,62.69,63.21,62.81,,,,,,,,,,,,,,,,,,,,,,,,,,,,,,,,,,,,,,,,,,,,,,,,,,,,1144,1774.4
1787246220,62.685,62.69,62.67,62.675,63.21,62.81,,,,,,,,,,,,,,,,,,,,,,,,,,,,,,,,,,,,,,,,,,,,,,,,,,,,511,1792.5
1787246280,62.675,62.685,62.675,62.68,63.21,62.81,,,,,,,,,,,,,,,,,,,,,,,,,,,,,,,,,,,,,,,,,,,,,,,,,,,,889,1743.05
1787246340,62.68,62.68,62.65,62.65,63.21,62.81,,,,,,,,,,,,,,,,,,,,,,,,,,,,,,,,,,,,,,,,,,,,,,,,,,,,2381,1794.05
1787246400,62.65,62.655,62.64,62.64,63.21,62.81,,,,,,,,,,,,,,,,,,,,,,,,,,,,,,,,,,,,,,,,,,,,,,,,,,,,1081,1773.4
1787246460,62.64,62.67,62.635,62.67,63.21,62.81,,,,,,,,,,,,,,,,,,,,,,,,,,,,,,,,,,,,,,,,,,,,,,,,,,,,4186,1865.95
1787246520,62.67,62.7,62.67,62.68,63.21,62.81,,,,,,,,,,,,,,,,,,,,,,,,,,,,,,,,,,,,,,,,,,,,,,,,,,,,1451,1768.35
1787246580,62.69,62.7,62.69,62.69,63.21,62.81,,,,,,,,,,,,,,,,,,,,,,,,,,,,,,,,,,,,,,,,,,,,,,,,,,,,472,1720.9
1787246640,62.7,62.72,62.7,62.72,63.21,62.81,,,,,,,,,,,,,,,,,,,,,,,,,,,,,,,,,,,,,,,,,,,,,,,,,,,,856,1737.4
1787246700,62.72,62.72,62.695,62.7,63.21,62.81,,,,,,,,,,,,,,,,,,,,,,,,,,,,,,,,,,,,,,,,,,,,,,,,,,,,3687,1872.55
1787246760,62.7,62.7,62.675,62.675,63.21,62.81,,,,,,,,,,,,,,,,,,,,,,,,,,,,,,,,,,,,,,,,,,,,,,,,,,,,244,1883.6
1787246820,62.68,62.69,62.67,62.69,63.21,62.81,,,,,,,,,,,,,,,,,,,,,,,,,,,,,,,,,,,,,,,,,,,,,,,,,,,,2249,1968.65
1787246880,62.69,62.71,62.69,62.71,63.21,62.81,,,,,,,,,,,,,,,,,,,,,,,,,,,,,,,,,,,,,,,,,,,,,,,,,,,,896,1768.4
1787246940,62.7,62.71,62.695,62.695,63.21,62.81,,,,,,,,,,,,,,,,,,,,,,,,,,,,,,,,,,,,,,,,,,,,,,,,,,,,2251,1874.6
1787247000,62.7,62.7,62.69,62.7,63.21,62.81,,,,,,,,,,,,,,,,,,,,,,,,,,,,,,,,,,,,,,,,,,,,,,,,,,,,648,1824.35
1787247060,62.71,62.72,62.7,62.7,63.21,62.81,,,,,,,,,,,,,,,,,,,,,,,,,,,,,,,,,,,,,,,,,,,,,,,,,,,,1090,1878.7
1787247120,62.69,62.7,62.675,62.675,63.21,62.81,,,,,,,,,,,,,,,,,,,,,,,,,,,,,,,,,,,,,,,,,,,,,,,,,,,,606,1600.55
1787247180,62.67,62.67,62.65,62.66,63.21,62.81,,,,,,,,,,,,,,,,,,,,,,,,,,,,,,,,,,,,,,,,,,,,,,,,,,,,5267,1842
1787247240,62.665,62.67,62.665,62.67,63.21,62.81,,,,,,,,,,,,,,,,,,,,,,,,,,,,,,,,,,,,,,,,,,,,,,,,,,,,2194,1693.35
1787247300,62.67,62.67,62.67,62.67,63.21,62.81,,,,,,,,,,,,,,,,,,,,,,,,,,,,,,,,,,,,,,,,,,,,,,,,,,,,370,1623.65
1787247360,62.66,62.67,62.64,62.64,63.21,62.81,,,,,,,,,,,,,,,,,,,,,,,,,,,,,,,,,,,,,,,,,,,,,,,,,,,,2647,1698.8
1787247420,62.645,62.645,62.615,62.615,63.21,62.81,,,,,,,,,,,,,,,,,,,,,,,,,,,,,,,,,,,,,,,,,,,,,,,,,,,,1509,1748.7
1787247480,62.615,62.615,62.605,62.61,63.21,62.81,,,,,,,,,,,,,,,,,,,,,,,,,,,,,,,,,,,,,,,,,,,,,,,,,,,,983,1753.4
1787247540,62.615,62.625,62.615,62.625,63.21,62.81,,,,,,,,,,,,,,,,,,,,,,,,,,,,,,,,,,,,,,,,,,,,,,,,,,,,1233,1696
1787247600,62.625,62.63,62.61,62.61,63.21,62.81,,,,,,,,,,,,,,,,,,,,,,,,,,,,,,,,,,,,,,,,,,,,,,,,,,,,2157,1749.8
1787247660,62.62,62.63,62.62,62.63,63.21,62.81,,,,,,,,,,,,,,,,,,,,,,,,,,,,,,,,,,,,,,,,,,,,,,,,,,,,1320,1606.5
1787247720,62.625,62.625,62.59,62.595,63.21,62.81,,,,,,,,,,,,,,,,,,,,,,,,,,,,,,,,,,,,,,,,,,,,,,,,,,,,4390,1753.45
1787247780,62.59,62.6,62.59,62.6,63.21,62.81,,,,,,,,,,,,,,,,,,,,,,,,,,,,,,,,,,,,,,,,,,,,,,,,,,,,5254,1992.55
1787247840,62.595,62.6,62.585,62.585,63.21,62.81,,,,,,,,,,,,,,,,,,,,,,,,,,,,,,,,,,,,,,,,,,,,,,,,,,,,654,1982.45
1787247900,62.58,62.58,62.545,62.56,63.21,62.81,,,,,,,,,,,,,,,,,,,,,,,,,,,,,,,,,,,,,,,,,,,,,,,,,,,,4112,2003.7
1787247960,62.56,62.575,62.56,62.565,63.21,62.81,,,,,,,,,,,,,,,,,,,,,,,,,,,,,,,,,,,,,,,,,,,,,,,,,,,,3078,2145.4
1787248020,62.56,62.56,62.535,62.54,63.21,62.81,,,,,,,,,,,,,,,,,,,,,,,,,,,,,,,,,,,,,,,,,,,,,,,,,,,,1372,2101.55
1787248080,62.54,62.55,62.54,62.55,63.21,62.81,,,,,,,,,,,,,,,,,,,,,,,,,,,,,,,,,,,,,,,,,,,,,,,,,,,,771,2095.3
1787248140,62.54,62.55,62.54,62.55,63.21,62.81,,,,,,,,,,,,,,,,,,,,,,,,,,,,,,,,,,,,,,,,,,,,,,,,,,,,2170,2091.25
1787248200,62.54,62.54,62.52,62.53,63.21,62.81,,,,,,,,,,,,,,,,,,,,,,,,,,,,,,,,,,,,,,,,,,,,,,,,,,,,352,2076.45
1787248260,62.52,62.535,62.51,62.535,63.21,62.81,,,,,,,,,,,,,,,,,,,,,,,,,,,,,,,,,,,,,,,,,,,,,,,,,,,,3276,2185.75
1787248320,62.54,62.545,62.53,62.54,63.21,62.81,,,,,,,,,,,,,,,,,,,,,,,,,,,,,,,,,,,,,,,,,,,,,,,,,,,,3087,2309.8
1787248380,62.54,62.565,62.54,62.565,63.21,62.81,,,,,,,,,,,,,,,,,,,,,,,,,,,,,,,,,,,,,,,,,,,,,,,,,,,,2593,2176.1
1787248440,62.56,62.575,62.56,62.57,63.21,62.81,,,,,,,,,,,,,,,,,,,,,,,,,,,,,,,,,,,,,,,,,,,,,,,,,,,,2164,2174.6
1787248500,62.57,62.59,62.57,62.59,63.21,62.81,,,,,,,,,,,,,,,,,,,,,,,,,,,,,,,,,,,,,,,,,,,,,,,,,,,,1901,2251.15
1787248560,62.59,62.59,62.565,62.565,63.21,62.81,,,,,,,,,,,,,,,,,,,,,,,,,,,,,,,,,,,,,,,,,,,,,,,,,,,,692,2153.4
1787248620,62.565,62.58,62.56,62.58,63.21,62.81,,,,,,,,,,,,,,,,,,,,,,,,,,,,,,,,,,,,,,,,,,,,,,,,,,,,4122,2284.05
1787248680,62.59,62.6,62.58,62.59,63.21,62.81,,,,,,,,,,,,,,,,,,,,,,,,,,,,,,,,,,,,,,,,,,,,,,,,,,,,11260,2797.9
1787248740,62.59,62.595,62.58,62.58,63.21,62.81,,,,,,,,,,,,,,,,,,,,,,,,,,,,,,,,,,,,,,,,,,,,,,,,,,,,1208,2796.65
1787248800,62.575,62.58,62.555,62.575,63.21,62.81,,,,,,,,,,,,,,,,,,,,,,,,,,,,,,,,,,,,,,,,,,,,,,,,,,,,4751,2926.35
1787248860,62.59,62.6,62.58,62.58,63.21,62.81,,,,,,,,,,,,,,,,,,,,,,,,,,,,,,,,,,,,,,,,,,,,,,,,,,,,2598,2990.25
1787248920,62.57,62.595,62.57,62.59,63.21,62.81,,,,,,,,,,,,,,,,,,,,,,,,,,,,,,,,,,,,,,,,,,,,,,,,,,,,2997,2920.6
1787248980,62.59,62.595,62.589,62.595,63.21,62.81,,,,,,,,,,,,,,,,,,,,,,,,,,,,,,,,,,,,,,,,,,,,,,,,,,,,1051,2710.45
1787249040,62.6,62.62,62.6,62.62,63.21,62.81,,,,,,,,,,,,,,,,,,,,,,,,,,,,,,,,,,,,,,,,,,,,,,,,,,,,973,2726.4
1787249100,62.62,62.62,62.6,62.61,63.21,62.81,,,,,,,,,,,,,,,,,,,,,,,,,,,,,,,,,,,,,,,,,,,,,,,,,,,,1966,2619.1
1787249160,62.615,62.62,62.61,62.61,63.21,62.81,,,,,,,,,,,,,,,,,,,,,,,,,,,,,,,,,,,,,,,,,,,,,,,,,,,,607,2495.55
1787249220,62.6,62.61,62.58,62.58,63.21,62.81,,,,,,,,,,,,,,,,,,,,,,,,,,,,,,,,,,,,,,,,,,,,,,,,,,,,2930,2573.45
1787249280,62.575,62.58,62.56,62.58,63.21,62.81,,,,,,,,,,,,,,,,,,,,,,,,,,,,,,,,,,,,,,,,,,,,,,,,,,,,2638,2666.8
1787249340,62.59,62.595,62.57,62.57,63.21,62.81,,,,,,,,,,,,,,,,,,,,,,,,,,,,,,,,,,,,,,,,,,,,,,,,,,,,4579,2787.25
1787249400,62.575,62.575,62.555,62.56,63.21,62.81,,,,,,,,,,,,,,,,,,,,,,,,,,,,,,,,,,,,,,,,,,,,,,,,,,,,3780,2958.65
1787249460,62.57,62.585,62.56,62.58,63.21,62.81,,,,,,,,,,,,,,,,,,,,,,,,,,,,,,,,,,,,,,,,,,,,,,,,,,,,4639,3026.8
1787249520,62.58,62.59,62.58,62.59,63.21,62.81,,,,,,,,,,,,,,,,,,,,,,,,,,,,,,,,,,,,,,,,,,,,,,,,,,,,1608,2952.85
1787249580,62.585,62.585,62.565,62.57,63.21,62.81,,,,,,,,,,,,,,,,,,,,,,,,,,,,,,,,,,,,,,,,,,,,,,,,,,,,1651,2905.75
1787249640,62.57,62.57,62.54,62.54,63.21,62.81,,,,,,,,,,,,,,,,,,,,,,,,,,,,,,,,,,,,,,,,,,,,,,,,,,,,1552,2875.15
1787249700,62.54,62.56,62.54,62.56,63.21,62.81,,,,,,,,,,,,,,,,,,,,,,,,,,,,,,,,,,,,,,,,,,,,,,,,,,,,3511,2955.65
1787249760,62.565,62.565,62.535,62.54,63.21,62.81,,,,,,,,,,,,,,,,,,,,,,,,,,,,,,,,,,,,,,,,,,,,,,,,,,,,1674,3004.75
1787249820,62.55,62.57,62.55,62.57,63.21,62.81,,,,,,,,,,,,,,,,,,,,,,,,,,,,,,,,,,,,,,,,,,,,,,,,,,,,2213,2909.3
1787249880,62.565,62.575,62.55,62.555,63.21,62.81,,,,,,,,,,,,,,,,,,,,,,,,,,,,,,,,,,,,,,,,,,,,,,,,,,,,3644,2528.5
1787249940,62.555,62.57,62.555,62.56,63.21,62.81,,,,,,,,,,,,,,,,,,,,,,,,,,,,,,,,,,,,,,,,,,,,,,,,,,,,2014,2568.8
1787250000,62.56,62.565,62.54,62.56,63.21,62.81,,,,,,,,,,,,,,,,,,,,,,,,,,,,,,,,,,,,,,,,,,,,,,,,,,,,6489,2655.7
1787250060,62.55,62.56,62.535,62.56,63.21,62.81,,,,,,,,,,,,,,,,,,,,,,,,,,,,,,,,,,,,,,,,,,,,,,,,,,,,3083,2679.95
1787250120,62.56,62.57,62.56,62.57,63.21,62.81,,,,,,,,,,,,,,,,,,,,,,,,,,,,,,,,,,,,,,,,,,,,,,,,,,,,1005,2580.35
1787250180,62.565,62.58,62.56,62.57,63.21,62.81,,,,,,,,,,,,,,,,,,,,,,,,,,,,,,,,,,,,,,,,,,,,,,,,,,,,2706,2663.1
1787250240,62.58,62.58,62.57,62.57,63.21,62.81,,,,,,,,,,,,,,,,,,,,,,,,,,,,,,,,,,,,,,,,,,,,,,,,,,,,1364,2682.65
1787250300,62.56,62.56,62.535,62.535,63.21,62.81,,,,,,,,,,,,,,,,,,,,,,,,,,,,,,,,,,,,,,,,,,,,,,,,,,,,1276,2648.15
1787250360,62.54,62.55,62.53,62.535,63.21,62.81,,,,,,,,,,,,,,,,,,,,,,,,,,,,,,,,,,,,,,,,,,,,,,,,,,,,3236,2779.6
1787250420,62.53,62.53,62.52,62.52,63.21,62.81,,,,,,,,,,,,,,,,,,,,,,,,,,,,,,,,,,,,,,,,,,,,,,,,,,,,2017,2733.95
1787250480,62.525,62.56,62.525,62.55,63.21,62.81,,,,,,,,,,,,,,,,,,,,,,,,,,,,,,,,,,,,,,,,,,,,,,,,,,,,6601,2932.1
1787250540,62.545,62.555,62.54,62.55,63.21,62.81,,,,,,,,,,,,,,,,,,,,,,,,,,,,,,,,,,,,,,,,,,,,,,,,,,,,2292,2817.75
1787250600,62.55,62.555,62.55,62.55,63.21,62.81,,,,,,,,,,,,,,,,,,,,,,,,,,,,,,,,,,,,,,,,,,,,,,,,,,,,2643,2760.9
1787250660,62.55,62.55,62.54,62.54,63.21,62.81,,,,,,,,,,,,,,,,,,,,,,,,,,,,,,,,,,,,,,,,,,,,,,,,,,,,201,2539
1787250720,62.54,62.55,62.525,62.525,63.21,62.81,,,,,,,,,,,,,,,,,,,,,,,,,,,,,,,,,,,,,,,,,,,,,,,,,,,,5967,2756.95
1787250780,62.52,62.525,62.5,62.505,63.21,62.81,,,,,,,,,,,,,,,,,,,,,,,,,,,,,,,,,,,,,,,,,,,,,,,,,,,,10821,3215.45
1787250840,62.5,62.515,62.5,62.515,63.21,62.81,,,,,,,,,,,,,,,,,,,,,,,,,,,,,,,,,,,,,,,,,,,,,,,,,,,,2878,3281.75
1787250900,62.51,62.54,62.51,62.54,63.21,62.81,,,,,,,,,,,,,,,,,,,,,,,,,,,,,,,,,,,,,,,,,,,,,,,,,,,,4135,3312.95
1787250960,62.54,62.55,62.525,62.53,63.21,62.81,,,,,,,,,,,,,,,,,,,,,,,,,,,,,,,,,,,,,,,,,,,,,,,,,,,,3698,3414.15
1787251020,62.53,62.53,62.52,62.52,63.21,62.81,,,,,,,,,,,,,,,,,,,,,,,,,,,,,,,,,,,,,,,,,,,,,,,,,,,,1812,3394.1
1787251080,62.525,62.55,62.525,62.55,63.21,62.81,,,,,,,,,,,,,,,,,,,,,,,,,,,,,,,,,,,,,,,,,,,,,,,,,,,,3485,3386.15
1787251140,62.54,62.55,62.52,62.525,63.21,62.81,,,,,,,,,,,,,,,,,,,,,,,,,,,,,,,,,,,,,,,,,,,,,,,,,,,,3715,3471.2
1787251200,62.525,62.525,62.49,62.505,63.21,62.81,,,,,,,,,,,,,,,,,,,,,,,,,,,,,,,,,,,,,,,,,,,,,,,,,,,,5165,3405
1787251260,62.51,62.53,62.51,62.525,63.21,62.81,,,,,,,,,,,,,,,,,,,,,,,,,,,,,,,,,,,,,,,,,,,,,,,,,,,,2239,3362.8
1787251320,62.52,62.53,62.51,62.51,63.21,62.81,,,,,,,,,,,,,,,,,,,,,,,,,,,,,,,,,,,,,,,,,,,,,,,,,,,,2562,3440.65
1787251380,62.515,62.52,62.5,62.51,63.21,62.81,,,,,,,,,,,,,,,,,,,,,,,,,,,,,,,,,,,,,,,,,,,,,,,,,,,,2627,3436.7
1787251440,62.5,62.51,62.46,62.46,63.21,62.81,,,,,,,,,,,,,,,,,,,,,,,,,,,,,,,,,,,,,,,,,,,,,,,,,,,,4622,3599.6
1787251500,62.46,62.46,62.445,62.45,63.21,62.81,,,,,,,,,,,,,,,,,,,,,,,,,,,,,,,,,,,,,,,,,,,,,,,,,,,,6706,3871.1
1787251560,62.45,62.45,62.43,62.44,63.21,62.81,,,,,,,,,,,,,,,,,,,,,,,,,,,,,,,,,,,,,,,,,,,,,,,,,,,,1803,3799.45
1787251620,62.435,62.44,62.41,62.43,63.21,62.81,,,,,,,,,,,,,,,,,,,,,,,,,,,,,,,,,,,,,,,,,,,,,,,,,,,,4045,3900.85
1787251680,62.42,62.44,62.415,62.43,63.21,62.81,,,,,,,,,,,,,,,,,,,,,,,,,,,,,,,,,,,,,,,,,,,,,,,,,,,,4987,3820.15
1787251740,62.43,62.43,62.415,62.43,63.21,62.81,,,,,,,,,,,,,,,,,,,,,,,,,,,,,,,,,,,,,,,,,,,,,,,,,,,,2438,3827.45
1787251800,62.43,62.455,62.43,62.45,63.21,62.81,,,,,,,,,,,,,,,,,,,,,,,,,,,,,,,,,,,,,,,,,,,,,,,,,,,,3476,3869.1
1787251860,62.45,62.455,62.425,62.425,63.21,62.81,,,,,,,,,,,,,,,,,,,,,,,,,,,,,,,,,,,,,,,,,,,,,,,,,,,,2339,3976
1787251920,62.42,62.42,62.405,62.41,63.21,62.81,,,,,,,,,,,,,,,,,,,,,,,,,,,,,,,,,,,,,,,,,,,,,,,,,,,,2569,3806.1
1787251980,62.405,62.41,62.38,62.38,63.21,62.81,,,,,,,,,,,,,,,,,,,,,,,,,,,,,,,,,,,,,,,,,,,,,,,,,,,,1747,3352.4
1787252040,62.39,62.41,62.39,62.4,63.21,62.81,,,,,,,,,,,,,,,,,,,,,,,,,,,,,,,,,,,,,,,,,,,,,,,,,,,,2757,3346.35
1787252100,62.39,62.425,62.385,62.425,63.21,62.81,,,,,,,,,,,,,,,,,,,,,,,,,,,,,,,,,,,,,,,,,,,,,,,,,,,,10703,3674.75
1787252160,62.425,62.435,62.42,62.42,63.21,62.81,,,,,,,,,,,,,,,,,,,,,,,,,,,,,,,,,,,,,,,,,,,,,,,,,,,,2001,3589.9
1787252220,62.43,62.43,62.395,62.41,63.21,62.81,,,,,,,,,,,,,,,,,,,,,,,,,,,,,,,,,,,,,,,,,,,,,,,,,,,,3821,3690.35
1787252280,62.41,62.41,62.4,62.405,63.21,62.81,,,,,,,,,,,,,,,,,,,,,,,,,,,,,,,,,,,,,,,,,,,,,,,,,,,,1012,3566.7
1787252340,62.405,62.405,62.39,62.395,63.21,62.81,,,,,,,,,,,,,,,,,,,,,,,,,,,,,,,,,,,,,,,,,,,,,,,,,,,,2601,3511
1787252400,62.39,62.39,62.35,62.355,63.21,62.81,,,,,,,,,,,,,,,,,,,,,,,,,,,,,,,,,,,,,,,,,,,,,,,,,,,,4638,3484.65
1787252460,62.355,62.355,62.34,62.35,63.21,62.81,,,,,,,,,,,,,,,,,,,,,,,,,,,,,,,,,,,,,,,,,,,,,,,,,,,,2811,3513.25
1787252520,62.35,62.355,62.34,62.355,63.21,62.81,,,,,,,,,,,,,,,,,,,,,,,,,,,,,,,,,,,,,,,,,,,,,,,,,,,,1140,3442.15
1787252580,62.355,62.37,62.345,62.37,63.21,62.81,,,,,,,,,,,,,,,,,,,,,,,,,,,,,,,,,,,,,,,,,,,,,,,,,,,,4786,3550.1
1787252640,62.36,62.36,62.34,62.345,63.21,62.81,,,,,,,,,,,,,,,,,,,,,,,,,,,,,,,,,,,,,,,,,,,,,,,,,,,,11814,3909.7
1787252700,62.34,62.35,62.33,62.345,63.21,62.81,,,,,,,,,,,,,,,,,,,,,,,,,,,,,,,,,,,,,,,,,,,,,,,,,,,,4124,3780.6
1787252760,62.345,62.35,62.325,62.345,63.21,62.81,,,,,,,,,,,,,,,,,,,,,,,,,,,,,,,,,,,,,,,,,,,,,,,,,,,,5023,3941.6
1787252820,62.35,62.35,62.3,62.3,63.21,62.81,,,,,,,,,,,,,,,,,,,,,,,,,,,,,,,,,,,,,,,,,,,,,,,,,,,,2914,3885.05
1787252880,62.3,62.31,62.29,62.3,63.21,62.81,,,,,,,,,,,,,,,,,,,,,,,,,,,,,,,,,,,,,,,,,,,,,,,,,,,,9412,4106.3
1787252940,62.3,62.315,62.295,62.295,63.21,62.81,,,,,,,,,,,,,,,,,,,,,,,,,,,,,,,,,,,,,,,,,,,,,,,,,,,,6741,4321.45
1787253000,62.3,62.3,62.275,62.28,63.21,62.81,,,,,,,,,,,,,,,,,,,,,,,,,,,,,,,,,,,,,,,,,,,,,,,,,,,,5780,4436.65
1787253060,62.28,62.305,62.275,62.305,63.21,62.81,,,,,,,,,,,,,,,,,,,,,,,,,,,,,,,,,,,,,,,,,,,,,,,,,,,,10769,4858.15
1787253120,62.31,62.31,62.25,62.25,63.21,62.81,,,,,,,,,,,,,,,,,,,,,,,,,,,,,,,,,,,,,,,,,,,,,,,,,,,,3002,4879.8
1787253180,62.24,62.275,62.24,62.275,63.21,62.81,,,,,,,,,,,,,,,,,,,,,,,,,,,,,,,,,,,,,,,,,,,,,,,,,,,,9154,5250.15
1787253240,62.275,62.275,62.25,62.26,63.21,62.81,,,,,,,,,,,,,,,,,,,,,,,,,,,,,,,,,,,,,,,,,,,,,,,,,,,,5347,5379.65
1787253300,62.26,62.28,62.255,62.27,63.21,62.81,,,,,,,,,,,,,,,,,,,,,,,,,,,,,,,,,,,,,,,,,,,,,,,,,,,,7790,5234
1787253360,62.27,62.29,62.27,62.285,63.21,62.81,,,,,,,,,,,,,,,,,,,,,,,,,,,,,,,,,,,,,,,,,,,,,,,,,,,,5956,5431.75
1787253420,62.29,62.295,62.27,62.27,63.21,62.81,,,,,,,,,,,,,,,,,,,,,,,,,,,,,,,,,,,,,,,,,,,,,,,,,,,,7419,5611.65
1787253480,62.26,62.28,62.255,62.275,63.21,62.81,,,,,,,,,,,,,,,,,,,,,,,,,,,,,,,,,,,,,,,,,,,,,,,,,,,,5441,5833.1
1787253540,62.28,62.28,62.25,62.26,63.21,62.81,,,,,,,,,,,,,,,,,,,,,,,,,,,,,,,,,,,,,,,,,,,,,,,,,,,,4270,5916.55
1787253600,62.27,62.27,62.24,62.25,63.21,62.81,,,,,,,,,,,,,,,,,,,,,,,,,,,,,,,,,,,,,,,,,,,,,,,,,,,,2784,5823.85
1787253660,62.25,62.265,62.245,62.26,63.21,62.81,,,,,,,,,,,,,,,,,,,,,,,,,,,,,,,,,,,,,,,,,,,,,,,,,,,,3209,5843.75
1787253720,62.265,62.27,62.24,62.255,63.21,62.81,,,,,,,,,,,,,,,,,,,,,,,,,,,,,,,,,,,,,,,,,,,,,,,,,,,,4419,6007.7
1787253780,62.255,62.255,62.235,62.245,63.21,62.81,,,,,,,,,,,,,,,,,,,,,,,,,,,,,,,,,,,,,,,,,,,,,,,,,,,,4699,6003.35
1787253840,62.245,62.255,62.23,62.235,63.21,62.81,,,,,,,,,,,,,,,,,,,,,,,,,,,,,,,,,,,,,,,,,,,,,,,,,,,,6379,5731.6
1787253900,62.23,62.26,62.225,62.25,63.21,62.81,,,,,,,,,,,,,,,,,,,,,,,,,,,,,,,,,,,,,,,,,,,,,,,,,,,,4825,5766.65
1787253960,62.25,62.25,62.23,62.235,63.21,62.81,,,,,,,,,,,,,,,,,,,,,,,,,,,,,,,,,,,,,,,,,,,,,,,,,,,,4457,5738.35
1787254020,62.24,62.25,62.225,62.235,63.21,62.81,,,,,,,,,,,,,,,,,,,,,,,,,,,,,,,,,,,,,,,,,,,,,,,,,,,,6988,5942.05
1787254080,62.24,62.24,62.19,62.19,63.21,62.81,,,,,,,,,,,,,,,,,,,,,,,,,,,,,,,,,,,,,,,,,,,,,,,,,,,,2478,5595.35
1787254140,62.19,62.2,62.185,62.19,63.21,62.81,,,,,,,,,,,,,,,,,,,,,,,,,,,,,,,,,,,,,,,,,,,,,,,,,,,,2848,5400.7
1787254200,62.19,62.2,62.165,62.17,63.21,62.81,,,,,,,,,,,,,,,,,,,,,,,,,,,,,,,,,,,,,,,,,,,,,,,,,,,,8804,5551.9
1787254260,62.18,62.19,62.14,62.14,63.21,62.81,,,,,,,,,,,,,,,,,,,,,,,,,,,,,,,,,,,,,,,,,,,,,,,,,,,,12642,5645.55
1787254320,62.14,62.145,62.12,62.125,63.21,62.81,,,,,,,,,,,,,,,,,,,,,,,,,,,,,,,,,,,,,,,,,,,,,,,,,,,,7679,5879.4
1787254380,62.125,62.13,62.12,62.13,63.21,62.81,,,,,,,,,,,,,,,,,,,,,,,,,,,,,,,,,,,,,,,,,,,,,,,,,,,,6814,5762.4
1787254440,62.13,62.13,62.095,62.1,63.21,62.81,,,,,,,,,,,,,,,,,,,,,,,,,,,,,,,,,,,,,,,,,,,,,,,,,,,,16273,6308.7
1787254500,62.09,62.095,62.07,62.09,63.21,62.81,,,,,,,,,,,,,,,,,,,,,,,,,,,,,,,,,,,,,,,,,,,,,,,,,,,,15963,6717.35
1787254560,62.1,62.105,62.09,62.095,63.21,62.81,,,,,,,,,,,,,,,,,,,,,,,,,,,,,,,,,,,,,,,,,,,,,,,,,,,,5201,6679.6
1787254620,62.1,62.115,62.095,62.095,63.21,62.81,,,,,,,,,,,,,,,,,,,,,,,,,,,,,,,,,,,,,,,,,,,,,,,,,,,,8791,6748.2
1787254680,62.1,62.12,62.095,62.12,63.21,62.81,,,,,,,,,,,,,,,,,,,,,,,,,,,,,,,,,,,,,,,,,,,,,,,,,,,,7085,6830.4
1787254740,62.12,62.135,62.11,62.115,63.21,62.81,,,,,,,,,,,,,,,,,,,,,,,,,,,,,,,,,,,,,,,,,,,,,,,,,,,,5415,6887.65
1787254800,62.115,62.17,62.115,62.13,63.21,62.81,,,,,,,,,,,,,,,,,,,,,,,,,,,,,,,,,,,,,,,,,,,,,,,,,,,,13554,7426.15
1787254860,62.135,62.14,62.1,62.105,63.21,62.81,,,,,,,,,,,,,,,,,,,,,,,,,,,,,,,,,,,,,,,,,,,,,,,,,,,,10180,7774.7
1787254920,62.11,62.12,62.09,62.12,63.21,62.81,,,,,,,,,,,,,,,,,,,,,,,,,,,,,,,,,,,,,,,,,,,,,,,,,,,,15212,8314.35
1787254980,62.125,62.15,62.12,62.13,63.21,62.81,,,,,,,,,,,,,,,,,,,,,,,,,,,,,,,,,,,,,,,,,,,,,,,,,,,,6665,8412.65
1787255040,62.12,62.12,62.06,62.085,63.21,62.81,,,,,,,,,,,,,,,,,,,,,,,,,,,,,,,,,,,,,,,,,,,,,,,,,,,,6510,8419.2
1787255100,62.08,62.09,62.03,62.04,63.21,62.81,,,,,,,,,,,,,,,,,,,,,,,,,,,,,,,,,,,,,,,,,,,,,,,,,,,,9449,8650.4
1787255160,62.04,62.045,62,62.03,63.21,62.81,,,,,,,,,,,,,,,,,,,,,,,,,,,,,,,,,,,,,,,,,,,,,,,,,,,,18782,9366.65
1787255220,62.035,62.075,62.025,62.075,63.21,62.81,,,,,,,,,,,,,,,,,,,,,,,,,,,,,,,,,,,,,,,,,,,,,,,,,,,,8552,9444.85
1787255280,62.075,62.09,62.07,62.085,63.21,62.81,,,,,,,,,,,,,,,,,,,,,,,,,,,,,,,,,,,,,,,,,,,,,,,,,,,,3942,9518.05
1787255340,62.09,62.1,62.06,62.085,63.21,62.81,,,,,,,,,,,,,,,,,,,,,,,,,,,,,,,,,,,,,,,,,,,,,,,,,,,,11415,9946.4
1787255400,62.08,62.09,62.03,62.05,63.21,62.81,,,,,,,,,,,,,,,,,,,,,,,,,,,,,,,,,,,,,,,,,,,,,,,,,,,,35514,11281.9
1787255460,62.045,62.055,62.03,62.045,63.21,62.81,,,,,,,,,,,,,,,,,,,,,,,,,,,,,,,,,,,,,,,,,,,,,,,,,,,,35395,12419.55
1787255520,62.045,62.045,62.01,62.03,63.21,62.81,,,,,,,,,,,,,,,,,,,,,,,,,,,,,,,,,,,,,,,,,,,,,,,,,,,,42946,14182.9
1787255580,62.03,62.03,61.975,62.01,63.21,62.81,,,,,,,,,,,,,,,,,,,,,,,,,,,,,,,,,,,,,,,,,,,,,,,,,,,,52268,16455.6
1787255640,62.015,62.02,61.99,61.995,63.21,62.81,,,,,,,,,,,,,,,,,,,,,,,,,,,,,,,,,,,,,,,,,,,,,,,,,,,,17030,16493.45
1787255700,62,62.03,61.92,61.925,63.21,62.81,,,,,,,,,,,,,,,,,,,,,,,,,,,,,,,,,,,,,,,,,,,,,,,,,,,,74649,19427.75
1787255760,61.93,61.95,61.89,61.905,63.21,62.81,,,,,,,,,,,,,,,,,,,,,,,,,,,,,,,,,,,,,,,,,,,,,,,,,,,,23305,20332.95
1787255820,61.905,61.98,61.89,61.94,63.21,62.81,,,,,,,,,,,,,,,,,,,,,,,,,,,,,,,,,,,,,,,,,,,,,,,,,,,,41807,21983.75
1787255880,61.95,61.96,61.9,61.955,63.21,62.81,,,,,,,,,,,,,,,,,,,,,,,,,,,,,,,,,,,,,,,,,,,,,,,,,,,,49089,24083.95
1787255940,61.96,61.99,61.82,61.91,63.21,62.81,,,1,24,-1,1787235540000,62.765,63.21,62.81,0.3999999999999986,0.05501125410230329,1.5056161873655705,0.7567912052895744,2,1787235600000,1,0,,,,0,0,0,0,0,,,,0,0,0,0,0,,,,0,0,0,0,0,,,,0,0,0,0,,-1,24,228787,35252.55
1787319000,62.32,62.39,62.1,62.15,62.39,62.1,,,,,,,,,,,,,,,,,,,,,,,,,,,,,,,,,,,,,,,,,,,,,,,,,,,,19235,35536.6
1787319060,62.16,62.37,62.16,62.36,62.39,62.1,,,,,,,,,,,,,,,,,,,,,,,,,,,,,,,,,,,,,,,,,,,,,,,,,,,,18978,35976.5
1787319120,62.35,62.4,62.32,62.33,62.4,62.1,,,,,,,,,,,,,,,,,,,,,,,,,,,,,,,,,,,,,,,,,,,,,,,,,,,,9605,35696.15
1787319180,62.31,62.34,62.17,62.2,62.4,62.1,,,,,,,,,,,,,,,,,,,,,,,,,,,,,,,,,,,,,,,,,,,,,,,,,,,,6855,35705.65
1787319240,62.22,62.24,62.12,62.17,62.4,62.1,,,,,,,,,,,,,,,,,,,,,,,,,,,,,,,,,,,,,,,,,,,,,,,,,,,,19678,36364.05
1787319300,62.14,62.4,62.09,62.265,62.4,62.09,,,,,,,,,,,,,,,,,,,,,,,,,,,,,,,,,,,,,,,,,,,,,,,,,,,,38276,37805.4
1787319360,62.26,62.39,62.26,62.37,62.4,62.09,,,,,,,,,,,,,,,,,,,,,,,,,,,,,,,,,,,,,,,,,,,,,,,,,,,,6450,37188.8
1787319420,62.35,62.37,62.28,62.28,62.4,62.09,,,,,,,,,,,,,,,,,,,,,,,,,,,,,,,,,,,,,,,,,,,,,,,,,,,,6940,37108.2
1787319480,62.29,62.31,62.265,62.29,62.4,62.09,,,,,,,,,,,,,,,,,,,,,,,,,,,,,,,,,,,,,,,,,,,,,,,,,,,,11466,37484.4
1787319540,62.28,62.28,62.215,62.22,62.4,62.09,,,,,,,,,,,,,,,,,,,,,,,,,,,,,,,,,,,,,,,,,,,,,,,,,,,,15225,37674.9
1787319600,62.215,62.365,62.215,62.365,62.4,62.09,,,,,,,,,,,,,,,,,,,,,,,,,,,,,,,,,,,,,,,,,,,,,,,,,,,,7970,36297.7
1787319660,62.36,62.41,62.35,62.41,62.41,62.09,,,,,,,,,,,,,,,,,,,,,,,,,,,,,,,,,,,,,,,,,,,,,,,,,,,,9310,34993.45
1787319720,62.42,62.43,62.32,62.355,62.43,62.09,,,,,,,,,,,,,,,,,,,,,,,,,,,,,,,,,,,,,,,,,,,,,,,,,,,,12883,33490.3
1787319780,62.36,62.47,62.36,62.46,62.47,62.09,,,,,,,,,,,,,,,,,,,,,,,,,,,,,,,,,,,,,,,,,,,,,,,,,,,,8887,31321.25
1787319840,62.46,62.47,62.445,62.47,62.47,62.09,,,,,,,,,,,,,,,,,,,,,,,,,,,,,,,,,,,,,,,,,,,,,,,,,,,,5274,30733.45
1787319900,62.46,62.51,62.415,62.49,62.47,62.09,,,,,,,,,,,,,,,,,,,,,,,,,,,,,,,,,,,,,,,,,,,,,,,,,,,,11059,27553.95
1787319960,62.485,62.49,62.46,62.475,62.47,62.09,,,,,,,,,,,,,,,,,,,,,,,,,,,,,,,,,,,,,,,,,,,,,,,,,,,,13733,27075.35
1787320020,62.48,62.48,62.43,62.45,62.47,62.09,,,,,,,,,,,,,,,,,,,,,,,,,,,,,,,,,,,,,,,,,,,,,,,,,,,,12307,25600.35
1787320080,62.445,62.52,62.435,62.5,62.47,62.09,,,,,,,,,,,,,,,,,,,,,,,,,,,,,,,,,,,,,,,,,,,,,,,,,,,,7591,23525.45
1787320140,62.505,62.505,62.385,62.39,62.47,62.09,,,,,,,,,,,,,,,,,,,,,,,,,,,,,,,,,,,,,,,,,,,,,,,,,,,,6789,12425.55
1787320200,62.39,62.46,62.39,62.45,62.47,62.09,,,,,,,,,,,,,,,,,,,,,,,,,,,,,,,,,,,,,,,,,,,,,,,,,,,,3938,11660.7
1787320260,62.455,62.46,62.41,62.43,62.47,62.09,,,,,,,,,,,,,,,,,,,,,,,,,,,,,,,,,,,,,,,,,,,,,,,,,,,,3051,10864.35
1787320320,62.43,62.49,62.43,62.48,62.47,62.09,,,,,,,,,,,,,,,,,,,,,,,,,,,,,,,,,,,,,,,,,,,,,,,,,,,,29774,11872.8
1787320380,62.475,62.475,62.45,62.45,62.47,62.09,,,,,,,,,,,,,,,,,,,,,,,,,,,,,,,,,,,,,,,,,,,,,,,,,,,,3099,11685
1787320440,62.45,62.455,62.41,62.41,62.47,62.09,,,,,,,,,,,,,,,,,,,,,,,,,,,,,,,,,,,,,,,,,,,,,,,,,,,,2840,10843.1
1787320500,62.41,62.45,62.39,62.45,62.47,62.09,,,,,,,,,,,,,,,,,,,,,,,,,,,,,,,,,,,,,,,,,,,,,,,,,,,,9657,9412.15
1787320560,62.46,62.47,62.36,62.38,62.47,62.09,,,,,,,,,,,,,,,,,,,,,,,,,,,,,,,,,,,,,,,,,,,,,,,,,,,,29738,10576.55
1787320620,62.375,62.425,62.375,62.425,62.47,62.09,,,,,,,,,,,,,,,,,,,,,,,,,,,,,,,,,,,,,,,,,,,,,,,,,,,,2084,10333.75
1787320680,62.435,62.435,62.36,62.39,62.47,62.09,,,,,,,,,,,,,,,,,,,,,,,,,,,,,,,,,,,,,,,,,,,,,,,,,,,,4761,9998.5
1787320740,62.38,62.39,62.33,62.33,62.47,62.09,,,,,,,,,,,,,,,,,,,,,,,,,,,,,,,,,,,,,,,,,,,,,,,,,,,,3947,9434.6
1787320800,62.32,62.36,62.315,62.355,62.47,62.09,,,,,,,,,,,,,,,,,,,,,,,,,,,,,,,,,,,,,,,,,,,,,,,,,,,,7236,9397.9
1787320860,62.355,62.45,62.35,62.45,62.47,62.09,,,,,,,,,,,,,,,,,,,,,,,,,,,,,,,,,,,,,,,,,,,,,,,,,,,,11243,9494.55
1787320920,62.44,62.47,62.425,62.46,62.47,62.09,,,,,,,,,,,,,,,,,,,,,,,,,,,,,,,,,,,,,,,,,,,,,,,,,,,,3345,9017.65
1787320980,62.46,62.51,62.46,62.5,62.47,62.09,,,,,,,,,,,,,,,,,,,,,,,,,,,,,,,,,,,,,,,,,,,,,,,,,,,,19324,9539.5
1787321040,62.5,62.505,62.46,62.465,62.47,62.09,,,,,,,,,,,,,,,,,,,,,,,,,,,,,,,,,,,,,,,,,,,,,,,,,,,,2692,9410.4
1787321100,62.45,62.46,62.42,62.44,62.47,62.09,,,,,,,,,,,,,,,,,,,,,,,,,,,,,,,,,,,,,,,,,,,,,,,,,,,,1576,8936.25
1787321160,62.44,62.44,62.38,62.385,62.47,62.09,,,,,,,,,,,,,,,,,,,,,,,,,,,,,,,,,,,,,,,,,,,,,,,,,,,,4751,8487.15
1787321220,62.39,62.405,62.37,62.38,62.47,62.09,,,,,,,,,,,,,,,,,,,,,,,,,,,,,,,,,,,,,,,,,,,,,,,,,,,,1371,7940.35
1787321280,62.405,62.405,62.375,62.395,62.47,62.09,,,,,,,,,,,,,,,,,,,,,,,,,,,,,,,,,,,,,,,,,,,,,,,,,,,,5701,7845.85
1787321340,62.395,62.395,62.36,62.37,62.47,62.09,,,,,,,,,,,,,,,,,,,,,,,,,,,,,,,,,,,,,,,,,,,,,,,,,,,,2257,7619.25
1787321400,62.36,62.36,62.29,62.29,62.47,62.09,,,,,,,,,,,,,,,,,,,,,,,,,,,,,,,,,,,,,,,,,,,,,,,,,,,,3822,7613.45
1787321460,62.28,62.33,62.26,62.31,62.47,62.09,,,,,,,,,,,,,,,,,,,,,,,,,,,,,,,,,,,,,,,,,,,,,,,,,,,,9537,7937.75
1787321520,62.305,62.35,62.305,62.33,62.47,62.09,,,,,,,,,,,,,,,,,,,,,,,,,,,,,,,,,,,,,,,,,,,,,,,,,,,,9131,6905.6
1787321580,62.33,62.34,62.3,62.34,62.47,62.09,,,,,,,,,,,,,,,,,,,,,,,,,,,,,,,,,,,,,,,,,,,,,,,,,,,,8771,7189.2
1787321640,62.34,62.36,62.34,62.35,62.47,62.09,,,,,,,,,,,,,,,,,,,,,,,,,,,,,,,,,,,,,,,,,,,,,,,,,,,,4596,7277
1787321700,62.35,62.35,62.33,62.35,62.47,62.09,,,,,,,,,,,,,,,,,,,,,,,,,,,,,,,,,,,,,,,,,,,,,,,,,,,,3254,6956.85
1787321760,62.35,62.35,62.34,62.345,62.47,62.09,,,,,,,,,,,,,,,,,,,,,,,,,,,,,,,,,,,,,,,,,,,,,,,,,,,,1365,5538.2
1787321820,62.345,62.38,62.34,62.37,62.47,62.09,,,,,,,,,,,,,,,,,,,,,,,,,,,,,,,,,,,,,,,,,,,,,,,,,,,,5379,5702.95
1787321880,62.36,62.36,62.33,62.33,62.47,62.09,,,,,,,,,,,,,,,,,,,,,,,,,,,,,,,,,,,,,,,,,,,,,,,,,,,,3963,5663.05
1787321940,62.32,62.35,62.31,62.34,62.47,62.09,,,,,,,,,,,,,,,,,,,,,,,,,,,,,,,,,,,,,,,,,,,,,,,,,,,,5600,5745.7
1787322000,62.345,62.355,62.32,62.32,62.47,62.09,,,,,,,,,,,,,,,,,,,,,,,,,,,,,,,,,,,,,,,,,,,,,,,,,,,,5714,5669.6
1787322060,62.33,62.36,62.33,62.36,62.47,62.09,,,,,,,,,,,,,,,,,,,,,,,,,,,,,,,,,,,,,,,,,,,,,,,,,,,,2040,5209.45
1787322120,62.37,62.39,62.37,62.385,62.47,62.09,,,,,,,,,,,,,,,,,,,,,,,,,,,,,,,,,,,,,,,,,,,,,,,,,,,,3861,5235.25
1787322180,62.38,62.39,62.35,62.35,62.47,62.09,,,,,,,,,,,,,,,,,,,,,,,,,,,,,,,,,,,,,,,,,,,,,,,,,,,,7001,4619.1
1787322240,62.345,62.345,62.325,62.335,62.47,62.09,,,,,,,,,,,,,,,,,,,,,,,,,,,,,,,,,,,,,,,,,,,,,,,,,,,,2847,4626.85
1787322300,62.335,62.345,62.33,62.34,62.47,62.09,,,,,,,,,,,,,,,,,,,,,,,,,,,,,,,,,,,,,,,,,,,,,,,,,,,,2289,4662.5
1787322360,62.335,62.34,62.31,62.31,62.47,62.09,,,,,,,,,,,,,,,,,,,,,,,,,,,,,,,,,,,,,,,,,,,,,,,,,,,,3783,4614.1
1787322420,62.305,62.33,62.3,62.31,62.47,62.09,,,,,,,,,,,,,,,,,,,,,,,,,,,,,,,,,,,,,,,,,,,,,,,,,,,,4180,4754.55
1787322480,62.305,62.315,62.28,62.29,62.47,62.09,,,,,,,,,,,,,,,,,,,,,,,,,,,,,,,,,,,,,,,,,,,,,,,,,,,,5570,4748
1787322540,62.29,62.305,62.28,62.29,62.47,62.09,,,,,,,,,,,,,,,,,,,,,,,,,,,,,,,,,,,,,,,,,,,,,,,,,,,,6409,4955.6
1787322600,62.29,62.29,62.22,62.24,62.47,62.09,,,,,,,,,,,,,,,,,,,,,,,,,,,,,,,,,,,,,,,,,,,,,,,,,,,,8977,5213.35
1787322660,62.25,62.26,62.23,62.25,62.47,62.09,,,,,,,,,,,,,,,,,,,,,,,,,,,,,,,,,,,,,,,,,,,,,,,,,,,,3457,4909.35
1787322720,62.26,62.26,62.195,62.195,62.47,62.09,,,,,,,,,,,,,,,,,,,,,,,,,,,,,,,,,,,,,,,,,,,,,,,,,,,,5830,4744.3
1787322780,62.19,62.21,62.13,62.14,62.47,62.09,,,,,,,,,,,,,,,,,,,,,,,,,,,,,,,,,,,,,,,,,,,,,,,,,,,,7208,4666.15
1787322840,62.155,62.18,62.135,62.14,62.47,62.09,,,,,,,,,,,,,,,,,,,,,,,,,,,,,,,,,,,,,,,,,,,,,,,,,,,,4322,4652.45
1787322900,62.13,62.14,62.12,62.14,62.47,62.09,,,,,,,,,,,,,,,,,,,,,,,,,,,,,,,,,,,,,,,,,,,,,,,,,,,,5128,4746.15
1787322960,62.13,62.13,62.07,62.07,62.47,62.09,,,,,,,,,,,,,,,,,,,,,,,,,,,,,,,,,,,,,,,,,,,,,,,,,,,,8600,5107.9
1787323020,62.09,62.1,62.065,62.07,62.47,62.09,,,,,,,,,,,,,,,,,,,,,,,,,,,,,,,,,,,,,,,,,,,,,,,,,,,,4134,5045.65
1787323080,62.06,62.1,62.045,62.1,62.47,62.09,,,,,,,,,,,,,,,,,,,,,,,,,,,,,,,,,,,,,,,,,,,,,,,,,,,,5236,5109.3
1787323140,62.1,62.1,62.045,62.05,62.47,62.09,,,,,,,,,,,,,,,,,,,,,,,,,,,,,,,,,,,,,,,,,,,,,,,,,,,,6404,5149.5
1787323200,62.055,62.055,62.035,62.05,62.47,62.09,,,,,,,,,,,,,,,,,,,,,,,,,,,,,,,,,,,,,,,,,,,,,,,,,,,,3272,5027.4
1787323260,62.05,62.05,62.03,62.05,62.47,62.09,,,,,,,,,,,,,,,,,,,,,,,,,,,,,,,,,,,,,,,,,,,,,,,,,,,,3880,5119.4
1787323320,62.06,62.06,62.02,62.02,62.47,62.09,,,,,,,,,,,,,,,,,,,,,,,,,,,,,,,,,,,,,,,,,,,,,,,,,,,,3943,5123.5
1787323380,62.02,62.05,62.01,62.015,62.47,62.09,,,,,,,,,,,,,,,,,,,,,,,,,,,,,,,,,,,,,,,,,,,,,,,,,,,,4299,4988.4
1787323440,62.02,62.035,61.99,62.01,62.47,62.09,,,,,,,,,,,,,,,,,,,,,,,,,,,,,,,,,,,,,,,,,,,,,,,,,,,,6027,5147.4
1787323500,62.005,62.015,61.92,61.92,62.47,62.09,,,,,,,,,,,,,,,,,,,,,,,,,,,,,,,,,,,,,,,,,,,,,,,,,,,,2818,5173.85
1787323560,61.92,61.95,61.905,61.91,62.47,62.09,,,,,,,,,,,,,,,,,,,,,,,,,,,,,,,,,,,,,,,,,,,,,,,,,,,,5421,5255.75
1787323620,61.92,61.92,61.885,61.91,62.47,62.09,,,,,,,,,,,,,,,,,,,,,,,,,,,,,,,,,,,,,,,,,,,,,,,,,,,,5264,5309.95
1787323680,61.92,62,61.92,61.98,62.47,62.09,,,,,,,,,,,,,,,,,,,,,,,,,,,,,,,,,,,,,,,,,,,,,,,,,,,,5436,5303.25
1787323740,61.98,61.98,61.94,61.97,62.47,62.09,,,,,,,,,,,,,,,,,,,,,,,,,,,,,,,,,,,,,,,,,,,,,,,,,,,,1834,5074.5
1787323800,61.97,62,61.935,61.99,62.47,62.09,,,,,,,,,,,,,,,,,,,,,,,,,,,,,,,,,,,,,,,,,,,,,,,,,,,,6508,4951.05
1787323860,61.995,62.02,61.995,62.02,62.47,62.09,,,,,,,,,,,,,,,,,,,,,,,,,,,,,,,,,,,,,,,,,,,,,,,,,,,,3180,4937.2
1787323920,62.025,62.035,61.98,61.98,62.47,62.09,,,,,,,,,,,,,,,,,,,,,,,,,,,,,,,,,,,,,,,,,,,,,,,,,,,,2691,4780.25
1787323980,61.98,61.985,61.955,61.98,62.47,62.09,,,,,,,,,,,,,,,,,,,,,,,,,,,,,,,,,,,,,,,,,,,,,,,,,,,,2767,4558.2
1787324040,61.99,61.99,61.945,61.96,62.47,62.09,,,,,,,,,,,,,,,,,,,,,,,,,,,,,,,,,,,,,,,,,,,,,,,,,,,,1221,4403.15
1787324100,61.96,61.97,61.955,61.965,62.47,62.09,,,,,,,,,,,,,,,,,,,,,,,,,,,,,,,,,,,,,,,,,,,,,,,,,,,,1567,4225.1
1787324160,61.985,61.99,61.96,61.96,62.47,62.09,,,,,,,,,,,,,,,,,,,,,,,,,,,,,,,,,,,,,,,,,,,,,,,,,,,,2296,3909.9
1787324220,61.96,61.96,61.945,61.955,62.47,62.09,,,,,,,,,,,,,,,,,,,,,,,,,,,,,,,,,,,,,,,,,,,,,,,,,,,,2481,3827.25
1787324280,61.955,61.97,61.95,61.965,62.47,62.09,,,,,,,,,,,,,,,,,,,,,,,,,,,,,,,,,,,,,,,,,,,,,,,,,,,,3213,3726.1
1787324340,61.965,62,61.965,61.99,62.47,62.09,,,,,,,,,,,,,,,,,,,,,,,,,,,,,,,,,,,,,,,,,,,,,,,,,,,,5082,3660
1787324400,61.98,61.98,61.925,61.935,62.47,62.09,,,,,,,,,,,,,,,,,,,,,,,,,,,,,,,,,,,,,,,,,,,,,,,,,,,,2439,3618.35
1787324460,61.94,61.97,61.94,61.945,62.47,62.09,,,,,,,,,,,,,,,,,,,,,,,,,,,,,,,,,,,,,,,,,,,,,,,,,,,,3812,3614.95
1787324520,61.95,62.005,61.945,61.995,62.47,62.09,,,,,,,,,,,,,,,,,,,,,,,,,,,,,,,,,,,,,,,,,,,,,,,,,,,,7740,3804.8
1787324580,61.995,62.03,61.995,62.01,62.47,62.09,,,,,,,,,,,,,,,,,,,,,,,,,,,,,,,,,,,,,,,,,,,,,,,,,,,,2146,3697.15
1787324640,62,62.01,61.995,62.01,62.47,62.09,,,,,,,,,,,,,,,,,,,,,,,,,,,,,,,,,,,,,,,,,,,,,,,,,,,,1092,3450.4
1787324700,62,62.06,62,62.06,62.47,62.09,,,,,,,,,,,,,,,,,,,,,,,,,,,,,,,,,,,,,,,,,,,,,,,,,,,,5881,3603.55
1787324760,62.06,62.07,62.02,62.035,62.47,62.09,,,,,,,,,,,,,,,,,,,,,,,,,,,,,,,,,,,,,,,,,,,,,,,,,,,,2642,3464.6
1787324820,62.025,62.055,62.02,62.05,62.47,62.09,,,,,,,,,,,,,,,,,,,,,,,,,,,,,,,,,,,,,,,,,,,,,,,,,,,,1334,3268.1
1787324880,62.06,62.1,62.04,62.085,62.47,62.09,,,,,,,,,,,,,,,,,,,,,,,,,,,,,,,,,,,,,,,,,,,,,,,,,,,,4602,3226.4
1787324940,62.09,62.11,62.09,62.11,62.47,62.09,,,,,,,,,,,,,,,,,,,,,,,,,,,,,,,,,,,,,,,,,,,,,,,,,,,,1193,3194.35
1787325000,62.12,62.135,62.09,62.09,62.47,62.09,,,,,,,,,,,,,,,,,,,,,,,,,,,,,,,,,,,,,,,,,,,,,,,,,,,,3188,3028.35
1787325060,62.085,62.095,62.08,62.095,62.47,62.09,,,,,,,,,,,,,,,,,,,,,,,,,,,,,,,,,,,,,,,,,,,,,,,,,,,,1743,2956.5
1787325120,62.1,62.1,62.075,62.09,62.47,62.09,,,,,,,,,,,,,,,,,,,,,,,,,,,,,,,,,,,,,,,,,,,,,,,,,,,,2215,2932.7
1787325180,62.085,62.11,62.08,62.09,62.47,62.09,,,,,,,,,,,,,,,,,,,,,,,,,,,,,,,,,,,,,,,,,,,,,,,,,,,,2026,2895.65
1787325240,62.09,62.09,62.07,62.07,62.47,62.09,,,,,,,,,,,,,,,,,,,,,,,,,,,,,,,,,,,,,,,,,,,,,,,,,,,,2190,2944.1
1787325300,62.08,62.09,62.07,62.07,62.47,62.09,,,,,,,,,,,,,,,,,,,,,,,,,,,,,,,,,,,,,,,,,,,,,,,,,,,,1718,2951.65
1787325360,62.065,62.07,62.06,62.07,62.47,62.09,,,,,,,,,,,,,,,,,,,,,,,,,,,,,,,,,,,,,,,,,,,,,,,,,,,,856,2879.65
1787325420,62.07,62.1,62.065,62.1,62.47,62.09,,,,,,,,,,,,,,,,,,,,,,,,,,,,,,,,,,,,,,,,,,,,,,,,,,,,3705,2940.85
1787325480,62.095,62.1,62.075,62.075,62.47,62.09,,,,,,,,,,,,,,,,,,,,,,,,,,,,,,,,,,,,,,,,,,,,,,,,,,,,5278,3044.1
1787325540,62.075,62.075,62.04,62.05,62.47,62.09,,,,,,,,,,,,,,,,,,,,,,,,,,,,,,,,,,,,,,,,,,,,,,,,,,,,1411,2860.55
1787325600,62.06,62.06,62.045,62.06,62.47,62.09,,,,,,,,,,,,,,,,,,,,,,,,,,,,,,,,,,,,,,,,,,,,,,,,,,,,1033,2790.25
1787325660,62.07,62.07,62.06,62.07,62.47,62.09,,,,,,,,,,,,,,,,,,,,,,,,,,,,,,,,,,,,,,,,,,,,,,,,,,,,834,2641.35
1787325720,62.07,62.1,62.07,62.1,62.47,62.09,,,,,,,,,,,,,,,,,,,,,,,,,,,,,,,,,,,,,,,,,,,,,,,,,,,,1823,2345.5
1787325780,62.11,62.12,62.09,62.09,62.47,62.09,,,,,,,,,,,,,,,,,,,,,,,,,,,,,,,,,,,,,,,,,,,,,,,,,,,,4185,2447.45
1787325840,62.095,62.115,62.085,62.085,62.47,62.09,,,,,,,,,,,,,,,,,,,,,,,,,,,,,,,,,,,,,,,,,,,,,,,,,,,,2095,2497.6
1787325900,62.085,62.085,62.075,62.075,62.47,62.09,,,,,,,,,,,,,,,,,,,,,,,,,,,,,,,,,,,,,,,,,,,,,,,,,,,,307,2218.9
1787325960,62.055,62.07,62.04,62.07,62.47,62.09,,,,,,,,,,,,,,,,,,,,,,,,,,,,,,,,,,,,,,,,,,,,,,,,,,,,1721,2172.85
1787326020,62.08,62.09,62.08,62.085,62.47,62.09,,,,,,,,,,,,,,,,,,,,,,,,,,,,,,,,,,,,,,,,,,,,,,,,,,,,1815,2196.9
1787326080,62.09,62.14,62.09,62.14,62.47,62.09,,,,,,,,,,,,,,,,,,,,,,,,,,,,,,,,,,,,,,,,,,,,,,,,,,,,1673,2050.45
1787326140,62.13,62.15,62.12,62.14,62.47,62.09,,,,,,,,,,,,,,,,,,,,,,,,,,,,,,,,,,,,,,,,,,,,,,,,,,,,2279,2104.75
1787326200,62.15,62.15,62.13,62.13,62.47,62.09,,,,,,,,,,,,,,,,,,,,,,,,,,,,,,,,,,,,,,,,,,,,,,,,,,,,841,1987.4
1787326260,62.14,62.18,62.14,62.15,62.47,62.09,,,,,,,,,,,,,,,,,,,,,,,,,,,,,,,,,,,,,,,,,,,,,,,,,,,,5213,2160.9
1787326320,62.15,62.18,62.15,62.18,62.47,62.09,,,,,,,,,,,,,,,,,,,,,,,,,,,,,,,,,,,,,,,,,,,,,,,,,,,,1990,2149.65
1787326380,62.185,62.2,62.18,62.19,62.47,62.09,,,,,,,,,,,,,,,,,,,,,,,,,,,,,,,,,,,,,,,,,,,,,,,,,,,,1947,2145.7
1787326440,62.19,62.2,62.185,62.19,62.47,62.09,,,,,,,,,,,,,,,,,,,,,,,,,,,,,,,,,,,,,,,,,,,,,,,,,,,,2677,2170.05
1787326500,62.195,62.2,62.18,62.195,62.47,62.09,,,,,,,,,,,,,,,,,,,,,,,,,,,,,,,,,,,,,,,,,,,,,,,,,,,,2144,2191.35
1787326560,62.2,62.23,62.2,62.22,62.47,62.09,,,,,,,,,,,,,,,,,,,,,,,,,,,,,,,,,,,,,,,,,,,,,,,,,,,,3457,2321.4
1787326620,62.22,62.225,62.21,62.21,62.47,62.09,,,,,,,,,,,,,,,,,,,,,,,,,,,,,,,,,,,,,,,,,,,,,,,,,,,,2092,2240.75
1787326680,62.2,62.21,62.165,62.165,62.47,62.09,,,,,,,,,,,,,,,,,,,,,,,,,,,,,,,,,,,,,,,,,,,,,,,,,,,,1920,2072.85
1787326740,62.165,62.21,62.165,62.2,62.47,62.09,,,,,,,,,,,,,,,,,,,,,,,,,,,,,,,,,,,,,,,,,,,,,,,,,,,,2911,2147.85
1787326800,62.2,62.2,62.175,62.175,62.47,62.09,,,,,,,,,,,,,,,,,,,,,,,,,,,,,,,,,,,,,,,,,,,,,,,,,,,,474,2119.9
1787326860,62.17,62.17,62.14,62.14,62.47,62.09,,,,,,,,,,,,,,,,,,,,,,,,,,,,,,,,,,,,,,,,,,,,,,,,,,,,903,2123.35
1787326920,62.135,62.155,62.135,62.15,62.47,62.09,,,,,,,,,,,,,,,,,,,,,,,,,,,,,,,,,,,,,,,,,,,,,,,,,,,,2141,2139.25
1787326980,62.15,62.18,62.15,62.18,62.47,62.09,,,,,,,,,,,,,,,,,,,,,,,,,,,,,,,,,,,,,,,,,,,,,,,,,,,,1888,2024.4
1787327040,62.18,62.19,62.16,62.16,62.47,62.09,,,,,,,,,,,,,,,,,,,,,,,,,,,,,,,,,,,,,,,,,,,,,,,,,,,,3061,2072.7
1787327100,62.175,62.18,62.16,62.17,62.47,62.09,,,,,,,,,,,,,,,,,,,,,,,,,,,,,,,,,,,,,,,,,,,,,,,,,,,,901,2102.4
1787327160,62.17,62.17,62.15,62.17,62.47,62.09,,,,,,,,,,,,,,,,,,,,,,,,,,,,,,,,,,,,,,,,,,,,,,,,,,,,2020,2117.35
1787327220,62.16,62.165,62.13,62.14,62.47,62.09,,,,,,,,,,,,,,,,,,,,,,,,,,,,,,,,,,,,,,,,,,,,,,,,,,,,4488,2251
1787327280,62.14,62.15,62.12,62.13,62.47,62.09,,,,,,,,,,,,,,,,,,,,,,,,,,,,,,,,,,,,,,,,,,,,,,,,,,,,1621,2248.4
1787327340,62.125,62.13,62.12,62.125,62.47,62.09,,,,,,,,,,,,,,,,,,,,,,,,,,,,,,,,,,,,,,,,,,,,,,,,,,,,915,2180.2
1787327400,62.12,62.12,62.09,62.1,62.47,62.09,,,,,,,,,,,,,,,,,,,,,,,,,,,,,,,,,,,,,,,,,,,,,,,,,,,,2573,2266.8
1787327460,62.1,62.101,62.075,62.075,62.47,62.09,,,,,,,,,,,,,,,,,,,,,,,,,,,,,,,,,,,,,,,,,,,,,,,,,,,,936,2052.95
1787327520,62.08,62.09,62.07,62.085,62.47,62.09,,,,,,,,,,,,,,,,,,,,,,,,,,,,,,,,,,,,,,,,,,,,,,,,,,,,5557,2231.3
1787327580,62.085,62.1,62.085,62.1,62.47,62.09,,,,,,,,,,,,,,,,,,,,,,,,,,,,,,,,,,,,,,,,,,,,,,,,,,,,1688,2218.35
1787327640,62.09,62.09,62.06,62.065,62.47,62.09,,,,,,,,,,,,,,,,,,,,,,,,,,,,,,,,,,,,,,,,,,,,,,,,,,,,1067,2137.85
1787327700,62.07,62.07,62.045,62.05,62.47,62.09,,,,,,,,,,,,,,,,,,,,,,,,,,,,,,,,,,,,,,,,,,,,,,,,,,,,1773,2119.3
1787327760,62.05,62.05,62.01,62.01,62.47,62.09,,,,,,,,,,,,,,,,,,,,,,,,,,,,,,,,,,,,,,,,,,,,,,,,,,,,1599,2026.4
1787327820,62.01,62.01,61.98,61.99,62.47,62.09,,,,,,,,,,,,,,,,,,,,,,,,,,,,,,,,,,,,,,,,,,,,,,,,,,,,8536,2348.6
1787327880,61.98,61.99,61.95,61.95,62.47,62.09,,,,,,,,,,,,,,,,,,,,,,,,,,,,,,,,,,,,,,,,,,,,,,,,,,,,2723,2388.75
1787327940,61.935,61.945,61.88,61.885,62.47,62.09,,,,,,,,,,,,,,,,,,,,,,,,,,,,,,,,,,,,,,,,,,,,,,,,,,,,2865,2386.45
1787328000,61.89,61.89,61.88,61.885,62.47,62.09,,,,,,,,,,,,,,,,,,,,,,,,,,,,,,,,,,,,,,,,,,,,,,,,,,,,2505,2488
1787328060,61.88,61.89,61.87,61.885,62.47,62.09,,,,,,,,,,,,,,,,,,,,,,,,,,,,,,,,,,,,,,,,,,,,,,,,,,,,1257,2505.7
1787328120,61.89,61.89,61.82,61.88,62.47,62.09,,,,,,,,,,,,,,,,,,,,,,,,,,,,,,,,,,,,,,,,,,,,,,,,,,,,78850,6341.15
1787328180,61.88,61.91,61.87,61.9,62.47,62.09,,,,,,,,,,,,,,,,,,,,,,,,,,,,,,,,,,,,,,,,,,,,,,,,,,,,5563,6524.9
1787328240,61.89,61.93,61.89,61.93,62.47,62.09,,,,,,,,,,,,,,,,,,,,,,,,,,,,,,,,,,,,,,,,,,,,,,,,,,,,3887,6566.2
1787328300,61.93,61.93,61.92,61.92,62.47,62.09,,,,,,,,,,,,,,,,,,,,,,,,,,,,,,,,,,,,,,,,,,,,,,,,,,,,5470,6794.65
1787328360,61.91,61.91,61.88,61.88,62.47,62.09,,,,,,,,,,,,,,,,,,,,,,,,,,,,,,,,,,,,,,,,,,,,,,,,,,,,3666,6876.95
1787328420,61.89,61.9,61.88,61.89,62.47,62.09,,,,,,,,,,,,,,,,,,,,,,,,,,,,,,,,,,,,,,,,,,,,,,,,,,,,2722,6788.65
1787328480,61.9,61.905,61.89,61.89,62.47,62.09,,,,,,,,,,,,,,,,,,,,,,,,,,,,,,,,,,,,,,,,,,,,,,,,,,,,3027,6858.95
1787328540,61.89,61.89,61.86,61.86,62.47,62.09,,,,,,,,,,,,,,,,,,,,,,,,,,,,,,,,,,,,,,,,,,,,,,,,,,,,1129,6869.65
1787328600,61.85,61.855,61.82,61.83,62.47,62.09,,,,,,,,,,,,,,,,,,,,,,,,,,,,,,,,,,,,,,,,,,,,,,,,,,,,1213,6801.65
1787328660,61.825,61.85,61.825,61.83,62.47,62.09,,,,,,,,,,,,,,,,,,,,,,,,,,,,,,,,,,,,,,,,,,,,,,,,,,,,2077,6858.7
1787328720,61.83,61.835,61.82,61.835,62.47,62.09,,,,,,,,,,,,,,,,,,,,,,,,,,,,,,,,,,,,,,,,,,,,,,,,,,,,1770,6669.35
1787328780,61.835,61.845,61.83,61.84,62.47,62.09,,,,,,,,,,,,,,,,,,,,,,,,,,,,,,,,,,,,,,,,,,,,,,,,,,,,2894,6729.65
1787328840,61.835,61.835,61.825,61.83,62.47,62.09,,,,,,,,,,,,,,,,,,,,,,,,,,,,,,,,,,,,,,,,,,,,,,,,,,,,770,6714.8
1787328900,61.82,61.85,61.82,61.84,62.47,62.09,,,,,,,,,,,,,,,,,,,,,,,,,,,,,,,,,,,,,,,,,,,,,,,,,,,,2956,6773.95
1787328960,61.845,61.845,61.84,61.84,62.47,62.09,,,,,,,,,,,,,,,,,,,,,,,,,,,,,,,,,,,,,,,,,,,,,,,,,,,,901,6739.05
1787329020,61.84,61.85,61.82,61.83,62.47,62.09,,,,,,,,,,,,,,,,,,,,,,,,,,,,,,,,,,,,,,,,,,,,,,,,,,,,2143,6419.4
1787329080,61.83,61.83,61.81,61.81,62.47,62.09,,,,,,,,,,,,,,,,,,,,,,,,,,,,,,,,,,,,,,,,,,,,,,,,,,,,1314,6348.95
1787329140,61.81,61.815,61.8,61.805,62.47,62.09,,,,,,,,,,,,,,,,,,,,,,,,,,,,,,,,,,,,,,,,,,,,,,,,,,,,1673,6289.35
1787329200,61.805,61.83,61.8,61.82,62.47,62.09,,,,,,,,,,,,,,,,,,,,,,,,,,,,,,,,,,,,,,,,,,,,,,,,,,,,7819,6555.05
1787329260,61.82,61.88,61.815,61.85,62.47,62.09,,,,,,,,,,,,,,,,,,,,,,,,,,,,,,,,,,,,,,,,,,,,,,,,,,,,6598,6822.1
1787329320,61.845,61.86,61.825,61.825,62.47,62.09,,,,,,,,,,,,,,,,,,,,,,,,,,,,,,,,,,,,,,,,,,,,,,,,,,,,20967,3927.95
1787329380,61.83,61.83,61.81,61.825,62.47,62.09,,,,,,,,,,,,,,,,,,,,,,,,,,,,,,,,,,,,,,,,,,,,,,,,,,,,2205,3760.05
1787329440,61.82,61.83,61.8,61.82,62.47,62.09,,,,,,,,,,,,,,,,,,,,,,,,,,,,,,,,,,,,,,,,,,,,,,,,,,,,1958,3663.6
1787329500,61.82,61.83,61.815,61.82,62.47,62.09,,,,,,,,,,,,,,,,,,,,,,,,,,,,,,,,,,,,,,,,,,,,,,,,,,,,2934,3536.8
1787329560,61.82,61.86,61.82,61.86,62.47,62.09,,,,,,,,,,,,,,,,,,,,,,,,,,,,,,,,,,,,,,,,,,,,,,,,,,,,7851,3746.05
1787329620,61.87,61.89,61.87,61.88,62.47,62.09,,,,,,,,,,,,,,,,,,,,,,,,,,,,,,,,,,,,,,,,,,,,,,,,,,,,6044,3912.15
1787329680,61.89,61.905,61.89,61.9,62.47,62.09,,,,,,,,,,,,,,,,,,,,,,,,,,,,,,,,,,,,,,,,,,,,,,,,,,,,5081,4014.85
1787329740,61.91,61.92,61.89,61.89,62.47,62.09,,,,,,,,,,,,,,,,,,,,,,,,,,,,,,,,,,,,,,,,,,,,,,,,,,,,2531,4084.95
1787329800,61.88,61.88,61.83,61.865,62.47,62.09,,,,,,,,,,,,,,,,,,,,,,,,,,,,,,,,,,,,,,,,,,,,,,,,,,,,5690,4308.8
1787329860,61.87,61.87,61.84,61.85,62.47,62.09,,,,,,,,,,,,,,,,,,,,,,,,,,,,,,,,,,,,,,,,,,,,,,,,,,,,2141,4312
1787329920,61.835,61.85,61.835,61.85,62.47,62.09,,,,,,,,,,,,,,,,,,,,,,,,,,,,,,,,,,,,,,,,,,,,,,,,,,,,1795,4313.25
1787329980,61.855,61.865,61.855,61.865,62.47,62.09,,,,,,,,,,,,,,,,,,,,,,,,,,,,,,,,,,,,,,,,,,,,,,,,,,,,3220,4329.55
1787330040,61.865,61.865,61.81,61.82,62.47,62.09,,,,,,,,,,,,,,,,,,,,,,,,,,,,,,,,,,,,,,,,,,,,,,,,,,,,1811,4381.6
1787330100,61.825,61.825,61.8,61.8,62.47,62.09,,,,,,,,,,,,,,,,,,,,,,,,,,,,,,,,,,,,,,,,,,,,,,,,,,,,3098,4388.7
1787330160,61.81,61.84,61.805,61.84,62.47,62.09,,,,,,,,,,,,,,,,,,,,,,,,,,,,,,,,,,,,,,,,,,,,,,,,,,,,3812,4534.25
1787330220,61.825,61.85,61.825,61.845,62.47,62.09,,,,,,,,,,,,,,,,,,,,,,,,,,,,,,,,,,,,,,,,,,,,,,,,,,,,2449,4549.55
1787330280,61.84,61.84,61.82,61.825,62.47,62.09,,,,,,,,,,,,,,,,,,,,,,,,,,,,,,,,,,,,,,,,,,,,,,,,,,,,1947,4581.2
1787330340,61.83,61.84,61.82,61.82,62.47,62.09,,,,,,,,,,,,,,,,,,,,,,,,,,,,,,,,,,,,,,,,,,,,,,,,,,,,1707,4582.9
1787330400,61.83,61.83,61.81,61.81,62.47,62.09,,,,,,,,,,,,,,,,,,,,,,,,,,,,,,,,,,,,,,,,,,,,,,,,,,,,1118,4247.85
1787330460,61.82,61.835,61.82,61.83,62.47,62.09,,,,,,,,,,,,,,,,,,,,,,,,,,,,,,,,,,,,,,,,,,,,,,,,,,,,645,3950.2
1787330520,61.825,61.835,61.825,61.83,62.47,62.09,,,,,,,,,,,,,,,,,,,,,,,,,,,,,,,,,,,,,,,,,,,,,,,,,,,,2723,3038
1787330580,61.83,61.84,61.83,61.83,62.47,62.09,,,,,,,,,,,,,,,,,,,,,,,,,,,,,,,,,,,,,,,,,,,,,,,,,,,,1803,3017.9
1787330640,61.82,61.825,61.81,61.81,62.47,62.09,,,,,,,,,,,,,,,,,,,,,,,,,,,,,,,,,,,,,,,,,,,,,,,,,,,,1068,2973.4
1787330700,61.81,61.82,61.8,61.805,62.47,62.09,,,,,,,,,,,,,,,,,,,,,,,,,,,,,,,,,,,,,,,,,,,,,,,,,,,,1638,2908.6
1787330760,61.81,61.82,61.81,61.815,62.47,62.09,,,,,,,,,,,,,,,,,,,,,,,,,,,,,,,,,,,,,,,,,,,,,,,,,,,,1943,2613.2
1787330820,61.81,61.81,61.795,61.8,62.47,62.09,,,,,,,,,,,,,,,,,,,,,,,,,,,,,,,,,,,,,,,,,,,,,,,,,,,,2134,2417.7
1787330880,61.805,61.82,61.805,61.82,62.47,62.09,,,,,,,,,,,,,,,,,,,,,,,,,,,,,,,,,,,,,,,,,,,,,,,,,,,,136,2170.45
1787330940,61.82,61.84,61.82,61.82,62.47,62.09,,,,,,,,,,,,,,,,,,,,,,,,,,,,,,,,,,,,,,,,,,,,,,,,,,,,3223,2205.05
1787331000,61.815,61.82,61.805,61.805,62.47,62.09,,,,,,,,,,,,,,,,,,,,,,,,,,,,,,,,,,,,,,,,,,,,,,,,,,,,1478,1994.45
1787331060,61.815,61.82,61.8,61.815,62.47,62.09,,,,,,,,,,,,,,,,,,,,,,,,,,,,,,,,,,,,,,,,,,,,,,,,,,,,1774,1976.1
1787331120,61.815,61.83,61.795,61.825,62.47,62.09,,,,,,,,,,,,,,,,,,,,,,,,,,,,,,,,,,,,,,,,,,,,,,,,,,,,3176,2045.15
1787331180,61.82,61.825,61.82,61.825,62.47,62.09,,,,,,,,,,,,,,,,,,,,,,,,,,,,,,,,,,,,,,,,,,,,,,,,,,,,142,1891.25
1787331240,61.825,61.835,61.815,61.815,62.47,62.09,,,,,,,,,,,,,,,,,,,,,,,,,,,,,,,,,,,,,,,,,,,,,,,,,,,,2537,1927.55
1787331300,61.81,61.81,61.77,61.79,62.47,62.09,,,,,,,,,,,,,,,,,,,,,,,,,,,,,,,,,,,,,,,,,,,,,,,,,,,,1849,1865.1
1787331360,61.79,61.79,61.78,61.78,62.47,62.09,,,,,,,,,,,,,,,,,,,,,,,,,,,,,,,,,,,,,,,,,,,,,,,,,,,,582,1703.6
1787331420,61.78,61.78,61.775,61.775,62.47,62.09,,,,,,,,,,,,,,,,,,,,,,,,,,,,,,,,,,,,,,,,,,,,,,,,,,,,422,1602.25
1787331480,61.775,61.79,61.775,61.785,62.47,62.09,,,,,,,,,,,,,,,,,,,,,,,,,,,,,,,,,,,,,,,,,,,,,,,,,,,,3681,1688.95
1787331540,61.785,61.79,61.75,61.765,62.47,62.09,,,,,,,,,,,,,,,,,,,,,,,,,,,,,,,,,,,,,,,,,,,,,,,,,,,,3698,1788.5
1787331600,61.77,61.78,61.755,61.76,62.47,62.09,,,,,,,,,,,,,,,,,,,,,,,,,,,,,,,,,,,,,,,,,,,,,,,,,,,,1950,1830.1
1787331660,61.76,61.77,61.745,61.75,62.47,62.09,,,,,,,,,,,,,,,,,,,,,,,,,,,,,,,,,,,,,,,,,,,,,,,,,,,,3166,1956.15
1787331720,61.745,61.745,61.675,61.695,62.47,62.09,,,,,,,,,,,,,,,,,,,,,,,,,,,,,,,,,,,,,,,,,,,,,,,,,,,,12277,2433.85
1787331780,61.695,61.695,61.665,61.675,62.47,62.09,,,,,,,,,,,,,,,,,,,,,,,,,,,,,,,,,,,,,,,,,,,,,,,,,,,,2102,2448.8
1787331840,61.68,61.68,61.64,61.64,62.47,62.09,,,,,,,,,,,,,,,,,,,,,,,,,,,,,,,,,,,,,,,,,,,,,,,,,,,,1995,2495.15
1787331900,61.65,61.66,61.62,61.63,62.47,62.09,,,,,,,,,,,,,,,,,,,,,,,,,,,,,,,,,,,,,,,,,,,,,,,,,,,,2964,2561.45
1787331960,61.625,61.625,61.585,61.605,62.47,62.09,,,,,,,,,,,,,,,,,,,,,,,,,,,,,,,,,,,,,,,,,,,,,,,,,,,,12792,3103.9
1787332020,61.605,61.62,61.605,61.61,62.47,62.09,,,,,,,,,,,,,,,,,,,,,,,,,,,,,,,,,,,,,,,,,,,,,,,,,,,,2844,3139.4
1787332080,61.62,61.64,61.565,61.595,62.47,62.09,,,,,,,,,,,,,,,,,,,,,,,,,,,,,,,,,,,,,,,,,,,,,,,,,,,,6917,3478.45
1787332140,61.59,61.595,61.59,61.59,62.47,62.09,,,,,,,,,,,,,,,,,,,,,,,,,,,,,,,,,,,,,,,,,,,,,,,,,,,,1782,3406.4
1787332200,61.585,61.6,61.575,61.6,62.47,62.09,,,,,,,,,,,,,,,,,,,,,,,,,,,,,,,,,,,,,,,,,,,,,,,,,,,,1193,3392.15
1787332260,61.6,61.6,61.575,61.59,62.47,62.09,,,,,,,,,,,,,,,,,,,,,,,,,,,,,,,,,,,,,,,,,,,,,,,,,,,,2365,3421.7
1787332320,61.59,61.59,61.57,61.58,62.47,62.09,,,,,,,,,,,,,,,,,,,,,,,,,,,,,,,,,,,,,,,,,,,,,,,,,,,,1306,3328.2
1787332380,61.58,61.58,61.54,61.54,62.47,62.09,,,,,,,,,,,,,,,,,,,,,,,,,,,,,,,,,,,,,,,,,,,,,,,,,,,,4118,3527
1787332440,61.55,61.57,61.55,61.57,62.47,62.09,,,,,,,,,,,,,,,,,,,,,,,,,,,,,,,,,,,,,,,,,,,,,,,,,,,,1040,3452.15
1787332500,61.58,61.62,61.56,61.62,62.47,62.09,,,,,,,,,,,,,,,,,,,,,,,,,,,,,,,,,,,,,,,,,,,,,,,,,,,,5912,3655.3
1787332560,61.61,61.61,61.585,61.6,62.47,62.09,,,,,,,,,,,,,,,,,,,,,,,,,,,,,,,,,,,,,,,,,,,,,,,,,,,,1757,3714.05
1787332620,61.605,61.61,61.6,61.61,62.47,62.09,,,,,,,,,,,,,,,,,,,,,,,,,,,,,,,,,,,,,,,,,,,,,,,,,,,,434,3714.65
1787332680,61.605,61.615,61.6,61.615,62.47,62.09,,,,,,,,,,,,,,,,,,,,,,,,,,,,,,,,,,,,,,,,,,,,,,,,,,,,1500,3605.6
1787332740,61.62,61.63,61.615,61.615,62.47,62.09,,,,,,,,,,,,,,,,,,,,,,,,,,,,,,,,,,,,,,,,,,,,,,,,,,,,1412,3491.3
1787332800,61.61,61.62,61.57,61.595,62.47,62.09,,,,,,,,,,,,,,,,,,,,,,,,,,,,,,,,,,,,,,,,,,,,,,,,,,,,2671,3527.35
1787332860,61.595,61.62,61.58,61.62,62.47,62.09,,,,,,,,,,,,,,,,,,,,,,,,,,,,,,,,,,,,,,,,,,,,,,,,,,,,2374,3487.75
1787332920,61.625,61.625,61.625,61.625,62.47,62.09,,,,,,,,,,,,,,,,,,,,,,,,,,,,,,,,,,,,,,,,,,,,,,,,,,,,22,2875
1787332980,61.625,61.625,61.58,61.58,62.47,62.09,,,,,,,,,,,,,,,,,,,,,,,,,,,,,,,,,,,,,,,,,,,,,,,,,,,,3655,2952.65
1787333040,61.575,61.61,61.575,61.61,62.47,62.09,,,,,,,,,,,,,,,,,,,,,,,,,,,,,,,,,,,,,,,,,,,,,,,,,,,,2006,2953.2
1787333100,61.61,61.61,61.595,61.605,62.47,62.09,,,,,,,,,,,,,,,,,,,,,,,,,,,,,,,,,,,,,,,,,,,,,,,,,,,,2138,2911.9
1787333160,61.61,61.62,61.61,61.62,62.47,62.09,,,,,,,,,,,,,,,,,,,,,,,,,,,,,,,,,,,,,,,,,,,,,,,,,,,,500,2297.3
1787333220,61.61,61.62,61.6,61.61,62.47,62.09,,,,,,,,,,,,,,,,,,,,,,,,,,,,,,,,,,,,,,,,,,,,,,,,,,,,3307,2320.45
1787333280,61.61,61.61,61.6,61.6,62.47,62.09,,,,,,,,,,,,,,,,,,,,,,,,,,,,,,,,,,,,,,,,,,,,,,,,,,,,609,2005.05
1787333340,61.61,61.61,61.545,61.565,62.47,62.09,,,,,,,,,,,,,,,,,,,,,,,,,,,,,,,,,,,,,,,,,,,,,,,,,,,,2947,2063.3
1787333400,61.57,61.57,61.54,61.545,62.47,62.09,,,,,,,,,,,,,,,,,,,,,,,,,,,,,,,,,,,,,,,,,,,,,,,,,,,,4590,2233.15
1787333460,61.545,61.56,61.53,61.535,62.47,62.09,,,,,,,,,,,,,,,,,,,,,,,,,,,,,,,,,,,,,,,,,,,,,,,,,,,,957,2162.75
1787333520,61.54,61.56,61.525,61.545,62.47,62.09,,,,,,,,,,,,,,,,,,,,,,,,,,,,,,,,,,,,,,,,,,,,,,,,,,,,4476,2321.25
1787333580,61.545,61.55,61.525,61.545,62.47,62.09,,,,,,,,,,,,,,,,,,,,,,,,,,,,,,,,,,,,,,,,,,,,,,,,,,,,3937,2312.2
1787333640,61.55,61.56,61.545,61.545,62.47,62.09,,,,,,,,,,,,,,,,,,,,,,,,,,,,,,,,,,,,,,,,,,,,,,,,,,,,1584,2339.4
1787333700,61.55,61.56,61.54,61.56,62.47,62.09,,,,,,,,,,,,,,,,,,,,,,,,,,,,,,,,,,,,,,,,,,,,,,,,,,,,1958,2141.7
1787333760,61.57,61.605,61.57,61.6,62.47,62.09,,,,,,,,,,,,,,,,,,,,,,,,,,,,,,,,,,,,,,,,,,,,,,,,,,,,1275,2117.6
1787333820,61.59,61.59,61.54,61.545,62.47,62.09,,,,,,,,,,,,,,,,,,,,,,,,,,,,,,,,,,,,,,,,,,,,,,,,,,,,3144,2253.1
1787333880,61.55,61.57,61.545,61.56,62.47,62.09,,,,,,,,,,,,,,,,,,,,,,,,,,,,,,,,,,,,,,,,,,,,,,,,,,,,1018,2229
1787333940,61.56,61.58,61.555,61.58,62.47,62.09,,,,,,,,,,,,,,,,,,,,,,,,,,,,,,,,,,,,,,,,,,,,,,,,,,,,1990,2257.9
1787334000,61.58,61.61,61.58,61.61,62.47,62.09,,,,,,,,,,,,,,,,,,,,,,,,,,,,,,,,,,,,,,,,,,,,,,,,,,,,1626,2205.65
1787334060,61.62,61.63,61.615,61.63,62.47,62.09,,,,,,,,,,,,,,,,,,,,,,,,,,,,,,,,,,,,,,,,,,,,,,,,,,,,2997,2236.8
1787334120,61.63,61.64,61.61,61.62,62.47,62.09,,,,,,,,,,,,,,,,,,,,,,,,,,,,,,,,,,,,,,,,,,,,,,,,,,,,3223,2396.85
1787334180,61.625,61.625,61.61,61.615,62.47,62.09,,,,,,,,,,,,,,,,,,,,,,,,,,,,,,,,,,,,,,,,,,,,,,,,,,,,434,2235.8
1787334240,61.61,61.615,61.56,61.579,62.47,62.09,,,,,,,,,,,,,,,,,,,,,,,,,,,,,,,,,,,,,,,,,,,,,,,,,,,,6181,2444.55
1787334300,61.58,61.6,61.58,61.59,62.47,62.09,,,,,,,,,,,,,,,,,,,,,,,,,,,,,,,,,,,,,,,,,,,,,,,,,,,,519,2363.6
1787334360,61.6,61.61,61.585,61.585,62.47,62.09,,,,,,,,,,,,,,,,,,,,,,,,,,,,,,,,,,,,,,,,,,,,,,,,,,,,946,2385.9
1787334420,61.59,61.62,61.59,61.62,62.47,62.09,,,,,,,,,,,,,,,,,,,,,,,,,,,,,,,,,,,,,,,,,,,,,,,,,,,,2539,2347.5
1787334480,61.625,61.635,61.62,61.62,62.47,62.09,,,,,,,,,,,,,,,,,,,,,,,,,,,,,,,,,,,,,,,,,,,,,,,,,,,,5308,2582.45
1787334540,61.625,61.67,61.61,61.665,62.47,62.09,,,,,,,,,,,,,,,,,,,,,,,,,,,,,,,,,,,,,,,,,,,,,,,,,,,,3128,2591.5
1787334600,61.66,61.675,61.655,61.675,62.47,62.09,,,,,,,,,,,,,,,,,,,,,,,,,,,,,,,,,,,,,,,,,,,,,,,,,,,,1506,2437.3
1787334660,61.68,61.68,61.675,61.675,62.47,62.09,,,,,,,,,,,,,,,,,,,,,,,,,,,,,,,,,,,,,,,,,,,,,,,,,,,,390,2408.95
1787334720,61.67,61.68,61.645,61.645,62.47,62.09,,,,,,,,,,,,,,,,,,,,,,,,,,,,,,,,,,,,,,,,,,,,,,,,,,,,3477,2359
1787334780,61.645,61.655,61.645,61.645,62.47,62.09,,,,,,,,,,,,,,,,,,,,,,,,,,,,,,,,,,,,,,,,,,,,,,,,,,,,1973,2260.8
1787334840,61.645,61.65,61.635,61.635,62.47,62.09,,,,,,,,,,,,,,,,,,,,,,,,,,,,,,,,,,,,,,,,,,,,,,,,,,,,789,2221.05
1787334900,61.63,61.64,61.62,61.62,62.47,62.09,,,,,,,,,,,,,,,,,,,,,,,,,,,,,,,,,,,,,,,,,,,,,,,,,,,,1950,2220.65
1787334960,61.63,61.65,61.63,61.65,62.47,62.09,,,,,,,,,,,,,,,,,,,,,,,,,,,,,,,,,,,,,,,,,,,,,,,,,,,,3139,2313.85
1787335020,61.655,61.66,61.635,61.645,62.47,62.09,,,,,,,,,,,,,,,,,,,,,,,,,,,,,,,,,,,,,,,,,,,,,,,,,,,,2458,2279.55
1787335080,61.65,61.67,61.65,61.67,62.47,62.09,,,,,,,,,,,,,,,,,,,,,,,,,,,,,,,,,,,,,,,,,,,,,,,,,,,,2047,2331
1787335140,61.67,61.695,61.67,61.69,62.47,62.09,,,,,,,,,,,,,,,,,,,,,,,,,,,,,,,,,,,,,,,,,,,,,,,,,,,,3800,2421.5
1787335200,61.695,61.725,61.695,61.72,62.47,62.09,,,,,,,,,,,,,,,,,,,,,,,,,,,,,,,,,,,,,,,,,,,,,,,,,,,,10403,2860.35
1787335260,61.72,61.755,61.71,61.72,62.47,62.09,,,,,,,,,,,,,,,,,,,,,,,,,,,,,,,,,,,,,,,,,,,,,,,,,,,,4224,2921.7
1787335320,61.71,61.71,61.675,61.68,62.47,62.09,,,,,,,,,,,,,,,,,,,,,,,,,,,,,,,,,,,,,,,,,,,,,,,,,,,,1829,2852
1787335380,61.685,61.685,61.675,61.68,62.47,62.09,,,,,,,,,,,,,,,,,,,,,,,,,,,,,,,,,,,,,,,,,,,,,,,,,,,,1767,2918.65
1787335440,61.68,61.68,61.67,61.67,62.47,62.09,,,,,,,,,,,,,,,,,,,,,,,,,,,,,,,,,,,,,,,,,,,,,,,,,,,,1890,2704.1
1787335500,61.68,61.685,61.675,61.675,62.47,62.09,,,,,,,,,,,,,,,,,,,,,,,,,,,,,,,,,,,,,,,,,,,,,,,,,,,,1336,2744.95
1787335560,61.67,61.67,61.65,61.67,62.47,62.09,,,,,,,,,,,,,,,,,,,,,,,,,,,,,,,,,,,,,,,,,,,,,,,,,,,,4698,2932.55
1787335620,61.67,61.72,61.665,61.715,62.47,62.09,,,,,,,,,,,,,,,,,,,,,,,,,,,,,,,,,,,,,,,,,,,,,,,,,,,,3019,2956.55
1787335680,61.72,61.74,61.72,61.735,62.47,62.09,,,,,,,,,,,,,,,,,,,,,,,,,,,,,,,,,,,,,,,,,,,,,,,,,,,,1380,2760.15
1787335740,61.74,61.75,61.725,61.725,62.47,62.09,,,,,,,,,,,,,,,,,,,,,,,,,,,,,,,,,,,,,,,,,,,,,,,,,,,,2096,2708.55
1787335800,61.725,61.725,61.69,61.705,62.47,62.09,,,,,,,,,,,,,,,,,,,,,,,,,,,,,,,,,,,,,,,,,,,,,,,,,,,,1624,2714.45
1787335860,61.71,61.72,61.695,61.715,62.47,62.09,,,,,,,,,,,,,,,,,,,,,,,,,,,,,,,,,,,,,,,,,,,,,,,,,,,,4795,2934.7
1787335920,61.72,61.73,61.69,61.71,62.47,62.09,,,,,,,,,,,,,,,,,,,,,,,,,,,,,,,,,,,,,,,,,,,,,,,,,,,,2410,2881.35
1787335980,61.715,61.725,61.715,61.725,62.47,62.09,,,,,,,,,,,,,,,,,,,,,,,,,,,,,,,,,,,,,,,,,,,,,,,,,,,,881,2826.75
1787336040,61.72,61.72,61.695,61.695,62.47,62.09,,,,,,,,,,,,,,,,,,,,,,,,,,,,,,,,,,,,,,,,,,,,,,,,,,,,2449,2909.75
1787336100,61.7,61.76,61.7,61.725,62.47,62.09,,,,,,,,,,,,,,,,,,,,,,,,,,,,,,,,,,,,,,,,,,,,,,,,,,,,2474,2935.95
1787336160,61.73,61.745,61.73,61.735,62.47,62.09,,,,,,,,,,,,,,,,,,,,,,,,,,,,,,,,,,,,,,,,,,,,,,,,,,,,1409,2849.45
1787336220,61.735,61.755,61.72,61.725,62.47,62.09,,,,,,,,,,,,,,,,,,,,,,,,,,,,,,,,,,,,,,,,,,,,,,,,,,,,3521,2902.6
1787336280,61.725,61.74,61.725,61.735,62.47,62.09,,,,,,,,,,,,,,,,,,,,,,,,,,,,,,,,,,,,,,,,,,,,,,,,,,,,1846,2892.55
1787336340,61.735,61.735,61.725,61.725,62.47,62.09,,,,,,,,,,,,,,,,,,,,,,,,,,,,,,,,,,,,,,,,,,,,,,,,,,,,1242,2764.65
1787336400,61.725,61.73,61.725,61.73,62.47,62.09,,,,,,,,,,,,,,,,,,,,,,,,,,,,,,,,,,,,,,,,,,,,,,,,,,,,1589,2323.95
1787336460,61.74,61.74,61.72,61.73,62.47,62.09,,,,,,,,,,,,,,,,,,,,,,,,,,,,,,,,,,,,,,,,,,,,,,,,,,,,1787,2202.1
1787336520,61.74,61.745,61.725,61.725,62.47,62.09,,,,,,,,,,,,,,,,,,,,,,,,,,,,,,,,,,,,,,,,,,,,,,,,,,,,2393,2230.3
1787336580,61.72,61.72,61.71,61.715,62.47,62.09,,,,,,,,,,,,,,,,,,,,,,,,,,,,,,,,,,,,,,,,,,,,,,,,,,,,1011,2192.5
1787336640,61.72,61.72,61.7,61.72,62.47,62.09,,,,,,,,,,,,,,,,,,,,,,,,,,,,,,,,,,,,,,,,,,,,,,,,,,,,3731,2284.55
1787336700,61.725,61.73,61.71,61.73,62.47,62.09,,,,,,,,,,,,,,,,,,,,,,,,,,,,,,,,,,,,,,,,,,,,,,,,,,,,1753,2305.4
1787336760,61.725,61.735,61.725,61.735,62.47,62.09,,,,,,,,,,,,,,,,,,,,,,,,,,,,,,,,,,,,,,,,,,,,,,,,,,,,1295,2135.25
1787336820,61.74,61.75,61.74,61.75,62.47,62.09,,,,,,,,,,,,,,,,,,,,,,,,,,,,,,,,,,,,,,,,,,,,,,,,,,,,1800,2074.3
1787336880,61.755,61.81,61.755,61.79,62.47,62.09,,,,,,,,,,,,,,,,,,,,,,,,,,,,,,,,,,,,,,,,,,,,,,,,,,,,8408,2425.7
1787336940,61.795,61.8,61.795,61.795,62.47,62.09,,,,,,,,,,,,,,,,,,,,,,,,,,,,,,,,,,,,,,,,,,,,,,,,,,,,2265,2434.15
1787337000,61.8,61.805,61.79,61.805,62.47,62.09,,,,,,,,,,,,,,,,,,,,,,,,,,,,,,,,,,,,,,,,,,,,,,,,,,,,2574,2481.65
1787337060,61.805,61.82,61.78,61.785,62.47,62.09,,,,,,,,,,,,,,,,,,,,,,,,,,,,,,,,,,,,,,,,,,,,,,,,,,,,4401,2461.95
1787337120,61.79,61.81,61.78,61.805,62.47,62.09,,,,,,,,,,,,,,,,,,,,,,,,,,,,,,,,,,,,,,,,,,,,,,,,,,,,2613,2472.1
1787337180,61.805,61.805,61.78,61.795,62.47,62.09,,,,,,,,,,,,,,,,,,,,,,,,,,,,,,,,,,,,,,,,,,,,,,,,,,,,1231,2489.6
1787337240,61.8,61.82,61.8,61.82,62.47,62.09,,,,,,,,,,,,,,,,,,,,,,,,,,,,,,,,,,,,,,,,,,,,,,,,,,,,2217,2478
1787337300,61.83,61.83,61.81,61.81,62.47,62.09,,,,,,,,,,,,,,,,,,,,,,,,,,,,,,,,,,,,,,,,,,,,,,,,,,,,3121,2510.35
1787337360,61.805,61.82,61.79,61.795,62.47,62.09,,,,,,,,,,,,,,,,,,,,,,,,,,,,,,,,,,,,,,,,,,,,,,,,,,,,1853,2532.55
1787337420,61.795,61.815,61.79,61.795,62.47,62.09,,,,,,,,,,,,,,,,,,,,,,,,,,,,,,,,,,,,,,,,,,,,,,,,,,,,1607,2436.85
1787337480,61.8,61.8,61.785,61.79,62.47,62.09,,,,,,,,,,,,,,,,,,,,,,,,,,,,,,,,,,,,,,,,,,,,,,,,,,,,1951,2442.1
1787337540,61.8,61.805,61.785,61.785,62.47,62.09,,,,,,,,,,,,,,,,,,,,,,,,,,,,,,,,,,,,,,,,,,,,,,,,,,,,1841,2472.05
1787337600,61.79,61.8,61.77,61.79,62.47,62.09,,,,,,,,,,,,,,,,,,,,,,,,,,,,,,,,,,,,,,,,,,,,,,,,,,,,3127,2548.95
1787337660,61.795,61.825,61.795,61.825,62.47,62.09,,,,,,,,,,,,,,,,,,,,,,,,,,,,,,,,,,,,,,,,,,,,,,,,,,,,1917,2555.45
1787337720,61.825,61.85,61.825,61.845,62.47,62.09,,,,,,,,,,,,,,,,,,,,,,,,,,,,,,,,,,,,,,,,,,,,,,,,,,,,1546,2513.1
1787337780,61.845,61.85,61.835,61.84,62.47,62.09,,,,,,,,,,,,,,,,,,,,,,,,,,,,,,,,,,,,,,,,,,,,,,,,,,,,1978,2561.45
1787337840,61.845,61.85,61.845,61.845,62.47,62.09,,,,,,,,,,,,,,,,,,,,,,,,,,,,,,,,,,,,,,,,,,,,,,,,,,,,251,2387.45
1787337900,61.85,61.85,61.82,61.825,62.47,62.09,,,,,,,,,,,,,,,,,,,,,,,,,,,,,,,,,,,,,,,,,,,,,,,,,,,,1700,2384.8
1787337960,61.83,61.845,61.81,61.81,62.47,62.09,,,,,,,,,,,,,,,,,,,,,,,,,,,,,,,,,,,,,,,,,,,,,,,,,,,,4187,2529.4
1787338020,61.82,61.83,61.8,61.825,62.47,62.09,,,,,,,,,,,,,,,,,,,,,,,,,,,,,,,,,,,,,,,,,,,,,,,,,,,,2112,2545
1787338080,61.82,61.82,61.8,61.805,62.47,62.09,,,,,,,,,,,,,,,,,,,,,,,,,,,,,,,,,,,,,,,,,,,,,,,,,,,,1767,2212.95
1787338140,61.81,61.825,61.8,61.82,62.47,62.09,,,,,,,,,,,,,,,,,,,,,,,,,,,,,,,,,,,,,,,,,,,,,,,,,,,,1355,2167.45
1787338200,61.82,61.82,61.79,61.79,62.47,62.09,,,,,,,,,,,,,,,,,,,,,,,,,,,,,,,,,,,,,,,,,,,,,,,,,,,,2293,2153.4
1787338260,61.785,61.795,61.775,61.775,62.47,62.09,,,,,,,,,,,,,,,,,,,,,,,,,,,,,,,,,,,,,,,,,,,,,,,,,,,,822,1974.45
1787338320,61.78,61.79,61.78,61.79,62.47,62.09,,,,,,,,,,,,,,,,,,,,,,,,,,,,,,,,,,,,,,,,,,,,,,,,,,,,1588,1923.2
1787338380,61.8,61.805,61.79,61.8,62.47,62.09,,,,,,,,,,,,,,,,,,,,,,,,,,,,,,,,,,,,,,,,,,,,,,,,,,,,683,1895.8
1787338440,61.81,61.81,61.79,61.795,62.47,62.09,,,,,,,,,,,,,,,,,,,,,,,,,,,,,,,,,,,,,,,,,,,,,,,,,,,,2003,1885.1
1787338500,61.8,61.815,61.8,61.815,62.47,62.09,,,,,,,,,,,,,,,,,,,,,,,,,,,,,,,,,,,,,,,,,,,,,,,,,,,,1034,1780.75
1787338560,61.815,61.815,61.8,61.805,62.47,62.09,,,,,,,,,,,,,,,,,,,,,,,,,,,,,,,,,,,,,,,,,,,,,,,,,,,,1475,1761.85
1787338620,61.8,61.82,61.795,61.795,62.47,62.09,,,,,,,,,,,,,,,,,,,,,,,,,,,,,,,,,,,,,,,,,,,,,,,,,,,,1981,1780.55
1787338680,61.8,61.815,61.8,61.815,62.47,62.09,,,,,,,,,,,,,,,,,,,,,,,,,,,,,,,,,,,,,,,,,,,,,,,,,,,,4347,1900.35
1787338740,61.815,61.825,61.815,61.825,62.47,62.09,,,,,,,,,,,,,,,,,,,,,,,,,,,,,,,,,,,,,,,,,,,,,,,,,,,,3390,1977.8
1787338800,61.83,61.845,61.82,61.83,62.47,62.09,,,,,,,,,,,,,,,,,,,,,,,,,,,,,,,,,,,,,,,,,,,,,,,,,,,,9286,2285.75
1787338860,61.835,61.84,61.815,61.835,62.47,62.09,,,,,,,,,,,,,,,,,,,,,,,,,,,,,,,,,,,,,,,,,,,,,,,,,,,,2041,2291.95
1787338920,61.83,61.835,61.825,61.825,62.47,62.09,,,,,,,,,,,,,,,,,,,,,,,,,,,,,,,,,,,,,,,,,,,,,,,,,,,,1312,2280.25
1787338980,61.83,61.85,61.825,61.85,62.47,62.09,,,,,,,,,,,,,,,,,,,,,,,,,,,,,,,,,,,,,,,,,,,,,,,,,,,,2048,2283.75
1787339040,61.85,61.86,61.85,61.855,62.47,62.09,,,,,,,,,,,,,,,,,,,,,,,,,,,,,,,,,,,,,,,,,,,,,,,,,,,,5061,2524.25
1787339100,61.86,61.88,61.84,61.855,62.47,62.09,,,,,,,,,,,,,,,,,,,,,,,,,,,,,,,,,,,,,,,,,,,,,,,,,,,,10202,2949.35
1787339160,61.86,61.86,61.84,61.855,62.47,62.09,,,,,,,,,,,,,,,,,,,,,,,,,,,,,,,,,,,,,,,,,,,,,,,,,,,,7288,3104.4
1787339220,61.85,61.865,61.84,61.865,62.47,62.09,,,,,,,,,,,,,,,,,,,,,,,,,,,,,,,,,,,,,,,,,,,,,,,,,,,,3623,3179.95
1787339280,61.865,61.94,61.835,61.84,62.47,62.09,,,,,,,,,,,,,,,,,,,,,,,,,,,,,,,,,,,,,,,,,,,,,,,,,,,,52762,5729.7
1787339340,61.84,61.84,61.805,61.815,62.47,62.09,,,,,,,,,,,,,,,,,,,,,,,,,,,,,,,,,,,,,,,,,,,,,,,,,,,,34272,7375.55
1787339400,61.815,61.825,61.81,61.82,62.47,62.09,,,,,,,,,,,,,,,,,,,,,,,,,,,,,,,,,,,,,,,,,,,,,,,,,,,,5851,7553.45
1787339460,61.83,61.835,61.81,61.815,62.47,62.09,,,,,,,,,,,,,,,,,,,,,,,,,,,,,,,,,,,,,,,,,,,,,,,,,,,,7037,7864.2
1787339520,61.82,61.83,61.815,61.83,62.47,62.09,,,,,,,,,,,,,,,,,,,,,,,,,,,,,,,,,,,,,,,,,,,,,,,,,,,,3519,7960.75
1787339580,61.835,61.835,61.8,61.825,62.47,62.09,,,,,,,,,,,,,,,,,,,,,,,,,,,,,,,,,,,,,,,,,,,,,,,,,,,,11007,8476.95
1787339640,61.825,61.845,61.81,61.845,62.47,62.09,,,,,,,,,,,,,,,,,,,,,,,,,,,,,,,,,,,,,,,,,,,,,,,,,,,,6775,8715.55
1787339700,61.845,61.85,61.795,61.82,62.47,62.09,,,,,,,,,,,,,,,,,,,,,,,,,,,,,,,,,,,,,,,,,,,,,,,,,,,,16602,9493.95
1787339760,61.82,61.83,61.8,61.815,62.47,62.09,,,,,,,,,,,,,,,,,,,,,,,,,,,,,,,,,,,,,,,,,,,,,,,,,,,,23295,10584.95
1787339820,61.815,61.825,61.8,61.81,62.47,62.09,,,,,,,,,,,,,,,,,,,,,,,,,,,,,,,,,,,,,,,,,,,,,,,,,,,,7297,10850.75
1787339880,61.81,61.82,61.8,61.805,62.47,62.09,,,,,,,,,,,,,,,,,,,,,,,,,,,,,,,,,,,,,,,,,,,,,,,,,,,,13429,11304.85
1787339940,61.805,61.82,61.805,61.815,62.47,62.09,,,,,,,,,,,,,,,,,,,,,,,,,,,,,,,,,,,,,,,,,,,,,,,,,,,,12333,11752
1787340000,61.815,61.815,61.78,61.805,62.47,62.09,,,,,,,,,,,,,,,,,,,,,,,,,,,,,,,,,,,,,,,,,,,,,,,,,,,,10228,11799.1
1787340060,61.81,61.81,61.77,61.77,62.47,62.09,,,,,,,,,,,,,,,,,,,,,,,,,,,,,,,,,,,,,,,,,,,,,,,,,,,,6466,12020.35
1787340120,61.78,61.81,61.78,61.79,62.47,62.09,,,,,,,,,,,,,,,,,,,,,,,,,,,,,,,,,,,,,,,,,,,,,,,,,,,,17657,12837.6
1787340180,61.795,61.835,61.78,61.815,62.47,62.09,,,,,,,,,,,,,,,,,,,,,,,,,,,,,,,,,,,,,,,,,,,,,,,,,,,,74497,16460.05
1787340240,61.815,61.835,61.79,61.835,62.47,62.09,,,,,,,,,,,,,,,,,,,,,,,,,,,,,,,,,,,,,,,,,,,,,,,,,,,,11114,16762.7
1787340300,61.835,61.835,61.76,61.77,62.47,62.09,,,,,,,,,,,,,,,,,,,,,,,,,,,,,,,,,,,,,,,,,,,,,,,,,,,,11858,16845.5
1787340360,61.77,61.775,61.73,61.73,62.47,62.09,,,,,,,,,,,,,,,,,,,,,,,,,,,,,,,,,,,,,,,,,,,,,,,,,,,,3983,16680.25
1787340420,61.74,61.74,61.73,61.73,62.47,62.09,,,,,,,,,,,,,,,,,,,,,,,,,,,,,,,,,,,,,,,,,,,,,,,,,,,,887,16543.45
1787340480,61.735,61.76,61.735,61.76,62.47,62.09,,,,,,,,,,,,,,,,,,,,,,,,,,,,,,,,,,,,,,,,,,,,,,,,,,,,5486,14179.65
1787340540,61.77,61.77,61.755,61.765,62.47,62.09,,,,,,,,,,,,,,,,,,,,,,,,,,,,,,,,,,,,,,,,,,,,,,,,,,,,4797,12705.9
1787340600,61.765,61.775,61.755,61.76,62.47,62.09,,,,,,,,,,,,,,,,,,,,,,,,,,,,,,,,,,,,,,,,,,,,,,,,,,,,4645,12645.6
1787340660,61.76,61.76,61.735,61.745,62.47,62.09,,,,,,,,,,,,,,,,,,,,,,,,,,,,,,,,,,,,,,,,,,,,,,,,,,,,3702,12478.85
1787340720,61.745,61.77,61.735,61.755,62.47,62.09,,,,,,,,,,,,,,,,,,,,,,,,,,,,,,,,,,,,,,,,,,,,,,,,,,,,3817,12493.75
1787340780,61.75,61.76,61.75,61.755,62.47,62.09,,,,,,,,,,,,,,,,,,,,,,,,,,,,,,,,,,,,,,,,,,,,,,,,,,,,4916,12189.2
1787340840,61.76,61.785,61.76,61.785,62.47,62.09,,,,,,,,,,,,,,,,,,,,,,,,,,,,,,,,,,,,,,,,,,,,,,,,,,,,2947,11997.8
1787340900,61.785,61.785,61.745,61.755,62.47,62.09,,,,,,,,,,,,,,,,,,,,,,,,,,,,,,,,,,,,,,,,,,,,,,,,,,,,6437,11489.55
1787340960,61.75,61.765,61.75,61.755,62.47,62.09,,,,,,,,,,,,,,,,,,,,,,,,,,,,,,,,,,,,,,,,,,,,,,,,,,,,3025,10476.05
1787341020,61.76,61.77,61.755,61.77,62.47,62.09,,,,,,,,,,,,,,,,,,,,,,,,,,,,,,,,,,,,,,,,,,,,,,,,,,,,4369,10329.65
1787341080,61.76,61.77,61.755,61.76,62.47,62.09,,,,,,,,,,,,,,,,,,,,,,,,,,,,,,,,,,,,,,,,,,,,,,,,,,,,1650,9740.7
1787341140,61.75,61.765,61.73,61.73,62.47,62.09,,,,,,,,,,,,,,,,,,,,,,,,,,,,,,,,,,,,,,,,,,,,,,,,,,,,3235,9285.8
1787341200,61.735,61.755,61.73,61.74,62.47,62.09,,,,,,,,,,,,,,,,,,,,,,,,,,,,,,,,,,,,,,,,,,,,,,,,,,,,4618,9005.3
1787341260,61.745,61.76,61.745,61.755,62.47,62.09,,,,,,,,,,,,,,,,,,,,,,,,,,,,,,,,,,,,,,,,,,,,,,,,,,,,3796,8871.8
1787341320,61.76,61.76,61.74,61.75,62.47,62.09,,,,,,,,,,,,,,,,,,,,,,,,,,,,,,,,,,,,,,,,,,,,,,,,,,,,3010,8139.45
1787341380,61.755,61.77,61.74,61.755,62.47,62.09,,,,,,,,,,,,,,,,,,,,,,,,,,,,,,,,,,,,,,,,,,,,,,,,,,,,15056,5167.4
1787341440,61.75,61.76,61.73,61.74,62.47,62.09,,,,,,,,,,,,,,,,,,,,,,,,,,,,,,,,,,,,,,,,,,,,,,,,,,,,4706,4847
1787341500,61.73,61.76,61.725,61.74,62.47,62.09,,,,,,,,,,,,,,,,,,,,,,,,,,,,,,,,,,,,,,,,,,,,,,,,,,,,9970,4752.6
1787341560,61.735,61.74,61.73,61.735,62.47,62.09,,,,,,,,,,,,,,,,,,,,,,,,,,,,,,,,,,,,,,,,,,,,,,,,,,,,1642,4635.55
1787341620,61.74,61.75,61.72,61.745,62.47,62.09,,,,,,,,,,,,,,,,,,,,,,,,,,,,,,,,,,,,,,,,,,,,,,,,,,,,7088,4945.6
1787341680,61.75,61.76,61.735,61.735,62.47,62.09,,,,,,,,,,,,,,,,,,,,,,,,,,,,,,,,,,,,,,,,,,,,,,,,,,,,3009,4821.75
1787341740,61.735,61.76,61.735,61.755,62.47,62.09,,,,,,,,,,,,,,,,,,,,,,,,,,,,,,,,,,,,,,,,,,,,,,,,,,,,7182,4941
1787341800,61.75,61.76,61.71,61.72,62.47,62.09,,,,,,,,,,,,,,,,,,,,,,,,,,,,,,,,,,,,,,,,,,,,,,,,,,,,6725,5045
1787341860,61.715,61.75,61.71,61.71,62.47,62.09,,,,,,,,,,,,,,,,,,,,,,,,,,,,,,,,,,,,,,,,,,,,,,,,,,,,6754,5197.6
1787341920,61.715,61.72,61.7,61.7,62.47,62.09,,,,,,,,,,,,,,,,,,,,,,,,,,,,,,,,,,,,,,,,,,,,,,,,,,,,7834,5398.45
1787341980,61.705,61.71,61.695,61.71,62.47,62.09,,,,,,,,,,,,,,,,,,,,,,,,,,,,,,,,,,,,,,,,,,,,,,,,,,,,7510,5528.15
1787342040,61.705,61.74,61.705,61.725,62.47,62.09,,,,,,,,,,,,,,,,,,,,,,,,,,,,,,,,,,,,,,,,,,,,,,,,,,,,9406,5851.1
1787342100,61.725,61.755,61.705,61.755,62.47,62.09,,,,,,,,,,,,,,,,,,,,,,,,,,,,,,,,,,,,,,,,,,,,,,,,,,,,9906,6024.55
1787342160,61.76,61.76,61.67,61.73,62.47,62.09,,,,,,,,,,,,,,,,,,,,,,,,,,,,,,,,,,,,,,,,,,,,,,,,,,,,45356,8141.1
1787342220,61.725,61.745,61.72,61.735,62.47,62.09,,,,,,,,,,,,,,,,,,,,,,,,,,,,,,,,,,,,,,,,,,,,,,,,,,,,9370,8391.15
1787342280,61.735,61.76,61.71,61.725,62.47,62.09,,,,,,,,,,,,,,,,,,,,,,,,,,,,,,,,,,,,,,,,,,,,,,,,,,,,16597,9138.5
1787342340,61.73,61.74,61.67,61.7,62.47,62.09,,,,,,,,,,,,,,,,,,,,,,,,,,,,,,,,,,,,,,,,,,,,,,,,,,,,59054,11929.45
1787578200,61.845,61.9,61.53,61.59,61.9,61.53,,,,,,,,,,,,,,,,,,,,,,,,,,,,,,,,,,,,,,,,,,,,,,,,,,,,85676,15982.35
1787578260,61.6,61.91,61.6,61.84,61.91,61.53,,,,,,,,,,,,,,,,,,,,,,,,,,,,,,,,,,,,,,,,,,,,,,,,,,,,28347,17209.9
1787578320,61.9,62.06,61.87,62.03,62.06,61.53,,,,,,,,,,,,,,,,,,,,,,,,,,,,,,,,,,,,,,,,,,,,,,,,,,,,46499,19384.35
1787578380,62,62.06,61.95,61.99,62.06,61.53,,,,,,,,,,,,,,,,,,,,,,,,,,,,,,,,,,,,,,,,,,,,,,,,,,,,14277,19345.4
1787578440,61.99,62.04,61.92,61.96,62.06,61.53,,,,,,,,,,,,,,,,,,,,,,,,,,,,,,,,,,,,,,,,,,,,,,,,,,,,12555,19737.85
1787578500,61.93,61.93,61.85,61.86,62.06,61.53,,,,,,,,,,,,,,,,,,,,,,,,,,,,,,,,,,,,,,,,,,,,,,,,,,,,10346,19756.65
1787578560,61.86,61.92,61.835,61.9,62.06,61.53,,,,,,,,,,,,,,,,,,,,,,,,,,,,,,,,,,,,,,,,,,,,,,,,,,,,10715,20210.3
1787578620,61.9,61.91,61.82,61.82,62.06,61.53,,,,,,,,,,,,,,,,,,,,,,,,,,,,,,,,,,,,,,,,,,,,,,,,,,,,4867,20099.25
1787578680,61.82,62.15,61.82,62.085,62.15,61.53,,,,,,,,,,,,,,,,,,,,,,,,,,,,,,,,,,,,,,,,,,,,,,,,,,,,35084,21703
1787578740,62.09,62.12,62.06,62.1,62.15,61.53,,,,,,,,,,,,,,,,,,,,,,,,,,,,,,,,,,,,,,,,,,,,,,,,,,,,8249,21756.35
1787578800,62.08,62.2,62.02,62.11,62.2,61.53,,,,,,,,,,,,,,,,,,,,,,,,,,,,,,,,,,,,,,,,,,,,,,,,,,,,21575,22498.85
1787578860,62.11,62.13,62.05,62.11,62.2,61.53,,,,,,,,,,,,,,,,,,,,,,,,,,,,,,,,,,,,,,,,,,,,,,,,,,,,2695,22295.9
1787578920,62.13,62.14,62.1,62.11,62.2,61.53,,,,,,,,,,,,,,,,,,,,,,,,,,,,,,,,,,,,,,,,,,,,,,,,,,,,1757,21992.05
1787578980,62.11,62.15,62.11,62.15,62.2,61.53,,,,,,,,,,,,,,,,,,,,,,,,,,,,,,,,,,,,,,,,,,,,,,,,,,,,2537,21743.4
1787579040,62.16,62.17,62.135,62.135,62.2,61.53,,,,,,,,,,,,,,,,,,,,,,,,,,,,,,,,,,,,,,,,,,,,,,,,,,,,1782,21362.2
1787579100,62.13,62.21,62.13,62.2,62.2,61.53,,,,,,,,,,,,,,,,,,,,,,,,,,,,,,,,,,,,,,,,,,,,,,,,,,,,2113,20972.55
1787579160,62.21,62.29,62.18,62.29,62.2,61.53,,,,,,,,,,,,,,,,,,,,,,,,,,,,,,,,,,,,,,,,,,,,,,,,,,,,23409,19875.2
1787579220,62.28,62.36,62.245,62.36,62.2,61.53,,,,,,,,,,,,,,,,,,,,,,,,,,,,,,,,,,,,,,,,,,,,,,,,,,,,20290,20421.2
1787579280,62.34,62.39,62.34,62.35,62.2,61.53,,,,,,,,,,,,,,,,,,,,,,,,,,,,,,,,,,,,,,,,,,,,,,,,,,,,2744,19728.55
1787579340,62.36,62.4,62.35,62.39,62.2,61.53,,,,,,,,,,,,,,,,,,,,,,,,,,,,,,,,,,,,,,,,,,,,,,,,,,,,3576,16954.65
1787579400,62.39,62.395,62.345,62.37,62.2,61.53,,,,,,,,,,,,,,,,,,,,,,,,,,,,,,,,,,,,,,,,,,,,,,,,,,,,5107,12926.2
1787579460,62.38,62.41,62.345,62.36,62.2,61.53,,,,,,,,,,,,,,,,,,,,,,,,,,,,,,,,,,,,,,,,,,,,,,,,,,,,3347,11676.2
1787579520,62.35,62.42,62.35,62.41,62.2,61.53,,,,,,,,,,,,,,,,,,,,,,,,,,,,,,,,,,,,,,,,,,,,,,,,,,,,2022,9452.35
1787579580,62.41,62.45,62.405,62.44,62.2,61.53,,,,,,,,,,,,,,,,,,,,,,,,,,,,,,,,,,,,,,,,,,,,,,,,,,,,1806,8828.8
1787579640,62.4,62.43,62.385,62.43,62.2,61.53,,,,,,,,,,,,,,,,,,,,,,,,,,,,,,,,,,,,,,,,,,,,,,,,,,,,2234,8312.75
1787579700,62.41,62.43,62.37,62.43,62.2,61.53,,,,,,,,,,,,,,,,,,,,,,,,,,,,,,,,,,,,,,,,,,,,,,,,,,,,4193,8005.1
1787579760,62.44,62.44,62.345,62.35,62.2,61.53,,,,,,,,,,,,,,,,,,,,,,,,,,,,,,,,,,,,,,,,,,,,,,,,,,,,4404,7689.55
1787579820,62.345,62.35,62.3,62.31,62.2,61.53,,,,,,,,,,,,,,,,,,,,,,,,,,,,,,,,,,,,,,,,,,,,,,,,,,,,3180,7605.2
1787579880,62.32,62.4,62.32,62.37,62.2,61.53,,,,,,,,,,,,,,,,,,,,,,,,,,,,,,,,,,,,,,,,,,,,,,,,,,,,5857,6143.85
1787579940,62.355,62.44,62.355,62.37,62.2,61.53,,,,,,,,,,,,,,,,,,,,,,,,,,,,,,,,,,,,,,,,,,,,,,,,,,,,4571,5959.95
1787580000,62.36,62.38,62.335,62.38,62.2,61.53,,,,,,,,,,,,,,,,,,,,,,,,,,,,,,,,,,,,,,,,,,,,,,,,,,,,7587,5260.55
1787580060,62.365,62.4,62.335,62.4,62.2,61.53,,,,,,,,,,,,,,,,,,,,,,,,,,,,,,,,,,,,,,,,,,,,,,,,,,,,4502,5350.9
1787580120,62.405,62.45,62.37,62.37,62.2,61.53,,,,,,,,,,,,,,,,,,,,,,,,,,,,,,,,,,,,,,,,,,,,,,,,,,,,11000,5813.05
1787580180,62.38,62.395,62.355,62.39,62.2,61.53,,,,,,,,,,,,,,,,,,,,,,,,,,,,,,,,,,,,,,,,,,,,,,,,,,,,3560,5864.2
1787580240,62.4,62.41,62.35,62.37,62.2,61.53,,,,,,,,,,,,,,,,,,,,,,,,,,,,,,,,,,,,,,,,,,,,,,,,,,,,2084,5879.3
1787580300,62.36,62.48,62.36,62.46,62.2,61.53,,,,,,,,,,,,,,,,,,,,,,,,,,,,,,,,,,,,,,,,,,,,,,,,,,,,6270,6087.15
1787580360,62.45,62.48,62.43,62.44,62.2,61.53,,,,,,,,,,,,,,,,,,,,,,,,,,,,,,,,,,,,,,,,,,,,,,,,,,,,5005,5166.95
1787580420,62.445,62.465,62.435,62.46,62.2,61.53,,,,,,,,,,,,,,,,,,,,,,,,,,,,,,,,,,,,,,,,,,,,,,,,,,,,2525,4278.7
1787580480,62.45,62.475,62.445,62.46,62.2,61.53,,,,,,,,,,,,,,,,,,,,,,,,,,,,,,,,,,,,,,,,,,,,,,,,,,,,1963,4239.65
1787580540,62.46,62.47,62.43,62.44,62.2,61.53,,,,,,,,,,,,,,,,,,,,,,,,,,,,,,,,,,,,,,,,,,,,,,,,,,,,5873,4354.5
1787580600,62.44,62.48,62.43,62.47,62.2,61.53,,,,,,,,,,,,,,,,,,,,,,,,,,,,,,,,,,,,,,,,,,,,,,,,,,,,5822,4390.25
1787580660,62.47,62.47,62.45,62.47,62.2,61.53,,,,,,,,,,,,,,,,,,,,,,,,,,,,,,,,,,,,,,,,,,,,,,,,,,,,1090,4277.4
1787580720,62.48,62.495,62.48,62.48,62.2,61.53,,,,,,,,,,,,,,,,,,,,,,,,,,,,,,,,,,,,,,,,,,,,,,,,,,,,1891,4270.85
1787580780,62.47,62.555,62.455,62.555,62.2,61.53,,,,,,,,,,,,,,,,,,,,,,,,,,,,,,,,,,,,,,,,,,,,,,,,,,,,3207,4340.9
1787580840,62.55,62.61,62.55,62.59,62.2,61.53,,,,,,,,,,,,,,,,,,,,,,,,,,,,,,,,,,,,,,,,,,,,,,,,,,,,5698,4514.1
1787580900,62.56,62.56,62.55,62.55,62.2,61.53,,,,,,,,,,,,,,,,,,,,,,,,,,,,,,,,,,,,,,,,,,,,,,,,,,,,205,4314.7
1787580960,62.55,62.62,62.55,62.605,62.2,61.53,,,,,,,,,,,,,,,,,,,,,,,,,,,,,,,,,,,,,,,,,,,,,,,,,,,,6931,4441.05
1787581020,62.6,62.625,62.6,62.6,62.2,61.53,,,,,,,,,,,,,,,,,,,,,,,,,,,,,,,,,,,,,,,,,,,,,,,,,,,,2435,4403.8
1787581080,62.605,62.61,62.58,62.58,62.2,61.53,,,,,,,,,,,,,,,,,,,,,,,,,,,,,,,,,,,,,,,,,,,,,,,,,,,,5601,4391
1787581140,62.59,62.59,62.54,62.56,62.2,61.53,,,,,,,,,,,,,,,,,,,,,,,,,,,,,,,,,,,,,,,,,,,,,,,,,,,,9307,4627.8
1787581200,62.57,62.735,62.57,62.73,62.2,61.53,,,,,,,,,,,,,,,,,,,,,,,,,,,,,,,,,,,,,,,,,,,,,,,,,,,,15983,5047.6
1787581260,62.735,62.74,62.69,62.73,62.2,61.53,,,,,,,,,,,,,,,,,,,,,,,,,,,,,,,,,,,,,,,,,,,,,,,,,,,,7215,5183.25
1787581320,62.72,62.73,62.67,62.67,62.2,61.53,,,,,,,,,,,,,,,,,,,,,,,,,,,,,,,,,,,,,,,,,,,,,,,,,,,,3449,4805.7
1787581380,62.67,62.69,62.64,62.685,62.2,61.53,,,,,,,,,,,,,,,,,,,,,,,,,,,,,,,,,,,,,,,,,,,,,,,,,,,,5455,4900.45
1787581440,62.69,62.705,62.645,62.65,62.2,61.53,,,,,,,,,,,,,,,,,,,,,,,,,,,,,,,,,,,,,,,,,,,,,,,,,,,,2602,4926.35
1787581500,62.645,62.68,62.64,62.68,62.2,61.53,,,,,,,,,,,,,,,,,,,,,,,,,,,,,,,,,,,,,,,,,,,,,,,,,,,,1698,4697.75
1787581560,62.68,62.72,62.68,62.715,62.2,61.53,,,,,,,,,,,,,,,,,,,,,,,,,,,,,,,,,,,,,,,,,,,,,,,,,,,,1961,4545.55
1787581620,62.71,62.72,62.67,62.68,62.2,61.53,,,,,,,,,,,,,,,,,,,,,,,,,,,,,,,,,,,,,,,,,,,,,,,,,,,,6128,4725.7
1787581680,62.67,62.67,62.65,62.67,62.2,61.53,,,,,,,,,,,,,,,,,,,,,,,,,,,,,,,,,,,,,,,,,,,,,,,,,,,,2715,4763.3
1787581740,62.665,62.67,62.64,62.64,62.2,61.53,,,,,,,,,,,,,,,,,,,,,,,,,,,,,,,,,,,,,,,,,,,,,,,,,,,,1635,4551.4
1787581800,62.65,62.67,62.645,62.66,62.2,61.53,,,,,,,,,,,,,,,,,,,,,,,,,,,,,,,,,,,,,,,,,,,,,,,,,,,,2599,4390.25
1787581860,62.66,62.66,62.64,62.65,62.2,61.53,,,,,,,,,,,,,,,,,,,,,,,,,,,,,,,,,,,,,,,,,,,,,,,,,,,,1944,4432.95
1787581920,62.65,62.68,62.65,62.68,62.2,61.53,,,,,,,,,,,,,,,,,,,,,,,,,,,,,,,,,,,,,,,,,,,,,,,,,,,,992,4388
1787581980,62.68,62.75,62.675,62.7,62.2,61.53,,,,,,,,,,,,,,,,,,,,,,,,,,,,,,,,,,,,,,,,,,,,,,,,,,,,10113,4733.3
1787582040,62.67,62.675,62.6,62.61,62.2,61.53,,,,,,,,,,,,,,,,,,,,,,,,,,,,,,,,,,,,,,,,,,,,,,,,,,,,1540,4525.4
1787582100,62.62,62.62,62.58,62.58,62.2,61.53,,,,,,,,,,,,,,,,,,,,,,,,,,,,,,,,,,,,,,,,,,,,,,,,,,,,2741,4652.2
1787582160,62.58,62.585,62.53,62.54,62.2,61.53,,,,,,,,,,,,,,,,,,,,,,,,,,,,,,,,,,,,,,,,,,,,,,,,,,,,5376,4574.45
1787582220,62.56,62.575,62.54,62.54,62.2,61.53,,,,,,,,,,,,,,,,,,,,,,,,,,,,,,,,,,,,,,,,,,,,,,,,,,,,1708,4538.1
1787582280,62.55,62.57,62.52,62.52,62.2,61.53,,,,,,,,,,,,,,,,,,,,,,,,,,,,,,,,,,,,,,,,,,,,,,,,,,,,5478,4531.95
1787582340,62.52,62.55,62.515,62.55,62.2,61.53,,,,,,,,,,,,,,,,,,,,,,,,,,,,,,,,,,,,,,,,,,,,,,,,,,,,3737,4253.45
1787582400,62.54,62.54,62.51,62.52,62.2,61.53,,,,,,,,,,,,,,,,,,,,,,,,,,,,,,,,,,,,,,,,,,,,,,,,,,,,1678,3538.2
1787582460,62.52,62.545,62.52,62.545,62.2,61.53,,,,,,,,,,,,,,,,,,,,,,,,,,,,,,,,,,,,,,,,,,,,,,,,,,,,1886,3271.75
1787582520,62.53,62.53,62.455,62.485,62.2,61.53,,,,,,,,,,,,,,,,,,,,,,,,,,,,,,,,,,,,,,,,,,,,,,,,,,,,7422,3470.4
1787582580,62.485,62.535,62.45,62.455,62.2,61.53,,,,,,,,,,,,,,,,,,,,,,,,,,,,,,,,,,,,,,,,,,,,,,,,,,,,3218,3358.55
1787582640,62.455,62.495,62.445,62.48,62.2,61.53,,,,,,,,,,,,,,,,,,,,,,,,,,,,,,,,,,,,,,,,,,,,,,,,,,,,3950,3425.95
1787582700,62.45,62.495,62.45,62.495,62.2,61.53,,,,,,,,,,,,,,,,,,,,,,,,,,,,,,,,,,,,,,,,,,,,,,,,,,,,2117,3446.9
1787582760,62.49,62.52,62.49,62.51,62.2,61.53,,,,,,,,,,,,,,,,,,,,,,,,,,,,,,,,,,,,,,,,,,,,,,,,,,,,3502,3523.95
1787582820,62.5,62.58,62.495,62.57,62.2,61.53,,,,,,,,,,,,,,,,,,,,,,,,,,,,,,,,,,,,,,,,,,,,,,,,,,,,8396,3637.35
1787582880,62.56,62.59,62.54,62.59,62.2,61.53,,,,,,,,,,,,,,,,,,,,,,,,,,,,,,,,,,,,,,,,,,,,,,,,,,,,9578,3980.5
1787582940,62.59,62.615,62.585,62.605,62.2,61.53,,,,,,,,,,,,,,,,,,,,,,,,,,,,,,,,,,,,,,,,,,,,,,,,,,,,13416,4569.55
1787583000,62.61,62.62,62.57,62.57,62.2,61.53,,,,,,,,,,,,,,,,,,,,,,,,,,,,,,,,,,,,,,,,,,,,,,,,,,,,3435,4611.35
1787583060,62.56,62.56,62.54,62.54,62.2,61.53,,,,,,,,,,,,,,,,,,,,,,,,,,,,,,,,,,,,,,,,,,,,,,,,,,,,1639,4596.1
1787583120,62.54,62.55,62.505,62.545,62.2,61.53,,,,,,,,,,,,,,,,,,,,,,,,,,,,,,,,,,,,,,,,,,,,,,,,,,,,3425,4717.75
1787583180,62.55,62.55,62.535,62.55,62.2,61.53,,,,,,,,,,,,,,,,,,,,,,,,,,,,,,,,,,,,,,,,,,,,,,,,,,,,2058,4315
1787583240,62.54,62.54,62.52,62.525,62.2,61.53,,,,,,,,,,,,,,,,,,,,,,,,,,,,,,,,,,,,,,,,,,,,,,,,,,,,1548,4315.4
1787583300,62.525,62.525,62.48,62.5,62.2,61.53,,,,,,,,,,,,,,,,,,,,,,,,,,,,,,,,,,,,,,,,,,,,,,,,,,,,3323,4344.5
1787583360,62.5,62.53,62.49,62.53,62.2,61.53,,,,,,,,,,,,,,,,,,,,,,,,,,,,,,,,,,,,,,,,,,,,,,,,,,,,3584,4254.9
1787583420,62.53,62.54,62.515,62.53,62.2,61.53,,,,,,,,,,,,,,,,,,,,,,,,,,,,,,,,,,,,,,,,,,,,,,,,,,,,1302,4234.6
1787583480,62.54,62.54,62.51,62.53,62.2,61.53,,,,,,,,,,,,,,,,,,,,,,,,,,,,,,,,,,,,,,,,,,,,,,,,,,,,1245,4022.95
1787583540,62.52,62.54,62.52,62.54,62.2,61.53,,,,,,,,,,,,,,,,,,,,,,,,,,,,,,,,,,,,,,,,,,,,,,,,,,,,2394,3955.8
1787583600,62.55,62.555,62.53,62.55,62.2,61.53,,,,,,,,,,,,,,,,,,,,,,,,,,,,,,,,,,,,,,,,,,,,,,,,,,,,1601,3951.95
1787583660,62.54,62.54,62.52,62.53,62.2,61.53,,,,,,,,,,,,,,,,,,,,,,,,,,,,,,,,,,,,,,,,,,,,,,,,,,,,1591,3937.2
1787583720,62.54,62.57,62.54,62.57,62.2,61.53,,,,,,,,,,,,,,,,,,,,,,,,,,,,,,,,,,,,,,,,,,,,,,,,,,,,6071,3869.65
1787583780,62.56,62.56,62.52,62.52,62.2,61.53,,,,,,,,,,,,,,,,,,,,,,,,,,,,,,,,,,,,,,,,,,,,,,,,,,,,4348,3926.15
1787583840,62.52,62.57,62.51,62.57,62.2,61.53,,,,,,,,,,,,,,,,,,,,,,,,,,,,,,,,,,,,,,,,,,,,,,,,,,,,3871,3922.2
1787583900,62.57,62.635,62.57,62.635,62.2,61.53,,,,,,,,,,,,,,,,,,,,,,,,,,,,,,,,,,,,,,,,,,,,,,,,,,,,8000,4216.35
1787583960,62.63,62.65,62.6,62.61,62.2,61.53,,,,,,,,,,,,,,,,,,,,,,,,,,,,,,,,,,,,,,,,,,,,,,,,,,,,4271,4254.8
1787584020,62.62,62.62,62.58,62.59,62.2,61.53,,,,,,,,,,,,,,,,,,,,,,,,,,,,,,,,,,,,,,,,,,,,,,,,,,,,5116,4090.8
1787584080,62.6,62.605,62.58,62.58,62.2,61.53,,,,,,,,,,,,,,,,,,,,,,,,,,,,,,,,,,,,,,,,,,,,,,,,,,,,1441,3683.95
1787584140,62.57,62.57,62.52,62.52,62.2,61.53,,,,,,,,,,,,,,,,,,,,,,,,,,,,,,,,,,,,,,,,,,,,,,,,,,,,1788,3102.55
1787584200,62.53,62.53,62.42,62.43,62.2,61.53,,,,,,,,,,,,,,,,,,,,,,,,,,,,,,,,,,,,,,,,,,,,,,,,,,,,11417,3501.65
1787584260,62.425,62.44,62.4,62.42,62.2,61.53,,,,,,,,,,,,,,,,,,,,,,,,,,,,,,,,,,,,,,,,,,,,,,,,,,,,4783,3658.85
1787584320,62.42,62.45,62.38,62.45,62.2,61.53,,,,,,,,,,,,,,,,,,,,,,,,,,,,,,,,,,,,,,,,,,,,,,,,,,,,5801,3777.65
1787584380,62.445,62.465,62.42,62.435,62.2,61.53,,,,,,,,,,,,,,,,,,,,,,,,,,,,,,,,,,,,,,,,,,,,,,,,,,,,3813,3865.4
1787584440,62.43,62.465,62.43,62.46,62.2,61.53,,,,,,,,,,,,,,,,,,,,,,,,,,,,,,,,,,,,,,,,,,,,,,,,,,,,2902,3933.1
1787584500,62.45,62.45,62.41,62.41,62.2,61.53,,,,,,,,,,,,,,,,,,,,,,,,,,,,,,,,,,,,,,,,,,,,,,,,,,,,2922,3913.05
1787584560,62.4,62.41,62.37,62.37,62.2,61.53,,,,,,,,,,,,,,,,,,,,,,,,,,,,,,,,,,,,,,,,,,,,,,,,,,,,2851,3876.4
1787584620,62.36,62.38,62.36,62.38,62.2,61.53,,,,,,,,,,,,,,,,,,,,,,,,,,,,,,,,,,,,,,,,,,,,,,,,,,,,2459,3934.25
1787584680,62.38,62.385,62.37,62.37,62.2,61.53,,,,,,,,,,,,,,,,,,,,,,,,,,,,,,,,,,,,,,,,,,,,,,,,,,,,905,3917.25
1787584740,62.36,62.4,62.36,62.385,62.2,61.53,,,,,,,,,,,,,,,,,,,,,,,,,,,,,,,,,,,,,,,,,,,,,,,,,,,,4198,4007.45
1787584800,62.39,62.39,62.355,62.355,62.2,61.53,,,,,,,,,,,,,,,,,,,,,,,,,,,,,,,,,,,,,,,,,,,,,,,,,,,,2764,4065.6
1787584860,62.35,62.39,62.35,62.39,62.2,61.53,,,,,,,,,,,,,,,,,,,,,,,,,,,,,,,,,,,,,,,,,,,,,,,,,,,,4395,4205.8
1787584920,62.39,62.39,62.365,62.38,62.2,61.53,,,,,,,,,,,,,,,,,,,,,,,,,,,,,,,,,,,,,,,,,,,,,,,,,,,,1299,3967.2
1787584980,62.38,62.4,62.38,62.4,62.2,61.53,,,,,,,,,,,,,,,,,,,,,,,,,,,,,,,,,,,,,,,,,,,,,,,,,,,,5038,4001.7
1787585040,62.41,62.43,62.41,62.42,62.2,61.53,,,,,,,,,,,,,,,,,,,,,,,,,,,,,,,,,,,,,,,,,,,,,,,,,,,,3650,3990.65
1787585100,62.42,62.42,62.385,62.41,62.2,61.53,,,,,,,,,,,,,,,,,,,,,,,,,,,,,,,,,,,,,,,,,,,,,,,,,,,,4924,3836.85
1787585160,62.405,62.43,62.395,62.395,62.2,61.53,,,,,,,,,,,,,,,,,,,,,,,,,,,,,,,,,,,,,,,,,,,,,,,,,,,,2473,3746.95
1787585220,62.4,62.41,62.395,62.41,62.2,61.53,,,,,,,,,,,,,,,,,,,,,,,,,,,,,,,,,,,,,,,,,,,,,,,,,,,,3184,3650.35
1787585280,62.4,62.4,62.36,62.36,62.2,61.53,,,,,,,,,,,,,,,,,,,,,,,,,,,,,,,,,,,,,,,,,,,,,,,,,,,,2659,3711.25
1787585340,62.37,62.39,62.37,62.37,62.2,61.53,,,,,,,,,,,,,,,,,,,,,,,,,,,,,,,,,,,,,,,,,,,,,,,,,,,,2158,3729.75
1787585400,62.365,62.375,62.35,62.37,62.2,61.53,,,,,,,,,,,,,,,,,,,,,,,,,,,,,,,,,,,,,,,,,,,,,,,,,,,,5902,3454
1787585460,62.37,62.4,62.37,62.4,62.2,61.53,,,,,,,,,,,,,,,,,,,,,,,,,,,,,,,,,,,,,,,,,,,,,,,,,,,,3771,3403.4
1787585520,62.4,62.4,62.34,62.34,62.2,61.53,,,,,,,,,,,,,,,,,,,,,,,,,,,,,,,,,,,,,,,,,,,,,,,,,,,,1900,3208.35
1787585580,62.335,62.335,62.32,62.32,62.2,61.53,,,,,,,,,,,,,,,,,,,,,,,,,,,,,,,,,,,,,,,,,,,,,,,,,,,,2554,3145.4
1787585640,62.33,62.33,62.32,62.33,62.2,61.53,,,,,,,,,,,,,,,,,,,,,,,,,,,,,,,,,,,,,,,,,,,,,,,,,,,,2750,3137.8
1787585700,62.33,62.34,62.32,62.34,62.2,61.53,,,,,,,,,,,,,,,,,,,,,,,,,,,,,,,,,,,,,,,,,,,,,,,,,,,,550,3019.2
1787585760,62.33,62.33,62.29,62.29,62.2,61.53,,,,,,,,,,,,,,,,,,,,,,,,,,,,,,,,,,,,,,,,,,,,,,,,,,,,4831,3118.2
1787585820,62.29,62.29,62.275,62.29,62.2,61.53,,,,,,,,,,,,,,,,,,,,,,,,,,,,,,,,,,,,,,,,,,,,,,,,,,,,2885,3139.5
1787585880,62.29,62.29,62.26,62.26,62.2,61.53,,,,,,,,,,,,,,,,,,,,,,,,,,,,,,,,,,,,,,,,,,,,,,,,,,,,2832,3235.85
1787585940,62.26,62.3,62.26,62.3,62.2,61.53,,,,,,,,,,,,,,,,,,,,,,,,,,,,,,,,,,,,,,,,,,,,,,,,,,,,1530,3102.45
1787586000,62.285,62.3,62.28,62.28,62.2,61.53,,,,,,,,,,,,,,,,,,,,,,,,,,,,,,,,,,,,,,,,,,,,,,,,,,,,2344,3081.45
1787586060,62.28,62.28,62.22,62.22,62.2,61.53,,,,,,,,,,,,,,,,,,,,,,,,,,,,,,,,,,,,,,,,,,,,,,,,,,,,1919,2957.65
1787586120,62.21,62.25,62.21,62.245,62.2,61.53,,,,,,,,,,,,,,,,,,,,,,,,,,,,,,,,,,,,,,,,,,,,,,,,,,,,7030,3244.2
1787586180,62.25,62.255,62.23,62.23,62.2,61.53,,,,,,,,,,,,,,,,,,,,,,,,,,,,,,,,,,,,,,,,,,,,,,,,,,,,1982,3091.4
1787586240,62.23,62.26,62.23,62.26,62.2,61.53,,,,,,,,,,,,,,,,,,,,,,,,,,,,,,,,,,,,,,,,,,,,,,,,,,,,2746,3046.2
1787586300,62.27,62.33,62.27,62.32,62.2,61.53,,,,,,,,,,,,,,,,,,,,,,,,,,,,,,,,,,,,,,,,,,,,,,,,,,,,7987,3199.35
1787586360,62.32,62.33,62.32,62.32,62.2,61.53,,,,,,,,,,,,,,,,,,,,,,,,,,,,,,,,,,,,,,,,,,,,,,,,,,,,1271,3139.25
1787586420,62.305,62.33,62.275,62.315,62.2,61.53,,,,,,,,,,,,,,,,,,,,,,,,,,,,,,,,,,,,,,,,,,,,,,,,,,,,7619,3361
1787586480,62.32,62.335,62.31,62.32,62.2,61.53,,,,,,,,,,,,,,,,,,,,,,,,,,,,,,,,,,,,,,,,,,,,,,,,,,,,2522,3354.15
1787586540,62.32,62.32,62.275,62.29,62.2,61.53,,,,,,,,,,,,,,,,,,,,,,,,,,,,,,,,,,,,,,,,,,,,,,,,,,,,1851,3338.8
1787586600,62.29,62.3,62.29,62.29,62.2,61.53,,,,,,,,,,,,,,,,,,,,,,,,,,,,,,,,,,,,,,,,,,,,,,,,,,,,1276,3107.5
1787586660,62.29,62.315,62.29,62.315,62.2,61.53,,,,,,,,,,,,,,,,,,,,,,,,,,,,,,,,,,,,,,,,,,,,,,,,,,,,301,2934
1787586720,62.32,62.33,62.31,62.33,62.2,61.53,,,,,,,,,,,,,,,,,,,,,,,,,,,,,,,,,,,,,,,,,,,,,,,,,,,,2967,2987.35
1787586780,62.33,62.34,62.32,62.34,62.2,61.53,,,,,,,,,,,,,,,,,,,,,,,,,,,,,,,,,,,,,,,,,,,,,,,,,,,,2592,2989.25
1787586840,62.34,62.34,62.32,62.32,62.2,61.53,,,,,,,,,,,,,,,,,,,,,,,,,,,,,,,,,,,,,,,,,,,,,,,,,,,,1473,2925.4
1787586900,62.32,62.33,62.32,62.33,62.2,61.53,,,,,,,,,,,,,,,,,,,,,,,,,,,,,,,,,,,,,,,,,,,,,,,,,,,,1194,2957.6
1787586960,62.33,62.35,62.33,62.34,62.2,61.53,,,,,,,,,,,,,,,,,,,,,,,,,,,,,,,,,,,,,,,,,,,,,,,,,,,,574,2744.75
1787587020,62.335,62.37,62.31,62.35,62.2,61.53,,,,,,,,,,,,,,,,,,,,,,,,,,,,,,,,,,,,,,,,,,,,,,,,,,,,3542,2777.6
1787587080,62.36,62.38,62.36,62.38,62.2,61.53,,,,,,,,,,,,,,,,,,,,,,,,,,,,,,,,,,,,,,,,,,,,,,,,,,,,1800,2726
1787587140,62.38,62.385,62.375,62.385,62.2,61.53,,,,,,,,,,,,,,,,,,,,,,,,,,,,,,,,,,,,,,,,,,,,,,,,,,,,562,2677.6
1787587200,62.38,62.39,62.37,62.37,62.2,61.53,,,,,,,,,,,,,,,,,,,,,,,,,,,,,,,,,,,,,,,,,,,,,,,,,,,,3084,2714.6
1787587260,62.37,62.41,62.37,62.41,62.2,61.53,,,,,,,,,,,,,,,,,,,,,,,,,,,,,,,,,,,,,,,,,,,,,,,,,,,,3559,2796.6
1787587320,62.405,62.405,62.33,62.36,62.2,61.53,,,,,,,,,,,,,,,,,,,,,,,,,,,,,,,,,,,,,,,,,,,,,,,,,,,,12125,3051.35
1787587380,62.37,62.375,62.35,62.36,62.2,61.53,,,,,,,,,,,,,,,,,,,,,,,,,,,,,,,,,,,,,,,,,,,,,,,,,,,,4006,3152.55
1787587440,62.36,62.365,62.355,62.36,62.2,61.53,,,,,,,,,,,,,,,,,,,,,,,,,,,,,,,,,,,,,,,,,,,,,,,,,,,,1713,3100.9
1787587500,62.35,62.35,62.31,62.31,62.2,61.53,,,,,,,,,,,,,,,,,,,,,,,,,,,,,,,,,,,,,,,,,,,,,,,,,,,,2544,2828.75
1787587560,62.31,62.31,62.28,62.285,62.2,61.53,,,,,,,,,,,,,,,,,,,,,,,,,,,,,,,,,,,,,,,,,,,,,,,,,,,,2380,2884.2
1787587620,62.285,62.29,62.275,62.28,62.2,61.53,,,,,,,,,,,,,,,,,,,,,,,,,,,,,,,,,,,,,,,,,,,,,,,,,,,,2945,2650.5
1787587680,62.28,62.29,62.27,62.29,62.2,61.53,,,,,,,,,,,,,,,,,,,,,,,,,,,,,,,,,,,,,,,,,,,,,,,,,,,,1569,2602.85
1787587740,62.29,62.3,62.285,62.29,62.2,61.53,,,,,,,,,,,,,,,,,,,,,,,,,,,,,,,,,,,,,,,,,,,,,,,,,,,,1701,2595.35
1787587800,62.285,62.285,62.28,62.28,62.2,61.53,,,,,,,,,,,,,,,,,,,,,,,,,,,,,,,,,,,,,,,,,,,,,,,,,,,,603,2561.7
1787587860,62.27,62.27,62.21,62.21,62.2,61.53,,,,,,,,,,,,,,,,,,,,,,,,,,,,,,,,,,,,,,,,,,,,,,,,,,,,2064,2649.85
1787587920,62.215,62.22,62.19,62.19,62.2,61.53,,,,,,,,,,,,,,,,,,,,,,,,,,,,,,,,,,,,,,,,,,,,,,,,,,,,1743,2588.65
1787587980,62.18,62.2,62.175,62.2,62.2,61.53,,,,,,,,,,,,,,,,,,,,,,,,,,,,,,,,,,,,,,,,,,,,,,,,,,,,1255,2521.8
1787588040,62.19,62.215,62.19,62.21,62.2,61.53,,,,,,,,,,,,,,,,,,,,,,,,,,,,,,,,,,,,,,,,,,,,,,,,,,,,1970,2546.65
1787588100,62.215,62.22,62.18,62.185,62.2,61.53,,,,,,,,,,,,,,,,,,,,,,,,,,,,,,,,,,,,,,,,,,,,,,,,,,,,2211,2597.5
1787588160,62.19,62.205,62.19,62.2,62.2,61.53,,,,,,,,,,,,,,,,,,,,,,,,,,,,,,,,,,,,,,,,,,,,,,,,,,,,1124,2625
1787588220,62.21,62.23,62.21,62.23,62.2,61.53,,,,,,,,,,,,,,,,,,,,,,,,,,,,,,,,,,,,,,,,,,,,,,,,,,,,1759,2535.85
1787588280,62.23,62.235,62.21,62.235,62.2,61.53,,,,,,,,,,,,,,,,,,,,,,,,,,,,,,,,,,,,,,,,,,,,,,,,,,,,2218,2556.75
1787588340,62.235,62.235,62.22,62.22,62.2,61.53,,,,,,,,,,,,,,,,,,,,,,,,,,,,,,,,,,,,,,,,,,,,,,,,,,,,2211,2639.2
1787588400,62.21,62.21,62.175,62.175,62.2,61.53,,,,,,,,,,,,,,,,,,,,,,,,,,,,,,,,,,,,,,,,,,,,,,,,,,,,2775,2623.75
1787588460,62.17,62.17,62.155,62.155,62.2,61.53,,,,,,,,,,,,,,,,,,,,,,,,,,,,,,,,,,,,,,,,,,,,,,,,,,,,1920,2541.8
1787588520,62.16,62.16,62.145,62.155,62.2,61.53,,,,,,,,,,,,,,,,,,,,,,,,,,,,,,,,,,,,,,,,,,,,,,,,,,,,5289,2200
1787588580,62.155,62.155,62.08,62.1,62.2,61.53,,,,,,,,,,,,,,,,,,,,,,,,,,,,,,,,,,,,,,,,,,,,,,,,,,,,5564,2277.9
1787588640,62.1,62.1,62.07,62.07,62.2,61.53,,,,,,,,,,,,,,,,,,,,,,,,,,,,,,,,,,,,,,,,,,,,,,,,,,,,4597,2422.1
1787588700,62.07,62.09,62.07,62.09,62.2,61.53,,,,,,,,,,,,,,,,,,,,,,,,,,,,,,,,,,,,,,,,,,,,,,,,,,,,965,2343.15
1787588760,62.085,62.09,62.08,62.08,62.2,61.53,,,,,,,,,,,,,,,,,,,,,,,,,,,,,,,,,,,,,,,,,,,,,,,,,,,,1768,2312.55
1787588820,62.08,62.13,62.08,62.11,62.2,61.53,,,,,,,,,,,,,,,,,,,,,,,,,,,,,,,,,,,,,,,,,,,,,,,,,,,,4172,2373.9
1787588880,62.105,62.11,62.1,62.11,62.2,61.53,,,,,,,,,,,,,,,,,,,,,,,,,,,,,,,,,,,,,,,,,,,,,,,,,,,,1775,2384.2
1787588940,62.105,62.125,62.09,62.09,62.2,61.53,,,,,,,,,,,,,,,,,,,,,,,,,,,,,,,,,,,,,,,,,,,,,,,,,,,,6541,2626.2
1787589000,62.1,62.1,62.07,62.07,62.2,61.53,,,,,,,,,,,,,,,,,,,,,,,,,,,,,,,,,,,,,,,,,,,,,,,,,,,,1483,2670.2
1787589060,62.07,62.075,62.06,62.06,62.2,61.53,,,,,,,,,,,,,,,,,,,,,,,,,,,,,,,,,,,,,,,,,,,,,,,,,,,,2557,2694.85
1787589120,62.05,62.05,62.015,62.02,62.2,61.53,,,,,,,,,,,,,,,,,,,,,,,,,,,,,,,,,,,,,,,,,,,,,,,,,,,,1687,2692.05
1787589180,62.02,62.03,62.015,62.015,62.2,61.53,,,,,,,,,,,,,,,,,,,,,,,,,,,,,,,,,,,,,,,,,,,,,,,,,,,,2717,2765.15
1787589240,62.02,62.05,62.015,62.05,62.2,61.53,,,,,,,,,,,,,,,,,,,,,,,,,,,,,,,,,,,,,,,,,,,,,,,,,,,,6688,3001.05
1787589300,62.06,62.1,62.06,62.09,62.2,61.53,,,,,,,,,,,,,,,,,,,,,,,,,,,,,,,,,,,,,,,,,,,,,,,,,,,,1665,2973.75
1787589360,62.09,62.09,62.07,62.07,62.2,61.53,,,,,,,,,,,,,,,,,,,,,,,,,,,,,,,,,,,,,,,,,,,,,,,,,,,,523,2943.7
1787589420,62.075,62.08,62.055,62.065,62.2,61.53,,,,,,,,,,,,,,,,,,,,,,,,,,,,,,,,,,,,,,,,,,,,,,,,,,,,4165,3064
1787589480,62.06,62.06,62.015,62.02,62.2,61.53,,,,,,,,,,,,,,,,,,,,,,,,,,,,,,,,,,,,,,,,,,,,,,,,,,,,776,2991.9
1787589540,62.02,62.025,62,62,62.2,61.53,,,,,,,,,,,,,,,,,,,,,,,,,,,,,,,,,,,,,,,,,,,,,,,,,,,,2576,3010.15
1787589600,62.01,62.04,62.01,62.04,62.2,61.53,,,,,,,,,,,,,,,,,,,,,,,,,,,,,,,,,,,,,,,,,,,,,,,,,,,,364,2889.6
1787589660,62.04,62.06,62.04,62.05,62.2,61.53,,,,,,,,,,,,,,,,,,,,,,,,,,,,,,,,,,,,,,,,,,,,,,,,,,,,943,2840.75
1787589720,62.04,62.04,62,62.015,62.2,61.53,,,,,,,,,,,,,,,,,,,,,,,,,,,,,,,,,,,,,,,,,,,,,,,,,,,,4663,2809.45
1787589780,62.015,62.04,62.015,62.035,62.2,61.53,,,,,,,,,,,,,,,,,,,,,,,,,,,,,,,,,,,,,,,,,,,,,,,,,,,,2158,2639.15
1787589840,62.035,62.04,62.03,62.035,62.2,61.53,,,,,,,,,,,,,,,,,,,,,,,,,,,,,,,,,,,,,,,,,,,,,,,,,,,,2182,2518.4
1787589900,62.03,62.03,62,62.01,62.2,61.53,,,,,,,,,,,,,,,,,,,,,,,,,,,,,,,,,,,,,,,,,,,,,,,,,,,,1791,2559.7
1787589960,62.01,62.035,62.01,62.025,62.2,61.53,,,,,,,,,,,,,,,,,,,,,,,,,,,,,,,,,,,,,,,,,,,,,,,,,,,,3207,2631.65
1787590020,62.03,62.04,62.025,62.04,62.2,61.53,,,,,,,,,,,,,,,,,,,,,,,,,,,,,,,,,,,,,,,,,,,,,,,,,,,,2326,2539.35
1787590080,62.04,62.055,62.04,62.04,62.2,61.53,,,,,,,,,,,,,,,,,,,,,,,,,,,,,,,,,,,,,,,,,,,,,,,,,,,,3897,2645.45
1787590140,62.045,62.07,62.045,62.07,62.2,61.53,,,,,,,,,,,,,,,,,,,,,,,,,,,,,,,,,,,,,,,,,,,,,,,,,,,,4133,2525.05
1787590200,62.08,62.1,62.07,62.1,62.2,61.53,,,,,,,,,,,,,,,,,,,,,,,,,,,,,,,,,,,,,,,,,,,,,,,,,,,,1777,2539.75
1787590260,62.095,62.1,62.08,62.08,62.2,61.53,,,,,,,,,,,,,,,,,,,,,,,,,,,,,,,,,,,,,,,,,,,,,,,,,,,,924,2458.1
1787590320,62.085,62.115,62.085,62.11,62.2,61.53,,,,,,,,,,,,,,,,,,,,,,,,,,,,,,,,,,,,,,,,,,,,,,,,,,,,1626,2455.05
1787590380,62.115,62.155,62.115,62.155,62.2,61.53,,,,,,,,,,,,,,,,,,,,,,,,,,,,,,,,,,,,,,,,,,,,,,,,,,,,675,2352.95
1787590440,62.15,62.15,62.12,62.12,62.2,61.53,,,,,,,,,,,,,,,,,,,,,,,,,,,,,,,,,,,,,,,,,,,,,,,,,,,,2159,2126.5
1787590500,62.12,62.125,62.105,62.12,62.2,61.53,,,,,,,,,,,,,,,,,,,,,,,,,,,,,,,,,,,,,,,,,,,,,,,,,,,,3808,2233.65
1787590560,62.125,62.145,62.125,62.135,62.2,61.53,,,,,,,,,,,,,,,,,,,,,,,,,,,,,,,,,,,,,,,,,,,,,,,,,,,,1162,2265.6
1787590620,62.135,62.135,62.125,62.13,62.2,61.53,,,,,,,,,,,,,,,,,,,,,,,,,,,,,,,,,,,,,,,,,,,,,,,,,,,,1472,2130.95
1787590680,62.14,62.14,62.13,62.13,62.2,61.53,,,,,,,,,,,,,,,,,,,,,,,,,,,,,,,,,,,,,,,,,,,,,,,,,,,,863,2135.3
1787590740,62.125,62.145,62.125,62.14,62.2,61.53,,,,,,,,,,,,,,,,,,,,,,,,,,,,,,,,,,,,,,,,,,,,,,,,,,,,2054,2109.2
1787590800,62.135,62.14,62.12,62.135,62.2,61.53,,,,,,,,,,,,,,,,,,,,,,,,,,,,,,,,,,,,,,,,,,,,,,,,,,,,3697,2275.85
1787590860,62.135,62.14,62.125,62.125,62.2,61.53,,,,,,,,,,,,,,,,,,,,,,,,,,,,,,,,,,,,,,,,,,,,,,,,,,,,1366,2297
1787590920,62.13,62.17,62.13,62.17,62.2,61.53,,,,,,,,,,,,,,,,,,,,,,,,,,,,,,,,,,,,,,,,,,,,,,,,,,,,3117,2219.7
1787590980,62.17,62.2,62.17,62.175,62.2,61.53,,,,,,,,,,,,,,,,,,,,,,,,,,,,,,,,,,,,,,,,,,,,,,,,,,,,2565,2240.05
1787591040,62.17,62.18,62.165,62.18,62.2,61.53,,,,,,,,,,,,,,,,,,,,,,,,,,,,,,,,,,,,,,,,,,,,,,,,,,,,3272,2294.55
1787591100,62.185,62.19,62.185,62.19,62.2,61.53,,,,,,,,,,,,,,,,,,,,,,,,,,,,,,,,,,,,,,,,,,,,,,,,,,,,1424,2276.2
1787591160,62.18,62.195,62.18,62.19,62.2,61.53,,,,,,,,,,,,,,,,,,,,,,,,,,,,,,,,,,,,,,,,,,,,,,,,,,,,703,2151
1787591220,62.19,62.205,62.175,62.205,62.2,61.53,,,,,,,,,,,,,,,,,,,,,,,,,,,,,,,,,,,,,,,,,,,,,,,,,,,,4817,2275.55
1787591280,62.205,62.24,62.205,62.225,62.2,61.53,,,,,,,,,,,,,,,,,,,,,,,,,,,,,,,,,,,,,,,,,,,,,,,,,,,,5079,2334.65
1787591340,62.22,62.22,62.18,62.19,62.2,61.53,,,,,,,,,,,,,,,,,,,,,,,,,,,,,,,,,,,,,,,,,,,,,,,,,,,,2862,2271.1
1787591400,62.19,62.21,62.19,62.2,62.2,61.53,,,,,,,,,,,,,,,,,,,,,,,,,,,,,,,,,,,,,,,,,,,,,,,,,,,,2390,2301.75
1787591460,62.19,62.205,62.185,62.2,62.2,61.53,,,,,,,,,,,,,,,,,,,,,,,,,,,,,,,,,,,,,,,,,,,,,,,,,,,,2009,2356
1787591520,62.195,62.205,62.18,62.205,62.2,61.53,,,,,,,,,,,,,,,,,,,,,,,,,,,,,,,,,,,,,,,,,,,,,,,,,,,,3335,2441.45
1787591580,62.21,62.21,62.21,62.21,62.2,61.53,,,,,,,,,,,,,,,,,,,,,,,,,,,,,,,,,,,,,,,,,,,,,,,,,,,,25,2408.95
1787591640,62.205,62.23,62.2,62.225,62.2,61.53,,,,,,,,,,,,,,,,,,,,,,,,,,,,,,,,,,,,,,,,,,,,,,,,,,,,3005,2451.25
1787591700,62.225,62.225,62.195,62.205,62.2,61.53,,,,,,,,,,,,,,,,,,,,,,,,,,,,,,,,,,,,,,,,,,,,,,,,,,,,1934,2357.55
1787591760,62.21,62.215,62.17,62.21,62.2,61.53,,,,,,,,,,,,,,,,,,,,,,,,,,,,,,,,,,,,,,,,,,,,,,,,,,,,4131,2506
1787591820,62.2,62.21,62.2,62.2,62.2,61.53,,,,,,,,,,,,,,,,,,,,,,,,,,,,,,,,,,,,,,,,,,,,,,,,,,,,1036,2484.2
1787591880,62.195,62.2,62.18,62.19,62.2,61.53,,,,,,,,,,,,,,,,,,,,,,,,,,,,,,,,,,,,,,,,,,,,,,,,,,,,2162,2549.15
1787591940,62.18,62.185,62.175,62.175,62.2,61.53,,,,,,,,,,,,,,,,,,,,,,,,,,,,,,,,,,,,,,,,,,,,,,,,,,,,1402,2516.55
1787592000,62.17,62.175,62.16,62.16,62.2,61.53,,,,,,,,,,,,,,,,,,,,,,,,,,,,,,,,,,,,,,,,,,,,,,,,,,,,846,2374
1787592060,62.135,62.15,62.125,62.125,62.2,61.53,,,,,,,,,,,,,,,,,,,,,,,,,,,,,,,,,,,,,,,,,,,,,,,,,,,,2088,2410.1
1787592120,62.12,62.12,62.1,62.12,62.2,61.53,,,,,,,,,,,,,,,,,,,,,,,,,,,,,,,,,,,,,,,,,,,,,,,,,,,,3253,2416.9
1787592180,62.12,62.13,62.115,62.12,62.2,61.53,,,,,,,,,,,,,,,,,,,,,,,,,,,,,,,,,,,,,,,,,,,,,,,,,,,,1832,2380.25
1787592240,62.13,62.13,62.09,62.095,62.2,61.53,,,,,,,,,,,,,,,,,,,,,,,,,,,,,,,,,,,,,,,,,,,,,,,,,,,,2586,2345.95
1787592300,62.09,62.1,62.075,62.1,62.2,61.53,,,,,,,,,,,,,,,,,,,,,,,,,,,,,,,,,,,,,,,,,,,,,,,,,,,,2842,2416.85
1787592360,62.1,62.105,62.085,62.095,62.2,61.53,,,,,,,,,,,,,,,,,,,,,,,,,,,,,,,,,,,,,,,,,,,,,,,,,,,,637,2413.55
1787592420,62.09,62.09,62.06,62.085,62.2,61.53,,,,,,,,,,,,,,,,,,,,,,,,,,,,,,,,,,,,,,,,,,,,,,,,,,,,2216,2283.5
1787592480,62.08,62.09,62.08,62.09,62.2,61.53,,,,,,,,,,,,,,,,,,,,,,,,,,,,,,,,,,,,,,,,,,,,,,,,,,,,1075,2083.3
1787592540,62.085,62.1,62.085,62.1,62.2,61.53,,,,,,,,,,,,,,,,,,,,,,,,,,,,,,,,,,,,,,,,,,,,,,,,,,,,1280,2004.2
1787592600,62.095,62.095,62.09,62.09,62.2,61.53,,,,,,,,,,,,,,,,,,,,,,,,,,,,,,,,,,,,,,,,,,,,,,,,,,,,1990,1984.2
1787592660,62.085,62.125,62.085,62.125,62.2,61.53,,,,,,,,,,,,,,,,,,,,,,,,,,,,,,,,,,,,,,,,,,,,,,,,,,,,4424,2104.95
1787592720,62.13,62.16,62.125,62.16,62.2,61.53,,,,,,,,,,,,,,,,,,,,,,,,,,,,,,,,,,,,,,,,,,,,,,,,,,,,2725,2074.45
1787592780,62.15,62.185,62.15,62.185,62.2,61.53,,,,,,,,,,,,,,,,,,,,,,,,,,,,,,,,,,,,,,,,,,,,,,,,,,,,4109,2278.65
1787592840,62.18,62.19,62.16,62.16,62.2,61.53,,,,,,,,,,,,,,,,,,,,,,,,,,,,,,,,,,,,,,,,,,,,,,,,,,,,2167,2236.75
1787592900,62.15,62.15,62.135,62.14,62.2,61.53,,,,,,,,,,,,,,,,,,,,,,,,,,,,,,,,,,,,,,,,,,,,,,,,,,,,3838,2331.95
1787592960,62.145,62.155,62.145,62.15,62.2,61.53,,,,,,,,,,,,,,,,,,,,,,,,,,,,,,,,,,,,,,,,,,,,,,,,,,,,1372,2194
1787593020,62.155,62.165,62.145,62.145,62.2,61.53,,,,,,,,,,,,,,,,,,,,,,,,,,,,,,,,,,,,,,,,,,,,,,,,,,,,2362,2260.3
1787593080,62.145,62.18,62.145,62.18,62.2,61.53,,,,,,,,,,,,,,,,,,,,,,,,,,,,,,,,,,,,,,,,,,,,,,,,,,,,5798,2442.1
1787593140,62.175,62.19,62.17,62.17,62.2,61.53,,,,,,,,,,,,,,,,,,,,,,,,,,,,,,,,,,,,,,,,,,,,,,,,,,,,3422,2543.1
1787593200,62.17,62.18,62.165,62.17,62.2,61.53,,,,,,,,,,,,,,,,,,,,,,,,,,,,,,,,,,,,,,,,,,,,,,,,,,,,1885,2595.05
1787593260,62.16,62.18,62.155,62.18,62.2,61.53,,,,,,,,,,,,,,,,,,,,,,,,,,,,,,,,,,,,,,,,,,,,,,,,,,,,2838,2632.55
1787593320,62.18,62.185,62.175,62.175,62.2,61.53,,,,,,,,,,,,,,,,,,,,,,,,,,,,,,,,,,,,,,,,,,,,,,,,,,,,2148,2577.3
1787593380,62.18,62.18,62.16,62.16,62.2,61.53,,,,,,,,,,,,,,,,,,,,,,,,,,,,,,,,,,,,,,,,,,,,,,,,,,,,1117,2541.55
1787593440,62.16,62.16,62.155,62.155,62.2,61.53,,,,,,,,,,,,,,,,,,,,,,,,,,,,,,,,,,,,,,,,,,,,,,,,,,,,325,2428.5
1787593500,62.15,62.16,62.145,62.16,62.2,61.53,,,,,,,,,,,,,,,,,,,,,,,,,,,,,,,,,,,,,,,,,,,,,,,,,,,,2635,2418.15
1787593560,62.15,62.16,62.14,62.16,62.2,61.53,,,,,,,,,,,,,,,,,,,,,,,,,,,,,,,,,,,,,,,,,,,,,,,,,,,,3741,2573.35
1787593620,62.155,62.17,62.155,62.165,62.2,61.53,,,,,,,,,,,,,,,,,,,,,,,,,,,,,,,,,,,,,,,,,,,,,,,,,,,,4343,2679.7
1787593680,62.17,62.19,62.17,62.19,62.2,61.53,,,,,,,,,,,,,,,,,,,,,,,,,,,,,,,,,,,,,,,,,,,,,,,,,,,,871,2669.5
1787593740,62.185,62.185,62.17,62.18,62.2,61.53,,,,,,,,,,,,,,,,,,,,,,,,,,,,,,,,,,,,,,,,,,,,,,,,,,,,3069,2758.95
1787593800,62.185,62.21,62.185,62.185,62.2,61.53,,,,,,,,,,,,,,,,,,,,,,,,,,,,,,,,,,,,,,,,,,,,,,,,,,,,6687,2993.8
1787593860,62.19,62.195,62.19,62.19,62.2,61.53,,,,,,,,,,,,,,,,,,,,,,,,,,,,,,,,,,,,,,,,,,,,,,,,,,,,847,2814.95
1787593920,62.195,62.205,62.185,62.205,62.2,61.53,,,,,,,,,,,,,,,,,,,,,,,,,,,,,,,,,,,,,,,,,,,,,,,,,,,,5434,2950.4
1787593980,62.2,62.205,62.185,62.2,62.2,61.53,,,,,,,,,,,,,,,,,,,,,,,,,,,,,,,,,,,,,,,,,,,,,,,,,,,,2150,2852.45
1787594040,62.2,62.22,62.2,62.215,62.2,61.53,,,,,,,,,,,,,,,,,,,,,,,,,,,,,,,,,,,,,,,,,,,,,,,,,,,,3398,2914
1787594100,62.22,62.225,62.21,62.225,62.2,61.53,,,,,,,,,,,,,,,,,,,,,,,,,,,,,,,,,,,,,,,,,,,,,,,,,,,,890,2766.6
1787594160,62.225,62.26,62.225,62.245,62.2,61.53,,,,,,,,,,,,,,,,,,,,,,,,,,,,,,,,,,,,,,,,,,,,,,,,,,,,3418,2868.9
1787594220,62.25,62.27,62.25,62.27,62.2,61.53,,,,,,,,,,,,,,,,,,,,,,,,,,,,,,,,,,,,,,,,,,,,,,,,,,,,1920,2846.8
1787594280,62.26,62.26,62.26,62.26,62.2,61.53,,,,,,,,,,,,,,,,,,,,,,,,,,,,,,,,,,,,,,,,,,,,,,,,,,,,799,2596.85
1787594340,62.255,62.255,62.235,62.24,62.2,61.53,,,,,,,,,,,,,,,,,,,,,,,,,,,,,,,,,,,,,,,,,,,,,,,,,,,,2161,2533.8
1787594400,62.245,62.255,62.23,62.23,62.2,61.53,,,,,,,,,,,,,,,,,,,,,,,,,,,,,,,,,,,,,,,,,,,,,,,,,,,,4763,2677.7
1787594460,62.23,62.24,62.215,62.24,62.2,61.53,,,,,,,,,,,,,,,,,,,,,,,,,,,,,,,,,,,,,,,,,,,,,,,,,,,,4691,2770.35
1787594520,62.24,62.24,62.225,62.235,62.2,61.53,,,,,,,,,,,,,,,,,,,,,,,,,,,,,,,,,,,,,,,,,,,,,,,,,,,,1987,2762.3
1787594580,62.24,62.24,62.235,62.24,62.2,61.53,,,,,,,,,,,,,,,,,,,,,,,,,,,,,,,,,,,,,,,,,,,,,,,,,,,,1094,2761.15
1787594640,62.245,62.245,62.23,62.23,62.2,61.53,,,,,,,,,,,,,,,,,,,,,,,,,,,,,,,,,,,,,,,,,,,,,,,,,,,,2353,2862.55
1787594700,62.24,62.24,62.22,62.225,62.2,61.53,,,,,,,,,,,,,,,,,,,,,,,,,,,,,,,,,,,,,,,,,,,,,,,,,,,,1231,2792.35
1787594760,62.22,62.23,62.22,62.22,62.2,61.53,,,,,,,,,,,,,,,,,,,,,,,,,,,,,,,,,,,,,,,,,,,,,,,,,,,,598,2635.2
1787594820,62.215,62.23,62.215,62.215,62.2,61.53,,,,,,,,,,,,,,,,,,,,,,,,,,,,,,,,,,,,,,,,,,,,,,,,,,,,1062,2471.15
1787594880,62.215,62.22,62.2,62.22,62.2,61.53,,,,,,,,,,,,,,,,,,,,,,,,,,,,,,,,,,,,,,,,,,,,,,,,,,,,2676,2561.4
1787594940,62.23,62.26,62.225,62.25,62.2,61.53,,,,,,,,,,,,,,,,,,,,,,,,,,,,,,,,,,,,,,,,,,,,,,,,,,,,4453,2630.6
1787595000,62.255,62.28,62.255,62.28,62.2,61.53,,,,,,,,,,,,,,,,,,,,,,,,,,,,,,,,,,,,,,,,,,,,,,,,,,,,3766,2484.55
1787595060,62.275,62.275,62.25,62.255,62.2,61.53,,,,,,,,,,,,,,,,,,,,,,,,,,,,,,,,,,,,,,,,,,,,,,,,,,,,2806,2582.5
1787595120,62.26,62.29,62.26,62.29,62.2,61.53,,,,,,,,,,,,,,,,,,,,,,,,,,,,,,,,,,,,,,,,,,,,,,,,,,,,5357,2578.65
1787595180,62.3,62.325,62.295,62.325,62.2,61.53,,,,,,,,,,,,,,,,,,,,,,,,,,,,,,,,,,,,,,,,,,,,,,,,,,,,2302,2586.25
1787595240,62.32,62.32,62.3,62.32,62.2,61.53,,,,,,,,,,,,,,,,,,,,,,,,,,,,,,,,,,,,,,,,,,,,,,,,,,,,7143,2773.5
1787595300,62.32,62.32,62.31,62.32,62.2,61.53,,,,,,,,,,,,,,,,,,,,,,,,,,,,,,,,,,,,,,,,,,,,,,,,,,,,2199,2838.95
1787595360,62.32,62.35,62.315,62.35,62.2,61.53,,,,,,,,,,,,,,,,,,,,,,,,,,,,,,,,,,,,,,,,,,,,,,,,,,,,3414,2838.75
1787595420,62.36,62.37,62.355,62.365,62.2,61.53,,,,,,,,,,,,,,,,,,,,,,,,,,,,,,,,,,,,,,,,,,,,,,,,,,,,748,2780.15
1787595480,62.37,62.37,62.345,62.36,62.2,61.53,,,,,,,,,,,,,,,,,,,,,,,,,,,,,,,,,,,,,,,,,,,,,,,,,,,,4970,2988.7
1787595540,62.355,62.37,62.355,62.365,62.2,61.53,,,,,,,,,,,,,,,,,,,,,,,,,,,,,,,,,,,,,,,,,,,,,,,,,,,,2073,2984.3
1787595600,62.365,62.375,62.325,62.33,62.2,61.53,,,,,,,,,,,,,,,,,,,,,,,,,,,,,,,,,,,,,,,,,,,,,,,,,,,,3689,2930.6
1787595660,62.335,62.345,62.335,62.335,62.2,61.53,,,,,,,,,,,,,,,,,,,,,,,,,,,,,,,,,,,,,,,,,,,,,,,,,,,,1635,2777.8
1787595720,62.33,62.335,62.305,62.31,62.2,61.53,,,,,,,,,,,,,,,,,,,,,,,,,,,,,,,,,,,,,,,,,,,,,,,,,,,,2468,2801.85
1787595780,62.3,62.31,62.295,62.3,62.2,61.53,,,,,,,,,,,,,,,,,,,,,,,,,,,,,,,,,,,,,,,,,,,,,,,,,,,,2560,2875.15
1787595840,62.3,62.305,62.29,62.29,62.2,61.53,,,,,,,,,,,,,,,,,,,,,,,,,,,,,,,,,,,,,,,,,,,,,,,,,,,,3258,2920.4
1787595900,62.28,62.28,62.27,62.27,62.2,61.53,,,,,,,,,,,,,,,,,,,,,,,,,,,,,,,,,,,,,,,,,,,,,,,,,,,,1537,2935.7
1787595960,62.28,62.28,62.265,62.27,62.2,61.53,,,,,,,,,,,,,,,,,,,,,,,,,,,,,,,,,,,,,,,,,,,,,,,,,,,,3485,3080.05
1787596020,62.26,62.335,62.26,62.335,62.2,61.53,,,,,,,,,,,,,,,,,,,,,,,,,,,,,,,,,,,,,,,,,,,,,,,,,,,,2958,3174.85
1787596080,62.335,62.345,62.305,62.315,62.2,61.53,,,,,,,,,,,,,,,,,,,,,,,,,,,,,,,,,,,,,,,,,,,,,,,,,,,,5632,3322.65
1787596140,62.33,62.345,62.31,62.345,62.2,61.53,,,,,,,,,,,,,,,,,,,,,,,,,,,,,,,,,,,,,,,,,,,,,,,,,,,,5130,3356.5
1787596200,62.35,62.36,62.34,62.345,62.2,61.53,,,,,,,,,,,,,,,,,,,,,,,,,,,,,,,,,,,,,,,,,,,,,,,,,,,,2561,3296.25
1787596260,62.36,62.41,62.36,62.4,62.2,61.53,,,,,,,,,,,,,,,,,,,,,,,,,,,,,,,,,,,,,,,,,,,,,,,,,,,,11144,3713.15
1787596320,62.405,62.405,62.395,62.4,62.2,61.53,,,,,,,,,,,,,,,,,,,,,,,,,,,,,,,,,,,,,,,,,,,,,,,,,,,,1875,3539.05
1787596380,62.4,62.4,62.39,62.39,62.2,61.53,,,,,,,,,,,,,,,,,,,,,,,,,,,,,,,,,,,,,,,,,,,,,,,,,,,,834,3465.65
1787596440,62.395,62.41,62.395,62.405,62.2,61.53,,,,,,,,,,,,,,,,,,,,,,,,,,,,,,,,,,,,,,,,,,,,,,,,,,,,2232,3220.1
1787596500,62.41,62.425,62.41,62.42,62.2,61.53,,,,,,,,,,,,,,,,,,,,,,,,,,,,,,,,,,,,,,,,,,,,,,,,,,,,994,3159.85
1787596560,62.425,62.46,62.425,62.45,62.2,61.53,,,,,,,,,,,,,,,,,,,,,,,,,,,,,,,,,,,,,,,,,,,,,,,,,,,,3084,3143.35
1787596620,62.445,62.465,62.445,62.465,62.2,61.53,,,,,,,,,,,,,,,,,,,,,,,,,,,,,,,,,,,,,,,,,,,,,,,,,,,,3963,3304.1
1787596680,62.47,62.48,62.465,62.48,62.2,61.53,,,,,,,,,,,,,,,,,,,,,,,,,,,,,,,,,,,,,,,,,,,,,,,,,,,,2146,3162.9
1787596740,62.47,62.48,62.465,62.475,62.2,61.53,,,,,,,,,,,,,,,,,,,,,,,,,,,,,,,,,,,,,,,,,,,,,,,,,,,,2338,3176.15
1787596800,62.475,62.51,62.475,62.5,62.2,61.53,,,,,,,,,,,,,,,,,,,,,,,,,,,,,,,,,,,,,,,,,,,,,,,,,,,,5001,3241.75
1787596860,62.5,62.5,62.495,62.495,62.2,61.53,,,,,,,,,,,,,,,,,,,,,,,,,,,,,,,,,,,,,,,,,,,,,,,,,,,,2076,3263.8
1787596920,62.495,62.5,62.47,62.5,62.2,61.53,,,,,,,,,,,,,,,,,,,,,,,,,,,,,,,,,,,,,,,,,,,,,,,,,,,,3927,3336.75
1787596980,62.51,62.52,62.51,62.52,62.2,61.53,,,,,,,,,,,,,,,,,,,,,,,,,,,,,,,,,,,,,,,,,,,,,,,,,,,,5772,3497.35
1787597040,62.52,62.525,62.505,62.51,62.2,61.53,,,,,,,,,,,,,,,,,,,,,,,,,,,,,,,,,,,,,,,,,,,,,,,,,,,,2579,3463.4
1787597100,62.5,62.51,62.49,62.51,62.2,61.53,,,,,,,,,,,,,,,,,,,,,,,,,,,,,,,,,,,,,,,,,,,,,,,,,,,,842,3428.65
1787597160,62.5,62.5,62.495,62.495,62.2,61.53,,,,,,,,,,,,,,,,,,,,,,,,,,,,,,,,,,,,,,,,,,,,,,,,,,,,798,3294.3
1787597220,62.495,62.52,62.495,62.515,62.2,61.53,,,,,,,,,,,,,,,,,,,,,,,,,,,,,,,,,,,,,,,,,,,,,,,,,,,,2324,3262.6
1787597280,62.51,62.525,62.51,62.525,62.2,61.53,,,,,,,,,,,,,,,,,,,,,,,,,,,,,,,,,,,,,,,,,,,,,,,,,,,,1080,3035
1787597340,62.53,62.535,62.52,62.535,62.2,61.53,,,,,,,,,,,,,,,,,,,,,,,,,,,,,,,,,,,,,,,,,,,,,,,,,,,,1748,2865.9
1787597400,62.535,62.55,62.52,62.52,62.2,61.53,,,,,,,,,,,,,,,,,,,,,,,,,,,,,,,,,,,,,,,,,,,,,,,,,,,,5913,3033.5
1787597460,62.525,62.53,62.52,62.525,62.2,61.53,,,,,,,,,,,,,,,,,,,,,,,,,,,,,,,,,,,,,,,,,,,,,,,,,,,,3561,2654.35
1787597520,62.53,62.53,62.51,62.515,62.2,61.53,,,,,,,,,,,,,,,,,,,,,,,,,,,,,,,,,,,,,,,,,,,,,,,,,,,,1891,2655.15
1787597580,62.515,62.52,62.51,62.51,62.2,61.53,,,,,,,,,,,,,,,,,,,,,,,,,,,,,,,,,,,,,,,,,,,,,,,,,,,,1668,2696.85
1787597640,62.51,62.52,62.51,62.52,62.2,61.53,,,,,,,,,,,,,,,,,,,,,,,,,,,,,,,,,,,,,,,,,,,,,,,,,,,,255,2598
1787597700,62.515,62.525,62.495,62.525,62.2,61.53,,,,,,,,,,,,,,,,,,,,,,,,,,,,,,,,,,,,,,,,,,,,,,,,,,,,4350,2765.8
1787597760,62.52,62.52,62.51,62.51,62.2,61.53,,,,,,,,,,,,,,,,,,,,,,,,,,,,,,,,,,,,,,,,,,,,,,,,,,,,942,2658.7
1787597820,62.52,62.53,62.51,62.515,62.2,61.53,,,,,,,,,,,,,,,,,,,,,,,,,,,,,,,,,,,,,,,,,,,,,,,,,,,,2981,2609.6
1787597880,62.515,62.515,62.495,62.495,62.2,61.53,,,,,,,,,,,,,,,,,,,,,,,,,,,,,,,,,,,,,,,,,,,,,,,,,,,,1371,2570.85
1787597940,62.5,62.505,62.48,62.48,62.2,61.53,,,,,,,,,,,,,,,,,,,,,,,,,,,,,,,,,,,,,,,,,,,,,,,,,,,,2292,2568.55
1787598000,62.49,62.5,62.465,62.48,62.2,61.53,,,,,,,,,,,,,,,,,,,,,,,,,,,,,,,,,,,,,,,,,,,,,,,,,,,,5871,2612.05
1787598060,62.475,62.485,62.465,62.485,62.2,61.53,,,,,,,,,,,,,,,,,,,,,,,,,,,,,,,,,,,,,,,,,,,,,,,,,,,,2435,2630
1787598120,62.485,62.5,62.475,62.48,62.2,61.53,,,,,,,,,,,,,,,,,,,,,,,,,,,,,,,,,,,,,,,,,,,,,,,,,,,,3943,2630.8
1787598180,62.48,62.48,62.445,62.445,62.2,61.53,,,,,,,,,,,,,,,,,,,,,,,,,,,,,,,,,,,,,,,,,,,,,,,,,,,,1235,2403.95
1787598240,62.445,62.45,62.435,62.44,62.2,61.53,,,,,,,,,,,,,,,,,,,,,,,,,,,,,,,,,,,,,,,,,,,,,,,,,,,,3047,2427.35
1787598300,62.445,62.46,62.435,62.455,62.2,61.53,,,,,,,,,,,,,,,,,,,,,,,,,,,,,,,,,,,,,,,,,,,,,,,,,,,,2827,2526.6
1787598360,62.455,62.46,62.445,62.455,62.2,61.53,,,,,,,,,,,,,,,,,,,,,,,,,,,,,,,,,,,,,,,,,,,,,,,,,,,,1746,2574
1787598420,62.455,62.475,62.455,62.455,62.2,61.53,,,,,,,,,,,,,,,,,,,,,,,,,,,,,,,,,,,,,,,,,,,,,,,,,,,,5652,2740.4
1787598480,62.46,62.475,62.46,62.475,62.2,61.53,,,,,,,,,,,,,,,,,,,,,,,,,,,,,,,,,,,,,,,,,,,,,,,,,,,,1182,2745.5
1787598540,62.47,62.485,62.465,62.485,62.2,61.53,,,,,,,,,,,,,,,,,,,,,,,,,,,,,,,,,,,,,,,,,,,,,,,,,,,,2538,2785
1787598600,62.485,62.485,62.47,62.475,62.2,61.53,,,,,,,,,,,,,,,,,,,,,,,,,,,,,,,,,,,,,,,,,,,,,,,,,,,,2230,2600.85
1787598660,62.485,62.49,62.455,62.455,62.2,61.53,,,,,,,,,,,,,,,,,,,,,,,,,,,,,,,,,,,,,,,,,,,,,,,,,,,,2276,2536.6
1787598720,62.455,62.465,62.44,62.465,62.2,61.53,,,,,,,,,,,,,,,,,,,,,,,,,,,,,,,,,,,,,,,,,,,,,,,,,,,,3037,2593.9
1787598780,62.465,62.47,62.45,62.465,62.2,61.53,,,,,,,,,,,,,,,,,,,,,,,,,,,,,,,,,,,,,,,,,,,,,,,,,,,,3276,2674.3
1787598840,62.465,62.465,62.45,62.46,62.2,61.53,,,,,,,,,,,,,,,,,,,,,,,,,,,,,,,,,,,,,,,,,,,,,,,,,,,,3650,2844.05
1787598900,62.46,62.46,62.435,62.44,62.2,61.53,,,,,,,,,,,,,,,,,,,,,,,,,,,,,,,,,,,,,,,,,,,,,,,,,,,,12775,3265.3
1787598960,62.44,62.445,62.43,62.43,62.2,61.53,,,,,,,,,,,,,,,,,,,,,,,,,,,,,,,,,,,,,,,,,,,,,,,,,,,,389,3237.65
1787599020,62.42,62.42,62.405,62.42,62.2,61.53,,,,,,,,,,,,,,,,,,,,,,,,,,,,,,,,,,,,,,,,,,,,,,,,,,,,4098,3293.5
1787599080,62.415,62.425,62.405,62.415,62.2,61.53,,,,,,,,,,,,,,,,,,,,,,,,,,,,,,,,,,,,,,,,,,,,,,,,,,,,3587,3404.3
1787599140,62.415,62.425,62.4,62.4,62.2,61.53,,,,,,,,,,,,,,,,,,,,,,,,,,,,,,,,,,,,,,,,,,,,,,,,,,,,3798,3479.6
1787599200,62.405,62.41,62.385,62.39,62.2,61.53,,,,,,,,,,,,,,,,,,,,,,,,,,,,,,,,,,,,,,,,,,,,,,,,,,,,2924,3332.25
1787599260,62.39,62.395,62.37,62.37,62.2,61.53,,,,,,,,,,,,,,,,,,,,,,,,,,,,,,,,,,,,,,,,,,,,,,,,,,,,2156,3318.3
1787599320,62.375,62.4,62.37,62.375,62.2,61.53,,,,,,,,,,,,,,,,,,,,,,,,,,,,,,,,,,,,,,,,,,,,,,,,,,,,5034,3372.85
1787599380,62.38,62.38,62.365,62.365,62.2,61.53,,,,,,,,,,,,,,,,,,,,,,,,,,,,,,,,,,,,,,,,,,,,,,,,,,,,3049,3463.55
1787599440,62.36,62.365,62.36,62.365,62.2,61.53,,,,,,,,,,,,,,,,,,,,,,,,,,,,,,,,,,,,,,,,,,,,,,,,,,,,1023,3362.35
1787599500,62.36,62.39,62.36,62.385,62.2,61.53,,,,,,,,,,,,,,,,,,,,,,,,,,,,,,,,,,,,,,,,,,,,,,,,,,,,4529,3447.45
1787599560,62.385,62.39,62.365,62.38,62.2,61.53,,,,,,,,,,,,,,,,,,,,,,,,,,,,,,,,,,,,,,,,,,,,,,,,,,,,8681,3794.2
1787599620,62.37,62.37,62.365,62.365,62.2,61.53,,,,,,,,,,,,,,,,,,,,,,,,,,,,,,,,,,,,,,,,,,,,,,,,,,,,734,3548.3
1787599680,62.36,62.39,62.36,62.385,62.2,61.53,,,,,,,,,,,,,,,,,,,,,,,,,,,,,,,,,,,,,,,,,,,,,,,,,,,,2313,3604.85
1787599740,62.385,62.395,62.385,62.39,62.2,61.53,,,,,,,,,,,,,,,,,,,,,,,,,,,,,,,,,,,,,,,,,,,,,,,,,,,,4918,3723.85
1787599800,62.38,62.385,62.36,62.38,62.2,61.53,,,,,,,,,,,,,,,,,,,,,,,,,,,,,,,,,,,,,,,,,,,,,,,,,,,,6555,3940.1
1787599860,62.39,62.42,62.375,62.415,62.2,61.53,,,,,,,,,,,,,,,,,,,,,,,,,,,,,,,,,,,,,,,,,,,,,,,,,,,,5864,4119.5
1787599920,62.415,62.48,62.415,62.48,62.2,61.53,,,,,,,,,,,,,,,,,,,,,,,,,,,,,,,,,,,,,,,,,,,,,,,,,,,,5808,4258.05
1787599980,62.47,62.475,62.44,62.445,62.2,61.53,,,,,,,,,,,,,,,,,,,,,,,,,,,,,,,,,,,,,,,,,,,,,,,,,,,,2432,4215.85
1787600040,62.445,62.455,62.43,62.43,62.2,61.53,,,,,,,,,,,,,,,,,,,,,,,,,,,,,,,,,,,,,,,,,,,,,,,,,,,,7470,4406.85
1787600100,62.42,62.435,62.415,62.43,62.2,61.53,,,,,,,,,,,,,,,,,,,,,,,,,,,,,,,,,,,,,,,,,,,,,,,,,,,,3604,3948.3
1787600160,62.435,62.445,62.43,62.435,62.2,61.53,,,,,,,,,,,,,,,,,,,,,,,,,,,,,,,,,,,,,,,,,,,,,,,,,,,,3811,4119.4
1787600220,62.44,62.445,62.425,62.445,62.2,61.53,,,,,,,,,,,,,,,,,,,,,,,,,,,,,,,,,,,,,,,,,,,,,,,,,,,,3789,4103.95
1787600280,62.44,62.44,62.405,62.41,62.2,61.53,,,,,,,,,,,,,,,,,,,,,,,,,,,,,,,,,,,,,,,,,,,,,,,,,,,,9703,4409.75
1787600340,62.415,62.42,62.4,62.4,62.2,61.53,,,,,,,,,,,,,,,,,,,,,,,,,,,,,,,,,,,,,,,,,,,,,,,,,,,,4077,4423.7
1787600400,62.4,62.41,62.39,62.405,62.2,61.53,,,,,,,,,,,,,,,,,,,,,,,,,,,,,,,,,,,,,,,,,,,,,,,,,,,,3501,4452.55
1787600460,62.405,62.425,62.38,62.385,62.2,61.53,,,,,,,,,,,,,,,,,,,,,,,,,,,,,,,,,,,,,,,,,,,,,,,,,,,,10173,4853.4
1787600520,62.38,62.44,62.38,62.425,62.2,61.53,,,,,,,,,,,,,,,,,,,,,,,,,,,,,,,,,,,,,,,,,,,,,,,,,,,,7302,4966.8
1787600580,62.425,62.445,62.42,62.445,62.2,61.53,,,,,,,,,,,,,,,,,,,,,,,,,,,,,,,,,,,,,,,,,,,,,,,,,,,,6508,5139.75
1787600640,62.45,62.45,62.43,62.435,62.2,61.53,,,,,,,,,,,,,,,,,,,,,,,,,,,,,,,,,,,,,,,,,,,,,,,,,,,,2768,5227
1787600700,62.43,62.46,62.42,62.42,62.2,61.53,,,,,,,,,,,,,,,,,,,,,,,,,,,,,,,,,,,,,,,,,,,,,,,,,,,,7992,5400.15
1787600760,62.425,62.445,62.425,62.445,62.2,61.53,,,,,,,,,,,,,,,,,,,,,,,,,,,,,,,,,,,,,,,,,,,,,,,,,,,,8005,5366.35
1787600820,62.45,62.48,62.44,62.465,62.2,61.53,,,,,,,,,,,,,,,,,,,,,,,,,,,,,,,,,,,,,,,,,,,,,,,,,,,,8091,5734.2
1787600880,62.46,62.48,62.45,62.45,62.2,61.53,,,,,,,,,,,,,,,,,,,,,,,,,,,,,,,,,,,,,,,,,,,,,,,,,,,,8635,6050.3
1787600940,62.455,62.47,62.44,62.445,62.2,61.53,,,,,,,,,,,,,,,,,,,,,,,,,,,,,,,,,,,,,,,,,,,,,,,,,,,,12923,6450.55
1787601000,62.45,62.46,62.42,62.42,62.2,61.53,,,,,,,,,,,,,,,,,,,,,,,,,,,,,,,,,,,,,,,,,,,,,,,,,,,,12773,6761.45
1787601060,62.42,62.42,62.38,62.39,62.2,61.53,,,,,,,,,,,,,,,,,,,,,,,,,,,,,,,,,,,,,,,,,,,,,,,,,,,,10536,6995.05
1787601120,62.38,62.4,62.38,62.4,62.2,61.53,,,,,,,,,,,,,,,,,,,,,,,,,,,,,,,,,,,,,,,,,,,,,,,,,,,,2633,6836.3
1787601180,62.395,62.425,62.39,62.425,62.2,61.53,,,,,,,,,,,,,,,,,,,,,,,,,,,,,,,,,,,,,,,,,,,,,,,,,,,,6368,7033.1
1787601240,62.425,62.435,62.395,62.4,62.2,61.53,,,,,,,,,,,,,,,,,,,,,,,,,,,,,,,,,,,,,,,,,,,,,,,,,,,,18830,7601.1
1787601300,62.405,62.44,62.395,62.425,62.2,61.53,,,,,,,,,,,,,,,,,,,,,,,,,,,,,,,,,,,,,,,,,,,,,,,,,,,,13020,8071.9
1787601360,62.425,62.445,62.4,62.43,62.2,61.53,,,,,,,,,,,,,,,,,,,,,,,,,,,,,,,,,,,,,,,,,,,,,,,,,,,,14779,8620.3
1787601420,62.43,62.44,62.41,62.425,62.2,61.53,,,,,,,,,,,,,,,,,,,,,,,,,,,,,,,,,,,,,,,,,,,,,,,,,,,,18993,9380.5
1787601480,62.43,62.44,62.385,62.43,62.2,61.53,,,,,,,,,,,,,,,,,,,,,,,,,,,,,,,,,,,,,,,,,,,,,,,,,,,,34810,10635.85
1787601540,62.44,62.44,62.32,62.33,62.2,61.53,,,,,,,,,,,,,,,,,,,,,,,,,,,,,,,,,,,,,,,,,,,,,,,,,,,,82856,14574.8
1787664600,62.365,62.5,62.1,62.31,62.5,62.1,,,,,,,,,,,,,,,,,,,,,,,,,,,,,,,,,,,,,,,,,,,,,,,,,,,,35990,16199.25
1787664660,62.285,62.45,62.25,62.34,62.5,62.1,,,,,,,,,,,,,,,,,,,,,,,,,,,,,,,,,,,,,,,,,,,,,,,,,,,,23227,16851.95
1787664720,62.36,62.43,62.31,62.36,62.5,62.1,,,,,,,,,,,,,,,,,,,,,,,,,,,,,,,,,,,,,,,,,,,,,,,,,,,,19917,17482.7
1787664780,62.36,62.45,62.34,62.45,62.5,62.1,,,,,,,,,,,,,,,,,,,,,,,,,,,,,,,,,,,,,,,,,,,,,,,,,,,,13552,17834.9
1787664840,62.47,62.48,62.37,62.38,62.5,62.1,,,,,,,,,,,,,,,,,,,,,,,,,,,,,,,,,,,,,,,,,,,,,,,,,,,,9211,18157.05
1787664900,62.37,62.4,62.27,62.28,62.5,62.1,,,,,,,,,,,,,,,,,,,,,,,,,,,,,,,,,,,,,,,,,,,,,,,,,,,,12684,18391.65
1787664960,62.31,62.33,62.21,62.23,62.5,62.1,,,,,,,,,,,,,,,,,,,,,,,,,,,,,,,,,,,,,,,,,,,,,,,,,,,,14686,18725.7
1787665020,62.23,62.29,62.16,62.28,62.5,62.1,,,,,,,,,,,,,,,,,,,,,,,,,,,,,,,,,,,,,,,,,,,,,,,,,,,,39402,20291.25
1787665080,62.26,62.27,62.145,62.17,62.5,62.1,,,,,,,,,,,,,,,,,,,,,,,,,,,,,,,,,,,,,,,,,,,,,,,,,,,,14231,20571.05
1787665140,62.18,62.22,62.16,62.16,62.5,62.1,,,,,,,,,,,,,,,,,,,,,,,,,,,,,,,,,,,,,,,,,,,,,,,,,,,,6929,20271.35
1787665200,62.16,62.17,62.05,62.07,62.5,62.05,,,,,,,,,,,,,,,,,,,,,,,,,,,,,,,,,,,,,,,,,,,,,,,,,,,,19042,20584.8
1787665260,62.08,62.25,62.07,62.23,62.5,62.05,,,,,,,,,,,,,,,,,,,,,,,,,,,,,,,,,,,,,,,,,,,,,,,,,,,,4254,20270.7
1787665320,62.235,62.29,62.22,62.28,62.5,62.05,,,,,,,,,,,,,,,,,,,,,,,,,,,,,,,,,,,,,,,,,,,,,,,,,,,,10346,20656.35
1787665380,62.3,62.33,62.22,62.23,62.5,62.05,,,,,,,,,,,,,,,,,,,,,,,,,,,,,,,,,,,,,,,,,,,,,,,,,,,,8595,20767.7
1787665440,62.22,62.25,62.21,62.22,62.5,62.05,,,,,,,,,,,,,,,,,,,,,,,,,,,,,,,,,,,,,,,,,,,,,,,,,,,,2173,19934.85
1787665500,62.21,62.24,62.15,62.16,62.5,62.05,,,,,,,,,,,,,,,,,,,,,,,,,,,,,,,,,,,,,,,,,,,,,,,,,,,,7381,19652.9
1787665560,62.17,62.17,62.05,62.05,62.5,62.05,,,,,,,,,,,,,,,,,,,,,,,,,,,,,,,,,,,,,,,,,,,,,,,,,,,,8886,19358.25
1787665620,62.04,62.04,61.98,62,62.5,62.05,,,,,,,,,,,,,,,,,,,,,,,,,,,,,,,,,,,,,,,,,,,,,,,,,,,,2946,18555.9
1787665680,61.99,62,61.92,61.96,62.5,62.05,,,,,,,,,,,,,,,,,,,,,,,,,,,,,,,,,,,,,,,,,,,,,,,,,,,,10290,17329.9
1787665740,61.96,61.96,61.9,61.93,62.5,62.05,,,,,,,,,,,,,,,,,,,,,,,,,,,,,,,,,,,,,,,,,,,,,,,,,,,,9581,13666.15
1787665800,61.93,61.95,61.9,61.915,62.5,62.05,,,,,,,,,,,,,,,,,,,,,,,,,,,,,,,,,,,,,,,,,,,,,,,,,,,,6215,12177.4
1787665860,61.9,61.94,61.89,61.94,62.5,62.05,,,,,,,,,,,,,,,,,,,,,,,,,,,,,,,,,,,,,,,,,,,,,,,,,,,,2316,11131.85
1787665920,61.94,61.94,61.9,61.93,62.5,62.05,,,,,,,,,,,,,,,,,,,,,,,,,,,,,,,,,,,,,,,,,,,,,,,,,,,,5193,10395.65
1787665980,61.93,61.98,61.91,61.96,62.5,62.05,,,,,,,,,,,,,,,,,,,,,,,,,,,,,,,,,,,,,,,,,,,,,,,,,,,,3437,9889.9
1787666040,61.95,61.95,61.875,61.89,62.5,62.05,,,,,,,,,,,,,,,,,,,,,,,,,,,,,,,,,,,,,,,,,,,,,,,,,,,,5382,9698.45
1787666100,61.92,61.93,61.88,61.905,62.5,62.05,,,,,,,,,,,,,,,,,,,,,,,,,,,,,,,,,,,,,,,,,,,,,,,,,,,,5388,9333.65
1787666160,61.89,62.155,61.89,62.1,62.5,62.05,,,,,,,,,,,,,,,,,,,,,,,,,,,,,,,,,,,,,,,,,,,,,,,,,,,,31134,10156.05
1787666220,62.115,62.15,62.09,62.15,62.5,62.05,,,,,,,,,,,,,,,,,,,,,,,,,,,,,,,,,,,,,,,,,,,,,,,,,,,,5943,8483.1
1787666280,62.15,62.16,62.12,62.13,62.5,62.05,,,,,,,,,,,,,,,,,,,,,,,,,,,,,,,,,,,,,,,,,,,,,,,,,,,,2934,7918.25
1787666340,62.14,62.2,62.135,62.19,62.5,62.05,,,,,,,,,,,,,,,,,,,,,,,,,,,,,,,,,,,,,,,,,,,,,,,,,,,,17576,8450.6
1787666400,62.18,62.28,62.17,62.28,62.5,62.05,,,,,,,,,,,,,,,,,,,,,,,,,,,,,,,,,,,,,,,,,,,,,,,,,,,,25627,8779.85
1787666460,62.29,62.425,62.29,62.34,62.5,62.05,,,,,,,,,,,,,,,,,,,,,,,,,,,,,,,,,,,,,,,,,,,,,,,,,,,,27683,9951.3
1787666520,62.35,62.365,62.32,62.35,62.5,62.05,,,,,,,,,,,,,,,,,,,,,,,,,,,,,,,,,,,,,,,,,,,,,,,,,,,,3081,9588.05
1787666580,62.36,62.39,62.28,62.29,62.5,62.05,,,,,,,,,,,,,,,,,,,,,,,,,,,,,,,,,,,,,,,,,,,,,,,,,,,,6237,9470.15
1787666640,62.285,62.3,62.16,62.185,62.5,62.05,,,,,,,,,,,,,,,,,,,,,,,,,,,,,,,,,,,,,,,,,,,,,,,,,,,,16481,10185.55
1787666700,62.17,62.17,62.09,62.11,62.5,62.05,,,,,,,,,,,,,,,,,,,,,,,,,,,,,,,,,,,,,,,,,,,,,,,,,,,,10354,10334.2
1787666760,62.11,62.14,62.11,62.12,62.5,62.05,,,,,,,,,,,,,,,,,,,,,,,,,,,,,,,,,,,,,,,,,,,,,,,,,,,,4033,10091.55
1787666820,62.11,62.11,62.08,62.08,62.5,62.05,,,,,,,,,,,,,,,,,,,,,,,,,,,,,,,,,,,,,,,,,,,,,,,,,,,,6711,10279.8
1787666880,62.075,62.14,62.065,62.11,62.5,62.05,,,,,,,,,,,,,,,,,,,,,,,,,,,,,,,,,,,,,,,,,,,,,,,,,,,,7251,10127.85
1787666940,62.09,62.14,62.09,62.14,62.5,62.05,,,,,,,,,,,,,,,,,,,,,,,,,,,,,,,,,,,,,,,,,,,,,,,,,,,,2286,9763.1
1787667000,62.14,62.19,62.13,62.175,62.5,62.05,,,,,,,,,,,,,,,,,,,,,,,,,,,,,,,,,,,,,,,,,,,,,,,,,,,,13103,10107.5
1787667060,62.18,62.21,62.16,62.165,62.5,62.05,,,,,,,,,,,,,,,,,,,,,,,,,,,,,,,,,,,,,,,,,,,,,,,,,,,,2381,10110.75
1787667120,62.17,62.18,62.15,62.17,62.5,62.05,,,,,,,,,,,,,,,,,,,,,,,,,,,,,,,,,,,,,,,,,,,,,,,,,,,,8881,10295.15
1787667180,62.18,62.185,62.155,62.17,62.5,62.05,,,,,,,,,,,,,,,,,,,,,,,,,,,,,,,,,,,,,,,,,,,,,,,,,,,,5268,10386.7
1787667240,62.17,62.27,62.17,62.27,62.5,62.05,,,,,,,,,,,,,,,,,,,,,,,,,,,,,,,,,,,,,,,,,,,,,,,,,,,,8415,10538.35
1787667300,62.27,62.28,62.22,62.23,62.5,62.05,,,,,,,,,,,,,,,,,,,,,,,,,,,,,,,,,,,,,,,,,,,,,,,,,,,,9406,10739.25
1787667360,62.21,62.24,62.19,62.23,62.5,62.05,,,,,,,,,,,,,,,,,,,,,,,,,,,,,,,,,,,,,,,,,,,,,,,,,,,,4319,9398.5
1787667420,62.23,62.235,62.18,62.205,62.5,62.05,,,,,,,,,,,,,,,,,,,,,,,,,,,,,,,,,,,,,,,,,,,,,,,,,,,,2928,9247.75
1787667480,62.2,62.21,62.165,62.185,62.5,62.05,,,,,,,,,,,,,,,,,,,,,,,,,,,,,,,,,,,,,,,,,,,,,,,,,,,,3056,9253.85
1787667540,62.18,62.21,62.175,62.175,62.5,62.05,,,,,,,,,,,,,,,,,,,,,,,,,,,,,,,,,,,,,,,,,,,,,,,,,,,,2227,8486.4
1787667600,62.18,62.21,62.18,62.19,62.5,62.05,,,,,,,,,,,,,,,,,,,,,,,,,,,,,,,,,,,,,,,,,,,,,,,,,,,,6128,7511.45
1787667660,62.18,62.205,62.17,62.205,62.5,62.05,,,,,,,,,,,,,,,,,,,,,,,,,,,,,,,,,,,,,,,,,,,,,,,,,,,,2685,6261.55
1787667720,62.2,62.22,62.18,62.18,62.5,62.05,,,,,,,,,,,,,,,,,,,,,,,,,,,,,,,,,,,,,,,,,,,,,,,,,,,,4683,6341.65
1787667780,62.19,62.235,62.19,62.23,62.5,62.05,,,,,,,,,,,,,,,,,,,,,,,,,,,,,,,,,,,,,,,,,,,,,,,,,,,,6162,6337.9
1787667840,62.22,62.225,62.205,62.225,62.5,62.05,,,,,,,,,,,,,,,,,,,,,,,,,,,,,,,,,,,,,,,,,,,,,,,,,,,,1426,5585.15
1787667900,62.22,62.23,62.19,62.19,62.5,62.05,,,,,,,,,,,,,,,,,,,,,,,,,,,,,,,,,,,,,,,,,,,,,,,,,,,,2200,5177.45
1787667960,62.18,62.18,62.15,62.16,62.5,62.05,,,,,,,,,,,,,,,,,,,,,,,,,,,,,,,,,,,,,,,,,,,,,,,,,,,,6945,5323.05
1787668020,62.155,62.18,62.155,62.17,62.5,62.05,,,,,,,,,,,,,,,,,,,,,,,,,,,,,,,,,,,,,,,,,,,,,,,,,,,,2935,5134.25
1787668080,62.165,62.185,62.15,62.165,62.5,62.05,,,,,,,,,,,,,,,,,,,,,,,,,,,,,,,,,,,,,,,,,,,,,,,,,,,,1985,4870.95
1787668140,62.17,62.19,62.17,62.19,62.5,62.05,,,,,,,,,,,,,,,,,,,,,,,,,,,,,,,,,,,,,,,,,,,,,,,,,,,,4277,4970.5
1787668200,62.19,62.19,62.05,62.135,62.5,62.05,,,,,,,,,,,,,,,,,,,,,,,,,,,,,,,,,,,,,,,,,,,,,,,,,,,,58706,7250.65
1787668260,62.135,62.145,62.075,62.085,62.5,62.05,,,,,,,,,,,,,,,,,,,,,,,,,,,,,,,,,,,,,,,,,,,,,,,,,,,,7153,7489.25
1787668320,62.08,62.17,62.08,62.12,62.5,62.05,,,,,,,,,,,,,,,,,,,,,,,,,,,,,,,,,,,,,,,,,,,,,,,,,,,,10347,7562.55
1787668380,62.095,62.17,62.09,62.17,62.5,62.05,,,,,,,,,,,,,,,,,,,,,,,,,,,,,,,,,,,,,,,,,,,,,,,,,,,,6115,7604.9
1787668440,62.165,62.165,62.115,62.135,62.5,62.05,,,,,,,,,,,,,,,,,,,,,,,,,,,,,,,,,,,,,,,,,,,,,,,,,,,,2890,7328.65
1787668500,62.135,62.17,62.135,62.145,62.5,62.05,,,,,,,,,,,,,,,,,,,,,,,,,,,,,,,,,,,,,,,,,,,,,,,,,,,,6126,7164.65
1787668560,62.14,62.185,62.14,62.185,62.5,62.05,,,,,,,,,,,,,,,,,,,,,,,,,,,,,,,,,,,,,,,,,,,,,,,,,,,,1518,7024.6
1787668620,62.18,62.18,62.1,62.1,62.5,62.05,,,,,,,,,,,,,,,,,,,,,,,,,,,,,,,,,,,,,,,,,,,,,,,,,,,,2859,7021.15
1787668680,62.105,62.11,62.075,62.105,62.5,62.05,,,,,,,,,,,,,,,,,,,,,,,,,,,,,,,,,,,,,,,,,,,,,,,,,,,,4332,7084.95
1787668740,62.12,62.14,62.115,62.14,62.5,62.05,,,,,,,,,,,,,,,,,,,,,,,,,,,,,,,,,,,,,,,,,,,,,,,,,,,,5825,7264.85
1787668800,62.14,62.14,62.105,62.12,62.5,62.05,,,,,,,,,,,,,,,,,,,,,,,,,,,,,,,,,,,,,,,,,,,,,,,,,,,,4314,7174.15
1787668860,62.125,62.135,62.11,62.135,62.5,62.05,,,,,,,,,,,,,,,,,,,,,,,,,,,,,,,,,,,,,,,,,,,,,,,,,,,,3714,7225.6
1787668920,62.14,62.15,62.11,62.11,62.5,62.05,,,,,,,,,,,,,,,,,,,,,,,,,,,,,,,,,,,,,,,,,,,,,,,,,,,,9726,7477.75
1787668980,62.1,62.11,62.085,62.105,62.5,62.05,,,,,,,,,,,,,,,,,,,,,,,,,,,,,,,,,,,,,,,,,,,,,,,,,,,,4981,7418.7
1787669040,62.1,62.165,62.085,62.1,62.5,62.05,,,,,,,,,,,,,,,,,,,,,,,,,,,,,,,,,,,,,,,,,,,,,,,,,,,,13268,8010.8
1787669100,62.095,62.1,62.075,62.1,62.5,62.05,,,,,,,,,,,,,,,,,,,,,,,,,,,,,,,,,,,,,,,,,,,,,,,,,,,,3151,8058.35
1787669160,62.095,62.1,62.065,62.075,62.5,62.05,,,,,,,,,,,,,,,,,,,,,,,,,,,,,,,,,,,,,,,,,,,,,,,,,,,,4295,7925.85
1787669220,62.075,62.08,62.04,62.04,62.5,62.05,,,,,,,,,,,,,,,,,,,,,,,,,,,,,,,,,,,,,,,,,,,,,,,,,,,,1175,7837.85
1787669280,62.04,62.04,62,62,62.5,62.05,,,,,,,,,,,,,,,,,,,,,,,,,,,,,,,,,,,,,,,,,,,,,,,,,,,,4906,7983.9
1787669340,61.99,61.995,61.98,61.995,62.5,62.05,,,,,,,,,,,,,,,,,,,,,,,,,,,,,,,,,,,,,,,,,,,,,,,,,,,,2603,7900.2
1787669400,61.99,62.03,61.975,61.98,62.5,62.05,,,,,,,,,,,,,,,,,,,,,,,,,,,,,,,,,,,,,,,,,,,,,,,,,,,,7582,5344
1787669460,61.99,62,61.98,61.985,62.5,62.05,,,,,,,,,,,,,,,,,,,,,,,,,,,,,,,,,,,,,,,,,,,,,,,,,,,,2351,5103.9
1787669520,61.99,62.04,61.99,62.04,62.5,62.05,,,,,,,,,,,,,,,,,,,,,,,,,,,,,,,,,,,,,,,,,,,,,,,,,,,,1653,4669.2
1787669580,62.035,62.06,62.03,62.055,62.5,62.05,,,,,,,,,,,,,,,,,,,,,,,,,,,,,,,,,,,,,,,,,,,,,,,,,,,,2792,4503.05
1787669640,62.06,62.075,62.05,62.06,62.5,62.05,,,,,,,,,,,,,,,,,,,,,,,,,,,,,,,,,,,,,,,,,,,,,,,,,,,,1916,4454.35
1787669700,62.07,62.08,62.06,62.065,62.5,62.05,,,,,,,,,,,,,,,,,,,,,,,,,,,,,,,,,,,,,,,,,,,,,,,,,,,,1982,4247.15
1787669760,62.07,62.09,62.07,62.09,62.5,62.05,,,,,,,,,,,,,,,,,,,,,,,,,,,,,,,,,,,,,,,,,,,,,,,,,,,,1695,4256
1787669820,62.09,62.14,62.09,62.14,62.5,62.05,,,,,,,,,,,,,,,,,,,,,,,,,,,,,,,,,,,,,,,,,,,,,,,,,,,,10778,4651.95
1787669880,62.135,62.145,62.135,62.14,62.5,62.05,,,,,,,,,,,,,,,,,,,,,,,,,,,,,,,,,,,,,,,,,,,,,,,,,,,,2916,4581.15
1787669940,62.14,62.15,62.12,62.145,62.5,62.05,,,,,,,,,,,,,,,,,,,,,,,,,,,,,,,,,,,,,,,,,,,,,,,,,,,,4034,4491.6
1787670000,62.15,62.15,62.13,62.13,62.5,62.05,,,,,,,,,,,,,,,,,,,,,,,,,,,,,,,,,,,,,,,,,,,,,,,,,,,,3169,4434.35
1787670060,62.13,62.155,62.11,62.145,62.5,62.05,,,,,,,,,,,,,,,,,,,,,,,,,,,,,,,,,,,,,,,,,,,,,,,,,,,,6678,4582.55
1787670120,62.15,62.215,62.15,62.2,62.5,62.05,,,,,,,,,,,,,,,,,,,,,,,,,,,,,,,,,,,,,,,,,,,,,,,,,,,,9621,4577.3
1787670180,62.21,62.225,62.2,62.2,62.5,62.05,,,,,,,,,,,,,,,,,,,,,,,,,,,,,,,,,,,,,,,,,,,,,,,,,,,,6728,4664.65
1787670240,62.19,62.205,62.19,62.205,62.5,62.05,,,,,,,,,,,,,,,,,,,,,,,,,,,,,,,,,,,,,,,,,,,,,,,,,,,,4105,4206.5
1787670300,62.2,62.24,62.195,62.24,62.5,62.05,,,,,,,,,,,,,,,,,,,,,,,,,,,,,,,,,,,,,,,,,,,,,,,,,,,,7727,4435.3
1787670360,62.235,62.24,62.21,62.22,62.5,62.05,,,,,,,,,,,,,,,,,,,,,,,,,,,,,,,,,,,,,,,,,,,,,,,,,,,,2224,4331.75
1787670420,62.22,62.245,62.22,62.23,62.5,62.05,,,,,,,,,,,,,,,,,,,,,,,,,,,,,,,,,,,,,,,,,,,,,,,,,,,,4105,4478.25
1787670480,62.235,62.27,62.23,62.27,62.5,62.05,,,,,,,,,,,,,,,,,,,,,,,,,,,,,,,,,,,,,,,,,,,,,,,,,,,,3300,4397.95
1787670540,62.29,62.295,62.27,62.27,62.5,62.05,,,,,,,,,,,,,,,,,,,,,,,,,,,,,,,,,,,,,,,,,,,,,,,,,,,,3124,4424
1787670600,62.265,62.285,62.23,62.23,62.5,62.05,,,,,,,,,,,,,,,,,,,,,,,,,,,,,,,,,,,,,,,,,,,,,,,,,,,,3150,4202.4
1787670660,62.22,62.24,62.22,62.23,62.5,62.05,,,,,,,,,,,,,,,,,,,,,,,,,,,,,,,,,,,,,,,,,,,,,,,,,,,,2343,4202
1787670720,62.235,62.265,62.23,62.23,62.5,62.05,,,,,,,,,,,,,,,,,,,,,,,,,,,,,,,,,,,,,,,,,,,,,,,,,,,,5734,4406.05
1787670780,62.22,62.26,62.215,62.25,62.5,62.05,,,,,,,,,,,,,,,,,,,,,,,,,,,,,,,,,,,,,,,,,,,,,,,,,,,,2267,4379.8
1787670840,62.25,62.27,62.235,62.27,62.5,62.05,,,,,,,,,,,,,,,,,,,,,,,,,,,,,,,,,,,,,,,,,,,,,,,,,,,,1604,4364.2
1787670900,62.28,62.28,62.215,62.225,62.5,62.05,,,,,,,,,,,,,,,,,,,,,,,,,,,,,,,,,,,,,,,,,,,,,,,,,,,,4693,4499.75
1787670960,62.22,62.24,62.22,62.24,62.5,62.05,,,,,,,,,,,,,,,,,,,,,,,,,,,,,,,,,,,,,,,,,,,,,,,,,,,,1276,4478.8
1787671020,62.24,62.27,62.24,62.27,62.5,62.05,,,,,,,,,,,,,,,,,,,,,,,,,,,,,,,,,,,,,,,,,,,,,,,,,,,,3002,4090
1787671080,62.27,62.3,62.27,62.295,62.5,62.05,,,,,,,,,,,,,,,,,,,,,,,,,,,,,,,,,,,,,,,,,,,,,,,,,,,,6440,4266.2
1787671140,62.29,62.335,62.29,62.33,62.5,62.05,,,,,,,,,,,,,,,,,,,,,,,,,,,,,,,,,,,,,,,,,,,,,,,,,,,,9878,4558.4
1787671200,62.32,62.325,62.28,62.28,62.5,62.05,,,,,,,,,,,,,,,,,,,,,,,,,,,,,,,,,,,,,,,,,,,,,,,,,,,,807,4440.3
1787671260,62.275,62.29,62.275,62.285,62.5,62.05,,,,,,,,,,,,,,,,,,,,,,,,,,,,,,,,,,,,,,,,,,,,,,,,,,,,1761,4194.45
1787671320,62.29,62.3,62.28,62.3,62.5,62.05,,,,,,,,,,,,,,,,,,,,,,,,,,,,,,,,,,,,,,,,,,,,,,,,,,,,2597,3843.25
1787671380,62.305,62.31,62.265,62.265,62.5,62.05,,,,,,,,,,,,,,,,,,,,,,,,,,,,,,,,,,,,,,,,,,,,,,,,,,,,4666,3740.15
1787671440,62.26,62.27,62.25,62.265,62.5,62.05,,,,,,,,,,,,,,,,,,,,,,,,,,,,,,,,,,,,,,,,,,,,,,,,,,,,2004,3635.1
1787671500,62.26,62.265,62.25,62.255,62.5,62.05,,,,,,,,,,,,,,,,,,,,,,,,,,,,,,,,,,,,,,,,,,,,,,,,,,,,3222,3409.85
1787671560,62.25,62.25,62.225,62.235,62.5,62.05,,,,,,,,,,,,,,,,,,,,,,,,,,,,,,,,,,,,,,,,,,,,,,,,,,,,3769,3487.1
1787671620,62.23,62.24,62.2,62.2,62.5,62.05,,,,,,,,,,,,,,,,,,,,,,,,,,,,,,,,,,,,,,,,,,,,,,,,,,,,1591,3361.4
1787671680,62.21,62.21,62.18,62.19,62.5,62.05,,,,,,,,,,,,,,,,,,,,,,,,,,,,,,,,,,,,,,,,,,,,,,,,,,,,4355,3414.15
1787671740,62.19,62.195,62.18,62.18,62.5,62.05,,,,,,,,,,,,,,,,,,,,,,,,,,,,,,,,,,,,,,,,,,,,,,,,,,,,3072,3411.55
1787671800,62.175,62.21,62.175,62.2,62.5,62.05,,,,,,,,,,,,,,,,,,,,,,,,,,,,,,,,,,,,,,,,,,,,,,,,,,,,3312,3419.65
1787671860,62.21,62.21,62.18,62.18,62.5,62.05,,,,,,,,,,,,,,,,,,,,,,,,,,,,,,,,,,,,,,,,,,,,,,,,,,,,1940,3399.5
1787671920,62.18,62.18,62.17,62.175,62.5,62.05,,,,,,,,,,,,,,,,,,,,,,,,,,,,,,,,,,,,,,,,,,,,,,,,,,,,283,3126.95
1787671980,62.17,62.18,62.16,62.18,62.5,62.05,,,,,,,,,,,,,,,,,,,,,,,,,,,,,,,,,,,,,,,,,,,,,,,,,,,,3290,3178.1
1787672040,62.16,62.16,62.15,62.155,62.5,62.05,,,,,,,,,,,,,,,,,,,,,,,,,,,,,,,,,,,,,,,,,,,,,,,,,,,,1091,3152.45
1787672100,62.15,62.15,62.095,62.11,62.5,62.05,,,,,,,,,,,,,,,,,,,,,,,,,,,,,,,,,,,,,,,,,,,,,,,,,,,,16942,3764.9
1787672160,62.105,62.12,62.09,62.1,62.5,62.05,,,,,,,,,,,,,,,,,,,,,,,,,,,,,,,,,,,,,,,,,,,,,,,,,,,,1631,3782.65
1787672220,62.095,62.11,62.07,62.075,62.5,62.05,,,,,,,,,,,,,,,,,,,,,,,,,,,,,,,,,,,,,,,,,,,,,,,,,,,,6203,3942.7
1787672280,62.07,62.08,62.055,62.07,62.5,62.05,,,,,,,,,,,,,,,,,,,,,,,,,,,,,,,,,,,,,,,,,,,,,,,,,,,,1746,3708
1787672340,62.07,62.08,62.07,62.075,62.5,62.05,,,,,,,,,,,,,,,,,,,,,,,,,,,,,,,,,,,,,,,,,,,,,,,,,,,,2301,3329.15
1787672400,62.07,62.09,62.07,62.08,62.5,62.05,,,,,,,,,,,,,,,,,,,,,,,,,,,,,,,,,,,,,,,,,,,,,,,,,,,,2429,3410.25
1787672460,62.08,62.14,62.08,62.135,62.5,62.05,,,,,,,,,,,,,,,,,,,,,,,,,,,,,,,,,,,,,,,,,,,,,,,,,,,,5874,3615.9
1787672520,62.13,62.17,62.13,62.155,62.5,62.05,,,,,,,,,,,,,,,,,,,,,,,,,,,,,,,,,,,,,,,,,,,,,,,,,,,,1641,3568.1
1787672580,62.15,62.16,62.14,62.14,62.5,62.05,,,,,,,,,,,,,,,,,,,,,,,,,,,,,,,,,,,,,,,,,,,,,,,,,,,,3117,3490.65
1787672640,62.14,62.155,62.13,62.15,62.5,62.05,,,,,,,,,,,,,,,,,,,,,,,,,,,,,,,,,,,,,,,,,,,,,,,,,,,,1752,3478.05
1787672700,62.14,62.155,62.14,62.155,62.5,62.05,,,,,,,,,,,,,,,,,,,,,,,,,,,,,,,,,,,,,,,,,,,,,,,,,,,,437,3338.8
1787672760,62.16,62.16,62.13,62.15,62.5,62.05,,,,,,,,,,,,,,,,,,,,,,,,,,,,,,,,,,,,,,,,,,,,,,,,,,,,2798,3290.25
1787672820,62.155,62.17,62.15,62.17,62.5,62.05,,,,,,,,,,,,,,,,,,,,,,,,,,,,,,,,,,,,,,,,,,,,,,,,,,,,4320,3426.7
1787672880,62.175,62.2,62.175,62.2,62.5,62.05,,,,,,,,,,,,,,,,,,,,,,,,,,,,,,,,,,,,,,,,,,,,,,,,,,,,1082,3263.05
1787672940,62.195,62.21,62.19,62.21,62.5,62.05,,,,,,,,,,,,,,,,,,,,,,,,,,,,,,,,,,,,,,,,,,,,,,,,,,,,1286,3173.75
1787673000,62.215,62.22,62.2,62.22,62.5,62.05,,,,,,,,,,,,,,,,,,,,,,,,,,,,,,,,,,,,,,,,,,,,,,,,,,,,5171,3266.7
1787673060,62.22,62.235,62.205,62.235,62.5,62.05,,,,,,,,,,,,,,,,,,,,,,,,,,,,,,,,,,,,,,,,,,,,,,,,,,,,1873,3263.35
1787673120,62.24,62.24,62.23,62.23,62.5,62.05,,,,,,,,,,,,,,,,,,,,,,,,,,,,,,,,,,,,,,,,,,,,,,,,,,,,1672,3332.8
1787673180,62.24,62.25,62.23,62.23,62.5,62.05,,,,,,,,,,,,,,,,,,,,,,,,,,,,,,,,,,,,,,,,,,,,,,,,,,,,2526,3294.6
1787673240,62.235,62.245,62.23,62.245,62.5,62.05,,,,,,,,,,,,,,,,,,,,,,,,,,,,,,,,,,,,,,,,,,,,,,,,,,,,774,3278.75
1787673300,62.25,62.275,62.25,62.26,62.5,62.05,,,,,,,,,,,,,,,,,,,,,,,,,,,,,,,,,,,,,,,,,,,,,,,,,,,,3852,2624.25
1787673360,62.26,62.28,62.26,62.275,62.5,62.05,,,,,,,,,,,,,,,,,,,,,,,,,,,,,,,,,,,,,,,,,,,,,,,,,,,,995,2592.45
1787673420,62.275,62.33,62.275,62.33,62.5,62.05,,,,,,,,,,,,,,,,,,,,,,,,,,,,,,,,,,,,,,,,,,,,,,,,,,,,4298,2497.2
1787673480,62.33,62.355,62.32,62.32,62.5,62.05,,,,,,,,,,,,,,,,,,,,,,,,,,,,,,,,,,,,,,,,,,,,,,,,,,,,2354,2527.6
1787673540,62.325,62.325,62.305,62.31,62.5,62.05,,,,,,,,,,,,,,,,,,,,,,,,,,,,,,,,,,,,,,,,,,,,,,,,,,,,2171,2521.1
1787673600,62.31,62.33,62.31,62.32,62.5,62.05,,,,,,,,,,,,,,,,,,,,,,,,,,,,,,,,,,,,,,,,,,,,,,,,,,,,1207,2460
1787673660,62.325,62.325,62.3,62.3,62.5,62.05,,,,,,,,,,,,,,,,,,,,,,,,,,,,,,,,,,,,,,,,,,,,,,,,,,,,2881,2310.35
1787673720,62.305,62.325,62.305,62.31,62.5,62.05,,,,,,,,,,,,,,,,,,,,,,,,,,,,,,,,,,,,,,,,,,,,,,,,,,,,1953,2325.95
1787673780,62.3,62.31,62.28,62.31,62.5,62.05,,,,,,,,,,,,,,,,,,,,,,,,,,,,,,,,,,,,,,,,,,,,,,,,,,,,2212,2280.7
1787673840,62.32,62.32,62.31,62.31,62.5,62.05,,,,,,,,,,,,,,,,,,,,,,,,,,,,,,,,,,,,,,,,,,,,,,,,,,,,1535,2269.85
1787673900,62.31,62.325,62.305,62.305,62.5,62.05,,,,,,,,,,,,,,,,,,,,,,,,,,,,,,,,,,,,,,,,,,,,,,,,,,,,2382,2367.1
1787673960,62.3,62.3,62.28,62.285,62.5,62.05,,,,,,,,,,,,,,,,,,,,,,,,,,,,,,,,,,,,,,,,,,,,,,,,,,,,1738,2314.1
1787674020,62.28,62.315,62.28,62.315,62.5,62.05,,,,,,,,,,,,,,,,,,,,,,,,,,,,,,,,,,,,,,,,,,,,,,,,,,,,4130,2304.6
1787674080,62.32,62.325,62.3,62.3,62.5,62.05,,,,,,,,,,,,,,,,,,,,,,,,,,,,,,,,,,,,,,,,,,,,,,,,,,,,4544,2477.7
1787674140,62.3,62.3,62.29,62.29,62.5,62.05,,,,,,,,,,,,,,,,,,,,,,,,,,,,,,,,,,,,,,,,,,,,,,,,,,,,115,2419.15
1787674200,62.285,62.3,62.28,62.29,62.5,62.05,,,,,,,,,,,,,,,,,,,,,,,,,,,,,,,,,,,,,,,,,,,,,,,,,,,,3860,2353.6
1787674260,62.29,62.29,62.275,62.275,62.5,62.05,,,,,,,,,,,,,,,,,,,,,,,,,,,,,,,,,,,,,,,,,,,,,,,,,,,,1074,2313.65
1787674320,62.27,62.27,62.255,62.26,62.5,62.05,,,,,,,,,,,,,,,,,,,,,,,,,,,,,,,,,,,,,,,,,,,,,,,,,,,,2306,2345.35
1787674380,62.27,62.275,62.27,62.27,62.5,62.05,,,,,,,,,,,,,,,,,,,,,,,,,,,,,,,,,,,,,,,,,,,,,,,,,,,,609,2249.5
1787674440,62.26,62.27,62.26,62.26,62.5,62.05,,,,,,,,,,,,,,,,,,,,,,,,,,,,,,,,,,,,,,,,,,,,,,,,,,,,413,2231.45
1787674500,62.26,62.265,62.25,62.25,62.5,62.05,,,,,,,,,,,,,,,,,,,,,,,,,,,,,,,,,,,,,,,,,,,,,,,,,,,,1573,2117.5
1787674560,62.245,62.25,62.24,62.25,62.5,62.05,,,,,,,,,,,,,,,,,,,,,,,,,,,,,,,,,,,,,,,,,,,,,,,,,,,,1290,2132.25
1787674620,62.25,62.25,62.24,62.24,62.5,62.05,,,,,,,,,,,,,,,,,,,,,,,,,,,,,,,,,,,,,,,,,,,,,,,,,,,,479,1941.3
1787674680,62.24,62.24,62.23,62.23,62.5,62.05,,,,,,,,,,,,,,,,,,,,,,,,,,,,,,,,,,,,,,,,,,,,,,,,,,,,136,1830.4
1787674740,62.23,62.24,62.225,62.225,62.5,62.05,,,,,,,,,,,,,,,,,,,,,,,,,,,,,,,,,,,,,,,,,,,,,,,,,,,,3726,1908.15
1787674800,62.22,62.24,62.22,62.23,62.5,62.05,,,,,,,,,,,,,,,,,,,,,,,,,,,,,,,,,,,,,,,,,,,,,,,,,,,,2163,1955.95
1787674860,62.235,62.235,62.215,62.215,62.5,62.05,,,,,,,,,,,,,,,,,,,,,,,,,,,,,,,,,,,,,,,,,,,,,,,,,,,,987,1861.25
1787674920,62.215,62.22,62.21,62.22,62.5,62.05,,,,,,,,,,,,,,,,,,,,,,,,,,,,,,,,,,,,,,,,,,,,,,,,,,,,1032,1815.2
1787674980,62.22,62.22,62.21,62.215,62.5,62.05,,,,,,,,,,,,,,,,,,,,,,,,,,,,,,,,,,,,,,,,,,,,,,,,,,,,1287,1768.95
1787675040,62.215,62.24,62.215,62.24,62.5,62.05,,,,,,,,,,,,,,,,,,,,,,,,,,,,,,,,,,,,,,,,,,,,,,,,,,,,1601,1772.25
1787675100,62.25,62.25,62.235,62.235,62.5,62.05,,,,,,,,,,,,,,,,,,,,,,,,,,,,,,,,,,,,,,,,,,,,,,,,,,,,3711,1838.7
1787675160,62.23,62.24,62.22,62.23,62.5,62.05,,,,,,,,,,,,,,,,,,,,,,,,,,,,,,,,,,,,,,,,,,,,,,,,,,,,2608,1882.2
1787675220,62.23,62.25,62.23,62.25,62.5,62.05,,,,,,,,,,,,,,,,,,,,,,,,,,,,,,,,,,,,,,,,,,,,,,,,,,,,2435,1797.45
1787675280,62.25,62.265,62.24,62.265,62.5,62.05,,,,,,,,,,,,,,,,,,,,,,,,,,,,,,,,,,,,,,,,,,,,,,,,,,,,3999,1770.2
1787675340,62.27,62.275,62.255,62.255,62.5,62.05,,,,,,,,,,,,,,,,,,,,,,,,,,,,,,,,,,,,,,,,,,,,,,,,,,,,3704,1949.65
1787675400,62.25,62.265,62.25,62.26,62.5,62.05,,,,,,,,,,,,,,,,,,,,,,,,,,,,,,,,,,,,,,,,,,,,,,,,,,,,2080,1860.65
1787675460,62.255,62.26,62.255,62.26,62.5,62.05,,,,,,,,,,,,,,,,,,,,,,,,,,,,,,,,,,,,,,,,,,,,,,,,,,,,26,1808.25
1787675520,62.25,62.26,62.235,62.235,62.5,62.05,,,,,,,,,,,,,,,,,,,,,,,,,,,,,,,,,,,,,,,,,,,,,,,,,,,,3938,1889.85
1787675580,62.23,62.23,62.2,62.205,62.5,62.05,,,,,,,,,,,,,,,,,,,,,,,,,,,,,,,,,,,,,,,,,,,,,,,,,,,,2657,1992.25
1787675640,62.2,62.22,62.2,62.21,62.5,62.05,,,,,,,,,,,,,,,,,,,,,,,,,,,,,,,,,,,,,,,,,,,,,,,,,,,,3499,2146.55
1787675700,62.21,62.225,62.21,62.225,62.5,62.05,,,,,,,,,,,,,,,,,,,,,,,,,,,,,,,,,,,,,,,,,,,,,,,,,,,,1307,2133.25
1787675760,62.225,62.245,62.225,62.24,62.5,62.05,,,,,,,,,,,,,,,,,,,,,,,,,,,,,,,,,,,,,,,,,,,,,,,,,,,,2323,2184.9
1787675820,62.24,62.24,62.24,62.24,62.5,62.05,,,,,,,,,,,,,,,,,,,,,,,,,,,,,,,,,,,,,,,,,,,,,,,,,,,,90,2165.45
1787675880,62.24,62.25,62.24,62.245,62.5,62.05,,,,,,,,,,,,,,,,,,,,,,,,,,,,,,,,,,,,,,,,,,,,,,,,,,,,1762,2246.75
1787675940,62.25,62.25,62.25,62.25,62.5,62.05,,,,,,,,,,,,,,,,,,,,,,,,,,,,,,,,,,,,,,,,,,,,,,,,,,,,1617,2141.3
1787676000,62.24,62.27,62.24,62.265,62.5,62.05,,,,,,,,,,,,,,,,,,,,,,,,,,,,,,,,,,,,,,,,,,,,,,,,,,,,1108,2088.55
1787676060,62.27,62.31,62.27,62.31,62.5,62.05,,,,,,,,,,,,,,,,,,,,,,,,,,,,,,,,,,,,,,,,,,,,,,,,,,,,3566,2217.5
1787676120,62.31,62.325,62.31,62.325,62.5,62.05,,,,,,,,,,,,,,,,,,,,,,,,,,,,,,,,,,,,,,,,,,,,,,,,,,,,812,2206.5
1787676180,62.325,62.325,62.3,62.31,62.5,62.05,,,,,,,,,,,,,,,,,,,,,,,,,,,,,,,,,,,,,,,,,,,,,,,,,,,,2415,2262.9
1787676240,62.32,62.33,62.315,62.32,62.5,62.05,,,,,,,,,,,,,,,,,,,,,,,,,,,,,,,,,,,,,,,,,,,,,,,,,,,,2569,2311.3
1787676300,62.305,62.305,62.285,62.3,62.5,62.05,,,,,,,,,,,,,,,,,,,,,,,,,,,,,,,,,,,,,,,,,,,,,,,,,,,,2891,2270.3
1787676360,62.285,62.29,62.285,62.29,62.5,62.05,,,,,,,,,,,,,,,,,,,,,,,,,,,,,,,,,,,,,,,,,,,,,,,,,,,,1460,2212.9
1787676420,62.295,62.3,62.28,62.28,62.5,62.05,,,,,,,,,,,,,,,,,,,,,,,,,,,,,,,,,,,,,,,,,,,,,,,,,,,,650,2123.65
1787676480,62.28,62.28,62.255,62.255,62.5,62.05,,,,,,,,,,,,,,,,,,,,,,,,,,,,,,,,,,,,,,,,,,,,,,,,,,,,1886,2018
1787676540,62.255,62.275,62.255,62.275,62.5,62.05,,,,,,,,,,,,,,,,,,,,,,,,,,,,,,,,,,,,,,,,,,,,,,,,,,,,1049,1885.25
1787676600,62.275,62.275,62.265,62.265,62.5,62.05,,,,,,,,,,,,,,,,,,,,,,,,,,,,,,,,,,,,,,,,,,,,,,,,,,,,2164,1889.45
1787676660,62.265,62.275,62.255,62.275,62.5,62.05,,,,,,,,,,,,,,,,,,,,,,,,,,,,,,,,,,,,,,,,,,,,,,,,,,,,2738,2025.05
1787676720,62.28,62.28,62.275,62.28,62.5,62.05,,,,,,,,,,,,,,,,,,,,,,,,,,,,,,,,,,,,,,,,,,,,,,,,,,,,607,1858.5
1787676780,62.27,62.275,62.27,62.275,62.5,62.05,,,,,,,,,,,,,,,,,,,,,,,,,,,,,,,,,,,,,,,,,,,,,,,,,,,,1034,1777.35
1787676840,62.275,62.275,62.265,62.265,62.5,62.05,,,,,,,,,,,,,,,,,,,,,,,,,,,,,,,,,,,,,,,,,,,,,,,,,,,,474,1626.1
1787676900,62.26,62.3,62.26,62.3,62.5,62.05,,,,,,,,,,,,,,,,,,,,,,,,,,,,,,,,,,,,,,,,,,,,,,,,,,,,1902,1655.85
1787676960,62.3,62.31,62.3,62.305,62.5,62.05,,,,,,,,,,,,,,,,,,,,,,,,,,,,,,,,,,,,,,,,,,,,,,,,,,,,857,1582.55
1787677020,62.305,62.305,62.29,62.3,62.5,62.05,,,,,,,,,,,,,,,,,,,,,,,,,,,,,,,,,,,,,,,,,,,,,,,,,,,,2811,1718.6
1787677080,62.29,62.305,62.29,62.305,62.5,62.05,,,,,,,,,,,,,,,,,,,,,,,,,,,,,,,,,,,,,,,,,,,,,,,,,,,,2873,1774.15
1787677140,62.3,62.315,62.29,62.31,62.5,62.05,,,,,,,,,,,,,,,,,,,,,,,,,,,,,,,,,,,,,,,,,,,,,,,,,,,,3669,1876.75
1787677200,62.31,62.31,62.305,62.31,62.5,62.05,,,,,,,,,,,,,,,,,,,,,,,,,,,,,,,,,,,,,,,,,,,,,,,,,,,,1861,1914.4
1787677260,62.32,62.34,62.32,62.335,62.5,62.05,,,,,,,,,,,,,,,,,,,,,,,,,,,,,,,,,,,,,,,,,,,,,,,,,,,,7494,2110.8
1787677320,62.34,62.345,62.335,62.34,62.5,62.05,,,,,,,,,,,,,,,,,,,,,,,,,,,,,,,,,,,,,,,,,,,,,,,,,,,,617,2101.05
1787677380,62.345,62.36,62.34,62.355,62.5,62.05,,,,,,,,,,,,,,,,,,,,,,,,,,,,,,,,,,,,,,,,,,,,,,,,,,,,6148,2287.7
1787677440,62.355,62.36,62.32,62.34,62.5,62.05,,,,,,,,,,,,,,,,,,,,,,,,,,,,,,,,,,,,,,,,,,,,,,,,,,,,1321,2225.3
1787677500,62.335,62.35,62.33,62.34,62.5,62.05,,,,,,,,,,,,,,,,,,,,,,,,,,,,,,,,,,,,,,,,,,,,,,,,,,,,1739,2167.7
1787677560,62.33,62.34,62.32,62.33,62.5,62.05,,,,,,,,,,,,,,,,,,,,,,,,,,,,,,,,,,,,,,,,,,,,,,,,,,,,1562,2172.8
1787677620,62.33,62.33,62.3,62.3,62.5,62.05,,,,,,,,,,,,,,,,,,,,,,,,,,,,,,,,,,,,,,,,,,,,,,,,,,,,6032,2441.9
1787677680,62.29,62.29,62.275,62.275,62.5,62.05,,,,,,,,,,,,,,,,,,,,,,,,,,,,,,,,,,,,,,,,,,,,,,,,,,,,2062,2450.7
1787677740,62.26,62.285,62.25,62.285,62.5,62.05,,,,,,,,,,,,,,,,,,,,,,,,,,,,,,,,,,,,,,,,,,,,,,,,,,,,1557,2476.1
1787677800,62.28,62.295,62.28,62.295,62.5,62.05,,,,,,,,,,,,,,,,,,,,,,,,,,,,,,,,,,,,,,,,,,,,,,,,,,,,1637,2449.75
1787677860,62.29,62.29,62.275,62.29,62.5,62.05,,,,,,,,,,,,,,,,,,,,,,,,,,,,,,,,,,,,,,,,,,,,,,,,,,,,6559,2640.8
1787677920,62.29,62.3,62.28,62.3,62.5,62.05,,,,,,,,,,,,,,,,,,,,,,,,,,,,,,,,,,,,,,,,,,,,,,,,,,,,678,2644.35
1787677980,62.295,62.295,62.29,62.295,62.5,62.05,,,,,,,,,,,,,,,,,,,,,,,,,,,,,,,,,,,,,,,,,,,,,,,,,,,,388,2612.05
1787678040,62.29,62.295,62.275,62.275,62.5,62.05,,,,,,,,,,,,,,,,,,,,,,,,,,,,,,,,,,,,,,,,,,,,,,,,,,,,2204,2698.55
1787678100,62.28,62.285,62.28,62.285,62.5,62.05,,,,,,,,,,,,,,,,,,,,,,,,,,,,,,,,,,,,,,,,,,,,,,,,,,,,461,2626.5
1787678160,62.29,62.29,62.285,62.29,62.5,62.05,,,,,,,,,,,,,,,,,,,,,,,,,,,,,,,,,,,,,,,,,,,,,,,,,,,,3765,2771.9
1787678220,62.29,62.305,62.29,62.29,62.5,62.05,,,,,,,,,,,,,,,,,,,,,,,,,,,,,,,,,,,,,,,,,,,,,,,,,,,,1121,2687.4
1787678280,62.29,62.295,62.28,62.28,62.5,62.05,,,,,,,,,,,,,,,,,,,,,,,,,,,,,,,,,,,,,,,,,,,,,,,,,,,,201,2553.8
1787678340,62.27,62.29,62.27,62.285,62.5,62.05,,,,,,,,,,,,,,,,,,,,,,,,,,,,,,,,,,,,,,,,,,,,,,,,,,,,3017,2521.2
1787678400,62.28,62.285,62.26,62.265,62.5,62.05,,,,,,,,,,,,,,,,,,,,,,,,,,,,,,,,,,,,,,,,,,,,,,,,,,,,2566,2556.45
1787678460,62.265,62.265,62.26,62.265,62.5,62.05,,,,,,,,,,,,,,,,,,,,,,,,,,,,,,,,,,,,,,,,,,,,,,,,,,,,1727,2268.1
1787678520,62.27,62.285,62.27,62.285,62.5,62.05,,,,,,,,,,,,,,,,,,,,,,,,,,,,,,,,,,,,,,,,,,,,,,,,,,,,1972,2335.85
1787678580,62.28,62.285,62.28,62.28,62.5,62.05,,,,,,,,,,,,,,,,,,,,,,,,,,,,,,,,,,,,,,,,,,,,,,,,,,,,78,2032.35
1787678640,62.27,62.275,62.27,62.275,62.5,62.05,,,,,,,,,,,,,,,,,,,,,,,,,,,,,,,,,,,,,,,,,,,,,,,,,,,,150,1973.8
1787678700,62.27,62.29,62.27,62.29,62.5,62.05,,,,,,,,,,,,,,,,,,,,,,,,,,,,,,,,,,,,,,,,,,,,,,,,,,,,604,1917.05
1787678760,62.29,62.305,62.29,62.3,62.5,62.05,,,,,,,,,,,,,,,,,,,,,,,,,,,,,,,,,,,,,,,,,,,,,,,,,,,,736,1875.75
1787678820,62.31,62.32,62.31,62.315,62.5,62.05,,,,,,,,,,,,,,,,,,,,,,,,,,,,,,,,,,,,,,,,,,,,,,,,,,,,1488,1648.55
1787678880,62.31,62.315,62.31,62.31,62.5,62.05,,,,,,,,,,,,,,,,,,,,,,,,,,,,,,,,,,,,,,,,,,,,,,,,,,,,1365,1613.7
1787678940,62.315,62.315,62.31,62.31,62.5,62.05,,,,,,,,,,,,,,,,,,,,,,,,,,,,,,,,,,,,,,,,,,,,,,,,,,,,267,1549.2
1787679000,62.305,62.325,62.305,62.325,62.5,62.05,,,,,,,,,,,,,,,,,,,,,,,,,,,,,,,,,,,,,,,,,,,,,,,,,,,,426,1488.65
1787679060,62.325,62.35,62.32,62.35,62.5,62.05,,,,,,,,,,,,,,,,,,,,,,,,,,,,,,,,,,,,,,,,,,,,,,,,,,,,2369,1279.15
1787679120,62.35,62.355,62.335,62.35,62.5,62.05,,,,,,,,,,,,,,,,,,,,,,,,,,,,,,,,,,,,,,,,,,,,,,,,,,,,1084,1299.45
1787679180,62.34,62.34,62.34,62.34,62.5,62.05,,,,,,,,,,,,,,,,,,,,,,,,,,,,,,,,,,,,,,,,,,,,,,,,,,,,355,1297.8
1787679240,62.33,62.33,62.315,62.32,62.5,62.05,,,,,,,,,,,,,,,,,,,,,,,,,,,,,,,,,,,,,,,,,,,,,,,,,,,,1152,1245.2
1787679300,62.315,62.32,62.315,62.32,62.5,62.05,,,,,,,,,,,,,,,,,,,,,,,,,,,,,,,,,,,,,,,,,,,,,,,,,,,,1560,1300.15
1787679360,62.32,62.33,62.32,62.33,62.5,62.05,,,,,,,,,,,,,,,,,,,,,,,,,,,,,,,,,,,,,,,,,,,,,,,,,,,,298,1126.8
1787679420,62.33,62.33,62.325,62.325,62.5,62.05,,,,,,,,,,,,,,,,,,,,,,,,,,,,,,,,,,,,,,,,,,,,,,,,,,,,34,1072.45
1787679480,62.325,62.325,62.315,62.325,62.5,62.05,,,,,,,,,,,,,,,,,,,,,,,,,,,,,,,,,,,,,,,,,,,,,,,,,,,,4736,1299.2
1787679540,62.315,62.33,62.315,62.33,62.5,62.05,,,,,,,,,,,,,,,,,,,,,,,,,,,,,,,,,,,,,,,,,,,,,,,,,,,,580,1177.35
1787679600,62.33,62.33,62.32,62.325,62.5,62.05,,,,,,,,,,,,,,,,,,,,,,,,,,,,,,,,,,,,,,,,,,,,,,,,,,,,1428,1120.45
1787679660,62.33,62.33,62.325,62.325,62.5,62.05,,,,,,,,,,,,,,,,,,,,,,,,,,,,,,,,,,,,,,,,,,,,,,,,,,,,54,1036.8
1787679720,62.33,62.345,62.305,62.31,62.5,62.05,,,,,,,,,,,,,,,,,,,,,,,,,,,,,,,,,,,,,,,,,,,,,,,,,,,,8043,1340.35
1787679780,62.33,62.335,62.32,62.33,62.5,62.05,,,,,,,,,,,,,,,,,,,,,,,,,,,,,,,,,,,,,,,,,,,,,,,,,,,,3683,1520.6
1787679840,62.34,62.35,62.33,62.35,62.5,62.05,,,,,,,,,,,,,,,,,,,,,,,,,,,,,,,,,,,,,,,,,,,,,,,,,,,,1245,1575.35
1787679900,62.36,62.365,62.36,62.36,62.5,62.05,,,,,,,,,,,,,,,,,,,,,,,,,,,,,,,,,,,,,,,,,,,,,,,,,,,,1295,1609.9
1787679960,62.365,62.37,62.36,62.365,62.5,62.05,,,,,,,,,,,,,,,,,,,,,,,,,,,,,,,,,,,,,,,,,,,,,,,,,,,,636,1604.9
1787680020,62.365,62.385,62.365,62.385,62.5,62.05,,,,,,,,,,,,,,,,,,,,,,,,,,,,,,,,,,,,,,,,,,,,,,,,,,,,3321,1696.55
1787680080,62.385,62.41,62.38,62.405,62.5,62.05,,,,,,,,,,,,,,,,,,,,,,,,,,,,,,,,,,,,,,,,,,,,,,,,,,,,8618,2059.2
1787680140,62.41,62.425,62.405,62.405,62.5,62.05,,,,,,,,,,,,,,,,,,,,,,,,,,,,,,,,,,,,,,,,,,,,,,,,,,,,12304,2661.05
1787680200,62.405,62.405,62.39,62.39,62.5,62.05,,,,,,,,,,,,,,,,,,,,,,,,,,,,,,,,,,,,,,,,,,,,,,,,,,,,109,2645.2
1787680260,62.4,62.42,62.39,62.39,62.5,62.05,,,,,,,,,,,,,,,,,,,,,,,,,,,,,,,,,,,,,,,,,,,,,,,,,,,,1567,2605.1
1787680320,62.4,62.4,62.39,62.4,62.5,62.05,,,,,,,,,,,,,,,,,,,,,,,,,,,,,,,,,,,,,,,,,,,,,,,,,,,,1297,2615.75
1787680380,62.4,62.41,62.39,62.39,62.5,62.05,,,,,,,,,,,,,,,,,,,,,,,,,,,,,,,,,,,,,,,,,,,,,,,,,,,,2870,2741.5
1787680440,62.38,62.385,62.375,62.375,62.5,62.05,,,,,,,,,,,,,,,,,,,,,,,,,,,,,,,,,,,,,,,,,,,,,,,,,,,,1294,2748.6
1787680500,62.38,62.385,62.375,62.385,62.5,62.05,,,,,,,,,,,,,,,,,,,,,,,,,,,,,,,,,,,,,,,,,,,,,,,,,,,,2257,2783.45
1787680560,62.38,62.4,62.38,62.4,62.5,62.05,,,,,,,,,,,,,,,,,,,,,,,,,,,,,,,,,,,,,,,,,,,,,,,,,,,,1360,2836.55
1787680620,62.4,62.415,62.4,62.4,62.5,62.05,,,,,,,,,,,,,,,,,,,,,,,,,,,,,,,,,,,,,,,,,,,,,,,,,,,,1046,2887.15
1787680680,62.4,62.405,62.4,62.4,62.5,62.05,,,,,,,,,,,,,,,,,,,,,,,,,,,,,,,,,,,,,,,,,,,,,,,,,,,,482,2674.45
1787680740,62.4,62.4,62.385,62.385,62.5,62.05,,,,,,,,,,,,,,,,,,,,,,,,,,,,,,,,,,,,,,,,,,,,,,,,,,,,606,2675.75
1787680800,62.39,62.4,62.385,62.39,62.5,62.05,,,,,,,,,,,,,,,,,,,,,,,,,,,,,,,,,,,,,,,,,,,,,,,,,,,,2047,2706.7
1787680860,62.395,62.43,62.395,62.43,62.5,62.05,,,,,,,,,,,,,,,,,,,,,,,,,,,,,,,,,,,,,,,,,,,,,,,,,,,,1019,2754.95
1787680920,62.43,62.445,62.43,62.44,62.5,62.05,,,,,,,,,,,,,,,,,,,,,,,,,,,,,,,,,,,,,,,,,,,,,,,,,,,,1195,2412.55
1787680980,62.44,62.44,62.425,62.425,62.5,62.05,,,,,,,,,,,,,,,,,,,,,,,,,,,,,,,,,,,,,,,,,,,,,,,,,,,,1046,2280.7
1787681040,62.425,62.425,62.41,62.425,62.5,62.05,,,,,,,,,,,,,,,,,,,,,,,,,,,,,,,,,,,,,,,,,,,,,,,,,,,,4690,2452.95
1787681100,62.425,62.425,62.37,62.37,62.5,62.05,,,,,,,,,,,,,,,,,,,,,,,,,,,,,,,,,,,,,,,,,,,,,,,,,,,,7868,2781.6
1787681160,62.38,62.39,62.38,62.385,62.5,62.05,,,,,,,,,,,,,,,,,,,,,,,,,,,,,,,,,,,,,,,,,,,,,,,,,,,,999,2799.75
1787681220,62.38,62.39,62.375,62.375,62.5,62.05,,,,,,,,,,,,,,,,,,,,,,,,,,,,,,,,,,,,,,,,,,,,,,,,,,,,2644,2765.9
1787681280,62.375,62.39,62.375,62.39,62.5,62.05,,,,,,,,,,,,,,,,,,,,,,,,,,,,,,,,,,,,,,,,,,,,,,,,,,,,1871,2428.55
1787681340,62.39,62.41,62.39,62.41,62.5,62.05,,,,,,,,,,,,,,,,,,,,,,,,,,,,,,,,,,,,,,,,,,,,,,,,,,,,1122,1869.45
1787681400,62.405,62.405,62.4,62.405,62.5,62.05,,,,,,,,,,,,,,,,,,,,,,,,,,,,,,,,,,,,,,,,,,,,,,,,,,,,1898,1958.9
1787681460,62.41,62.42,62.4,62.41,62.5,62.05,,,,,,,,,,,,,,,,,,,,,,,,,,,,,,,,,,,,,,,,,,,,,,,,,,,,1397,1950.4
1787681520,62.415,62.42,62.405,62.42,62.5,62.05,,,,,,,,,,,,,,,,,,,,,,,,,,,,,,,,,,,,,,,,,,,,,,,,,,,,1876,1979.35
1787681580,62.425,62.43,62.425,62.43,62.5,62.05,,,,,,,,,,,,,,,,,,,,,,,,,,,,,,,,,,,,,,,,,,,,,,,,,,,,845,1878.1
1787681640,62.43,62.435,62.415,62.415,62.5,62.05,,,,,,,,,,,,,,,,,,,,,,,,,,,,,,,,,,,,,,,,,,,,,,,,,,,,8625,2244.65
1787681700,62.415,62.44,62.415,62.43,62.5,62.05,,,,,,,,,,,,,,,,,,,,,,,,,,,,,,,,,,,,,,,,,,,,,,,,,,,,23484,3306
1787681760,62.435,62.45,62.435,62.44,62.5,62.05,,,,,,,,,,,,,,,,,,,,,,,,,,,,,,,,,,,,,,,,,,,,,,,,,,,,1764,3326.2
1787681820,62.44,62.45,62.43,62.44,62.5,62.05,,,,,,,,,,,,,,,,,,,,,,,,,,,,,,,,,,,,,,,,,,,,,,,,,,,,2101,3378.95
1787681880,62.445,62.445,62.425,62.43,62.5,62.05,,,,,,,,,,,,,,,,,,,,,,,,,,,,,,,,,,,,,,,,,,,,,,,,,,,,1556,3432.65
1787681940,62.425,62.43,62.425,62.425,62.5,62.05,,,,,,,,,,,,,,,,,,,,,,,,,,,,,,,,,,,,,,,,,,,,,,,,,,,,814,3443.05
1787682000,62.425,62.44,62.425,62.435,62.5,62.05,,,,,,,,,,,,,,,,,,,,,,,,,,,,,,,,,,,,,,,,,,,,,,,,,,,,1796,3430.5
1787682060,62.435,62.435,62.43,62.435,62.5,62.05,,,,,,,,,,,,,,,,,,,,,,,,,,,,,,,,,,,,,,,,,,,,,,,,,,,,2577,3508.4
1787682120,62.43,62.435,62.42,62.42,62.5,62.05,,,,,,,,,,,,,,,,,,,,,,,,,,,,,,,,,,,,,,,,,,,,,,,,,,,,4742,3685.75
1787682180,62.42,62.435,62.415,62.435,62.5,62.05,,,,,,,,,,,,,,,,,,,,,,,,,,,,,,,,,,,,,,,,,,,,,,,,,,,,1644,3715.65
1787682240,62.43,62.44,62.43,62.44,62.5,62.05,,,,,,,,,,,,,,,,,,,,,,,,,,,,,,,,,,,,,,,,,,,,,,,,,,,,394,3500.85
1787682300,62.44,62.475,62.435,62.475,62.5,62.05,,,,,,,,,,,,,,,,,,,,,,,,,,,,,,,,,,,,,,,,,,,,,,,,,,,,8849,3549.9
1787682360,62.48,62.48,62.46,62.47,62.5,62.05,,,,,,,,,,,,,,,,,,,,,,,,,,,,,,,,,,,,,,,,,,,,,,,,,,,,924,3546.15
1787682420,62.475,62.475,62.44,62.44,62.5,62.05,,,,,,,,,,,,,,,,,,,,,,,,,,,,,,,,,,,,,,,,,,,,,,,,,,,,3994,3613.65
1787682480,62.435,62.44,62.425,62.43,62.5,62.05,,,,,,,,,,,,,,,,,,,,,,,,,,,,,,,,,,,,,,,,,,,,,,,,,,,,2760,3658.1
1787682540,62.44,62.44,62.435,62.435,62.5,62.05,,,,,,,,,,,,,,,,,,,,,,,,,,,,,,,,,,,,,,,,,,,,,,,,,,,,166,3610.3
1787682600,62.435,62.45,62.435,62.445,62.5,62.05,,,,,,,,,,,,,,,,,,,,,,,,,,,,,,,,,,,,,,,,,,,,,,,,,,,,2300,3630.4
1787682660,62.44,62.455,62.44,62.455,62.5,62.05,,,,,,,,,,,,,,,,,,,,,,,,,,,,,,,,,,,,,,,,,,,,,,,,,,,,1369,3629
1787682720,62.455,62.455,62.44,62.44,62.5,62.05,,,,,,,,,,,,,,,,,,,,,,,,,,,,,,,,,,,,,,,,,,,,,,,,,,,,7657,3918.05
1787682780,62.44,62.45,62.435,62.45,62.5,62.05,,,,,,,,,,,,,,,,,,,,,,,,,,,,,,,,,,,,,,,,,,,,,,,,,,,,1933,3972.45
1787682840,62.46,62.46,62.45,62.455,62.5,62.05,,,,,,,,,,,,,,,,,,,,,,,,,,,,,,,,,,,,,,,,,,,,,,,,,,,,2507,3666.55
1787682900,62.45,62.455,62.44,62.44,62.5,62.05,,,,,,,,,,,,,,,,,,,,,,,,,,,,,,,,,,,,,,,,,,,,,,,,,,,,681,2526.4
1787682960,62.44,62.44,62.42,62.42,62.5,62.05,,,,,,,,,,,,,,,,,,,,,,,,,,,,,,,,,,,,,,,,,,,,,,,,,,,,982,2487.3
1787683020,62.43,62.44,62.43,62.435,62.5,62.05,,,,,,,,,,,,,,,,,,,,,,,,,,,,,,,,,,,,,,,,,,,,,,,,,,,,1297,2447.1
1787683080,62.435,62.445,62.435,62.445,62.5,62.05,,,,,,,,,,,,,,,,,,,,,,,,,,,,,,,,,,,,,,,,,,,,,,,,,,,,639,2401.25
1787683140,62.445,62.445,62.445,62.445,62.5,62.05,,,,,,,,,,,,,,,,,,,,,,,,,,,,,,,,,,,,,,,,,,,,,,,,,,,,264,2373.75
1787683200,62.445,62.47,62.445,62.46,62.5,62.05,,,,,,,,,,,,,,,,,,,,,,,,,,,,,,,,,,,,,,,,,,,,,,,,,,,,5422,2555.05
1787683260,62.47,62.48,62.47,62.475,62.5,62.05,,,,,,,,,,,,,,,,,,,,,,,,,,,,,,,,,,,,,,,,,,,,,,,,,,,,7040,2778.2
1787683320,62.475,62.48,62.46,62.46,62.5,62.05,,,,,,,,,,,,,,,,,,,,,,,,,,,,,,,,,,,,,,,,,,,,,,,,,,,,8837,2982.95
1787683380,62.45,62.45,62.43,62.445,62.5,62.05,,,,,,,,,,,,,,,,,,,,,,,,,,,,,,,,,,,,,,,,,,,,,,,,,,,,9228,3362.15
1787683440,62.445,62.465,62.445,62.465,62.5,62.05,,,,,,,,,,,,,,,,,,,,,,,,,,,,,,,,,,,,,,,,,,,,,,,,,,,,1694,3427.15
1787683500,62.465,62.47,62.46,62.47,62.5,62.05,,,,,,,,,,,,,,,,,,,,,,,,,,,,,,,,,,,,,,,,,,,,,,,,,,,,753,3022.35
1787683560,62.465,62.5,62.465,62.5,62.5,62.05,,,,,,,,,,,,,,,,,,,,,,,,,,,,,,,,,,,,,,,,,,,,,,,,,,,,3417,3147
1787683620,62.5,62.5,62.49,62.5,62.5,62.05,,,,,,,,,,,,,,,,,,,,,,,,,,,,,,,,,,,,,,,,,,,,,,,,,,,,1505,3022.55
1787683680,62.5,62.51,62.5,62.505,62.5,62.05,,,,,,,,,,,,,,,,,,,,,,,,,,,,,,,,,,,,,,,,,,,,,,,,,,,,2070,2988.05
1787683740,62.505,62.505,62.475,62.475,62.5,62.05,,,,,,,,,,,,,,,,,,,,,,,,,,,,,,,,,,,,,,,,,,,,,,,,,,,,5776,3268.55
1787683800,62.48,62.48,62.46,62.46,62.5,62.05,,,,,,,,,,,,,,,,,,,,,,,,,,,,,,,,,,,,,,,,,,,,,,,,,,,,2192,3263.15
1787683860,62.46,62.47,62.44,62.47,62.5,62.05,,,,,,,,,,,,,,,,,,,,,,,,,,,,,,,,,,,,,,,,,,,,,,,,,,,,1949,3292.15
1787683920,62.47,62.47,62.445,62.445,62.5,62.05,,,,,,,,,,,,,,,,,,,,,,,,,,,,,,,,,,,,,,,,,,,,,,,,,,,,1271,2972.85
1787683980,62.445,62.455,62.445,62.445,62.5,62.05,,,,,,,,,,,,,,,,,,,,,,,,,,,,,,,,,,,,,,,,,,,,,,,,,,,,2234,2987.9
1787684040,62.45,62.455,62.435,62.44,62.5,62.05,,,,,,,,,,,,,,,,,,,,,,,,,,,,,,,,,,,,,,,,,,,,,,,,,,,,1473,2936.2
1787684100,62.43,62.435,62.425,62.435,62.5,62.05,,,,,,,,,,,,,,,,,,,,,,,,,,,,,,,,,,,,,,,,,,,,,,,,,,,,1006,2952.45
1787684160,62.435,62.44,62.43,62.44,62.5,62.05,,,,,,,,,,,,,,,,,,,,,,,,,,,,,,,,,,,,,,,,,,,,,,,,,,,,756,2941.15
1787684220,62.435,62.435,62.42,62.43,62.5,62.05,,,,,,,,,,,,,,,,,,,,,,,,,,,,,,,,,,,,,,,,,,,,,,,,,,,,5412,3146.9
1787684280,62.425,62.425,62.41,62.42,62.5,62.05,,,,,,,,,,,,,,,,,,,,,,,,,,,,,,,,,,,,,,,,,,,,,,,,,,,,486,3139.25
1787684340,62.42,62.42,62.405,62.405,62.5,62.05,,,,,,,,,,,,,,,,,,,,,,,,,,,,,,,,,,,,,,,,,,,,,,,,,,,,612,3156.65
1787684400,62.405,62.42,62.405,62.42,62.5,62.05,,,,,,,,,,,,,,,,,,,,,,,,,,,,,,,,,,,,,,,,,,,,,,,,,,,,2381,3004.6
1787684460,62.43,62.43,62.4,62.405,62.5,62.05,,,,,,,,,,,,,,,,,,,,,,,,,,,,,,,,,,,,,,,,,,,,,,,,,,,,4027,2853.95
1787684520,62.4,62.41,62.39,62.4,62.5,62.05,,,,,,,,,,,,,,,,,,,,,,,,,,,,,,,,,,,,,,,,,,,,,,,,,,,,1137,2468.95
1787684580,62.39,62.41,62.39,62.4,62.5,62.05,,,,,,,,,,,,,,,,,,,,,,,,,,,,,,,,,,,,,,,,,,,,,,,,,,,,2279,2121.5
1787684640,62.4,62.41,62.4,62.4,62.5,62.05,,,,,,,,,,,,,,,,,,,,,,,,,,,,,,,,,,,,,,,,,,,,,,,,,,,,1051,2089.35
1787684700,62.4,62.41,62.39,62.395,62.5,62.05,,,,,,,,,,,,,,,,,,,,,,,,,,,,,,,,,,,,,,,,,,,,,,,,,,,,2312,2167.3
1787684760,62.39,62.39,62.38,62.38,62.5,62.05,,,,,,,,,,,,,,,,,,,,,,,,,,,,,,,,,,,,,,,,,,,,,,,,,,,,508,2021.85
1787684820,62.39,62.39,62.37,62.37,62.5,62.05,,,,,,,,,,,,,,,,,,,,,,,,,,,,,,,,,,,,,,,,,,,,,,,,,,,,2142,2053.7
1787684880,62.37,62.38,62.37,62.38,62.5,62.05,,,,,,,,,,,,,,,,,,,,,,,,,,,,,,,,,,,,,,,,,,,,,,,,,,,,825,1991.45
1787684940,62.385,62.4,62.385,62.385,62.5,62.05,,,,,,,,,,,,,,,,,,,,,,,,,,,,,,,,,,,,,,,,,,,,,,,,,,,,2559,1830.6
1787685000,62.39,62.39,62.385,62.385,62.5,62.05,,,,,,,,,,,,,,,,,,,,,,,,,,,,,,,,,,,,,,,,,,,,,,,,,,,,159,1728.95
1787685060,62.385,62.385,62.38,62.385,62.5,62.05,,,,,,,,,,,,,,,,,,,,,,,,,,,,,,,,,,,,,,,,,,,,,,,,,,,,4491,1856.05
1787685120,62.38,62.4,62.38,62.4,62.5,62.05,,,,,,,,,,,,,,,,,,,,,,,,,,,,,,,,,,,,,,,,,,,,,,,,,,,,1259,1855.45
1787685180,62.39,62.405,62.39,62.405,62.5,62.05,,,,,,,,,,,,,,,,,,,,,,,,,,,,,,,,,,,,,,,,,,,,,,,,,,,,969,1792.2
1787685240,62.405,62.425,62.4,62.425,62.5,62.05,,,,,,,,,,,,,,,,,,,,,,,,,,,,,,,,,,,,,,,,,,,,,,,,,,,,1481,1792.6
1787685300,62.43,62.43,62.42,62.43,62.5,62.05,,,,,,,,,,,,,,,,,,,,,,,,,,,,,,,,,,,,,,,,,,,,,,,,,,,,2382,1861.4
1787685360,62.43,62.44,62.43,62.44,62.5,62.05,,,,,,,,,,,,,,,,,,,,,,,,,,,,,,,,,,,,,,,,,,,,,,,,,,,,422,1844.7
1787685420,62.435,62.435,62.42,62.42,62.5,62.05,,,,,,,,,,,,,,,,,,,,,,,,,,,,,,,,,,,,,,,,,,,,,,,,,,,,3435,1745.85
1787685480,62.42,62.44,62.42,62.42,62.5,62.05,,,,,,,,,,,,,,,,,,,,,,,,,,,,,,,,,,,,,,,,,,,,,,,,,,,,3102,1876.65
1787685540,62.42,62.42,62.36,62.36,62.5,62.05,,,,,,,,,,,,,,,,,,,,,,,,,,,,,,,,,,,,,,,,,,,,,,,,,,,,1524,1922.25
1787685600,62.36,62.385,62.36,62.385,62.5,62.05,,,,,,,,,,,,,,,,,,,,,,,,,,,,,,,,,,,,,,,,,,,,,,,,,,,,2478,1927.1
1787685660,62.385,62.42,62.385,62.41,62.5,62.05,,,,,,,,,,,,,,,,,,,,,,,,,,,,,,,,,,,,,,,,,,,,,,,,,,,,1646,1808.05
1787685720,62.41,62.425,62.41,62.42,62.5,62.05,,,,,,,,,,,,,,,,,,,,,,,,,,,,,,,,,,,,,,,,,,,,,,,,,,,,2440,1873.2
1787685780,62.425,62.44,62.425,62.44,62.5,62.05,,,,,,,,,,,,,,,,,,,,,,,,,,,,,,,,,,,,,,,,,,,,,,,,,,,,1068,1812.65
1787685840,62.435,62.445,62.435,62.44,62.5,62.05,,,,,,,,,,,,,,,,,,,,,,,,,,,,,,,,,,,,,,,,,,,,,,,,,,,,8957,2207.95
1787685900,62.43,62.435,62.43,62.435,62.5,62.05,,,,,,,,,,,,,,,,,,,,,,,,,,,,,,,,,,,,,,,,,,,,,,,,,,,,721,2128.4
1787685960,62.44,62.445,62.435,62.44,62.5,62.05,,,,,,,,,,,,,,,,,,,,,,,,,,,,,,,,,,,,,,,,,,,,,,,,,,,,1145,2160.25
1787686020,62.445,62.465,62.445,62.46,62.5,62.05,,,,,,,,,,,,,,,,,,,,,,,,,,,,,,,,,,,,,,,,,,,,,,,,,,,,1845,2145.4
1787686080,62.465,62.475,62.465,62.475,62.5,62.05,,,,,,,,,,,,,,,,,,,,,,,,,,,,,,,,,,,,,,,,,,,,,,,,,,,,877,2148
1787686140,62.47,62.49,62.46,62.49,62.5,62.05,,,,,,,,,,,,,,,,,,,,,,,,,,,,,,,,,,,,,,,,,,,,,,,,,,,,10930,2566.55
1787686200,62.48,62.51,62.48,62.505,62.5,62.05,,,,,,,,,,,,,,,,,,,,,,,,,,,,,,,,,,,,,,,,,,,,,,,,,,,,11694,3143.3
1787686260,62.505,62.515,62.465,62.465,62.5,62.05,,,,,,,,,,,,,,,,,,,,,,,,,,,,,,,,,,,,,,,,,,,,,,,,,,,,6449,3241.2
1787686320,62.465,62.505,62.46,62.505,62.5,62.05,,,,,,,,,,,,,,,,,,,,,,,,,,,,,,,,,,,,,,,,,,,,,,,,,,,,5855,3471
1787686380,62.51,62.52,62.49,62.515,62.5,62.05,,,,,,,,,,,,,,,,,,,,,,,,,,,,,,,,,,,,,,,,,,,,,,,,,,,,5947,3719.9
1787686440,62.51,62.51,62.485,62.485,62.5,62.05,,,,,,,,,,,,,,,,,,,,,,,,,,,,,,,,,,,,,,,,,,,,,,,,,,,,700,3680.85
1787686500,62.48,62.505,62.47,62.505,62.5,62.05,,,,,,,,,,,,,,,,,,,,,,,,,,,,,,,,,,,,,,,,,,,,,,,,,,,,9514,4037.45
1787686560,62.505,62.505,62.495,62.495,62.5,62.05,,,,,,,,,,,,,,,,,,,,,,,,,,,,,,,,,,,,,,,,,,,,,,,,,,,,1800,4106.35
1787686620,62.495,62.51,62.495,62.5,62.5,62.05,,,,,,,,,,,,,,,,,,,,,,,,,,,,,,,,,,,,,,,,,,,,,,,,,,,,5565,4212.85
1787686680,62.5,62.5,62.48,62.485,62.5,62.05,,,,,,,,,,,,,,,,,,,,,,,,,,,,,,,,,,,,,,,,,,,,,,,,,,,,5459,4330.7
1787686740,62.485,62.505,62.48,62.485,62.5,62.05,,,,,,,,,,,,,,,,,,,,,,,,,,,,,,,,,,,,,,,,,,,,,,,,,,,,6218,4565.4
1787686800,62.49,62.495,62.48,62.48,62.5,62.05,,,,,,,,,,,,,,,,,,,,,,,,,,,,,,,,,,,,,,,,,,,,,,,,,,,,2461,4564.55
1787686860,62.49,62.515,62.49,62.515,62.5,62.05,,,,,,,,,,,,,,,,,,,,,,,,,,,,,,,,,,,,,,,,,,,,,,,,,,,,1870,4575.75
1787686920,62.515,62.52,62.515,62.52,62.5,62.05,,,,,,,,,,,,,,,,,,,,,,,,,,,,,,,,,,,,,,,,,,,,,,,,,,,,1543,4530.9
1787686980,62.525,62.54,62.52,62.535,62.5,62.05,,,,,,,,,,,,,,,,,,,,,,,,,,,,,,,,,,,,,,,,,,,,,,,,,,,,4133,4684.15
1787687040,62.535,62.575,62.53,62.56,62.5,62.05,,,,,,,,,,,,,,,,,,,,,,,,,,,,,,,,,,,,,,,,,,,,,,,,,,,,7547,4613.65
1787687100,62.55,62.57,62.53,62.56,62.5,62.05,,,,,,,,,,,,,,,,,,,,,,,,,,,,,,,,,,,,,,,,,,,,,,,,,,,,6903,4922.75
1787687160,62.56,62.56,62.535,62.535,62.5,62.05,,,,,,,,,,,,,,,,,,,,,,,,,,,,,,,,,,,,,,,,,,,,,,,,,,,,1569,4943.95
1787687220,62.535,62.535,62.5,62.505,62.5,62.05,,,,,,,,,,,,,,,,,,,,,,,,,,,,,,,,,,,,,,,,,,,,,,,,,,,,7120,5207.7
1787687280,62.505,62.52,62.5,62.51,62.5,62.05,,,,,,,,,,,,,,,,,,,,,,,,,,,,,,,,,,,,,,,,,,,,,,,,,,,,10838,5705.75
1787687340,62.51,62.54,62.51,62.525,62.5,62.05,,,,,,,,,,,,,,,,,,,,,,,,,,,,,,,,,,,,,,,,,,,,,,,,,,,,8898,5604.15
1787687400,62.53,62.53,62.475,62.515,62.5,62.05,,,,,,,,,,,,,,,,,,,,,,,,,,,,,,,,,,,,,,,,,,,,,,,,,,,,18215,5930.2
1787687460,62.515,62.525,62.505,62.505,62.5,62.05,,,,,,,,,,,,,,,,,,,,,,,,,,,,,,,,,,,,,,,,,,,,,,,,,,,,5905,5903
1787687520,62.51,62.52,62.495,62.505,62.5,62.05,,,,,,,,,,,,,,,,,,,,,,,,,,,,,,,,,,,,,,,,,,,,,,,,,,,,7271,5973.8
1787687580,62.51,62.54,62.5,62.535,62.5,62.05,,,,,,,,,,,,,,,,,,,,,,,,,,,,,,,,,,,,,,,,,,,,,,,,,,,,9100,6131.45
1787687640,62.535,62.55,62.52,62.525,62.5,62.05,,,,,,,,,,,,,,,,,,,,,,,,,,,,,,,,,,,,,,,,,,,,,,,,,,,,8713,6532.1
1787687700,62.53,62.53,62.5,62.505,62.5,62.05,,,,,,,,,,,,,,,,,,,,,,,,,,,,,,,,,,,,,,,,,,,,,,,,,,,,12548,6683.8
1787687760,62.5,62.51,62.465,62.5,62.5,62.05,,,,,,,,,,,,,,,,,,,,,,,,,,,,,,,,,,,,,,,,,,,,,,,,,,,,14722,7329.9
1787687820,62.495,62.5,62.46,62.48,62.5,62.05,,,,,,,,,,,,,,,,,,,,,,,,,,,,,,,,,,,,,,,,,,,,,,,,,,,,11768,7640.05
1787687880,62.485,62.5,62.46,62.5,62.5,62.05,,,,,,,,,,,,,,,,,,,,,,,,,,,,,,,,,,,,,,,,,,,,,,,,,,,,20987,8416.45
1787687940,62.51,62.51,62.41,62.42,62.5,62.05,,,,,,,,,,,,,,,,,,,,,,,,,,,,,,,,,,,,,,,,,,,,,,,,,,,,40625,10136.8