time,open,high,low,close,ORB High,ORB Low,Retest Upper,Retest Lower,EXP_event_flag,EXP_event_id,EXP_direction,EXP_signal_time,EXP_signal_price,EXP_orb_high,EXP_orb_low,EXP_orb_range,EXP_frozen_atr,EXP_signal_mfe_pct,EXP_signal_mae_pct,EXP_primary_outcome,EXP_first_retest_time,EXP_retest_state,EXP_cp5_valid,EXP_cp5_time,EXP_cp5_ref_price,EXP_cp5_sep_atr_pct,EXP_cp5_forward_eligible,EXP_cp5_fwd_mfe_pct,EXP_cp5_fwd_mae_pct,EXP_cp5_outcome,EXP_cp10_valid,EXP_cp10_time,EXP_cp10_ref_price,EXP_cp10_sep_atr_pct,EXP_cp10_forward_eligible,EXP_cp10_fwd_mfe_pct,EXP_cp10_fwd_mae_pct,EXP_cp10_outcome,EXP_cp15_valid,EXP_cp15_time,EXP_cp15_ref_price,EXP_cp15_sep_atr_pct,EXP_cp15_forward_eligible,EXP_cp15_fwd_mfe_pct,EXP_cp15_fwd_mae_pct,EXP_cp15_outcome,EXP_cp30_valid,EXP_cp30_time,EXP_cp30_ref_price,EXP_cp30_sep_atr_pct,EXP_cp30_forward_eligible,EXP_cp30_fwd_mfe_pct,EXP_cp30_fwd_mae_pct,EXP_cp30_outcome,EXP_ratio_10m_15m,EXP_ratio_bucket_parent,EXP_export_row_count,Volume,Volume MA
1786127940,133.69,133.69,133.69,133.69,133,130.72,,,,,,,,,,,,,,,,,,,,,,,,,,,,,,,,,,,,,,,,,,,,,,,,,,,,10,325.65
1786128000,133.69,133.69,133.67,133.67,133,130.72,,,,,,,,,,,,,,,,,,,,,,,,,,,,,,,,,,,,,,,,,,,,,,,,,,,,178,308.55
1786128060,133.67,133.73,133.67,133.73,133,130.72,,,,,,,,,,,,,,,,,,,,,,,,,,,,,,,,,,,,,,,,,,,,,,,,,,,,818,326.9
1786128120,133.75,133.75,133.7,133.7,133,130.72,,,,,,,,,,,,,,,,,,,,,,,,,,,,,,,,,,,,,,,,,,,,,,,,,,,,330,328
1786128180,133.71,133.73,133.7,133.72,133,130.72,,,,,,,,,,,,,,,,,,,,,,,,,,,,,,,,,,,,,,,,,,,,,,,,,,,,1018,373.45
1786128240,133.7,133.7,133.6,133.6,133,130.72,,,,,,,,,,,,,,,,,,,,,,,,,,,,,,,,,,,,,,,,,,,,,,,,,,,,1263,406.55
1786128300,133.56,133.56,133.56,133.56,133,130.72,,,,,,,,,,,,,,,,,,,,,,,,,,,,,,,,,,,,,,,,,,,,,,,,,,,,181,413.9
1786128360,133.57,133.62,133.54,133.62,133,130.72,,,,,,,,,,,,,,,,,,,,,,,,,,,,,,,,,,,,,,,,,,,,,,,,,,,,420,428.45
1786128420,133.64,133.64,133.51,133.52,133,130.72,,,,,,,,,,,,,,,,,,,,,,,,,,,,,,,,,,,,,,,,,,,,,,,,,,,,270,436.45
1786128540,133.47,133.47,133.45,133.45,133,130.72,,,,,,,,,,,,,,,,,,,,,,,,,,,,,,,,,,,,,,,,,,,,,,,,,,,,193,401.2
1786128600,133.43,133.43,133.395,133.41,133,130.72,,,,,,,,,,,,,,,,,,,,,,,,,,,,,,,,,,,,,,,,,,,,,,,,,,,,664,422.05
1786128660,133.39,133.39,133.35,133.39,133,130.72,,,,,,,,,,,,,,,,,,,,,,,,,,,,,,,,,,,,,,,,,,,,,,,,,,,,940,449.65
1786128720,133.4,133.41,133.34,133.35,133,130.72,,,,,,,,,,,,,,,,,,,,,,,,,,,,,,,,,,,,,,,,,,,,,,,,,,,,1394,484.65
1786128780,133.335,133.38,133.33,133.36,133,130.72,,,,,,,,,,,,,,,,,,,,,,,,,,,,,,,,,,,,,,,,,,,,,,,,,,,,2250,595.55
1786128840,133.32,133.32,133.31,133.31,133,130.72,,,,,,,,,,,,,,,,,,,,,,,,,,,,,,,,,,,,,,,,,,,,,,,,,,,,258,608.1
1786128900,133.29,133.29,133.2,133.235,133,130.72,,,,,,,,,,,,,,,,,,,,,,,,,,,,,,,,,,,,,,,,,,,,,,,,,,,,2299,722.55
1786128960,133.25,133.29,133.225,133.24,133,130.72,,,,,,,,,,,,,,,,,,,,,,,,,,,,,,,,,,,,,,,,,,,,,,,,,,,,767,710.6
1786129020,133.27,133.28,133.27,133.27,133,130.72,,,,,,,,,,,,,,,,,,,,,,,,,,,,,,,,,,,,,,,,,,,,,,,,,,,,271,707.3
1786129080,133.26,133.27,133.25,133.26,133,130.72,,,,,,,,,,,,,,,,,,,,,,,,,,,,,,,,,,,,,,,,,,,,,,,,,,,,266,705.9
1786129140,133.24,133.29,133.16,133.29,133,130.72,,,,,,,,,,,,,,,,,,,,,,,,,,,,,,,,,,,,,,,,,,,,,,,,,,,,1135,746.25
1786129200,133.3,133.3,133.09,133.09,133,130.72,,,,,,,,,,,,,,,,,,,,,,,,,,,,,,,,,,,,,,,,,,,,,,,,,,,,843,787.9
1786129260,133.11,133.22,133.11,133.16,133,130.72,,,,,,,,,,,,,,,,,,,,,,,,,,,,,,,,,,,,,,,,,,,,,,,,,,,,513,804.65
1786129320,133.15,133.2,133.14,133.14,133,130.72,,,,,,,,,,,,,,,,,,,,,,,,,,,,,,,,,,,,,,,,,,,,,,,,,,,,618,794.65
1786129380,133.14,133.15,133.11,133.12,133,130.72,,,,,,,,,,,,,,,,,,,,,,,,,,,,,,,,,,,,,,,,,,,,,,,,,,,,1754,865.85
1786129440,133.1,133.1,133.1,133.1,133,130.72,,,,,,,,,,,,,,,,,,,,,,,,,,,,,,,,,,,,,,,,,,,,,,,,,,,,1,815
1786129500,133.11,133.12,133.08,133.11,133,130.72,,,,,,,,,,,,,,,,,,,,,,,,,,,,,,,,,,,,,,,,,,,,,,,,,,,,1724,838.05
1786129560,133.105,133.105,133.06,133.085,133,130.72,,,,,,,,,,,,,,,,,,,,,,,,,,,,,,,,,,,,,,,,,,,,,,,,,,,,546,856.3
1786129620,133.08,133.12,133.08,133.11,133,130.72,,,,,,,,,,,,,,,,,,,,,,,,,,,,,,,,,,,,,,,,,,,,,,,,,,,,911,880.85
1786129680,133.165,133.165,133.165,133.165,133,130.72,,,,,,,,,,,,,,,,,,,,,,,,,,,,,,,,,,,,,,,,,,,,,,,,,,,,15,868.1
1786129740,133.165,133.165,133.13,133.14,133,130.72,,,,,,,,,,,,,,,,,,,,,,,,,,,,,,,,,,,,,,,,,,,,,,,,,,,,403,878.6
1786129800,133.15,133.19,133.145,133.19,133,130.72,,,,,,,,,,,,,,,,,,,,,,,,,,,,,,,,,,,,,,,,,,,,,,,,,,,,506,870.7
1786129860,133.17,133.17,133.12,133.16,133,130.72,,,,,,,,,,,,,,,,,,,,,,,,,,,,,,,,,,,,,,,,,,,,,,,,,,,,638,855.6
1786129920,133.175,133.175,133.145,133.16,133,130.72,,,,,,,,,,,,,,,,,,,,,,,,,,,,,,,,,,,,,,,,,,,,,,,,,,,,505,811.15
1786129980,133.19,133.24,133.19,133.23,133,130.72,,,,,,,,,,,,,,,,,,,,,,,,,,,,,,,,,,,,,,,,,,,,,,,,,,,,931,745.2
1786130040,133.21,133.3,133.18,133.3,133,130.72,,,,,,,,,,,,,,,,,,,,,,,,,,,,,,,,,,,,,,,,,,,,,,,,,,,,1083,786.45
1786130100,133.3,133.31,133.25,133.29,133,130.72,,,,,,,,,,,,,,,,,,,,,,,,,,,,,,,,,,,,,,,,,,,,,,,,,,,,990,721
1786130160,133.23,133.27,133.23,133.27,133,130.72,,,,,,,,,,,,,,,,,,,,,,,,,,,,,,,,,,,,,,,,,,,,,,,,,,,,345,699.9
1786130220,133.31,133.31,133.25,133.3,133,130.72,,,,,,,,,,,,,,,,,,,,,,,,,,,,,,,,,,,,,,,,,,,,,,,,,,,,1187,745.7
1786130280,133.31,133.33,133.3,133.33,133,130.72,,,,,,,,,,,,,,,,,,,,,,,,,,,,,,,,,,,,,,,,,,,,,,,,,,,,624,763.6
1786130340,133.32,133.45,133.305,133.32,133,130.72,,,,,,,,,,,,,,,,,,,,,,,,,,,,,,,,,,,,,,,,,,,,,,,,,,,,2078,810.75
1786130400,133.35,133.35,133.33,133.33,133,130.72,,,,,,,,,,,,,,,,,,,,,,,,,,,,,,,,,,,,,,,,,,,,,,,,,,,,177,777.45
1786130460,133.3,133.3,133.17,133.19,133,130.72,,,,,,,,,,,,,,,,,,,,,,,,,,,,,,,,,,,,,,,,,,,,,,,,,,,,593,781.45
1786130520,133.21,133.32,133.21,133.26,133,130.72,,,,,,,,,,,,,,,,,,,,,,,,,,,,,,,,,,,,,,,,,,,,,,,,,,,,2483,874.7
1786130580,133.37,133.37,133.36,133.36,133,130.72,,,,,,,,,,,,,,,,,,,,,,,,,,,,,,,,,,,,,,,,,,,,,,,,,,,,184,796.2
1786130640,133.34,133.38,133.33,133.38,133,130.72,,,,,,,,,,,,,,,,,,,,,,,,,,,,,,,,,,,,,,,,,,,,,,,,,,,,518,822.05
1786130700,133.37,133.42,133.36,133.42,133,130.72,,,,,,,,,,,,,,,,,,,,,,,,,,,,,,,,,,,,,,,,,,,,,,,,,,,,950,783.35
1786130760,133.44,133.44,133.39,133.39,133,130.72,,,,,,,,,,,,,,,,,,,,,,,,,,,,,,,,,,,,,,,,,,,,,,,,,,,,156,763.85
1786130820,133.42,133.43,133.39,133.43,133,130.72,,,,,,,,,,,,,,,,,,,,,,,,,,,,,,,,,,,,,,,,,,,,,,,,,,,,362,736.4
1786130880,133.43,133.58,133.43,133.55,133,130.72,,,,,,,,,,,,,,,,,,,,,,,,,,,,,,,,,,,,,,,,,,,,,,,,,,,,1220,796.65
1786130940,133.55,133.68,133.55,133.67,133,130.72,,,,,,,,,,,,,,,,,,,,,,,,,,,,,,,,,,,,,,,,,,,,,,,,,,,,252,789.1
1786131000,133.64,133.71,133.61,133.7,133,130.72,,,,,,,,,,,,,,,,,,,,,,,,,,,,,,,,,,,,,,,,,,,,,,,,,,,,1061,816.85
1786131060,133.75,133.82,133.74,133.81,133,130.72,,,,,,,,,,,,,,,,,,,,,,,,,,,,,,,,,,,,,,,,,,,,,,,,,,,,772,823.55
1786131120,133.84,133.85,133.79,133.79,133,130.72,,,,,,,,,,,,,,,,,,,,,,,,,,,,,,,,,,,,,,,,,,,,,,,,,,,,296,813.1
1786131180,133.845,133.89,133.845,133.86,133,130.72,,,,,,,,,,,,,,,,,,,,,,,,,,,,,,,,,,,,,,,,,,,,,,,,,,,,234,778.25
1786131240,133.865,134,133.865,134,133,130.72,,,,,,,,,,,,,,,,,,,,,,,,,,,,,,,,,,,,,,,,,,,,,,,,,,,,1683,808.25
1786131300,134,134.08,133.94,133.94,133,130.72,,,,,,,,,,,,,,,,,,,,,,,,,,,,,,,,,,,,,,,,,,,,,,,,,,,,1414,829.45
1786131360,133.895,133.96,133.895,133.935,133,130.72,,,,,,,,,,,,,,,,,,,,,,,,,,,,,,,,,,,,,,,,,,,,,,,,,,,,772,850.8
1786131420,133.98,133.98,133.94,133.94,133,130.72,,,,,,,,,,,,,,,,,,,,,,,,,,,,,,,,,,,,,,,,,,,,,,,,,,,,413,812.1
1786131480,133.92,133.92,133.91,133.91,133,130.72,,,,,,,,,,,,,,,,,,,,,,,,,,,,,,,,,,,,,,,,,,,,,,,,,,,,200,790.9
1786131540,133.84,133.855,133.81,133.855,133,130.72,,,,,,,,,,,,,,,,,,,,,,,,,,,,,,,,,,,,,,,,,,,,,,,,,,,,660,720
1786131600,133.87,133.89,133.855,133.89,133,130.72,,,,,,,,,,,,,,,,,,,,,,,,,,,,,,,,,,,,,,,,,,,,,,,,,,,,691,745.7
1786131660,133.88,133.9,133.84,133.885,133,130.72,,,,,,,,,,,,,,,,,,,,,,,,,,,,,,,,,,,,,,,,,,,,,,,,,,,,855,758.8
1786131720,133.935,133.96,133.87,133.96,133,130.72,,,,,,,,,,,,,,,,,,,,,,,,,,,,,,,,,,,,,,,,,,,,,,,,,,,,277,648.5
1786131780,133.98,133.99,133.91,133.915,133,130.72,,,,,,,,,,,,,,,,,,,,,,,,,,,,,,,,,,,,,,,,,,,,,,,,,,,,352,656.9
1786131840,133.93,134.07,133.93,134.07,133,130.72,,,,,,,,,,,,,,,,,,,,,,,,,,,,,,,,,,,,,,,,,,,,,,,,,,,,2560,759
1786131900,134.04,134.07,134,134.045,133,130.72,,,,,,,,,,,,,,,,,,,,,,,,,,,,,,,,,,,,,,,,,,,,,,,,,,,,724,747.7
1786131960,134.06,134.08,134.02,134.04,133,130.72,,,,,,,,,,,,,,,,,,,,,,,,,,,,,,,,,,,,,,,,,,,,,,,,,,,,705,775.15
1786132020,134.06,134.085,134.045,134.045,133,130.72,,,,,,,,,,,,,,,,,,,,,,,,,,,,,,,,,,,,,,,,,,,,,,,,,,,,960,805.05
1786132080,134,134,133.87,133.89,133,130.72,,,,,,,,,,,,,,,,,,,,,,,,,,,,,,,,,,,,,,,,,,,,,,,,,,,,2455,866.8
1786132140,133.89,134.06,133.89,133.99,133,130.72,,,,,,,,,,,,,,,,,,,,,,,,,,,,,,,,,,,,,,,,,,,,,,,,,,,,946,901.5
1786132200,133.99,134.11,133.88,133.88,133,130.72,,,,,,,,,,,,,,,,,,,,,,,,,,,,,,,,,,,,,,,,,,,,,,,,,,,,1543,925.6
1786132260,133.9,133.94,133.81,133.925,133,130.72,,,,,,,,,,,,,,,,,,,,,,,,,,,,,,,,,,,,,,,,,,,,,,,,,,,,1481,961.05
1786132320,133.91,133.91,133.46,133.47,133,130.72,,,,,,,,,,,,,,,,,,,,,,,,,,,,,,,,,,,,,,,,,,,,,,,,,,,,3556,1124.05
1786132380,133.48,133.48,133.38,133.44,133,130.72,,,,,,,,,,,,,,,,,,,,,,,,,,,,,,,,,,,,,,,,,,,,,,,,,,,,4351,1329.9
1786132440,133.43,133.53,133.34,133.34,133,130.72,,,,,,,,,,,,,,,,,,,,,,,,,,,,,,,,,,,,,,,,,,,,,,,,,,,,5406,1516.05
1786132500,133.38,133.75,133.36,133.37,133,130.72,,,,,,,,,,,,,,,,,,,,,,,,,,,,,,,,,,,,,,,,,,,,,,,,,,,,14548,2172.75
1786132560,133.38,133.45,133.33,133.36,133,130.72,,,,,,,,,,,,,,,,,,,,,,,,,,,,,,,,,,,,,,,,,,,,,,,,,,,,9365,2602.4
1786132620,133.37,133.47,133.01,133.35,133,130.72,,,,,,,,,,,,,,,,,,,,,,,,,,,,,,,,,,,,,,,,,,,,,,,,,,,,29076,4035.55
1786132680,133.35,133.39,133.19,133.25,133,130.72,,,,,,,,,,,,,,,,,,,,,,,,,,,,,,,,,,,,,,,,,,,,,,,,,,,,18038,4927.45
1786132740,133.24,133.33,133,133.17,133,130.72,,,1,15,1,1786110360000,133.02,133,130.72,2.280000000000001,0.3815792193208632,0.8194256502781562,0.6540369869192636,2,1786110600000,1,0,,,,0,0,0,0,0,,,,0,0,0,0,0,,,,0,0,0,0,0,,,,0,0,0,0,,-1,15,96969,9742.9
1786368600,133.005,133.05,132.19,132.855,133.05,132.19,,,,,,,,,,,,,,,,,,,,,,,,,,,,,,,,,,,,,,,,,,,,,,,,,,,,1710,9793.85
1786368660,132.89,132.9,132.5,132.735,133.05,132.19,,,,,,,,,,,,,,,,,,,,,,,,,,,,,,,,,,,,,,,,,,,,,,,,,,,,417,9771.95
1786368720,132.63,132.735,132.63,132.735,133.05,132.19,,,,,,,,,,,,,,,,,,,,,,,,,,,,,,,,,,,,,,,,,,,,,,,,,,,,253,9770.75
1786368780,132.9,133.39,132.9,133.39,133.39,132.19,,,,,,,,,,,,,,,,,,,,,,,,,,,,,,,,,,,,,,,,,,,,,,,,,,,,1201,9813.2
1786368840,133.61,133.7,133.61,133.7,133.7,132.19,,,,,,,,,,,,,,,,,,,,,,,,,,,,,,,,,,,,,,,,,,,,,,,,,,,,5,9685.45
1786368900,133.98,133.98,133.76,133.76,133.98,132.19,,,,,,,,,,,,,,,,,,,,,,,,,,,,,,,,,,,,,,,,,,,,,,,,,,,,895,9694
1786368960,133.25,133.25,132.97,133.06,133.98,132.19,,,,,,,,,,,,,,,,,,,,,,,,,,,,,,,,,,,,,,,,,,,,,,,,,,,,1096,9713.55
1786369020,133.33,133.56,133.33,133.56,133.98,132.19,,,,,,,,,,,,,,,,,,,,,,,,,,,,,,,,,,,,,,,,,,,,,,,,,,,,201,9675.6
1786369080,133.575,134.04,133.575,134.04,134.04,132.19,,,,,,,,,,,,,,,,,,,,,,,,,,,,,,,,,,,,,,,,,,,,,,,,,,,,1966,9651.15
1786369140,133.92,134.22,133.92,134.14,134.22,132.19,,,,,,,,,,,,,,,,,,,,,,,,,,,,,,,,,,,,,,,,,,,,,,,,,,,,1118,9659.75
1786369200,134.1,134.23,134.05,134.09,134.23,132.19,,,,,,,,,,,,,,,,,,,,,,,,,,,,,,,,,,,,,,,,,,,,,,,,,,,,496,9607.4
1786369260,134.07,134.07,133.95,134.01,134.23,132.19,,,,,,,,,,,,,,,,,,,,,,,,,,,,,,,,,,,,,,,,,,,,,,,,,,,,734,9570.05
1786369320,134.08,134.24,133.91,134.24,134.24,132.19,,,,,,,,,,,,,,,,,,,,,,,,,,,,,,,,,,,,,,,,,,,,,,,,,,,,1679,9476.2
1786369380,133.97,133.97,133.66,133.66,134.24,132.19,,,,,,,,,,,,,,,,,,,,,,,,,,,,,,,,,,,,,,,,,,,,,,,,,,,,1064,9311.85
1786369440,133.62,133.7,133.52,133.52,134.24,132.19,,,,,,,,,,,,,,,,,,,,,,,,,,,,,,,,,,,,,,,,,,,,,,,,,,,,433,9063.2
1786369500,133.54,133.64,133.52,133.56,134.24,132.19,,,,,,,,,,,,,,,,,,,,,,,,,,,,,,,,,,,,,,,,,,,,,,,,,,,,467,8359.15
1786369560,133.53,133.54,133.175,133.175,134.24,132.19,,,,,,,,,,,,,,,,,,,,,,,,,,,,,,,,,,,,,,,,,,,,,,,,,,,,1016,7941.7
1786369620,133.04,133.04,132.5,132.5,134.24,132.19,,,,,,,,,,,,,,,,,,,,,,,,,,,,,,,,,,,,,,,,,,,,,,,,,,,,4599,6717.85
1786369680,132.63,132.65,132.63,132.63,134.24,132.19,,,,,,,,,,,,,,,,,,,,,,,,,,,,,,,,,,,,,,,,,,,,,,,,,,,,160,5823.95
1786369740,132.62,132.65,132.34,132.36,134.24,132.19,,,,,,,,,,,,,,,,,,,,,,,,,,,,,,,,,,,,,,,,,,,,,,,,,,,,1135,1032.25
1786369800,132.31,132.63,132.31,132.63,134.24,132.19,,,,,,,,,,,,,,,,,,,,,,,,,,,,,,,,,,,,,,,,,,,,,,,,,,,,2350,1064.25
1786369860,132.49,132.52,132.43,132.505,134.24,132.19,,,,,,,,,,,,,,,,,,,,,,,,,,,,,,,,,,,,,,,,,,,,,,,,,,,,1206,1103.7
1786369920,132.62,132.76,132.59,132.75,134.24,132.19,,,,,,,,,,,,,,,,,,,,,,,,,,,,,,,,,,,,,,,,,,,,,,,,,,,,512,1116.65
1786369980,132.85,132.97,132.83,132.92,134.24,132.19,,,,,,,,,,,,,,,,,,,,,,,,,,,,,,,,,,,,,,,,,,,,,,,,,,,,217,1067.45
1786370040,132.79,132.83,132.6,132.8,134.24,132.19,,,,,,,,,,,,,,,,,,,,,,,,,,,,,,,,,,,,,,,,,,,,,,,,,,,,1184,1126.4
1786370100,132.78,132.8,132.74,132.785,134.24,132.19,,,,,,,,,,,,,,,,,,,,,,,,,,,,,,,,,,,,,,,,,,,,,,,,,,,,1049,1134.1
1786370160,132.75,132.75,132.46,132.46,134.24,132.19,,,,,,,,,,,,,,,,,,,,,,,,,,,,,,,,,,,,,,,,,,,,,,,,,,,,1338,1146.2
1786370220,132.44,132.44,132.41,132.42,134.24,132.19,,,,,,,,,,,,,,,,,,,,,,,,,,,,,,,,,,,,,,,,,,,,,,,,,,,,277,1150
1786370280,132.46,132.47,132.34,132.34,134.24,132.19,,,,,,,,,,,,,,,,,,,,,,,,,,,,,,,,,,,,,,,,,,,,,,,,,,,,533,1078.35
1786370340,132.31,132.34,132.29,132.32,134.24,132.19,,,,,,,,,,,,,,,,,,,,,,,,,,,,,,,,,,,,,,,,,,,,,,,,,,,,951,1070
1786370400,132.35,132.535,132.24,132.24,134.24,132.19,,,,,,,,,,,,,,,,,,,,,,,,,,,,,,,,,,,,,,,,,,,,,,,,,,,,2114,1150.9
1786370460,132.21,132.36,132.16,132.33,134.24,132.19,,,,,,,,,,,,,,,,,,,,,,,,,,,,,,,,,,,,,,,,,,,,,,,,,,,,757,1152.05
1786370520,132.34,132.47,132.28,132.47,134.24,132.19,,,,,,,,,,,,,,,,,,,,,,,,,,,,,,,,,,,,,,,,,,,,,,,,,,,,1527,1144.45
1786370580,132.43,132.51,132.43,132.49,134.24,132.19,,,,,,,,,,,,,,,,,,,,,,,,,,,,,,,,,,,,,,,,,,,,,,,,,,,,808,1131.65
1786370640,132.52,132.53,132.42,132.42,134.24,132.19,,,,,,,,,,,,,,,,,,,,,,,,,,,,,,,,,,,,,,,,,,,,,,,,,,,,876,1153.8
1786370700,132.41,132.43,132.25,132.25,134.24,132.19,,,,,,,,,,,,,,,,,,,,,,,,,,,,,,,,,,,,,,,,,,,,,,,,,,,,874,1174.15
1786370760,132.19,132.37,132.16,132.37,134.24,132.19,,,,,,,,,,,,,,,,,,,,,,,,,,,,,,,,,,,,,,,,,,,,,,,,,,,,1785,1212.6
1786370820,132.39,132.49,132.35,132.44,134.24,132.19,,,,,,,,,,,,,,,,,,,,,,,,,,,,,,,,,,,,,,,,,,,,,,,,,,,,1056,1035.45
1786370880,132.545,132.56,132.49,132.56,134.24,132.19,,,,,,,,,,,,,,,,,,,,,,,,,,,,,,,,,,,,,,,,,,,,,,,,,,,,220,1038.45
1786370940,132.67,132.78,132.59,132.78,134.24,132.19,,,,,,,,,,,,,,,,,,,,,,,,,,,,,,,,,,,,,,,,,,,,,,,,,,,,533,1008.35
1786371000,132.84,132.84,132.65,132.66,134.24,132.19,,,,,,,,,,,,,,,,,,,,,,,,,,,,,,,,,,,,,,,,,,,,,,,,,,,,1508,966.25
1786371060,132.62,132.75,132.61,132.69,134.24,132.19,,,,,,,,,,,,,,,,,,,,,,,,,,,,,,,,,,,,,,,,,,,,,,,,,,,,670,939.45
1786371120,132.69,132.74,132.64,132.64,134.24,132.19,,,,,,,,,,,,,,,,,,,,,,,,,,,,,,,,,,,,,,,,,,,,,,,,,,,,506,939.15
1786371180,132.75,132.79,132.64,132.64,134.24,132.19,,,,,,,,,,,,,,,,,,,,,,,,,,,,,,,,,,,,,,,,,,,,,,,,,,,,900,973.3
1786371240,132.69,132.73,132.65,132.7,134.24,132.19,,,,,,,,,,,,,,,,,,,,,,,,,,,,,,,,,,,,,,,,,,,,,,,,,,,,467,937.45
1786371300,132.76,132.99,132.72,132.74,134.24,132.19,,,,,,,,,,,,,,,,,,,,,,,,,,,,,,,,,,,,,,,,,,,,,,,,,,,,1661,968.05
1786371360,132.76,132.8,132.7,132.72,134.24,132.19,,,,,,,,,,,,,,,,,,,,,,,,,,,,,,,,,,,,,,,,,,,,,,,,,,,,1370,969.65
1786371420,132.81,132.94,132.75,132.905,134.24,132.19,,,,,,,,,,,,,,,,,,,,,,,,,,,,,,,,,,,,,,,,,,,,,,,,,,,,1079,1009.75
1786371480,132.9,132.97,132.8,132.94,134.24,132.19,,,,,,,,,,,,,,,,,,,,,,,,,,,,,,,,,,,,,,,,,,,,,,,,,,,,830,1024.6
1786371540,132.91,133.24,132.84,133.24,134.24,132.19,,,,,,,,,,,,,,,,,,,,,,,,,,,,,,,,,,,,,,,,,,,,,,,,,,,,1611,1057.6
1786371600,133.22,133.22,133.08,133.08,134.24,132.19,,,,,,,,,,,,,,,,,,,,,,,,,,,,,,,,,,,,,,,,,,,,,,,,,,,,545,979.15
1786371660,133.15,133.155,133.13,133.13,134.24,132.19,,,,,,,,,,,,,,,,,,,,,,,,,,,,,,,,,,,,,,,,,,,,,,,,,,,,426,962.6
1786371720,133.1,133.13,133,133,134.24,132.19,,,,,,,,,,,,,,,,,,,,,,,,,,,,,,,,,,,,,,,,,,,,,,,,,,,,779,925.2
1786371780,133.18,133.22,133.18,133.2,134.24,132.19,,,,,,,,,,,,,,,,,,,,,,,,,,,,,,,,,,,,,,,,,,,,,,,,,,,,215,895.55
1786371840,133.26,133.26,133.21,133.21,134.24,132.19,,,,,,,,,,,,,,,,,,,,,,,,,,,,,,,,,,,,,,,,,,,,,,,,,,,,138,858.65
1786371900,133.28,133.32,133.24,133.25,134.24,132.19,,,,,,,,,,,,,,,,,,,,,,,,,,,,,,,,,,,,,,,,,,,,,,,,,,,,506,840.25
1786371960,133.19,133.28,133.17,133.28,134.24,132.19,,,,,,,,,,,,,,,,,,,,,,,,,,,,,,,,,,,,,,,,,,,,,,,,,,,,607,781.35
1786372020,133.33,133.33,133.3,133.32,134.24,132.19,,,,,,,,,,,,,,,,,,,,,,,,,,,,,,,,,,,,,,,,,,,,,,,,,,,,326,744.85
1786372080,133.4,133.465,133.2,133.2,134.24,132.19,,,,,,,,,,,,,,,,,,,,,,,,,,,,,,,,,,,,,,,,,,,,,,,,,,,,1228,795.25
1786372140,133.25,133.31,133.24,133.3,134.24,132.19,,,,,,,,,,,,,,,,,,,,,,,,,,,,,,,,,,,,,,,,,,,,,,,,,,,,692,803.2
1786372200,133.27,133.27,133.16,133.17,134.24,132.19,,,,,,,,,,,,,,,,,,,,,,,,,,,,,,,,,,,,,,,,,,,,,,,,,,,,845,770.05
1786372260,133.175,133.25,133.16,133.16,134.24,132.19,,,,,,,,,,,,,,,,,,,,,,,,,,,,,,,,,,,,,,,,,,,,,,,,,,,,902,781.65
1786372320,133.19,133.24,133.15,133.16,134.24,132.19,,,,,,,,,,,,,,,,,,,,,,,,,,,,,,,,,,,,,,,,,,,,,,,,,,,,1319,822.3
1786372380,133.2,133.32,133.19,133.32,134.24,132.19,,,,,,,,,,,,,,,,,,,,,,,,,,,,,,,,,,,,,,,,,,,,,,,,,,,,756,815.1
1786372440,133.32,133.56,133.32,133.56,134.24,132.19,,,,,,,,,,,,,,,,,,,,,,,,,,,,,,,,,,,,,,,,,,,,,,,,,,,,860,834.75
1786372500,133.5,133.5,133.12,133.12,134.24,132.19,,,,,,,,,,,,,,,,,,,,,,,,,,,,,,,,,,,,,,,,,,,,,,,,,,,,1681,835.75
1786372560,133.09,133.16,133.09,133.09,134.24,132.19,,,,,,,,,,,,,,,,,,,,,,,,,,,,,,,,,,,,,,,,,,,,,,,,,,,,616,798.05
1786372620,133.09,133.18,133.04,133.18,134.24,132.19,,,,,,,,,,,,,,,,,,,,,,,,,,,,,,,,,,,,,,,,,,,,,,,,,,,,653,776.75
1786372680,133.2,133.32,133.18,133.27,134.24,132.19,,,,,,,,,,,,,,,,,,,,,,,,,,,,,,,,,,,,,,,,,,,,,,,,,,,,1251,797.8
1786372740,133.25,133.3,133.23,133.25,134.24,132.19,,,,,,,,,,,,,,,,,,,,,,,,,,,,,,,,,,,,,,,,,,,,,,,,,,,,915,763
1786372800,133.245,133.3,133.225,133.28,134.24,132.19,,,,,,,,,,,,,,,,,,,,,,,,,,,,,,,,,,,,,,,,,,,,,,,,,,,,478,759.65
1786372860,133.24,133.34,133.24,133.34,134.24,132.19,,,,,,,,,,,,,,,,,,,,,,,,,,,,,,,,,,,,,,,,,,,,,,,,,,,,859,781.3
1786372920,133.36,133.45,133.33,133.45,134.24,132.19,,,,,,,,,,,,,,,,,,,,,,,,,,,,,,,,,,,,,,,,,,,,,,,,,,,,859,785.3
1786372980,133.35,133.43,133.34,133.43,134.24,132.19,,,,,,,,,,,,,,,,,,,,,,,,,,,,,,,,,,,,,,,,,,,,,,,,,,,,268,787.95
1786373040,133.38,133.525,133.36,133.525,134.24,132.19,,,,,,,,,,,,,,,,,,,,,,,,,,,,,,,,,,,,,,,,,,,,,,,,,,,,982,830.15
1786373100,133.54,133.63,133.54,133.63,134.24,132.19,,,,,,,,,,,,,,,,,,,,,,,,,,,,,,,,,,,,,,,,,,,,,,,,,,,,245,817.1
1786373160,133.57,133.65,133.57,133.65,134.24,132.19,,,,,,,,,,,,,,,,,,,,,,,,,,,,,,,,,,,,,,,,,,,,,,,,,,,,96,791.55
1786373220,133.65,133.8,133.62,133.74,134.24,132.19,,,,,,,,,,,,,,,,,,,,,,,,,,,,,,,,,,,,,,,,,,,,,,,,,,,,162,783.35
1786373280,133.55,133.55,133.44,133.55,134.24,132.19,,,,,,,,,,,,,,,,,,,,,,,,,,,,,,,,,,,,,,,,,,,,,,,,,,,,1402,792.05
1786373340,133.5,133.52,133.5,133.52,134.24,132.19,,,,,,,,,,,,,,,,,,,,,,,,,,,,,,,,,,,,,,,,,,,,,,,,,,,,303,772.6
1786373400,133.615,133.615,133.56,133.58,134.24,132.19,,,,,,,,,,,,,,,,,,,,,,,,,,,,,,,,,,,,,,,,,,,,,,,,,,,,375,749.1
1786373460,133.66,133.71,133.66,133.71,134.24,132.19,,,,,,,,,,,,,,,,,,,,,,,,,,,,,,,,,,,,,,,,,,,,,,,,,,,,361,722.05
1786373520,133.69,133.71,133.585,133.61,134.24,132.19,,,,,,,,,,,,,,,,,,,,,,,,,,,,,,,,,,,,,,,,,,,,,,,,,,,,1217,716.95
1786373580,133.58,133.59,133.5,133.58,134.24,132.19,,,,,,,,,,,,,,,,,,,,,,,,,,,,,,,,,,,,,,,,,,,,,,,,,,,,1307,744.5
1786373640,133.655,133.655,133.58,133.58,134.24,132.19,,,,,,,,,,,,,,,,,,,,,,,,,,,,,,,,,,,,,,,,,,,,,,,,,,,,160,709.5
1786373700,133.63,133.65,133.63,133.63,134.24,132.19,,,,,,,,,,,,,,,,,,,,,,,,,,,,,,,,,,,,,,,,,,,,,,,,,,,,121,631.5
1786373760,133.69,133.745,133.69,133.7,134.24,132.19,,,,,,,,,,,,,,,,,,,,,,,,,,,,,,,,,,,,,,,,,,,,,,,,,,,,1013,651.35
1786373820,133.75,133.84,133.73,133.81,134.24,132.19,,,,,,,,,,,,,,,,,,,,,,,,,,,,,,,,,,,,,,,,,,,,,,,,,,,,924,664.9
1786373880,133.83,133.88,133.83,133.88,134.24,132.19,,,,,,,,,,,,,,,,,,,,,,,,,,,,,,,,,,,,,,,,,,,,,,,,,,,,95,607.1
1786373940,133.89,134.015,133.89,134.015,134.24,132.19,,,,,,,,,,,,,,,,,,,,,,,,,,,,,,,,,,,,,,,,,,,,,,,,,,,,1286,625.65
1786374000,133.95,134.05,133.9,133.93,134.24,132.19,,,,,,,,,,,,,,,,,,,,,,,,,,,,,,,,,,,,,,,,,,,,,,,,,,,,1447,674.1
1786374060,133.94,133.94,133.87,133.87,134.24,132.19,,,,,,,,,,,,,,,,,,,,,,,,,,,,,,,,,,,,,,,,,,,,,,,,,,,,577,660
1786374120,133.85,133.85,133.57,133.61,134.24,132.19,,,,,,,,,,,,,,,,,,,,,,,,,,,,,,,,,,,,,,,,,,,,,,,,,,,,2649,749.5
1786374180,133.6,133.72,133.58,133.695,134.24,132.19,,,,,,,,,,,,,,,,,,,,,,,,,,,,,,,,,,,,,,,,,,,,,,,,,,,,863,779.25
1786374240,133.63,133.66,133.58,133.6,134.24,132.19,,,,,,,,,,,,,,,,,,,,,,,,,,,,,,,,,,,,,,,,,,,,,,,,,,,,619,761.1
1786374300,133.59,133.62,133.53,133.54,134.24,132.19,,,,,,,,,,,,,,,,,,,,,,,,,,,,,,,,,,,,,,,,,,,,,,,,,,,,2720,884.85
1786374360,133.54,133.59,133.48,133.59,134.24,132.19,,,,,,,,,,,,,,,,,,,,,,,,,,,,,,,,,,,,,,,,,,,,,,,,,,,,1060,933.05
1786374420,133.62,133.67,133.43,133.43,134.24,132.19,,,,,,,,,,,,,,,,,,,,,,,,,,,,,,,,,,,,,,,,,,,,,,,,,,,,1206,985.25
1786374480,133.4,133.455,133.38,133.455,134.24,132.19,,,,,,,,,,,,,,,,,,,,,,,,,,,,,,,,,,,,,,,,,,,,,,,,,,,,814,955.85
1786374540,133.42,133.42,133.31,133.395,134.24,132.19,,,,,,,,,,,,,,,,,,,,,,,,,,,,,,,,,,,,,,,,,,,,,,,,,,,,1113,996.35
1786374600,133.275,133.275,133.25,133.26,134.24,132.19,,,,,,,,,,,,,,,,,,,,,,,,,,,,,,,,,,,,,,,,,,,,,,,,,,,,127,983.95
1786374660,133.34,133.48,133.34,133.48,134.24,132.19,,,,,,,,,,,,,,,,,,,,,,,,,,,,,,,,,,,,,,,,,,,,,,,,,,,,337,982.75
1786374720,133.4,133.51,133.4,133.51,134.24,132.19,,,,,,,,,,,,,,,,,,,,,,,,,,,,,,,,,,,,,,,,,,,,,,,,,,,,409,942.35
1786374780,133.53,133.615,133.53,133.53,134.24,132.19,,,,,,,,,,,,,,,,,,,,,,,,,,,,,,,,,,,,,,,,,,,,,,,,,,,,114,882.7
1786374840,133.49,133.72,133.49,133.72,134.24,132.19,,,,,,,,,,,,,,,,,,,,,,,,,,,,,,,,,,,,,,,,,,,,,,,,,,,,788,914.1
1786374900,133.72,133.72,133.7,133.71,134.24,132.19,,,,,,,,,,,,,,,,,,,,,,,,,,,,,,,,,,,,,,,,,,,,,,,,,,,,505,933.3
1786374960,133.81,133.81,133.73,133.73,134.24,132.19,,,,,,,,,,,,,,,,,,,,,,,,,,,,,,,,,,,,,,,,,,,,,,,,,,,,3,882.8
1786375020,133.745,133.84,133.68,133.84,134.24,132.19,,,,,,,,,,,,,,,,,,,,,,,,,,,,,,,,,,,,,,,,,,,,,,,,,,,,340,853.6
1786375080,133.87,133.87,133.86,133.86,134.24,132.19,,,,,,,,,,,,,,,,,,,,,,,,,,,,,,,,,,,,,,,,,,,,,,,,,,,,95,853.6
1786375140,133.9,133.91,133.86,133.88,134.24,132.19,,,,,,,,,,,,,,,,,,,,,,,,,,,,,,,,,,,,,,,,,,,,,,,,,,,,187,798.65
1786375200,133.87,133.87,133.81,133.86,134.24,132.19,,,,,,,,,,,,,,,,,,,,,,,,,,,,,,,,,,,,,,,,,,,,,,,,,,,,483,750.45
1786375260,133.855,133.855,133.855,133.855,134.24,132.19,,,,,,,,,,,,,,,,,,,,,,,,,,,,,,,,,,,,,,,,,,,,,,,,,,,,160,729.6
1786375320,133.83,133.83,133.76,133.8,134.24,132.19,,,,,,,,,,,,,,,,,,,,,,,,,,,,,,,,,,,,,,,,,,,,,,,,,,,,1276,660.95
1786375380,133.75,133.79,133.73,133.79,134.24,132.19,,,,,,,,,,,,,,,,,,,,,,,,,,,,,,,,,,,,,,,,,,,,,,,,,,,,781,656.85
1786375440,133.755,133.8,133.72,133.72,134.24,132.19,,,,,,,,,,,,,,,,,,,,,,,,,,,,,,,,,,,,,,,,,,,,,,,,,,,,977,674.75
1786375500,133.735,133.735,133.7,133.7,134.24,132.19,,,,,,,,,,,,,,,,,,,,,,,,,,,,,,,,,,,,,,,,,,,,,,,,,,,,201,548.8
1786375560,133.71,133.72,133.71,133.72,134.24,132.19,,,,,,,,,,,,,,,,,,,,,,,,,,,,,,,,,,,,,,,,,,,,,,,,,,,,74,499.5
1786375620,133.75,133.75,133.62,133.65,134.24,132.19,,,,,,,,,,,,,,,,,,,,,,,,,,,,,,,,,,,,,,,,,,,,,,,,,,,,865,482.45
1786375680,133.63,133.635,133.59,133.6,134.24,132.19,,,,,,,,,,,,,,,,,,,,,,,,,,,,,,,,,,,,,,,,,,,,,,,,,,,,720,477.75
1786375740,133.59,133.635,133.52,133.6,134.24,132.19,,,,,,,,,,,,,,,,,,,,,,,,,,,,,,,,,,,,,,,,,,,,,,,,,,,,1534,498.8
1786375800,133.6,133.62,133.53,133.62,134.24,132.19,,,,,,,,,,,,,,,,,,,,,,,,,,,,,,,,,,,,,,,,,,,,,,,,,,,,714,528.15
1786375860,133.62,133.625,133.6,133.625,134.24,132.19,,,,,,,,,,,,,,,,,,,,,,,,,,,,,,,,,,,,,,,,,,,,,,,,,,,,289,525.75
1786375920,133.64,133.655,133.545,133.6,134.24,132.19,,,,,,,,,,,,,,,,,,,,,,,,,,,,,,,,,,,,,,,,,,,,,,,,,,,,933,551.95
1786375980,133.6,133.68,133.6,133.68,134.24,132.19,,,,,,,,,,,,,,,,,,,,,,,,,,,,,,,,,,,,,,,,,,,,,,,,,,,,302,561.35
1786376040,133.67,133.67,133.58,133.58,134.24,132.19,,,,,,,,,,,,,,,,,,,,,,,,,,,,,,,,,,,,,,,,,,,,,,,,,,,,244,534.15
1786376100,133.56,133.58,133.5,133.5,134.24,132.19,,,,,,,,,,,,,,,,,,,,,,,,,,,,,,,,,,,,,,,,,,,,,,,,,,,,626,540.2
1786376160,133.5,133.6,133.5,133.6,134.24,132.19,,,,,,,,,,,,,,,,,,,,,,,,,,,,,,,,,,,,,,,,,,,,,,,,,,,,222,551.15
1786376220,133.57,133.6,133.56,133.58,134.24,132.19,,,,,,,,,,,,,,,,,,,,,,,,,,,,,,,,,,,,,,,,,,,,,,,,,,,,322,550.25
1786376280,133.54,133.64,133.54,133.6,134.24,132.19,,,,,,,,,,,,,,,,,,,,,,,,,,,,,,,,,,,,,,,,,,,,,,,,,,,,455,568.25
1786376340,133.59,133.61,133.59,133.6,134.24,132.19,,,,,,,,,,,,,,,,,,,,,,,,,,,,,,,,,,,,,,,,,,,,,,,,,,,,360,576.9
1786376400,133.58,133.6,133.58,133.6,134.24,132.19,,,,,,,,,,,,,,,,,,,,,,,,,,,,,,,,,,,,,,,,,,,,,,,,,,,,2,552.85
1786376460,133.56,133.59,133.55,133.55,134.24,132.19,,,,,,,,,,,,,,,,,,,,,,,,,,,,,,,,,,,,,,,,,,,,,,,,,,,,204,555.05
1786376520,133.52,133.56,133.52,133.56,134.24,132.19,,,,,,,,,,,,,,,,,,,,,,,,,,,,,,,,,,,,,,,,,,,,,,,,,,,,233,502.9
1786376580,133.66,133.71,133.66,133.71,134.24,132.19,,,,,,,,,,,,,,,,,,,,,,,,,,,,,,,,,,,,,,,,,,,,,,,,,,,,164,472.05
1786376640,133.66,133.66,133.54,133.55,134.24,132.19,,,,,,,,,,,,,,,,,,,,,,,,,,,,,,,,,,,,,,,,,,,,,,,,,,,,721,459.25
1786376700,133.58,133.63,133.58,133.6,134.24,132.19,,,,,,,,,,,,,,,,,,,,,,,,,,,,,,,,,,,,,,,,,,,,,,,,,,,,154,456.9
1786376820,133.59,133.59,133.565,133.565,134.24,132.19,,,,,,,,,,,,,,,,,,,,,,,,,,,,,,,,,,,,,,,,,,,,,,,,,,,,49,455.65
1786376880,133.52,133.54,133.48,133.54,134.24,132.19,,,,,,,,,,,,,,,,,,,,,,,,,,,,,,,,,,,,,,,,,,,,,,,,,,,,753,450.05
1786376940,133.56,133.56,133.49,133.49,134.24,132.19,,,,,,,,,,,,,,,,,,,,,,,,,,,,,,,,,,,,,,,,,,,,,,,,,,,,183,423.2
1786377000,133.49,133.49,133.47,133.48,134.24,132.19,,,,,,,,,,,,,,,,,,,,,,,,,,,,,,,,,,,,,,,,,,,,,,,,,,,,124,352.7
1786377120,133.495,133.495,133.47,133.47,134.24,132.19,,,,,,,,,,,,,,,,,,,,,,,,,,,,,,,,,,,,,,,,,,,,,,,,,,,,160,325
1786377180,133.46,133.47,133.46,133.47,134.24,132.19,,,,,,,,,,,,,,,,,,,,,,,,,,,,,,,,,,,,,,,,,,,,,,,,,,,,74,314.25
1786377240,133.45,133.45,133.44,133.45,134.24,132.19,,,,,,,,,,,,,,,,,,,,,,,,,,,,,,,,,,,,,,,,,,,,,,,,,,,,188,277
1786377300,133.45,133.47,133.4,133.4,134.24,132.19,,,,,,,,,,,,,,,,,,,,,,,,,,,,,,,,,,,,,,,,,,,,,,,,,,,,605,292.15
1786377360,133.42,133.42,133.36,133.37,134.24,132.19,,,,,,,,,,,,,,,,,,,,,,,,,,,,,,,,,,,,,,,,,,,,,,,,,,,,291,294.5
1786377420,133.35,133.35,133.27,133.3,134.24,132.19,,,,,,,,,,,,,,,,,,,,,,,,,,,,,,,,,,,,,,,,,,,,,,,,,,,,598,293.1
1786377480,133.28,133.34,133.25,133.32,134.24,132.19,,,,,,,,,,,,,,,,,,,,,,,,,,,,,,,,,,,,,,,,,,,,,,,,,,,,650,314.5
1786377540,133.31,133.35,133.3,133.3,134.24,132.19,,,,,,,,,,,,,,,,,,,,,,,,,,,,,,,,,,,,,,,,,,,,,,,,,,,,115,304.15
1786377600,133.31,133.35,133.28,133.28,134.24,132.19,,,,,,,,,,,,,,,,,,,,,,,,,,,,,,,,,,,,,,,,,,,,,,,,,,,,315,297.15
1786377660,133.29,133.32,133.27,133.3,134.24,132.19,,,,,,,,,,,,,,,,,,,,,,,,,,,,,,,,,,,,,,,,,,,,,,,,,,,,296,293.95
1786377720,133.21,133.23,133.21,133.23,134.24,132.19,,,,,,,,,,,,,,,,,,,,,,,,,,,,,,,,,,,,,,,,,,,,,,,,,,,,43,296
1786377780,133.22,133.24,133.215,133.22,134.24,132.19,,,,,,,,,,,,,,,,,,,,,,,,,,,,,,,,,,,,,,,,,,,,,,,,,,,,186,295.1
1786377840,133.23,133.23,133.14,133.18,134.24,132.19,,,,,,,,,,,,,,,,,,,,,,,,,,,,,,,,,,,,,,,,,,,,,,,,,,,,383,302.6
1786377900,133.15,133.19,133.13,133.18,134.24,132.19,,,,,,,,,,,,,,,,,,,,,,,,,,,,,,,,,,,,,,,,,,,,,,,,,,,,388,313.8
1786377960,133.16,133.21,133.16,133.16,134.24,132.19,,,,,,,,,,,,,,,,,,,,,,,,,,,,,,,,,,,,,,,,,,,,,,,,,,,,91,282.3
1786378020,133.18,133.235,133.18,133.235,134.24,132.19,,,,,,,,,,,,,,,,,,,,,,,,,,,,,,,,,,,,,,,,,,,,,,,,,,,,227,285.95
1786378080,133.25,133.25,133.22,133.23,134.24,132.19,,,,,,,,,,,,,,,,,,,,,,,,,,,,,,,,,,,,,,,,,,,,,,,,,,,,288,297.9
1786378140,133.255,133.3,133.255,133.26,134.24,132.19,,,,,,,,,,,,,,,,,,,,,,,,,,,,,,,,,,,,,,,,,,,,,,,,,,,,277,274.1
1786378200,133.31,133.32,133.31,133.32,134.24,132.19,,,,,,,,,,,,,,,,,,,,,,,,,,,,,,,,,,,,,,,,,,,,,,,,,,,,15,265.7
1786378260,133.35,133.44,133.35,133.44,134.24,132.19,,,,,,,,,,,,,,,,,,,,,,,,,,,,,,,,,,,,,,,,,,,,,,,,,,,,419,280.45
1786378320,133.47,133.6,133.45,133.6,134.24,132.19,,,,,,,,,,,,,,,,,,,,,,,,,,,,,,,,,,,,,,,,,,,,,,,,,,,,592,302.05
1786378380,133.63,133.63,133.6,133.6,134.24,132.19,,,,,,,,,,,,,,,,,,,,,,,,,,,,,,,,,,,,,,,,,,,,,,,,,,,,371,316.9
1786378440,133.59,133.59,133.58,133.58,134.24,132.19,,,,,,,,,,,,,,,,,,,,,,,,,,,,,,,,,,,,,,,,,,,,,,,,,,,,180,316.5
1786378500,133.59,133.6,133.56,133.56,134.24,132.19,,,,,,,,,,,,,,,,,,,,,,,,,,,,,,,,,,,,,,,,,,,,,,,,,,,,714,321.95
1786378560,133.55,133.55,133.54,133.55,134.24,132.19,,,,,,,,,,,,,,,,,,,,,,,,,,,,,,,,,,,,,,,,,,,,,,,,,,,,523,333.55
1786378620,133.54,133.54,133.48,133.53,134.24,132.19,,,,,,,,,,,,,,,,,,,,,,,,,,,,,,,,,,,,,,,,,,,,,,,,,,,,434,325.35
1786378680,133.57,133.66,133.57,133.66,134.24,132.19,,,,,,,,,,,,,,,,,,,,,,,,,,,,,,,,,,,,,,,,,,,,,,,,,,,,247,305.2
1786378740,133.67,133.67,133.64,133.67,134.24,132.19,,,,,,,,,,,,,,,,,,,,,,,,,,,,,,,,,,,,,,,,,,,,,,,,,,,,213,310.1
1786378800,133.74,133.75,133.7,133.7,134.24,132.19,,,,,,,,,,,,,,,,,,,,,,,,,,,,,,,,,,,,,,,,,,,,,,,,,,,,512,319.95
1786378860,133.67,133.67,133.64,133.64,134.24,132.19,,,,,,,,,,,,,,,,,,,,,,,,,,,,,,,,,,,,,,,,,,,,,,,,,,,,244,317.35
1786378920,133.65,133.65,133.6,133.6,134.24,132.19,,,,,,,,,,,,,,,,,,,,,,,,,,,,,,,,,,,,,,,,,,,,,,,,,,,,87,319.55
1786378980,133.57,133.57,133.53,133.56,134.24,132.19,,,,,,,,,,,,,,,,,,,,,,,,,,,,,,,,,,,,,,,,,,,,,,,,,,,,821,351.3
1786379040,133.57,133.625,133.57,133.62,134.24,132.19,,,,,,,,,,,,,,,,,,,,,,,,,,,,,,,,,,,,,,,,,,,,,,,,,,,,369,350.6
1786379100,133.63,133.65,133.54,133.56,134.24,132.19,,,,,,,,,,,,,,,,,,,,,,,,,,,,,,,,,,,,,,,,,,,,,,,,,,,,507,356.55
1786379160,133.57,133.61,133.57,133.59,134.24,132.19,,,,,,,,,,,,,,,,,,,,,,,,,,,,,,,,,,,,,,,,,,,,,,,,,,,,127,358.35
1786379280,133.59,133.62,133.59,133.62,134.24,132.19,,,,,,,,,,,,,,,,,,,,,,,,,,,,,,,,,,,,,,,,,,,,,,,,,,,,105,352.25
1786379340,133.64,133.66,133.62,133.66,134.24,132.19,,,,,,,,,,,,,,,,,,,,,,,,,,,,,,,,,,,,,,,,,,,,,,,,,,,,695,372.6
1786379400,133.67,133.71,133.67,133.68,134.24,132.19,,,,,,,,,,,,,,,,,,,,,,,,,,,,,,,,,,,,,,,,,,,,,,,,,,,,167,367.1
1786379460,133.65,133.66,133.55,133.63,134.24,132.19,,,,,,,,,,,,,,,,,,,,,,,,,,,,,,,,,,,,,,,,,,,,,,,,,,,,2682,500.45
1786379520,133.64,133.69,133.45,133.68,134.24,132.19,,,,,,,,,,,,,,,,,,,,,,,,,,,,,,,,,,,,,,,,,,,,,,,,,,,,4681,713.55
1786379580,133.67,133.67,133.64,133.64,134.24,132.19,,,,,,,,,,,,,,,,,,,,,,,,,,,,,,,,,,,,,,,,,,,,,,,,,,,,138,690.85
1786379640,133.68,133.71,133.66,133.7,134.24,132.19,,,,,,,,,,,,,,,,,,,,,,,,,,,,,,,,,,,,,,,,,,,,,,,,,,,,184,681.5
1786379700,133.7,133.71,133.66,133.66,134.24,132.19,,,,,,,,,,,,,,,,,,,,,,,,,,,,,,,,,,,,,,,,,,,,,,,,,,,,418,693.4
1786379760,133.69,133.69,133.67,133.67,134.24,132.19,,,,,,,,,,,,,,,,,,,,,,,,,,,,,,,,,,,,,,,,,,,,,,,,,,,,290,672.2
1786379820,133.64,133.72,133.64,133.69,134.24,132.19,,,,,,,,,,,,,,,,,,,,,,,,,,,,,,,,,,,,,,,,,,,,,,,,,,,,822,687.15
1786379880,133.7,133.7,133.67,133.67,134.24,132.19,,,,,,,,,,,,,,,,,,,,,,,,,,,,,,,,,,,,,,,,,,,,,,,,,,,,36,667.25
1786379940,133.64,133.64,133.64,133.64,134.24,132.19,,,,,,,,,,,,,,,,,,,,,,,,,,,,,,,,,,,,,,,,,,,,,,,,,,,,260,667.9
1786380000,133.66,133.695,133.66,133.66,134.24,132.19,,,,,,,,,,,,,,,,,,,,,,,,,,,,,,,,,,,,,,,,,,,,,,,,,,,,218,668.15
1786380060,133.68,133.69,133.68,133.69,134.24,132.19,,,,,,,,,,,,,,,,,,,,,,,,,,,,,,,,,,,,,,,,,,,,,,,,,,,,2,642.65
1786380120,133.76,133.79,133.76,133.79,134.24,132.19,,,,,,,,,,,,,,,,,,,,,,,,,,,,,,,,,,,,,,,,,,,,,,,,,,,,52,633.05
1786380180,133.78,133.78,133.71,133.71,134.24,132.19,,,,,,,,,,,,,,,,,,,,,,,,,,,,,,,,,,,,,,,,,,,,,,,,,,,,224,639.9
1786380240,133.73,133.73,133.71,133.71,134.24,132.19,,,,,,,,,,,,,,,,,,,,,,,,,,,,,,,,,,,,,,,,,,,,,,,,,,,,267,612.2
1786380300,133.69,133.69,133.52,133.52,134.24,132.19,,,,,,,,,,,,,,,,,,,,,,,,,,,,,,,,,,,,,,,,,,,,,,,,,,,,389,613.2
1786380360,133.51,133.51,133.47,133.47,134.24,132.19,,,,,,,,,,,,,,,,,,,,,,,,,,,,,,,,,,,,,,,,,,,,,,,,,,,,69,591.3
1786380420,133.44,133.47,133.44,133.47,134.24,132.19,,,,,,,,,,,,,,,,,,,,,,,,,,,,,,,,,,,,,,,,,,,,,,,,,,,,13,585.6
1786380480,133.48,133.5,133.48,133.5,134.24,132.19,,,,,,,,,,,,,,,,,,,,,,,,,,,,,,,,,,,,,,,,,,,,,,,,,,,,11,580.9
1786380540,133.48,133.6,133.48,133.6,134.24,132.19,,,,,,,,,,,,,,,,,,,,,,,,,,,,,,,,,,,,,,,,,,,,,,,,,,,,272,559.75
1786380600,133.63,133.7,133.63,133.68,134.24,132.19,,,,,,,,,,,,,,,,,,,,,,,,,,,,,,,,,,,,,,,,,,,,,,,,,,,,42,553.5
1786380660,133.725,133.725,133.65,133.65,134.24,132.19,,,,,,,,,,,,,,,,,,,,,,,,,,,,,,,,,,,,,,,,,,,,,,,,,,,,405,439.65
1786380720,133.68,133.68,133.64,133.64,134.24,132.19,,,,,,,,,,,,,,,,,,,,,,,,,,,,,,,,,,,,,,,,,,,,,,,,,,,,5,205.85
1786380840,133.68,133.68,133.67,133.67,134.24,132.19,,,,,,,,,,,,,,,,,,,,,,,,,,,,,,,,,,,,,,,,,,,,,,,,,,,,166,207.25
1786380900,133.68,133.69,133.66,133.66,134.24,132.19,,,,,,,,,,,,,,,,,,,,,,,,,,,,,,,,,,,,,,,,,,,,,,,,,,,,253,210.7
1786380960,133.66,133.695,133.66,133.695,134.24,132.19,,,,,,,,,,,,,,,,,,,,,,,,,,,,,,,,,,,,,,,,,,,,,,,,,,,,101,194.85
1786381020,133.7,133.82,133.7,133.79,134.24,132.19,,,,,,,,,,,,,,,,,,,,,,,,,,,,,,,,,,,,,,,,,,,,,,,,,,,,9,180.8
1786381080,133.81,133.81,133.81,133.81,134.24,132.19,,,,,,,,,,,,,,,,,,,,,,,,,,,,,,,,,,,,,,,,,,,,,,,,,,,,11,140.25
1786381140,133.81,133.82,133.75,133.75,134.24,132.19,,,,,,,,,,,,,,,,,,,,,,,,,,,,,,,,,,,,,,,,,,,,,,,,,,,,308,153.85
1786381200,133.75,133.77,133.61,133.61,134.24,132.19,,,,,,,,,,,,,,,,,,,,,,,,,,,,,,,,,,,,,,,,,,,,,,,,,,,,1597,220.7
1786381260,133.58,133.65,133.58,133.61,134.24,132.19,,,,,,,,,,,,,,,,,,,,,,,,,,,,,,,,,,,,,,,,,,,,,,,,,,,,270,223.3
1786381380,133.62,133.64,133.61,133.62,134.24,132.19,,,,,,,,,,,,,,,,,,,,,,,,,,,,,,,,,,,,,,,,,,,,,,,,,,,,668,256.6
1786381440,133.65,133.65,133.59,133.59,134.24,132.19,,,,,,,,,,,,,,,,,,,,,,,,,,,,,,,,,,,,,,,,,,,,,,,,,,,,118,259.9
1786381500,133.63,133.69,133.63,133.68,134.24,132.19,,,,,,,,,,,,,,,,,,,,,,,,,,,,,,,,,,,,,,,,,,,,,,,,,,,,285,262.95
1786381560,133.66,133.7,133.66,133.68,134.24,132.19,,,,,,,,,,,,,,,,,,,,,,,,,,,,,,,,,,,,,,,,,,,,,,,,,,,,283,263.75
1786381620,133.7,133.7,133.68,133.68,134.24,132.19,,,,,,,,,,,,,,,,,,,,,,,,,,,,,,,,,,,,,,,,,,,,,,,,,,,,221,255.35
1786381740,133.66,133.66,133.6,133.6,134.24,132.19,,,,,,,,,,,,,,,,,,,,,,,,,,,,,,,,,,,,,,,,,,,,,,,,,,,,502,277
1786381800,133.59,133.69,133.59,133.69,134.24,132.19,,,,,,,,,,,,,,,,,,,,,,,,,,,,,,,,,,,,,,,,,,,,,,,,,,,,309,291.8
1786381860,133.68,133.77,133.67,133.7,134.24,132.19,,,,,,,,,,,,,,,,,,,,,,,,,,,,,,,,,,,,,,,,,,,,,,,,,,,,157,299.1
1786381920,133.7,133.7,133.68,133.68,134.24,132.19,,,,,,,,,,,,,,,,,,,,,,,,,,,,,,,,,,,,,,,,,,,,,,,,,,,,265,298.75
1786381980,133.72,133.72,133.67,133.67,134.24,132.19,,,,,,,,,,,,,,,,,,,,,,,,,,,,,,,,,,,,,,,,,,,,,,,,,,,,220,307.65
1786382040,133.7,133.71,133.69,133.7,134.24,132.19,,,,,,,,,,,,,,,,,,,,,,,,,,,,,,,,,,,,,,,,,,,,,,,,,,,,514,313.1
1786382100,133.72,133.72,133.72,133.72,134.24,132.19,,,,,,,,,,,,,,,,,,,,,,,,,,,,,,,,,,,,,,,,,,,,,,,,,,,,24,314.05
1786382160,133.67,133.67,133.67,133.67,134.24,132.19,,,,,,,,,,,,,,,,,,,,,,,,,,,,,,,,,,,,,,,,,,,,,,,,,,,,61,308.8
1786382220,133.64,133.67,133.64,133.67,134.24,132.19,,,,,,,,,,,,,,,,,,,,,,,,,,,,,,,,,,,,,,,,,,,,,,,,,,,,38,298.05
1786382280,133.63,133.63,133.62,133.62,134.24,132.19,,,,,,,,,,,,,,,,,,,,,,,,,,,,,,,,,,,,,,,,,,,,,,,,,,,,7,293.35
1786382340,133.64,133.64,133.64,133.64,134.24,132.19,,,,,,,,,,,,,,,,,,,,,,,,,,,,,,,,,,,,,,,,,,,,,,,,,,,,3,293.05
1786382400,133.63,133.65,133.62,133.65,134.24,132.19,,,,,,,,,,,,,,,,,,,,,,,,,,,,,,,,,,,,,,,,,,,,,,,,,,,,33,294.15
1786382460,133.74,133.74,133.68,133.68,134.24,132.19,,,,,,,,,,,,,,,,,,,,,,,,,,,,,,,,,,,,,,,,,,,,,,,,,,,,67,282.1
1786382520,133.67,133.67,133.67,133.67,134.24,132.19,,,,,,,,,,,,,,,,,,,,,,,,,,,,,,,,,,,,,,,,,,,,,,,,,,,,12,202.85
1786382580,133.68,133.68,133.66,133.66,134.24,132.19,,,,,,,,,,,,,,,,,,,,,,,,,,,,,,,,,,,,,,,,,,,,,,,,,,,,114,195.05
1786382640,133.65,133.65,133.62,133.625,134.24,132.19,,,,,,,,,,,,,,,,,,,,,,,,,,,,,,,,,,,,,,,,,,,,,,,,,,,,369,180.1
1786382700,133.64,133.64,133.57,133.57,134.24,132.19,,,,,,,,,,,,,,,,,,,,,,,,,,,,,,,,,,,,,,,,,,,,,,,,,,,,472,197.8
1786382760,133.55,133.57,133.54,133.54,134.24,132.19,,,,,,,,,,,,,,,,,,,,,,,,,,,,,,,,,,,,,,,,,,,,,,,,,,,,133,190.2
1786382820,133.56,133.56,133.5,133.5,134.24,132.19,,,,,,,,,,,,,,,,,,,,,,,,,,,,,,,,,,,,,,,,,,,,,,,,,,,,52,178.65
1786382880,133.49,133.5,133.46,133.5,134.24,132.19,,,,,,,,,,,,,,,,,,,,,,,,,,,,,,,,,,,,,,,,,,,,,,,,,,,,39,169.55
1786382940,133.48,133.48,133.42,133.44,134.24,132.19,,,,,,,,,,,,,,,,,,,,,,,,,,,,,,,,,,,,,,,,,,,,,,,,,,,,104,149.65
1786383000,133.41,133.41,133.39,133.4,134.24,132.19,,,,,,,,,,,,,,,,,,,,,,,,,,,,,,,,,,,,,,,,,,,,,,,,,,,,224,145.4
1786383060,133.39,133.39,133.34,133.34,134.24,132.19,,,,,,,,,,,,,,,,,,,,,,,,,,,,,,,,,,,,,,,,,,,,,,,,,,,,595,167.3
1786383120,133.35,133.35,133.2,133.295,134.24,132.19,,,,,,,,,,,,,,,,,,,,,,,,,,,,,,,,,,,,,,,,,,,,,,,,,,,,5753,441.7
1786383180,133.28,133.3,133.28,133.3,134.24,132.19,,,,,,,,,,,,,,,,,,,,,,,,,,,,,,,,,,,,,,,,,,,,,,,,,,,,196,440.5
1786383240,133.35,133.41,133.33,133.4,134.24,132.19,,,,,,,,,,,,,,,,,,,,,,,,,,,,,,,,,,,,,,,,,,,,,,,,,,,,348,432.2
1786383300,133.4,133.43,133.4,133.43,134.24,132.19,,,,,,,,,,,,,,,,,,,,,,,,,,,,,,,,,,,,,,,,,,,,,,,,,,,,70,434.5
1786383360,133.44,133.45,133.43,133.45,134.24,132.19,,,,,,,,,,,,,,,,,,,,,,,,,,,,,,,,,,,,,,,,,,,,,,,,,,,,251,444
1786383420,133.45,133.47,133.44,133.46,134.24,132.19,,,,,,,,,,,,,,,,,,,,,,,,,,,,,,,,,,,,,,,,,,,,,,,,,,,,205,452.35
1786383480,133.48,133.48,133.31,133.31,134.24,132.19,,,,,,,,,,,,,,,,,,,,,,,,,,,,,,,,,,,,,,,,,,,,,,,,,,,,429,473.45
1786383540,133.3,133.33,133.3,133.33,134.24,132.19,,,,,,,,,,,,,,,,,,,,,,,,,,,,,,,,,,,,,,,,,,,,,,,,,,,,172,481.9
1786383600,133.31,133.31,133.17,133.17,134.24,132.19,,,,,,,,,,,,,,,,,,,,,,,,,,,,,,,,,,,,,,,,,,,,,,,,,,,,546,507.55
1786383660,133.19,133.25,133.16,133.25,134.24,132.19,,,,,,,,,,,,,,,,,,,,,,,,,,,,,,,,,,,,,,,,,,,,,,,,,,,,552,531.8
1786383720,133.25,133.31,133.25,133.28,134.24,132.19,,,,,,,,,,,,,,,,,,,,,,,,,,,,,,,,,,,,,,,,,,,,,,,,,,,,636,563
1786383780,133.29,133.29,133.29,133.29,134.24,132.19,,,,,,,,,,,,,,,,,,,,,,,,,,,,,,,,,,,,,,,,,,,,,,,,,,,,1,557.35
1786383840,133.28,133.3,133.23,133.28,134.24,132.19,,,,,,,,,,,,,,,,,,,,,,,,,,,,,,,,,,,,,,,,,,,,,,,,,,,,505,564.15
1786383960,133.31,133.31,133.31,133.31,134.24,132.19,,,,,,,,,,,,,,,,,,,,,,,,,,,,,,,,,,,,,,,,,,,,,,,,,,,,1,540.6
1786384020,133.33,133.33,133.31,133.31,134.24,132.19,,,,,,,,,,,,,,,,,,,,,,,,,,,,,,,,,,,,,,,,,,,,,,,,,,,,51,536.5
1786384080,133.25,133.25,133.25,133.25,134.24,132.19,,,,,,,,,,,,,,,,,,,,,,,,,,,,,,,,,,,,,,,,,,,,,,,,,,,,13,534.55
1786384140,133.27,133.27,133.27,133.27,134.24,132.19,,,,,,,,,,,,,,,,,,,,,,,,,,,,,,,,,,,,,,,,,,,,,,,,,,,,26,533.9
1786384200,133.28,133.29,133.24,133.26,134.24,132.19,,,,,,,,,,,,,,,,,,,,,,,,,,,,,,,,,,,,,,,,,,,,,,,,,,,,1045,580.95
1786384260,133.25,133.25,133.22,133.23,134.24,132.19,,,,,,,,,,,,,,,,,,,,,,,,,,,,,,,,,,,,,,,,,,,,,,,,,,,,625,601
1786384320,133.22,133.23,133.21,133.21,134.24,132.19,,,,,,,,,,,,,,,,,,,,,,,,,,,,,,,,,,,,,,,,,,,,,,,,,,,,235,583
1786384380,133.25,133.25,133.23,133.23,134.24,132.19,,,,,,,,,,,,,,,,,,,,,,,,,,,,,,,,,,,,,,,,,,,,,,,,,,,,111,300.9
1786384440,133.22,133.26,133.17,133.17,134.24,132.19,,,,,,,,,,,,,,,,,,,,,,,,,,,,,,,,,,,,,,,,,,,,,,,,,,,,439,313.05
1786384500,133.16,133.21,133.14,133.14,134.24,132.19,,,,,,,,,,,,,,,,,,,,,,,,,,,,,,,,,,,,,,,,,,,,,,,,,,,,358,313.55
1786384560,133.16,133.24,133.16,133.2,134.24,132.19,,,,,,,,,,,,,,,,,,,,,,,,,,,,,,,,,,,,,,,,,,,,,,,,,,,,572,338.65
1786384620,133.2,133.275,133.2,133.25,134.24,132.19,,,,,,,,,,,,,,,,,,,,,,,,,,,,,,,,,,,,,,,,,,,,,,,,,,,,381,345.15
1786384680,133.31,133.31,133.28,133.28,134.24,132.19,,,,,,,,,,,,,,,,,,,,,,,,,,,,,,,,,,,,,,,,,,,,,,,,,,,,15,335.65
1786384740,133.26,133.26,133.23,133.23,134.24,132.19,,,,,,,,,,,,,,,,,,,,,,,,,,,,,,,,,,,,,,,,,,,,,,,,,,,,245,326.45
1786384800,133.24,133.25,133.17,133.17,134.24,132.19,,,,,,,,,,,,,,,,,,,,,,,,,,,,,,,,,,,,,,,,,,,,,,,,,,,,491,342.4
1786384860,133.16,133.17,133.15,133.15,134.24,132.19,,,,,,,,,,,,,,,,,,,,,,,,,,,,,,,,,,,,,,,,,,,,,,,,,,,,158,323
1786384920,133.14,133.17,133.14,133.17,134.24,132.19,,,,,,,,,,,,,,,,,,,,,,,,,,,,,,,,,,,,,,,,,,,,,,,,,,,,6,295.7
1786384980,133.17,133.17,133.08,133.08,134.24,132.19,,,,,,,,,,,,,,,,,,,,,,,,,,,,,,,,,,,,,,,,,,,,,,,,,,,,627,295.25
1786385100,133,133,132.93,132.93,134.24,132.19,,,,,,,,,,,,,,,,,,,,,,,,,,,,,,,,,,,,,,,,,,,,,,,,,,,,173,303.85
1786385160,132.97,132.97,132.97,132.97,134.24,132.19,,,,,,,,,,,,,,,,,,,,,,,,,,,,,,,,,,,,,,,,,,,,,,,,,,,,100,283.6
1786385220,132.97,133.02,132.97,132.97,134.24,132.19,,,,,,,,,,,,,,,,,,,,,,,,,,,,,,,,,,,,,,,,,,,,,,,,,,,,239,295.5
1786385280,132.99,132.99,132.92,132.92,134.24,132.19,,,,,,,,,,,,,,,,,,,,,,,,,,,,,,,,,,,,,,,,,,,,,,,,,,,,485,317.2
1786385340,132.9,132.9,132.9,132.9,134.24,132.19,,,,,,,,,,,,,,,,,,,,,,,,,,,,,,,,,,,,,,,,,,,,,,,,,,,,80,320.55
1786385400,132.89,132.9,132.87,132.88,134.24,132.19,,,,,,,,,,,,,,,,,,,,,,,,,,,,,,,,,,,,,,,,,,,,,,,,,,,,295,334
1786385460,132.885,132.885,132.85,132.865,134.24,132.19,,,,,,,,,,,,,,,,,,,,,,,,,,,,,,,,,,,,,,,,,,,,,,,,,,,,253,294.4
1786385520,132.85,132.85,132.8,132.8,134.24,132.19,,,,,,,,,,,,,,,,,,,,,,,,,,,,,,,,,,,,,,,,,,,,,,,,,,,,167,271.5
1786385580,132.82,132.82,132.82,132.82,134.24,132.19,,,,,,,,,,,,,,,,,,,,,,,,,,,,,,,,,,,,,,,,,,,,,,,,,,,,18,260.65
1786385640,132.83,132.83,132.79,132.79,134.24,132.19,,,,,,,,,,,,,,,,,,,,,,,,,,,,,,,,,,,,,,,,,,,,,,,,,,,,139,262.05
1786385700,132.75,132.76,132.72,132.75,134.24,132.19,,,,,,,,,,,,,,,,,,,,,,,,,,,,,,,,,,,,,,,,,,,,,,,,,,,,275,253.85
1786385760,132.75,132.75,132.75,132.75,134.24,132.19,,,,,,,,,,,,,,,,,,,,,,,,,,,,,,,,,,,,,,,,,,,,,,,,,,,,1,236
1786385820,132.775,132.86,132.76,132.845,134.24,132.19,,,,,,,,,,,,,,,,,,,,,,,,,,,,,,,,,,,,,,,,,,,,,,,,,,,,700,242.4
1786385880,132.82,132.87,132.78,132.81,134.24,132.19,,,,,,,,,,,,,,,,,,,,,,,,,,,,,,,,,,,,,,,,,,,,,,,,,,,,269,236.8
1786385940,132.82,132.84,132.82,132.84,134.24,132.19,,,,,,,,,,,,,,,,,,,,,,,,,,,,,,,,,,,,,,,,,,,,,,,,,,,,88,240.45
1786386000,132.82,132.82,132.63,132.63,134.24,132.19,,,,,,,,,,,,,,,,,,,,,,,,,,,,,,,,,,,,,,,,,,,,,,,,,,,,981,277.25
1786386060,132.63,132.73,132.63,132.73,134.24,132.19,,,,,,,,,,,,,,,,,,,,,,,,,,,,,,,,,,,,,,,,,,,,,,,,,,,,246,265
1786386120,132.725,132.73,132.71,132.71,134.24,132.19,,,,,,,,,,,,,,,,,,,,,,,,,,,,,,,,,,,,,,,,,,,,,,,,,,,,86,261.4
1786386180,132.71,132.76,132.66,132.76,134.24,132.19,,,,,,,,,,,,,,,,,,,,,,,,,,,,,,,,,,,,,,,,,,,,,,,,,,,,574,289.8
1786386240,132.785,132.785,132.76,132.76,134.24,132.19,,,,,,,,,,,,,,,,,,,,,,,,,,,,,,,,,,,,,,,,,,,,,,,,,,,,158,266.35
1786386300,132.82,132.82,132.8,132.81,134.24,132.19,,,,,,,,,,,,,,,,,,,,,,,,,,,,,,,,,,,,,,,,,,,,,,,,,,,,375,276.45
1786386360,132.8,132.89,132.8,132.88,134.24,132.19,,,,,,,,,,,,,,,,,,,,,,,,,,,,,,,,,,,,,,,,,,,,,,,,,,,,315,287.2
1786386420,132.88,132.89,132.88,132.89,134.24,132.19,,,,,,,,,,,,,,,,,,,,,,,,,,,,,,,,,,,,,,,,,,,,,,,,,,,,73,278.9
1786386480,132.87,132.88,132.85,132.87,134.24,132.19,,,,,,,,,,,,,,,,,,,,,,,,,,,,,,,,,,,,,,,,,,,,,,,,,,,,234,266.35
1786386540,132.875,132.875,132.83,132.83,134.24,132.19,,,,,,,,,,,,,,,,,,,,,,,,,,,,,,,,,,,,,,,,,,,,,,,,,,,,769,300.8
1786386600,132.83,132.83,132.76,132.77,134.24,132.19,,,,,,,,,,,,,,,,,,,,,,,,,,,,,,,,,,,,,,,,,,,,,,,,,,,,1268,349.45
1786386660,132.76,132.81,132.76,132.81,134.24,132.19,,,,,,,,,,,,,,,,,,,,,,,,,,,,,,,,,,,,,,,,,,,,,,,,,,,,277,350.65
1786386720,132.88,132.98,132.88,132.94,134.24,132.19,,,,,,,,,,,,,,,,,,,,,,,,,,,,,,,,,,,,,,,,,,,,,,,,,,,,562,370.4
1786386780,132.92,132.94,132.87,132.87,134.24,132.19,,,,,,,,,,,,,,,,,,,,,,,,,,,,,,,,,,,,,,,,,,,,,,,,,,,,198,379.4
1786386840,132.87,132.94,132.87,132.89,134.24,132.19,,,,,,,,,,,,,,,,,,,,,,,,,,,,,,,,,,,,,,,,,,,,,,,,,,,,320,388.45
1786386900,132.88,132.88,132.79,132.8,134.24,132.19,,,,,,,,,,,,,,,,,,,,,,,,,,,,,,,,,,,,,,,,,,,,,,,,,,,,436,396.5
1786387020,132.83,132.83,132.79,132.83,134.24,132.19,,,,,,,,,,,,,,,,,,,,,,,,,,,,,,,,,,,,,,,,,,,,,,,,,,,,331,413
1786387080,132.86,132.87,132.83,132.83,134.24,132.19,,,,,,,,,,,,,,,,,,,,,,,,,,,,,,,,,,,,,,,,,,,,,,,,,,,,204,388.2
1786387140,132.86,132.91,132.86,132.91,134.24,132.19,,,,,,,,,,,,,,,,,,,,,,,,,,,,,,,,,,,,,,,,,,,,,,,,,,,,169,383.2
1786387200,132.92,132.92,132.88,132.88,134.24,132.19,,,,,,,,,,,,,,,,,,,,,,,,,,,,,,,,,,,,,,,,,,,,,,,,,,,,397,398.65
1786387260,132.94,132.94,132.92,132.93,134.24,132.19,,,,,,,,,,,,,,,,,,,,,,,,,,,,,,,,,,,,,,,,,,,,,,,,,,,,197,359.45
1786387320,132.92,132.92,132.9,132.91,134.24,132.19,,,,,,,,,,,,,,,,,,,,,,,,,,,,,,,,,,,,,,,,,,,,,,,,,,,,194,356.85
1786387380,132.91,132.91,132.86,132.86,134.24,132.19,,,,,,,,,,,,,,,,,,,,,,,,,,,,,,,,,,,,,,,,,,,,,,,,,,,,309,368
1786387440,132.85,132.85,132.79,132.79,134.24,132.19,,,,,,,,,,,,,,,,,,,,,,,,,,,,,,,,,,,,,,,,,,,,,,,,,,,,549,366.75
1786387500,132.83,132.83,132.78,132.8,134.24,132.19,,,,,,,,,,,,,,,,,,,,,,,,,,,,,,,,,,,,,,,,,,,,,,,,,,,,267,372.2
1786387560,132.8,132.84,132.76,132.78,134.24,132.19,,,,,,,,,,,,,,,,,,,,,,,,,,,,,,,,,,,,,,,,,,,,,,,,,,,,760,391.45
1786387620,132.76,132.76,132.76,132.76,134.24,132.19,,,,,,,,,,,,,,,,,,,,,,,,,,,,,,,,,,,,,,,,,,,,,,,,,,,,10,376.2
1786387680,132.79,132.84,132.74,132.74,134.24,132.19,,,,,,,,,,,,,,,,,,,,,,,,,,,,,,,,,,,,,,,,,,,,,,,,,,,,706,407.85
1786387740,132.76,132.76,132.73,132.73,134.24,132.19,,,,,,,,,,,,,,,,,,,,,,,,,,,,,,,,,,,,,,,,,,,,,,,,,,,,457,419
1786387800,132.74,132.75,132.71,132.71,134.24,132.19,,,,,,,,,,,,,,,,,,,,,,,,,,,,,,,,,,,,,,,,,,,,,,,,,,,,881,424.6
1786387860,132.72,132.85,132.71,132.85,134.24,132.19,,,,,,,,,,,,,,,,,,,,,,,,,,,,,,,,,,,,,,,,,,,,,,,,,,,,1512,436.8
1786387920,132.86,132.87,132.82,132.82,134.24,132.19,,,,,,,,,,,,,,,,,,,,,,,,,,,,,,,,,,,,,,,,,,,,,,,,,,,,337,439.8
1786387980,132.845,132.87,132.84,132.87,134.24,132.19,,,,,,,,,,,,,,,,,,,,,,,,,,,,,,,,,,,,,,,,,,,,,,,,,,,,354,429.4
1786388040,132.86,132.86,132.78,132.78,134.24,132.19,,,,,,,,,,,,,,,,,,,,,,,,,,,,,,,,,,,,,,,,,,,,,,,,,,,,624,450.7
1786388100,132.76,132.77,132.76,132.76,134.24,132.19,,,,,,,,,,,,,,,,,,,,,,,,,,,,,,,,,,,,,,,,,,,,,,,,,,,,233,446.35
1786388160,132.76,132.78,132.76,132.76,134.24,132.19,,,,,,,,,,,,,,,,,,,,,,,,,,,,,,,,,,,,,,,,,,,,,,,,,,,,1135,481.3
1786388220,132.8,132.8,132.79,132.8,134.24,132.19,,,,,,,,,,,,,,,,,,,,,,,,,,,,,,,,,,,,,,,,,,,,,,,,,,,,780,503.75
1786388280,132.82,132.825,132.74,132.74,134.24,132.19,,,,,,,,,,,,,,,,,,,,,,,,,,,,,,,,,,,,,,,,,,,,,,,,,,,,1351,561.1
1786388340,132.74,132.74,132.7,132.71,134.24,132.19,,,,,,,,,,,,,,,,,,,,,,,,,,,,,,,,,,,,,,,,,,,,,,,,,,,,1081,606.7
1786388400,132.73,132.73,132.6,132.61,134.24,132.19,,,,,,,,,,,,,,,,,,,,,,,,,,,,,,,,,,,,,,,,,,,,,,,,,,,,1339,653.8
1786388460,132.64,132.67,132.64,132.67,134.24,132.19,,,,,,,,,,,,,,,,,,,,,,,,,,,,,,,,,,,,,,,,,,,,,,,,,,,,88,648.35
1786388520,132.67,132.67,132.61,132.61,134.24,132.19,,,,,,,,,,,,,,,,,,,,,,,,,,,,,,,,,,,,,,,,,,,,,,,,,,,,644,670.85
1786388580,132.62,132.62,132.57,132.57,134.24,132.19,,,,,,,,,,,,,,,,,,,,,,,,,,,,,,,,,,,,,,,,,,,,,,,,,,,,611,685.95
1786388640,132.58,132.7,132.57,132.7,134.24,132.19,,,,,,,,,,,,,,,,,,,,,,,,,,,,,,,,,,,,,,,,,,,,,,,,,,,,1610,739
1786388700,132.71,132.72,132.7,132.715,134.24,132.19,,,,,,,,,,,,,,,,,,,,,,,,,,,,,,,,,,,,,,,,,,,,,,,,,,,,163,733.8
1786388760,132.72,132.77,132.71,132.77,134.24,132.19,,,,,,,,,,,,,,,,,,,,,,,,,,,,,,,,,,,,,,,,,,,,,,,,,,,,370,714.3
1786388820,132.8,132.8,132.74,132.74,134.24,132.19,,,,,,,,,,,,,,,,,,,,,,,,,,,,,,,,,,,,,,,,,,,,,,,,,,,,1026,765.1
1786388880,132.76,132.79,132.73,132.79,134.24,132.19,,,,,,,,,,,,,,,,,,,,,,,,,,,,,,,,,,,,,,,,,,,,,,,,,,,,968,778.2
1786388940,132.86,132.86,132.84,132.84,134.24,132.19,,,,,,,,,,,,,,,,,,,,,,,,,,,,,,,,,,,,,,,,,,,,,,,,,,,,228,766.75
1786389000,132.84,132.84,132.64,132.7,134.24,132.19,,,,,,,,,,,,,,,,,,,,,,,,,,,,,,,,,,,,,,,,,,,,,,,,,,,,2834,864.4
1786389060,132.71,132.78,132.71,132.78,134.24,132.19,,,,,,,,,,,,,,,,,,,,,,,,,,,,,,,,,,,,,,,,,,,,,,,,,,,,633,820.45
1786389120,132.83,132.91,132.83,132.91,134.24,132.19,,,,,,,,,,,,,,,,,,,,,,,,,,,,,,,,,,,,,,,,,,,,,,,,,,,,596,833.4
1786389180,132.88,132.88,132.84,132.87,134.24,132.19,,,,,,,,,,,,,,,,,,,,,,,,,,,,,,,,,,,,,,,,,,,,,,,,,,,,558,843.6
1786389240,132.89,132.89,132.83,132.86,134.24,132.19,,,,,,,,,,,,,,,,,,,,,,,,,,,,,,,,,,,,,,,,,,,,,,,,,,,,474,836.1
1786389300,132.94,132.94,132.88,132.9,134.24,132.19,,,,,,,,,,,,,,,,,,,,,,,,,,,,,,,,,,,,,,,,,,,,,,,,,,,,811,865
1786389360,132.88,132.88,132.83,132.865,134.24,132.19,,,,,,,,,,,,,,,,,,,,,,,,,,,,,,,,,,,,,,,,,,,,,,,,,,,,601,838.3
1786389420,132.88,132.88,132.8,132.81,134.24,132.19,,,,,,,,,,,,,,,,,,,,,,,,,,,,,,,,,,,,,,,,,,,,,,,,,,,,1043,851.45
1786389480,132.8,132.88,132.79,132.86,134.24,132.19,,,,,,,,,,,,,,,,,,,,,,,,,,,,,,,,,,,,,,,,,,,,,,,,,,,,1949,881.35
1786389540,132.84,132.91,132.84,132.89,134.24,132.19,,,,,,,,,,,,,,,,,,,,,,,,,,,,,,,,,,,,,,,,,,,,,,,,,,,,157,835.15
1786389600,132.88,132.89,132.88,132.89,134.24,132.19,,,,,,,,,,,,,,,,,,,,,,,,,,,,,,,,,,,,,,,,,,,,,,,,,,,,403,788.35
1786389660,132.93,132.95,132.91,132.92,134.24,132.19,,,,,,,,,,,,,,,,,,,,,,,,,,,,,,,,,,,,,,,,,,,,,,,,,,,,620,814.95
1786389720,132.945,132.945,132.89,132.89,134.24,132.19,,,,,,,,,,,,,,,,,,,,,,,,,,,,,,,,,,,,,,,,,,,,,,,,,,,,917,828.6
1786389780,132.9,132.94,132.87,132.9,134.24,132.19,,,,,,,,,,,,,,,,,,,,,,,,,,,,,,,,,,,,,,,,,,,,,,,,,,,,1577,876.9
1786389840,132.9,132.93,132.88,132.93,134.24,132.19,,,,,,,,,,,,,,,,,,,,,,,,,,,,,,,,,,,,,,,,,,,,,,,,,,,,1313,862.05
1786389900,132.91,132.97,132.91,132.96,134.24,132.19,,,,,,,,,,,,,,,,,,,,,,,,,,,,,,,,,,,,,,,,,,,,,,,,,,,,643,886.05
1786389960,132.95,132.955,132.91,132.91,134.24,132.19,,,,,,,,,,,,,,,,,,,,,,,,,,,,,,,,,,,,,,,,,,,,,,,,,,,,1011,918.1
1786390020,132.9,132.94,132.9,132.92,134.24,132.19,,,,,,,,,,,,,,,,,,,,,,,,,,,,,,,,,,,,,,,,,,,,,,,,,,,,461,889.85
1786390080,132.92,132.92,132.84,132.84,134.24,132.19,,,,,,,,,,,,,,,,,,,,,,,,,,,,,,,,,,,,,,,,,,,,,,,,,,,,443,863.6
1786390140,132.84,132.84,132.64,132.64,134.24,132.19,,,,,,,,,,,,,,,,,,,,,,,,,,,,,,,,,,,,,,,,,,,,,,,,,,,,1444,924.4
1786390200,132.61,132.71,132.6,132.6,134.24,132.19,,,,,,,,,,,,,,,,,,,,,,,,,,,,,,,,,,,,,,,,,,,,,,,,,,,,5339,1049.65
1786390260,132.62,132.73,132.62,132.73,134.24,132.19,,,,,,,,,,,,,,,,,,,,,,,,,,,,,,,,,,,,,,,,,,,,,,,,,,,,2909,1163.45
1786390320,132.73,132.74,132.67,132.67,134.24,132.19,,,,,,,,,,,,,,,,,,,,,,,,,,,,,,,,,,,,,,,,,,,,,,,,,,,,1874,1227.35
1786390380,132.67,132.68,132.53,132.67,134.24,132.19,,,,,,,,,,,,,,,,,,,,,,,,,,,,,,,,,,,,,,,,,,,,,,,,,,,,2352,1317.05
1786390440,132.62,132.63,132.49,132.52,134.24,132.19,,,,,,,,,,,,,,,,,,,,,,,,,,,,,,,,,,,,,,,,,,,,,,,,,,,,1036,1345.15
1786390500,132.53,132.66,132.53,132.63,134.24,132.19,,,,,,,,,,,,,,,,,,,,,,,,,,,,,,,,,,,,,,,,,,,,,,,,,,,,2048,1407
1786390560,132.62,132.67,132.61,132.64,134.24,132.19,,,,,,,,,,,,,,,,,,,,,,,,,,,,,,,,,,,,,,,,,,,,,,,,,,,,2285,1491.2
1786390620,132.66,132.71,132.66,132.68,134.24,132.19,,,,,,,,,,,,,,,,,,,,,,,,,,,,,,,,,,,,,,,,,,,,,,,,,,,,1327,1505.4
1786390680,132.69,132.77,132.68,132.76,134.24,132.19,,,,,,,,,,,,,,,,,,,,,,,,,,,,,,,,,,,,,,,,,,,,,,,,,,,,2730,1544.45
1786390740,132.74,132.76,132.71,132.73,134.24,132.19,,,,,,,,,,,,,,,,,,,,,,,,,,,,,,,,,,,,,,,,,,,,,,,,,,,,2966,1684.9
1786390800,132.72,132.75,132.71,132.75,134.24,132.19,,,,,,,,,,,,,,,,,,,,,,,,,,,,,,,,,,,,,,,,,,,,,,,,,,,,2540,1791.75
1786390860,132.75,132.75,132.62,132.66,134.24,132.19,,,,,,,,,,,,,,,,,,,,,,,,,,,,,,,,,,,,,,,,,,,,,,,,,,,,2658,1893.65
1786390920,132.64,132.79,132.6,132.76,134.24,132.19,,,,,,,,,,,,,,,,,,,,,,,,,,,,,,,,,,,,,,,,,,,,,,,,,,,,3159,2005.75
1786390980,132.76,132.81,132.76,132.77,134.24,132.19,,,,,,,,,,,,,,,,,,,,,,,,,,,,,,,,,,,,,,,,,,,,,,,,,,,,600,1956.9
1786391040,132.76,132.76,132.69,132.715,134.24,132.19,,,,,,,,,,,,,,,,,,,,,,,,,,,,,,,,,,,,,,,,,,,,,,,,,,,,1905,1986.5
1786391100,132.71,132.82,132.71,132.76,134.24,132.19,,,,,,,,,,,,,,,,,,,,,,,,,,,,,,,,,,,,,,,,,,,,,,,,,,,,3022,2105.45
1786391160,132.76,132.83,132.76,132.78,134.24,132.19,,,,,,,,,,,,,,,,,,,,,,,,,,,,,,,,,,,,,,,,,,,,,,,,,,,,1820,2145.9
1786391220,132.81,132.87,132.71,132.71,134.24,132.19,,,,,,,,,,,,,,,,,,,,,,,,,,,,,,,,,,,,,,,,,,,,,,,,,,,,3312,2288.45
1786391280,132.7,132.855,132.7,132.755,134.24,132.19,,,,,,,,,,,,,,,,,,,,,,,,,,,,,,,,,,,,,,,,,,,,,,,,,,,,2794,2406
1786391340,132.74,132.77,132.61,132.72,134.24,132.19,,,,,,,,,,,,,,,,,,,,,,,,,,,,,,,,,,,,,,,,,,,,,,,,,,,,9708,2819.2
1786391400,132.66,132.73,132.61,132.66,134.24,132.19,,,,,,,,,,,,,,,,,,,,,,,,,,,,,,,,,,,,,,,,,,,,,,,,,,,,5195,2812
1786391460,132.65,132.69,132.62,132.68,134.24,132.19,,,,,,,,,,,,,,,,,,,,,,,,,,,,,,,,,,,,,,,,,,,,,,,,,,,,3048,2818.95
1786391520,132.69,132.7,132.6,132.63,134.24,132.19,,,,,,,,,,,,,,,,,,,,,,,,,,,,,,,,,,,,,,,,,,,,,,,,,,,,3867,2918.6
1786391580,132.61,132.64,132.52,132.57,134.24,132.19,,,,,,,,,,,,,,,,,,,,,,,,,,,,,,,,,,,,,,,,,,,,,,,,,,,,9030,3252.5
1786391640,132.59,132.76,132.55,132.71,134.24,132.19,,,,,,,,,,,,,,,,,,,,,,,,,,,,,,,,,,,,,,,,,,,,,,,,,,,,18838,4142.6
1786391700,132.73,132.8,132.67,132.67,134.24,132.19,,,,,,,,,,,,,,,,,,,,,,,,,,,,,,,,,,,,,,,,,,,,,,,,,,,,5502,4315.3
1786391760,132.67,132.88,132.66,132.85,134.24,132.19,,,,,,,,,,,,,,,,,,,,,,,,,,,,,,,,,,,,,,,,,,,,,,,,,,,,6441,4523.1
1786391820,132.86,133,132.8,132.945,134.24,132.19,,,,,,,,,,,,,,,,,,,,,,,,,,,,,,,,,,,,,,,,,,,,,,,,,,,,8275,4870.5
1786391880,132.96,133.01,132.86,132.99,134.24,132.19,,,,,,,,,,,,,,,,,,,,,,,,,,,,,,,,,,,,,,,,,,,,,,,,,,,,13163,5392.15
1786391940,133,133.11,132.95,133.08,134.24,132.19,,,,,,,,,,,,,,,,,,,,,,,,,,,,,,,,,,,,,,,,,,,,,,,,,,,,12791,5883.4
1786455000,131.95,132.765,131.95,132.67,132.765,131.95,,,,,,,,,,,,,,,,,,,,,,,,,,,,,,,,,,,,,,,,,,,,,,,,,,,,176,5765.2
1786455060,132.78,133.14,132.44,132.89,133.14,131.95,,,,,,,,,,,,,,,,,,,,,,,,,,,,,,,,,,,,,,,,,,,,,,,,,,,,1897,5727.15
1786455120,133.2,133.6,133.2,133.59,133.6,131.95,,,,,,,,,,,,,,,,,,,,,,,,,,,,,,,,,,,,,,,,,,,,,,,,,,,,699,5604.15
1786455180,133.87,133.87,133.65,133.7,133.87,131.95,,,,,,,,,,,,,,,,,,,,,,,,,,,,,,,,,,,,,,,,,,,,,,,,,,,,829,5615.6
1786455240,133.9,134.31,133.86,134.28,134.31,131.95,,,,,,,,,,,,,,,,,,,,,,,,,,,,,,,,,,,,,,,,,,,,,,,,,,,,4828,5761.75
1786455300,134.33,134.75,134.28,134.685,134.75,131.95,,,,,,,,,,,,,,,,,,,,,,,,,,,,,,,,,,,,,,,,,,,,,,,,,,,,1447,5683
1786455360,134.85,135.2,134.81,135.14,135.2,131.95,,,,,,,,,,,,,,,,,,,,,,,,,,,,,,,,,,,,,,,,,,,,,,,,,,,,4139,5798.95
1786455420,135.03,135.12,135.03,135.12,135.2,131.95,,,,,,,,,,,,,,,,,,,,,,,,,,,,,,,,,,,,,,,,,,,,,,,,,,,,381,5652.4
1786455480,135.09,135.3,135.09,135.18,135.3,131.95,,,,,,,,,,,,,,,,,,,,,,,,,,,,,,,,,,,,,,,,,,,,,,,,,,,,1753,5600.35
1786455540,135.26,135.63,135.24,135.63,135.63,131.95,,,,,,,,,,,,,,,,,,,,,,,,,,,,,,,,,,,,,,,,,,,,,,,,,,,,3835,5306.7
1786455600,135.35,135.36,135.18,135.36,135.63,131.95,,,,,,,,,,,,,,,,,,,,,,,,,,,,,,,,,,,,,,,,,,,,,,,,,,,,205,5057.2
1786455660,135.19,135.36,135.15,135.27,135.63,131.95,,,,,,,,,,,,,,,,,,,,,,,,,,,,,,,,,,,,,,,,,,,,,,,,,,,,1211,4965.35
1786455720,135.33,135.33,135.11,135.11,135.63,131.95,,,,,,,,,,,,,,,,,,,,,,,,,,,,,,,,,,,,,,,,,,,,,,,,,,,,210,4782.5
1786455780,135.09,135.23,134.94,135.08,135.63,131.95,,,,,,,,,,,,,,,,,,,,,,,,,,,,,,,,,,,,,,,,,,,,,,,,,,,,1430,4402.5
1786455840,135.01,135.09,134.91,134.91,135.63,131.95,,,,,,,,,,,,,,,,,,,,,,,,,,,,,,,,,,,,,,,,,,,,,,,,,,,,698,3495.5
1786455900,134.97,135,134.82,134.85,135.63,131.95,,,,,,,,,,,,,,,,,,,,,,,,,,,,,,,,,,,,,,,,,,,,,,,,,,,,767,3258.75
1786455960,134.85,135.22,134.85,135.06,135.63,131.95,,,,,,,,,,,,,,,,,,,,,,,,,,,,,,,,,,,,,,,,,,,,,,,,,,,,1785,3025.95
1786456020,134.96,135.08,134.91,134.95,135.63,131.95,,,,,,,,,,,,,,,,,,,,,,,,,,,,,,,,,,,,,,,,,,,,,,,,,,,,317,2628.05
1786456080,134.79,134.82,134.63,134.74,135.63,131.95,,,,,,,,,,,,,,,,,,,,,,,,,,,,,,,,,,,,,,,,,,,,,,,,,,,,418,1990.8
1786456140,134.98,135.11,134.98,135.08,135.63,131.95,,,,,,,,,,,,,,,,,,,,,,,,,,,,,,,,,,,,,,,,,,,,,,,,,,,,389,1370.7
1786456200,135.12,135.16,135,135.04,135.63,131.95,,,,,,,,,,,,,,,,,,,,,,,,,,,,,,,,,,,,,,,,,,,,,,,,,,,,779,1400.85
1786456260,135.19,135.27,135.18,135.27,135.63,131.95,,,,,,,,,,,,,,,,,,,,,,,,,,,,,,,,,,,,,,,,,,,,,,,,,,,,757,1343.85
1786456320,135.36,135.36,135.19,135.33,135.63,131.95,,,,,,,,,,,,,,,,,,,,,,,,,,,,,,,,,,,,,,,,,,,,,,,,,,,,654,1341.6
1786456380,135.28,135.32,135.21,135.26,135.63,131.95,,,,,,,,,,,,,,,,,,,,,,,,,,,,,,,,,,,,,,,,,,,,,,,,,,,,309,1315.6
1786456440,135.31,135.63,135.31,135.48,135.63,131.95,,,,,,,,,,,,,,,,,,,,,,,,,,,,,,,,,,,,,,,,,,,,,,,,,,,,2489,1198.65
1786456500,135.48,135.48,135.19,135.19,135.63,131.95,,,,,,,,,,,,,,,,,,,,,,,,,,,,,,,,,,,,,,,,,,,,,,,,,,,,1571,1204.85
1786456560,135.28,135.32,135.11,135.11,135.63,131.95,,,,,,,,,,,,,,,,,,,,,,,,,,,,,,,,,,,,,,,,,,,,,,,,,,,,593,1027.55
1786456620,134.92,135.02,134.92,134.965,135.63,131.95,,,,,,,,,,,,,,,,,,,,,,,,,,,,,,,,,,,,,,,,,,,,,,,,,,,,102,1013.6
1786456680,135.05,135.09,134.93,134.99,135.63,131.95,,,,,,,,,,,,,,,,,,,,,,,,,,,,,,,,,,,,,,,,,,,,,,,,,,,,122,932.05
1786456740,134.98,135.04,134.83,135.04,135.63,131.95,,,,,,,,,,,,,,,,,,,,,,,,,,,,,,,,,,,,,,,,,,,,,,,,,,,,458,763.2
1786456800,135.14,135.34,135.13,135.34,135.63,131.95,,,,,,,,,,,,,,,,,,,,,,,,,,,,,,,,,,,,,,,,,,,,,,,,,,,,1077,806.8
1786456860,135.3,135.42,135.16,135.16,135.63,131.95,,,,,,,,,,,,,,,,,,,,,,,,,,,,,,,,,,,,,,,,,,,,,,,,,,,,1673,829.9
1786456920,135.02,135.05,134.95,135.01,135.63,131.95,,,,,,,,,,,,,,,,,,,,,,,,,,,,,,,,,,,,,,,,,,,,,,,,,,,,474,843.1
1786456980,134.97,134.97,134.73,134.79,135.63,131.95,,,,,,,,,,,,,,,,,,,,,,,,,,,,,,,,,,,,,,,,,,,,,,,,,,,,346,788.9
1786457040,134.83,134.86,134.73,134.73,135.63,131.95,,,,,,,,,,,,,,,,,,,,,,,,,,,,,,,,,,,,,,,,,,,,,,,,,,,,49,756.45
1786457100,134.73,134.75,134.68,134.75,135.63,131.95,,,,,,,,,,,,,,,,,,,,,,,,,,,,,,,,,,,,,,,,,,,,,,,,,,,,221,729.15
1786457160,134.68,134.68,134.4,134.4,135.63,131.95,,,,,,,,,,,,,,,,,,,,,,,,,,,,,,,,,,,,,,,,,,,,,,,,,,,,495,664.65
1786457220,134.44,134.47,134.32,134.34,135.63,131.95,,,,,,,,,,,,,,,,,,,,,,,,,,,,,,,,,,,,,,,,,,,,,,,,,,,,1224,710
1786457280,134.31,134.33,134.26,134.31,135.63,131.95,,,,,,,,,,,,,,,,,,,,,,,,,,,,,,,,,,,,,,,,,,,,,,,,,,,,860,732.1
1786457340,134.24,134.39,134.19,134.29,135.63,131.95,,,,,,,,,,,,,,,,,,,,,,,,,,,,,,,,,,,,,,,,,,,,,,,,,,,,323,728.8
1786457460,134.12,134.36,134.065,134.32,135.63,131.95,,,,,,,,,,,,,,,,,,,,,,,,,,,,,,,,,,,,,,,,,,,,,,,,,,,,1318,755.75
1786457520,134.25,134.25,134.23,134.23,135.63,131.95,,,,,,,,,,,,,,,,,,,,,,,,,,,,,,,,,,,,,,,,,,,,,,,,,,,,101,722.95
1786457580,134.15,134.15,134.07,134.07,135.63,131.95,,,,,,,,,,,,,,,,,,,,,,,,,,,,,,,,,,,,,,,,,,,,,,,,,,,,314,705.95
1786457640,134.08,134.55,134.08,134.55,135.63,131.95,,,,,,,,,,,,,,,,,,,,,,,,,,,,,,,,,,,,,,,,,,,,,,,,,,,,333,707.15
1786457700,134.58,134.82,134.55,134.74,135.63,131.95,,,,,,,,,,,,,,,,,,,,,,,,,,,,,,,,,,,,,,,,,,,,,,,,,,,,128,589.1
1786457760,134.68,134.68,134.3,134.37,135.63,131.95,,,,,,,,,,,,,,,,,,,,,,,,,,,,,,,,,,,,,,,,,,,,,,,,,,,,1387,579.9
1786457820,134.52,134.52,134.52,134.52,135.63,131.95,,,,,,,,,,,,,,,,,,,,,,,,,,,,,,,,,,,,,,,,,,,,,,,,,,,,10,550.75
1786457880,134.49,134.62,134.38,134.48,135.63,131.95,,,,,,,,,,,,,,,,,,,,,,,,,,,,,,,,,,,,,,,,,,,,,,,,,,,,603,575.8
1786457940,134.6,134.6,134.6,134.6,135.63,131.95,,,,,,,,,,,,,,,,,,,,,,,,,,,,,,,,,,,,,,,,,,,,,,,,,,,,252,582.3
1786458000,134.61,134.735,134.57,134.65,135.63,131.95,,,,,,,,,,,,,,,,,,,,,,,,,,,,,,,,,,,,,,,,,,,,,,,,,,,,535,586.15
1786458060,134.7,134.8,134.65,134.65,135.63,131.95,,,,,,,,,,,,,,,,,,,,,,,,,,,,,,,,,,,,,,,,,,,,,,,,,,,,1368,600.7
1786458120,134.62,134.68,134.58,134.68,135.63,131.95,,,,,,,,,,,,,,,,,,,,,,,,,,,,,,,,,,,,,,,,,,,,,,,,,,,,376,535.85
1786458180,134.79,134.87,134.66,134.66,135.63,131.95,,,,,,,,,,,,,,,,,,,,,,,,,,,,,,,,,,,,,,,,,,,,,,,,,,,,1083,566.3
1786458240,134.63,134.75,134.63,134.74,135.63,131.95,,,,,,,,,,,,,,,,,,,,,,,,,,,,,,,,,,,,,,,,,,,,,,,,,,,,469,572.45
1786458300,134.75,134.75,134.55,134.55,135.63,131.95,,,,,,,,,,,,,,,,,,,,,,,,,,,,,,,,,,,,,,,,,,,,,,,,,,,,501,595.05
1786458360,134.54,134.605,134.52,134.52,135.63,131.95,,,,,,,,,,,,,,,,,,,,,,,,,,,,,,,,,,,,,,,,,,,,,,,,,,,,343,601.15
1786458420,134.54,134.54,134.48,134.48,135.63,131.95,,,,,,,,,,,,,,,,,,,,,,,,,,,,,,,,,,,,,,,,,,,,,,,,,,,,67,579.75
1786458480,134.54,134.56,134.41,134.41,135.63,131.95,,,,,,,,,,,,,,,,,,,,,,,,,,,,,,,,,,,,,,,,,,,,,,,,,,,,67,521.9
1786458540,134.48,134.55,134.39,134.54,135.63,131.95,,,,,,,,,,,,,,,,,,,,,,,,,,,,,,,,,,,,,,,,,,,,,,,,,,,,952,526.5
1786458600,134.49,134.61,134.49,134.59,135.63,131.95,,,,,,,,,,,,,,,,,,,,,,,,,,,,,,,,,,,,,,,,,,,,,,,,,,,,285,524.6
1786458660,134.69,134.815,134.68,134.78,135.63,131.95,,,,,,,,,,,,,,,,,,,,,,,,,,,,,,,,,,,,,,,,,,,,,,,,,,,,526,485
1786458720,134.78,134.79,134.65,134.75,135.63,131.95,,,,,,,,,,,,,,,,,,,,,,,,,,,,,,,,,,,,,,,,,,,,,,,,,,,,515,505.7
1786458780,134.75,134.75,134.57,134.57,135.63,131.95,,,,,,,,,,,,,,,,,,,,,,,,,,,,,,,,,,,,,,,,,,,,,,,,,,,,41,492.05
1786458900,134.6,134.63,134.6,134.62,135.63,131.95,,,,,,,,,,,,,,,,,,,,,,,,,,,,,,,,,,,,,,,,,,,,,,,,,,,,186,484.7
1786458960,134.58,134.58,134.47,134.47,135.63,131.95,,,,,,,,,,,,,,,,,,,,,,,,,,,,,,,,,,,,,,,,,,,,,,,,,,,,241,490.35
1786459020,134.49,134.61,134.49,134.61,135.63,131.95,,,,,,,,,,,,,,,,,,,,,,,,,,,,,,,,,,,,,,,,,,,,,,,,,,,,231,432.55
1786459080,134.63,134.66,134.58,134.66,135.63,131.95,,,,,,,,,,,,,,,,,,,,,,,,,,,,,,,,,,,,,,,,,,,,,,,,,,,,245,444.3
1786459140,134.61,134.7,134.61,134.62,135.63,131.95,,,,,,,,,,,,,,,,,,,,,,,,,,,,,,,,,,,,,,,,,,,,,,,,,,,,1144,471.35
1786459200,134.6,134.73,134.56,134.73,135.63,131.95,,,,,,,,,,,,,,,,,,,,,,,,,,,,,,,,,,,,,,,,,,,,,,,,,,,,487,483.1
1786459260,134.66,134.76,134.61,134.75,135.63,131.95,,,,,,,,,,,,,,,,,,,,,,,,,,,,,,,,,,,,,,,,,,,,,,,,,,,,507,481.7
1786459320,134.71,134.77,134.67,134.73,135.63,131.95,,,,,,,,,,,,,,,,,,,,,,,,,,,,,,,,,,,,,,,,,,,,,,,,,,,,226,424.6
1786459380,134.78,134.9,134.77,134.86,135.63,131.95,,,,,,,,,,,,,,,,,,,,,,,,,,,,,,,,,,,,,,,,,,,,,,,,,,,,1055,458.55
1786459440,134.95,135.03,134.92,134.99,135.63,131.95,,,,,,,,,,,,,,,,,,,,,,,,,,,,,,,,,,,,,,,,,,,,,,,,,,,,2463,527.55
1786459500,135.01,135.06,135,135.06,135.63,131.95,,,,,,,,,,,,,,,,,,,,,,,,,,,,,,,,,,,,,,,,,,,,,,,,,,,,29,505.55
1786459560,135.08,135.09,135.08,135.09,135.63,131.95,,,,,,,,,,,,,,,,,,,,,,,,,,,,,,,,,,,,,,,,,,,,,,,,,,,,382,499.6
1786459620,135.06,135.25,135.06,135.25,135.63,131.95,,,,,,,,,,,,,,,,,,,,,,,,,,,,,,,,,,,,,,,,,,,,,,,,,,,,780,521.45
1786459680,135.295,135.45,135.295,135.37,135.63,131.95,,,,,,,,,,,,,,,,,,,,,,,,,,,,,,,,,,,,,,,,,,,,,,,,,,,,331,534.65
1786459740,135.405,135.405,135.3,135.3,135.63,131.95,,,,,,,,,,,,,,,,,,,,,,,,,,,,,,,,,,,,,,,,,,,,,,,,,,,,112,536.9
1786459800,135.36,135.37,135.32,135.37,135.63,131.95,,,,,,,,,,,,,,,,,,,,,,,,,,,,,,,,,,,,,,,,,,,,,,,,,,,,295,504.05
1786459860,135.32,135.32,135.3,135.3,135.63,131.95,,,,,,,,,,,,,,,,,,,,,,,,,,,,,,,,,,,,,,,,,,,,,,,,,,,,353,507.45
1786459920,135.4,135.47,135.4,135.47,135.63,131.95,,,,,,,,,,,,,,,,,,,,,,,,,,,,,,,,,,,,,,,,,,,,,,,,,,,,38,483.05
1786459980,135.48,135.49,135.19,135.19,135.63,131.95,,,,,,,,,,,,,,,,,,,,,,,,,,,,,,,,,,,,,,,,,,,,,,,,,,,,3324,623.5
1786460100,135.3,135.37,135.25,135.25,135.63,131.95,,,,,,,,,,,,,,,,,,,,,,,,,,,,,,,,,,,,,,,,,,,,,,,,,,,,113,627.1
1786460160,135.23,135.23,135.17,135.2,135.63,131.95,,,,,,,,,,,,,,,,,,,,,,,,,,,,,,,,,,,,,,,,,,,,,,,,,,,,207,628.15
1786460220,135.265,135.34,135.265,135.34,135.63,131.95,,,,,,,,,,,,,,,,,,,,,,,,,,,,,,,,,,,,,,,,,,,,,,,,,,,,105,621.35
1786460280,135.27,135.29,135.27,135.29,135.63,131.95,,,,,,,,,,,,,,,,,,,,,,,,,,,,,,,,,,,,,,,,,,,,,,,,,,,,65,613.05
1786460340,135.26,135.26,135.02,135.02,135.63,131.95,,,,,,,,,,,,,,,,,,,,,,,,,,,,,,,,,,,,,,,,,,,,,,,,,,,,540,627.8
1786460400,135.02,135.07,135.01,135.07,135.63,131.95,,,,,,,,,,,,,,,,,,,,,,,,,,,,,,,,,,,,,,,,,,,,,,,,,,,,378,589.5
1786460460,135.06,135.17,135.05,135.05,135.63,131.95,,,,,,,,,,,,,,,,,,,,,,,,,,,,,,,,,,,,,,,,,,,,,,,,,,,,503,590.3
1786460520,135.05,135.06,134.9,134.9,135.63,131.95,,,,,,,,,,,,,,,,,,,,,,,,,,,,,,,,,,,,,,,,,,,,,,,,,,,,747,602.3
1786460580,134.84,134.99,134.81,134.96,135.63,131.95,,,,,,,,,,,,,,,,,,,,,,,,,,,,,,,,,,,,,,,,,,,,,,,,,,,,626,622.3
1786460640,135.02,135.11,135.02,135.1,135.63,131.95,,,,,,,,,,,,,,,,,,,,,,,,,,,,,,,,,,,,,,,,,,,,,,,,,,,,245,581.8
1786460700,135.2,135.235,135.2,135.235,135.63,131.95,,,,,,,,,,,,,,,,,,,,,,,,,,,,,,,,,,,,,,,,,,,,,,,,,,,,260,471.65
1786460760,135.16,135.16,135.04,135.05,135.63,131.95,,,,,,,,,,,,,,,,,,,,,,,,,,,,,,,,,,,,,,,,,,,,,,,,,,,,854,512.9
1786460820,135.01,135.04,135.01,135.04,135.63,131.95,,,,,,,,,,,,,,,,,,,,,,,,,,,,,,,,,,,,,,,,,,,,,,,,,,,,4,494
1786460880,135.04,135.1,134.99,134.99,135.63,131.95,,,,,,,,,,,,,,,,,,,,,,,,,,,,,,,,,,,,,,,,,,,,,,,,,,,,344,472.2
1786460940,135.05,135.07,135.05,135.07,135.63,131.95,,,,,,,,,,,,,,,,,,,,,,,,,,,,,,,,,,,,,,,,,,,,,,,,,,,,9,456.1
1786461000,135.06,135.09,135.03,135.09,135.63,131.95,,,,,,,,,,,,,,,,,,,,,,,,,,,,,,,,,,,,,,,,,,,,,,,,,,,,69,453.95
1786461060,135.09,135.09,135.09,135.09,135.63,131.95,,,,,,,,,,,,,,,,,,,,,,,,,,,,,,,,,,,,,,,,,,,,,,,,,,,,50,441.7
1786461120,134.97,134.97,134.78,134.78,135.63,131.95,,,,,,,,,,,,,,,,,,,,,,,,,,,,,,,,,,,,,,,,,,,,,,,,,,,,449,446.5
1786461180,134.8,134.81,134.76,134.81,135.63,131.95,,,,,,,,,,,,,,,,,,,,,,,,,,,,,,,,,,,,,,,,,,,,,,,,,,,,353,462.25
1786461240,134.75,134.8,134.75,134.8,135.63,131.95,,,,,,,,,,,,,,,,,,,,,,,,,,,,,,,,,,,,,,,,,,,,,,,,,,,,126,302.35
1786461300,134.85,134.95,134.85,134.92,135.63,131.95,,,,,,,,,,,,,,,,,,,,,,,,,,,,,,,,,,,,,,,,,,,,,,,,,,,,542,323.8
1786461360,134.92,134.92,134.92,134.92,135.63,131.95,,,,,,,,,,,,,,,,,,,,,,,,,,,,,,,,,,,,,,,,,,,,,,,,,,,,67,316.8
1786461420,134.92,134.93,134.76,134.76,135.63,131.95,,,,,,,,,,,,,,,,,,,,,,,,,,,,,,,,,,,,,,,,,,,,,,,,,,,,483,335.7
1786461480,134.78,134.8,134.72,134.72,135.63,131.95,,,,,,,,,,,,,,,,,,,,,,,,,,,,,,,,,,,,,,,,,,,,,,,,,,,,692,367.05
1786461540,134.69,134.78,134.69,134.78,135.63,131.95,,,,,,,,,,,,,,,,,,,,,,,,,,,,,,,,,,,,,,,,,,,,,,,,,,,,232,351.65
1786461600,134.8,134.81,134.66,134.8,135.63,131.95,,,,,,,,,,,,,,,,,,,,,,,,,,,,,,,,,,,,,,,,,,,,,,,,,,,,1607,413.1
1786461660,134.81,134.94,134.8,134.8,135.63,131.95,,,,,,,,,,,,,,,,,,,,,,,,,,,,,,,,,,,,,,,,,,,,,,,,,,,,345,405.2
1786461720,134.8,134.8,134.8,134.8,135.63,131.95,,,,,,,,,,,,,,,,,,,,,,,,,,,,,,,,,,,,,,,,,,,,,,,,,,,,1,367.9
1786461780,134.75,134.75,134.71,134.74,135.63,131.95,,,,,,,,,,,,,,,,,,,,,,,,,,,,,,,,,,,,,,,,,,,,,,,,,,,,303,351.75
1786461840,134.71,134.71,134.61,134.61,135.63,131.95,,,,,,,,,,,,,,,,,,,,,,,,,,,,,,,,,,,,,,,,,,,,,,,,,,,,251,352.05
1786461900,134.58,134.59,134.54,134.54,135.63,131.95,,,,,,,,,,,,,,,,,,,,,,,,,,,,,,,,,,,,,,,,,,,,,,,,,,,,616,369.85
1786461960,134.56,134.58,134.43,134.43,135.63,131.95,,,,,,,,,,,,,,,,,,,,,,,,,,,,,,,,,,,,,,,,,,,,,,,,,,,,1181,386.2
1786462020,134.43,134.43,134.38,134.385,135.63,131.95,,,,,,,,,,,,,,,,,,,,,,,,,,,,,,,,,,,,,,,,,,,,,,,,,,,,206,396.3
1786462080,134.375,134.41,134.37,134.41,135.63,131.95,,,,,,,,,,,,,,,,,,,,,,,,,,,,,,,,,,,,,,,,,,,,,,,,,,,,729,415.55
1786462140,134.43,134.485,134.43,134.43,135.63,131.95,,,,,,,,,,,,,,,,,,,,,,,,,,,,,,,,,,,,,,,,,,,,,,,,,,,,118,421
1786462200,134.4,134.4,134.3,134.3,135.63,131.95,,,,,,,,,,,,,,,,,,,,,,,,,,,,,,,,,,,,,,,,,,,,,,,,,,,,551,445.1
1786462260,134.32,134.32,134.29,134.29,135.63,131.95,,,,,,,,,,,,,,,,,,,,,,,,,,,,,,,,,,,,,,,,,,,,,,,,,,,,201,452.65
1786462320,134.32,134.38,134.25,134.37,135.63,131.95,,,,,,,,,,,,,,,,,,,,,,,,,,,,,,,,,,,,,,,,,,,,,,,,,,,,120,436.2
1786462380,134.38,134.55,134.38,134.545,135.63,131.95,,,,,,,,,,,,,,,,,,,,,,,,,,,,,,,,,,,,,,,,,,,,,,,,,,,,353,436.2
1786462440,134.55,134.55,134.44,134.44,135.63,131.95,,,,,,,,,,,,,,,,,,,,,,,,,,,,,,,,,,,,,,,,,,,,,,,,,,,,947,477.25
1786462500,134.45,134.54,134.41,134.54,135.63,131.95,,,,,,,,,,,,,,,,,,,,,,,,,,,,,,,,,,,,,,,,,,,,,,,,,,,,700,485.15
1786462560,134.525,134.61,134.525,134.55,135.63,131.95,,,,,,,,,,,,,,,,,,,,,,,,,,,,,,,,,,,,,,,,,,,,,,,,,,,,164,490
1786462620,134.61,134.61,134.52,134.52,135.63,131.95,,,,,,,,,,,,,,,,,,,,,,,,,,,,,,,,,,,,,,,,,,,,,,,,,,,,38,467.75
1786462680,134.5,134.5,134.4,134.43,135.63,131.95,,,,,,,,,,,,,,,,,,,,,,,,,,,,,,,,,,,,,,,,,,,,,,,,,,,,355,450.9
1786462740,134.47,134.54,134.47,134.54,135.63,131.95,,,,,,,,,,,,,,,,,,,,,,,,,,,,,,,,,,,,,,,,,,,,,,,,,,,,41,441.35
1786462860,134.59,134.62,134.57,134.58,135.63,131.95,,,,,,,,,,,,,,,,,,,,,,,,,,,,,,,,,,,,,,,,,,,,,,,,,,,,130,367.5
1786462920,134.63,134.63,134.63,134.63,135.63,131.95,,,,,,,,,,,,,,,,,,,,,,,,,,,,,,,,,,,,,,,,,,,,,,,,,,,,14,350.95
1786462980,134.47,134.51,134.47,134.49,135.63,131.95,,,,,,,,,,,,,,,,,,,,,,,,,,,,,,,,,,,,,,,,,,,,,,,,,,,,388,370.3
1786463040,134.51,134.56,134.46,134.51,135.63,131.95,,,,,,,,,,,,,,,,,,,,,,,,,,,,,,,,,,,,,,,,,,,,,,,,,,,,530,381.65
1786463100,134.53,134.58,134.53,134.58,135.63,131.95,,,,,,,,,,,,,,,,,,,,,,,,,,,,,,,,,,,,,,,,,,,,,,,,,,,,64,372.3
1786463160,134.68,134.72,134.67,134.72,135.63,131.95,,,,,,,,,,,,,,,,,,,,,,,,,,,,,,,,,,,,,,,,,,,,,,,,,,,,36,343.3
1786463220,134.67,134.7,134.61,134.61,135.63,131.95,,,,,,,,,,,,,,,,,,,,,,,,,,,,,,,,,,,,,,,,,,,,,,,,,,,,348,301.65
1786463280,134.7,134.72,134.66,134.72,135.63,131.95,,,,,,,,,,,,,,,,,,,,,,,,,,,,,,,,,,,,,,,,,,,,,,,,,,,,76,295.15
1786463340,134.74,134.82,134.715,134.82,135.63,131.95,,,,,,,,,,,,,,,,,,,,,,,,,,,,,,,,,,,,,,,,,,,,,,,,,,,,1075,312.45
1786463400,134.79,134.8,134.78,134.78,135.63,131.95,,,,,,,,,,,,,,,,,,,,,,,,,,,,,,,,,,,,,,,,,,,,,,,,,,,,152,314.15
1786463460,134.75,134.75,134.73,134.73,135.63,131.95,,,,,,,,,,,,,,,,,,,,,,,,,,,,,,,,,,,,,,,,,,,,,,,,,,,,474,310.3
1786463520,134.74,134.75,134.66,134.74,135.63,131.95,,,,,,,,,,,,,,,,,,,,,,,,,,,,,,,,,,,,,,,,,,,,,,,,,,,,338,317.15
1786463580,134.78,134.82,134.78,134.82,135.63,131.95,,,,,,,,,,,,,,,,,,,,,,,,,,,,,,,,,,,,,,,,,,,,,,,,,,,,19,312.1
1786463640,134.78,134.78,134.74,134.74,135.63,131.95,,,,,,,,,,,,,,,,,,,,,,,,,,,,,,,,,,,,,,,,,,,,,,,,,,,,45,296.7
1786463700,134.82,134.87,134.8,134.8,135.63,131.95,,,,,,,,,,,,,,,,,,,,,,,,,,,,,,,,,,,,,,,,,,,,,,,,,,,,217,260.2
1786463760,134.8,134.83,134.8,134.83,135.63,131.95,,,,,,,,,,,,,,,,,,,,,,,,,,,,,,,,,,,,,,,,,,,,,,,,,,,,104,230.4
1786463820,134.78,134.89,134.78,134.89,135.63,131.95,,,,,,,,,,,,,,,,,,,,,,,,,,,,,,,,,,,,,,,,,,,,,,,,,,,,118,228.1
1786463880,134.85,134.91,134.85,134.85,135.63,131.95,,,,,,,,,,,,,,,,,,,,,,,,,,,,,,,,,,,,,,,,,,,,,,,,,,,,339,243.15
1786463940,134.85,134.86,134.84,134.86,135.63,131.95,,,,,,,,,,,,,,,,,,,,,,,,,,,,,,,,,,,,,,,,,,,,,,,,,,,,111,230.95
1786464000,134.89,135.07,134.86,135.07,135.63,131.95,,,,,,,,,,,,,,,,,,,,,,,,,,,,,,,,,,,,,,,,,,,,,,,,,,,,168,237.3
1786464060,134.96,134.96,134.95,134.95,135.63,131.95,,,,,,,,,,,,,,,,,,,,,,,,,,,,,,,,,,,,,,,,,,,,,,,,,,,,410,251.3
1786464120,134.93,135.02,134.93,135.02,135.63,131.95,,,,,,,,,,,,,,,,,,,,,,,,,,,,,,,,,,,,,,,,,,,,,,,,,,,,63,253.75
1786464240,134.98,134.98,134.98,134.98,135.63,131.95,,,,,,,,,,,,,,,,,,,,,,,,,,,,,,,,,,,,,,,,,,,,,,,,,,,,10,234.85
1786464300,135,135.05,135,135.025,135.63,131.95,,,,,,,,,,,,,,,,,,,,,,,,,,,,,,,,,,,,,,,,,,,,,,,,,,,,172,216.95
1786464360,135.04,135.05,134.99,135,135.63,131.95,,,,,,,,,,,,,,,,,,,,,,,,,,,,,,,,,,,,,,,,,,,,,,,,,,,,718,249.65
1786464480,135,135.055,134.98,135.055,135.63,131.95,,,,,,,,,,,,,,,,,,,,,,,,,,,,,,,,,,,,,,,,,,,,,,,,,,,,311,263.4
1786464540,135.02,135.04,135,135.04,135.63,131.95,,,,,,,,,,,,,,,,,,,,,,,,,,,,,,,,,,,,,,,,,,,,,,,,,,,,55,248.75
1786464600,135.005,135.03,134.98,135.03,135.63,131.95,,,,,,,,,,,,,,,,,,,,,,,,,,,,,,,,,,,,,,,,,,,,,,,,,,,,205,255.2
1786464660,135.05,135.05,135.03,135.03,135.63,131.95,,,,,,,,,,,,,,,,,,,,,,,,,,,,,,,,,,,,,,,,,,,,,,,,,,,,5,201.7
1786464720,135.08,135.145,135.06,135.14,135.63,131.95,,,,,,,,,,,,,,,,,,,,,,,,,,,,,,,,,,,,,,,,,,,,,,,,,,,,895,238.85
1786464780,135.09,135.12,135.06,135.12,135.63,131.95,,,,,,,,,,,,,,,,,,,,,,,,,,,,,,,,,,,,,,,,,,,,,,,,,,,,667,248.5
1786464840,135.09,135.13,134.85,134.88,135.63,131.95,,,,,,,,,,,,,,,,,,,,,,,,,,,,,,,,,,,,,,,,,,,,,,,,,,,,1966,329.9
1786464900,134.89,134.93,134.89,134.93,135.63,131.95,,,,,,,,,,,,,,,,,,,,,,,,,,,,,,,,,,,,,,,,,,,,,,,,,,,,172,337.55
1786464960,134.98,134.98,134.94,134.94,135.63,131.95,,,,,,,,,,,,,,,,,,,,,,,,,,,,,,,,,,,,,,,,,,,,,,,,,,,,3,335.45
1786465020,135.01,135.01,134.97,134.97,135.63,131.95,,,,,,,,,,,,,,,,,,,,,,,,,,,,,,,,,,,,,,,,,,,,,,,,,,,,239,336.55
1786465080,135.05,135.09,135.02,135.02,135.63,131.95,,,,,,,,,,,,,,,,,,,,,,,,,,,,,,,,,,,,,,,,,,,,,,,,,,,,27,332.7
1786465140,135.01,135.01,135.01,135.01,135.63,131.95,,,,,,,,,,,,,,,,,,,,,,,,,,,,,,,,,,,,,,,,,,,,,,,,,,,,110,332.3
1786465200,135.07,135.07,135.07,135.07,135.63,131.95,,,,,,,,,,,,,,,,,,,,,,,,,,,,,,,,,,,,,,,,,,,,,,,,,,,,1,315.4
1786465260,135.04,135.08,135.04,135.06,135.63,131.95,,,,,,,,,,,,,,,,,,,,,,,,,,,,,,,,,,,,,,,,,,,,,,,,,,,,65,313.1
1786465320,135.05,135.05,135.02,135.02,135.63,131.95,,,,,,,,,,,,,,,,,,,,,,,,,,,,,,,,,,,,,,,,,,,,,,,,,,,,101,309.75
1786465380,135.13,135.14,135.13,135.14,135.63,131.95,,,,,,,,,,,,,,,,,,,,,,,,,,,,,,,,,,,,,,,,,,,,,,,,,,,,11,289.8
1786465440,135.16,135.16,135.09,135.09,135.63,131.95,,,,,,,,,,,,,,,,,,,,,,,,,,,,,,,,,,,,,,,,,,,,,,,,,,,,746,323.95
1786465500,135.07,135.08,135.07,135.08,135.63,131.95,,,,,,,,,,,,,,,,,,,,,,,,,,,,,,,,,,,,,,,,,,,,,,,,,,,,250,335.95
1786465560,135.06,135.08,135.04,135.08,135.63,131.95,,,,,,,,,,,,,,,,,,,,,,,,,,,,,,,,,,,,,,,,,,,,,,,,,,,,1204,387.55
1786465620,135.12,135.16,135.12,135.14,135.63,131.95,,,,,,,,,,,,,,,,,,,,,,,,,,,,,,,,,,,,,,,,,,,,,,,,,,,,31,353.2
1786465680,135.18,135.18,135.13,135.13,135.63,131.95,,,,,,,,,,,,,,,,,,,,,,,,,,,,,,,,,,,,,,,,,,,,,,,,,,,,92,342.25
1786465740,135.2,135.23,135.19,135.23,135.63,131.95,,,,,,,,,,,,,,,,,,,,,,,,,,,,,,,,,,,,,,,,,,,,,,,,,,,,339,356.45
1786465800,135.25,135.25,135.11,135.11,135.63,131.95,,,,,,,,,,,,,,,,,,,,,,,,,,,,,,,,,,,,,,,,,,,,,,,,,,,,1989,445.65
1786465860,135.07,135.13,135.06,135.06,135.63,131.95,,,,,,,,,,,,,,,,,,,,,,,,,,,,,,,,,,,,,,,,,,,,,,,,,,,,216,456.2
1786465920,135.13,135.17,135.13,135.17,135.63,131.95,,,,,,,,,,,,,,,,,,,,,,,,,,,,,,,,,,,,,,,,,,,,,,,,,,,,223,422.6
1786465980,135.16,135.16,135.16,135.16,135.63,131.95,,,,,,,,,,,,,,,,,,,,,,,,,,,,,,,,,,,,,,,,,,,,,,,,,,,,2,389.35
1786466040,135.15,135.15,135.15,135.15,135.63,131.95,,,,,,,,,,,,,,,,,,,,,,,,,,,,,,,,,,,,,,,,,,,,,,,,,,,,64,294.25
1786466100,135.15,135.15,135.13,135.13,135.63,131.95,,,,,,,,,,,,,,,,,,,,,,,,,,,,,,,,,,,,,,,,,,,,,,,,,,,,47,288
1786466160,135.11,135.11,135.08,135.08,135.63,131.95,,,,,,,,,,,,,,,,,,,,,,,,,,,,,,,,,,,,,,,,,,,,,,,,,,,,106,293.15
1786466280,135.045,135.045,134.99,134.99,135.63,131.95,,,,,,,,,,,,,,,,,,,,,,,,,,,,,,,,,,,,,,,,,,,,,,,,,,,,303,296.35
1786466340,134.985,134.985,134.985,134.985,135.63,131.95,,,,,,,,,,,,,,,,,,,,,,,,,,,,,,,,,,,,,,,,,,,,,,,,,,,,200,305
1786466400,134.98,135.16,134.94,135.15,135.63,131.95,,,,,,,,,,,,,,,,,,,,,,,,,,,,,,,,,,,,,,,,,,,,,,,,,,,,8698,734.4
1786466460,135.16,135.22,135.16,135.2,135.63,131.95,,,,,,,,,,,,,,,,,,,,,,,,,,,,,,,,,,,,,,,,,,,,,,,,,,,,120,740.35
1786466520,135.24,135.32,135.24,135.32,135.63,131.95,,,,,,,,,,,,,,,,,,,,,,,,,,,,,,,,,,,,,,,,,,,,,,,,,,,,1476,810.9
1786466580,135.33,135.33,135.22,135.22,135.63,131.95,,,,,,,,,,,,,,,,,,,,,,,,,,,,,,,,,,,,,,,,,,,,,,,,,,,,362,823.95
1786466640,135.26,135.47,135.26,135.47,135.63,131.95,,,,,,,,,,,,,,,,,,,,,,,,,,,,,,,,,,,,,,,,,,,,,,,,,,,,216,834.2
1786466700,135.45,135.53,135.39,135.515,135.63,131.95,,,,,,,,,,,,,,,,,,,,,,,,,,,,,,,,,,,,,,,,,,,,,,,,,,,,828,838.3
1786466760,135.55,135.55,135.52,135.52,135.63,131.95,,,,,,,,,,,,,,,,,,,,,,,,,,,,,,,,,,,,,,,,,,,,,,,,,,,,349,843.25
1786466820,135.6,135.6,135.55,135.57,135.63,131.95,,,,,,,,,,,,,,,,,,,,,,,,,,,,,,,,,,,,,,,,,,,,,,,,,,,,441,805.1
1786466880,135.535,135.555,135.535,135.54,135.63,131.95,,,,,,,,,,,,,,,,,,,,,,,,,,,,,,,,,,,,,,,,,,,,,,,,,,,,32,805.15
1786466940,135.54,135.54,135.52,135.52,135.63,131.95,,,,,,,,,,,,,,,,,,,,,,,,,,,,,,,,,,,,,,,,,,,,,,,,,,,,291,815.1
1786467000,135.51,135.6,135.51,135.6,135.63,131.95,,,,,,,,,,,,,,,,,,,,,,,,,,,,,,,,,,,,,,,,,,,,,,,,,,,,70,801.65
1786467060,135.63,135.67,135.63,135.65,135.63,131.95,,,,,,,,,,,,,,,,,,,,,,,,,,,,,,,,,,,,,,,,,,,,,,,,,,,,85,706.45
1786467120,135.68,135.69,135.63,135.63,135.63,131.95,,,,,,,,,,,,,,,,,,,,,,,,,,,,,,,,,,,,,,,,,,,,,,,,,,,,208,706.05
1786467180,135.59,135.59,135.54,135.54,135.63,131.95,,,,,,,,,,,,,,,,,,,,,,,,,,,,,,,,,,,,,,,,,,,,,,,,,,,,15,695.65
1786467240,135.59,135.67,135.59,135.66,135.63,131.95,,,,,,,,,,,,,,,,,,,,,,,,,,,,,,,,,,,,,,,,,,,,,,,,,,,,362,713.65
1786467300,135.71,135.73,135.67,135.67,135.63,131.95,,,,,,,,,,,,,,,,,,,,,,,,,,,,,,,,,,,,,,,,,,,,,,,,,,,,211,721
1786467360,135.65,135.65,135.61,135.635,135.63,131.95,,,,,,,,,,,,,,,,,,,,,,,,,,,,,,,,,,,,,,,,,,,,,,,,,,,,519,744.6
1786467420,135.64,135.67,135.64,135.67,135.63,131.95,,,,,,,,,,,,,,,,,,,,,,,,,,,,,,,,,,,,,,,,,,,,,,,,,,,,118,745.2
1786467480,135.68,135.73,135.67,135.67,135.63,131.95,,,,,,,,,,,,,,,,,,,,,,,,,,,,,,,,,,,,,,,,,,,,,,,,,,,,236,741.85
1786467540,135.69,135.72,135.67,135.7,135.63,131.95,,,,,,,,,,,,,,,,,,,,,,,,,,,,,,,,,,,,,,,,,,,,,,,,,,,,682,765.95
1786467600,135.8,135.82,135.72,135.78,135.63,131.95,,,,,,,,,,,,,,,,,,,,,,,,,,,,,,,,,,,,,,,,,,,,,,,,,,,,395,350.8
1786467660,135.78,135.83,135.78,135.83,135.63,131.95,,,,,,,,,,,,,,,,,,,,,,,,,,,,,,,,,,,,,,,,,,,,,,,,,,,,157,352.65
1786467720,135.83,136,135.83,135.94,135.63,131.95,,,,,,,,,,,,,,,,,,,,,,,,,,,,,,,,,,,,,,,,,,,,,,,,,,,,2061,381.9
1786467780,135.9,136.09,135.9,136.09,135.63,131.95,,,,,,,,,,,,,,,,,,,,,,,,,,,,,,,,,,,,,,,,,,,,,,,,,,,,80,367.8
1786467840,136.06,136.13,136.06,136.13,135.63,131.95,,,,,,,,,,,,,,,,,,,,,,,,,,,,,,,,,,,,,,,,,,,,,,,,,,,,32,358.6
1786467900,136.13,136.2,136.13,136.19,135.63,131.95,,,,,,,,,,,,,,,,,,,,,,,,,,,,,,,,,,,,,,,,,,,,,,,,,,,,241,329.25
1786467960,136.17,136.19,136.17,136.19,135.63,131.95,,,,,,,,,,,,,,,,,,,,,,,,,,,,,,,,,,,,,,,,,,,,,,,,,,,,34,313.5
1786468020,136.165,136.24,136.165,136.24,135.63,131.95,,,,,,,,,,,,,,,,,,,,,,,,,,,,,,,,,,,,,,,,,,,,,,,,,,,,5,291.7
1786468080,136.265,136.265,136.215,136.23,135.63,131.95,,,,,,,,,,,,,,,,,,,,,,,,,,,,,,,,,,,,,,,,,,,,,,,,,,,,510,315.6
1786468140,136.27,136.27,136.27,136.27,135.63,131.95,,,,,,,,,,,,,,,,,,,,,,,,,,,,,,,,,,,,,,,,,,,,,,,,,,,,1,301.1
1786468200,136.21,136.225,136.19,136.22,135.63,131.95,,,,,,,,,,,,,,,,,,,,,,,,,,,,,,,,,,,,,,,,,,,,,,,,,,,,1035,349.35
1786468260,136.21,136.23,136.16,136.16,135.63,131.95,,,,,,,,,,,,,,,,,,,,,,,,,,,,,,,,,,,,,,,,,,,,,,,,,,,,291,359.65
1786468320,136.2,136.2,136.15,136.18,135.63,131.95,,,,,,,,,,,,,,,,,,,,,,,,,,,,,,,,,,,,,,,,,,,,,,,,,,,,298,364.15
1786468380,136.24,136.28,136.24,136.28,135.63,131.95,,,,,,,,,,,,,,,,,,,,,,,,,,,,,,,,,,,,,,,,,,,,,,,,,,,,184,372.6
1786468440,136.3,136.34,136.3,136.34,135.63,131.95,,,,,,,,,,,,,,,,,,,,,,,,,,,,,,,,,,,,,,,,,,,,,,,,,,,,242,366.6
1786468500,136.34,136.34,136.34,136.34,135.63,131.95,,,,,,,,,,,,,,,,,,,,,,,,,,,,,,,,,,,,,,,,,,,,,,,,,,,,200,366.05
1786468560,136.35,136.43,136.35,136.38,135.63,131.95,,,,,,,,,,,,,,,,,,,,,,,,,,,,,,,,,,,,,,,,,,,,,,,,,,,,896,384.9
1786468620,136.39,136.42,136.39,136.42,135.63,131.95,,,,,,,,,,,,,,,,,,,,,,,,,,,,,,,,,,,,,,,,,,,,,,,,,,,,101,384.05
1786468680,136.395,136.395,136.35,136.38,135.63,131.95,,,,,,,,,,,,,,,,,,,,,,,,,,,,,,,,,,,,,,,,,,,,,,,,,,,,707,407.6
1786468740,136.37,136.5,136.35,136.47,135.63,131.95,,,,,,,,,,,,,,,,,,,,,,,,,,,,,,,,,,,,,,,,,,,,,,,,,,,,907,418.85
1786468860,136.52,136.64,136.52,136.63,135.63,131.95,,,,,,,,,,,,,,,,,,,,,,,,,,,,,,,,,,,,,,,,,,,,,,,,,,,,179,408.05
1786468920,136.6,136.63,136.57,136.57,135.63,131.95,,,,,,,,,,,,,,,,,,,,,,,,,,,,,,,,,,,,,,,,,,,,,,,,,,,,322,416.3
1786468980,136.55,136.57,136.53,136.565,135.63,131.95,,,,,,,,,,,,,,,,,,,,,,,,,,,,,,,,,,,,,,,,,,,,,,,,,,,,616,344.05
1786469040,136.64,136.72,136.64,136.69,135.63,131.95,,,,,,,,,,,,,,,,,,,,,,,,,,,,,,,,,,,,,,,,,,,,,,,,,,,,499,365
1786469100,136.75,136.8,136.75,136.8,135.63,131.95,,,,,,,,,,,,,,,,,,,,,,,,,,,,,,,,,,,,,,,,,,,,,,,,,,,,377,382.25
1786469160,136.78,136.8,136.7,136.7,135.63,131.95,,,,,,,,,,,,,,,,,,,,,,,,,,,,,,,,,,,,,,,,,,,,,,,,,,,,287,384.55
1786469220,136.69,136.7,136.59,136.63,135.63,131.95,,,,,,,,,,,,,,,,,,,,,,,,,,,,,,,,,,,,,,,,,,,,,,,,,,,,814,423.55
1786469280,136.65,136.655,136.63,136.63,135.63,131.95,,,,,,,,,,,,,,,,,,,,,,,,,,,,,,,,,,,,,,,,,,,,,,,,,,,,47,425.65
1786469340,136.67,136.67,136.65,136.65,135.63,131.95,,,,,,,,,,,,,,,,,,,,,,,,,,,,,,,,,,,,,,,,,,,,,,,,,,,,172,408.75
1786469400,136.64,136.65,136.63,136.65,135.63,131.95,,,,,,,,,,,,,,,,,,,,,,,,,,,,,,,,,,,,,,,,,,,,,,,,,,,,403,428.85
1786469460,136.66,136.66,136.55,136.615,135.63,131.95,,,,,,,,,,,,,,,,,,,,,,,,,,,,,,,,,,,,,,,,,,,,,,,,,,,,438,399
1786469520,136.62,136.66,136.62,136.66,135.63,131.95,,,,,,,,,,,,,,,,,,,,,,,,,,,,,,,,,,,,,,,,,,,,,,,,,,,,457,407.3
1786469580,136.68,136.8,136.68,136.76,135.63,131.95,,,,,,,,,,,,,,,,,,,,,,,,,,,,,,,,,,,,,,,,,,,,,,,,,,,,491,416.95
1786469640,136.77,136.77,136.74,136.76,135.63,131.95,,,,,,,,,,,,,,,,,,,,,,,,,,,,,,,,,,,,,,,,,,,,,,,,,,,,139,414.7
1786469700,136.75,136.75,136.75,136.75,135.63,131.95,,,,,,,,,,,,,,,,,,,,,,,,,,,,,,,,,,,,,,,,,,,,,,,,,,,,92,407.2
1786469760,136.76,136.84,136.71,136.84,135.63,131.95,,,,,,,,,,,,,,,,,,,,,,,,,,,,,,,,,,,,,,,,,,,,,,,,,,,,915,442.95
1786469820,136.84,136.85,136.82,136.84,135.63,131.95,,,,,,,,,,,,,,,,,,,,,,,,,,,,,,,,,,,,,,,,,,,,,,,,,,,,773,436.8
1786469880,136.8,136.8,136.79,136.79,135.63,131.95,,,,,,,,,,,,,,,,,,,,,,,,,,,,,,,,,,,,,,,,,,,,,,,,,,,,101,436.8
1786469940,136.81,136.81,136.745,136.745,135.63,131.95,,,,,,,,,,,,,,,,,,,,,,,,,,,,,,,,,,,,,,,,,,,,,,,,,,,,212,412.05
1786470000,136.74,136.74,136.665,136.71,135.63,131.95,,,,,,,,,,,,,,,,,,,,,,,,,,,,,,,,,,,,,,,,,,,,,,,,,,,,1239,428.65
1786470060,136.73,136.73,136.62,136.715,135.63,131.95,,,,,,,,,,,,,,,,,,,,,,,,,,,,,,,,,,,,,,,,,,,,,,,,,,,,76,423.5
1786470120,136.69,136.69,136.6,136.62,135.63,131.95,,,,,,,,,,,,,,,,,,,,,,,,,,,,,,,,,,,,,,,,,,,,,,,,,,,,148,414.8
1786470180,136.62,136.66,136.61,136.62,135.63,131.95,,,,,,,,,,,,,,,,,,,,,,,,,,,,,,,,,,,,,,,,,,,,,,,,,,,,322,400.1
1786470240,136.57,136.605,136.57,136.605,135.63,131.95,,,,,,,,,,,,,,,,,,,,,,,,,,,,,,,,,,,,,,,,,,,,,,,,,,,,71,378.7
1786470300,136.55,136.55,136.47,136.48,135.63,131.95,,,,,,,,,,,,,,,,,,,,,,,,,,,,,,,,,,,,,,,,,,,,,,,,,,,,433,381.5
1786470360,136.48,136.48,136.48,136.48,135.63,131.95,,,,,,,,,,,,,,,,,,,,,,,,,,,,,,,,,,,,,,,,,,,,,,,,,,,,16,367.95
1786470420,136.43,136.43,136.43,136.43,135.63,131.95,,,,,,,,,,,,,,,,,,,,,,,,,,,,,,,,,,,,,,,,,,,,,,,,,,,,2,327.35
1786470480,136.42,136.42,136.34,136.34,135.63,131.95,,,,,,,,,,,,,,,,,,,,,,,,,,,,,,,,,,,,,,,,,,,,,,,,,,,,120,331
1786470540,136.31,136.31,136.27,136.31,135.63,131.95,,,,,,,,,,,,,,,,,,,,,,,,,,,,,,,,,,,,,,,,,,,,,,,,,,,,21,323.45
1786470600,136.28,136.28,136.23,136.23,135.63,131.95,,,,,,,,,,,,,,,,,,,,,,,,,,,,,,,,,,,,,,,,,,,,,,,,,,,,290,317.8
1786470660,136.26,136.26,136.22,136.22,135.63,131.95,,,,,,,,,,,,,,,,,,,,,,,,,,,,,,,,,,,,,,,,,,,,,,,,,,,,18,296.8
1786470720,136.155,136.18,136.155,136.18,135.63,131.95,,,,,,,,,,,,,,,,,,,,,,,,,,,,,,,,,,,,,,,,,,,,,,,,,,,,122,280.05
1786470780,136.21,136.21,136.19,136.19,135.63,131.95,,,,,,,,,,,,,,,,,,,,,,,,,,,,,,,,,,,,,,,,,,,,,,,,,,,,327,271.85
1786470840,136.21,136.21,136.12,136.12,135.63,131.95,,,,,,,,,,,,,,,,,,,,,,,,,,,,,,,,,,,,,,,,,,,,,,,,,,,,799,304.85
1786470900,136.13,136.13,136.125,136.125,135.63,131.95,,,,,,,,,,,,,,,,,,,,,,,,,,,,,,,,,,,,,,,,,,,,,,,,,,,,60,303.25
1786470960,136.1,136.1,136.07,136.07,135.63,131.95,,,,,,,,,,,,,,,,,,,,,,,,,,,,,,,,,,,,,,,,,,,,,,,,,,,,5,257.75
1786471020,136.07,136.315,136.07,136.17,135.63,131.95,,,,,,,,,,,,,,,,,,,,,,,,,,,,,,,,,,,,,,,,,,,,,,,,,,,,1850,311.6
1786471080,136.12,136.2,136.11,136.2,135.63,131.95,,,,,,,,,,,,,,,,,,,,,,,,,,,,,,,,,,,,,,,,,,,,,,,,,,,,451,329.1
1786471140,136.235,136.235,136.235,136.235,135.63,131.95,,,,,,,,,,,,,,,,,,,,,,,,,,,,,,,,,,,,,,,,,,,,,,,,,,,,80,322.5
1786471260,136.28,136.28,136.22,136.22,135.63,131.95,,,,,,,,,,,,,,,,,,,,,,,,,,,,,,,,,,,,,,,,,,,,,,,,,,,,193,270.2
1786471320,136.22,136.245,136.2,136.2,135.63,131.95,,,,,,,,,,,,,,,,,,,,,,,,,,,,,,,,,,,,,,,,,,,,,,,,,,,,312,282
1786471380,136.18,136.23,136.18,136.22,135.63,131.95,,,,,,,,,,,,,,,,,,,,,,,,,,,,,,,,,,,,,,,,,,,,,,,,,,,,152,282.2
1786471440,136.22,136.28,136.22,136.28,135.63,131.95,,,,,,,,,,,,,,,,,,,,,,,,,,,,,,,,,,,,,,,,,,,,,,,,,,,,297,280.95
1786471500,136.29,136.35,136.26,136.26,135.63,131.95,,,,,,,,,,,,,,,,,,,,,,,,,,,,,,,,,,,,,,,,,,,,,,,,,,,,404,297.6
1786471560,136.32,136.33,136.31,136.33,135.63,131.95,,,,,,,,,,,,,,,,,,,,,,,,,,,,,,,,,,,,,,,,,,,,,,,,,,,,73,279.6
1786471620,136.38,136.39,136.37,136.37,135.63,131.95,,,,,,,,,,,,,,,,,,,,,,,,,,,,,,,,,,,,,,,,,,,,,,,,,,,,54,281.5
1786471680,136.37,136.42,136.35,136.38,135.63,131.95,,,,,,,,,,,,,,,,,,,,,,,,,,,,,,,,,,,,,,,,,,,,,,,,,,,,760,319.4
1786471740,136.38,136.38,136.38,136.38,135.63,131.95,,,,,,,,,,,,,,,,,,,,,,,,,,,,,,,,,,,,,,,,,,,,,,,,,,,,10,313.9
1786471800,136.36,136.42,136.36,136.42,135.63,131.95,,,,,,,,,,,,,,,,,,,,,,,,,,,,,,,,,,,,,,,,,,,,,,,,,,,,182,321.95
1786471860,136.42,136.43,136.4,136.41,135.63,131.95,,,,,,,,,,,,,,,,,,,,,,,,,,,,,,,,,,,,,,,,,,,,,,,,,,,,143,314.6
1786471920,136.39,136.41,136.37,136.41,135.63,131.95,,,,,,,,,,,,,,,,,,,,,,,,,,,,,,,,,,,,,,,,,,,,,,,,,,,,146,321
1786471980,136.42,136.43,136.42,136.43,135.63,131.95,,,,,,,,,,,,,,,,,,,,,,,,,,,,,,,,,,,,,,,,,,,,,,,,,,,,24,316.1
1786472040,136.47,136.59,136.47,136.55,135.63,131.95,,,,,,,,,,,,,,,,,,,,,,,,,,,,,,,,,,,,,,,,,,,,,,,,,,,,793,339.4
1786472100,136.54,136.54,136.51,136.51,135.63,131.95,,,,,,,,,,,,,,,,,,,,,,,,,,,,,,,,,,,,,,,,,,,,,,,,,,,,156,307.25
1786472160,136.5,136.51,136.47,136.47,135.63,131.95,,,,,,,,,,,,,,,,,,,,,,,,,,,,,,,,,,,,,,,,,,,,,,,,,,,,480,328.25
1786472220,136.46,136.46,136.38,136.41,135.63,131.95,,,,,,,,,,,,,,,,,,,,,,,,,,,,,,,,,,,,,,,,,,,,,,,,,,,,414,348.7
1786472340,136.32,136.38,136.32,136.38,135.63,131.95,,,,,,,,,,,,,,,,,,,,,,,,,,,,,,,,,,,,,,,,,,,,,,,,,,,,263,269.35
1786472400,136.34,136.34,136.29,136.29,135.63,131.95,,,,,,,,,,,,,,,,,,,,,,,,,,,,,,,,,,,,,,,,,,,,,,,,,,,,660,279.8
1786472460,136.32,136.32,136.32,136.32,135.63,131.95,,,,,,,,,,,,,,,,,,,,,,,,,,,,,,,,,,,,,,,,,,,,,,,,,,,,12,276.4
1786472520,136.32,136.33,136.29,136.29,135.63,131.95,,,,,,,,,,,,,,,,,,,,,,,,,,,,,,,,,,,,,,,,,,,,,,,,,,,,192,276.35
1786472580,136.295,136.295,136.29,136.29,135.63,131.95,,,,,,,,,,,,,,,,,,,,,,,,,,,,,,,,,,,,,,,,,,,,,,,,,,,,33,262.4
1786472640,136.33,136.33,136.29,136.315,135.63,131.95,,,,,,,,,,,,,,,,,,,,,,,,,,,,,,,,,,,,,,,,,,,,,,,,,,,,360,272.8
1786472700,136.37,136.4,136.34,136.4,135.63,131.95,,,,,,,,,,,,,,,,,,,,,,,,,,,,,,,,,,,,,,,,,,,,,,,,,,,,82,262.05
1786472760,136.41,136.44,136.39,136.42,135.63,131.95,,,,,,,,,,,,,,,,,,,,,,,,,,,,,,,,,,,,,,,,,,,,,,,,,,,,290,256.35
1786472820,136.43,136.465,136.43,136.46,135.63,131.95,,,,,,,,,,,,,,,,,,,,,,,,,,,,,,,,,,,,,,,,,,,,,,,,,,,,126,259
1786472880,136.44,136.44,136.39,136.39,135.63,131.95,,,,,,,,,,,,,,,,,,,,,,,,,,,,,,,,,,,,,,,,,,,,,,,,,,,,100,261.3
1786472940,136.35,136.35,136.21,136.23,135.63,131.95,,,,,,,,,,,,,,,,,,,,,,,,,,,,,,,,,,,,,,,,,,,,,,,,,,,,1598,303.2
1786473000,136.25,136.37,136.25,136.36,135.63,131.95,,,,,,,,,,,,,,,,,,,,,,,,,,,,,,,,,,,,,,,,,,,,,,,,,,,,257,315.55
1786473060,136.34,136.4,136.34,136.39,135.63,131.95,,,,,,,,,,,,,,,,,,,,,,,,,,,,,,,,,,,,,,,,,,,,,,,,,,,,202,316.55
1786473120,136.36,136.36,136.33,136.33,135.63,131.95,,,,,,,,,,,,,,,,,,,,,,,,,,,,,,,,,,,,,,,,,,,,,,,,,,,,111,314.95
1786473180,136.36,136.51,136.355,136.51,135.63,131.95,,,,,,,,,,,,,,,,,,,,,,,,,,,,,,,,,,,,,,,,,,,,,,,,,,,,666,340.95
1786473240,136.47,136.485,136.47,136.485,135.63,131.95,,,,,,,,,,,,,,,,,,,,,,,,,,,,,,,,,,,,,,,,,,,,,,,,,,,,20,340.75
1786473300,136.51,136.54,136.51,136.54,135.63,131.95,,,,,,,,,,,,,,,,,,,,,,,,,,,,,,,,,,,,,,,,,,,,,,,,,,,,682,335.2
1786473360,136.48,136.48,136.335,136.35,135.63,131.95,,,,,,,,,,,,,,,,,,,,,,,,,,,,,,,,,,,,,,,,,,,,,,,,,,,,559,355.35
1786473420,136.4,136.42,136.4,136.42,135.63,131.95,,,,,,,,,,,,,,,,,,,,,,,,,,,,,,,,,,,,,,,,,,,,,,,,,,,,44,333.55
1786473480,136.38,136.38,136.37,136.37,135.63,131.95,,,,,,,,,,,,,,,,,,,,,,,,,,,,,,,,,,,,,,,,,,,,,,,,,,,,130,319.35
1786473540,136.39,136.46,136.38,136.43,135.63,131.95,,,,,,,,,,,,,,,,,,,,,,,,,,,,,,,,,,,,,,,,,,,,,,,,,,,,889,350.65
1786473600,136.4,136.4,136.39,136.39,135.63,131.95,,,,,,,,,,,,,,,,,,,,,,,,,,,,,,,,,,,,,,,,,,,,,,,,,,,,518,343.55
1786473660,136.35,136.36,136.32,136.32,135.63,131.95,,,,,,,,,,,,,,,,,,,,,,,,,,,,,,,,,,,,,,,,,,,,,,,,,,,,495,367.7
1786473720,136.33,136.34,136.33,136.34,135.63,131.95,,,,,,,,,,,,,,,,,,,,,,,,,,,,,,,,,,,,,,,,,,,,,,,,,,,,108,363.5
1786473780,136.36,136.44,136.36,136.44,135.63,131.95,,,,,,,,,,,,,,,,,,,,,,,,,,,,,,,,,,,,,,,,,,,,,,,,,,,,112,367.45
1786473840,136.45,136.45,136.4,136.4,135.63,131.95,,,,,,,,,,,,,,,,,,,,,,,,,,,,,,,,,,,,,,,,,,,,,,,,,,,,197,359.3
1786473900,136.32,136.32,136.29,136.29,135.63,131.95,,,,,,,,,,,,,,,,,,,,,,,,,,,,,,,,,,,,,,,,,,,,,,,,,,,,213,365.85
1786473960,136.27,136.27,136.23,136.23,135.63,131.95,,,,,,,,,,,,,,,,,,,,,,,,,,,,,,,,,,,,,,,,,,,,,,,,,,,,150,358.85
1786474020,136.2,136.2,136.19,136.19,135.63,131.95,,,,,,,,,,,,,,,,,,,,,,,,,,,,,,,,,,,,,,,,,,,,,,,,,,,,129,359
1786474080,136.2,136.2,136.15,136.15,135.63,131.95,,,,,,,,,,,,,,,,,,,,,,,,,,,,,,,,,,,,,,,,,,,,,,,,,,,,55,356.75
1786474140,136.15,136.22,136.09,136.22,135.63,131.95,,,,,,,,,,,,,,,,,,,,,,,,,,,,,,,,,,,,,,,,,,,,,,,,,,,,244,289.05
1786474200,136.17,136.24,136.17,136.24,135.63,131.95,,,,,,,,,,,,,,,,,,,,,,,,,,,,,,,,,,,,,,,,,,,,,,,,,,,,85,280.45
1786474260,136.25,136.27,136.19,136.19,135.63,131.95,,,,,,,,,,,,,,,,,,,,,,,,,,,,,,,,,,,,,,,,,,,,,,,,,,,,488,294.75
1786474320,136.25,136.25,136.13,136.13,135.63,131.95,,,,,,,,,,,,,,,,,,,,,,,,,,,,,,,,,,,,,,,,,,,,,,,,,,,,1135,345.95
1786474380,136.17,136.22,136.17,136.22,135.63,131.95,,,,,,,,,,,,,,,,,,,,,,,,,,,,,,,,,,,,,,,,,,,,,,,,,,,,31,314.2
1786474440,136.2,136.23,136.2,136.23,135.63,131.95,,,,,,,,,,,,,,,,,,,,,,,,,,,,,,,,,,,,,,,,,,,,,,,,,,,,193,322.85
1786474500,136.25,136.28,136.23,136.28,135.63,131.95,,,,,,,,,,,,,,,,,,,,,,,,,,,,,,,,,,,,,,,,,,,,,,,,,,,,190,298.25
1786474560,136.29,136.46,136.28,136.41,135.63,131.95,,,,,,,,,,,,,,,,,,,,,,,,,,,,,,,,,,,,,,,,,,,,,,,,,,,,604,300.5
1786474620,136.48,136.49,136.45,136.48,135.63,131.95,,,,,,,,,,,,,,,,,,,,,,,,,,,,,,,,,,,,,,,,,,,,,,,,,,,,52,300.9
1786474680,136.48,136.48,136.42,136.42,135.63,131.95,,,,,,,,,,,,,,,,,,,,,,,,,,,,,,,,,,,,,,,,,,,,,,,,,,,,757,332.25
1786474740,136.48,136.48,136.44,136.48,135.63,131.95,,,,,,,,,,,,,,,,,,,,,,,,,,,,,,,,,,,,,,,,,,,,,,,,,,,,1673,371.45
1786474800,136.48,136.5,136.38,136.38,135.63,131.95,,,,,,,,,,,,,,,,,,,,,,,,,,,,,,,,,,,,,,,,,,,,,,,,,,,,336,362.35
1786474860,136.39,136.415,136.34,136.35,135.63,131.95,,,,,,,,,,,,,,,,,,,,,,,,,,,,,,,,,,,,,,,,,,,,,,,,,,,,217,348.45
1786474920,136.35,136.37,136.3,136.31,135.63,131.95,,,,,,,,,,,,,,,,,,,,,,,,,,,,,,,,,,,,,,,,,,,,,,,,,,,,442,365.15
1786474980,136.28,136.3,136.21,136.21,135.63,131.95,,,,,,,,,,,,,,,,,,,,,,,,,,,,,,,,,,,,,,,,,,,,,,,,,,,,435,381.3
1786475040,136.195,136.23,136.17,136.19,135.63,131.95,,,,,,,,,,,,,,,,,,,,,,,,,,,,,,,,,,,,,,,,,,,,,,,,,,,,447,393.8
1786475100,136.13,136.17,136.13,136.16,135.63,131.95,,,,,,,,,,,,,,,,,,,,,,,,,,,,,,,,,,,,,,,,,,,,,,,,,,,,133,389.8
1786475160,136.19,136.3,136.19,136.3,135.63,131.95,,,,,,,,,,,,,,,,,,,,,,,,,,,,,,,,,,,,,,,,,,,,,,,,,,,,357,400.15
1786475220,136.3,136.3,136.25,136.25,135.63,131.95,,,,,,,,,,,,,,,,,,,,,,,,,,,,,,,,,,,,,,,,,,,,,,,,,,,,290,408.2
1786475280,136.23,136.26,136.23,136.26,135.63,131.95,,,,,,,,,,,,,,,,,,,,,,,,,,,,,,,,,,,,,,,,,,,,,,,,,,,,130,411.95
1786475340,136.25,136.27,136.22,136.27,135.63,131.95,,,,,,,,,,,,,,,,,,,,,,,,,,,,,,,,,,,,,,,,,,,,,,,,,,,,608,430.15
1786475400,136.27,136.27,136.26,136.26,135.63,131.95,,,,,,,,,,,,,,,,,,,,,,,,,,,,,,,,,,,,,,,,,,,,,,,,,,,,26,427.2
1786475460,136.25,136.28,136.25,136.28,135.63,131.95,,,,,,,,,,,,,,,,,,,,,,,,,,,,,,,,,,,,,,,,,,,,,,,,,,,,46,405.1
1786475520,136.26,136.26,136.24,136.24,135.63,131.95,,,,,,,,,,,,,,,,,,,,,,,,,,,,,,,,,,,,,,,,,,,,,,,,,,,,69,351.8
1786475580,136.265,136.31,136.265,136.31,135.63,131.95,,,,,,,,,,,,,,,,,,,,,,,,,,,,,,,,,,,,,,,,,,,,,,,,,,,,853,392.9
1786475640,136.27,136.27,136.14,136.16,135.63,131.95,,,,,,,,,,,,,,,,,,,,,,,,,,,,,,,,,,,,,,,,,,,,,,,,,,,,1330,449.75
1786475700,136.15,136.15,136.09,136.09,135.63,131.95,,,,,,,,,,,,,,,,,,,,,,,,,,,,,,,,,,,,,,,,,,,,,,,,,,,,178,449.15
1786475760,136.09,136.1,136.05,136.09,135.63,131.95,,,,,,,,,,,,,,,,,,,,,,,,,,,,,,,,,,,,,,,,,,,,,,,,,,,,214,429.65
1786475820,136.12,136.12,136.1,136.1,135.63,131.95,,,,,,,,,,,,,,,,,,,,,,,,,,,,,,,,,,,,,,,,,,,,,,,,,,,,170,435.55
1786475880,136.07,136.12,136.07,136.12,135.63,131.95,,,,,,,,,,,,,,,,,,,,,,,,,,,,,,,,,,,,,,,,,,,,,,,,,,,,119,403.65
1786475940,136.12,136.15,136.11,136.15,135.63,131.95,,,,,,,,,,,,,,,,,,,,,,,,,,,,,,,,,,,,,,,,,,,,,,,,,,,,163,328.15
1786476000,136.14,136.14,136.08,136.08,135.63,131.95,,,,,,,,,,,,,,,,,,,,,,,,,,,,,,,,,,,,,,,,,,,,,,,,,,,,204,321.55
1786476060,136.09,136.12,136.05,136.1,135.63,131.95,,,,,,,,,,,,,,,,,,,,,,,,,,,,,,,,,,,,,,,,,,,,,,,,,,,,1292,375.3
1786476120,136.12,136.15,136.12,136.15,135.63,131.95,,,,,,,,,,,,,,,,,,,,,,,,,,,,,,,,,,,,,,,,,,,,,,,,,,,,53,355.85
1786476180,136.13,136.19,136.12,136.19,135.63,131.95,,,,,,,,,,,,,,,,,,,,,,,,,,,,,,,,,,,,,,,,,,,,,,,,,,,,551,361.65
1786476300,136.12,136.14,136.1,136.13,135.63,131.95,,,,,,,,,,,,,,,,,,,,,,,,,,,,,,,,,,,,,,,,,,,,,,,,,,,,342,356.4
1786476360,136.12,136.15,136.1,136.15,135.63,131.95,,,,,,,,,,,,,,,,,,,,,,,,,,,,,,,,,,,,,,,,,,,,,,,,,,,,128,356.15
1786476420,136.13,136.17,136.12,136.17,135.63,131.95,,,,,,,,,,,,,,,,,,,,,,,,,,,,,,,,,,,,,,,,,,,,,,,,,,,,262,351.4
1786476480,136.18,136.18,136.07,136.07,135.63,131.95,,,,,,,,,,,,,,,,,,,,,,,,,,,,,,,,,,,,,,,,,,,,,,,,,,,,523,363.05
1786476540,136.07,136.11,136.03,136.05,135.63,131.95,,,,,,,,,,,,,,,,,,,,,,,,,,,,,,,,,,,,,,,,,,,,,,,,,,,,170,365.05
1786476600,136.07,136.07,136.02,136.04,135.63,131.95,,,,,,,,,,,,,,,,,,,,,,,,,,,,,,,,,,,,,,,,,,,,,,,,,,,,219,345.6
1786476660,136.04,136.12,136.04,136.12,135.63,131.95,,,,,,,,,,,,,,,,,,,,,,,,,,,,,,,,,,,,,,,,,,,,,,,,,,,,119,350.25
1786476720,136.13,136.21,136.13,136.21,135.63,131.95,,,,,,,,,,,,,,,,,,,,,,,,,,,,,,,,,,,,,,,,,,,,,,,,,,,,321,364
1786476780,136.21,136.24,136.145,136.24,135.63,131.95,,,,,,,,,,,,,,,,,,,,,,,,,,,,,,,,,,,,,,,,,,,,,,,,,,,,682,394.65
1786476840,136.19,136.25,136.19,136.23,135.63,131.95,,,,,,,,,,,,,,,,,,,,,,,,,,,,,,,,,,,,,,,,,,,,,,,,,,,,190,361.5
1786476900,136.26,136.26,136.2,136.2,135.63,131.95,,,,,,,,,,,,,,,,,,,,,,,,,,,,,,,,,,,,,,,,,,,,,,,,,,,,861,338.05
1786476960,136.17,136.25,136.17,136.25,135.63,131.95,,,,,,,,,,,,,,,,,,,,,,,,,,,,,,,,,,,,,,,,,,,,,,,,,,,,30,330.65
1786477020,136.31,136.41,136.27,136.41,135.63,131.95,,,,,,,,,,,,,,,,,,,,,,,,,,,,,,,,,,,,,,,,,,,,,,,,,,,,119,325.9
1786477080,136.42,136.48,136.4,136.47,135.63,131.95,,,,,,,,,,,,,,,,,,,,,,,,,,,,,,,,,,,,,,,,,,,,,,,,,,,,551,344.95
1786477140,136.43,136.51,136.41,136.43,135.63,131.95,,,,,,,,,,,,,,,,,,,,,,,,,,,,,,,,,,,,,,,,,,,,,,,,,,,,2201,449.05
1786477200,136.44,136.47,136.35,136.37,135.63,131.95,,,,,,,,,,,,,,,,,,,,,,,,,,,,,,,,,,,,,,,,,,,,,,,,,,,,774,479.6
1786477260,136.4,136.425,136.39,136.39,135.63,131.95,,,,,,,,,,,,,,,,,,,,,,,,,,,,,,,,,,,,,,,,,,,,,,,,,,,,439,491.35
1786477320,136.42,136.45,136.42,136.43,135.63,131.95,,,,,,,,,,,,,,,,,,,,,,,,,,,,,,,,,,,,,,,,,,,,,,,,,,,,140,433.75
1786477380,136.46,136.46,136.44,136.45,135.63,131.95,,,,,,,,,,,,,,,,,,,,,,,,,,,,,,,,,,,,,,,,,,,,,,,,,,,,138,438
1786477440,136.46,136.46,136.43,136.44,135.63,131.95,,,,,,,,,,,,,,,,,,,,,,,,,,,,,,,,,,,,,,,,,,,,,,,,,,,,197,420.3
1786477500,136.45,136.45,136.34,136.34,135.63,131.95,,,,,,,,,,,,,,,,,,,,,,,,,,,,,,,,,,,,,,,,,,,,,,,,,,,,1434,474.9
1786477560,136.27,136.32,136.27,136.3,135.63,131.95,,,,,,,,,,,,,,,,,,,,,,,,,,,,,,,,,,,,,,,,,,,,,,,,,,,,247,480.85
1786477620,136.31,136.32,136.3,136.3,135.63,131.95,,,,,,,,,,,,,,,,,,,,,,,,,,,,,,,,,,,,,,,,,,,,,,,,,,,,548,495.15
1786477680,136.31,136.35,136.3,136.32,135.63,131.95,,,,,,,,,,,,,,,,,,,,,,,,,,,,,,,,,,,,,,,,,,,,,,,,,,,,1397,538.85
1786477740,136.315,136.32,136.26,136.27,135.63,131.95,,,,,,,,,,,,,,,,,,,,,,,,,,,,,,,,,,,,,,,,,,,,,,,,,,,,2135,637.1
1786477800,136.27,136.35,136.13,136.13,135.63,131.95,,,,,,,,,,,,,,,,,,,,,,,,,,,,,,,,,,,,,,,,,,,,,,,,,,,,1395,695.9
1786477860,136.11,136.14,136.05,136.05,135.63,131.95,,,,,,,,,,,,,,,,,,,,,,,,,,,,,,,,,,,,,,,,,,,,,,,,,,,,958,737.85
1786477920,136.05,136.05,135.89,135.97,135.63,131.95,,,,,,,,,,,,,,,,,,,,,,,,,,,,,,,,,,,,,,,,,,,,,,,,,,,,2985,871.05
1786477980,136.02,136.13,136.02,136.08,135.63,131.95,,,,,,,,,,,,,,,,,,,,,,,,,,,,,,,,,,,,,,,,,,,,,,,,,,,,733,873.6
1786478040,136.07,136.11,135.91,135.91,135.63,131.95,,,,,,,,,,,,,,,,,,,,,,,,,,,,,,,,,,,,,,,,,,,,,,,,,,,,3009,1014.55
1786478100,135.98,135.98,135.77,135.81,135.63,131.95,,,,,,,,,,,,,,,,,,,,,,,,,,,,,,,,,,,,,,,,,,,,,,,,,,,,2704,1106.7
1786478160,135.81,135.84,135.76,135.82,135.63,131.95,,,,,,,,,,,,,,,,,,,,,,,,,,,,,,,,,,,,,,,,,,,,,,,,,,,,2760,1243.2
1786478220,135.81,135.97,135.775,135.97,135.63,131.95,,,,,,,,,,,,,,,,,,,,,,,,,,,,,,,,,,,,,,,,,,,,,,,,,,,,3092,1391.85
1786478280,135.96,135.98,135.78,135.88,135.63,131.95,,,,,,,,,,,,,,,,,,,,,,,,,,,,,,,,,,,,,,,,,,,,,,,,,,,,3357,1532.15
1786478340,135.88,135.88,135.68,135.73,135.63,131.95,,,1,16,1,1786467060000,135.65,135.63,131.95,3.680000000000007,0.0810926923529403,0.8846295613711674,0.08109104312570117,1,1786467120000,2,0,,,,0,0,0,0,0,,,,0,0,0,0,0,,,,0,0,0,0,0,,,,0,0,0,0,,-1,16,7081,1776.15
1786541400,134.47,134.47,133.76,133.895,134.47,133.76,,,,,,,,,,,,,,,,,,,,,,,,,,,,,,,,,,,,,,,,,,,,,,,,,,,,1358,1805.35
1786541460,133.89,134.09,133.33,133.33,134.47,133.33,,,,,,,,,,,,,,,,,,,,,,,,,,,,,,,,,,,,,,,,,,,,,,,,,,,,2086,1887.7
1786541520,133.405,133.45,133.3,133.44,134.47,133.3,,,,,,,,,,,,,,,,,,,,,,,,,,,,,,,,,,,,,,,,,,,,,,,,,,,,882,1924.8
1786541580,133.63,133.83,133.535,133.54,134.47,133.3,,,,,,,,,,,,,,,,,,,,,,,,,,,,,,,,,,,,,,,,,,,,,,,,,,,,1324,1984.1
1786541640,133.66,134.75,133.66,134.48,134.75,133.3,,,,,,,,,,,,,,,,,,,,,,,,,,,,,,,,,,,,,,,,,,,,,,,,,,,,1216,2035.05
1786541700,134.48,134.78,134.48,134.58,134.78,133.3,,,,,,,,,,,,,,,,,,,,,,,,,,,,,,,,,,,,,,,,,,,,,,,,,,,,1094,2018.05
1786541760,134.53,134.63,134.4,134.475,134.78,133.3,,,,,,,,,,,,,,,,,,,,,,,,,,,,,,,,,,,,,,,,,,,,,,,,,,,,1572,2084.3
1786541820,134.59,134.73,134.59,134.73,134.78,133.3,,,,,,,,,,,,,,,,,,,,,,,,,,,,,,,,,,,,,,,,,,,,,,,,,,,,597,2086.75
1786541880,134.82,135.19,134.73,135.17,135.19,133.3,,,,,,,,,,,,,,,,,,,,,,,,,,,,,,,,,,,,,,,,,,,,,,,,,,,,2100,2121.9
1786541940,135.24,135.35,135.14,135.34,135.35,133.3,,,,,,,,,,,,,,,,,,,,,,,,,,,,,,,,,,,,,,,,,,,,,,,,,,,,1521,2091.2
1786542000,135.365,135.5,135.32,135.48,135.5,133.3,,,,,,,,,,,,,,,,,,,,,,,,,,,,,,,,,,,,,,,,,,,,,,,,,,,,2809,2161.9
1786542060,135.44,135.77,135.44,135.67,135.77,133.3,,,,,,,,,,,,,,,,,,,,,,,,,,,,,,,,,,,,,,,,,,,,,,,,,,,,659,2146.95
1786542120,135.58,135.89,135.56,135.89,135.89,133.3,,,,,,,,,,,,,,,,,,,,,,,,,,,,,,,,,,,,,,,,,,,,,,,,,,,,182,2006.8
1786542180,135.67,135.695,135.62,135.695,135.89,133.3,,,,,,,,,,,,,,,,,,,,,,,,,,,,,,,,,,,,,,,,,,,,,,,,,,,,153,1977.8
1786542240,135.63,135.75,135.6,135.62,135.89,133.3,,,,,,,,,,,,,,,,,,,,,,,,,,,,,,,,,,,,,,,,,,,,,,,,,,,,252,1839.95
1786542300,135.64,135.82,135.64,135.82,135.89,133.3,,,,,,,,,,,,,,,,,,,,,,,,,,,,,,,,,,,,,,,,,,,,,,,,,,,,687,1739.1
1786542360,135.88,135.88,135.51,135.51,135.89,133.3,,,,,,,,,,,,,,,,,,,,,,,,,,,,,,,,,,,,,,,,,,,,,,,,,,,,1123,1657.25
1786542420,135.51,135.68,135.5,135.5,135.89,133.3,,,,,,,,,,,,,,,,,,,,,,,,,,,,,,,,,,,,,,,,,,,,,,,,,,,,426,1523.95
1786542480,135.61,135.71,135.61,135.68,135.89,133.3,,,,,,,,,,,,,,,,,,,,,,,,,,,,,,,,,,,,,,,,,,,,,,,,,,,,227,1367.45
1786542540,135.65,135.71,135.57,135.63,135.89,133.3,,,,,,,,,,,,,,,,,,,,,,,,,,,,,,,,,,,,,,,,,,,,,,,,,,,,761,1051.45
1786542600,135.66,135.66,135.61,135.61,135.89,133.3,,,,,,,,,,,,,,,,,,,,,,,,,,,,,,,,,,,,,,,,,,,,,,,,,,,,4,983.75
1786542660,135.6,135.6,135.5,135.53,135.89,133.3,,,,,,,,,,,,,,,,,,,,,,,,,,,,,,,,,,,,,,,,,,,,,,,,,,,,380,898.45
1786542720,135.43,135.43,135.31,135.37,135.89,133.3,,,,,,,,,,,,,,,,,,,,,,,,,,,,,,,,,,,,,,,,,,,,,,,,,,,,346,871.65
1786542780,135.29,135.46,135.29,135.43,135.89,133.3,,,,,,,,,,,,,,,,,,,,,,,,,,,,,,,,,,,,,,,,,,,,,,,,,,,,465,828.7
1786542840,135.6,135.85,135.6,135.84,135.89,133.3,,,,,,,,,,,,,,,,,,,,,,,,,,,,,,,,,,,,,,,,,,,,,,,,,,,,559,795.85
1786542900,135.92,135.92,135.835,135.86,135.89,133.3,,,,,,,,,,,,,,,,,,,,,,,,,,,,,,,,,,,,,,,,,,,,,,,,,,,,472,764.75
1786542960,136,136,135.88,136,135.89,133.3,,,,,,,,,,,,,,,,,,,,,,,,,,,,,,,,,,,,,,,,,,,,,,,,,,,,618,717.05
1786543020,135.92,135.92,135.73,135.73,135.89,133.3,,,,,,,,,,,,,,,,,,,,,,,,,,,,,,,,,,,,,,,,,,,,,,,,,,,,358,705.1
1786543080,135.72,135.72,135.71,135.71,135.89,133.3,,,,,,,,,,,,,,,,,,,,,,,,,,,,,,,,,,,,,,,,,,,,,,,,,,,,112,605.7
1786543140,135.73,135.73,135.55,135.55,135.89,133.3,,,,,,,,,,,,,,,,,,,,,,,,,,,,,,,,,,,,,,,,,,,,,,,,,,,,706,564.95
1786543200,135.61,136.03,135.6,136.03,135.89,133.3,,,,,,,,,,,,,,,,,,,,,,,,,,,,,,,,,,,,,,,,,,,,,,,,,,,,472,448.1
1786543260,136.1,136.1,136.1,136.1,135.89,133.3,,,,,,,,,,,,,,,,,,,,,,,,,,,,,,,,,,,,,,,,,,,,,,,,,,,,8,415.55
1786543320,136.2,136.34,136.2,136.26,135.89,133.3,,,,,,,,,,,,,,,,,,,,,,,,,,,,,,,,,,,,,,,,,,,,,,,,,,,,65,409.7
1786543380,136.28,136.28,136.26,136.26,135.89,133.3,,,,,,,,,,,,,,,,,,,,,,,,,,,,,,,,,,,,,,,,,,,,,,,,,,,,347,419.4
1786543440,136.44,136.55,136.34,136.52,135.89,133.3,,,,,,,,,,,,,,,,,,,,,,,,,,,,,,,,,,,,,,,,,,,,,,,,,,,,895,451.55
1786543560,136.47,136.61,136.47,136.61,135.89,133.3,,,,,,,,,,,,,,,,,,,,,,,,,,,,,,,,,,,,,,,,,,,,,,,,,,,,90,421.7
1786543620,136.48,136.48,136.3,136.42,135.89,133.3,,,,,,,,,,,,,,,,,,,,,,,,,,,,,,,,,,,,,,,,,,,,,,,,,,,,1117,421.4
1786543680,136.37,136.59,136.37,136.45,135.89,133.3,,,,,,,,,,,,,,,,,,,,,,,,,,,,,,,,,,,,,,,,,,,,,,,,,,,,1108,455.5
1786543740,136.51,136.515,136.51,136.515,135.89,133.3,,,,,,,,,,,,,,,,,,,,,,,,,,,,,,,,,,,,,,,,,,,,,,,,,,,,12,444.75
1786543800,136.45,136.45,136.38,136.41,135.89,133.3,,,,,,,,,,,,,,,,,,,,,,,,,,,,,,,,,,,,,,,,,,,,,,,,,,,,198,416.6
1786543860,136.42,136.45,136.37,136.4,135.89,133.3,,,,,,,,,,,,,,,,,,,,,,,,,,,,,,,,,,,,,,,,,,,,,,,,,,,,427,437.75
1786543920,136.45,136.45,136.35,136.35,135.89,133.3,,,,,,,,,,,,,,,,,,,,,,,,,,,,,,,,,,,,,,,,,,,,,,,,,,,,2,418.85
1786543980,136.36,136.6,136.36,136.59,135.89,133.3,,,,,,,,,,,,,,,,,,,,,,,,,,,,,,,,,,,,,,,,,,,,,,,,,,,,382,420.65
1786544040,136.56,136.56,136.51,136.51,135.89,133.3,,,,,,,,,,,,,,,,,,,,,,,,,,,,,,,,,,,,,,,,,,,,,,,,,,,,196,407.2
1786544100,136.6,136.64,136.44,136.44,135.89,133.3,,,,,,,,,,,,,,,,,,,,,,,,,,,,,,,,,,,,,,,,,,,,,,,,,,,,474,402.95
1786544160,136.48,136.48,136.39,136.39,135.89,133.3,,,,,,,,,,,,,,,,,,,,,,,,,,,,,,,,,,,,,,,,,,,,,,,,,,,,72,382.95
1786544220,136.46,136.54,136.43,136.54,135.89,133.3,,,,,,,,,,,,,,,,,,,,,,,,,,,,,,,,,,,,,,,,,,,,,,,,,,,,244,364.25
1786544280,136.58,136.62,136.52,136.52,135.89,133.3,,,,,,,,,,,,,,,,,,,,,,,,,,,,,,,,,,,,,,,,,,,,,,,,,,,,333,363
1786544340,136.53,136.58,136.41,136.49,135.89,133.3,,,,,,,,,,,,,,,,,,,,,,,,,,,,,,,,,,,,,,,,,,,,,,,,,,,,390,376.9
1786544400,136.54,136.55,136.43,136.48,135.89,133.3,,,,,,,,,,,,,,,,,,,,,,,,,,,,,,,,,,,,,,,,,,,,,,,,,,,,125,347.85
1786544460,136.45,136.5,136.43,136.5,135.89,133.3,,,,,,,,,,,,,,,,,,,,,,,,,,,,,,,,,,,,,,,,,,,,,,,,,,,,401,344.3
1786544520,136.46,136.46,136.44,136.44,135.89,133.3,,,,,,,,,,,,,,,,,,,,,,,,,,,,,,,,,,,,,,,,,,,,,,,,,,,,101,348.95
1786544580,136.48,136.48,136.18,136.18,135.89,133.3,,,,,,,,,,,,,,,,,,,,,,,,,,,,,,,,,,,,,,,,,,,,,,,,,,,,704,380.9
1786544640,136.25,136.25,136.09,136.09,135.89,133.3,,,,,,,,,,,,,,,,,,,,,,,,,,,,,,,,,,,,,,,,,,,,,,,,,,,,984,412.75
1786544700,135.95,135.95,135.82,135.82,135.89,133.3,,,,,,,,,,,,,,,,,,,,,,,,,,,,,,,,,,,,,,,,,,,,,,,,,,,,890,412.5
1786544760,135.89,135.95,135.83,135.95,135.89,133.3,,,,,,,,,,,,,,,,,,,,,,,,,,,,,,,,,,,,,,,,,,,,,,,,,,,,66,411.3
1786544820,135.98,135.98,135.875,135.875,135.89,133.3,,,,,,,,,,,,,,,,,,,,,,,,,,,,,,,,,,,,,,,,,,,,,,,,,,,,334,372.15
1786544880,135.83,135.86,135.82,135.82,135.89,133.3,,,,,,,,,,,,,,,,,,,,,,,,,,,,,,,,,,,,,,,,,,,,,,,,,,,,207,327.1
1786544940,135.75,135.79,135.7,135.78,135.89,133.3,,,,,,,,,,,,,,,,,,,,,,,,,,,,,,,,,,,,,,,,,,,,,,,,,,,,729,362.95
1786545000,135.78,135.8,135.73,135.8,135.89,133.3,,,,,,,,,,,,,,,,,,,,,,,,,,,,,,,,,,,,,,,,,,,,,,,,,,,,160,361.05
1786545060,135.79,135.89,135.72,135.89,135.89,133.3,,,,,,,,,,,,,,,,,,,,,,,,,,,,,,,,,,,,,,,,,,,,,,,,,,,,575,368.45
1786545120,135.72,135.74,135.65,135.74,135.89,133.3,,,,,,,,,,,,,,,,,,,,,,,,,,,,,,,,,,,,,,,,,,,,,,,,,,,,236,380.15
1786545180,135.72,135.73,135.72,135.73,135.89,133.3,,,,,,,,,,,,,,,,,,,,,,,,,,,,,,,,,,,,,,,,,,,,,,,,,,,,17,361.9
1786545240,135.75,136.12,135.75,135.95,135.89,133.3,,,,,,,,,,,,,,,,,,,,,,,,,,,,,,,,,,,,,,,,,,,,,,,,,,,,391,371.65
1786545300,136.01,136.105,135.95,135.95,135.89,133.3,,,,,,,,,,,,,,,,,,,,,,,,,,,,,,,,,,,,,,,,,,,,,,,,,,,,377,366.8
1786545360,135.93,135.93,135.89,135.89,135.89,133.3,,,,,,,,,,,,,,,,,,,,,,,,,,,,,,,,,,,,,,,,,,,,,,,,,,,,132,369.8
1786545420,135.94,135.94,135.88,135.94,135.89,133.3,,,,,,,,,,,,,,,,,,,,,,,,,,,,,,,,,,,,,,,,,,,,,,,,,,,,127,363.95
1786545480,135.97,135.98,135.94,135.94,135.89,133.3,,,,,,,,,,,,,,,,,,,,,,,,,,,,,,,,,,,,,,,,,,,,,,,,,,,,501,372.35
1786545540,135.97,136.07,135.97,136.07,135.89,133.3,,,,,,,,,,,,,,,,,,,,,,,,,,,,,,,,,,,,,,,,,,,,,,,,,,,,82,356.95
1786545600,136.08,136.14,136.08,136.14,135.89,133.3,,,,,,,,,,,,,,,,,,,,,,,,,,,,,,,,,,,,,,,,,,,,,,,,,,,,384,369.9
1786545660,136.09,136.14,136.09,136.14,135.89,133.3,,,,,,,,,,,,,,,,,,,,,,,,,,,,,,,,,,,,,,,,,,,,,,,,,,,,180,358.85
1786545720,136.18,136.2,136.17,136.2,135.89,133.3,,,,,,,,,,,,,,,,,,,,,,,,,,,,,,,,,,,,,,,,,,,,,,,,,,,,165,362.05
1786545780,136.26,136.26,136.24,136.24,135.89,133.3,,,,,,,,,,,,,,,,,,,,,,,,,,,,,,,,,,,,,,,,,,,,,,,,,,,,142,333.95
1786545840,136.22,136.3,136.22,136.29,135.89,133.3,,,,,,,,,,,,,,,,,,,,,,,,,,,,,,,,,,,,,,,,,,,,,,,,,,,,916,330.55
1786545900,136.33,136.44,136.33,136.42,135.89,133.3,,,,,,,,,,,,,,,,,,,,,,,,,,,,,,,,,,,,,,,,,,,,,,,,,,,,253,298.7
1786545960,136.43,136.46,136.41,136.46,135.89,133.3,,,,,,,,,,,,,,,,,,,,,,,,,,,,,,,,,,,,,,,,,,,,,,,,,,,,71,298.95
1786546020,136.44,136.45,136.35,136.35,135.89,133.3,,,,,,,,,,,,,,,,,,,,,,,,,,,,,,,,,,,,,,,,,,,,,,,,,,,,490,306.75
1786546080,136.26,136.3,136.26,136.3,135.89,133.3,,,,,,,,,,,,,,,,,,,,,,,,,,,,,,,,,,,,,,,,,,,,,,,,,,,,155,304.15
1786546140,136.39,136.58,136.39,136.58,135.89,133.3,,,,,,,,,,,,,,,,,,,,,,,,,,,,,,,,,,,,,,,,,,,,,,,,,,,,309,283.15
1786546200,136.64,136.68,136.34,136.34,135.89,133.3,,,,,,,,,,,,,,,,,,,,,,,,,,,,,,,,,,,,,,,,,,,,,,,,,,,,759,313.1
1786546260,136.34,136.38,136.26,136.38,135.89,133.3,,,,,,,,,,,,,,,,,,,,,,,,,,,,,,,,,,,,,,,,,,,,,,,,,,,,892,328.95
1786546320,136.36,136.36,136.36,136.36,135.89,133.3,,,,,,,,,,,,,,,,,,,,,,,,,,,,,,,,,,,,,,,,,,,,,,,,,,,,10,317.65
1786546380,136.33,136.37,136.33,136.37,135.89,133.3,,,,,,,,,,,,,,,,,,,,,,,,,,,,,,,,,,,,,,,,,,,,,,,,,,,,80,320.8
1786546440,136.44,136.47,136.435,136.45,135.89,133.3,,,,,,,,,,,,,,,,,,,,,,,,,,,,,,,,,,,,,,,,,,,,,,,,,,,,612,331.85
1786546500,136.41,136.43,136.4,136.42,135.89,133.3,,,,,,,,,,,,,,,,,,,,,,,,,,,,,,,,,,,,,,,,,,,,,,,,,,,,195,322.75
1786546620,136.5,136.54,136.47,136.54,135.89,133.3,,,,,,,,,,,,,,,,,,,,,,,,,,,,,,,,,,,,,,,,,,,,,,,,,,,,2789,455.6
1786546680,136.535,136.62,136.535,136.56,135.89,133.3,,,,,,,,,,,,,,,,,,,,,,,,,,,,,,,,,,,,,,,,,,,,,,,,,,,,319,465.2
1786546740,136.55,136.57,136.53,136.57,135.89,133.3,,,,,,,,,,,,,,,,,,,,,,,,,,,,,,,,,,,,,,,,,,,,,,,,,,,,1162,498.25
1786546800,136.55,136.55,136.52,136.52,135.89,133.3,,,,,,,,,,,,,,,,,,,,,,,,,,,,,,,,,,,,,,,,,,,,,,,,,,,,245,506.4
1786546860,136.52,136.52,136.43,136.46,135.89,133.3,,,,,,,,,,,,,,,,,,,,,,,,,,,,,,,,,,,,,,,,,,,,,,,,,,,,422,508.3
1786546920,136.43,136.445,136.43,136.445,135.89,133.3,,,,,,,,,,,,,,,,,,,,,,,,,,,,,,,,,,,,,,,,,,,,,,,,,,,,249,511.75
1786546980,136.42,136.42,136.36,136.36,135.89,133.3,,,,,,,,,,,,,,,,,,,,,,,,,,,,,,,,,,,,,,,,,,,,,,,,,,,,392,523.1
1786547040,136.39,136.44,136.35,136.44,135.89,133.3,,,,,,,,,,,,,,,,,,,,,,,,,,,,,,,,,,,,,,,,,,,,,,,,,,,,214,526.7
1786547100,136.38,136.38,136.32,136.32,135.89,133.3,,,,,,,,,,,,,,,,,,,,,,,,,,,,,,,,,,,,,,,,,,,,,,,,,,,,60,483.9
1786547160,136.37,136.49,136.36,136.49,135.89,133.3,,,,,,,,,,,,,,,,,,,,,,,,,,,,,,,,,,,,,,,,,,,,,,,,,,,,128,477.65
1786547220,136.51,136.54,136.38,136.38,135.89,133.3,,,,,,,,,,,,,,,,,,,,,,,,,,,,,,,,,,,,,,,,,,,,,,,,,,,,358,492
1786547280,136.41,136.44,136.41,136.44,135.89,133.3,,,,,,,,,,,,,,,,,,,,,,,,,,,,,,,,,,,,,,,,,,,,,,,,,,,,31,469.05
1786547340,136.38,136.38,136.38,136.38,135.89,133.3,,,,,,,,,,,,,,,,,,,,,,,,,,,,,,,,,,,,,,,,,,,,,,,,,,,,33,462.95
1786547400,136.36,136.36,136.32,136.32,135.89,133.3,,,,,,,,,,,,,,,,,,,,,,,,,,,,,,,,,,,,,,,,,,,,,,,,,,,,116,453.3
1786547460,136.36,136.39,136.35,136.38,135.89,133.3,,,,,,,,,,,,,,,,,,,,,,,,,,,,,,,,,,,,,,,,,,,,,,,,,,,,1040,467.35
1786547520,136.42,136.5,136.42,136.5,135.89,133.3,,,,,,,,,,,,,,,,,,,,,,,,,,,,,,,,,,,,,,,,,,,,,,,,,,,,29,424.2
1786547580,136.51,136.57,136.51,136.57,135.89,133.3,,,,,,,,,,,,,,,,,,,,,,,,,,,,,,,,,,,,,,,,,,,,,,,,,,,,189,433.15
1786547640,136.52,136.52,136.52,136.52,135.89,133.3,,,,,,,,,,,,,,,,,,,,,,,,,,,,,,,,,,,,,,,,,,,,,,,,,,,,2,429.25
1786547700,136.5,136.55,136.5,136.55,135.89,133.3,,,,,,,,,,,,,,,,,,,,,,,,,,,,,,,,,,,,,,,,,,,,,,,,,,,,12,399.25
1786547760,136.55,136.64,136.55,136.64,135.89,133.3,,,,,,,,,,,,,,,,,,,,,,,,,,,,,,,,,,,,,,,,,,,,,,,,,,,,84,393.7
1786547820,136.59,136.59,136.48,136.5,135.89,133.3,,,,,,,,,,,,,,,,,,,,,,,,,,,,,,,,,,,,,,,,,,,,,,,,,,,,262,267.35
1786547880,136.53,136.55,136.53,136.55,135.89,133.3,,,,,,,,,,,,,,,,,,,,,,,,,,,,,,,,,,,,,,,,,,,,,,,,,,,,62,254.5
1786547940,136.52,136.58,136.48,136.58,135.89,133.3,,,,,,,,,,,,,,,,,,,,,,,,,,,,,,,,,,,,,,,,,,,,,,,,,,,,1007,246.75
1786548000,136.56,136.78,136.56,136.72,135.89,133.3,,,,,,,,,,,,,,,,,,,,,,,,,,,,,,,,,,,,,,,,,,,,,,,,,,,,963,282.65
1786548060,136.63,136.68,136.63,136.67,135.89,133.3,,,,,,,,,,,,,,,,,,,,,,,,,,,,,,,,,,,,,,,,,,,,,,,,,,,,347,278.9
1786548120,136.65,136.65,136.5,136.5,135.89,133.3,,,,,,,,,,,,,,,,,,,,,,,,,,,,,,,,,,,,,,,,,,,,,,,,,,,,1353,334.1
1786548180,136.49,136.67,136.49,136.67,135.89,133.3,,,,,,,,,,,,,,,,,,,,,,,,,,,,,,,,,,,,,,,,,,,,,,,,,,,,271,328.05
1786548240,136.66,136.72,136.64,136.69,135.89,133.3,,,,,,,,,,,,,,,,,,,,,,,,,,,,,,,,,,,,,,,,,,,,,,,,,,,,534,344.05
1786548300,136.69,136.98,136.69,136.91,135.89,133.3,,,,,,,,,,,,,,,,,,,,,,,,,,,,,,,,,,,,,,,,,,,,,,,,,,,,1030,392.55
1786548360,136.95,136.96,136.95,136.96,135.89,133.3,,,,,,,,,,,,,,,,,,,,,,,,,,,,,,,,,,,,,,,,,,,,,,,,,,,,50,388.65
1786548420,136.97,137.02,136.84,136.91,135.89,133.3,,,,,,,,,,,,,,,,,,,,,,,,,,,,,,,,,,,,,,,,,,,,,,,,,,,,3311,536.3
1786548480,136.89,136.95,136.89,136.95,135.89,133.3,,,,,,,,,,,,,,,,,,,,,,,,,,,,,,,,,,,,,,,,,,,,,,,,,,,,96,539.55
1786548540,136.96,137.05,136.96,137.03,135.89,133.3,,,,,,,,,,,,,,,,,,,,,,,,,,,,,,,,,,,,,,,,,,,,,,,,,,,,139,544.85
1786548600,137.06,137.1,137.015,137.08,135.89,133.3,,,,,,,,,,,,,,,,,,,,,,,,,,,,,,,,,,,,,,,,,,,,,,,,,,,,2299,654
1786548660,137.07,137.07,137,137,135.89,133.3,,,,,,,,,,,,,,,,,,,,,,,,,,,,,,,,,,,,,,,,,,,,,,,,,,,,1134,658.7
1786548720,137,137.07,136.99,136.99,135.89,133.3,,,,,,,,,,,,,,,,,,,,,,,,,,,,,,,,,,,,,,,,,,,,,,,,,,,,469,680.7
1786548780,136.97,137.02,136.97,136.98,135.89,133.3,,,,,,,,,,,,,,,,,,,,,,,,,,,,,,,,,,,,,,,,,,,,,,,,,,,,984,720.45
1786548840,136.98,137.05,136.98,137.04,135.89,133.3,,,,,,,,,,,,,,,,,,,,,,,,,,,,,,,,,,,,,,,,,,,,,,,,,,,,521,746.4
1786548900,137.03,137.06,137,137.02,135.89,133.3,,,,,,,,,,,,,,,,,,,,,,,,,,,,,,,,,,,,,,,,,,,,,,,,,,,,745,783.05
1786548960,137.01,137.07,137.01,137.02,135.89,133.3,,,,,,,,,,,,,,,,,,,,,,,,,,,,,,,,,,,,,,,,,,,,,,,,,,,,841,820.9
1786549020,137.01,137.01,136.9,136.91,135.89,133.3,,,,,,,,,,,,,,,,,,,,,,,,,,,,,,,,,,,,,,,,,,,,,,,,,,,,1125,864.05
1786549080,136.9,136.96,136.85,136.86,135.89,133.3,,,,,,,,,,,,,,,,,,,,,,,,,,,,,,,,,,,,,,,,,,,,,,,,,,,,1096,915.75
1786549140,136.87,136.89,136.86,136.89,135.89,133.3,,,,,,,,,,,,,,,,,,,,,,,,,,,,,,,,,,,,,,,,,,,,,,,,,,,,72,869
1786549200,136.85,136.97,136.85,136.94,135.89,133.3,,,,,,,,,,,,,,,,,,,,,,,,,,,,,,,,,,,,,,,,,,,,,,,,,,,,210,831.35
1786549260,136.94,136.94,136.9,136.9,135.89,133.3,,,,,,,,,,,,,,,,,,,,,,,,,,,,,,,,,,,,,,,,,,,,,,,,,,,,682,848.1
1786549320,136.89,136.89,136.84,136.86,135.89,133.3,,,,,,,,,,,,,,,,,,,,,,,,,,,,,,,,,,,,,,,,,,,,,,,,,,,,382,799.55
1786549380,136.88,136.93,136.88,136.93,135.89,133.3,,,,,,,,,,,,,,,,,,,,,,,,,,,,,,,,,,,,,,,,,,,,,,,,,,,,189,795.45
1786549440,136.98,137.06,136.98,137.05,135.89,133.3,,,,,,,,,,,,,,,,,,,,,,,,,,,,,,,,,,,,,,,,,,,,,,,,,,,,552,796.35
1786549500,137.03,137.08,137.03,137.07,135.89,133.3,,,,,,,,,,,,,,,,,,,,,,,,,,,,,,,,,,,,,,,,,,,,,,,,,,,,149,752.3
1786549560,137.06,137.06,137.06,137.06,135.89,133.3,,,,,,,,,,,,,,,,,,,,,,,,,,,,,,,,,,,,,,,,,,,,,,,,,,,,77,753.65
1786549620,137.06,137.07,137.01,137.01,135.89,133.3,,,,,,,,,,,,,,,,,,,,,,,,,,,,,,,,,,,,,,,,,,,,,,,,,,,,520,614.1
1786549680,137,137.03,137,137.025,135.89,133.3,,,,,,,,,,,,,,,,,,,,,,,,,,,,,,,,,,,,,,,,,,,,,,,,,,,,253,621.95
1786549740,137.05,137.09,137.05,137.07,135.89,133.3,,,,,,,,,,,,,,,,,,,,,,,,,,,,,,,,,,,,,,,,,,,,,,,,,,,,292,629.6
1786549800,137.07,137.07,137.03,137.03,135.89,133.3,,,,,,,,,,,,,,,,,,,,,,,,,,,,,,,,,,,,,,,,,,,,,,,,,,,,1003,564.8
1786549860,137.03,137.04,137.03,137.04,135.89,133.3,,,,,,,,,,,,,,,,,,,,,,,,,,,,,,,,,,,,,,,,,,,,,,,,,,,,172,516.7
1786549920,137.05,137.09,136.97,136.98,135.89,133.3,,,,,,,,,,,,,,,,,,,,,,,,,,,,,,,,,,,,,,,,,,,,,,,,,,,,311,508.8
1786549980,137.03,137.065,137.03,137.04,135.89,133.3,,,,,,,,,,,,,,,,,,,,,,,,,,,,,,,,,,,,,,,,,,,,,,,,,,,,252,472.2
1786550040,137.06,137.07,137,137,135.89,133.3,,,,,,,,,,,,,,,,,,,,,,,,,,,,,,,,,,,,,,,,,,,,,,,,,,,,624,477.35
1786550100,136.97,136.97,136.75,136.75,135.89,133.3,,,,,,,,,,,,,,,,,,,,,,,,,,,,,,,,,,,,,,,,,,,,,,,,,,,,1864,533.3
1786550160,136.69,136.7,136.65,136.66,135.89,133.3,,,,,,,,,,,,,,,,,,,,,,,,,,,,,,,,,,,,,,,,,,,,,,,,,,,,152,498.85
1786550220,136.7,136.78,136.6,136.67,135.89,133.3,,,,,,,,,,,,,,,,,,,,,,,,,,,,,,,,,,,,,,,,,,,,,,,,,,,,467,465.95
1786550280,136.68,136.68,136.68,136.68,135.89,133.3,,,,,,,,,,,,,,,,,,,,,,,,,,,,,,,,,,,,,,,,,,,,,,,,,,,,35,412.9
1786550340,136.64,136.64,136.59,136.62,135.89,133.3,,,,,,,,,,,,,,,,,,,,,,,,,,,,,,,,,,,,,,,,,,,,,,,,,,,,761,447.35
1786550400,136.59,136.59,136.57,136.57,135.89,133.3,,,,,,,,,,,,,,,,,,,,,,,,,,,,,,,,,,,,,,,,,,,,,,,,,,,,195,446.6
1786550460,136.575,136.79,136.57,136.76,135.89,133.3,,,,,,,,,,,,,,,,,,,,,,,,,,,,,,,,,,,,,,,,,,,,,,,,,,,,1743,499.65
1786550520,136.73,136.73,136.73,136.73,135.89,133.3,,,,,,,,,,,,,,,,,,,,,,,,,,,,,,,,,,,,,,,,,,,,,,,,,,,,24,481.75
1786550580,136.78,136.78,136.67,136.75,135.89,133.3,,,,,,,,,,,,,,,,,,,,,,,,,,,,,,,,,,,,,,,,,,,,,,,,,,,,151,479.85
1786550640,136.76,136.82,136.75,136.8,135.89,133.3,,,,,,,,,,,,,,,,,,,,,,,,,,,,,,,,,,,,,,,,,,,,,,,,,,,,460,475.25
1786550700,136.82,136.82,136.69,136.71,135.89,133.3,,,,,,,,,,,,,,,,,,,,,,,,,,,,,,,,,,,,,,,,,,,,,,,,,,,,771,506.35
1786550760,136.69,136.73,136.69,136.69,135.89,133.3,,,,,,,,,,,,,,,,,,,,,,,,,,,,,,,,,,,,,,,,,,,,,,,,,,,,625,533.75
1786550820,136.65,136.65,136.61,136.61,135.89,133.3,,,,,,,,,,,,,,,,,,,,,,,,,,,,,,,,,,,,,,,,,,,,,,,,,,,,507,533.1
1786550880,136.62,136.73,136.54,136.73,135.89,133.3,,,,,,,,,,,,,,,,,,,,,,,,,,,,,,,,,,,,,,,,,,,,,,,,,,,,794,560.15
1786550940,136.78,136.78,136.78,136.78,135.89,133.3,,,,,,,,,,,,,,,,,,,,,,,,,,,,,,,,,,,,,,,,,,,,,,,,,,,,74,549.25
1786551000,136.77,136.82,136.725,136.725,135.89,133.3,,,,,,,,,,,,,,,,,,,,,,,,,,,,,,,,,,,,,,,,,,,,,,,,,,,,1340,566.1
1786551060,136.73,136.81,136.73,136.81,135.89,133.3,,,,,,,,,,,,,,,,,,,,,,,,,,,,,,,,,,,,,,,,,,,,,,,,,,,,216,568.3
1786551120,136.85,136.98,136.85,136.875,135.89,133.3,,,,,,,,,,,,,,,,,,,,,,,,,,,,,,,,,,,,,,,,,,,,,,,,,,,,2084,656.95
1786551180,136.84,136.85,136.81,136.81,135.89,133.3,,,,,,,,,,,,,,,,,,,,,,,,,,,,,,,,,,,,,,,,,,,,,,,,,,,,350,661.85
1786551240,136.8,136.92,136.8,136.88,135.89,133.3,,,,,,,,,,,,,,,,,,,,,,,,,,,,,,,,,,,,,,,,,,,,,,,,,,,,425,651.9
1786551300,136.88,137.1,136.88,136.96,135.89,133.3,,,,,,,,,,,,,,,,,,,,,,,,,,,,,,,,,,,,,,,,,,,,,,,,,,,,4340,775.7
1786551360,137.005,137.07,136.99,137.07,135.89,133.3,,,,,,,,,,,,,,,,,,,,,,,,,,,,,,,,,,,,,,,,,,,,,,,,,,,,3632,949.7
1786551420,137.07,137.07,136.96,136.98,135.89,133.3,,,,,,,,,,,,,,,,,,,,,,,,,,,,,,,,,,,,,,,,,,,,,,,,,,,,510,951.85
1786551480,137.01,137.01,137.01,137.01,135.89,133.3,,,,,,,,,,,,,,,,,,,,,,,,,,,,,,,,,,,,,,,,,,,,,,,,,,,,2,950.2
1786551540,136.96,136.96,136.89,136.915,135.89,133.3,,,,,,,,,,,,,,,,,,,,,,,,,,,,,,,,,,,,,,,,,,,,,,,,,,,,1416,982.95
1786551600,136.87,136.89,136.87,136.89,135.89,133.3,,,,,,,,,,,,,,,,,,,,,,,,,,,,,,,,,,,,,,,,,,,,,,,,,,,,404,993.4
1786551660,136.85,136.85,136.83,136.83,135.89,133.3,,,,,,,,,,,,,,,,,,,,,,,,,,,,,,,,,,,,,,,,,,,,,,,,,,,,280,920.25
1786551720,136.82,136.82,136.81,136.81,135.89,133.3,,,,,,,,,,,,,,,,,,,,,,,,,,,,,,,,,,,,,,,,,,,,,,,,,,,,23,920.2
1786551780,136.795,136.795,136.72,136.725,135.89,133.3,,,,,,,,,,,,,,,,,,,,,,,,,,,,,,,,,,,,,,,,,,,,,,,,,,,,1989,1012.1
1786551840,136.76,136.83,136.74,136.78,135.89,133.3,,,,,,,,,,,,,,,,,,,,,,,,,,,,,,,,,,,,,,,,,,,,,,,,,,,,5096,1243.9
1786551900,136.785,136.91,136.785,136.91,135.89,133.3,,,,,,,,,,,,,,,,,,,,,,,,,,,,,,,,,,,,,,,,,,,,,,,,,,,,1319,1271.3
1786551960,136.95,137.035,136.95,137.01,135.89,133.3,,,,,,,,,,,,,,,,,,,,,,,,,,,,,,,,,,,,,,,,,,,,,,,,,,,,531,1266.6
1786552020,137,137.015,136.94,136.94,135.89,133.3,,,,,,,,,,,,,,,,,,,,,,,,,,,,,,,,,,,,,,,,,,,,,,,,,,,,789,1280.7
1786552080,136.92,136.92,136.89,136.89,135.89,133.3,,,,,,,,,,,,,,,,,,,,,,,,,,,,,,,,,,,,,,,,,,,,,,,,,,,,520,1267
1786552140,136.86,136.86,136.82,136.82,135.89,133.3,,,,,,,,,,,,,,,,,,,,,,,,,,,,,,,,,,,,,,,,,,,,,,,,,,,,107,1268.65
1786552200,136.8,136.865,136.8,136.865,135.89,133.3,,,,,,,,,,,,,,,,,,,,,,,,,,,,,,,,,,,,,,,,,,,,,,,,,,,,1699,1286.6
1786552260,136.84,136.89,136.84,136.89,135.89,133.3,,,,,,,,,,,,,,,,,,,,,,,,,,,,,,,,,,,,,,,,,,,,,,,,,,,,329,1292.25
1786552320,136.875,136.875,136.82,136.82,135.89,133.3,,,,,,,,,,,,,,,,,,,,,,,,,,,,,,,,,,,,,,,,,,,,,,,,,,,,565,1216.3
1786552380,136.81,136.9,136.81,136.9,135.89,133.3,,,,,,,,,,,,,,,,,,,,,,,,,,,,,,,,,,,,,,,,,,,,,,,,,,,,109,1204.25
1786552440,136.91,136.94,136.88,136.89,135.89,133.3,,,,,,,,,,,,,,,,,,,,,,,,,,,,,,,,,,,,,,,,,,,,,,,,,,,,589,1212.45
1786552500,136.88,136.88,136.87,136.87,135.89,133.3,,,,,,,,,,,,,,,,,,,,,,,,,,,,,,,,,,,,,,,,,,,,,,,,,,,,210,1005.95
1786552560,136.88,136.88,136.87,136.87,135.89,133.3,,,,,,,,,,,,,,,,,,,,,,,,,,,,,,,,,,,,,,,,,,,,,,,,,,,,621,855.4
1786552620,136.86,136.86,136.805,136.81,135.89,133.3,,,,,,,,,,,,,,,,,,,,,,,,,,,,,,,,,,,,,,,,,,,,,,,,,,,,128,836.3
1786552740,136.83,136.84,136.81,136.83,135.89,133.3,,,,,,,,,,,,,,,,,,,,,,,,,,,,,,,,,,,,,,,,,,,,,,,,,,,,387,855.55
1786552800,136.8,136.8,136.73,136.79,135.89,133.3,,,,,,,,,,,,,,,,,,,,,,,,,,,,,,,,,,,,,,,,,,,,,,,,,,,,3006,935.05
1786552860,136.8,136.81,136.795,136.795,135.89,133.3,,,,,,,,,,,,,,,,,,,,,,,,,,,,,,,,,,,,,,,,,,,,,,,,,,,,346,932.15
1786552920,136.82,136.82,136.79,136.79,135.89,133.3,,,,,,,,,,,,,,,,,,,,,,,,,,,,,,,,,,,,,,,,,,,,,,,,,,,,44,920.35
1786552980,136.84,136.89,136.825,136.89,135.89,133.3,,,,,,,,,,,,,,,,,,,,,,,,,,,,,,,,,,,,,,,,,,,,,,,,,,,,74,922.9
1786553040,136.92,136.92,136.85,136.85,135.89,133.3,,,,,,,,,,,,,,,,,,,,,,,,,,,,,,,,,,,,,,,,,,,,,,,,,,,,886,867.75
1786553100,136.86,136.87,136.83,136.83,135.89,133.3,,,,,,,,,,,,,,,,,,,,,,,,,,,,,,,,,,,,,,,,,,,,,,,,,,,,15,613.7
1786553160,136.8,136.84,136.77,136.77,135.89,133.3,,,,,,,,,,,,,,,,,,,,,,,,,,,,,,,,,,,,,,,,,,,,,,,,,,,,6547,875.1
1786553220,136.79,136.79,136.79,136.79,135.89,133.3,,,,,,,,,,,,,,,,,,,,,,,,,,,,,,,,,,,,,,,,,,,,,,,,,,,,102,853.65
1786553280,136.8,136.82,136.795,136.795,135.89,133.3,,,,,,,,,,,,,,,,,,,,,,,,,,,,,,,,,,,,,,,,,,,,,,,,,,,,12,814.8
1786553340,136.795,136.795,136.7,136.75,135.89,133.3,,,,,,,,,,,,,,,,,,,,,,,,,,,,,,,,,,,,,,,,,,,,,,,,,,,,1888,883.2
1786553400,136.69,136.76,136.69,136.76,135.89,133.3,,,,,,,,,,,,,,,,,,,,,,,,,,,,,,,,,,,,,,,,,,,,,,,,,,,,150,885.35
1786553460,136.75,136.75,136.73,136.73,135.89,133.3,,,,,,,,,,,,,,,,,,,,,,,,,,,,,,,,,,,,,,,,,,,,,,,,,,,,373,819.05
1786553520,136.76,136.805,136.76,136.76,135.89,133.3,,,,,,,,,,,,,,,,,,,,,,,,,,,,,,,,,,,,,,,,,,,,,,,,,,,,611,833.15
1786553580,136.8,136.82,136.72,136.82,135.89,133.3,,,,,,,,,,,,,,,,,,,,,,,,,,,,,,,,,,,,,,,,,,,,,,,,,,,,1239,866.85
1786553640,136.82,136.85,136.82,136.85,135.89,133.3,,,,,,,,,,,,,,,,,,,,,,,,,,,,,,,,,,,,,,,,,,,,,,,,,,,,353,879.05
1786553700,136.85,136.85,136.83,136.83,135.89,133.3,,,,,,,,,,,,,,,,,,,,,,,,,,,,,,,,,,,,,,,,,,,,,,,,,,,,79,853.55
1786553760,136.8,136.83,136.8,136.83,135.89,133.3,,,,,,,,,,,,,,,,,,,,,,,,,,,,,,,,,,,,,,,,,,,,,,,,,,,,211,853.6
1786553820,136.82,136.85,136.8,136.8,135.89,133.3,,,,,,,,,,,,,,,,,,,,,,,,,,,,,,,,,,,,,,,,,,,,,,,,,,,,209,833
1786553880,136.79,136.79,136.79,136.79,135.89,133.3,,,,,,,,,,,,,,,,,,,,,,,,,,,,,,,,,,,,,,,,,,,,,,,,,,,,5,826.85
1786553940,136.85,136.86,136.84,136.86,135.89,133.3,,,,,,,,,,,,,,,,,,,,,,,,,,,,,,,,,,,,,,,,,,,,,,,,,,,,260,820.5
1786554000,136.88,136.88,136.84,136.84,135.89,133.3,,,,,,,,,,,,,,,,,,,,,,,,,,,,,,,,,,,,,,,,,,,,,,,,,,,,344,687.4
1786554060,136.85,136.85,136.79,136.79,135.89,133.3,,,,,,,,,,,,,,,,,,,,,,,,,,,,,,,,,,,,,,,,,,,,,,,,,,,,519,696.05
1786554120,136.75,136.75,136.75,136.75,135.89,133.3,,,,,,,,,,,,,,,,,,,,,,,,,,,,,,,,,,,,,,,,,,,,,,,,,,,,3,694
1786554180,136.745,136.745,136.7,136.72,135.89,133.3,,,,,,,,,,,,,,,,,,,,,,,,,,,,,,,,,,,,,,,,,,,,,,,,,,,,1761,778.35
1786554240,136.7,136.72,136.67,136.7,135.89,133.3,,,,,,,,,,,,,,,,,,,,,,,,,,,,,,,,,,,,,,,,,,,,,,,,,,,,1863,827.2
1786554300,136.67,136.69,136.64,136.68,135.89,133.3,,,,,,,,,,,,,,,,,,,,,,,,,,,,,,,,,,,,,,,,,,,,,,,,,,,,1198,886.35
1786554360,136.7,136.74,136.7,136.74,135.89,133.3,,,,,,,,,,,,,,,,,,,,,,,,,,,,,,,,,,,,,,,,,,,,,,,,,,,,582,588.1
1786554420,136.75,136.75,136.69,136.69,135.89,133.3,,,,,,,,,,,,,,,,,,,,,,,,,,,,,,,,,,,,,,,,,,,,,,,,,,,,859,625.95
1786554480,136.69,136.69,136.68,136.68,135.89,133.3,,,,,,,,,,,,,,,,,,,,,,,,,,,,,,,,,,,,,,,,,,,,,,,,,,,,104,630.55
1786554540,136.68,136.68,136.585,136.585,135.89,133.3,,,,,,,,,,,,,,,,,,,,,,,,,,,,,,,,,,,,,,,,,,,,,,,,,,,,1164,594.35
1786554600,136.58,136.58,136.53,136.55,135.89,133.3,,,,,,,,,,,,,,,,,,,,,,,,,,,,,,,,,,,,,,,,,,,,,,,,,,,,299,601.8
1786554660,136.53,136.53,136.41,136.41,135.89,133.3,,,,,,,,,,,,,,,,,,,,,,,,,,,,,,,,,,,,,,,,,,,,,,,,,,,,1013,633.8
1786554720,136.44,136.44,136.34,136.35,135.89,133.3,,,,,,,,,,,,,,,,,,,,,,,,,,,,,,,,,,,,,,,,,,,,,,,,,,,,539,630.2
1786554780,136.355,136.355,136.355,136.355,135.89,133.3,,,,,,,,,,,,,,,,,,,,,,,,,,,,,,,,,,,,,,,,,,,,,,,,,,,,70,571.75
1786554840,136.35,136.35,136.31,136.32,135.89,133.3,,,,,,,,,,,,,,,,,,,,,,,,,,,,,,,,,,,,,,,,,,,,,,,,,,,,14,554.8
1786554900,136.33,136.33,136.31,136.32,135.89,133.3,,,,,,,,,,,,,,,,,,,,,,,,,,,,,,,,,,,,,,,,,,,,,,,,,,,,175,559.6
1786554960,136.29,136.3,136.29,136.3,135.89,133.3,,,,,,,,,,,,,,,,,,,,,,,,,,,,,,,,,,,,,,,,,,,,,,,,,,,,135,555.8
1786555020,136.29,136.29,136.24,136.26,135.89,133.3,,,,,,,,,,,,,,,,,,,,,,,,,,,,,,,,,,,,,,,,,,,,,,,,,,,,781,584.4
1786555080,136.23,136.23,136.18,136.18,135.89,133.3,,,,,,,,,,,,,,,,,,,,,,,,,,,,,,,,,,,,,,,,,,,,,,,,,,,,710,619.65
1786555140,136.17,136.25,136.17,136.25,135.89,133.3,,,,,,,,,,,,,,,,,,,,,,,,,,,,,,,,,,,,,,,,,,,,,,,,,,,,51,609.2
1786555200,136.26,136.26,136.18,136.18,135.89,133.3,,,,,,,,,,,,,,,,,,,,,,,,,,,,,,,,,,,,,,,,,,,,,,,,,,,,937,638.85
1786555260,136.15,136.15,136.1,136.1,135.89,133.3,,,,,,,,,,,,,,,,,,,,,,,,,,,,,,,,,,,,,,,,,,,,,,,,,,,,565,641.15
1786555320,136.1,136.1,136.1,136.1,135.89,133.3,,,,,,,,,,,,,,,,,,,,,,,,,,,,,,,,,,,,,,,,,,,,,,,,,,,,125,647.25
1786555380,136.09,136.09,136.05,136.05,135.89,133.3,,,,,,,,,,,,,,,,,,,,,,,,,,,,,,,,,,,,,,,,,,,,,,,,,,,,1514,634.9
1786555440,136.02,136.03,136.02,136.025,135.89,133.3,,,,,,,,,,,,,,,,,,,,,,,,,,,,,,,,,,,,,,,,,,,,,,,,,,,,169,550.2
1786555500,136.02,136.05,135.99,136.05,135.89,133.3,,,,,,,,,,,,,,,,,,,,,,,,,,,,,,,,,,,,,,,,,,,,,,,,,,,,1172,548.9
1786555560,136.07,136.07,136.01,136.01,135.89,133.3,,,,,,,,,,,,,,,,,,,,,,,,,,,,,,,,,,,,,,,,,,,,,,,,,,,,84,524
1786555620,136.01,136.02,135.96,135.96,135.89,133.3,,,,,,,,,,,,,,,,,,,,,,,,,,,,,,,,,,,,,,,,,,,,,,,,,,,,1471,554.6
1786555680,135.95,135.95,135.94,135.94,135.89,133.3,,,,,,,,,,,,,,,,,,,,,,,,,,,,,,,,,,,,,,,,,,,,,,,,,,,,334,566.1
1786555740,135.93,135.93,135.9,135.9,135.89,133.3,,,,,,,,,,,,,,,,,,,,,,,,,,,,,,,,,,,,,,,,,,,,,,,,,,,,502,533
1786555800,135.88,135.9,135.88,135.88,135.89,133.3,,,,,,,,,,,,,,,,,,,,,,,,,,,,,,,,,,,,,,,,,,,,,,,,,,,,341,535.1
1786555860,135.87,135.87,135.85,135.86,135.89,133.3,,,,,,,,,,,,,,,,,,,,,,,,,,,,,,,,,,,,,,,,,,,,,,,,,,,,126,490.75
1786555920,135.88,135.98,135.88,135.98,135.89,133.3,,,,,,,,,,,,,,,,,,,,,,,,,,,,,,,,,,,,,,,,,,,,,,,,,,,,735,500.55
1786555980,135.96,136.03,135.96,136.03,135.89,133.3,,,,,,,,,,,,,,,,,,,,,,,,,,,,,,,,,,,,,,,,,,,,,,,,,,,,263,510.2
1786556040,136.01,136.05,135.98,135.99,135.89,133.3,,,,,,,,,,,,,,,,,,,,,,,,,,,,,,,,,,,,,,,,,,,,,,,,,,,,870,553
1786556100,135.97,135.97,135.96,135.96,135.89,133.3,,,,,,,,,,,,,,,,,,,,,,,,,,,,,,,,,,,,,,,,,,,,,,,,,,,,95,549
1786556160,135.94,135.94,135.91,135.92,135.89,133.3,,,,,,,,,,,,,,,,,,,,,,,,,,,,,,,,,,,,,,,,,,,,,,,,,,,,530,568.75
1786556220,135.95,135.975,135.925,135.94,135.89,133.3,,,,,,,,,,,,,,,,,,,,,,,,,,,,,,,,,,,,,,,,,,,,,,,,,,,,987,579.05
1786556280,135.94,135.94,135.91,135.915,135.89,133.3,,,,,,,,,,,,,,,,,,,,,,,,,,,,,,,,,,,,,,,,,,,,,,,,,,,,436,565.35
1786556340,135.95,135.97,135.93,135.96,135.89,133.3,,,,,,,,,,,,,,,,,,,,,,,,,,,,,,,,,,,,,,,,,,,,,,,,,,,,1217,623.65
1786556400,135.94,135.94,135.86,135.91,135.89,133.3,,,,,,,,,,,,,,,,,,,,,,,,,,,,,,,,,,,,,,,,,,,,,,,,,,,,1037,628.65
1786556460,135.89,135.89,135.85,135.87,135.89,133.3,,,,,,,,,,,,,,,,,,,,,,,,,,,,,,,,,,,,,,,,,,,,,,,,,,,,286,614.7
1786556520,135.89,135.9,135.89,135.9,135.89,133.3,,,,,,,,,,,,,,,,,,,,,,,,,,,,,,,,,,,,,,,,,,,,,,,,,,,,180,617.45
1786556580,135.92,135.95,135.92,135.95,135.89,133.3,,,,,,,,,,,,,,,,,,,,,,,,,,,,,,,,,,,,,,,,,,,,,,,,,,,,250,554.25
1786556640,135.98,135.98,135.98,135.98,135.89,133.3,,,,,,,,,,,,,,,,,,,,,,,,,,,,,,,,,,,,,,,,,,,,,,,,,,,,1,545.85
1786556700,135.98,135.99,135.94,135.94,135.89,133.3,,,,,,,,,,,,,,,,,,,,,,,,,,,,,,,,,,,,,,,,,,,,,,,,,,,,650,519.75
1786556760,135.95,135.95,135.94,135.94,135.89,133.3,,,,,,,,,,,,,,,,,,,,,,,,,,,,,,,,,,,,,,,,,,,,,,,,,,,,212,526.15
1786556820,135.94,135.94,135.94,135.94,135.89,133.3,,,,,,,,,,,,,,,,,,,,,,,,,,,,,,,,,,,,,,,,,,,,,,,,,,,,13,453.25
1786556880,135.96,135.99,135.96,135.97,135.89,133.3,,,,,,,,,,,,,,,,,,,,,,,,,,,,,,,,,,,,,,,,,,,,,,,,,,,,434,458.25
1786556940,135.98,136.05,135.98,136.05,135.89,133.3,,,,,,,,,,,,,,,,,,,,,,,,,,,,,,,,,,,,,,,,,,,,,,,,,,,,677,467
1786557000,136.05,136.05,136.02,136.04,135.89,133.3,,,,,,,,,,,,,,,,,,,,,,,,,,,,,,,,,,,,,,,,,,,,,,,,,,,,248,462.35
1786557060,136.06,136.06,135.985,135.985,135.89,133.3,,,,,,,,,,,,,,,,,,,,,,,,,,,,,,,,,,,,,,,,,,,,,,,,,,,,801,496.1
1786557120,136,136,136,136,135.89,133.3,,,,,,,,,,,,,,,,,,,,,,,,,,,,,,,,,,,,,,,,,,,,,,,,,,,,2,459.45
1786557180,135.98,135.98,135.93,135.93,135.89,133.3,,,,,,,,,,,,,,,,,,,,,,,,,,,,,,,,,,,,,,,,,,,,,,,,,,,,360,464.3
1786557240,135.92,135.94,135.9,135.91,135.89,133.3,,,,,,,,,,,,,,,,,,,,,,,,,,,,,,,,,,,,,,,,,,,,,,,,,,,,802,460.9
1786557300,135.93,136.01,135.93,135.98,135.89,133.3,,,,,,,,,,,,,,,,,,,,,,,,,,,,,,,,,,,,,,,,,,,,,,,,,,,,421,477.2
1786557360,135.99,136.02,135.98,136.02,135.89,133.3,,,,,,,,,,,,,,,,,,,,,,,,,,,,,,,,,,,,,,,,,,,,,,,,,,,,794,490.4
1786557420,135.99,135.99,135.96,135.96,135.89,133.3,,,,,,,,,,,,,,,,,,,,,,,,,,,,,,,,,,,,,,,,,,,,,,,,,,,,499,466
1786557480,135.97,135.99,135.96,135.96,135.89,133.3,,,,,,,,,,,,,,,,,,,,,,,,,,,,,,,,,,,,,,,,,,,,,,,,,,,,162,452.3
1786557540,135.95,135.97,135.95,135.97,135.89,133.3,,,,,,,,,,,,,,,,,,,,,,,,,,,,,,,,,,,,,,,,,,,,,,,,,,,,321,407.5
1786557600,135.97,136.01,135.87,135.88,135.89,133.3,,,,,,,,,,,,,,,,,,,,,,,,,,,,,,,,,,,,,,,,,,,,,,,,,,,,954,403.35
1786557660,135.87,135.87,135.84,135.845,135.89,133.3,,,,,,,,,,,,,,,,,,,,,,,,,,,,,,,,,,,,,,,,,,,,,,,,,,,,366,407.35
1786557720,135.83,135.87,135.815,135.87,135.89,133.3,,,,,,,,,,,,,,,,,,,,,,,,,,,,,,,,,,,,,,,,,,,,,,,,,,,,851,440.9
1786557780,135.87,135.98,135.865,135.98,135.89,133.3,,,,,,,,,,,,,,,,,,,,,,,,,,,,,,,,,,,,,,,,,,,,,,,,,,,,471,451.95
1786557840,135.96,135.99,135.935,135.99,135.89,133.3,,,,,,,,,,,,,,,,,,,,,,,,,,,,,,,,,,,,,,,,,,,,,,,,,,,,161,459.95
1786557900,135.97,135.97,135.96,135.96,135.89,133.3,,,,,,,,,,,,,,,,,,,,,,,,,,,,,,,,,,,,,,,,,,,,,,,,,,,,30,428.95
1786557960,136.01,136.03,135.96,135.96,135.89,133.3,,,,,,,,,,,,,,,,,,,,,,,,,,,,,,,,,,,,,,,,,,,,,,,,,,,,585,447.6
1786558020,135.97,135.99,135.93,135.93,135.89,133.3,,,,,,,,,,,,,,,,,,,,,,,,,,,,,,,,,,,,,,,,,,,,,,,,,,,,173,455.6
1786558080,135.92,135.92,135.88,135.88,135.89,133.3,,,,,,,,,,,,,,,,,,,,,,,,,,,,,,,,,,,,,,,,,,,,,,,,,,,,463,457.05
1786558140,135.87,135.87,135.75,135.75,135.89,133.3,,,,,,,,,,,,,,,,,,,,,,,,,,,,,,,,,,,,,,,,,,,,,,,,,,,,782,462.3
1786558200,135.77,135.77,135.74,135.75,135.89,133.3,,,,,,,,,,,,,,,,,,,,,,,,,,,,,,,,,,,,,,,,,,,,,,,,,,,,601,479.95
1786558260,135.74,135.76,135.73,135.75,135.89,133.3,,,,,,,,,,,,,,,,,,,,,,,,,,,,,,,,,,,,,,,,,,,,,,,,,,,,358,457.8
1786558320,135.72,135.73,135.69,135.69,135.89,133.3,,,,,,,,,,,,,,,,,,,,,,,,,,,,,,,,,,,,,,,,,,,,,,,,,,,,934,504.4
1786558380,135.69,135.75,135.69,135.75,135.89,133.3,,,,,,,,,,,,,,,,,,,,,,,,,,,,,,,,,,,,,,,,,,,,,,,,,,,,11,486.95
1786558440,135.69,135.69,135.69,135.69,135.89,133.3,,,,,,,,,,,,,,,,,,,,,,,,,,,,,,,,,,,,,,,,,,,,,,,,,,,,296,461.65
1786558500,135.7,135.7,135.68,135.68,135.89,133.3,,,,,,,,,,,,,,,,,,,,,,,,,,,,,,,,,,,,,,,,,,,,,,,,,,,,663,473.75
1786558560,135.68,135.71,135.64,135.64,135.89,133.3,,,,,,,,,,,,,,,,,,,,,,,,,,,,,,,,,,,,,,,,,,,,,,,,,,,,480,458.05
1786558620,135.62,135.63,135.59,135.59,135.89,133.3,,,,,,,,,,,,,,,,,,,,,,,,,,,,,,,,,,,,,,,,,,,,,,,,,,,,657,465.95
1786558680,135.61,135.72,135.61,135.69,135.89,133.3,,,,,,,,,,,,,,,,,,,,,,,,,,,,,,,,,,,,,,,,,,,,,,,,,,,,618,488.75
1786558740,135.71,135.81,135.71,135.77,135.89,133.3,,,,,,,,,,,,,,,,,,,,,,,,,,,,,,,,,,,,,,,,,,,,,,,,,,,,1172,531.3
1786558800,135.75,135.75,135.67,135.7,135.89,133.3,,,,,,,,,,,,,,,,,,,,,,,,,,,,,,,,,,,,,,,,,,,,,,,,,,,,1407,553.95
1786558860,135.655,135.66,135.64,135.66,135.89,133.3,,,,,,,,,,,,,,,,,,,,,,,,,,,,,,,,,,,,,,,,,,,,,,,,,,,,164,543.85
1786558920,135.63,135.63,135.58,135.59,135.89,133.3,,,,,,,,,,,,,,,,,,,,,,,,,,,,,,,,,,,,,,,,,,,,,,,,,,,,621,532.35
1786558980,135.57,135.58,135.55,135.55,135.89,133.3,,,,,,,,,,,,,,,,,,,,,,,,,,,,,,,,,,,,,,,,,,,,,,,,,,,,901,553.85
1786559040,135.555,135.59,135.54,135.58,135.89,133.3,,,,,,,,,,,,,,,,,,,,,,,,,,,,,,,,,,,,,,,,,,,,,,,,,,,,574,574.5
1786559100,135.57,135.57,135.55,135.55,135.89,133.3,,,,,,,,,,,,,,,,,,,,,,,,,,,,,,,,,,,,,,,,,,,,,,,,,,,,160,581
1786559160,135.58,135.65,135.58,135.65,135.89,133.3,,,,,,,,,,,,,,,,,,,,,,,,,,,,,,,,,,,,,,,,,,,,,,,,,,,,359,569.7
1786559220,135.65,135.68,135.64,135.64,135.89,133.3,,,,,,,,,,,,,,,,,,,,,,,,,,,,,,,,,,,,,,,,,,,,,,,,,,,,670,594.55
1786559280,135.63,135.63,135.61,135.61,135.89,133.3,,,,,,,,,,,,,,,,,,,,,,,,,,,,,,,,,,,,,,,,,,,,,,,,,,,,71,574.95
1786559340,135.605,135.605,135.56,135.56,135.89,133.3,,,,,,,,,,,,,,,,,,,,,,,,,,,,,,,,,,,,,,,,,,,,,,,,,,,,547,563.2
1786559400,135.57,135.58,135.465,135.465,135.89,133.3,,,,,,,,,,,,,,,,,,,,,,,,,,,,,,,,,,,,,,,,,,,,,,,,,,,,986,582.45
1786559460,135.47,135.5,135.47,135.5,135.89,133.3,,,,,,,,,,,,,,,,,,,,,,,,,,,,,,,,,,,,,,,,,,,,,,,,,,,,926,610.85
1786559520,135.55,135.58,135.53,135.55,135.89,133.3,,,,,,,,,,,,,,,,,,,,,,,,,,,,,,,,,,,,,,,,,,,,,,,,,,,,747,601.5
1786559580,135.59,135.63,135.58,135.63,135.89,133.3,,,,,,,,,,,,,,,,,,,,,,,,,,,,,,,,,,,,,,,,,,,,,,,,,,,,453,623.6
1786559640,135.62,135.66,135.62,135.66,135.89,133.3,,,,,,,,,,,,,,,,,,,,,,,,,,,,,,,,,,,,,,,,,,,,,,,,,,,,57,611.65
1786559700,135.64,135.67,135.64,135.67,135.89,133.3,,,,,,,,,,,,,,,,,,,,,,,,,,,,,,,,,,,,,,,,,,,,,,,,,,,,374,597.2
1786559760,135.65,135.65,135.64,135.65,135.89,133.3,,,,,,,,,,,,,,,,,,,,,,,,,,,,,,,,,,,,,,,,,,,,,,,,,,,,280,587.2
1786559820,135.65,135.67,135.6,135.605,135.89,133.3,,,,,,,,,,,,,,,,,,,,,,,,,,,,,,,,,,,,,,,,,,,,,,,,,,,,597,584.2
1786559880,135.59,135.64,135.585,135.64,135.89,133.3,,,,,,,,,,,,,,,,,,,,,,,,,,,,,,,,,,,,,,,,,,,,,,,,,,,,772,591.9
1786559940,135.63,135.76,135.63,135.75,135.89,133.3,,,,,,,,,,,,,,,,,,,,,,,,,,,,,,,,,,,,,,,,,,,,,,,,,,,,509,558.75
1786560000,135.74,135.82,135.73,135.78,135.89,133.3,,,,,,,,,,,,,,,,,,,,,,,,,,,,,,,,,,,,,,,,,,,,,,,,,,,,2300,603.4
1786560060,135.76,135.76,135.73,135.73,135.89,133.3,,,,,,,,,,,,,,,,,,,,,,,,,,,,,,,,,,,,,,,,,,,,,,,,,,,,226,606.5
1786560120,135.76,135.76,135.76,135.76,135.89,133.3,,,,,,,,,,,,,,,,,,,,,,,,,,,,,,,,,,,,,,,,,,,,,,,,,,,,2,575.55
1786560180,135.73,135.77,135.73,135.77,135.89,133.3,,,,,,,,,,,,,,,,,,,,,,,,,,,,,,,,,,,,,,,,,,,,,,,,,,,,205,540.75
1786560240,135.8,135.8,135.8,135.8,135.89,133.3,,,,,,,,,,,,,,,,,,,,,,,,,,,,,,,,,,,,,,,,,,,,,,,,,,,,100,517.05
1786560300,135.81,135.83,135.81,135.83,135.89,133.3,,,,,,,,,,,,,,,,,,,,,,,,,,,,,,,,,,,,,,,,,,,,,,,,,,,,435,530.8
1786560360,135.84,135.85,135.83,135.83,135.89,133.3,,,,,,,,,,,,,,,,,,,,,,,,,,,,,,,,,,,,,,,,,,,,,,,,,,,,657,545.7
1786560420,135.845,135.845,135.8,135.8,135.89,133.3,,,,,,,,,,,,,,,,,,,,,,,,,,,,,,,,,,,,,,,,,,,,,,,,,,,,404,532.4
1786560480,135.8,135.89,135.8,135.89,135.89,133.3,,,,,,,,,,,,,,,,,,,,,,,,,,,,,,,,,,,,,,,,,,,,,,,,,,,,1134,585.55
1786560540,135.89,135.89,135.83,135.86,135.89,133.3,,,,,,,,,,,,,,,,,,,,,,,,,,,,,,,,,,,,,,,,,,,,,,,,,,,,46,560.5
1786560600,135.86,135.91,135.86,135.9,135.89,133.3,,,,,,,,,,,,,,,,,,,,,,,,,,,,,,,,,,,,,,,,,,,,,,,,,,,,435,532.95
1786560660,135.87,135.92,135.87,135.9,135.89,133.3,,,,,,,,,,,,,,,,,,,,,,,,,,,,,,,,,,,,,,,,,,,,,,,,,,,,1022,537.75
1786560720,135.93,135.94,135.92,135.92,135.89,133.3,,,,,,,,,,,,,,,,,,,,,,,,,,,,,,,,,,,,,,,,,,,,,,,,,,,,369,518.85
1786560780,135.9,135.9,135.9,135.9,135.89,133.3,,,,,,,,,,,,,,,,,,,,,,,,,,,,,,,,,,,,,,,,,,,,,,,,,,,,205,506.45
1786560840,135.9,135.96,135.9,135.96,135.89,133.3,,,,,,,,,,,,,,,,,,,,,,,,,,,,,,,,,,,,,,,,,,,,,,,,,,,,555,531.35
1786560900,135.95,136,135.95,135.96,135.89,133.3,,,,,,,,,,,,,,,,,,,,,,,,,,,,,,,,,,,,,,,,,,,,,,,,,,,,1577,591.5
1786560960,135.96,135.98,135.96,135.98,135.89,133.3,,,,,,,,,,,,,,,,,,,,,,,,,,,,,,,,,,,,,,,,,,,,,,,,,,,,159,585.45
1786561020,135.98,135.98,135.93,135.94,135.89,133.3,,,,,,,,,,,,,,,,,,,,,,,,,,,,,,,,,,,,,,,,,,,,,,,,,,,,1679,639.55
1786561080,135.92,135.92,135.91,135.91,135.89,133.3,,,,,,,,,,,,,,,,,,,,,,,,,,,,,,,,,,,,,,,,,,,,,,,,,,,,240,612.95
1786561140,135.92,135.92,135.86,135.86,135.89,133.3,,,,,,,,,,,,,,,,,,,,,,,,,,,,,,,,,,,,,,,,,,,,,,,,,,,,230,599
1786561200,135.88,135.88,135.83,135.83,135.89,133.3,,,,,,,,,,,,,,,,,,,,,,,,,,,,,,,,,,,,,,,,,,,,,,,,,,,,461,507.05
1786561260,135.85,135.93,135.82,135.93,135.89,133.3,,,,,,,,,,,,,,,,,,,,,,,,,,,,,,,,,,,,,,,,,,,,,,,,,,,,1771,584.3
1786561320,135.96,135.96,135.88,135.89,135.89,133.3,,,,,,,,,,,,,,,,,,,,,,,,,,,,,,,,,,,,,,,,,,,,,,,,,,,,1919,680.15
1786561380,135.93,135.93,135.93,135.93,135.89,133.3,,,,,,,,,,,,,,,,,,,,,,,,,,,,,,,,,,,,,,,,,,,,,,,,,,,,198,679.8
1786561440,135.91,135.92,135.91,135.92,135.89,133.3,,,,,,,,,,,,,,,,,,,,,,,,,,,,,,,,,,,,,,,,,,,,,,,,,,,,304,690
1786561500,135.91,135.91,135.83,135.835,135.89,133.3,,,,,,,,,,,,,,,,,,,,,,,,,,,,,,,,,,,,,,,,,,,,,,,,,,,,1056,721.05
1786561560,135.85,135.85,135.85,135.85,135.89,133.3,,,,,,,,,,,,,,,,,,,,,,,,,,,,,,,,,,,,,,,,,,,,,,,,,,,,49,690.65
1786561620,135.84,135.84,135.79,135.8,135.89,133.3,,,,,,,,,,,,,,,,,,,,,,,,,,,,,,,,,,,,,,,,,,,,,,,,,,,,621,701.5
1786561680,135.81,135.89,135.81,135.835,135.89,133.3,,,,,,,,,,,,,,,,,,,,,,,,,,,,,,,,,,,,,,,,,,,,,,,,,,,,1366,713.1
1786561740,135.85,135.89,135.85,135.89,135.89,133.3,,,,,,,,,,,,,,,,,,,,,,,,,,,,,,,,,,,,,,,,,,,,,,,,,,,,353,728.45
1786561800,135.92,135.92,135.77,135.78,135.89,133.3,,,,,,,,,,,,,,,,,,,,,,,,,,,,,,,,,,,,,,,,,,,,,,,,,,,,1536,783.5
1786561860,135.77,135.77,135.74,135.74,135.89,133.3,,,,,,,,,,,,,,,,,,,,,,,,,,,,,,,,,,,,,,,,,,,,,,,,,,,,600,762.4
1786561920,135.74,135.79,135.73,135.79,135.89,133.3,,,,,,,,,,,,,,,,,,,,,,,,,,,,,,,,,,,,,,,,,,,,,,,,,,,,605,774.2
1786561980,135.79,135.81,135.76,135.77,135.89,133.3,,,,,,,,,,,,,,,,,,,,,,,,,,,,,,,,,,,,,,,,,,,,,,,,,,,,778,802.85
1786562040,135.76,135.76,135.71,135.71,135.89,133.3,,,,,,,,,,,,,,,,,,,,,,,,,,,,,,,,,,,,,,,,,,,,,,,,,,,,596,804.9
1786562100,135.74,135.74,135.67,135.7,135.89,133.3,,,,,,,,,,,,,,,,,,,,,,,,,,,,,,,,,,,,,,,,,,,,,,,,,,,,806,766.35
1786562160,135.7,135.73,135.61,135.61,135.89,133.3,,,,,,,,,,,,,,,,,,,,,,,,,,,,,,,,,,,,,,,,,,,,,,,,,,,,844,800.6
1786562220,135.64,135.71,135.64,135.69,135.89,133.3,,,,,,,,,,,,,,,,,,,,,,,,,,,,,,,,,,,,,,,,,,,,,,,,,,,,575,745.4
1786562280,135.715,135.73,135.715,135.72,135.89,133.3,,,,,,,,,,,,,,,,,,,,,,,,,,,,,,,,,,,,,,,,,,,,,,,,,,,,485,757.65
1786562340,135.74,135.78,135.74,135.78,135.89,133.3,,,,,,,,,,,,,,,,,,,,,,,,,,,,,,,,,,,,,,,,,,,,,,,,,,,,378,765.05
1786562400,135.77,135.78,135.76,135.77,135.89,133.3,,,,,,,,,,,,,,,,,,,,,,,,,,,,,,,,,,,,,,,,,,,,,,,,,,,,411,762.55
1786562460,135.79,135.79,135.78,135.78,135.89,133.3,,,,,,,,,,,,,,,,,,,,,,,,,,,,,,,,,,,,,,,,,,,,,,,,,,,,47,676.35
1786562520,135.78,135.79,135.74,135.74,135.89,133.3,,,,,,,,,,,,,,,,,,,,,,,,,,,,,,,,,,,,,,,,,,,,,,,,,,,,529,606.85
1786562580,135.74,135.76,135.73,135.75,135.89,133.3,,,,,,,,,,,,,,,,,,,,,,,,,,,,,,,,,,,,,,,,,,,,,,,,,,,,371,615.5
1786562640,135.755,135.755,135.72,135.72,135.89,133.3,,,,,,,,,,,,,,,,,,,,,,,,,,,,,,,,,,,,,,,,,,,,,,,,,,,,327,616.65
1786562700,135.735,135.75,135.71,135.71,135.89,133.3,,,,,,,,,,,,,,,,,,,,,,,,,,,,,,,,,,,,,,,,,,,,,,,,,,,,775,602.6
1786562760,135.72,135.76,135.72,135.72,135.89,133.3,,,,,,,,,,,,,,,,,,,,,,,,,,,,,,,,,,,,,,,,,,,,,,,,,,,,302,615.25
1786562820,135.72,135.76,135.68,135.75,135.89,133.3,,,,,,,,,,,,,,,,,,,,,,,,,,,,,,,,,,,,,,,,,,,,,,,,,,,,788,623.6
1786562880,135.74,135.74,135.7,135.7,135.89,133.3,,,,,,,,,,,,,,,,,,,,,,,,,,,,,,,,,,,,,,,,,,,,,,,,,,,,170,563.8
1786562940,135.73,135.76,135.73,135.76,135.89,133.3,,,,,,,,,,,,,,,,,,,,,,,,,,,,,,,,,,,,,,,,,,,,,,,,,,,,661,579.2
1786563000,135.76,135.8,135.76,135.8,135.89,133.3,,,,,,,,,,,,,,,,,,,,,,,,,,,,,,,,,,,,,,,,,,,,,,,,,,,,1448,574.8
1786563060,135.82,135.89,135.82,135.87,135.89,133.3,,,,,,,,,,,,,,,,,,,,,,,,,,,,,,,,,,,,,,,,,,,,,,,,,,,,919,590.75
1786563120,135.88,135.89,135.87,135.87,135.89,133.3,,,,,,,,,,,,,,,,,,,,,,,,,,,,,,,,,,,,,,,,,,,,,,,,,,,,398,580.4
1786563180,135.91,135.94,135.89,135.94,135.89,133.3,,,,,,,,,,,,,,,,,,,,,,,,,,,,,,,,,,,,,,,,,,,,,,,,,,,,1478,615.4
1786563240,135.95,135.97,135.93,135.97,135.89,133.3,,,,,,,,,,,,,,,,,,,,,,,,,,,,,,,,,,,,,,,,,,,,,,,,,,,,734,622.3
1786563300,135.97,136.06,135.97,136.01,135.89,133.3,,,,,,,,,,,,,,,,,,,,,,,,,,,,,,,,,,,,,,,,,,,,,,,,,,,,796,621.8
1786563360,136.01,136.09,136.01,136.09,135.89,133.3,,,,,,,,,,,,,,,,,,,,,,,,,,,,,,,,,,,,,,,,,,,,,,,,,,,,581,608.65
1786563420,136.09,136.18,136.08,136.17,135.89,133.3,,,,,,,,,,,,,,,,,,,,,,,,,,,,,,,,,,,,,,,,,,,,,,,,,,,,860,622.9
1786563480,136.19,136.2,136.16,136.16,135.89,133.3,,,,,,,,,,,,,,,,,,,,,,,,,,,,,,,,,,,,,,,,,,,,,,,,,,,,681,632.7
1786563540,136.165,136.21,136.165,136.2,135.89,133.3,,,,,,,,,,,,,,,,,,,,,,,,,,,,,,,,,,,,,,,,,,,,,,,,,,,,718,649.7
1786563600,136.18,136.18,136.15,136.15,135.89,133.3,,,,,,,,,,,,,,,,,,,,,,,,,,,,,,,,,,,,,,,,,,,,,,,,,,,,1118,685.05
1786563660,136.14,136.31,136.14,136.28,135.89,133.3,,,,,,,,,,,,,,,,,,,,,,,,,,,,,,,,,,,,,,,,,,,,,,,,,,,,2291,797.25
1786563720,136.3,136.33,136.29,136.31,135.89,133.3,,,,,,,,,,,,,,,,,,,,,,,,,,,,,,,,,,,,,,,,,,,,,,,,,,,,542,797.9
1786563780,136.3,136.32,136.21,136.21,135.89,133.3,,,,,,,,,,,,,,,,,,,,,,,,,,,,,,,,,,,,,,,,,,,,,,,,,,,,2203,889.5
1786563840,136.21,136.26,136.2,136.25,135.89,133.3,,,,,,,,,,,,,,,,,,,,,,,,,,,,,,,,,,,,,,,,,,,,,,,,,,,,743,910.3
1786563900,136.25,136.28,136.16,136.18,135.89,133.3,,,,,,,,,,,,,,,,,,,,,,,,,,,,,,,,,,,,,,,,,,,,,,,,,,,,2020,972.55
1786563960,136.19,136.2,136.19,136.2,135.89,133.3,,,,,,,,,,,,,,,,,,,,,,,,,,,,,,,,,,,,,,,,,,,,,,,,,,,,4,957.65
1786564020,136.21,136.21,136.18,136.185,135.89,133.3,,,,,,,,,,,,,,,,,,,,,,,,,,,,,,,,,,,,,,,,,,,,,,,,,,,,790,957.75
1786564080,136.17,136.17,136.09,136.13,135.89,133.3,,,,,,,,,,,,,,,,,,,,,,,,,,,,,,,,,,,,,,,,,,,,,,,,,,,,2140,1056.25
1786564140,136.12,136.13,136.08,136.08,135.89,133.3,,,,,,,,,,,,,,,,,,,,,,,,,,,,,,,,,,,,,,,,,,,,,,,,,,,,659,1056.15
1786564200,136.09,136.1,135.79,135.79,135.89,133.3,,,,,,,,,,,,,,,,,,,,,,,,,,,,,,,,,,,,,,,,,,,,,,,,,,,,3205,1144
1786564260,135.77,135.82,135.73,135.73,135.89,133.3,,,,,,,,,,,,,,,,,,,,,,,,,,,,,,,,,,,,,,,,,,,,,,,,,,,,1466,1171.35
1786564320,135.71,135.71,135.62,135.66,135.89,133.3,,,,,,,,,,,,,,,,,,,,,,,,,,,,,,,,,,,,,,,,,,,,,,,,,,,,1565,1229.7
1786564380,135.66,135.68,135.65,135.67,135.89,133.3,,,,,,,,,,,,,,,,,,,,,,,,,,,,,,,,,,,,,,,,,,,,,,,,,,,,992,1205.4
1786564440,135.65,135.65,135.56,135.62,135.89,133.3,,,,,,,,,,,,,,,,,,,,,,,,,,,,,,,,,,,,,,,,,,,,,,,,,,,,2686,1303
1786564500,135.61,135.72,135.52,135.56,135.89,133.3,,,,,,,,,,,,,,,,,,,,,,,,,,,,,,,,,,,,,,,,,,,,,,,,,,,,3841,1455.25
1786564560,135.55,135.62,135.48,135.59,135.89,133.3,,,,,,,,,,,,,,,,,,,,,,,,,,,,,,,,,,,,,,,,,,,,,,,,,,,,2449,1548.65
1786564620,135.58,135.75,135.57,135.64,135.89,133.3,,,,,,,,,,,,,,,,,,,,,,,,,,,,,,,,,,,,,,,,,,,,,,,,,,,,2711,1641.2
1786564680,135.68,135.73,135.62,135.71,135.89,133.3,,,,,,,,,,,,,,,,,,,,,,,,,,,,,,,,,,,,,,,,,,,,,,,,,,,,3103,1762.3
1786564740,135.7,135.9,135.69,135.88,135.89,133.3,,,1,17,1,1786542960000,136,135.89,133.3,2.589999999999975,0.23729702250231569,0.8088235294117605,0.39338235294117396,1,1786543020000,2,0,,,,0,0,0,0,0,,,,0,0,0,0,0,,,,0,0,0,0,0,,,,0,0,0,0,,-1,17,13133,2383.05
1786627800,137,137.06,136.5,136.52,137.06,136.5,,,,,,,,,,,,,,,,,,,,,,,,,,,,,,,,,,,,,,,,,,,,,,,,,,,,3427,2498.5
1786627860,136.83,136.88,136.545,136.88,137.06,136.5,,,,,,,,,,,,,,,,,,,,,,,,,,,,,,,,,,,,,,,,,,,,,,,,,,,,1649,2466.4
1786627920,137.185,137.185,136.95,137.04,137.185,136.5,,,,,,,,,,,,,,,,,,,,,,,,,,,,,,,,,,,,,,,,,,,,,,,,,,,,1563,2517.45
1786627980,137.1,137.1,136.96,137.09,137.185,136.5,,,,,,,,,,,,,,,,,,,,,,,,,,,,,,,,,,,,,,,,,,,,,,,,,,,,361,2425.35
1786628040,137.04,137.5,137.03,137.47,137.5,136.5,,,,,,,,,,,,,,,,,,,,,,,,,,,,,,,,,,,,,,,,,,,,,,,,,,,,825,2429.45
1786628100,137.36,137.55,137.3,137.55,137.55,136.5,,,,,,,,,,,,,,,,,,,,,,,,,,,,,,,,,,,,,,,,,,,,,,,,,,,,2137,2435.3
1786628160,137.575,137.78,137.56,137.575,137.78,136.5,,,,,,,,,,,,,,,,,,,,,,,,,,,,,,,,,,,,,,,,,,,,,,,,,,,,1577,2513.95
1786628220,137.66,137.84,137.66,137.84,137.84,136.5,,,,,,,,,,,,,,,,,,,,,,,,,,,,,,,,,,,,,,,,,,,,,,,,,,,,990,2523.95
1786628280,137.7,137.78,137.55,137.56,137.84,136.5,,,,,,,,,,,,,,,,,,,,,,,,,,,,,,,,,,,,,,,,,,,,,,,,,,,,1737,2503.8
1786628340,137.65,137.65,137.43,137.57,137.84,136.5,,,,,,,,,,,,,,,,,,,,,,,,,,,,,,,,,,,,,,,,,,,,,,,,,,,,379,2489.8
1786628400,137.4,137.4,137.12,137.12,137.84,136.5,,,,,,,,,,,,,,,,,,,,,,,,,,,,,,,,,,,,,,,,,,,,,,,,,,,,337,2346.4
1786628460,136.93,137.14,136.86,136.98,137.84,136.5,,,,,,,,,,,,,,,,,,,,,,,,,,,,,,,,,,,,,,,,,,,,,,,,,,,,636,2304.9
1786628520,136.99,136.99,136.91,136.91,137.84,136.5,,,,,,,,,,,,,,,,,,,,,,,,,,,,,,,,,,,,,,,,,,,,,,,,,,,,126,2232.95
1786628580,136.97,137.01,136.97,136.97,137.84,136.5,,,,,,,,,,,,,,,,,,,,,,,,,,,,,,,,,,,,,,,,,,,,,,,,,,,,365,2201.6
1786628640,136.89,136.89,136.69,136.69,137.84,136.5,,,,,,,,,,,,,,,,,,,,,,,,,,,,,,,,,,,,,,,,,,,,,,,,,,,,719,2103.25
1786628700,136.65,136.65,136.36,136.585,137.84,136.5,,,,,,,,,,,,,,,,,,,,,,,,,,,,,,,,,,,,,,,,,,,,,,,,,,,,2317,2027.05
1786628760,136.62,136.7,136.57,136.69,137.84,136.5,,,,,,,,,,,,,,,,,,,,,,,,,,,,,,,,,,,,,,,,,,,,,,,,,,,,597,1934.45
1786628820,136.79,136.91,136.79,136.91,137.84,136.5,,,,,,,,,,,,,,,,,,,,,,,,,,,,,,,,,,,,,,,,,,,,,,,,,,,,95,1803.65
1786628880,136.88,136.88,136.71,136.76,137.84,136.5,,,,,,,,,,,,,,,,,,,,,,,,,,,,,,,,,,,,,,,,,,,,,,,,,,,,628,1679.9
1786628940,136.86,136.86,136.53,136.53,137.84,136.5,,,,,,,,,,,,,,,,,,,,,,,,,,,,,,,,,,,,,,,,,,,,,,,,,,,,779,1062.2
1786629000,136.405,136.42,136.36,136.38,137.84,136.5,,,,,,,,,,,,,,,,,,,,,,,,,,,,,,,,,,,,,,,,,,,,,,,,,,,,643,923
1786629060,136.3,136.3,136.19,136.205,137.84,136.5,,,,,,,,,,,,,,,,,,,,,,,,,,,,,,,,,,,,,,,,,,,,,,,,,,,,372,859.15
1786629120,136.19,136.21,136.04,136.15,137.84,136.5,,,,,,,,,,,,,,,,,,,,,,,,,,,,,,,,,,,,,,,,,,,,,,,,,,,,587,810.35
1786629180,136.26,136.27,136.03,136.27,137.84,136.5,,,,,,,,,,,,,,,,,,,,,,,,,,,,,,,,,,,,,,,,,,,,,,,,,,,,1622,873.4
1786629240,136.25,136.27,136.17,136.17,137.84,136.5,,,,,,,,,,,,,,,,,,,,,,,,,,,,,,,,,,,,,,,,,,,,,,,,,,,,719,868.1
1786629300,136.16,136.36,136.14,136.345,137.84,136.5,,,,,,,,,,,,,,,,,,,,,,,,,,,,,,,,,,,,,,,,,,,,,,,,,,,,561,789.3
1786629360,136.44,136.53,136.44,136.48,137.84,136.5,,,,,,,,,,,,,,,,,,,,,,,,,,,,,,,,,,,,,,,,,,,,,,,,,,,,543,737.6
1786629480,136.54,136.71,136.54,136.71,137.84,136.5,,,,,,,,,,,,,,,,,,,,,,,,,,,,,,,,,,,,,,,,,,,,,,,,,,,,409,708.55
1786629540,136.67,136.8,136.67,136.76,137.84,136.5,,,,,,,,,,,,,,,,,,,,,,,,,,,,,,,,,,,,,,,,,,,,,,,,,,,,449,644.15
1786629600,136.83,136.94,136.79,136.83,137.84,136.5,,,,,,,,,,,,,,,,,,,,,,,,,,,,,,,,,,,,,,,,,,,,,,,,,,,,1296,690
1786629660,136.94,137.07,136.94,137.07,137.84,136.5,,,,,,,,,,,,,,,,,,,,,,,,,,,,,,,,,,,,,,,,,,,,,,,,,,,,53,675.8
1786629720,136.965,137,136.9,137,137.84,136.5,,,,,,,,,,,,,,,,,,,,,,,,,,,,,,,,,,,,,,,,,,,,,,,,,,,,685,678.25
1786629780,137.07,137.09,136.95,136.95,137.84,136.5,,,,,,,,,,,,,,,,,,,,,,,,,,,,,,,,,,,,,,,,,,,,,,,,,,,,280,685.95
1786629840,137.1,137.1,136.82,136.82,137.84,136.5,,,,,,,,,,,,,,,,,,,,,,,,,,,,,,,,,,,,,,,,,,,,,,,,,,,,1325,733.95
1786629900,136.81,136.87,136.745,136.8,137.84,136.5,,,,,,,,,,,,,,,,,,,,,,,,,,,,,,,,,,,,,,,,,,,,,,,,,,,,776,736.8
1786629960,136.88,136.88,136.8,136.8,137.84,136.5,,,,,,,,,,,,,,,,,,,,,,,,,,,,,,,,,,,,,,,,,,,,,,,,,,,,100,625.95
1786630020,136.87,137.02,136.87,137.02,137.84,136.5,,,,,,,,,,,,,,,,,,,,,,,,,,,,,,,,,,,,,,,,,,,,,,,,,,,,797,635.95
1786630080,137.05,137.11,136.96,136.98,137.84,136.5,,,,,,,,,,,,,,,,,,,,,,,,,,,,,,,,,,,,,,,,,,,,,,,,,,,,497,656.05
1786630140,136.94,136.97,136.87,136.87,137.84,136.5,,,,,,,,,,,,,,,,,,,,,,,,,,,,,,,,,,,,,,,,,,,,,,,,,,,,1541,701.7
1786630200,136.9,136.9,136.89,136.89,137.84,136.5,,,,,,,,,,,,,,,,,,,,,,,,,,,,,,,,,,,,,,,,,,,,,,,,,,,,59,665.7
1786630260,136.97,136.97,136.91,136.97,137.84,136.5,,,,,,,,,,,,,,,,,,,,,,,,,,,,,,,,,,,,,,,,,,,,,,,,,,,,413,654.2
1786630320,136.97,137.17,136.97,137.1,137.84,136.5,,,,,,,,,,,,,,,,,,,,,,,,,,,,,,,,,,,,,,,,,,,,,,,,,,,,1475,709.35
1786630380,137.115,137.115,137.06,137.06,137.84,136.5,,,,,,,,,,,,,,,,,,,,,,,,,,,,,,,,,,,,,,,,,,,,,,,,,,,,450,702.5
1786630440,137.05,137.21,137.05,137.14,137.84,136.5,,,,,,,,,,,,,,,,,,,,,,,,,,,,,,,,,,,,,,,,,,,,,,,,,,,,436,643.2
1786630500,137.18,137.18,137.09,137.09,137.84,136.5,,,,,,,,,,,,,,,,,,,,,,,,,,,,,,,,,,,,,,,,,,,,,,,,,,,,694,641.95
1786630560,137.09,137.09,137.05,137.05,137.84,136.5,,,,,,,,,,,,,,,,,,,,,,,,,,,,,,,,,,,,,,,,,,,,,,,,,,,,94,618.6
1786630620,137.08,137.28,137.05,137.28,137.84,136.5,,,,,,,,,,,,,,,,,,,,,,,,,,,,,,,,,,,,,,,,,,,,,,,,,,,,485,615.7
1786630680,137.23,137.41,137.23,137.41,137.84,136.5,,,,,,,,,,,,,,,,,,,,,,,,,,,,,,,,,,,,,,,,,,,,,,,,,,,,522,621.35
1786630740,137.39,137.42,137.3,137.42,137.84,136.5,,,,,,,,,,,,,,,,,,,,,,,,,,,,,,,,,,,,,,,,,,,,,,,,,,,,607,629.25
1786630800,137.43,137.53,137.37,137.45,137.84,136.5,,,,,,,,,,,,,,,,,,,,,,,,,,,,,,,,,,,,,,,,,,,,,,,,,,,,477,588.3
1786630860,137.43,137.44,137.42,137.42,137.84,136.5,,,,,,,,,,,,,,,,,,,,,,,,,,,,,,,,,,,,,,,,,,,,,,,,,,,,148,593.05
1786630920,137.45,137.46,137.4,137.46,137.84,136.5,,,,,,,,,,,,,,,,,,,,,,,,,,,,,,,,,,,,,,,,,,,,,,,,,,,,325,575.05
1786630980,137.48,137.59,137.48,137.59,137.84,136.5,,,,,,,,,,,,,,,,,,,,,,,,,,,,,,,,,,,,,,,,,,,,,,,,,,,,1075,614.8
1786631040,137.59,137.59,137.37,137.4,137.84,136.5,,,,,,,,,,,,,,,,,,,,,,,,,,,,,,,,,,,,,,,,,,,,,,,,,,,,473,572.2
1786631100,137.43,137.43,137.355,137.355,137.84,136.5,,,,,,,,,,,,,,,,,,,,,,,,,,,,,,,,,,,,,,,,,,,,,,,,,,,,263,546.55
1786631160,137.31,137.4,137.295,137.4,137.84,136.5,,,,,,,,,,,,,,,,,,,,,,,,,,,,,,,,,,,,,,,,,,,,,,,,,,,,416,562.35
1786631220,137.42,137.48,137.42,137.46,137.84,136.5,,,,,,,,,,,,,,,,,,,,,,,,,,,,,,,,,,,,,,,,,,,,,,,,,,,,171,531.05
1786631280,137.49,137.49,137.395,137.47,137.84,136.5,,,,,,,,,,,,,,,,,,,,,,,,,,,,,,,,,,,,,,,,,,,,,,,,,,,,1087,560.55
1786631340,137.24,137.25,137.24,137.25,137.84,136.5,,,,,,,,,,,,,,,,,,,,,,,,,,,,,,,,,,,,,,,,,,,,,,,,,,,,113,489.15
1786631400,137.29,137.31,137.25,137.3,137.84,136.5,,,,,,,,,,,,,,,,,,,,,,,,,,,,,,,,,,,,,,,,,,,,,,,,,,,,774,524.9
1786631460,137.2,137.2,137,137,137.84,136.5,,,,,,,,,,,,,,,,,,,,,,,,,,,,,,,,,,,,,,,,,,,,,,,,,,,,882,548.35
1786631520,137,137,136.94,136.94,137.84,136.5,,,,,,,,,,,,,,,,,,,,,,,,,,,,,,,,,,,,,,,,,,,,,,,,,,,,223,485.75
1786631580,137,137.03,136.97,136.97,137.84,136.5,,,,,,,,,,,,,,,,,,,,,,,,,,,,,,,,,,,,,,,,,,,,,,,,,,,,354,480.95
1786631640,136.95,137,136.94,137,137.84,136.5,,,,,,,,,,,,,,,,,,,,,,,,,,,,,,,,,,,,,,,,,,,,,,,,,,,,85,463.4
1786631700,136.95,137.01,136.91,136.96,137.84,136.5,,,,,,,,,,,,,,,,,,,,,,,,,,,,,,,,,,,,,,,,,,,,,,,,,,,,1777,517.55
1786631760,136.99,136.99,136.93,136.96,137.84,136.5,,,,,,,,,,,,,,,,,,,,,,,,,,,,,,,,,,,,,,,,,,,,,,,,,,,,56,515.65
1786631820,136.93,137,136.93,136.96,137.84,136.5,,,,,,,,,,,,,,,,,,,,,,,,,,,,,,,,,,,,,,,,,,,,,,,,,,,,491,515.95
1786631880,136.95,137.03,136.9,137.01,137.84,136.5,,,,,,,,,,,,,,,,,,,,,,,,,,,,,,,,,,,,,,,,,,,,,,,,,,,,856,532.65
1786631940,137.06,137.12,137.06,137.095,137.84,136.5,,,,,,,,,,,,,,,,,,,,,,,,,,,,,,,,,,,,,,,,,,,,,,,,,,,,346,519.6
1786632000,137.09,137.09,136.97,137.03,137.84,136.5,,,,,,,,,,,,,,,,,,,,,,,,,,,,,,,,,,,,,,,,,,,,,,,,,,,,594,525.45
1786632060,137.08,137.12,137.03,137.11,137.84,136.5,,,,,,,,,,,,,,,,,,,,,,,,,,,,,,,,,,,,,,,,,,,,,,,,,,,,510,543.55
1786632120,137.01,137.01,136.9,136.91,137.84,136.5,,,,,,,,,,,,,,,,,,,,,,,,,,,,,,,,,,,,,,,,,,,,,,,,,,,,472,550.9
1786632180,136.95,136.95,136.85,136.87,137.84,136.5,,,,,,,,,,,,,,,,,,,,,,,,,,,,,,,,,,,,,,,,,,,,,,,,,,,,334,513.85
1786632240,136.92,137.01,136.92,137.01,137.84,136.5,,,,,,,,,,,,,,,,,,,,,,,,,,,,,,,,,,,,,,,,,,,,,,,,,,,,492,514.8
1786632300,137.08,137.1,137.05,137.1,137.84,136.5,,,,,,,,,,,,,,,,,,,,,,,,,,,,,,,,,,,,,,,,,,,,,,,,,,,,97,506.5
1786632360,137.11,137.11,137.03,137.09,137.84,136.5,,,,,,,,,,,,,,,,,,,,,,,,,,,,,,,,,,,,,,,,,,,,,,,,,,,,473,509.35
1786632420,137.06,137.1,137,137.1,137.84,136.5,,,,,,,,,,,,,,,,,,,,,,,,,,,,,,,,,,,,,,,,,,,,,,,,,,,,162,508.9
1786632480,137.11,137.37,137.11,137.37,137.84,136.5,,,,,,,,,,,,,,,,,,,,,,,,,,,,,,,,,,,,,,,,,,,,,,,,,,,,592,484.15
1786632540,137.33,137.33,137.26,137.28,137.84,136.5,,,,,,,,,,,,,,,,,,,,,,,,,,,,,,,,,,,,,,,,,,,,,,,,,,,,963,526.65
1786632600,137.27,137.27,137.27,137.27,137.84,136.5,,,,,,,,,,,,,,,,,,,,,,,,,,,,,,,,,,,,,,,,,,,,,,,,,,,,1,488
1786632660,137.26,137.26,137.17,137.17,137.84,136.5,,,,,,,,,,,,,,,,,,,,,,,,,,,,,,,,,,,,,,,,,,,,,,,,,,,,1093,498.55
1786632720,137.1,137.29,137.1,137.29,137.84,136.5,,,,,,,,,,,,,,,,,,,,,,,,,,,,,,,,,,,,,,,,,,,,,,,,,,,,446,509.7
1786632780,137.25,137.25,137.15,137.19,137.84,136.5,,,,,,,,,,,,,,,,,,,,,,,,,,,,,,,,,,,,,,,,,,,,,,,,,,,,921,538.05
1786632840,137.12,137.16,137,137,137.84,136.5,,,,,,,,,,,,,,,,,,,,,,,,,,,,,,,,,,,,,,,,,,,,,,,,,,,,524,560
1786632900,136.97,137.03,136.97,137.03,137.84,136.5,,,,,,,,,,,,,,,,,,,,,,,,,,,,,,,,,,,,,,,,,,,,,,,,,,,,396,490.95
1786632960,137.07,137.14,137.07,137.125,137.84,136.5,,,,,,,,,,,,,,,,,,,,,,,,,,,,,,,,,,,,,,,,,,,,,,,,,,,,420,509.15
1786633020,137.15,137.18,137.145,137.145,137.84,136.5,,,,,,,,,,,,,,,,,,,,,,,,,,,,,,,,,,,,,,,,,,,,,,,,,,,,295,499.35
1786633080,137.18,137.39,137.18,137.39,137.84,136.5,,,,,,,,,,,,,,,,,,,,,,,,,,,,,,,,,,,,,,,,,,,,,,,,,,,,328,472.95
1786633140,137.43,137.44,137.38,137.44,137.84,136.5,,,,,,,,,,,,,,,,,,,,,,,,,,,,,,,,,,,,,,,,,,,,,,,,,,,,509,481.1
1786633200,137.44,137.44,137.38,137.38,137.84,136.5,,,,,,,,,,,,,,,,,,,,,,,,,,,,,,,,,,,,,,,,,,,,,,,,,,,,272,465
1786633260,137.4,137.42,137.39,137.42,137.84,136.5,,,,,,,,,,,,,,,,,,,,,,,,,,,,,,,,,,,,,,,,,,,,,,,,,,,,178,448.4
1786633320,137.45,137.5,137.38,137.38,137.84,136.5,,,,,,,,,,,,,,,,,,,,,,,,,,,,,,,,,,,,,,,,,,,,,,,,,,,,1713,510.45
1786633380,137.39,137.45,137.39,137.45,137.84,136.5,,,,,,,,,,,,,,,,,,,,,,,,,,,,,,,,,,,,,,,,,,,,,,,,,,,,350,511.25
1786633440,137.48,137.52,137.445,137.52,137.84,136.5,,,,,,,,,,,,,,,,,,,,,,,,,,,,,,,,,,,,,,,,,,,,,,,,,,,,398,506.55
1786633500,137.51,137.51,137.45,137.49,137.84,136.5,,,,,,,,,,,,,,,,,,,,,,,,,,,,,,,,,,,,,,,,,,,,,,,,,,,,414,522.4
1786633560,137.48,137.48,137.48,137.48,137.84,136.5,,,,,,,,,,,,,,,,,,,,,,,,,,,,,,,,,,,,,,,,,,,,,,,,,,,,1,498.8
1786633620,137.425,137.46,137.425,137.46,137.84,136.5,,,,,,,,,,,,,,,,,,,,,,,,,,,,,,,,,,,,,,,,,,,,,,,,,,,,51,493.25
1786633680,137.45,137.53,137.45,137.52,137.84,136.5,,,,,,,,,,,,,,,,,,,,,,,,,,,,,,,,,,,,,,,,,,,,,,,,,,,,401,483.7
1786633740,137.5,137.52,137.49,137.49,137.84,136.5,,,,,,,,,,,,,,,,,,,,,,,,,,,,,,,,,,,,,,,,,,,,,,,,,,,,444,457.75
1786633800,137.45,137.45,137.45,137.45,137.84,136.5,,,,,,,,,,,,,,,,,,,,,,,,,,,,,,,,,,,,,,,,,,,,,,,,,,,,217,468.55
1786633860,137.46,137.47,137.44,137.47,137.84,136.5,,,,,,,,,,,,,,,,,,,,,,,,,,,,,,,,,,,,,,,,,,,,,,,,,,,,105,419.15
1786633920,137.61,137.62,137.54,137.54,137.84,136.5,,,,,,,,,,,,,,,,,,,,,,,,,,,,,,,,,,,,,,,,,,,,,,,,,,,,681,430.9
1786633980,137.47,137.5,137.47,137.5,137.84,136.5,,,,,,,,,,,,,,,,,,,,,,,,,,,,,,,,,,,,,,,,,,,,,,,,,,,,96,389.65
1786634040,137.49,137.52,137.49,137.52,137.84,136.5,,,,,,,,,,,,,,,,,,,,,,,,,,,,,,,,,,,,,,,,,,,,,,,,,,,,5,363.7
1786634100,137.54,137.54,137.41,137.41,137.84,136.5,,,,,,,,,,,,,,,,,,,,,,,,,,,,,,,,,,,,,,,,,,,,,,,,,,,,443,366.05
1786634160,137.425,137.47,137.42,137.46,137.84,136.5,,,,,,,,,,,,,,,,,,,,,,,,,,,,,,,,,,,,,,,,,,,,,,,,,,,,871,388.6
1786634220,137.46,137.465,137.46,137.465,137.84,136.5,,,,,,,,,,,,,,,,,,,,,,,,,,,,,,,,,,,,,,,,,,,,,,,,,,,,130,380.35
1786634280,137.44,137.45,137.425,137.45,137.84,136.5,,,,,,,,,,,,,,,,,,,,,,,,,,,,,,,,,,,,,,,,,,,,,,,,,,,,688,398.35
1786634340,137.42,137.44,137.39,137.44,137.84,136.5,,,,,,,,,,,,,,,,,,,,,,,,,,,,,,,,,,,,,,,,,,,,,,,,,,,,412,393.5
1786634400,137.43,137.43,137.31,137.35,137.84,136.5,,,,,,,,,,,,,,,,,,,,,,,,,,,,,,,,,,,,,,,,,,,,,,,,,,,,203,390.05
1786634460,137.31,137.43,137.3,137.4,137.84,136.5,,,,,,,,,,,,,,,,,,,,,,,,,,,,,,,,,,,,,,,,,,,,,,,,,,,,1087,435.5
1786634520,137.345,137.4,137.345,137.4,137.84,136.5,,,,,,,,,,,,,,,,,,,,,,,,,,,,,,,,,,,,,,,,,,,,,,,,,,,,53,352.5
1786634580,137.34,137.36,137.33,137.33,137.84,136.5,,,,,,,,,,,,,,,,,,,,,,,,,,,,,,,,,,,,,,,,,,,,,,,,,,,,470,358.5
1786634640,137.34,137.37,137.34,137.36,137.84,136.5,,,,,,,,,,,,,,,,,,,,,,,,,,,,,,,,,,,,,,,,,,,,,,,,,,,,439,360.55
1786634700,137.345,137.37,137.34,137.36,137.84,136.5,,,,,,,,,,,,,,,,,,,,,,,,,,,,,,,,,,,,,,,,,,,,,,,,,,,,575,368.6
1786634760,137.4,137.4,137.4,137.4,137.84,136.5,,,,,,,,,,,,,,,,,,,,,,,,,,,,,,,,,,,,,,,,,,,,,,,,,,,,1,368.6
1786634820,137.32,137.32,137.06,137.1,137.84,136.5,,,,,,,,,,,,,,,,,,,,,,,,,,,,,,,,,,,,,,,,,,,,,,,,,,,,909,411.5
1786634880,137.07,137.09,136.93,136.93,137.84,136.5,,,,,,,,,,,,,,,,,,,,,,,,,,,,,,,,,,,,,,,,,,,,,,,,,,,,680,425.45
1786634940,136.91,137.03,136.85,137.03,137.84,136.5,,,,,,,,,,,,,,,,,,,,,,,,,,,,,,,,,,,,,,,,,,,,,,,,,,,,737,440.1
1786635000,137.02,137.09,137.01,137.06,137.84,136.5,,,,,,,,,,,,,,,,,,,,,,,,,,,,,,,,,,,,,,,,,,,,,,,,,,,,1143,486.4
1786635060,137.045,137.045,137.03,137.03,137.84,136.5,,,,,,,,,,,,,,,,,,,,,,,,,,,,,,,,,,,,,,,,,,,,,,,,,,,,240,493.15
1786635120,137,137,136.96,136.99,137.84,136.5,,,,,,,,,,,,,,,,,,,,,,,,,,,,,,,,,,,,,,,,,,,,,,,,,,,,675,492.85
1786635180,137.03,137.14,137.03,137.11,137.84,136.5,,,,,,,,,,,,,,,,,,,,,,,,,,,,,,,,,,,,,,,,,,,,,,,,,,,,702,523.15
1786635240,137.11,137.16,137.09,137.13,137.84,136.5,,,,,,,,,,,,,,,,,,,,,,,,,,,,,,,,,,,,,,,,,,,,,,,,,,,,928,569.3
1786635300,137.15,137.19,137.15,137.19,137.84,136.5,,,,,,,,,,,,,,,,,,,,,,,,,,,,,,,,,,,,,,,,,,,,,,,,,,,,223,558.3
1786635360,137.15,137.2,137.12,137.15,137.84,136.5,,,,,,,,,,,,,,,,,,,,,,,,,,,,,,,,,,,,,,,,,,,,,,,,,,,,458,537.65
1786635420,137.22,137.22,137.22,137.22,137.84,136.5,,,,,,,,,,,,,,,,,,,,,,,,,,,,,,,,,,,,,,,,,,,,,,,,,,,,1,531.2
1786635480,137.19,137.19,137.12,137.12,137.84,136.5,,,,,,,,,,,,,,,,,,,,,,,,,,,,,,,,,,,,,,,,,,,,,,,,,,,,472,520.4
1786635540,137.1,137.1,137.01,137.02,137.84,136.5,,,,,,,,,,,,,,,,,,,,,,,,,,,,,,,,,,,,,,,,,,,,,,,,,,,,1744,587
1786635600,137.02,137.03,137.01,137.02,137.84,136.5,,,,,,,,,,,,,,,,,,,,,,,,,,,,,,,,,,,,,,,,,,,,,,,,,,,,57,579.7
1786635660,137.01,137.01,136.98,136.98,137.84,136.5,,,,,,,,,,,,,,,,,,,,,,,,,,,,,,,,,,,,,,,,,,,,,,,,,,,,161,533.4
1786635720,136.95,136.98,136.94,136.94,137.84,136.5,,,,,,,,,,,,,,,,,,,,,,,,,,,,,,,,,,,,,,,,,,,,,,,,,,,,329,547.2
1786635780,136.92,136.92,136.78,136.85,137.84,136.5,,,,,,,,,,,,,,,,,,,,,,,,,,,,,,,,,,,,,,,,,,,,,,,,,,,,733,560.35
1786635840,136.86,137.07,136.86,137.07,137.84,136.5,,,,,,,,,,,,,,,,,,,,,,,,,,,,,,,,,,,,,,,,,,,,,,,,,,,,846,580.7
1786635900,137.08,137.16,137.08,137.16,137.84,136.5,,,,,,,,,,,,,,,,,,,,,,,,,,,,,,,,,,,,,,,,,,,,,,,,,,,,507,577.3
1786635960,137.16,137.32,137.16,137.29,137.84,136.5,,,,,,,,,,,,,,,,,,,,,,,,,,,,,,,,,,,,,,,,,,,,,,,,,,,,269,590.7
1786636020,137.375,137.375,137.375,137.375,137.84,136.5,,,,,,,,,,,,,,,,,,,,,,,,,,,,,,,,,,,,,,,,,,,,,,,,,,,,11,545.8
1786636080,137.36,137.39,137.36,137.39,137.84,136.5,,,,,,,,,,,,,,,,,,,,,,,,,,,,,,,,,,,,,,,,,,,,,,,,,,,,51,514.35
1786636140,137.38,137.39,137.35,137.36,137.84,136.5,,,,,,,,,,,,,,,,,,,,,,,,,,,,,,,,,,,,,,,,,,,,,,,,,,,,388,496.9
1786636200,137.315,137.34,137.29,137.34,137.84,136.5,,,,,,,,,,,,,,,,,,,,,,,,,,,,,,,,,,,,,,,,,,,,,,,,,,,,253,452.4
1786636260,137.35,137.39,137.35,137.38,137.84,136.5,,,,,,,,,,,,,,,,,,,,,,,,,,,,,,,,,,,,,,,,,,,,,,,,,,,,469,463.85
1786636320,137.39,137.47,137.39,137.42,137.84,136.5,,,,,,,,,,,,,,,,,,,,,,,,,,,,,,,,,,,,,,,,,,,,,,,,,,,,1147,487.45
1786636380,137.39,137.4,137.39,137.4,137.84,136.5,,,,,,,,,,,,,,,,,,,,,,,,,,,,,,,,,,,,,,,,,,,,,,,,,,,,201,462.4
1786636440,137.39,137.39,137.39,137.39,137.84,136.5,,,,,,,,,,,,,,,,,,,,,,,,,,,,,,,,,,,,,,,,,,,,,,,,,,,,1,416.05
1786636500,137.34,137.36,137.34,137.36,137.84,136.5,,,,,,,,,,,,,,,,,,,,,,,,,,,,,,,,,,,,,,,,,,,,,,,,,,,,351,422.45
1786636560,137.35,137.35,137.345,137.345,137.84,136.5,,,,,,,,,,,,,,,,,,,,,,,,,,,,,,,,,,,,,,,,,,,,,,,,,,,,84,403.75
1786636620,137.34,137.4,137.26,137.26,137.84,136.5,,,,,,,,,,,,,,,,,,,,,,,,,,,,,,,,,,,,,,,,,,,,,,,,,,,,909,449.15
1786636680,137.17,137.17,137.17,137.17,137.84,136.5,,,,,,,,,,,,,,,,,,,,,,,,,,,,,,,,,,,,,,,,,,,,,,,,,,,,54,428.25
1786636740,137.16,137.16,137.13,137.15,137.84,136.5,,,,,,,,,,,,,,,,,,,,,,,,,,,,,,,,,,,,,,,,,,,,,,,,,,,,311,356.6
1786636800,137.06,137.16,137.05,137.16,137.84,136.5,,,,,,,,,,,,,,,,,,,,,,,,,,,,,,,,,,,,,,,,,,,,,,,,,,,,565,382
1786636860,137.15,137.15,137.04,137.04,137.84,136.5,,,,,,,,,,,,,,,,,,,,,,,,,,,,,,,,,,,,,,,,,,,,,,,,,,,,353,391.6
1786636920,137.04,137.04,136.97,136.97,137.84,136.5,,,,,,,,,,,,,,,,,,,,,,,,,,,,,,,,,,,,,,,,,,,,,,,,,,,,533,401.8
1786636980,136.9,136.91,136.86,136.91,137.84,136.5,,,,,,,,,,,,,,,,,,,,,,,,,,,,,,,,,,,,,,,,,,,,,,,,,,,,360,383.15
1786637040,136.89,136.89,136.87,136.87,137.84,136.5,,,,,,,,,,,,,,,,,,,,,,,,,,,,,,,,,,,,,,,,,,,,,,,,,,,,52,343.45
1786637100,136.9,137,136.9,136.9,137.84,136.5,,,,,,,,,,,,,,,,,,,,,,,,,,,,,,,,,,,,,,,,,,,,,,,,,,,,1061,371.15
1786637160,136.85,136.9,136.84,136.84,137.84,136.5,,,,,,,,,,,,,,,,,,,,,,,,,,,,,,,,,,,,,,,,,,,,,,,,,,,,458,380.6
1786637220,136.8,136.88,136.8,136.88,137.84,136.5,,,,,,,,,,,,,,,,,,,,,,,,,,,,,,,,,,,,,,,,,,,,,,,,,,,,359,398
1786637280,136.865,136.94,136.865,136.87,137.84,136.5,,,,,,,,,,,,,,,,,,,,,,,,,,,,,,,,,,,,,,,,,,,,,,,,,,,,750,432.95
1786637340,136.87,136.94,136.87,136.94,137.84,136.5,,,,,,,,,,,,,,,,,,,,,,,,,,,,,,,,,,,,,,,,,,,,,,,,,,,,573,442.2
1786637400,136.89,136.94,136.88,136.94,137.84,136.5,,,,,,,,,,,,,,,,,,,,,,,,,,,,,,,,,,,,,,,,,,,,,,,,,,,,261,442.6
1786637460,136.96,137.02,136.96,137.02,137.84,136.5,,,,,,,,,,,,,,,,,,,,,,,,,,,,,,,,,,,,,,,,,,,,,,,,,,,,349,436.6
1786637520,137.02,137.03,137.01,137.03,137.84,136.5,,,,,,,,,,,,,,,,,,,,,,,,,,,,,,,,,,,,,,,,,,,,,,,,,,,,555,407
1786637580,136.99,137.05,136.99,137.05,137.84,136.5,,,,,,,,,,,,,,,,,,,,,,,,,,,,,,,,,,,,,,,,,,,,,,,,,,,,775,435.7
1786637640,137.07,137.07,137,137,137.84,136.5,,,,,,,,,,,,,,,,,,,,,,,,,,,,,,,,,,,,,,,,,,,,,,,,,,,,495,460.4
1786637700,136.97,136.99,136.94,136.94,137.84,136.5,,,,,,,,,,,,,,,,,,,,,,,,,,,,,,,,,,,,,,,,,,,,,,,,,,,,615,473.6
1786637760,136.92,136.98,136.92,136.95,137.84,136.5,,,,,,,,,,,,,,,,,,,,,,,,,,,,,,,,,,,,,,,,,,,,,,,,,,,,253,482.05
1786637820,136.97,137.08,136.97,137.08,137.84,136.5,,,,,,,,,,,,,,,,,,,,,,,,,,,,,,,,,,,,,,,,,,,,,,,,,,,,881,480.65
1786637880,137.09,137.1,137.09,137.1,137.84,136.5,,,,,,,,,,,,,,,,,,,,,,,,,,,,,,,,,,,,,,,,,,,,,,,,,,,,225,489.2
1786637940,137.14,137.18,137.14,137.18,137.84,136.5,,,,,,,,,,,,,,,,,,,,,,,,,,,,,,,,,,,,,,,,,,,,,,,,,,,,299,488.6
1786638000,137.16,137.16,137.13,137.13,137.84,136.5,,,,,,,,,,,,,,,,,,,,,,,,,,,,,,,,,,,,,,,,,,,,,,,,,,,,502,485.45
1786638060,137.11,137.17,137.11,137.155,137.84,136.5,,,,,,,,,,,,,,,,,,,,,,,,,,,,,,,,,,,,,,,,,,,,,,,,,,,,459,490.75
1786638120,137.14,137.14,137.02,137.04,137.84,136.5,,,,,,,,,,,,,,,,,,,,,,,,,,,,,,,,,,,,,,,,,,,,,,,,,,,,1256,526.9
1786638180,137.02,137.02,137.02,137.02,137.84,136.5,,,,,,,,,,,,,,,,,,,,,,,,,,,,,,,,,,,,,,,,,,,,,,,,,,,,14,509.6
1786638240,137,137.045,137,137.045,137.84,136.5,,,,,,,,,,,,,,,,,,,,,,,,,,,,,,,,,,,,,,,,,,,,,,,,,,,,474,530.7
1786638300,137,137.08,137,137.08,137.84,136.5,,,,,,,,,,,,,,,,,,,,,,,,,,,,,,,,,,,,,,,,,,,,,,,,,,,,72,481.25
1786638360,137.01,137.01,136.95,136.95,137.84,136.5,,,,,,,,,,,,,,,,,,,,,,,,,,,,,,,,,,,,,,,,,,,,,,,,,,,,668,491.75
1786638420,136.89,136.89,136.86,136.86,137.84,136.5,,,,,,,,,,,,,,,,,,,,,,,,,,,,,,,,,,,,,,,,,,,,,,,,,,,,245,486.05
1786638480,136.88,136.88,136.85,136.88,137.84,136.5,,,,,,,,,,,,,,,,,,,,,,,,,,,,,,,,,,,,,,,,,,,,,,,,,,,,14,449.25
1786638540,136.89,136.89,136.89,136.89,137.84,136.5,,,,,,,,,,,,,,,,,,,,,,,,,,,,,,,,,,,,,,,,,,,,,,,,,,,,1,420.65
1786638600,136.89,136.89,136.85,136.85,137.84,136.5,,,,,,,,,,,,,,,,,,,,,,,,,,,,,,,,,,,,,,,,,,,,,,,,,,,,474,431.3
1786638660,136.85,136.935,136.85,136.935,137.84,136.5,,,,,,,,,,,,,,,,,,,,,,,,,,,,,,,,,,,,,,,,,,,,,,,,,,,,1298,478.75
1786638720,136.96,137,136.95,137,137.84,136.5,,,,,,,,,,,,,,,,,,,,,,,,,,,,,,,,,,,,,,,,,,,,,,,,,,,,321,467.05
1786638780,136.97,136.97,136.96,136.96,137.84,136.5,,,,,,,,,,,,,,,,,,,,,,,,,,,,,,,,,,,,,,,,,,,,,,,,,,,,102,433.4
1786638840,136.94,136.99,136.94,136.99,137.84,136.5,,,,,,,,,,,,,,,,,,,,,,,,,,,,,,,,,,,,,,,,,,,,,,,,,,,,139,415.6
1786638900,137,137.01,137,137.01,137.84,136.5,,,,,,,,,,,,,,,,,,,,,,,,,,,,,,,,,,,,,,,,,,,,,,,,,,,,506,410.15
1786638960,136.995,136.995,136.995,136.995,137.84,136.5,,,,,,,,,,,,,,,,,,,,,,,,,,,,,,,,,,,,,,,,,,,,,,,,,,,,1,397.55
1786639020,136.97,136.99,136.97,136.99,137.84,136.5,,,,,,,,,,,,,,,,,,,,,,,,,,,,,,,,,,,,,,,,,,,,,,,,,,,,616,384.3
1786639080,137.01,137.02,136.98,137.02,137.84,136.5,,,,,,,,,,,,,,,,,,,,,,,,,,,,,,,,,,,,,,,,,,,,,,,,,,,,215,383.8
1786639140,137.03,137.03,137.01,137.02,137.84,136.5,,,,,,,,,,,,,,,,,,,,,,,,,,,,,,,,,,,,,,,,,,,,,,,,,,,,302,383.95
1786639200,137,137.03,137,137.03,137.84,136.5,,,,,,,,,,,,,,,,,,,,,,,,,,,,,,,,,,,,,,,,,,,,,,,,,,,,60,361.85
1786639260,137.06,137.06,137.06,137.06,137.84,136.5,,,,,,,,,,,,,,,,,,,,,,,,,,,,,,,,,,,,,,,,,,,,,,,,,,,,219,349.85
1786639320,137.07,137.07,137.03,137.03,137.84,136.5,,,,,,,,,,,,,,,,,,,,,,,,,,,,,,,,,,,,,,,,,,,,,,,,,,,,247,299.4
1786639380,137.03,137.04,137.03,137.04,137.84,136.5,,,,,,,,,,,,,,,,,,,,,,,,,,,,,,,,,,,,,,,,,,,,,,,,,,,,261,311.75
1786639440,137.05,137.05,137.04,137.05,137.84,136.5,,,,,,,,,,,,,,,,,,,,,,,,,,,,,,,,,,,,,,,,,,,,,,,,,,,,156,295.85
1786639500,137.045,137.07,137.045,137.06,137.84,136.5,,,,,,,,,,,,,,,,,,,,,,,,,,,,,,,,,,,,,,,,,,,,,,,,,,,,49,294.7
1786639560,137.055,137.055,137.055,137.055,137.84,136.5,,,,,,,,,,,,,,,,,,,,,,,,,,,,,,,,,,,,,,,,,,,,,,,,,,,,100,266.3
1786639620,137.06,137.13,137.06,137.13,137.84,136.5,,,,,,,,,,,,,,,,,,,,,,,,,,,,,,,,,,,,,,,,,,,,,,,,,,,,856,296.85
1786639680,137.13,137.14,137.11,137.12,137.84,136.5,,,,,,,,,,,,,,,,,,,,,,,,,,,,,,,,,,,,,,,,,,,,,,,,,,,,891,340.7
1786639740,137.1,137.14,137.1,137.11,137.84,136.5,,,,,,,,,,,,,,,,,,,,,,,,,,,,,,,,,,,,,,,,,,,,,,,,,,,,275,354.4
1786639800,137.12,137.14,137.12,137.14,137.84,136.5,,,,,,,,,,,,,,,,,,,,,,,,,,,,,,,,,,,,,,,,,,,,,,,,,,,,134,337.4
1786639860,137.155,137.155,137.13,137.14,137.84,136.5,,,,,,,,,,,,,,,,,,,,,,,,,,,,,,,,,,,,,,,,,,,,,,,,,,,,383,291.65
1786639920,137.18,137.2,137.18,137.2,137.84,136.5,,,,,,,,,,,,,,,,,,,,,,,,,,,,,,,,,,,,,,,,,,,,,,,,,,,,402,295.7
1786639980,137.21,137.31,137.21,137.29,137.84,136.5,,,,,,,,,,,,,,,,,,,,,,,,,,,,,,,,,,,,,,,,,,,,,,,,,,,,185,299.85
1786640040,137.27,137.3,137.26,137.3,137.84,136.5,,,,,,,,,,,,,,,,,,,,,,,,,,,,,,,,,,,,,,,,,,,,,,,,,,,,370,311.4
1786640100,137.31,137.32,137.24,137.25,137.84,136.5,,,,,,,,,,,,,,,,,,,,,,,,,,,,,,,,,,,,,,,,,,,,,,,,,,,,258,299
1786640220,137.26,137.33,137.26,137.33,137.84,136.5,,,,,,,,,,,,,,,,,,,,,,,,,,,,,,,,,,,,,,,,,,,,,,,,,,,,226,310.25
1786640280,137.32,137.32,137.31,137.31,137.84,136.5,,,,,,,,,,,,,,,,,,,,,,,,,,,,,,,,,,,,,,,,,,,,,,,,,,,,156,287.25
1786640340,137.28,137.28,137.28,137.28,137.84,136.5,,,,,,,,,,,,,,,,,,,,,,,,,,,,,,,,,,,,,,,,,,,,,,,,,,,,50,279
1786640400,137.28,137.28,137.28,137.28,137.84,136.5,,,,,,,,,,,,,,,,,,,,,,,,,,,,,,,,,,,,,,,,,,,,,,,,,,,,175,272.65
1786640460,137.27,137.285,137.26,137.28,137.84,136.5,,,,,,,,,,,,,,,,,,,,,,,,,,,,,,,,,,,,,,,,,,,,,,,,,,,,370,288.15
1786640520,137.26,137.26,137.19,137.19,137.84,136.5,,,,,,,,,,,,,,,,,,,,,,,,,,,,,,,,,,,,,,,,,,,,,,,,,,,,309,292.65
1786640580,137.13,137.15,137.13,137.15,137.84,136.5,,,,,,,,,,,,,,,,,,,,,,,,,,,,,,,,,,,,,,,,,,,,,,,,,,,,301,295.35
1786640640,137.16,137.16,137.13,137.15,137.84,136.5,,,,,,,,,,,,,,,,,,,,,,,,,,,,,,,,,,,,,,,,,,,,,,,,,,,,326,298.6
1786640700,137.07,137.11,137.06,137.11,137.84,136.5,,,,,,,,,,,,,,,,,,,,,,,,,,,,,,,,,,,,,,,,,,,,,,,,,,,,488,315.2
1786640760,137.16,137.17,137.16,137.16,137.84,136.5,,,,,,,,,,,,,,,,,,,,,,,,,,,,,,,,,,,,,,,,,,,,,,,,,,,,102,317.85
1786640820,137.14,137.14,137.14,137.14,137.84,136.5,,,,,,,,,,,,,,,,,,,,,,,,,,,,,,,,,,,,,,,,,,,,,,,,,,,,100,317.85
1786640880,137.12,137.12,137.06,137.06,137.84,136.5,,,,,,,,,,,,,,,,,,,,,,,,,,,,,,,,,,,,,,,,,,,,,,,,,,,,226,286.35
1786640940,137.07,137.07,137.06,137.06,137.84,136.5,,,,,,,,,,,,,,,,,,,,,,,,,,,,,,,,,,,,,,,,,,,,,,,,,,,,11,242.35
1786641000,137.07,137.07,137.07,137.07,137.84,136.5,,,,,,,,,,,,,,,,,,,,,,,,,,,,,,,,,,,,,,,,,,,,,,,,,,,,5,228.85
1786641060,137.04,137.05,137.03,137.03,137.84,136.5,,,,,,,,,,,,,,,,,,,,,,,,,,,,,,,,,,,,,,,,,,,,,,,,,,,,398,242.05
1786641120,137.01,137.01,136.96,136.97,137.84,136.5,,,,,,,,,,,,,,,,,,,,,,,,,,,,,,,,,,,,,,,,,,,,,,,,,,,,561,250.95
1786641180,136.96,136.99,136.96,136.99,137.84,136.5,,,,,,,,,,,,,,,,,,,,,,,,,,,,,,,,,,,,,,,,,,,,,,,,,,,,116,236.65
1786641240,136.96,136.96,136.94,136.95,137.84,136.5,,,,,,,,,,,,,,,,,,,,,,,,,,,,,,,,,,,,,,,,,,,,,,,,,,,,168,235.8
1786641300,136.98,137.02,136.98,137.02,137.84,136.5,,,,,,,,,,,,,,,,,,,,,,,,,,,,,,,,,,,,,,,,,,,,,,,,,,,,104,222.5
1786641360,137.05,137.05,137,137,137.84,136.5,,,,,,,,,,,,,,,,,,,,,,,,,,,,,,,,,,,,,,,,,,,,,,,,,,,,208,220
1786641480,137,137,136.99,137,137.84,136.5,,,,,,,,,,,,,,,,,,,,,,,,,,,,,,,,,,,,,,,,,,,,,,,,,,,,206,219
1786641540,136.98,137,136.98,137,137.84,136.5,,,,,,,,,,,,,,,,,,,,,,,,,,,,,,,,,,,,,,,,,,,,,,,,,,,,156,219
1786641600,137.01,137.025,137.01,137.025,137.84,136.5,,,,,,,,,,,,,,,,,,,,,,,,,,,,,,,,,,,,,,,,,,,,,,,,,,,,466,239.8
1786641660,137.025,137.05,137.025,137.04,137.84,136.5,,,,,,,,,,,,,,,,,,,,,,,,,,,,,,,,,,,,,,,,,,,,,,,,,,,,644,263.25
1786641720,137.015,137.015,136.99,136.99,137.84,136.5,,,,,,,,,,,,,,,,,,,,,,,,,,,,,,,,,,,,,,,,,,,,,,,,,,,,455,267.5
1786641780,136.98,137.07,136.98,137.07,137.84,136.5,,,,,,,,,,,,,,,,,,,,,,,,,,,,,,,,,,,,,,,,,,,,,,,,,,,,1121,308.1
1786641900,137.1,137.12,137.1,137.12,137.84,136.5,,,,,,,,,,,,,,,,,,,,,,,,,,,,,,,,,,,,,,,,,,,,,,,,,,,,258,305.95
1786641960,137.13,137.13,137.08,137.08,137.84,136.5,,,,,,,,,,,,,,,,,,,,,,,,,,,,,,,,,,,,,,,,,,,,,,,,,,,,132,296.25
1786642020,137.08,137.1,137.07,137.07,137.84,136.5,,,,,,,,,,,,,,,,,,,,,,,,,,,,,,,,,,,,,,,,,,,,,,,,,,,,203,282
1786642080,137.07,137.07,137.04,137.04,137.84,136.5,,,,,,,,,,,,,,,,,,,,,,,,,,,,,,,,,,,,,,,,,,,,,,,,,,,,531,303.45
1786642140,137,137.03,136.98,136.98,137.84,136.5,,,,,,,,,,,,,,,,,,,,,,,,,,,,,,,,,,,,,,,,,,,,,,,,,,,,291,313
1786642200,136.98,136.98,136.93,136.96,137.84,136.5,,,,,,,,,,,,,,,,,,,,,,,,,,,,,,,,,,,,,,,,,,,,,,,,,,,,220,312.7
1786642260,136.9,136.9,136.89,136.89,137.84,136.5,,,,,,,,,,,,,,,,,,,,,,,,,,,,,,,,,,,,,,,,,,,,,,,,,,,,55,314.9
1786642320,136.86,136.96,136.85,136.94,137.84,136.5,,,,,,,,,,,,,,,,,,,,,,,,,,,,,,,,,,,,,,,,,,,,,,,,,,,,555,342.4
1786642380,136.94,136.98,136.94,136.98,137.84,136.5,,,,,,,,,,,,,,,,,,,,,,,,,,,,,,,,,,,,,,,,,,,,,,,,,,,,122,328.6
1786642440,136.89,136.92,136.87,136.87,137.84,136.5,,,,,,,,,,,,,,,,,,,,,,,,,,,,,,,,,,,,,,,,,,,,,,,,,,,,77,304.4
1786642500,136.85,136.85,136.81,136.85,137.84,136.5,,,,,,,,,,,,,,,,,,,,,,,,,,,,,,,,,,,,,,,,,,,,,,,,,,,,176,307.4
1786642560,136.85,136.86,136.85,136.85,137.84,136.5,,,,,,,,,,,,,,,,,,,,,,,,,,,,,,,,,,,,,,,,,,,,,,,,,,,,206,309.3
1786642620,136.85,136.85,136.82,136.82,137.84,136.5,,,,,,,,,,,,,,,,,,,,,,,,,,,,,,,,,,,,,,,,,,,,,,,,,,,,161,312.15
1786642680,136.8,136.82,136.79,136.79,137.84,136.5,,,,,,,,,,,,,,,,,,,,,,,,,,,,,,,,,,,,,,,,,,,,,,,,,,,,813,342.4
1786642740,136.8,136.82,136.78,136.81,137.84,136.5,,,,,,,,,,,,,,,,,,,,,,,,,,,,,,,,,,,,,,,,,,,,,,,,,,,,548,359.5
1786642800,136.81,136.81,136.8,136.8,137.84,136.5,,,,,,,,,,,,,,,,,,,,,,,,,,,,,,,,,,,,,,,,,,,,,,,,,,,,515,377.45
1786642860,136.77,136.835,136.77,136.835,137.84,136.5,,,,,,,,,,,,,,,,,,,,,,,,,,,,,,,,,,,,,,,,,,,,,,,,,,,,222,365.25
1786642920,136.86,136.86,136.86,136.86,137.84,136.5,,,,,,,,,,,,,,,,,,,,,,,,,,,,,,,,,,,,,,,,,,,,,,,,,,,,396,352.85
1786642980,136.86,136.86,136.84,136.85,137.84,136.5,,,,,,,,,,,,,,,,,,,,,,,,,,,,,,,,,,,,,,,,,,,,,,,,,,,,144,337.3
1786643040,136.83,136.83,136.75,136.75,137.84,136.5,,,,,,,,,,,,,,,,,,,,,,,,,,,,,,,,,,,,,,,,,,,,,,,,,,,,150,288.75
1786643100,136.77,136.78,136.75,136.78,137.84,136.5,,,,,,,,,,,,,,,,,,,,,,,,,,,,,,,,,,,,,,,,,,,,,,,,,,,,165,284.1
1786643160,136.73,136.76,136.72,136.74,137.84,136.5,,,,,,,,,,,,,,,,,,,,,,,,,,,,,,,,,,,,,,,,,,,,,,,,,,,,443,299.65
1786643220,136.7,136.7,136.7,136.7,137.84,136.5,,,,,,,,,,,,,,,,,,,,,,,,,,,,,,,,,,,,,,,,,,,,,,,,,,,,305,304.75
1786643280,136.68,136.7,136.68,136.7,137.84,136.5,,,,,,,,,,,,,,,,,,,,,,,,,,,,,,,,,,,,,,,,,,,,,,,,,,,,191,287.75
1786643340,136.71,136.78,136.71,136.78,137.84,136.5,,,,,,,,,,,,,,,,,,,,,,,,,,,,,,,,,,,,,,,,,,,,,,,,,,,,1148,330.6
1786643400,136.76,136.78,136.75,136.78,137.84,136.5,,,,,,,,,,,,,,,,,,,,,,,,,,,,,,,,,,,,,,,,,,,,,,,,,,,,246,331.9
1786643460,136.84,136.84,136.79,136.84,137.84,136.5,,,,,,,,,,,,,,,,,,,,,,,,,,,,,,,,,,,,,,,,,,,,,,,,,,,,240,341.15
1786643520,136.81,136.85,136.81,136.85,137.84,136.5,,,,,,,,,,,,,,,,,,,,,,,,,,,,,,,,,,,,,,,,,,,,,,,,,,,,390,332.9
1786643580,136.85,136.85,136.85,136.85,137.84,136.5,,,,,,,,,,,,,,,,,,,,,,,,,,,,,,,,,,,,,,,,,,,,,,,,,,,,271,340.35
1786643640,136.82,136.84,136.82,136.84,137.84,136.5,,,,,,,,,,,,,,,,,,,,,,,,,,,,,,,,,,,,,,,,,,,,,,,,,,,,397,356.35
1786643700,136.85,136.85,136.85,136.85,137.84,136.5,,,,,,,,,,,,,,,,,,,,,,,,,,,,,,,,,,,,,,,,,,,,,,,,,,,,1,347.6
1786643760,136.85,136.91,136.85,136.885,137.84,136.5,,,,,,,,,,,,,,,,,,,,,,,,,,,,,,,,,,,,,,,,,,,,,,,,,,,,554,365
1786643820,136.89,136.92,136.89,136.92,137.84,136.5,,,,,,,,,,,,,,,,,,,,,,,,,,,,,,,,,,,,,,,,,,,,,,,,,,,,170,365.45
1786643880,136.88,136.88,136.88,136.88,137.84,136.5,,,,,,,,,,,,,,,,,,,,,,,,,,,,,,,,,,,,,,,,,,,,,,,,,,,,100,329.8
1786643940,136.85,136.86,136.85,136.85,137.84,136.5,,,,,,,,,,,,,,,,,,,,,,,,,,,,,,,,,,,,,,,,,,,,,,,,,,,,555,330.15
1786644000,136.845,136.87,136.84,136.87,137.84,136.5,,,,,,,,,,,,,,,,,,,,,,,,,,,,,,,,,,,,,,,,,,,,,,,,,,,,190,313.9
1786644060,136.88,136.88,136.88,136.88,137.84,136.5,,,,,,,,,,,,,,,,,,,,,,,,,,,,,,,,,,,,,,,,,,,,,,,,,,,,102,307.9
1786644120,136.87,136.9,136.86,136.86,137.84,136.5,,,,,,,,,,,,,,,,,,,,,,,,,,,,,,,,,,,,,,,,,,,,,,,,,,,,448,310.5
1786644180,136.84,136.89,136.84,136.89,137.84,136.5,,,,,,,,,,,,,,,,,,,,,,,,,,,,,,,,,,,,,,,,,,,,,,,,,,,,142,310.4
1786644240,136.9,136.92,136.9,136.9,137.84,136.5,,,,,,,,,,,,,,,,,,,,,,,,,,,,,,,,,,,,,,,,,,,,,,,,,,,,152,310.5
1786644300,136.89,136.89,136.83,136.83,137.84,136.5,,,,,,,,,,,,,,,,,,,,,,,,,,,,,,,,,,,,,,,,,,,,,,,,,,,,66,305.55
1786644360,136.8,136.8,136.78,136.78,137.84,136.5,,,,,,,,,,,,,,,,,,,,,,,,,,,,,,,,,,,,,,,,,,,,,,,,,,,,219,294.35
1786644420,136.81,136.81,136.76,136.76,137.84,136.5,,,,,,,,,,,,,,,,,,,,,,,,,,,,,,,,,,,,,,,,,,,,,,,,,,,,411,299.65
1786644480,136.75,136.77,136.75,136.77,137.84,136.5,,,,,,,,,,,,,,,,,,,,,,,,,,,,,,,,,,,,,,,,,,,,,,,,,,,,182,299.2
1786644540,136.77,136.79,136.75,136.75,137.84,136.5,,,,,,,,,,,,,,,,,,,,,,,,,,,,,,,,,,,,,,,,,,,,,,,,,,,,135,248.55
1786644600,136.72,136.72,136.68,136.7,137.84,136.5,,,,,,,,,,,,,,,,,,,,,,,,,,,,,,,,,,,,,,,,,,,,,,,,,,,,258,249.15
1786644660,136.72,136.72,136.71,136.71,137.84,136.5,,,,,,,,,,,,,,,,,,,,,,,,,,,,,,,,,,,,,,,,,,,,,,,,,,,,61,240.2
1786644720,136.73,136.77,136.73,136.77,137.84,136.5,,,,,,,,,,,,,,,,,,,,,,,,,,,,,,,,,,,,,,,,,,,,,,,,,,,,3,220.85
1786644780,136.78,136.825,136.78,136.81,137.84,136.5,,,,,,,,,,,,,,,,,,,,,,,,,,,,,,,,,,,,,,,,,,,,,,,,,,,,318,223.2
1786644840,136.79,136.81,136.79,136.79,137.84,136.5,,,,,,,,,,,,,,,,,,,,,,,,,,,,,,,,,,,,,,,,,,,,,,,,,,,,101,208.4
1786644900,136.78,136.78,136.71,136.71,137.84,136.5,,,,,,,,,,,,,,,,,,,,,,,,,,,,,,,,,,,,,,,,,,,,,,,,,,,,319,224.3
1786645020,136.75,136.75,136.67,136.67,137.84,136.5,,,,,,,,,,,,,,,,,,,,,,,,,,,,,,,,,,,,,,,,,,,,,,,,,,,,321,212.65
1786645080,136.69,136.71,136.67,136.67,137.84,136.5,,,,,,,,,,,,,,,,,,,,,,,,,,,,,,,,,,,,,,,,,,,,,,,,,,,,149,211.6
1786645140,136.68,136.73,136.68,136.73,137.84,136.5,,,,,,,,,,,,,,,,,,,,,,,,,,,,,,,,,,,,,,,,,,,,,,,,,,,,105,211.85
1786645200,136.71,136.73,136.7,136.73,137.84,136.5,,,,,,,,,,,,,,,,,,,,,,,,,,,,,,,,,,,,,,,,,,,,,,,,,,,,244,196.3
1786645260,136.72,136.72,136.72,136.72,137.84,136.5,,,,,,,,,,,,,,,,,,,,,,,,,,,,,,,,,,,,,,,,,,,,,,,,,,,,180,195.8
1786645320,136.65,136.65,136.65,136.65,137.84,136.5,,,,,,,,,,,,,,,,,,,,,,,,,,,,,,,,,,,,,,,,,,,,,,,,,,,,10,191.2
1786645380,136.67,136.67,136.67,136.67,137.84,136.5,,,,,,,,,,,,,,,,,,,,,,,,,,,,,,,,,,,,,,,,,,,,,,,,,,,,177,177.65
1786645440,136.66,136.68,136.66,136.68,137.84,136.5,,,,,,,,,,,,,,,,,,,,,,,,,,,,,,,,,,,,,,,,,,,,,,,,,,,,103,175.7
1786645500,136.7,136.72,136.67,136.67,137.84,136.5,,,,,,,,,,,,,,,,,,,,,,,,,,,,,,,,,,,,,,,,,,,,,,,,,,,,132,174.7
1786645620,136.72,136.72,136.67,136.7,137.84,136.5,,,,,,,,,,,,,,,,,,,,,,,,,,,,,,,,,,,,,,,,,,,,,,,,,,,,526,197.7
1786645680,136.72,136.72,136.72,136.72,137.84,136.5,,,,,,,,,,,,,,,,,,,,,,,,,,,,,,,,,,,,,,,,,,,,,,,,,,,,2,186.85
1786645740,136.72,136.72,136.68,136.68,137.84,136.5,,,,,,,,,,,,,,,,,,,,,,,,,,,,,,,,,,,,,,,,,,,,,,,,,,,,2,166.4
1786645800,136.72,136.78,136.72,136.755,137.84,136.5,,,,,,,,,,,,,,,,,,,,,,,,,,,,,,,,,,,,,,,,,,,,,,,,,,,,382,176.4
1786645860,136.715,136.715,136.715,136.715,137.84,136.5,,,,,,,,,,,,,,,,,,,,,,,,,,,,,,,,,,,,,,,,,,,,,,,,,,,,8,170.05
1786645920,136.72,136.73,136.72,136.73,137.84,136.5,,,,,,,,,,,,,,,,,,,,,,,,,,,,,,,,,,,,,,,,,,,,,,,,,,,,181,166.2
1786645980,136.7,136.705,136.64,136.65,137.84,136.5,,,,,,,,,,,,,,,,,,,,,,,,,,,,,,,,,,,,,,,,,,,,,,,,,,,,356,180.95
1786646040,136.63,136.63,136.625,136.63,137.84,136.5,,,,,,,,,,,,,,,,,,,,,,,,,,,,,,,,,,,,,,,,,,,,,,,,,,,,91,185.35
1786646100,136.63,136.63,136.61,136.61,137.84,136.5,,,,,,,,,,,,,,,,,,,,,,,,,,,,,,,,,,,,,,,,,,,,,,,,,,,,300,184.45
1786646160,136.57,136.58,136.57,136.57,137.84,136.5,,,,,,,,,,,,,,,,,,,,,,,,,,,,,,,,,,,,,,,,,,,,,,,,,,,,3,179.55
1786646220,136.55,136.56,136.47,136.5,137.84,136.5,,,,,,,,,,,,,,,,,,,,,,,,,,,,,,,,,,,,,,,,,,,,,,,,,,,,646,195.9
1786646280,136.45,136.47,136.43,136.45,137.84,136.5,,,,,,,,,,,,,,,,,,,,,,,,,,,,,,,,,,,,,,,,,,,,,,,,,,,,263,193
1786646340,136.48,136.5,136.38,136.4,137.84,136.5,,,,,,,,,,,,,,,,,,,,,,,,,,,,,,,,,,,,,,,,,,,,,,,,,,,,273,199.2
1786646400,136.385,136.385,136.385,136.385,137.84,136.5,,,,,,,,,,,,,,,,,,,,,,,,,,,,,,,,,,,,,,,,,,,,,,,,,,,,2,194.05
1786646460,136.36,136.36,136.33,136.33,137.84,136.5,,,,,,,,,,,,,,,,,,,,,,,,,,,,,,,,,,,,,,,,,,,,,,,,,,,,685,216.1
1786646520,136.34,136.36,136.3,136.3,137.84,136.5,,,,,,,,,,,,,,,,,,,,,,,,,,,,,,,,,,,,,,,,,,,,,,,,,,,,137,213.95
1786646580,136.36,136.36,136.35,136.35,137.84,136.5,,,,,,,,,,,,,,,,,,,,,,,,,,,,,,,,,,,,,,,,,,,,,,,,,,,,33,215.1
1786646640,136.345,136.37,136.34,136.36,137.84,136.5,,,,,,,,,,,,,,,,,,,,,,,,,,,,,,,,,,,,,,,,,,,,,,,,,,,,4508,431.65
1786646700,136.37,136.47,136.37,136.47,137.84,136.5,,,,,,,,,,,,,,,,,,,,,,,,,,,,,,,,,,,,,,,,,,,,,,,,,,,,251,439.05
1786646760,136.48,136.6,136.48,136.56,137.84,136.5,,,,,,,,,,,,,,,,,,,,,,,,,,,,,,,,,,,,,,,,,,,,,,,,,,,,489,456.9
1786646820,136.56,136.67,136.56,136.67,137.84,136.5,,,,,,,,,,,,,,,,,,,,,,,,,,,,,,,,,,,,,,,,,,,,,,,,,,,,379,449.55
1786646880,136.64,136.68,136.64,136.64,137.84,136.5,,,,,,,,,,,,,,,,,,,,,,,,,,,,,,,,,,,,,,,,,,,,,,,,,,,,227,460.8
1786646940,136.63,136.69,136.63,136.66,137.84,136.5,,,,,,,,,,,,,,,,,,,,,,,,,,,,,,,,,,,,,,,,,,,,,,,,,,,,282,474.8
1786647000,136.63,136.63,136.585,136.59,137.84,136.5,,,,,,,,,,,,,,,,,,,,,,,,,,,,,,,,,,,,,,,,,,,,,,,,,,,,376,474.5
1786647060,136.57,136.6,136.54,136.55,137.84,136.5,,,,,,,,,,,,,,,,,,,,,,,,,,,,,,,,,,,,,,,,,,,,,,,,,,,,551,501.65
1786647120,136.52,136.55,136.52,136.55,137.84,136.5,,,,,,,,,,,,,,,,,,,,,,,,,,,,,,,,,,,,,,,,,,,,,,,,,,,,150,500.1
1786647180,136.55,136.55,136.5,136.52,137.84,136.5,,,,,,,,,,,,,,,,,,,,,,,,,,,,,,,,,,,,,,,,,,,,,,,,,,,,586,511.6
1786647240,136.51,136.555,136.51,136.555,137.84,136.5,,,,,,,,,,,,,,,,,,,,,,,,,,,,,,,,,,,,,,,,,,,,,,,,,,,,299,522
1786647300,136.58,136.6,136.57,136.58,137.84,136.5,,,,,,,,,,,,,,,,,,,,,,,,,,,,,,,,,,,,,,,,,,,,,,,,,,,,436,528.8
1786647360,136.59,136.59,136.585,136.585,137.84,136.5,,,,,,,,,,,,,,,,,,,,,,,,,,,,,,,,,,,,,,,,,,,,,,,,,,,,4,528.85
1786647420,136.57,136.57,136.5,136.5,137.84,136.5,,,,,,,,,,,,,,,,,,,,,,,,,,,,,,,,,,,,,,,,,,,,,,,,,,,,712,532.15
1786647480,136.46,136.46,136.46,136.46,137.84,136.5,,,,,,,,,,,,,,,,,,,,,,,,,,,,,,,,,,,,,,,,,,,,,,,,,,,,10,519.5
1786647540,136.43,136.44,136.42,136.44,137.84,136.5,,,,,,,,,,,,,,,,,,,,,,,,,,,,,,,,,,,,,,,,,,,,,,,,,,,,273,519.5
1786647600,136.36,136.4,136.36,136.4,137.84,136.5,,,,,,,,,,,,,,,,,,,,,,,,,,,,,,,,,,,,,,,,,,,,,,,,,,,,292,534
1786647660,136.37,136.44,136.37,136.44,137.84,136.5,,,,,,,,,,,,,,,,,,,,,,,,,,,,,,,,,,,,,,,,,,,,,,,,,,,,241,511.8
1786647720,136.42,136.43,136.4,136.43,137.84,136.5,,,,,,,,,,,,,,,,,,,,,,,,,,,,,,,,,,,,,,,,,,,,,,,,,,,,167,513.3
1786647780,136.44,136.45,136.41,136.41,137.84,136.5,,,,,,,,,,,,,,,,,,,,,,,,,,,,,,,,,,,,,,,,,,,,,,,,,,,,514,537.35
1786647840,136.41,136.41,136.33,136.33,137.84,136.5,,,,,,,,,,,,,,,,,,,,,,,,,,,,,,,,,,,,,,,,,,,,,,,,,,,,346,329.25
1786647900,136.36,136.38,136.36,136.36,137.84,136.5,,,,,,,,,,,,,,,,,,,,,,,,,,,,,,,,,,,,,,,,,,,,,,,,,,,,147,324.05
1786647960,136.39,136.43,136.37,136.43,137.84,136.5,,,,,,,,,,,,,,,,,,,,,,,,,,,,,,,,,,,,,,,,,,,,,,,,,,,,351,317.15
1786648020,136.42,136.42,136.41,136.41,137.84,136.5,,,,,,,,,,,,,,,,,,,,,,,,,,,,,,,,,,,,,,,,,,,,,,,,,,,,145,305.45
1786648080,136.42,136.49,136.42,136.49,137.84,136.5,,,,,,,,,,,,,,,,,,,,,,,,,,,,,,,,,,,,,,,,,,,,,,,,,,,,277,307.95
1786648140,136.52,136.53,136.52,136.53,137.84,136.5,,,,,,,,,,,,,,,,,,,,,,,,,,,,,,,,,,,,,,,,,,,,,,,,,,,,221,304.9
1786648200,136.54,136.54,136.46,136.52,137.84,136.5,,,,,,,,,,,,,,,,,,,,,,,,,,,,,,,,,,,,,,,,,,,,,,,,,,,,758,324
1786648260,136.5,136.5,136.495,136.5,137.84,136.5,,,,,,,,,,,,,,,,,,,,,,,,,,,,,,,,,,,,,,,,,,,,,,,,,,,,310,311.95
1786648320,136.48,136.48,136.46,136.46,137.84,136.5,,,,,,,,,,,,,,,,,,,,,,,,,,,,,,,,,,,,,,,,,,,,,,,,,,,,85,308.7
1786648380,136.56,136.86,136.51,136.83,137.84,136.5,,,,,,,,,,,,,,,,,,,,,,,,,,,,,,,,,,,,,,,,,,,,,,,,,,,,3607,459.75
1786648440,136.89,136.91,136.89,136.89,137.84,136.5,,,,,,,,,,,,,,,,,,,,,,,,,,,,,,,,,,,,,,,,,,,,,,,,,,,,420,465.8
1786648500,136.91,136.96,136.905,136.96,137.84,136.5,,,,,,,,,,,,,,,,,,,,,,,,,,,,,,,,,,,,,,,,,,,,,,,,,,,,646,476.3
1786648560,137,137.1,136.97,137.1,137.84,136.5,,,,,,,,,,,,,,,,,,,,,,,,,,,,,,,,,,,,,,,,,,,,,,,,,,,,319,492.05
1786648620,137.1,137.13,137.09,137.09,137.84,136.5,,,,,,,,,,,,,,,,,,,,,,,,,,,,,,,,,,,,,,,,,,,,,,,,,,,,172,465.05
1786648680,137.11,137.22,137.11,137.19,137.84,136.5,,,,,,,,,,,,,,,,,,,,,,,,,,,,,,,,,,,,,,,,,,,,,,,,,,,,426,485.85
1786648740,137.19,137.2,137.14,137.16,137.84,136.5,,,,,,,,,,,,,,,,,,,,,,,,,,,,,,,,,,,,,,,,,,,,,,,,,,,,752,509.8
1786648800,137.175,137.24,137.17,137.24,137.84,136.5,,,,,,,,,,,,,,,,,,,,,,,,,,,,,,,,,,,,,,,,,,,,,,,,,,,,492,519.8
1786648860,137.2,137.22,137.19,137.21,137.84,136.5,,,,,,,,,,,,,,,,,,,,,,,,,,,,,,,,,,,,,,,,,,,,,,,,,,,,191,517.3
1786648920,137.22,137.28,137.22,137.28,137.84,136.5,,,,,,,,,,,,,,,,,,,,,,,,,,,,,,,,,,,,,,,,,,,,,,,,,,,,633,540.6
1786648980,137.29,137.29,137.22,137.285,137.84,136.5,,,,,,,,,,,,,,,,,,,,,,,,,,,,,,,,,,,,,,,,,,,,,,,,,,,,1321,580.95
1786649040,137.13,137.19,137.13,137.15,137.84,136.5,,,,,,,,,,,,,,,,,,,,,,,,,,,,,,,,,,,,,,,,,,,,,,,,,,,,405,583.9
1786649100,137.12,137.18,137.12,137.14,137.84,136.5,,,,,,,,,,,,,,,,,,,,,,,,,,,,,,,,,,,,,,,,,,,,,,,,,,,,868,619.95
1786649160,137.18,137.24,137.18,137.21,137.84,136.5,,,,,,,,,,,,,,,,,,,,,,,,,,,,,,,,,,,,,,,,,,,,,,,,,,,,505,627.65
1786649220,137.22,137.3,137.22,137.3,137.84,136.5,,,,,,,,,,,,,,,,,,,,,,,,,,,,,,,,,,,,,,,,,,,,,,,,,,,,150,627.9
1786649280,137.28,137.28,137.17,137.17,137.84,136.5,,,,,,,,,,,,,,,,,,,,,,,,,,,,,,,,,,,,,,,,,,,,,,,,,,,,420,635.05
1786649340,137.15,137.25,137.15,137.24,137.84,136.5,,,,,,,,,,,,,,,,,,,,,,,,,,,,,,,,,,,,,,,,,,,,,,,,,,,,835,665.75
1786649400,137.25,137.34,137.25,137.32,137.84,136.5,,,,,,,,,,,,,,,,,,,,,,,,,,,,,,,,,,,,,,,,,,,,,,,,,,,,929,674.3
1786649460,137.33,137.4,137.33,137.4,137.84,136.5,,,,,,,,,,,,,,,,,,,,,,,,,,,,,,,,,,,,,,,,,,,,,,,,,,,,750,696.3
1786649520,137.48,137.48,137.43,137.46,137.84,136.5,,,,,,,,,,,,,,,,,,,,,,,,,,,,,,,,,,,,,,,,,,,,,,,,,,,,442,714.15
1786649580,137.5,137.53,137.46,137.53,137.84,136.5,,,,,,,,,,,,,,,,,,,,,,,,,,,,,,,,,,,,,,,,,,,,,,,,,,,,1010,584.3
1786649640,137.525,137.55,137.51,137.51,137.84,136.5,,,,,,,,,,,,,,,,,,,,,,,,,,,,,,,,,,,,,,,,,,,,,,,,,,,,606,593.6
1786649700,137.515,137.515,137.46,137.48,137.84,136.5,,,,,,,,,,,,,,,,,,,,,,,,,,,,,,,,,,,,,,,,,,,,,,,,,,,,750,598.8
1786649760,137.5,137.5,137.475,137.49,137.84,136.5,,,,,,,,,,,,,,,,,,,,,,,,,,,,,,,,,,,,,,,,,,,,,,,,,,,,338,599.75
1786649820,137.5,137.51,137.44,137.46,137.84,136.5,,,,,,,,,,,,,,,,,,,,,,,,,,,,,,,,,,,,,,,,,,,,,,,,,,,,1242,653.25
1786649880,137.49,137.54,137.49,137.54,137.84,136.5,,,,,,,,,,,,,,,,,,,,,,,,,,,,,,,,,,,,,,,,,,,,,,,,,,,,254,644.65
1786649940,137.5,137.51,137.41,137.43,137.84,136.5,,,,,,,,,,,,,,,,,,,,,,,,,,,,,,,,,,,,,,,,,,,,,,,,,,,,1537,683.9
1786650000,137.44,137.475,137.36,137.46,137.84,136.5,,,,,,,,,,,,,,,,,,,,,,,,,,,,,,,,,,,,,,,,,,,,,,,,,,,,961,707.35
1786650060,137.45,137.45,137.43,137.43,137.84,136.5,,,,,,,,,,,,,,,,,,,,,,,,,,,,,,,,,,,,,,,,,,,,,,,,,,,,360,715.8
1786650120,137.43,137.46,137.42,137.46,137.84,136.5,,,,,,,,,,,,,,,,,,,,,,,,,,,,,,,,,,,,,,,,,,,,,,,,,,,,489,708.6
1786650180,137.49,137.53,137.44,137.44,137.84,136.5,,,,,,,,,,,,,,,,,,,,,,,,,,,,,,,,,,,,,,,,,,,,,,,,,,,,1240,704.55
1786650240,137.445,137.445,137.39,137.44,137.84,136.5,,,,,,,,,,,,,,,,,,,,,,,,,,,,,,,,,,,,,,,,,,,,,,,,,,,,640,716.3
1786650300,137.52,137.52,137.45,137.52,137.84,136.5,,,,,,,,,,,,,,,,,,,,,,,,,,,,,,,,,,,,,,,,,,,,,,,,,,,,744,710.1
1786650360,137.55,137.59,137.53,137.58,137.84,136.5,,,,,,,,,,,,,,,,,,,,,,,,,,,,,,,,,,,,,,,,,,,,,,,,,,,,1863,778
1786650420,137.56,137.62,137.55,137.57,137.84,136.5,,,,,,,,,,,,,,,,,,,,,,,,,,,,,,,,,,,,,,,,,,,,,,,,,,,,876,814.3
1786650480,137.61,137.61,137.57,137.58,137.84,136.5,,,,,,,,,,,,,,,,,,,,,,,,,,,,,,,,,,,,,,,,,,,,,,,,,,,,1160,851.3
1786650540,137.59,137.66,137.59,137.64,137.84,136.5,,,,,,,,,,,,,,,,,,,,,,,,,,,,,,,,,,,,,,,,,,,,,,,,,,,,887,853.9
1786650600,137.61,137.77,137.61,137.77,137.84,136.5,,,,,,,,,,,,,,,,,,,,,,,,,,,,,,,,,,,,,,,,,,,,,,,,,,,,2441,929.5
1786650660,137.75,137.775,137.74,137.74,137.84,136.5,,,,,,,,,,,,,,,,,,,,,,,,,,,,,,,,,,,,,,,,,,,,,,,,,,,,1132,948.6
1786650720,137.74,137.78,137.71,137.76,137.84,136.5,,,,,,,,,,,,,,,,,,,,,,,,,,,,,,,,,,,,,,,,,,,,,,,,,,,,1657,1009.35
1786650780,137.75,137.94,137.73,137.93,137.84,136.5,,,,,,,,,,,,,,,,,,,,,,,,,,,,,,,,,,,,,,,,,,,,,,,,,,,,3100,1113.85
1786650840,137.95,138.12,137.9,138.12,137.84,136.5,,,,,,,,,,,,,,,,,,,,,,,,,,,,,,,,,,,,,,,,,,,,,,,,,,,,4663,1316.7
1786650900,138.15,138.38,138.15,138.23,137.84,136.5,,,,,,,,,,,,,,,,,,,,,,,,,,,,,,,,,,,,,,,,,,,,,,,,,,,,4778,1518.1
1786650960,138.23,138.25,138.14,138.25,137.84,136.5,,,,,,,,,,,,,,,,,,,,,,,,,,,,,,,,,,,,,,,,,,,,,,,,,,,,5504,1776.4
1786651020,138.26,138.29,138.17,138.17,137.84,136.5,,,,,,,,,,,,,,,,,,,,,,,,,,,,,,,,,,,,,,,,,,,,,,,,,,,,4443,1936.45
1786651080,138.12,138.215,138.115,138.14,137.84,136.5,,,,,,,,,,,,,,,,,,,,,,,,,,,,,,,,,,,,,,,,,,,,,,,,,,,,8481,2347.8
1786651140,138.14,138.18,138.09,138.16,137.84,136.5,,,1,18,-1,1786629000000,136.38,137.84,136.5,1.3400000000000034,0.22975462118595671,0.256635870362219,1.4664906877841326,2,1786629360000,2,1,1786629300000,136.345,67.46327851858467,1,0,0,2,0,,,,0,0,0,0,0,,,,0,0,0,0,0,,,,0,0,0,0,,-1,18,17158,3128.85
1786714200,137.03,137.19,136.33,136.33,137.19,136.33,,,,,,,,,,,,,,,,,,,,,,,,,,,,,,,,,,,,,,,,,,,,,,,,,,,,647,3113.15
1786714260,136.29,136.29,135.91,136.16,137.19,135.91,,,,,,,,,,,,,,,,,,,,,,,,,,,,,,,,,,,,,,,,,,,,,,,,,,,,2305,3210.4
1786714320,136.15,136.8,136.15,136.76,137.19,135.91,,,,,,,,,,,,,,,,,,,,,,,,,,,,,,,,,,,,,,,,,,,,,,,,,,,,667,3219.3
1786714380,136.81,136.82,136.59,136.73,137.19,135.91,,,,,,,,,,,,,,,,,,,,,,,,,,,,,,,,,,,,,,,,,,,,,,,,,,,,323,3173.45
1786714440,136.48,136.48,136.45,136.45,137.19,135.91,,,,,,,,,,,,,,,,,,,,,,,,,,,,,,,,,,,,,,,,,,,,,,,,,,,,11,3142
1786714500,136.6,136.67,136.52,136.67,137.19,135.91,,,,,,,,,,,,,,,,,,,,,,,,,,,,,,,,,,,,,,,,,,,,,,,,,,,,624,3136
1786714560,136.51,136.71,136.51,136.71,137.19,135.91,,,,,,,,,,,,,,,,,,,,,,,,,,,,,,,,,,,,,,,,,,,,,,,,,,,,192,3052.45
1786714620,136.77,137.25,136.77,137.25,137.25,135.91,,,,,,,,,,,,,,,,,,,,,,,,,,,,,,,,,,,,,,,,,,,,,,,,,,,,566,3036.95
1786714680,137.23,137.23,137.19,137.19,137.25,135.91,,,,,,,,,,,,,,,,,,,,,,,,,,,,,,,,,,,,,,,,,,,,,,,,,,,,17,2979.8
1786714740,137.29,137.3,137.27,137.27,137.3,135.91,,,,,,,,,,,,,,,,,,,,,,,,,,,,,,,,,,,,,,,,,,,,,,,,,,,,335,2952.2
1786714800,137.25,137.33,137.085,137.18,137.33,135.91,,,,,,,,,,,,,,,,,,,,,,,,,,,,,,,,,,,,,,,,,,,,,,,,,,,,1147,2887.5
1786714860,137.19,137.3,136.97,136.97,137.33,135.91,,,,,,,,,,,,,,,,,,,,,,,,,,,,,,,,,,,,,,,,,,,,,,,,,,,,321,2846.95
1786714920,137.13,137.13,136.75,137.05,137.33,135.91,,,,,,,,,,,,,,,,,,,,,,,,,,,,,,,,,,,,,,,,,,,,,,,,,,,,668,2797.5
1786714980,137.14,137.21,137.06,137.21,137.33,135.91,,,,,,,,,,,,,,,,,,,,,,,,,,,,,,,,,,,,,,,,,,,,,,,,,,,,546,2669.8
1786715040,137.2,137.28,137.2,137.28,137.33,135.91,,,,,,,,,,,,,,,,,,,,,,,,,,,,,,,,,,,,,,,,,,,,,,,,,,,,214,2447.35
1786715100,137.29,137.29,136.86,136.89,137.33,135.91,,,,,,,,,,,,,,,,,,,,,,,,,,,,,,,,,,,,,,,,,,,,,,,,,,,,419,2229.4
1786715160,136.99,136.99,136.7,136.7,137.33,135.91,,,,,,,,,,,,,,,,,,,,,,,,,,,,,,,,,,,,,,,,,,,,,,,,,,,,664,1987.4
1786715220,136.8,136.8,136.65,136.68,137.33,135.91,,,,,,,,,,,,,,,,,,,,,,,,,,,,,,,,,,,,,,,,,,,,,,,,,,,,51,1767.8
1786715280,136.6,136.93,136.59,136.93,137.33,135.91,,,,,,,,,,,,,,,,,,,,,,,,,,,,,,,,,,,,,,,,,,,,,,,,,,,,705,1379
1786715340,137.08,137.1,137.02,137.1,137.33,135.91,,,,,,,,,,,,,,,,,,,,,,,,,,,,,,,,,,,,,,,,,,,,,,,,,,,,362,539.2
1786715400,137.09,137.15,137.02,137.04,137.33,135.91,,,,,,,,,,,,,,,,,,,,,,,,,,,,,,,,,,,,,,,,,,,,,,,,,,,,566,535.15
1786715460,137.13,137.15,136.87,136.87,137.33,135.91,,,,,,,,,,,,,,,,,,,,,,,,,,,,,,,,,,,,,,,,,,,,,,,,,,,,250,432.4
1786715520,136.92,136.98,136.87,136.87,137.33,135.91,,,,,,,,,,,,,,,,,,,,,,,,,,,,,,,,,,,,,,,,,,,,,,,,,,,,403,419.2
1786715580,136.86,136.95,136.86,136.93,137.33,135.91,,,,,,,,,,,,,,,,,,,,,,,,,,,,,,,,,,,,,,,,,,,,,,,,,,,,359,421
1786715640,136.89,136.89,136.88,136.88,137.33,135.91,,,,,,,,,,,,,,,,,,,,,,,,,,,,,,,,,,,,,,,,,,,,,,,,,,,,63,423.6
1786715700,136.93,136.94,136.9,136.94,137.33,135.91,,,,,,,,,,,,,,,,,,,,,,,,,,,,,,,,,,,,,,,,,,,,,,,,,,,,96,397.2
1786715760,136.83,136.845,136.83,136.845,137.33,135.91,,,,,,,,,,,,,,,,,,,,,,,,,,,,,,,,,,,,,,,,,,,,,,,,,,,,102,392.7
1786715820,136.92,136.92,136.89,136.9,137.33,135.91,,,,,,,,,,,,,,,,,,,,,,,,,,,,,,,,,,,,,,,,,,,,,,,,,,,,102,369.5
1786715880,136.95,136.95,136.95,136.95,137.33,135.91,,,,,,,,,,,,,,,,,,,,,,,,,,,,,,,,,,,,,,,,,,,,,,,,,,,,200,378.65
1786715940,136.98,137.26,136.98,137.26,137.33,135.91,,,,,,,,,,,,,,,,,,,,,,,,,,,,,,,,,,,,,,,,,,,,,,,,,,,,121,367.95
1786716000,137.315,137.42,137.23,137.29,137.33,135.91,,,,,,,,,,,,,,,,,,,,,,,,,,,,,,,,,,,,,,,,,,,,,,,,,,,,1042,362.7
1786716060,137.31,137.32,137.15,137.15,137.33,135.91,,,,,,,,,,,,,,,,,,,,,,,,,,,,,,,,,,,,,,,,,,,,,,,,,,,,236,358.45
1786716120,137.04,137.04,136.995,137.02,137.33,135.91,,,,,,,,,,,,,,,,,,,,,,,,,,,,,,,,,,,,,,,,,,,,,,,,,,,,326,341.35
1786716180,137.01,137.16,137.01,137.16,137.33,135.91,,,,,,,,,,,,,,,,,,,,,,,,,,,,,,,,,,,,,,,,,,,,,,,,,,,,484,338.25
1786716240,137.12,137.16,136.99,136.99,137.33,135.91,,,,,,,,,,,,,,,,,,,,,,,,,,,,,,,,,,,,,,,,,,,,,,,,,,,,423,348.7
1786716300,136.95,136.96,136.835,136.84,137.33,135.91,,,,,,,,,,,,,,,,,,,,,,,,,,,,,,,,,,,,,,,,,,,,,,,,,,,,238,339.65
1786716360,136.88,136.975,136.88,136.975,137.33,135.91,,,,,,,,,,,,,,,,,,,,,,,,,,,,,,,,,,,,,,,,,,,,,,,,,,,,327,322.8
1786716420,136.89,136.98,136.82,136.97,137.33,135.91,,,,,,,,,,,,,,,,,,,,,,,,,,,,,,,,,,,,,,,,,,,,,,,,,,,,842,362.35
1786716480,136.99,137.02,136.86,136.86,137.33,135.91,,,,,,,,,,,,,,,,,,,,,,,,,,,,,,,,,,,,,,,,,,,,,,,,,,,,576,355.9
1786716540,136.85,136.85,136.85,136.85,137.33,135.91,,,,,,,,,,,,,,,,,,,,,,,,,,,,,,,,,,,,,,,,,,,,,,,,,,,,100,342.8
1786716600,136.9,136.92,136.84,136.92,137.33,135.91,,,,,,,,,,,,,,,,,,,,,,,,,,,,,,,,,,,,,,,,,,,,,,,,,,,,752,352.1
1786716660,137.03,137.08,137.025,137.08,137.33,135.91,,,,,,,,,,,,,,,,,,,,,,,,,,,,,,,,,,,,,,,,,,,,,,,,,,,,778,378.5
1786716720,137.09,137.28,137.09,137.27,137.33,135.91,,,,,,,,,,,,,,,,,,,,,,,,,,,,,,,,,,,,,,,,,,,,,,,,,,,,2057,461.2
1786716780,137.16,137.16,137.12,137.14,137.33,135.91,,,,,,,,,,,,,,,,,,,,,,,,,,,,,,,,,,,,,,,,,,,,,,,,,,,,302,458.35
1786716840,137.18,137.28,137.18,137.27,137.33,135.91,,,,,,,,,,,,,,,,,,,,,,,,,,,,,,,,,,,,,,,,,,,,,,,,,,,,649,487.65
1786716900,137.3,137.46,137.3,137.35,137.33,135.91,,,,,,,,,,,,,,,,,,,,,,,,,,,,,,,,,,,,,,,,,,,,,,,,,,,,1059,535.8
1786716960,137.41,137.49,137.36,137.49,137.33,135.91,,,,,,,,,,,,,,,,,,,,,,,,,,,,,,,,,,,,,,,,,,,,,,,,,,,,534,557.4
1786717020,137.53,137.64,137.48,137.64,137.33,135.91,,,,,,,,,,,,,,,,,,,,,,,,,,,,,,,,,,,,,,,,,,,,,,,,,,,,4575,781.05
1786717080,137.65,137.79,137.65,137.79,137.33,135.91,,,,,,,,,,,,,,,,,,,,,,,,,,,,,,,,,,,,,,,,,,,,,,,,,,,,734,807.75
1786717140,137.84,137.86,137.78,137.805,137.33,135.91,,,,,,,,,,,,,,,,,,,,,,,,,,,,,,,,,,,,,,,,,,,,,,,,,,,,545,828.95
1786717200,137.805,137.805,137.66,137.66,137.33,135.91,,,,,,,,,,,,,,,,,,,,,,,,,,,,,,,,,,,,,,,,,,,,,,,,,,,,457,799.7
1786717260,137.69,137.7,137.53,137.7,137.33,135.91,,,,,,,,,,,,,,,,,,,,,,,,,,,,,,,,,,,,,,,,,,,,,,,,,,,,1029,839.35
1786717320,137.71,137.76,137.71,137.76,137.33,135.91,,,,,,,,,,,,,,,,,,,,,,,,,,,,,,,,,,,,,,,,,,,,,,,,,,,,224,834.25
1786717380,137.88,138,137.85,138,137.33,135.91,,,,,,,,,,,,,,,,,,,,,,,,,,,,,,,,,,,,,,,,,,,,,,,,,,,,1819,901
1786717440,138.04,138.14,138.03,138.03,137.33,135.91,,,,,,,,,,,,,,,,,,,,,,,,,,,,,,,,,,,,,,,,,,,,,,,,,,,,501,904.9
1786717500,137.91,137.91,137.72,137.74,137.33,135.91,,,,,,,,,,,,,,,,,,,,,,,,,,,,,,,,,,,,,,,,,,,,,,,,,,,,571,921.55
1786717560,137.71,137.71,137.67,137.67,137.33,135.91,,,,,,,,,,,,,,,,,,,,,,,,,,,,,,,,,,,,,,,,,,,,,,,,,,,,21,906.25
1786717620,137.66,137.66,137.63,137.63,137.33,135.91,,,,,,,,,,,,,,,,,,,,,,,,,,,,,,,,,,,,,,,,,,,,,,,,,,,,129,870.6
1786717680,137.68,137.78,137.68,137.735,137.33,135.91,,,,,,,,,,,,,,,,,,,,,,,,,,,,,,,,,,,,,,,,,,,,,,,,,,,,816,882.6
1786717740,137.72,137.72,137.5,137.6,137.33,135.91,,,,,,,,,,,,,,,,,,,,,,,,,,,,,,,,,,,,,,,,,,,,,,,,,,,,5647,1159.95
1786717800,137.62,137.64,137.43,137.43,137.33,135.91,,,,,,,,,,,,,,,,,,,,,,,,,,,,,,,,,,,,,,,,,,,,,,,,,,,,745,1159.6
1786717860,137.27,137.27,137.125,137.27,137.33,135.91,,,,,,,,,,,,,,,,,,,,,,,,,,,,,,,,,,,,,,,,,,,,,,,,,,,,107,1126.05
1786717920,137.34,137.34,137.27,137.27,137.33,135.91,,,,,,,,,,,,,,,,,,,,,,,,,,,,,,,,,,,,,,,,,,,,,,,,,,,,613,1053.85
1786717980,137.3,137.35,137.29,137.35,137.33,135.91,,,,,,,,,,,,,,,,,,,,,,,,,,,,,,,,,,,,,,,,,,,,,,,,,,,,543,1065.9
1786718040,137.395,137.395,137.33,137.33,137.33,135.91,,,,,,,,,,,,,,,,,,,,,,,,,,,,,,,,,,,,,,,,,,,,,,,,,,,,466,1056.75
1786718100,137.33,137.33,137.28,137.28,137.33,135.91,,,,,,,,,,,,,,,,,,,,,,,,,,,,,,,,,,,,,,,,,,,,,,,,,,,,3248,1166.2
1786718160,137.26,137.26,137.2,137.2,137.33,135.91,,,,,,,,,,,,,,,,,,,,,,,,,,,,,,,,,,,,,,,,,,,,,,,,,,,,31,1141.05
1786718220,137.16,137.21,137.11,137.19,137.33,135.91,,,,,,,,,,,,,,,,,,,,,,,,,,,,,,,,,,,,,,,,,,,,,,,,,,,,374,931
1786718280,137.09,137.15,137.04,137.15,137.33,135.91,,,,,,,,,,,,,,,,,,,,,,,,,,,,,,,,,,,,,,,,,,,,,,,,,,,,421,915.35
1786718400,137.03,137.03,136.93,137.02,137.33,135.91,,,,,,,,,,,,,,,,,,,,,,,,,,,,,,,,,,,,,,,,,,,,,,,,,,,,576,916.9
1786718460,137.07,137.07,137.01,137.04,137.33,135.91,,,,,,,,,,,,,,,,,,,,,,,,,,,,,,,,,,,,,,,,,,,,,,,,,,,,313,909.7
1786718520,136.94,136.97,136.94,136.97,137.33,135.91,,,,,,,,,,,,,,,,,,,,,,,,,,,,,,,,,,,,,,,,,,,,,,,,,,,,152,865.85
1786718580,136.97,136.97,136.95,136.95,137.33,135.91,,,,,,,,,,,,,,,,,,,,,,,,,,,,,,,,,,,,,,,,,,,,,,,,,,,,294,869.35
1786718640,136.97,137.015,136.97,137.015,137.33,135.91,,,,,,,,,,,,,,,,,,,,,,,,,,,,,,,,,,,,,,,,,,,,,,,,,,,,236,790.2
1786718700,137.03,137.03,136.94,136.965,137.33,135.91,,,,,,,,,,,,,,,,,,,,,,,,,,,,,,,,,,,,,,,,,,,,,,,,,,,,634,796.85
1786718760,136.91,136.93,136.765,136.93,137.33,135.91,,,,,,,,,,,,,,,,,,,,,,,,,,,,,,,,,,,,,,,,,,,,,,,,,,,,2095,873.05
1786718820,136.96,136.965,136.91,136.93,137.33,135.91,,,,,,,,,,,,,,,,,,,,,,,,,,,,,,,,,,,,,,,,,,,,,,,,,,,,843,914.15
1786718880,136.91,136.91,136.8,136.9,137.33,135.91,,,,,,,,,,,,,,,,,,,,,,,,,,,,,,,,,,,,,,,,,,,,,,,,,,,,696,942.5
1786718940,136.92,137.02,136.89,137.01,137.33,135.91,,,,,,,,,,,,,,,,,,,,,,,,,,,,,,,,,,,,,,,,,,,,,,,,,,,,381,920.75
1786719000,137.02,137.1,137.02,137.025,137.33,135.91,,,,,,,,,,,,,,,,,,,,,,,,,,,,,,,,,,,,,,,,,,,,,,,,,,,,650,670.9
1786719060,137.07,137.22,137.07,137.21,137.33,135.91,,,,,,,,,,,,,,,,,,,,,,,,,,,,,,,,,,,,,,,,,,,,,,,,,,,,520,659.65
1786719120,137.16,137.16,137.16,137.16,137.33,135.91,,,,,,,,,,,,,,,,,,,,,,,,,,,,,,,,,,,,,,,,,,,,,,,,,,,,2,654.4
1786719180,137.16,137.24,137.16,137.24,137.33,135.91,,,,,,,,,,,,,,,,,,,,,,,,,,,,,,,,,,,,,,,,,,,,,,,,,,,,196,633.55
1786719240,137.17,137.2,137.17,137.19,137.33,135.91,,,,,,,,,,,,,,,,,,,,,,,,,,,,,,,,,,,,,,,,,,,,,,,,,,,,102,611.5
1786719300,137.21,137.225,137.2,137.2,137.33,135.91,,,,,,,,,,,,,,,,,,,,,,,,,,,,,,,,,,,,,,,,,,,,,,,,,,,,371,606.75
1786719360,137.205,137.205,137.09,137.11,137.33,135.91,,,,,,,,,,,,,,,,,,,,,,,,,,,,,,,,,,,,,,,,,,,,,,,,,,,,431,465.9
1786719420,137.08,137.12,137.08,137.12,137.33,135.91,,,,,,,,,,,,,,,,,,,,,,,,,,,,,,,,,,,,,,,,,,,,,,,,,,,,625,495.6
1786719480,137.06,137.18,137.06,137.18,137.33,135.91,,,,,,,,,,,,,,,,,,,,,,,,,,,,,,,,,,,,,,,,,,,,,,,,,,,,105,482.15
1786719540,137.22,137.34,137.22,137.34,137.33,135.91,,,,,,,,,,,,,,,,,,,,,,,,,,,,,,,,,,,,,,,,,,,,,,,,,,,,55,463.85
1786719600,137.39,137.39,137.39,137.39,137.33,135.91,,,,,,,,,,,,,,,,,,,,,,,,,,,,,,,,,,,,,,,,,,,,,,,,,,,,6,435.35
1786719660,137.465,137.47,137.43,137.43,137.33,135.91,,,,,,,,,,,,,,,,,,,,,,,,,,,,,,,,,,,,,,,,,,,,,,,,,,,,31,421.25
1786719720,137.46,137.49,137.455,137.49,137.33,135.91,,,,,,,,,,,,,,,,,,,,,,,,,,,,,,,,,,,,,,,,,,,,,,,,,,,,7,414
1786719780,137.42,137.6,137.42,137.6,137.33,135.91,,,,,,,,,,,,,,,,,,,,,,,,,,,,,,,,,,,,,,,,,,,,,,,,,,,,58,402.2
1786719840,137.59,137.59,137.59,137.59,137.33,135.91,,,,,,,,,,,,,,,,,,,,,,,,,,,,,,,,,,,,,,,,,,,,,,,,,,,,15,391.15
1786719900,137.56,137.62,137.54,137.54,137.33,135.91,,,,,,,,,,,,,,,,,,,,,,,,,,,,,,,,,,,,,,,,,,,,,,,,,,,,483,383.6
1786719960,137.49,137.58,137.39,137.39,137.33,135.91,,,,,,,,,,,,,,,,,,,,,,,,,,,,,,,,,,,,,,,,,,,,,,,,,,,,1719,364.8
1786720020,137.41,137.42,137.35,137.42,137.33,135.91,,,,,,,,,,,,,,,,,,,,,,,,,,,,,,,,,,,,,,,,,,,,,,,,,,,,131,329.2
1786720080,137.38,137.4,137.38,137.38,137.33,135.91,,,,,,,,,,,,,,,,,,,,,,,,,,,,,,,,,,,,,,,,,,,,,,,,,,,,111,299.95
1786720140,137.35,137.41,137.35,137.4,137.33,135.91,,,,,,,,,,,,,,,,,,,,,,,,,,,,,,,,,,,,,,,,,,,,,,,,,,,,680,314.9
1786720200,137.42,137.47,137.4,137.44,137.33,135.91,,,,,,,,,,,,,,,,,,,,,,,,,,,,,,,,,,,,,,,,,,,,,,,,,,,,385,301.65
1786720320,137.4,137.4,137.33,137.35,137.33,135.91,,,,,,,,,,,,,,,,,,,,,,,,,,,,,,,,,,,,,,,,,,,,,,,,,,,,341,292.7
1786720380,137.32,137.36,137.32,137.34,137.33,135.91,,,,,,,,,,,,,,,,,,,,,,,,,,,,,,,,,,,,,,,,,,,,,,,,,,,,453,315.25
1786720440,137.34,137.37,137.34,137.37,137.33,135.91,,,,,,,,,,,,,,,,,,,,,,,,,,,,,,,,,,,,,,,,,,,,,,,,,,,,571,334
1786720500,137.425,137.425,137.39,137.4,137.33,135.91,,,,,,,,,,,,,,,,,,,,,,,,,,,,,,,,,,,,,,,,,,,,,,,,,,,,27,330.25
1786720560,137.4,137.4,137.36,137.39,137.33,135.91,,,,,,,,,,,,,,,,,,,,,,,,,,,,,,,,,,,,,,,,,,,,,,,,,,,,243,323.85
1786720620,137.41,137.43,137.41,137.43,137.33,135.91,,,,,,,,,,,,,,,,,,,,,,,,,,,,,,,,,,,,,,,,,,,,,,,,,,,,500,327.3
1786720680,137.46,137.51,137.445,137.51,137.33,135.91,,,,,,,,,,,,,,,,,,,,,,,,,,,,,,,,,,,,,,,,,,,,,,,,,,,,822,337.15
1786720740,137.54,137.54,137.48,137.51,137.33,135.91,,,,,,,,,,,,,,,,,,,,,,,,,,,,,,,,,,,,,,,,,,,,,,,,,,,,631,363.45
1786720800,137.5,137.51,137.5,137.51,137.33,135.91,,,,,,,,,,,,,,,,,,,,,,,,,,,,,,,,,,,,,,,,,,,,,,,,,,,,2,360.8
1786720860,137.5,137.56,137.46,137.55,137.33,135.91,,,,,,,,,,,,,,,,,,,,,,,,,,,,,,,,,,,,,,,,,,,,,,,,,,,,824,401.7
1786720920,137.56,137.59,137.55,137.58,137.33,135.91,,,,,,,,,,,,,,,,,,,,,,,,,,,,,,,,,,,,,,,,,,,,,,,,,,,,159,408.1
1786720980,137.61,137.65,137.605,137.615,137.33,135.91,,,,,,,,,,,,,,,,,,,,,,,,,,,,,,,,,,,,,,,,,,,,,,,,,,,,616,438.55
1786721040,137.63,137.7,137.63,137.7,137.33,135.91,,,,,,,,,,,,,,,,,,,,,,,,,,,,,,,,,,,,,,,,,,,,,,,,,,,,315,451.4
1786721100,137.69,137.71,137.69,137.71,137.33,135.91,,,,,,,,,,,,,,,,,,,,,,,,,,,,,,,,,,,,,,,,,,,,,,,,,,,,103,455.8
1786721160,137.71,137.76,137.71,137.76,137.33,135.91,,,,,,,,,,,,,,,,,,,,,,,,,,,,,,,,,,,,,,,,,,,,,,,,,,,,450,454.15
1786721220,137.71,137.76,137.71,137.76,137.33,135.91,,,,,,,,,,,,,,,,,,,,,,,,,,,,,,,,,,,,,,,,,,,,,,,,,,,,152,375.8
1786721280,137.76,137.76,137.7,137.7,137.33,135.91,,,,,,,,,,,,,,,,,,,,,,,,,,,,,,,,,,,,,,,,,,,,,,,,,,,,107,374.6
1786721340,137.69,137.78,137.69,137.74,137.33,135.91,,,,,,,,,,,,,,,,,,,,,,,,,,,,,,,,,,,,,,,,,,,,,,,,,,,,1039,421
1786721400,137.73,137.815,137.73,137.75,137.33,135.91,,,,,,,,,,,,,,,,,,,,,,,,,,,,,,,,,,,,,,,,,,,,,,,,,,,,717,422.85
1786721460,137.75,137.79,137.71,137.71,137.33,135.91,,,,,,,,,,,,,,,,,,,,,,,,,,,,,,,,,,,,,,,,,,,,,,,,,,,,838,445.5
1786721520,137.7,137.7,137.68,137.69,137.33,135.91,,,,,,,,,,,,,,,,,,,,,,,,,,,,,,,,,,,,,,,,,,,,,,,,,,,,17,429.3
1786721580,137.7,137.74,137.7,137.74,137.33,135.91,,,,,,,,,,,,,,,,,,,,,,,,,,,,,,,,,,,,,,,,,,,,,,,,,,,,553,434.3
1786721640,137.74,137.78,137.74,137.78,137.33,135.91,,,,,,,,,,,,,,,,,,,,,,,,,,,,,,,,,,,,,,,,,,,,,,,,,,,,492,430.35
1786721700,137.79,137.82,137.74,137.79,137.33,135.91,,,,,,,,,,,,,,,,,,,,,,,,,,,,,,,,,,,,,,,,,,,,,,,,,,,,1074,482.7
1786721760,137.73,137.735,137.72,137.72,137.33,135.91,,,,,,,,,,,,,,,,,,,,,,,,,,,,,,,,,,,,,,,,,,,,,,,,,,,,23,471.7
1786721820,137.77,137.78,137.77,137.78,137.33,135.91,,,,,,,,,,,,,,,,,,,,,,,,,,,,,,,,,,,,,,,,,,,,,,,,,,,,501,471.75
1786721880,137.73,137.84,137.73,137.84,137.33,135.91,,,,,,,,,,,,,,,,,,,,,,,,,,,,,,,,,,,,,,,,,,,,,,,,,,,,453,453.3
1786722000,137.79,137.86,137.79,137.86,137.33,135.91,,,,,,,,,,,,,,,,,,,,,,,,,,,,,,,,,,,,,,,,,,,,,,,,,,,,77,425.6
1786722060,137.81,137.84,137.81,137.81,137.33,135.91,,,,,,,,,,,,,,,,,,,,,,,,,,,,,,,,,,,,,,,,,,,,,,,,,,,,218,436.4
1786722120,137.78,137.79,137.755,137.79,137.33,135.91,,,,,,,,,,,,,,,,,,,,,,,,,,,,,,,,,,,,,,,,,,,,,,,,,,,,733,431.85
1786722180,137.87,137.87,137.86,137.86,137.33,135.91,,,,,,,,,,,,,,,,,,,,,,,,,,,,,,,,,,,,,,,,,,,,,,,,,,,,20,424.9
1786722240,137.86,137.87,137.83,137.83,137.33,135.91,,,,,,,,,,,,,,,,,,,,,,,,,,,,,,,,,,,,,,,,,,,,,,,,,,,,252,406.7
1786722300,137.77,137.78,137.77,137.77,137.33,135.91,,,,,,,,,,,,,,,,,,,,,,,,,,,,,,,,,,,,,,,,,,,,,,,,,,,,114,396.65
1786722360,137.78,137.8,137.77,137.77,137.33,135.91,,,,,,,,,,,,,,,,,,,,,,,,,,,,,,,,,,,,,,,,,,,,,,,,,,,,24,392.7
1786722480,137.79,137.88,137.78,137.78,137.33,135.91,,,,,,,,,,,,,,,,,,,,,,,,,,,,,,,,,,,,,,,,,,,,,,,,,,,,1437,442.05
1786722540,137.8,137.83,137.75,137.83,137.33,135.91,,,,,,,,,,,,,,,,,,,,,,,,,,,,,,,,,,,,,,,,,,,,,,,,,,,,153,442.1
1786722600,137.83,137.83,137.83,137.83,137.33,135.91,,,,,,,,,,,,,,,,,,,,,,,,,,,,,,,,,,,,,,,,,,,,,,,,,,,,100,441.75
1786722660,137.88,137.92,137.88,137.92,137.33,135.91,,,,,,,,,,,,,,,,,,,,,,,,,,,,,,,,,,,,,,,,,,,,,,,,,,,,21,390.85
1786722720,137.87,137.87,137.81,137.86,137.33,135.91,,,,,,,,,,,,,,,,,,,,,,,,,,,,,,,,,,,,,,,,,,,,,,,,,,,,122,361.1
1786722780,137.89,137.92,137.81,137.81,137.33,135.91,,,,,,,,,,,,,,,,,,,,,,,,,,,,,,,,,,,,,,,,,,,,,,,,,,,,62,322.3
1786722840,137.83,137.87,137.83,137.87,137.33,135.91,,,,,,,,,,,,,,,,,,,,,,,,,,,,,,,,,,,,,,,,,,,,,,,,,,,,10,321.95
1786722900,137.845,137.91,137.84,137.91,137.33,135.91,,,,,,,,,,,,,,,,,,,,,,,,,,,,,,,,,,,,,,,,,,,,,,,,,,,,87,298.65
1786722960,137.9,137.9,137.87,137.88,137.33,135.91,,,,,,,,,,,,,,,,,,,,,,,,,,,,,,,,,,,,,,,,,,,,,,,,,,,,250,286.55
1786723020,137.88,137.9,137.86,137.9,137.33,135.91,,,,,,,,,,,,,,,,,,,,,,,,,,,,,,,,,,,,,,,,,,,,,,,,,,,,43,235
1786723080,137.92,137.94,137.85,137.85,137.33,135.91,,,,,,,,,,,,,,,,,,,,,,,,,,,,,,,,,,,,,,,,,,,,,,,,,,,,272,247.45
1786723140,137.89,137.89,137.87,137.87,137.33,135.91,,,,,,,,,,,,,,,,,,,,,,,,,,,,,,,,,,,,,,,,,,,,,,,,,,,,218,233.3
1786723200,137.95,138,137.95,137.98,137.33,135.91,,,,,,,,,,,,,,,,,,,,,,,,,,,,,,,,,,,,,,,,,,,,,,,,,,,,300,225.65
1786723260,137.97,138.04,137.96,138.04,137.33,135.91,,,,,,,,,,,,,,,,,,,,,,,,,,,,,,,,,,,,,,,,,,,,,,,,,,,,247,234.15
1786723320,138.03,138.07,138.03,138.04,137.33,135.91,,,,,,,,,,,,,,,,,,,,,,,,,,,,,,,,,,,,,,,,,,,,,,,,,,,,348,240.65
1786723380,138.04,138.04,137.98,137.98,137.33,135.91,,,,,,,,,,,,,,,,,,,,,,,,,,,,,,,,,,,,,,,,,,,,,,,,,,,,196,213.8
1786723440,137.94,137.94,137.81,137.87,137.33,135.91,,,,,,,,,,,,,,,,,,,,,,,,,,,,,,,,,,,,,,,,,,,,,,,,,,,,212,223.4
1786723500,137.94,137.94,137.94,137.94,137.33,135.91,,,,,,,,,,,,,,,,,,,,,,,,,,,,,,,,,,,,,,,,,,,,,,,,,,,,1,210.85
1786723560,137.91,137.93,137.91,137.93,137.33,135.91,,,,,,,,,,,,,,,,,,,,,,,,,,,,,,,,,,,,,,,,,,,,,,,,,,,,61,208.2
1786723620,137.97,137.97,137.9,137.92,137.33,135.91,,,,,,,,,,,,,,,,,,,,,,,,,,,,,,,,,,,,,,,,,,,,,,,,,,,,204,217.2
1786723680,137.93,137.935,137.92,137.92,137.33,135.91,,,,,,,,,,,,,,,,,,,,,,,,,,,,,,,,,,,,,,,,,,,,,,,,,,,,91,149.9
1786723740,137.935,137.935,137.8,137.8,137.33,135.91,,,,,,,,,,,,,,,,,,,,,,,,,,,,,,,,,,,,,,,,,,,,,,,,,,,,527,168.6
1786723800,137.8,137.86,137.73,137.73,137.33,135.91,,,,,,,,,,,,,,,,,,,,,,,,,,,,,,,,,,,,,,,,,,,,,,,,,,,,222,174.7
1786723860,137.73,137.75,137.65,137.65,137.33,135.91,,,,,,,,,,,,,,,,,,,,,,,,,,,,,,,,,,,,,,,,,,,,,,,,,,,,445,195.9
1786723920,137.67,137.71,137.605,137.69,137.33,135.91,,,,,,,,,,,,,,,,,,,,,,,,,,,,,,,,,,,,,,,,,,,,,,,,,,,,765,228.05
1786723980,137.64,137.75,137.64,137.75,137.33,135.91,,,,,,,,,,,,,,,,,,,,,,,,,,,,,,,,,,,,,,,,,,,,,,,,,,,,93,229.6
1786724040,137.75,137.78,137.75,137.78,137.33,135.91,,,,,,,,,,,,,,,,,,,,,,,,,,,,,,,,,,,,,,,,,,,,,,,,,,,,310,244.6
1786724100,137.75,137.75,137.64,137.64,137.33,135.91,,,,,,,,,,,,,,,,,,,,,,,,,,,,,,,,,,,,,,,,,,,,,,,,,,,,362,258.35
1786724160,137.69,137.75,137.69,137.75,137.33,135.91,,,,,,,,,,,,,,,,,,,,,,,,,,,,,,,,,,,,,,,,,,,,,,,,,,,,704,281.05
1786724220,137.75,137.79,137.74,137.79,137.33,135.91,,,,,,,,,,,,,,,,,,,,,,,,,,,,,,,,,,,,,,,,,,,,,,,,,,,,353,296.55
1786724280,137.81,137.83,137.77,137.83,137.33,135.91,,,,,,,,,,,,,,,,,,,,,,,,,,,,,,,,,,,,,,,,,,,,,,,,,,,,51,285.5
1786724340,137.805,137.86,137.805,137.835,137.33,135.91,,,,,,,,,,,,,,,,,,,,,,,,,,,,,,,,,,,,,,,,,,,,,,,,,,,,432,296.2
1786724400,137.83,137.86,137.83,137.85,137.33,135.91,,,,,,,,,,,,,,,,,,,,,,,,,,,,,,,,,,,,,,,,,,,,,,,,,,,,331,297.75
1786724460,137.86,137.86,137.86,137.86,137.33,135.91,,,,,,,,,,,,,,,,,,,,,,,,,,,,,,,,,,,,,,,,,,,,,,,,,,,,100,290.4
1786724520,137.85,137.85,137.82,137.85,137.33,135.91,,,,,,,,,,,,,,,,,,,,,,,,,,,,,,,,,,,,,,,,,,,,,,,,,,,,229,284.45
1786724580,137.85,137.88,137.85,137.88,137.33,135.91,,,,,,,,,,,,,,,,,,,,,,,,,,,,,,,,,,,,,,,,,,,,,,,,,,,,225,285.9
1786724640,137.92,137.99,137.91,137.99,137.33,135.91,,,,,,,,,,,,,,,,,,,,,,,,,,,,,,,,,,,,,,,,,,,,,,,,,,,,347,292.65
1786724700,138.07,138.07,137.91,137.91,137.33,135.91,,,,,,,,,,,,,,,,,,,,,,,,,,,,,,,,,,,,,,,,,,,,,,,,,,,,637,324.45
1786724760,137.92,137.93,137.86,137.86,137.33,135.91,,,,,,,,,,,,,,,,,,,,,,,,,,,,,,,,,,,,,,,,,,,,,,,,,,,,67,324.75
1786724820,137.89,137.9,137.89,137.9,137.33,135.91,,,,,,,,,,,,,,,,,,,,,,,,,,,,,,,,,,,,,,,,,,,,,,,,,,,,130,321.05
1786724880,137.85,137.85,137.85,137.85,137.33,135.91,,,,,,,,,,,,,,,,,,,,,,,,,,,,,,,,,,,,,,,,,,,,,,,,,,,,23,317.65
1786724940,137.86,137.95,137.86,137.945,137.33,135.91,,,,,,,,,,,,,,,,,,,,,,,,,,,,,,,,,,,,,,,,,,,,,,,,,,,,137,298.15
1786725000,137.89,137.93,137.89,137.93,137.33,135.91,,,,,,,,,,,,,,,,,,,,,,,,,,,,,,,,,,,,,,,,,,,,,,,,,,,,101,292.1
1786725060,137.94,137.98,137.88,137.88,137.33,135.91,,,,,,,,,,,,,,,,,,,,,,,,,,,,,,,,,,,,,,,,,,,,,,,,,,,,283,284
1786725120,137.93,137.95,137.93,137.95,137.33,135.91,,,,,,,,,,,,,,,,,,,,,,,,,,,,,,,,,,,,,,,,,,,,,,,,,,,,101,250.8
1786725180,138.01,138.07,138.01,138.07,137.33,135.91,,,,,,,,,,,,,,,,,,,,,,,,,,,,,,,,,,,,,,,,,,,,,,,,,,,,52,248.75
1786725240,138.07,138.07,138.07,138.07,137.33,135.91,,,,,,,,,,,,,,,,,,,,,,,,,,,,,,,,,,,,,,,,,,,,,,,,,,,,1,233.3
1786725300,138,138,137.99,137.99,137.33,135.91,,,,,,,,,,,,,,,,,,,,,,,,,,,,,,,,,,,,,,,,,,,,,,,,,,,,76,219
1786725360,137.97,137.97,137.93,137.93,137.33,135.91,,,,,,,,,,,,,,,,,,,,,,,,,,,,,,,,,,,,,,,,,,,,,,,,,,,,182,192.9
1786725420,137.95,137.98,137.94,137.98,137.33,135.91,,,,,,,,,,,,,,,,,,,,,,,,,,,,,,,,,,,,,,,,,,,,,,,,,,,,197,185.1
1786725480,138.01,138.04,138.01,138.04,137.33,135.91,,,,,,,,,,,,,,,,,,,,,,,,,,,,,,,,,,,,,,,,,,,,,,,,,,,,121,188.6
1786725540,138.01,138.01,138.01,138.01,137.33,135.91,,,,,,,,,,,,,,,,,,,,,,,,,,,,,,,,,,,,,,,,,,,,,,,,,,,,7,167.35
1786725600,138,138,137.96,137.96,137.33,135.91,,,,,,,,,,,,,,,,,,,,,,,,,,,,,,,,,,,,,,,,,,,,,,,,,,,,402,170.9
1786725660,137.93,137.93,137.9,137.92,137.33,135.91,,,,,,,,,,,,,,,,,,,,,,,,,,,,,,,,,,,,,,,,,,,,,,,,,,,,517,191.75
1786725720,137.95,137.95,137.93,137.93,137.33,135.91,,,,,,,,,,,,,,,,,,,,,,,,,,,,,,,,,,,,,,,,,,,,,,,,,,,,2,180.4
1786725780,137.91,137.93,137.87,137.87,137.33,135.91,,,,,,,,,,,,,,,,,,,,,,,,,,,,,,,,,,,,,,,,,,,,,,,,,,,,127,175.5
1786725900,137.81,137.84,137.79,137.79,137.33,135.91,,,,,,,,,,,,,,,,,,,,,,,,,,,,,,,,,,,,,,,,,,,,,,,,,,,,644,190.35
1786725960,137.83,137.85,137.83,137.85,137.33,135.91,,,,,,,,,,,,,,,,,,,,,,,,,,,,,,,,,,,,,,,,,,,,,,,,,,,,105,163.75
1786726020,137.79,137.79,137.77,137.77,137.33,135.91,,,,,,,,,,,,,,,,,,,,,,,,,,,,,,,,,,,,,,,,,,,,,,,,,,,,96,165.2
1786726080,137.8,137.84,137.8,137.815,137.33,135.91,,,,,,,,,,,,,,,,,,,,,,,,,,,,,,,,,,,,,,,,,,,,,,,,,,,,577,187.55
1786726140,137.83,137.84,137.82,137.82,137.33,135.91,,,,,,,,,,,,,,,,,,,,,,,,,,,,,,,,,,,,,,,,,,,,,,,,,,,,181,195.45
1786726200,137.85,137.85,137.8,137.8,137.33,135.91,,,,,,,,,,,,,,,,,,,,,,,,,,,,,,,,,,,,,,,,,,,,,,,,,,,,138,195.5
1786726260,137.76,137.76,137.71,137.715,137.33,135.91,,,,,,,,,,,,,,,,,,,,,,,,,,,,,,,,,,,,,,,,,,,,,,,,,,,,544,217.65
1786726320,137.75,137.75,137.75,137.75,137.33,135.91,,,,,,,,,,,,,,,,,,,,,,,,,,,,,,,,,,,,,,,,,,,,,,,,,,,,1,203.55
1786726380,137.77,137.79,137.75,137.75,137.33,135.91,,,,,,,,,,,,,,,,,,,,,,,,,,,,,,,,,,,,,,,,,,,,,,,,,,,,119,204.45
1786726440,137.8,137.86,137.8,137.86,137.33,135.91,,,,,,,,,,,,,,,,,,,,,,,,,,,,,,,,,,,,,,,,,,,,,,,,,,,,25,203.1
1786726500,137.84,137.84,137.81,137.81,137.33,135.91,,,,,,,,,,,,,,,,,,,,,,,,,,,,,,,,,,,,,,,,,,,,,,,,,,,,2,203.15
1786726560,137.76,137.76,137.68,137.68,137.33,135.91,,,,,,,,,,,,,,,,,,,,,,,,,,,,,,,,,,,,,,,,,,,,,,,,,,,,170,207.85
1786726620,137.655,137.655,137.61,137.61,137.33,135.91,,,,,,,,,,,,,,,,,,,,,,,,,,,,,,,,,,,,,,,,,,,,,,,,,,,,163,206.9
1786726680,137.62,137.65,137.61,137.61,137.33,135.91,,,,,,,,,,,,,,,,,,,,,,,,,,,,,,,,,,,,,,,,,,,,,,,,,,,,92,201.65
1786726740,137.71,137.71,137.71,137.71,137.33,135.91,,,,,,,,,,,,,,,,,,,,,,,,,,,,,,,,,,,,,,,,,,,,,,,,,,,,1,195.65
1786726800,137.725,137.75,137.725,137.75,137.33,135.91,,,,,,,,,,,,,,,,,,,,,,,,,,,,,,,,,,,,,,,,,,,,,,,,,,,,2,195.4
1786726860,137.71,137.71,137.71,137.71,137.33,135.91,,,,,,,,,,,,,,,,,,,,,,,,,,,,,,,,,,,,,,,,,,,,,,,,,,,,79,179.25
1786726920,137.72,137.72,137.69,137.71,137.33,135.91,,,,,,,,,,,,,,,,,,,,,,,,,,,,,,,,,,,,,,,,,,,,,,,,,,,,3,153.55
1786726980,137.68,137.72,137.68,137.72,137.33,135.91,,,,,,,,,,,,,,,,,,,,,,,,,,,,,,,,,,,,,,,,,,,,,,,,,,,,21,154.5
1786727040,137.73,137.75,137.73,137.75,137.33,135.91,,,,,,,,,,,,,,,,,,,,,,,,,,,,,,,,,,,,,,,,,,,,,,,,,,,,8,148.55
1786727100,137.77,137.77,137.69,137.69,137.33,135.91,,,,,,,,,,,,,,,,,,,,,,,,,,,,,,,,,,,,,,,,,,,,,,,,,,,,97,121.2
1786727160,137.59,137.59,137.59,137.59,137.33,135.91,,,,,,,,,,,,,,,,,,,,,,,,,,,,,,,,,,,,,,,,,,,,,,,,,,,,100,120.95
1786727220,137.615,137.66,137.615,137.66,137.33,135.91,,,,,,,,,,,,,,,,,,,,,,,,,,,,,,,,,,,,,,,,,,,,,,,,,,,,36,117.95
1786727280,137.68,137.7,137.67,137.7,137.33,135.91,,,,,,,,,,,,,,,,,,,,,,,,,,,,,,,,,,,,,,,,,,,,,,,,,,,,203,99.25
1786727340,137.71,137.73,137.71,137.73,137.33,135.91,,,,,,,,,,,,,,,,,,,,,,,,,,,,,,,,,,,,,,,,,,,,,,,,,,,,2,90.3
1786727400,137.74,137.74,137.74,137.74,137.33,135.91,,,,,,,,,,,,,,,,,,,,,,,,,,,,,,,,,,,,,,,,,,,,,,,,,,,,101,88.45
1786727460,137.72,137.82,137.72,137.82,137.33,135.91,,,,,,,,,,,,,,,,,,,,,,,,,,,,,,,,,,,,,,,,,,,,,,,,,,,,51,63.8
1786727580,137.83,137.86,137.83,137.86,137.33,135.91,,,,,,,,,,,,,,,,,,,,,,,,,,,,,,,,,,,,,,,,,,,,,,,,,,,,3,63.9
1786727640,137.88,137.89,137.84,137.86,137.33,135.91,,,,,,,,,,,,,,,,,,,,,,,,,,,,,,,,,,,,,,,,,,,,,,,,,,,,126,64.25
1786727700,137.85,137.85,137.85,137.85,137.33,135.91,,,,,,,,,,,,,,,,,,,,,,,,,,,,,,,,,,,,,,,,,,,,,,,,,,,,2,63.1
1786727760,137.85,137.85,137.85,137.85,137.33,135.91,,,,,,,,,,,,,,,,,,,,,,,,,,,,,,,,,,,,,,,,,,,,,,,,,,,,3,63.15
1786727820,137.86,137.86,137.86,137.86,137.33,135.91,,,,,,,,,,,,,,,,,,,,,,,,,,,,,,,,,,,,,,,,,,,,,,,,,,,,13,55.3
1786727880,137.88,137.88,137.88,137.88,137.33,135.91,,,,,,,,,,,,,,,,,,,,,,,,,,,,,,,,,,,,,,,,,,,,,,,,,,,,1,47.2
1786727940,137.88,137.88,137.88,137.88,137.33,135.91,,,,,,,,,,,,,,,,,,,,,,,,,,,,,,,,,,,,,,,,,,,,,,,,,,,,5,42.85
1786728000,137.87,137.88,137.85,137.85,137.33,135.91,,,,,,,,,,,,,,,,,,,,,,,,,,,,,,,,,,,,,,,,,,,,,,,,,,,,865,86.05
1786728060,137.81,137.81,137.81,137.81,137.33,135.91,,,,,,,,,,,,,,,,,,,,,,,,,,,,,,,,,,,,,,,,,,,,,,,,,,,,1,86
1786728120,137.78,138,137.78,138,137.33,135.91,,,,,,,,,,,,,,,,,,,,,,,,,,,,,,,,,,,,,,,,,,,,,,,,,,,,1138,138.95
1786728180,137.97,137.97,137.97,137.97,137.33,135.91,,,,,,,,,,,,,,,,,,,,,,,,,,,,,,,,,,,,,,,,,,,,,,,,,,,,1,138.85
1786728240,138,138.07,138,138.06,137.33,135.91,,,,,,,,,,,,,,,,,,,,,,,,,,,,,,,,,,,,,,,,,,,,,,,,,,,,672,171.4
1786728300,138.04,138.06,138.03,138.06,137.33,135.91,,,,,,,,,,,,,,,,,,,,,,,,,,,,,,,,,,,,,,,,,,,,,,,,,,,,111,176.55
1786728360,138.08,138.08,138.065,138.065,137.33,135.91,,,,,,,,,,,,,,,,,,,,,,,,,,,,,,,,,,,,,,,,,,,,,,,,,,,,146,179
1786728420,138.09,138.09,138.06,138.065,137.33,135.91,,,,,,,,,,,,,,,,,,,,,,,,,,,,,,,,,,,,,,,,,,,,,,,,,,,,255,186.75
1786728480,138.08,138.11,138.08,138.1,137.33,135.91,,,,,,,,,,,,,,,,,,,,,,,,,,,,,,,,,,,,,,,,,,,,,,,,,,,,252,197.55
1786728540,138.1,138.13,138.1,138.13,137.33,135.91,,,,,,,,,,,,,,,,,,,,,,,,,,,,,,,,,,,,,,,,,,,,,,,,,,,,140,194.4
1786728600,138.13,138.15,138.13,138.14,137.33,135.91,,,,,,,,,,,,,,,,,,,,,,,,,,,,,,,,,,,,,,,,,,,,,,,,,,,,142,201.4
1786728660,138.1,138.1,138.1,138.1,137.33,135.91,,,,,,,,,,,,,,,,,,,,,,,,,,,,,,,,,,,,,,,,,,,,,,,,,,,,55,199.1
1786728720,138.045,138.08,138.045,138.08,137.33,135.91,,,,,,,,,,,,,,,,,,,,,,,,,,,,,,,,,,,,,,,,,,,,,,,,,,,,201,206.6
1786728840,138.04,138.045,138.02,138.04,137.33,135.91,,,,,,,,,,,,,,,,,,,,,,,,,,,,,,,,,,,,,,,,,,,,,,,,,,,,288,220.85
1786728900,138.07,138.07,138.05,138.05,137.33,135.91,,,,,,,,,,,,,,,,,,,,,,,,,,,,,,,,,,,,,,,,,,,,,,,,,,,,2,214.65
1786728960,138.05,138.05,138.01,138.01,137.33,135.91,,,,,,,,,,,,,,,,,,,,,,,,,,,,,,,,,,,,,,,,,,,,,,,,,,,,285,228.8
1786729020,138.02,138.03,137.93,137.93,137.33,135.91,,,,,,,,,,,,,,,,,,,,,,,,,,,,,,,,,,,,,,,,,,,,,,,,,,,,291,243.2
1786729080,137.97,137.97,137.95,137.95,137.33,135.91,,,,,,,,,,,,,,,,,,,,,,,,,,,,,,,,,,,,,,,,,,,,,,,,,,,,101,247.6
1786729140,137.91,137.91,137.91,137.91,137.33,135.91,,,,,,,,,,,,,,,,,,,,,,,,,,,,,,,,,,,,,,,,,,,,,,,,,,,,1,247.6
1786729200,137.94,138,137.94,137.99,137.33,135.91,,,,,,,,,,,,,,,,,,,,,,,,,,,,,,,,,,,,,,,,,,,,,,,,,,,,156,255.15
1786729260,137.915,137.915,137.915,137.915,137.33,135.91,,,,,,,,,,,,,,,,,,,,,,,,,,,,,,,,,,,,,,,,,,,,,,,,,,,,129,218.35
1786729320,137.93,137.97,137.93,137.95,137.33,135.91,,,,,,,,,,,,,,,,,,,,,,,,,,,,,,,,,,,,,,,,,,,,,,,,,,,,37,220.15
1786729380,137.91,137.91,137.91,137.91,137.33,135.91,,,,,,,,,,,,,,,,,,,,,,,,,,,,,,,,,,,,,,,,,,,,,,,,,,,,1,163.3
1786729440,137.93,137.93,137.93,137.93,137.33,135.91,,,,,,,,,,,,,,,,,,,,,,,,,,,,,,,,,,,,,,,,,,,,,,,,,,,,1,163.3
1786729500,137.93,138,137.87,137.87,137.33,135.91,,,,,,,,,,,,,,,,,,,,,,,,,,,,,,,,,,,,,,,,,,,,,,,,,,,,635,161.45
1786729560,137.92,137.95,137.92,137.95,137.33,135.91,,,,,,,,,,,,,,,,,,,,,,,,,,,,,,,,,,,,,,,,,,,,,,,,,,,,4,156.1
1786729620,137.97,137.97,137.94,137.94,137.33,135.91,,,,,,,,,,,,,,,,,,,,,,,,,,,,,,,,,,,,,,,,,,,,,,,,,,,,11,149.35
1786729680,137.85,137.87,137.84,137.87,137.33,135.91,,,,,,,,,,,,,,,,,,,,,,,,,,,,,,,,,,,,,,,,,,,,,,,,,,,,306,151.9
1786729740,137.875,137.93,137.87,137.93,137.33,135.91,,,,,,,,,,,,,,,,,,,,,,,,,,,,,,,,,,,,,,,,,,,,,,,,,,,,580,168.3
1786729800,137.95,137.95,137.95,137.95,137.33,135.91,,,,,,,,,,,,,,,,,,,,,,,,,,,,,,,,,,,,,,,,,,,,,,,,,,,,2,161.4
1786729860,137.95,137.95,137.95,137.95,137.33,135.91,,,,,,,,,,,,,,,,,,,,,,,,,,,,,,,,,,,,,,,,,,,,,,,,,,,,100,159.3
1786729920,137.97,137.97,137.97,137.97,137.33,135.91,,,,,,,,,,,,,,,,,,,,,,,,,,,,,,,,,,,,,,,,,,,,,,,,,,,,1,156.6
1786729980,137.99,137.99,137.99,137.99,137.33,135.91,,,,,,,,,,,,,,,,,,,,,,,,,,,,,,,,,,,,,,,,,,,,,,,,,,,,49,149
1786730040,138.01,138.01,137.98,138,137.33,135.91,,,,,,,,,,,,,,,,,,,,,,,,,,,,,,,,,,,,,,,,,,,,,,,,,,,,141,141.65
1786730100,138.01,138.04,138.01,138.04,137.33,135.91,,,,,,,,,,,,,,,,,,,,,,,,,,,,,,,,,,,,,,,,,,,,,,,,,,,,310,157.05
1786730160,138.04,138.05,138.03,138.03,137.33,135.91,,,,,,,,,,,,,,,,,,,,,,,,,,,,,,,,,,,,,,,,,,,,,,,,,,,,122,148.9
1786730220,138.04,138.07,138.04,138.04,137.33,135.91,,,,,,,,,,,,,,,,,,,,,,,,,,,,,,,,,,,,,,,,,,,,,,,,,,,,17,135.2
1786730280,138.06,138.08,138.06,138.08,137.33,135.91,,,,,,,,,,,,,,,,,,,,,,,,,,,,,,,,,,,,,,,,,,,,,,,,,,,,9,130.6
1786730340,138.08,138.09,138.08,138.09,137.33,135.91,,,,,,,,,,,,,,,,,,,,,,,,,,,,,,,,,,,,,,,,,,,,,,,,,,,,2422,251.65
1786730400,138.085,138.1,138.06,138.065,137.33,135.91,,,,,,,,,,,,,,,,,,,,,,,,,,,,,,,,,,,,,,,,,,,,,,,,,,,,580,272.85
1786730460,138.09,138.11,138.07,138.11,137.33,135.91,,,,,,,,,,,,,,,,,,,,,,,,,,,,,,,,,,,,,,,,,,,,,,,,,,,,138,273.3
1786730520,138.12,138.19,138.12,138.19,137.33,135.91,,,,,,,,,,,,,,,,,,,,,,,,,,,,,,,,,,,,,,,,,,,,,,,,,,,,122,277.55
1786730580,138.21,138.21,138.18,138.18,137.33,135.91,,,,,,,,,,,,,,,,,,,,,,,,,,,,,,,,,,,,,,,,,,,,,,,,,,,,363,295.65
1786730640,138.2,138.21,138.18,138.21,137.33,135.91,,,,,,,,,,,,,,,,,,,,,,,,,,,,,,,,,,,,,,,,,,,,,,,,,,,,224,306.8
1786730700,138.19,138.23,138.18,138.23,137.33,135.91,,,,,,,,,,,,,,,,,,,,,,,,,,,,,,,,,,,,,,,,,,,,,,,,,,,,457,297.9
1786730760,138.23,138.26,138.18,138.18,137.33,135.91,,,,,,,,,,,,,,,,,,,,,,,,,,,,,,,,,,,,,,,,,,,,,,,,,,,,1160,355.7
1786730820,138.2,138.21,138.13,138.17,137.33,135.91,,,,,,,,,,,,,,,,,,,,,,,,,,,,,,,,,,,,,,,,,,,,,,,,,,,,619,386.1
1786730880,138.17,138.19,138.17,138.17,137.33,135.91,,,,,,,,,,,,,,,,,,,,,,,,,,,,,,,,,,,,,,,,,,,,,,,,,,,,21,371.85
1786730940,138.16,138.19,138.16,138.19,137.33,135.91,,,,,,,,,,,,,,,,,,,,,,,,,,,,,,,,,,,,,,,,,,,,,,,,,,,,145,350.1
1786731000,138.16,138.16,138.14,138.15,137.33,135.91,,,,,,,,,,,,,,,,,,,,,,,,,,,,,,,,,,,,,,,,,,,,,,,,,,,,26,351.3
1786731060,138.145,138.17,138.14,138.17,137.33,135.91,,,,,,,,,,,,,,,,,,,,,,,,,,,,,,,,,,,,,,,,,,,,,,,,,,,,156,354.1
1786731120,138.2,138.21,138.11,138.15,137.33,135.91,,,,,,,,,,,,,,,,,,,,,,,,,,,,,,,,,,,,,,,,,,,,,,,,,,,,462,377.15
1786731180,138.16,138.185,138.16,138.17,137.33,135.91,,,,,,,,,,,,,,,,,,,,,,,,,,,,,,,,,,,,,,,,,,,,,,,,,,,,79,378.65
1786731240,138.15,138.15,138.15,138.15,137.33,135.91,,,,,,,,,,,,,,,,,,,,,,,,,,,,,,,,,,,,,,,,,,,,,,,,,,,,40,373.6
1786731300,138.16,138.17,138.14,138.165,137.33,135.91,,,,,,,,,,,,,,,,,,,,,,,,,,,,,,,,,,,,,,,,,,,,,,,,,,,,798,398
1786731360,138.18,138.2,138.18,138.2,137.33,135.91,,,,,,,,,,,,,,,,,,,,,,,,,,,,,,,,,,,,,,,,,,,,,,,,,,,,22,393
1786731420,138.19,138.19,138.12,138.12,137.33,135.91,,,,,,,,,,,,,,,,,,,,,,,,,,,,,,,,,,,,,,,,,,,,,,,,,,,,263,405.3
1786731480,138.13,138.14,138.13,138.14,137.33,135.91,,,,,,,,,,,,,,,,,,,,,,,,,,,,,,,,,,,,,,,,,,,,,,,,,,,,129,411.3
1786731540,138.16,138.17,138.15,138.17,137.33,135.91,,,,,,,,,,,,,,,,,,,,,,,,,,,,,,,,,,,,,,,,,,,,,,,,,,,,46,292.5
1786731600,138.2,138.22,138.2,138.22,137.33,135.91,,,,,,,,,,,,,,,,,,,,,,,,,,,,,,,,,,,,,,,,,,,,,,,,,,,,97,268.35
1786731660,138.25,138.25,138.23,138.23,137.33,135.91,,,,,,,,,,,,,,,,,,,,,,,,,,,,,,,,,,,,,,,,,,,,,,,,,,,,4,261.65
1786731720,138.24,138.24,138.24,138.24,137.33,135.91,,,,,,,,,,,,,,,,,,,,,,,,,,,,,,,,,,,,,,,,,,,,,,,,,,,,10,256.05
1786731780,138.25,138.25,138.25,138.25,137.33,135.91,,,,,,,,,,,,,,,,,,,,,,,,,,,,,,,,,,,,,,,,,,,,,,,,,,,,5,238.15
1786731840,138.23,138.27,138.23,138.27,137.33,135.91,,,,,,,,,,,,,,,,,,,,,,,,,,,,,,,,,,,,,,,,,,,,,,,,,,,,567,255.3
1786731900,138.3,138.3,138.26,138.26,137.33,135.91,,,,,,,,,,,,,,,,,,,,,,,,,,,,,,,,,,,,,,,,,,,,,,,,,,,,388,251.85
1786731960,138.255,138.255,138.24,138.25,137.33,135.91,,,,,,,,,,,,,,,,,,,,,,,,,,,,,,,,,,,,,,,,,,,,,,,,,,,,311,209.4
1786732020,138.27,138.27,138.27,138.27,137.33,135.91,,,,,,,,,,,,,,,,,,,,,,,,,,,,,,,,,,,,,,,,,,,,,,,,,,,,1,178.5
1786732080,138.31,138.37,138.3,138.37,137.33,135.91,,,,,,,,,,,,,,,,,,,,,,,,,,,,,,,,,,,,,,,,,,,,,,,,,,,,760,215.45
1786732140,138.34,138.34,138.34,138.34,137.33,135.91,,,,,,,,,,,,,,,,,,,,,,,,,,,,,,,,,,,,,,,,,,,,,,,,,,,,143,215.35
1786732200,138.32,138.34,138.31,138.34,137.33,135.91,,,,,,,,,,,,,,,,,,,,,,,,,,,,,,,,,,,,,,,,,,,,,,,,,,,,325,230.3
1786732260,138.3,138.33,138.3,138.33,137.33,135.91,,,,,,,,,,,,,,,,,,,,,,,,,,,,,,,,,,,,,,,,,,,,,,,,,,,,233,234.15
1786732320,138.33,138.34,138.32,138.32,137.33,135.91,,,,,,,,,,,,,,,,,,,,,,,,,,,,,,,,,,,,,,,,,,,,,,,,,,,,20,212.05
1786732380,138.33,138.35,138.33,138.35,137.33,135.91,,,,,,,,,,,,,,,,,,,,,,,,,,,,,,,,,,,,,,,,,,,,,,,,,,,,11,208.65
1786732440,138.34,138.34,138.33,138.33,137.33,135.91,,,,,,,,,,,,,,,,,,,,,,,,,,,,,,,,,,,,,,,,,,,,,,,,,,,,154,214.35
1786732500,138.33,138.35,138.24,138.24,137.33,135.91,,,,,,,,,,,,,,,,,,,,,,,,,,,,,,,,,,,,,,,,,,,,,,,,,,,,345,191.7
1786732560,138.24,138.24,138.19,138.21,137.33,135.91,,,,,,,,,,,,,,,,,,,,,,,,,,,,,,,,,,,,,,,,,,,,,,,,,,,,212,201.2
1786732620,138.19,138.22,138.18,138.22,137.33,135.91,,,,,,,,,,,,,,,,,,,,,,,,,,,,,,,,,,,,,,,,,,,,,,,,,,,,247,200.4
1786732680,138.25,138.25,138.24,138.24,137.33,135.91,,,,,,,,,,,,,,,,,,,,,,,,,,,,,,,,,,,,,,,,,,,,,,,,,,,,55,196.7
1786732740,138.23,138.23,138.21,138.23,137.33,135.91,,,,,,,,,,,,,,,,,,,,,,,,,,,,,,,,,,,,,,,,,,,,,,,,,,,,602,224.5
1786732800,138.23,138.23,138.21,138.21,137.33,135.91,,,,,,,,,,,,,,,,,,,,,,,,,,,,,,,,,,,,,,,,,,,,,,,,,,,,106,224.95
1786732860,138.21,138.21,138.15,138.15,137.33,135.91,,,,,,,,,,,,,,,,,,,,,,,,,,,,,,,,,,,,,,,,,,,,,,,,,,,,359,242.7
1786732920,138.15,138.19,138.15,138.19,137.33,135.91,,,,,,,,,,,,,,,,,,,,,,,,,,,,,,,,,,,,,,,,,,,,,,,,,,,,104,247.4
1786732980,138.18,138.18,138.17,138.17,137.33,135.91,,,,,,,,,,,,,,,,,,,,,,,,,,,,,,,,,,,,,,,,,,,,,,,,,,,,2,247.25
1786733040,138.15,138.19,138.15,138.15,137.33,135.91,,,,,,,,,,,,,,,,,,,,,,,,,,,,,,,,,,,,,,,,,,,,,,,,,,,,223,230.05
1786733100,138.145,138.24,138.145,138.24,137.33,135.91,,,,,,,,,,,,,,,,,,,,,,,,,,,,,,,,,,,,,,,,,,,,,,,,,,,,272,224.25
1786733160,138.26,138.3,138.26,138.29,137.33,135.91,,,,,,,,,,,,,,,,,,,,,,,,,,,,,,,,,,,,,,,,,,,,,,,,,,,,22,209.8
1786733220,138.3,138.3,138.26,138.26,137.33,135.91,,,,,,,,,,,,,,,,,,,,,,,,,,,,,,,,,,,,,,,,,,,,,,,,,,,,359,227.7
1786733280,138.225,138.225,138.2,138.21,137.33,135.91,,,,,,,,,,,,,,,,,,,,,,,,,,,,,,,,,,,,,,,,,,,,,,,,,,,,207,200.05
1786733340,138.2,138.39,138.19,138.39,137.33,135.91,,,,,,,,,,,,,,,,,,,,,,,,,,,,,,,,,,,,,,,,,,,,,,,,,,,,742,230
1786733400,138.39,138.42,138.39,138.39,137.33,135.91,,,,,,,,,,,,,,,,,,,,,,,,,,,,,,,,,,,,,,,,,,,,,,,,,,,,207,224.1
1786733460,138.39,138.39,138.33,138.36,137.33,135.91,,,,,,,,,,,,,,,,,,,,,,,,,,,,,,,,,,,,,,,,,,,,,,,,,,,,216,223.25
1786733520,138.34,138.34,138.32,138.33,137.33,135.91,,,,,,,,,,,,,,,,,,,,,,,,,,,,,,,,,,,,,,,,,,,,,,,,,,,,135,229
1786733580,138.37,138.39,138.35,138.39,137.33,135.91,,,,,,,,,,,,,,,,,,,,,,,,,,,,,,,,,,,,,,,,,,,,,,,,,,,,62,231.55
1786733640,138.42,138.42,138.39,138.39,137.33,135.91,,,,,,,,,,,,,,,,,,,,,,,,,,,,,,,,,,,,,,,,,,,,,,,,,,,,139,230.8
1786733700,138.37,138.38,138.35,138.35,137.33,135.91,,,,,,,,,,,,,,,,,,,,,,,,,,,,,,,,,,,,,,,,,,,,,,,,,,,,471,237.1
1786733760,138.35,138.35,138.33,138.34,137.33,135.91,,,,,,,,,,,,,,,,,,,,,,,,,,,,,,,,,,,,,,,,,,,,,,,,,,,,374,245.2
1786733820,138.36,138.36,138.35,138.35,137.33,135.91,,,,,,,,,,,,,,,,,,,,,,,,,,,,,,,,,,,,,,,,,,,,,,,,,,,,314,248.55
1786733880,138.35,138.36,138.34,138.34,137.33,135.91,,,,,,,,,,,,,,,,,,,,,,,,,,,,,,,,,,,,,,,,,,,,,,,,,,,,552,273.4
1786733940,138.33,138.34,138.33,138.34,137.33,135.91,,,,,,,,,,,,,,,,,,,,,,,,,,,,,,,,,,,,,,,,,,,,,,,,,,,,166,251.6
1786734000,138.34,138.43,138.33,138.43,137.33,135.91,,,,,,,,,,,,,,,,,,,,,,,,,,,,,,,,,,,,,,,,,,,,,,,,,,,,802,286.4
1786734060,138.41,138.42,138.36,138.37,137.33,135.91,,,,,,,,,,,,,,,,,,,,,,,,,,,,,,,,,,,,,,,,,,,,,,,,,,,,763,306.6
1786734120,138.39,138.39,138.35,138.36,137.33,135.91,,,,,,,,,,,,,,,,,,,,,,,,,,,,,,,,,,,,,,,,,,,,,,,,,,,,165,309.65
1786734180,138.4,138.4,138.39,138.39,137.33,135.91,,,,,,,,,,,,,,,,,,,,,,,,,,,,,,,,,,,,,,,,,,,,,,,,,,,,8,309.95
1786734240,138.37,138.38,138.37,138.38,137.33,135.91,,,,,,,,,,,,,,,,,,,,,,,,,,,,,,,,,,,,,,,,,,,,,,,,,,,,111,304.35
1786734300,138.35,138.35,138.32,138.32,137.33,135.91,,,,,,,,,,,,,,,,,,,,,,,,,,,,,,,,,,,,,,,,,,,,,,,,,,,,526,317.05
1786734360,138.34,138.34,138.27,138.28,137.33,135.91,,,,,,,,,,,,,,,,,,,,,,,,,,,,,,,,,,,,,,,,,,,,,,,,,,,,849,358.4
1786734420,138.26,138.26,138.25,138.25,137.33,135.91,,,,,,,,,,,,,,,,,,,,,,,,,,,,,,,,,,,,,,,,,,,,,,,,,,,,207,350.8
1786734480,138.28,138.29,138.21,138.21,137.33,135.91,,,,,,,,,,,,,,,,,,,,,,,,,,,,,,,,,,,,,,,,,,,,,,,,,,,,250,352.95
1786734540,138.2,138.2,138.2,138.2,137.33,135.91,,,,,,,,,,,,,,,,,,,,,,,,,,,,,,,,,,,,,,,,,,,,,,,,,,,,247,328.2
1786734600,138.21,138.21,138.16,138.16,137.33,135.91,,,,,,,,,,,,,,,,,,,,,,,,,,,,,,,,,,,,,,,,,,,,,,,,,,,,70,321.35
1786734660,138.18,138.18,138.18,138.18,137.33,135.91,,,,,,,,,,,,,,,,,,,,,,,,,,,,,,,,,,,,,,,,,,,,,,,,,,,,20,311.55
1786734720,138.16,138.17,138.16,138.17,137.33,135.91,,,,,,,,,,,,,,,,,,,,,,,,,,,,,,,,,,,,,,,,,,,,,,,,,,,,383,323.95
1786734780,138.17,138.17,138.09,138.09,137.33,135.91,,,,,,,,,,,,,,,,,,,,,,,,,,,,,,,,,,,,,,,,,,,,,,,,,,,,1115,376.6
1786734840,138.09,138.11,138.09,138.11,137.33,135.91,,,,,,,,,,,,,,,,,,,,,,,,,,,,,,,,,,,,,,,,,,,,,,,,,,,,700,404.65
1786734900,138.08,138.09,138.04,138.04,137.33,135.91,,,,,,,,,,,,,,,,,,,,,,,,,,,,,,,,,,,,,,,,,,,,,,,,,,,,906,426.4
1786734960,138.01,138.03,138.01,138.03,137.33,135.91,,,,,,,,,,,,,,,,,,,,,,,,,,,,,,,,,,,,,,,,,,,,,,,,,,,,578,436.6
1786735020,138.04,138.08,138.04,138.04,137.33,135.91,,,,,,,,,,,,,,,,,,,,,,,,,,,,,,,,,,,,,,,,,,,,,,,,,,,,375,439.65
1786735080,138.07,138.07,138.03,138.03,137.33,135.91,,,,,,,,,,,,,,,,,,,,,,,,,,,,,,,,,,,,,,,,,,,,,,,,,,,,440,434.05
1786735140,138.05,138.11,138.05,138.1,137.33,135.91,,,,,,,,,,,,,,,,,,,,,,,,,,,,,,,,,,,,,,,,,,,,,,,,,,,,441,447.8
1786735200,138.1,138.13,138.1,138.13,137.33,135.91,,,,,,,,,,,,,,,,,,,,,,,,,,,,,,,,,,,,,,,,,,,,,,,,,,,,142,414.8
1786735260,138.14,138.19,138.12,138.19,137.33,135.91,,,,,,,,,,,,,,,,,,,,,,,,,,,,,,,,,,,,,,,,,,,,,,,,,,,,662,409.75
1786735320,138.17,138.17,138.14,138.14,137.33,135.91,,,,,,,,,,,,,,,,,,,,,,,,,,,,,,,,,,,,,,,,,,,,,,,,,,,,159,409.45
1786735380,138.17,138.17,138.15,138.15,137.33,135.91,,,,,,,,,,,,,,,,,,,,,,,,,,,,,,,,,,,,,,,,,,,,,,,,,,,,8,409.45
1786735440,138.14,138.17,138.12,138.17,137.33,135.91,,,,,,,,,,,,,,,,,,,,,,,,,,,,,,,,,,,,,,,,,,,,,,,,,,,,318,419.8
1786735500,138.21,138.21,138.18,138.19,137.33,135.91,,,,,,,,,,,,,,,,,,,,,,,,,,,,,,,,,,,,,,,,,,,,,,,,,,,,276,407.3
1786735560,138.22,138.23,138.15,138.18,137.33,135.91,,,,,,,,,,,,,,,,,,,,,,,,,,,,,,,,,,,,,,,,,,,,,,,,,,,,367,383.2
1786735620,138.19,138.19,138.08,138.1,137.33,135.91,,,,,,,,,,,,,,,,,,,,,,,,,,,,,,,,,,,,,,,,,,,,,,,,,,,,640,404.85
1786735680,138.11,138.11,138.08,138.09,137.33,135.91,,,,,,,,,,,,,,,,,,,,,,,,,,,,,,,,,,,,,,,,,,,,,,,,,,,,383,411.5
1786735740,138.1,138.11,138.05,138.11,137.33,135.91,,,,,,,,,,,,,,,,,,,,,,,,,,,,,,,,,,,,,,,,,,,,,,,,,,,,888,443.55
1786735800,138.085,138.1,137.99,138.06,137.33,135.91,,,,,,,,,,,,,,,,,,,,,,,,,,,,,,,,,,,,,,,,,,,,,,,,,,,,671,473.6
1786735860,138.06,138.145,138.06,138.08,137.33,135.91,,,,,,,,,,,,,,,,,,,,,,,,,,,,,,,,,,,,,,,,,,,,,,,,,,,,972,521.2
1786735920,138.075,138.09,138.06,138.06,137.33,135.91,,,,,,,,,,,,,,,,,,,,,,,,,,,,,,,,,,,,,,,,,,,,,,,,,,,,509,527.5
1786735980,138.06,138.08,138.01,138.07,137.33,135.91,,,,,,,,,,,,,,,,,,,,,,,,,,,,,,,,,,,,,,,,,,,,,,,,,,,,707,507.1
1786736040,138.08,138.16,138.08,138.13,137.33,135.91,,,,,,,,,,,,,,,,,,,,,,,,,,,,,,,,,,,,,,,,,,,,,,,,,,,,735,508.85
1786736100,138.12,138.12,138.07,138.07,137.33,135.91,,,,,,,,,,,,,,,,,,,,,,,,,,,,,,,,,,,,,,,,,,,,,,,,,,,,443,485.7
1786736160,138.06,138.08,138.03,138.08,137.33,135.91,,,,,,,,,,,,,,,,,,,,,,,,,,,,,,,,,,,,,,,,,,,,,,,,,,,,630,488.3
1786736220,138.06,138.06,138.035,138.035,137.33,135.91,,,,,,,,,,,,,,,,,,,,,,,,,,,,,,,,,,,,,,,,,,,,,,,,,,,,517,495.4
1786736280,138.02,138.05,137.97,137.99,137.33,135.91,,,,,,,,,,,,,,,,,,,,,,,,,,,,,,,,,,,,,,,,,,,,,,,,,,,,900,518.4
1786736340,137.96,138.03,137.96,138.03,137.33,135.91,,,,,,,,,,,,,,,,,,,,,,,,,,,,,,,,,,,,,,,,,,,,,,,,,,,,546,523.65
1786736400,138.03,138.04,137.97,138,137.33,135.91,,,,,,,,,,,,,,,,,,,,,,,,,,,,,,,,,,,,,,,,,,,,,,,,,,,,1109,572
1786736460,138,138,137.905,137.91,137.33,135.91,,,,,,,,,,,,,,,,,,,,,,,,,,,,,,,,,,,,,,,,,,,,,,,,,,,,1414,609.6
1786736520,137.94,137.94,137.88,137.91,137.33,135.91,,,,,,,,,,,,,,,,,,,,,,,,,,,,,,,,,,,,,,,,,,,,,,,,,,,,890,646.15
1786736580,137.92,137.94,137.895,137.93,137.33,135.91,,,,,,,,,,,,,,,,,,,,,,,,,,,,,,,,,,,,,,,,,,,,,,,,,,,,892,690.35
1786736640,137.93,138,137.895,138,137.33,135.91,,,,,,,,,,,,,,,,,,,,,,,,,,,,,,,,,,,,,,,,,,,,,,,,,,,,1867,767.8
1786736700,137.96,137.96,137.85,137.85,137.33,135.91,,,,,,,,,,,,,,,,,,,,,,,,,,,,,,,,,,,,,,,,,,,,,,,,,,,,1451,826.55
1786736760,137.87,137.88,137.78,137.78,137.33,135.91,,,,,,,,,,,,,,,,,,,,,,,,,,,,,,,,,,,,,,,,,,,,,,,,,,,,979,857.15
1786736820,137.8,137.88,137.785,137.88,137.33,135.91,,,,,,,,,,,,,,,,,,,,,,,,,,,,,,,,,,,,,,,,,,,,,,,,,,,,174,833.85
1786736880,137.865,137.92,137.85,137.9,137.33,135.91,,,,,,,,,,,,,,,,,,,,,,,,,,,,,,,,,,,,,,,,,,,,,,,,,,,,861,857.75
1786736940,137.9,137.905,137.83,137.83,137.33,135.91,,,,,,,,,,,,,,,,,,,,,,,,,,,,,,,,,,,,,,,,,,,,,,,,,,,,856,856.15
1786737000,137.84,137.95,137.84,137.88,137.33,135.91,,,,,,,,,,,,,,,,,,,,,,,,,,,,,,,,,,,,,,,,,,,,,,,,,,,,1779,911.55
1786737060,137.87,138.01,137.87,138.01,137.33,135.91,,,,,,,,,,,,,,,,,,,,,,,,,,,,,,,,,,,,,,,,,,,,,,,,,,,,2711,998.5
1786737120,138.01,138.02,137.88,137.95,137.33,135.91,,,,,,,,,,,,,,,,,,,,,,,,,,,,,,,,,,,,,,,,,,,,,,,,,,,,8193,1382.7
1786737180,137.96,137.96,137.88,137.88,137.33,135.91,,,,,,,,,,,,,,,,,,,,,,,,,,,,,,,,,,,,,,,,,,,,,,,,,,,,2664,1480.55
1786737240,137.87,138,137.86,137.95,137.33,135.91,,,,,,,,,,,,,,,,,,,,,,,,,,,,,,,,,,,,,,,,,,,,,,,,,,,,2436,1565.6
1786737300,137.98,138.24,137.98,138.19,137.33,135.91,,,,,,,,,,,,,,,,,,,,,,,,,,,,,,,,,,,,,,,,,,,,,,,,,,,,3864,1736.65
1786737360,138.185,138.21,138.12,138.18,137.33,135.91,,,,,,,,,,,,,,,,,,,,,,,,,,,,,,,,,,,,,,,,,,,,,,,,,,,,3766,1893.45
1786737420,138.19,138.27,138.16,138.26,137.33,135.91,,,,,,,,,,,,,,,,,,,,,,,,,,,,,,,,,,,,,,,,,,,,,,,,,,,,4220,2078.6
1786737480,138.29,138.365,138.25,138.29,137.33,135.91,,,,,,,,,,,,,,,,,,,,,,,,,,,,,,,,,,,,,,,,,,,,,,,,,,,,7397,2403.45
1786737540,138.31,138.38,138.25,138.37,137.33,135.91,,,1,19,1,1786716900000,137.35,137.33,135.91,1.420000000000016,0.15990282038932935,0.7863123407353567,0.4259191845649858,1,,0,1,1786717200000,137.66,206.3753467240317,1,0.5593491210228172,0.6501525497602864,2,1,1786717500000,137.74,256.40573380865567,0,0.5009438071729327,0.7078553797009022,0,1,1786717800000,137.43,62.53798385576664,0,0.7276431637924762,0.48388270392201155,0,1,1786718700000,136.965,-228.2636410735669,0,1.0696163253385926,0.146022706530878,0,0.24390243902437841,0,19,11502,2951.25
1786973400,138.49,138.49,137.24,137.24,138.49,137.24,,,,,,,,,,,,,,,,,,,,,,,,,,,,,,,,,,,,,,,,,,,,,,,,,,,,2466,3019.1
1786973460,137.36,137.4,136.945,136.945,138.49,136.945,,,,,,,,,,,,,,,,,,,,,,,,,,,,,,,,,,,,,,,,,,,,,,,,,,,,595,2978.15
1786973520,136.85,136.96,136.64,136.96,138.49,136.64,,,,,,,,,,,,,,,,,,,,,,,,,,,,,,,,,,,,,,,,,,,,,,,,,,,,763,2971.8
1786973580,137.525,137.525,137.525,137.525,138.49,136.64,,,,,,,,,,,,,,,,,,,,,,,,,,,,,,,,,,,,,,,,,,,,,,,,,,,,1,2927.25
1786973640,137.75,137.77,137.6,137.77,138.49,136.64,,,,,,,,,,,,,,,,,,,,,,,,,,,,,,,,,,,,,,,,,,,,,,,,,,,,206,2844.2
1786973760,137.18,137.23,137.01,137.04,138.49,136.64,,,,,,,,,,,,,,,,,,,,,,,,,,,,,,,,,,,,,,,,,,,,,,,,,,,,506,2796.95
1786973820,137.09,137.28,137.09,137.205,138.49,136.64,,,,,,,,,,,,,,,,,,,,,,,,,,,,,,,,,,,,,,,,,,,,,,,,,,,,600,2778
1786973880,137.38,137.39,137.26,137.39,138.49,136.64,,,,,,,,,,,,,,,,,,,,,,,,,,,,,,,,,,,,,,,,,,,,,,,,,,,,58,2772.2
1786973940,137.5,137.68,137.5,137.68,138.49,136.64,,,,,,,,,,,,,,,,,,,,,,,,,,,,,,,,,,,,,,,,,,,,,,,,,,,,43,2731.3
1786974000,137.92,137.92,137.62,137.62,138.49,136.64,,,,,,,,,,,,,,,,,,,,,,,,,,,,,,,,,,,,,,,,,,,,,,,,,,,,133,2695.15
1786974060,137.55,137.55,137.28,137.28,138.49,136.64,,,,,,,,,,,,,,,,,,,,,,,,,,,,,,,,,,,,,,,,,,,,,,,,,,,,294,2620.9
1786974120,137.28,137.52,137.28,137.52,138.49,136.64,,,,,,,,,,,,,,,,,,,,,,,,,,,,,,,,,,,,,,,,,,,,,,,,,,,,164,2493.55
1786974180,137.63,137.81,137.63,137.81,138.49,136.64,,,,,,,,,,,,,,,,,,,,,,,,,,,,,,,,,,,,,,,,,,,,,,,,,,,,28,2085.3
1786974240,137.96,138.015,137.96,138,138.49,136.64,,,,,,,,,,,,,,,,,,,,,,,,,,,,,,,,,,,,,,,,,,,,,,,,,,,,4493,2176.75
1786974300,138.06,138.12,137.93,138.12,138.49,136.64,,,,,,,,,,,,,,,,,,,,,,,,,,,,,,,,,,,,,,,,,,,,,,,,,,,,520,2080.95
1786974360,138.12,138.24,138.12,138.18,138.49,136.64,,,,,,,,,,,,,,,,,,,,,,,,,,,,,,,,,,,,,,,,,,,,,,,,,,,,60,1890.75
1786974420,138.06,138.06,137.75,137.75,138.49,136.64,,,,,,,,,,,,,,,,,,,,,,,,,,,,,,,,,,,,,,,,,,,,,,,,,,,,407,1722.8
1786974480,137.77,137.77,137.77,137.77,138.49,136.64,,,,,,,,,,,,,,,,,,,,,,,,,,,,,,,,,,,,,,,,,,,,,,,,,,,,10,1512.3
1786974540,137.81,137.92,137.81,137.84,138.49,136.64,,,,,,,,,,,,,,,,,,,,,,,,,,,,,,,,,,,,,,,,,,,,,,,,,,,,451,1165
1786974600,137.69,137.74,137.56,137.61,138.49,136.64,,,,,,,,,,,,,,,,,,,,,,,,,,,,,,,,,,,,,,,,,,,,,,,,,,,,973,638.55
1786974660,137.74,137.74,137.36,137.47,138.49,136.64,,,,,,,,,,,,,,,,,,,,,,,,,,,,,,,,,,,,,,,,,,,,,,,,,,,,725,551.5
1786974720,137.5,137.55,137.5,137.55,138.49,136.64,,,,,,,,,,,,,,,,,,,,,,,,,,,,,,,,,,,,,,,,,,,,,,,,,,,,219,532.7
1786974780,137.66,137.66,137.58,137.58,138.49,136.64,,,,,,,,,,,,,,,,,,,,,,,,,,,,,,,,,,,,,,,,,,,,,,,,,,,,18,495.45
1786974840,137.575,137.575,137.575,137.575,138.49,136.64,,,,,,,,,,,,,,,,,,,,,,,,,,,,,,,,,,,,,,,,,,,,,,,,,,,,86,499.7
1786974900,137.51,137.51,137.46,137.46,138.49,136.64,,,,,,,,,,,,,,,,,,,,,,,,,,,,,,,,,,,,,,,,,,,,,,,,,,,,15,490.15
1786974960,137.48,137.52,137.48,137.52,138.49,136.64,,,,,,,,,,,,,,,,,,,,,,,,,,,,,,,,,,,,,,,,,,,,,,,,,,,,148,472.25
1786975020,137.43,137.47,137.34,137.45,138.49,136.64,,,,,,,,,,,,,,,,,,,,,,,,,,,,,,,,,,,,,,,,,,,,,,,,,,,,1164,500.45
1786975080,137.47,137.47,137.33,137.33,138.49,136.64,,,,,,,,,,,,,,,,,,,,,,,,,,,,,,,,,,,,,,,,,,,,,,,,,,,,409,518
1786975140,137.34,137.43,137.33,137.43,138.49,136.64,,,,,,,,,,,,,,,,,,,,,,,,,,,,,,,,,,,,,,,,,,,,,,,,,,,,16,516.65
1786975200,137.39,137.53,137.39,137.53,138.49,136.64,,,,,,,,,,,,,,,,,,,,,,,,,,,,,,,,,,,,,,,,,,,,,,,,,,,,383,529.15
1786975260,137.78,137.78,137.75,137.75,138.49,136.64,,,,,,,,,,,,,,,,,,,,,,,,,,,,,,,,,,,,,,,,,,,,,,,,,,,,28,515.85
1786975320,137.82,138,137.82,137.89,138.49,136.64,,,,,,,,,,,,,,,,,,,,,,,,,,,,,,,,,,,,,,,,,,,,,,,,,,,,1039,559.6
1786975380,137.95,138.04,137.95,138.03,138.49,136.64,,,,,,,,,,,,,,,,,,,,,,,,,,,,,,,,,,,,,,,,,,,,,,,,,,,,250,570.7
1786975440,137.95,137.95,137.895,137.895,138.49,136.64,,,,,,,,,,,,,,,,,,,,,,,,,,,,,,,,,,,,,,,,,,,,,,,,,,,,400,366.05
1786975500,137.95,138.09,137.92,138.09,138.49,136.64,,,,,,,,,,,,,,,,,,,,,,,,,,,,,,,,,,,,,,,,,,,,,,,,,,,,415,360.8
1786975560,138.05,138.27,138.04,138.27,138.49,136.64,,,,,,,,,,,,,,,,,,,,,,,,,,,,,,,,,,,,,,,,,,,,,,,,,,,,1582,436.9
1786975620,138.27,138.48,138.26,138.37,138.49,136.64,,,,,,,,,,,,,,,,,,,,,,,,,,,,,,,,,,,,,,,,,,,,,,,,,,,,2879,560.5
1786975680,138.4,138.5,138.23,138.31,138.49,136.64,,,,,,,,,,,,,,,,,,,,,,,,,,,,,,,,,,,,,,,,,,,,,,,,,,,,4418,780.9
1786975740,138.31,138.43,138.27,138.3,138.49,136.64,,,,,,,,,,,,,,,,,,,,,,,,,,,,,,,,,,,,,,,,,,,,,,,,,,,,1350,825.85
1786975800,138.205,138.32,138.13,138.32,138.49,136.64,,,,,,,,,,,,,,,,,,,,,,,,,,,,,,,,,,,,,,,,,,,,,,,,,,,,1156,835
1786975860,138.38,138.46,138.38,138.46,138.49,136.64,,,,,,,,,,,,,,,,,,,,,,,,,,,,,,,,,,,,,,,,,,,,,,,,,,,,111,804.3
1786975920,138.44,138.44,138.29,138.37,138.49,136.64,,,,,,,,,,,,,,,,,,,,,,,,,,,,,,,,,,,,,,,,,,,,,,,,,,,,1157,851.2
1786975980,138.44,138.57,138.42,138.57,138.49,136.64,,,,,,,,,,,,,,,,,,,,,,,,,,,,,,,,,,,,,,,,,,,,,,,,,,,,2196,960.1
1786976040,138.6,138.62,138.56,138.58,138.49,136.64,,,,,,,,,,,,,,,,,,,,,,,,,,,,,,,,,,,,,,,,,,,,,,,,,,,,612,986.4
1786976100,138.56,138.59,138.41,138.41,138.49,136.64,,,,,,,,,,,,,,,,,,,,,,,,,,,,,,,,,,,,,,,,,,,,,,,,,,,,1355,1053.4
1786976160,138.33,138.39,138.33,138.38,138.49,136.64,,,,,,,,,,,,,,,,,,,,,,,,,,,,,,,,,,,,,,,,,,,,,,,,,,,,7,1046.35
1786976220,138.41,138.42,138.365,138.365,138.49,136.64,,,,,,,,,,,,,,,,,,,,,,,,,,,,,,,,,,,,,,,,,,,,,,,,,,,,4,988.35
1786976280,138.45,138.55,138.45,138.55,138.49,136.64,,,,,,,,,,,,,,,,,,,,,,,,,,,,,,,,,,,,,,,,,,,,,,,,,,,,730,1004.4
1786976340,138.65,138.65,138.505,138.56,138.49,136.64,,,,,,,,,,,,,,,,,,,,,,,,,,,,,,,,,,,,,,,,,,,,,,,,,,,,745,1040.85
1786976400,138.57,138.65,138.57,138.61,138.49,136.64,,,,,,,,,,,,,,,,,,,,,,,,,,,,,,,,,,,,,,,,,,,,,,,,,,,,190,1031.2
1786976460,138.645,138.645,138.59,138.59,138.49,136.64,,,,,,,,,,,,,,,,,,,,,,,,,,,,,,,,,,,,,,,,,,,,,,,,,,,,703,1064.95
1786976520,138.58,138.62,138.51,138.51,138.49,136.64,,,,,,,,,,,,,,,,,,,,,,,,,,,,,,,,,,,,,,,,,,,,,,,,,,,,502,1038.1
1786976580,138.54,138.63,138.54,138.6,138.49,136.64,,,,,,,,,,,,,,,,,,,,,,,,,,,,,,,,,,,,,,,,,,,,,,,,,,,,172,1034.2
1786976640,138.58,138.88,138.58,138.71,138.49,136.64,,,,,,,,,,,,,,,,,,,,,,,,,,,,,,,,,,,,,,,,,,,,,,,,,,,,452,1036.8
1786976700,138.83,138.83,138.75,138.77,138.49,136.64,,,,,,,,,,,,,,,,,,,,,,,,,,,,,,,,,,,,,,,,,,,,,,,,,,,,1059,1069
1786976760,138.9,138.92,138.76,138.79,138.49,136.64,,,,,,,,,,,,,,,,,,,,,,,,,,,,,,,,,,,,,,,,,,,,,,,,,,,,795,1029.65
1786976820,138.8,138.81,138.77,138.79,138.49,136.64,,,,,,,,,,,,,,,,,,,,,,,,,,,,,,,,,,,,,,,,,,,,,,,,,,,,347,903.05
1786976880,138.785,138.87,138.785,138.87,138.49,136.64,,,,,,,,,,,,,,,,,,,,,,,,,,,,,,,,,,,,,,,,,,,,,,,,,,,,65,685.4
1786976940,138.86,138.93,138.83,138.93,138.49,136.64,,,,,,,,,,,,,,,,,,,,,,,,,,,,,,,,,,,,,,,,,,,,,,,,,,,,402,638
1786977000,138.98,139,138.97,139,138.49,136.64,,,,,,,,,,,,,,,,,,,,,,,,,,,,,,,,,,,,,,,,,,,,,,,,,,,,1300,645.2
1786977060,139.03,139.21,139.03,139.21,138.49,136.64,,,,,,,,,,,,,,,,,,,,,,,,,,,,,,,,,,,,,,,,,,,,,,,,,,,,392,659.25
1786977120,139.21,139.33,139.21,139.33,138.49,136.64,,,,,,,,,,,,,,,,,,,,,,,,,,,,,,,,,,,,,,,,,,,,,,,,,,,,552,629
1786977180,139.3,139.32,139.18,139.19,138.49,136.64,,,,,,,,,,,,,,,,,,,,,,,,,,,,,,,,,,,,,,,,,,,,,,,,,,,,1503,594.35
1786977240,139.175,139.2,139.15,139.2,138.49,136.64,,,,,,,,,,,,,,,,,,,,,,,,,,,,,,,,,,,,,,,,,,,,,,,,,,,,151,571.3
1786977300,139.21,139.21,138.98,138.98,138.49,136.64,,,,,,,,,,,,,,,,,,,,,,,,,,,,,,,,,,,,,,,,,,,,,,,,,,,,957,551.4
1786977360,139.02,139.06,138.93,138.93,138.49,136.64,,,,,,,,,,,,,,,,,,,,,,,,,,,,,,,,,,,,,,,,,,,,,,,,,,,,762,589.15
1786977420,138.99,138.99,138.94,138.94,138.49,136.64,,,,,,,,,,,,,,,,,,,,,,,,,,,,,,,,,,,,,,,,,,,,,,,,,,,,76,592.75
1786977480,138.935,138.935,138.935,138.935,138.49,136.64,,,,,,,,,,,,,,,,,,,,,,,,,,,,,,,,,,,,,,,,,,,,,,,,,,,,17,557.1
1786977540,138.995,139.04,138.995,139.04,138.49,136.64,,,,,,,,,,,,,,,,,,,,,,,,,,,,,,,,,,,,,,,,,,,,,,,,,,,,306,535.15
1786977600,138.995,139.04,138.965,139.04,138.49,136.64,,,,,,,,,,,,,,,,,,,,,,,,,,,,,,,,,,,,,,,,,,,,,,,,,,,,233,537.3
1786977660,139.06,139.06,139.06,139.06,138.49,136.64,,,,,,,,,,,,,,,,,,,,,,,,,,,,,,,,,,,,,,,,,,,,,,,,,,,,1,502.2
1786977720,139.05,139.09,139.05,139.09,138.49,136.64,,,,,,,,,,,,,,,,,,,,,,,,,,,,,,,,,,,,,,,,,,,,,,,,,,,,94,481.8
1786977780,139.11,139.19,139.11,139.19,138.49,136.64,,,,,,,,,,,,,,,,,,,,,,,,,,,,,,,,,,,,,,,,,,,,,,,,,,,,72,476.8
1786977840,139.23,139.23,139.23,139.23,138.49,136.64,,,,,,,,,,,,,,,,,,,,,,,,,,,,,,,,,,,,,,,,,,,,,,,,,,,,21,455.25
1786977900,139.32,139.35,139.27,139.35,138.49,136.64,,,,,,,,,,,,,,,,,,,,,,,,,,,,,,,,,,,,,,,,,,,,,,,,,,,,75,406.05
1786977960,139.36,139.36,139.26,139.26,138.49,136.64,,,,,,,,,,,,,,,,,,,,,,,,,,,,,,,,,,,,,,,,,,,,,,,,,,,,640,398.3
1786978020,139.22,139.325,139.18,139.23,138.49,136.64,,,,,,,,,,,,,,,,,,,,,,,,,,,,,,,,,,,,,,,,,,,,,,,,,,,,2692,515.55
1786978080,139.15,139.215,139.15,139.215,138.49,136.64,,,,,,,,,,,,,,,,,,,,,,,,,,,,,,,,,,,,,,,,,,,,,,,,,,,,15,513.05
1786978140,139.29,139.41,139.29,139.37,138.49,136.64,,,,,,,,,,,,,,,,,,,,,,,,,,,,,,,,,,,,,,,,,,,,,,,,,,,,679,526.9
1786978200,139.37,139.48,139.345,139.44,138.49,136.64,,,,,,,,,,,,,,,,,,,,,,,,,,,,,,,,,,,,,,,,,,,,,,,,,,,,928,508.3
1786978260,139.44,139.455,139.42,139.43,138.49,136.64,,,,,,,,,,,,,,,,,,,,,,,,,,,,,,,,,,,,,,,,,,,,,,,,,,,,4357,706.55
1786978320,139.43,139.43,139.37,139.37,138.49,136.64,,,,,,,,,,,,,,,,,,,,,,,,,,,,,,,,,,,,,,,,,,,,,,,,,,,,195,688.7
1786978380,139.33,139.33,139.21,139.21,138.49,136.64,,,,,,,,,,,,,,,,,,,,,,,,,,,,,,,,,,,,,,,,,,,,,,,,,,,,359,631.5
1786978440,139.14,139.14,139.12,139.13,138.49,136.64,,,,,,,,,,,,,,,,,,,,,,,,,,,,,,,,,,,,,,,,,,,,,,,,,,,,79,627.9
1786978500,139.17,139.17,138.93,138.955,138.49,136.64,,,,,,,,,,,,,,,,,,,,,,,,,,,,,,,,,,,,,,,,,,,,,,,,,,,,670,613.55
1786978560,138.9,138.99,138.9,138.99,138.49,136.64,,,,,,,,,,,,,,,,,,,,,,,,,,,,,,,,,,,,,,,,,,,,,,,,,,,,30,576.95
1786978620,138.945,138.945,138.84,138.84,138.49,136.64,,,,,,,,,,,,,,,,,,,,,,,,,,,,,,,,,,,,,,,,,,,,,,,,,,,,327,589.5
1786978740,138.695,138.73,138.64,138.73,138.49,136.64,,,,,,,,,,,,,,,,,,,,,,,,,,,,,,,,,,,,,,,,,,,,,,,,,,,,51,591.2
1786978800,138.75,138.75,138.75,138.75,138.49,136.64,,,,,,,,,,,,,,,,,,,,,,,,,,,,,,,,,,,,,,,,,,,,,,,,,,,,148,583.3
1786978860,138.78,138.78,138.65,138.67,138.49,136.64,,,,,,,,,,,,,,,,,,,,,,,,,,,,,,,,,,,,,,,,,,,,,,,,,,,,455,594.4
1786978920,138.7,138.77,138.7,138.72,138.49,136.64,,,,,,,,,,,,,,,,,,,,,,,,,,,,,,,,,,,,,,,,,,,,,,,,,,,,392,613.95
1786978980,138.745,138.87,138.745,138.87,138.49,136.64,,,,,,,,,,,,,,,,,,,,,,,,,,,,,,,,,,,,,,,,,,,,,,,,,,,,197,619.1
1786979040,138.9,138.92,138.9,138.92,138.49,136.64,,,,,,,,,,,,,,,,,,,,,,,,,,,,,,,,,,,,,,,,,,,,,,,,,,,,104,620.7
1786979100,138.87,138.9,138.77,138.77,138.49,136.64,,,,,,,,,,,,,,,,,,,,,,,,,,,,,,,,,,,,,,,,,,,,,,,,,,,,1182,678.75
1786979160,138.79,138.8,138.77,138.8,138.49,136.64,,,,,,,,,,,,,,,,,,,,,,,,,,,,,,,,,,,,,,,,,,,,,,,,,,,,187,684.35
1786979280,138.8,138.8,138.69,138.7,138.49,136.64,,,,,,,,,,,,,,,,,,,,,,,,,,,,,,,,,,,,,,,,,,,,,,,,,,,,1097,707.2
1786979340,138.75,138.78,138.75,138.78,138.49,136.64,,,,,,,,,,,,,,,,,,,,,,,,,,,,,,,,,,,,,,,,,,,,,,,,,,,,23,573.75
1786979400,138.78,138.78,138.61,138.61,138.49,136.64,,,,,,,,,,,,,,,,,,,,,,,,,,,,,,,,,,,,,,,,,,,,,,,,,,,,958,620.9
1786979460,138.65,138.69,138.65,138.69,138.49,136.64,,,,,,,,,,,,,,,,,,,,,,,,,,,,,,,,,,,,,,,,,,,,,,,,,,,,296,601.75
1786979520,138.68,138.78,138.66,138.78,138.49,136.64,,,,,,,,,,,,,,,,,,,,,,,,,,,,,,,,,,,,,,,,,,,,,,,,,,,,694,590.05
1786979580,138.77,138.77,138.69,138.76,138.49,136.64,,,,,,,,,,,,,,,,,,,,,,,,,,,,,,,,,,,,,,,,,,,,,,,,,,,,1669,455.65
1786979640,138.67,138.71,138.67,138.67,138.49,136.64,,,,,,,,,,,,,,,,,,,,,,,,,,,,,,,,,,,,,,,,,,,,,,,,,,,,27,447.25
1786979700,138.74,138.77,138.65,138.7,138.49,136.64,,,,,,,,,,,,,,,,,,,,,,,,,,,,,,,,,,,,,,,,,,,,,,,,,,,,717,465.15
1786979760,138.695,138.695,138.64,138.65,138.49,136.64,,,,,,,,,,,,,,,,,,,,,,,,,,,,,,,,,,,,,,,,,,,,,,,,,,,,199,471.15
1786979820,138.63,138.63,138.49,138.49,138.49,136.64,,,,,,,,,,,,,,,,,,,,,,,,,,,,,,,,,,,,,,,,,,,,,,,,,,,,2124,543.85
1786979880,138.47,138.47,138.34,138.36,138.49,136.64,,,,,,,,,,,,,,,,,,,,,,,,,,,,,,,,,,,,,,,,,,,,,,,,,,,,1212,602.95
1786979940,138.35,138.44,138.35,138.44,138.49,136.64,,,,,,,,,,,,,,,,,,,,,,,,,,,,,,,,,,,,,,,,,,,,,,,,,,,,1036,638.4
1786980000,138.38,138.44,138.36,138.36,138.49,136.64,,,,,,,,,,,,,,,,,,,,,,,,,,,,,,,,,,,,,,,,,,,,,,,,,,,,1277,699.7
1786980060,138.4,138.45,138.33,138.41,138.49,136.64,,,,,,,,,,,,,,,,,,,,,,,,,,,,,,,,,,,,,,,,,,,,,,,,,,,,2388,811.7
1786980120,138.38,138.39,138.38,138.385,138.49,136.64,,,,,,,,,,,,,,,,,,,,,,,,,,,,,,,,,,,,,,,,,,,,,,,,,,,,68,792.35
1786980180,138.37,138.44,138.37,138.44,138.49,136.64,,,,,,,,,,,,,,,,,,,,,,,,,,,,,,,,,,,,,,,,,,,,,,,,,,,,157,780.6
1786980240,138.41,138.46,138.4,138.46,138.49,136.64,,,,,,,,,,,,,,,,,,,,,,,,,,,,,,,,,,,,,,,,,,,,,,,,,,,,450,793.25
1786980300,138.45,138.51,138.43,138.51,138.49,136.64,,,,,,,,,,,,,,,,,,,,,,,,,,,,,,,,,,,,,,,,,,,,,,,,,,,,169,796.5
1786980360,138.48,138.55,138.47,138.55,138.49,136.64,,,,,,,,,,,,,,,,,,,,,,,,,,,,,,,,,,,,,,,,,,,,,,,,,,,,934,784.1
1786980420,138.52,138.53,138.52,138.53,138.49,136.64,,,,,,,,,,,,,,,,,,,,,,,,,,,,,,,,,,,,,,,,,,,,,,,,,,,,161,782.8
1786980480,138.54,138.57,138.54,138.57,138.49,136.64,,,,,,,,,,,,,,,,,,,,,,,,,,,,,,,,,,,,,,,,,,,,,,,,,,,,142,735.05
1786980540,138.62,138.65,138.58,138.58,138.49,136.64,,,,,,,,,,,,,,,,,,,,,,,,,,,,,,,,,,,,,,,,,,,,,,,,,,,,94,738.6
1786980600,138.58,138.62,138.58,138.59,138.49,136.64,,,,,,,,,,,,,,,,,,,,,,,,,,,,,,,,,,,,,,,,,,,,,,,,,,,,781,729.75
1786980660,138.59,138.65,138.59,138.65,138.49,136.64,,,,,,,,,,,,,,,,,,,,,,,,,,,,,,,,,,,,,,,,,,,,,,,,,,,,322,731.05
1786980720,138.67,138.67,138.61,138.61,138.49,136.64,,,,,,,,,,,,,,,,,,,,,,,,,,,,,,,,,,,,,,,,,,,,,,,,,,,,420,717.35
1786980780,138.58,138.58,138.49,138.49,138.49,136.64,,,,,,,,,,,,,,,,,,,,,,,,,,,,,,,,,,,,,,,,,,,,,,,,,,,,259,646.85
1786980840,138.48,138.5,138.46,138.48,138.49,136.64,,,,,,,,,,,,,,,,,,,,,,,,,,,,,,,,,,,,,,,,,,,,,,,,,,,,749,682.95
1786980900,138.46,138.59,138.46,138.59,138.49,136.64,,,,,,,,,,,,,,,,,,,,,,,,,,,,,,,,,,,,,,,,,,,,,,,,,,,,437,668.95
1786980960,138.61,138.66,138.61,138.66,138.49,136.64,,,,,,,,,,,,,,,,,,,,,,,,,,,,,,,,,,,,,,,,,,,,,,,,,,,,536,685.8
1786981020,138.67,138.67,138.6,138.62,138.49,136.64,,,,,,,,,,,,,,,,,,,,,,,,,,,,,,,,,,,,,,,,,,,,,,,,,,,,14,580.3
1786981140,138.64,138.7,138.64,138.7,138.49,136.64,,,,,,,,,,,,,,,,,,,,,,,,,,,,,,,,,,,,,,,,,,,,,,,,,,,,4,519.9
1786981200,138.71,138.71,138.64,138.64,138.49,136.64,,,,,,,,,,,,,,,,,,,,,,,,,,,,,,,,,,,,,,,,,,,,,,,,,,,,194,477.8
1786981260,138.62,138.62,138.58,138.59,138.49,136.64,,,,,,,,,,,,,,,,,,,,,,,,,,,,,,,,,,,,,,,,,,,,,,,,,,,,454,436.65
1786981320,138.58,138.58,138.58,138.58,138.49,136.64,,,,,,,,,,,,,,,,,,,,,,,,,,,,,,,,,,,,,,,,,,,,,,,,,,,,1,317.3
1786981380,138.59,138.59,138.52,138.52,138.49,136.64,,,,,,,,,,,,,,,,,,,,,,,,,,,,,,,,,,,,,,,,,,,,,,,,,,,,310,329.4
1786981440,138.55,138.55,138.49,138.52,138.49,136.64,,,,,,,,,,,,,,,,,,,,,,,,,,,,,,,,,,,,,,,,,,,,,,,,,,,,602,351.65
1786981500,138.48,138.51,138.4,138.4,138.49,136.64,,,,,,,,,,,,,,,,,,,,,,,,,,,,,,,,,,,,,,,,,,,,,,,,,,,,301,344.2
1786981560,138.45,138.57,138.45,138.55,138.49,136.64,,,,,,,,,,,,,,,,,,,,,,,,,,,,,,,,,,,,,,,,,,,,,,,,,,,,965,384
1786981620,138.56,138.56,138.49,138.49,138.49,136.64,,,,,,,,,,,,,,,,,,,,,,,,,,,,,,,,,,,,,,,,,,,,,,,,,,,,233,348.95
1786981680,138.45,138.45,138.42,138.44,138.49,136.64,,,,,,,,,,,,,,,,,,,,,,,,,,,,,,,,,,,,,,,,,,,,,,,,,,,,170,349.4
1786981740,138.43,138.48,138.43,138.48,138.49,136.64,,,,,,,,,,,,,,,,,,,,,,,,,,,,,,,,,,,,,,,,,,,,,,,,,,,,312,357.9
1786981800,138.48,138.54,138.48,138.535,138.49,136.64,,,,,,,,,,,,,,,,,,,,,,,,,,,,,,,,,,,,,,,,,,,,,,,,,,,,86,357.5
1786981860,138.55,138.56,138.48,138.48,138.49,136.64,,,,,,,,,,,,,,,,,,,,,,,,,,,,,,,,,,,,,,,,,,,,,,,,,,,,450,340.95
1786981920,138.43,138.43,138.42,138.43,138.49,136.64,,,,,,,,,,,,,,,,,,,,,,,,,,,,,,,,,,,,,,,,,,,,,,,,,,,,183,334
1786981980,138.45,138.51,138.45,138.51,138.49,136.64,,,,,,,,,,,,,,,,,,,,,,,,,,,,,,,,,,,,,,,,,,,,,,,,,,,,27,314.35
1786982040,138.56,138.6,138.56,138.59,138.49,136.64,,,,,,,,,,,,,,,,,,,,,,,,,,,,,,,,,,,,,,,,,,,,,,,,,,,,252,314
1786982100,138.57,138.62,138.565,138.61,138.49,136.64,,,,,,,,,,,,,,,,,,,,,,,,,,,,,,,,,,,,,,,,,,,,,,,,,,,,544,303.75
1786982160,138.61,138.61,138.61,138.61,138.49,136.64,,,,,,,,,,,,,,,,,,,,,,,,,,,,,,,,,,,,,,,,,,,,,,,,,,,,110,287.4
1786982220,138.61,138.61,138.58,138.58,138.49,136.64,,,,,,,,,,,,,,,,,,,,,,,,,,,,,,,,,,,,,,,,,,,,,,,,,,,,138,267.5
1786982280,138.58,138.62,138.57,138.62,138.49,136.64,,,,,,,,,,,,,,,,,,,,,,,,,,,,,,,,,,,,,,,,,,,,,,,,,,,,197,276.65
1786982340,138.64,138.64,138.54,138.54,138.49,136.64,,,,,,,,,,,,,,,,,,,,,,,,,,,,,,,,,,,,,,,,,,,,,,,,,,,,121,282.5
1786982400,138.51,138.57,138.51,138.55,138.49,136.64,,,,,,,,,,,,,,,,,,,,,,,,,,,,,,,,,,,,,,,,,,,,,,,,,,,,73,276.45
1786982460,138.52,138.55,138.51,138.51,138.49,136.64,,,,,,,,,,,,,,,,,,,,,,,,,,,,,,,,,,,,,,,,,,,,,,,,,,,,504,278.95
1786982520,138.48,138.53,138.48,138.49,138.49,136.64,,,,,,,,,,,,,,,,,,,,,,,,,,,,,,,,,,,,,,,,,,,,,,,,,,,,126,285.2
1786982580,138.52,138.56,138.52,138.56,138.49,136.64,,,,,,,,,,,,,,,,,,,,,,,,,,,,,,,,,,,,,,,,,,,,,,,,,,,,228,281.1
1786982640,138.59,138.59,138.59,138.59,138.49,136.64,,,,,,,,,,,,,,,,,,,,,,,,,,,,,,,,,,,,,,,,,,,,,,,,,,,,15,251.75
1786982700,138.625,138.625,138.56,138.56,138.49,136.64,,,,,,,,,,,,,,,,,,,,,,,,,,,,,,,,,,,,,,,,,,,,,,,,,,,,363,254.85
1786982760,138.56,138.61,138.55,138.61,138.49,136.64,,,,,,,,,,,,,,,,,,,,,,,,,,,,,,,,,,,,,,,,,,,,,,,,,,,,193,216.25
1786982820,138.63,138.67,138.63,138.665,138.49,136.64,,,,,,,,,,,,,,,,,,,,,,,,,,,,,,,,,,,,,,,,,,,,,,,,,,,,133,211.25
1786982880,138.67,138.795,138.65,138.795,138.49,136.64,,,,,,,,,,,,,,,,,,,,,,,,,,,,,,,,,,,,,,,,,,,,,,,,,,,,44,204.95
1786982940,138.855,138.855,138.8,138.83,138.49,136.64,,,,,,,,,,,,,,,,,,,,,,,,,,,,,,,,,,,,,,,,,,,,,,,,,,,,1785,278.6
1786983000,138.77,138.77,138.77,138.77,138.49,136.64,,,,,,,,,,,,,,,,,,,,,,,,,,,,,,,,,,,,,,,,,,,,,,,,,,,,41,276.35
1786983060,138.8,138.81,138.76,138.76,138.49,136.64,,,,,,,,,,,,,,,,,,,,,,,,,,,,,,,,,,,,,,,,,,,,,,,,,,,,40,255.85
1786983120,138.79,138.82,138.79,138.81,138.49,136.64,,,,,,,,,,,,,,,,,,,,,,,,,,,,,,,,,,,,,,,,,,,,,,,,,,,,120,252.7
1786983240,138.9,138.94,138.88,138.94,138.49,136.64,,,,,,,,,,,,,,,,,,,,,,,,,,,,,,,,,,,,,,,,,,,,,,,,,,,,870,294.85
1786983300,138.98,139.03,138.98,139,138.49,136.64,,,,,,,,,,,,,,,,,,,,,,,,,,,,,,,,,,,,,,,,,,,,,,,,,,,,521,308.3
1786983360,139,139.02,138.96,138.96,138.49,136.64,,,,,,,,,,,,,,,,,,,,,,,,,,,,,,,,,,,,,,,,,,,,,,,,,,,,94,285.8
1786983420,138.94,138.95,138.9,138.9,138.49,136.64,,,,,,,,,,,,,,,,,,,,,,,,,,,,,,,,,,,,,,,,,,,,,,,,,,,,620,311.3
1786983480,138.95,138.95,138.95,138.95,138.49,136.64,,,,,,,,,,,,,,,,,,,,,,,,,,,,,,,,,,,,,,,,,,,,,,,,,,,,1,304.45
1786983540,138.93,138.93,138.86,138.86,138.49,136.64,,,,,,,,,,,,,,,,,,,,,,,,,,,,,,,,,,,,,,,,,,,,,,,,,,,,74,298.3
1786983600,138.83,138.83,138.83,138.83,138.49,136.64,,,,,,,,,,,,,,,,,,,,,,,,,,,,,,,,,,,,,,,,,,,,,,,,,,,,10,292.75
1786983660,138.71,138.79,138.71,138.79,138.49,136.64,,,,,,,,,,,,,,,,,,,,,,,,,,,,,,,,,,,,,,,,,,,,,,,,,,,,303,304.25
1786983720,138.81,138.83,138.81,138.83,138.49,136.64,,,,,,,,,,,,,,,,,,,,,,,,,,,,,,,,,,,,,,,,,,,,,,,,,,,,79,283
1786983780,138.83,138.89,138.82,138.89,138.49,136.64,,,,,,,,,,,,,,,,,,,,,,,,,,,,,,,,,,,,,,,,,,,,,,,,,,,,415,297.45
1786983840,138.91,138.92,138.88,138.92,138.49,136.64,,,,,,,,,,,,,,,,,,,,,,,,,,,,,,,,,,,,,,,,,,,,,,,,,,,,115,291.8
1786983900,138.9,138.9,138.82,138.835,138.49,136.64,,,,,,,,,,,,,,,,,,,,,,,,,,,,,,,,,,,,,,,,,,,,,,,,,,,,809,331.5
1786983960,138.82,138.885,138.82,138.87,138.49,136.64,,,,,,,,,,,,,,,,,,,,,,,,,,,,,,,,,,,,,,,,,,,,,,,,,,,,528,339.75
1786984020,138.9,138.9,138.9,138.9,138.49,136.64,,,,,,,,,,,,,,,,,,,,,,,,,,,,,,,,,,,,,,,,,,,,,,,,,,,,18,331
1786984140,138.87,138.9,138.85,138.85,138.49,136.64,,,,,,,,,,,,,,,,,,,,,,,,,,,,,,,,,,,,,,,,,,,,,,,,,,,,352,341.95
1786984200,138.84,138.84,138.79,138.79,138.49,136.64,,,,,,,,,,,,,,,,,,,,,,,,,,,,,,,,,,,,,,,,,,,,,,,,,,,,15,340.5
1786984260,138.83,138.83,138.83,138.83,138.49,136.64,,,,,,,,,,,,,,,,,,,,,,,,,,,,,,,,,,,,,,,,,,,,,,,,,,,,17,252.1
1786984320,138.85,138.89,138.85,138.89,138.49,136.64,,,,,,,,,,,,,,,,,,,,,,,,,,,,,,,,,,,,,,,,,,,,,,,,,,,,102,255.15
1786984380,138.9,138.98,138.9,138.98,138.49,136.64,,,,,,,,,,,,,,,,,,,,,,,,,,,,,,,,,,,,,,,,,,,,,,,,,,,,218,264.05
1786984440,138.98,139,138.98,139,138.49,136.64,,,,,,,,,,,,,,,,,,,,,,,,,,,,,,,,,,,,,,,,,,,,,,,,,,,,413,278.7
1786984500,138.97,138.97,138.93,138.94,138.49,136.64,,,,,,,,,,,,,,,,,,,,,,,,,,,,,,,,,,,,,,,,,,,,,,,,,,,,152,242.8
1786984560,138.96,138.96,138.92,138.92,138.49,136.64,,,,,,,,,,,,,,,,,,,,,,,,,,,,,,,,,,,,,,,,,,,,,,,,,,,,9,217.2
1786984620,138.92,139,138.88,139,138.49,136.64,,,,,,,,,,,,,,,,,,,,,,,,,,,,,,,,,,,,,,,,,,,,,,,,,,,,2969,360.95
1786984680,138.98,138.98,138.94,138.94,138.49,136.64,,,,,,,,,,,,,,,,,,,,,,,,,,,,,,,,,,,,,,,,,,,,,,,,,,,,40,331.95
1786984740,138.91,138.91,138.81,138.81,138.49,136.64,,,,,,,,,,,,,,,,,,,,,,,,,,,,,,,,,,,,,,,,,,,,,,,,,,,,322,348
1786984860,138.86,138.86,138.85,138.85,138.49,136.64,,,,,,,,,,,,,,,,,,,,,,,,,,,,,,,,,,,,,,,,,,,,,,,,,,,,244,356.5
1786984920,138.89,138.92,138.88,138.92,138.49,136.64,,,,,,,,,,,,,,,,,,,,,,,,,,,,,,,,,,,,,,,,,,,,,,,,,,,,1540,433
1786985040,138.92,138.99,138.91,138.91,138.49,136.64,,,,,,,,,,,,,,,,,,,,,,,,,,,,,,,,,,,,,,,,,,,,,,,,,,,,2795,557.6
1786985100,138.97,138.97,138.97,138.97,138.49,136.64,,,,,,,,,,,,,,,,,,,,,,,,,,,,,,,,,,,,,,,,,,,,,,,,,,,,3,553.8
1786985160,139,139.01,138.9,138.93,138.49,136.64,,,,,,,,,,,,,,,,,,,,,,,,,,,,,,,,,,,,,,,,,,,,,,,,,,,,2398,652.95
1786985220,138.89,138.89,138.75,138.75,138.49,136.64,,,,,,,,,,,,,,,,,,,,,,,,,,,,,,,,,,,,,,,,,,,,,,,,,,,,361,665.25
1786985280,138.73,138.78,138.71,138.77,138.49,136.64,,,,,,,,,,,,,,,,,,,,,,,,,,,,,,,,,,,,,,,,,,,,,,,,,,,,1134,681.5
1786985340,138.82,138.87,138.82,138.87,138.49,136.64,,,,,,,,,,,,,,,,,,,,,,,,,,,,,,,,,,,,,,,,,,,,,,,,,,,,998,705
1786985400,138.875,138.875,138.82,138.87,138.49,136.64,,,,,,,,,,,,,,,,,,,,,,,,,,,,,,,,,,,,,,,,,,,,,,,,,,,,186,713.4
1786985460,138.86,138.88,138.86,138.88,138.49,136.64,,,,,,,,,,,,,,,,,,,,,,,,,,,,,,,,,,,,,,,,,,,,,,,,,,,,3,695.95
1786985520,138.91,138.91,138.85,138.86,138.49,136.64,,,,,,,,,,,,,,,,,,,,,,,,,,,,,,,,,,,,,,,,,,,,,,,,,,,,87,699.55
1786985580,138.9,138.9,138.835,138.84,138.49,136.64,,,,,,,,,,,,,,,,,,,,,,,,,,,,,,,,,,,,,,,,,,,,,,,,,,,,410,719.2
1786985640,138.83,138.87,138.81,138.81,138.49,136.64,,,,,,,,,,,,,,,,,,,,,,,,,,,,,,,,,,,,,,,,,,,,,,,,,,,,393,733.75
1786985700,138.8,138.8,138.76,138.76,138.49,136.64,,,,,,,,,,,,,,,,,,,,,,,,,,,,,,,,,,,,,,,,,,,,,,,,,,,,711,758.4
1786985760,138.79,138.8,138.73,138.74,138.49,136.64,,,,,,,,,,,,,,,,,,,,,,,,,,,,,,,,,,,,,,,,,,,,,,,,,,,,2302,852.85
1786985820,138.74,138.74,138.74,138.74,138.49,136.64,,,,,,,,,,,,,,,,,,,,,,,,,,,,,,,,,,,,,,,,,,,,,,,,,,,,17,846.1
1786985880,138.71,138.71,138.67,138.67,138.49,136.64,,,,,,,,,,,,,,,,,,,,,,,,,,,,,,,,,,,,,,,,,,,,,,,,,,,,1227,907
1786985940,138.66,138.66,138.65,138.65,138.49,136.64,,,,,,,,,,,,,,,,,,,,,,,,,,,,,,,,,,,,,,,,,,,,,,,,,,,,120,764.55
1786986000,138.65,138.67,138.65,138.66,138.49,136.64,,,,,,,,,,,,,,,,,,,,,,,,,,,,,,,,,,,,,,,,,,,,,,,,,,,,416,783.35
1786986060,138.67,138.68,138.58,138.58,138.49,136.64,,,,,,,,,,,,,,,,,,,,,,,,,,,,,,,,,,,,,,,,,,,,,,,,,,,,256,780.05
1786986120,138.59,138.61,138.58,138.6,138.49,136.64,,,,,,,,,,,,,,,,,,,,,,,,,,,,,,,,,,,,,,,,,,,,,,,,,,,,178,776.75
1786986180,138.67,138.67,138.67,138.67,138.49,136.64,,,,,,,,,,,,,,,,,,,,,,,,,,,,,,,,,,,,,,,,,,,,,,,,,,,,16,700.55
1786986240,138.7,138.71,138.68,138.68,138.49,136.64,,,,,,,,,,,,,,,,,,,,,,,,,,,,,,,,,,,,,,,,,,,,,,,,,,,,268,574.2
1786986300,138.56,138.56,138.54,138.56,138.49,136.64,,,,,,,,,,,,,,,,,,,,,,,,,,,,,,,,,,,,,,,,,,,,,,,,,,,,11,574.6
1786986360,138.58,138.59,138.57,138.59,138.49,136.64,,,,,,,,,,,,,,,,,,,,,,,,,,,,,,,,,,,,,,,,,,,,,,,,,,,,4,454.9
1786986420,138.58,138.63,138.57,138.63,138.49,136.64,,,,,,,,,,,,,,,,,,,,,,,,,,,,,,,,,,,,,,,,,,,,,,,,,,,,260,449.85
1786986480,138.6,138.64,138.6,138.64,138.49,136.64,,,,,,,,,,,,,,,,,,,,,,,,,,,,,,,,,,,,,,,,,,,,,,,,,,,,26,394.45
1786986540,138.65,138.67,138.62,138.67,138.49,136.64,,,,,,,,,,,,,,,,,,,,,,,,,,,,,,,,,,,,,,,,,,,,,,,,,,,,229,356
1786986600,138.63,138.66,138.62,138.66,138.49,136.64,,,,,,,,,,,,,,,,,,,,,,,,,,,,,,,,,,,,,,,,,,,,,,,,,,,,120,352.7
1786986660,138.66,138.74,138.66,138.72,138.49,136.64,,,,,,,,,,,,,,,,,,,,,,,,,,,,,,,,,,,,,,,,,,,,,,,,,,,,702,387.65
1786986720,138.78,138.78,138.72,138.72,138.49,136.64,,,,,,,,,,,,,,,,,,,,,,,,,,,,,,,,,,,,,,,,,,,,,,,,,,,,21,384.35
1786986780,138.74,138.885,138.74,138.885,138.49,136.64,,,,,,,,,,,,,,,,,,,,,,,,,,,,,,,,,,,,,,,,,,,,,,,,,,,,2443,486
1786986840,138.88,138.91,138.88,138.91,138.49,136.64,,,,,,,,,,,,,,,,,,,,,,,,,,,,,,,,,,,,,,,,,,,,,,,,,,,,439,488.3
1786986900,138.93,138.93,138.87,138.87,138.49,136.64,,,,,,,,,,,,,,,,,,,,,,,,,,,,,,,,,,,,,,,,,,,,,,,,,,,,285,467
1786986960,138.84,138.84,138.83,138.83,138.49,136.64,,,,,,,,,,,,,,,,,,,,,,,,,,,,,,,,,,,,,,,,,,,,,,,,,,,,56,354.7
1786987020,138.87,138.87,138.87,138.87,138.49,136.64,,,,,,,,,,,,,,,,,,,,,,,,,,,,,,,,,,,,,,,,,,,,,,,,,,,,1,353.9
1786987080,138.83,138.87,138.82,138.87,138.49,136.64,,,,,,,,,,,,,,,,,,,,,,,,,,,,,,,,,,,,,,,,,,,,,,,,,,,,180,301.55
1786987140,138.87,138.87,138.87,138.87,138.49,136.64,,,,,,,,,,,,,,,,,,,,,,,,,,,,,,,,,,,,,,,,,,,,,,,,,,,,1,295.6
1786987200,138.85,138.85,138.85,138.85,138.49,136.64,,,,,,,,,,,,,,,,,,,,,,,,,,,,,,,,,,,,,,,,,,,,,,,,,,,,1,274.85
1786987260,138.92,138.98,138.91,138.91,138.49,136.64,,,,,,,,,,,,,,,,,,,,,,,,,,,,,,,,,,,,,,,,,,,,,,,,,,,,518,287.95
1786987320,138.95,138.95,138.91,138.91,138.49,136.64,,,,,,,,,,,,,,,,,,,,,,,,,,,,,,,,,,,,,,,,,,,,,,,,,,,,6,279.35
1786987380,138.89,138.89,138.84,138.84,138.49,136.64,,,,,,,,,,,,,,,,,,,,,,,,,,,,,,,,,,,,,,,,,,,,,,,,,,,,176,287.35
1786987440,138.84,138.84,138.8,138.805,138.49,136.64,,,,,,,,,,,,,,,,,,,,,,,,,,,,,,,,,,,,,,,,,,,,,,,,,,,,36,275.75
1786987500,138.81,138.86,138.77,138.82,138.49,136.64,,,,,,,,,,,,,,,,,,,,,,,,,,,,,,,,,,,,,,,,,,,,,,,,,,,,246,287.5
1786987560,138.83,138.83,138.8,138.8,138.49,136.64,,,,,,,,,,,,,,,,,,,,,,,,,,,,,,,,,,,,,,,,,,,,,,,,,,,,185,296.55
1786987620,138.8,138.8,138.78,138.8,138.49,136.64,,,,,,,,,,,,,,,,,,,,,,,,,,,,,,,,,,,,,,,,,,,,,,,,,,,,56,286.35
1786987680,138.82,138.83,138.82,138.83,138.49,136.64,,,,,,,,,,,,,,,,,,,,,,,,,,,,,,,,,,,,,,,,,,,,,,,,,,,,52,287.65
1786987740,138.85,138.86,138.85,138.86,138.49,136.64,,,,,,,,,,,,,,,,,,,,,,,,,,,,,,,,,,,,,,,,,,,,,,,,,,,,105,281.45
1786987800,138.86,138.87,138.82,138.87,138.49,136.64,,,,,,,,,,,,,,,,,,,,,,,,,,,,,,,,,,,,,,,,,,,,,,,,,,,,339,292.4
1786987920,138.88,138.94,138.88,138.94,138.49,136.64,,,,,,,,,,,,,,,,,,,,,,,,,,,,,,,,,,,,,,,,,,,,,,,,,,,,142,264.4
1786987980,138.88,138.88,138.82,138.85,138.49,136.64,,,,,,,,,,,,,,,,,,,,,,,,,,,,,,,,,,,,,,,,,,,,,,,,,,,,286,277.65
1786988040,138.84,138.84,138.78,138.78,138.49,136.64,,,,,,,,,,,,,,,,,,,,,,,,,,,,,,,,,,,,,,,,,,,,,,,,,,,,113,161.15
1786988160,138.74,138.74,138.74,138.74,138.49,136.64,,,,,,,,,,,,,,,,,,,,,,,,,,,,,,,,,,,,,,,,,,,,,,,,,,,,50,141.7
1786988220,138.73,138.73,138.62,138.65,138.49,136.64,,,,,,,,,,,,,,,,,,,,,,,,,,,,,,,,,,,,,,,,,,,,,,,,,,,,666,160.75
1786988280,138.64,138.66,138.64,138.66,138.49,136.64,,,,,,,,,,,,,,,,,,,,,,,,,,,,,,,,,,,,,,,,,,,,,,,,,,,,227,169.3
1786988340,138.66,138.66,138.66,138.66,138.49,136.64,,,,,,,,,,,,,,,,,,,,,,,,,,,,,,,,,,,,,,,,,,,,,,,,,,,,13,169.9
1786988400,138.72,138.8,138.72,138.8,138.49,136.64,,,,,,,,,,,,,,,,,,,,,,,,,,,,,,,,,,,,,,,,,,,,,,,,,,,,165,169.15
1786988460,138.76,138.79,138.72,138.72,138.49,136.64,,,,,,,,,,,,,,,,,,,,,,,,,,,,,,,,,,,,,,,,,,,,,,,,,,,,936,215.9
1786988520,138.71,138.75,138.71,138.75,138.49,136.64,,,,,,,,,,,,,,,,,,,,,,,,,,,,,,,,,,,,,,,,,,,,,,,,,,,,535,242.6
1786988580,138.78,138.78,138.78,138.78,138.49,136.64,,,,,,,,,,,,,,,,,,,,,,,,,,,,,,,,,,,,,,,,,,,,,,,,,,,,100,221.7
1786988640,138.78,138.79,138.775,138.775,138.49,136.64,,,,,,,,,,,,,,,,,,,,,,,,,,,,,,,,,,,,,,,,,,,,,,,,,,,,104,226.6
1786988700,138.74,138.74,138.675,138.7,138.49,136.64,,,,,,,,,,,,,,,,,,,,,,,,,,,,,,,,,,,,,,,,,,,,,,,,,,,,72,221.4
1786988760,138.72,138.72,138.65,138.68,138.49,136.64,,,,,,,,,,,,,,,,,,,,,,,,,,,,,,,,,,,,,,,,,,,,,,,,,,,,218,230.5
1786988820,138.66,138.68,138.66,138.67,138.49,136.64,,,,,,,,,,,,,,,,,,,,,,,,,,,,,,,,,,,,,,,,,,,,,,,,,,,,272,231.8
1786988880,138.68,138.68,138.63,138.63,138.49,136.64,,,,,,,,,,,,,,,,,,,,,,,,,,,,,,,,,,,,,,,,,,,,,,,,,,,,1306,287.85
1786988940,138.73,138.75,138.73,138.75,138.49,136.64,,,,,,,,,,,,,,,,,,,,,,,,,,,,,,,,,,,,,,,,,,,,,,,,,,,,12,285.65
1786989000,138.72,138.75,138.7,138.7,138.49,136.64,,,,,,,,,,,,,,,,,,,,,,,,,,,,,,,,,,,,,,,,,,,,,,,,,,,,120,289.05
1786989060,138.76,138.79,138.75,138.75,138.49,136.64,,,,,,,,,,,,,,,,,,,,,,,,,,,,,,,,,,,,,,,,,,,,,,,,,,,,29,285.25
1786989120,138.75,138.78,138.75,138.78,138.49,136.64,,,,,,,,,,,,,,,,,,,,,,,,,,,,,,,,,,,,,,,,,,,,,,,,,,,,21,269.35
1786989180,138.77,138.77,138.71,138.72,138.49,136.64,,,,,,,,,,,,,,,,,,,,,,,,,,,,,,,,,,,,,,,,,,,,,,,,,,,,289,276.7
1786989240,138.73,138.74,138.72,138.73,138.49,136.64,,,,,,,,,,,,,,,,,,,,,,,,,,,,,,,,,,,,,,,,,,,,,,,,,,,,60,265.4
1786989300,138.72,138.72,138.71,138.71,138.49,136.64,,,,,,,,,,,,,,,,,,,,,,,,,,,,,,,,,,,,,,,,,,,,,,,,,,,,19,260.7
1786989360,138.71,138.74,138.7,138.74,138.49,136.64,,,,,,,,,,,,,,,,,,,,,,,,,,,,,,,,,,,,,,,,,,,,,,,,,,,,392,277.8
1786989420,138.74,138.76,138.74,138.75,138.49,136.64,,,,,,,,,,,,,,,,,,,,,,,,,,,,,,,,,,,,,,,,,,,,,,,,,,,,19,245.45
1786989600,138.8,138.81,138.79,138.81,138.49,136.64,,,,,,,,,,,,,,,,,,,,,,,,,,,,,,,,,,,,,,,,,,,,,,,,,,,,6,234.4
1786989660,138.8,138.81,138.785,138.81,138.49,136.64,,,,,,,,,,,,,,,,,,,,,,,,,,,,,,,,,,,,,,,,,,,,,,,,,,,,262,246.85
1786989780,138.86,138.86,138.83,138.84,138.49,136.64,,,,,,,,,,,,,,,,,,,,,,,,,,,,,,,,,,,,,,,,,,,,,,,,,,,,309,254.05
1786989840,138.87,138.87,138.87,138.87,138.49,136.64,,,,,,,,,,,,,,,,,,,,,,,,,,,,,,,,,,,,,,,,,,,,,,,,,,,,10,207.75
1786989900,138.88,138.935,138.88,138.935,138.49,136.64,,,,,,,,,,,,,,,,,,,,,,,,,,,,,,,,,,,,,,,,,,,,,,,,,,,,251,193.55
1786989960,138.97,138.97,138.88,138.88,138.49,136.64,,,,,,,,,,,,,,,,,,,,,,,,,,,,,,,,,,,,,,,,,,,,,,,,,,,,218,199.45
1786990080,138.97,139,138.97,138.98,138.49,136.64,,,,,,,,,,,,,,,,,,,,,,,,,,,,,,,,,,,,,,,,,,,,,,,,,,,,59,197.2
1786990140,138.93,138.97,138.93,138.97,138.49,136.64,,,,,,,,,,,,,,,,,,,,,,,,,,,,,,,,,,,,,,,,,,,,,,,,,,,,51,196.15
1786990200,139,139,138.96,138.96,138.49,136.64,,,,,,,,,,,,,,,,,,,,,,,,,,,,,,,,,,,,,,,,,,,,,,,,,,,,1207,245.6
1786990260,139,139.03,138.98,138.98,138.49,136.64,,,,,,,,,,,,,,,,,,,,,,,,,,,,,,,,,,,,,,,,,,,,,,,,,,,,2351,349.55
1786990320,138.97,138.98,138.97,138.98,138.49,136.64,,,,,,,,,,,,,,,,,,,,,,,,,,,,,,,,,,,,,,,,,,,,,,,,,,,,3,284.4
1786990380,138.97,139.01,138.97,139.01,138.49,136.64,,,,,,,,,,,,,,,,,,,,,,,,,,,,,,,,,,,,,,,,,,,,,,,,,,,,105,289.05
1786990440,139,139,139,139,138.49,136.64,,,,,,,,,,,,,,,,,,,,,,,,,,,,,,,,,,,,,,,,,,,,,,,,,,,,17,283.9
1786990500,139,139.04,139,139.04,138.49,136.64,,,,,,,,,,,,,,,,,,,,,,,,,,,,,,,,,,,,,,,,,,,,,,,,,,,,69,285.9
1786990560,139.01,139.04,139,139.04,138.49,136.64,,,,,,,,,,,,,,,,,,,,,,,,,,,,,,,,,,,,,,,,,,,,,,,,,,,,400,304.85
1786990620,139.06,139.11,139.06,139.11,138.49,136.64,,,,,,,,,,,,,,,,,,,,,,,,,,,,,,,,,,,,,,,,,,,,,,,,,,,,87,294.75
1786990680,139.07,139.08,139.07,139.07,138.49,136.64,,,,,,,,,,,,,,,,,,,,,,,,,,,,,,,,,,,,,,,,,,,,,,,,,,,,199,301.7
1786990740,139.08,139.08,139.03,139.03,138.49,136.64,,,,,,,,,,,,,,,,,,,,,,,,,,,,,,,,,,,,,,,,,,,,,,,,,,,,222,311.85
1786990800,139.015,139.15,139.015,139.04,138.49,136.64,,,,,,,,,,,,,,,,,,,,,,,,,,,,,,,,,,,,,,,,,,,,,,,,,,,,4025,493.5
1786990860,139.035,139.07,138.94,138.955,138.49,136.64,,,,,,,,,,,,,,,,,,,,,,,,,,,,,,,,,,,,,,,,,,,,,,,,,,,,1228,553.95
1786990920,138.92,138.96,138.9,138.9,138.49,136.64,,,,,,,,,,,,,,,,,,,,,,,,,,,,,,,,,,,,,,,,,,,,,,,,,,,,937,600.5
1786990980,138.905,138.905,138.83,138.85,138.49,136.64,,,,,,,,,,,,,,,,,,,,,,,,,,,,,,,,,,,,,,,,,,,,,,,,,,,,518,613.3
1786991040,138.81,138.83,138.81,138.83,138.49,136.64,,,,,,,,,,,,,,,,,,,,,,,,,,,,,,,,,,,,,,,,,,,,,,,,,,,,382,616.95
1786991100,138.81,138.81,138.81,138.81,138.49,136.64,,,,,,,,,,,,,,,,,,,,,,,,,,,,,,,,,,,,,,,,,,,,,,,,,,,,170,624.95
1786991160,138.8,138.81,138.8,138.8,138.49,136.64,,,,,,,,,,,,,,,,,,,,,,,,,,,,,,,,,,,,,,,,,,,,,,,,,,,,61,615.45
1786991220,138.83,138.85,138.83,138.85,138.49,136.64,,,,,,,,,,,,,,,,,,,,,,,,,,,,,,,,,,,,,,,,,,,,,,,,,,,,14,605.25
1786991280,138.9,138.9,138.86,138.86,138.49,136.64,,,,,,,,,,,,,,,,,,,,,,,,,,,,,,,,,,,,,,,,,,,,,,,,,,,,120,608.3
1786991340,138.855,138.87,138.85,138.85,138.49,136.64,,,,,,,,,,,,,,,,,,,,,,,,,,,,,,,,,,,,,,,,,,,,,,,,,,,,379,624.7
1786991400,138.87,138.87,138.76,138.76,138.49,136.64,,,,,,,,,,,,,,,,,,,,,,,,,,,,,,,,,,,,,,,,,,,,,,,,,,,,243,576.5
1786991460,138.74,138.75,138.74,138.75,138.49,136.64,,,,,,,,,,,,,,,,,,,,,,,,,,,,,,,,,,,,,,,,,,,,,,,,,,,,12,459.55
1786991520,138.74,138.76,138.72,138.72,138.49,136.64,,,,,,,,,,,,,,,,,,,,,,,,,,,,,,,,,,,,,,,,,,,,,,,,,,,,114,465.1
1786991580,138.72,138.76,138.71,138.76,138.49,136.64,,,,,,,,,,,,,,,,,,,,,,,,,,,,,,,,,,,,,,,,,,,,,,,,,,,,340,476.85
1786991640,138.79,138.79,138.75,138.75,138.49,136.64,,,,,,,,,,,,,,,,,,,,,,,,,,,,,,,,,,,,,,,,,,,,,,,,,,,,205,486.25
1786991700,138.78,138.79,138.78,138.79,138.49,136.64,,,,,,,,,,,,,,,,,,,,,,,,,,,,,,,,,,,,,,,,,,,,,,,,,,,,2,482.9
1786991760,138.83,138.83,138.83,138.83,138.49,136.64,,,,,,,,,,,,,,,,,,,,,,,,,,,,,,,,,,,,,,,,,,,,,,,,,,,,13,463.55
1786991820,138.845,138.85,138.83,138.83,138.49,136.64,,,,,,,,,,,,,,,,,,,,,,,,,,,,,,,,,,,,,,,,,,,,,,,,,,,,209,469.65
1786991880,138.88,138.9,138.84,138.84,138.49,136.64,,,,,,,,,,,,,,,,,,,,,,,,,,,,,,,,,,,,,,,,,,,,,,,,,,,,248,472.1
1786991940,138.87,138.87,138.86,138.87,138.49,136.64,,,,,,,,,,,,,,,,,,,,,,,,,,,,,,,,,,,,,,,,,,,,,,,,,,,,131,467.55
1786992000,138.86,138.86,138.86,138.86,138.49,136.64,,,,,,,,,,,,,,,,,,,,,,,,,,,,,,,,,,,,,,,,,,,,,,,,,,,,39,268.25
1786992060,138.81,138.81,138.78,138.78,138.49,136.64,,,,,,,,,,,,,,,,,,,,,,,,,,,,,,,,,,,,,,,,,,,,,,,,,,,,177,215.7
1786992120,138.78,138.82,138.77,138.82,138.49,136.64,,,,,,,,,,,,,,,,,,,,,,,,,,,,,,,,,,,,,,,,,,,,,,,,,,,,249,181.3
1786992180,138.81,138.81,138.785,138.785,138.49,136.64,,,,,,,,,,,,,,,,,,,,,,,,,,,,,,,,,,,,,,,,,,,,,,,,,,,,3,155.55
1786992240,138.81,138.81,138.81,138.81,138.49,136.64,,,,,,,,,,,,,,,,,,,,,,,,,,,,,,,,,,,,,,,,,,,,,,,,,,,,1,136.5
1786992300,138.78,138.78,138.74,138.74,138.49,136.64,,,,,,,,,,,,,,,,,,,,,,,,,,,,,,,,,,,,,,,,,,,,,,,,,,,,1069,181.45
1786992360,138.74,138.75,138.68,138.68,138.49,136.64,,,,,,,,,,,,,,,,,,,,,,,,,,,,,,,,,,,,,,,,,,,,,,,,,,,,426,199.7
1786992420,138.68,138.725,138.66,138.675,138.49,136.64,,,,,,,,,,,,,,,,,,,,,,,,,,,,,,,,,,,,,,,,,,,,,,,,,,,,249,211.45
1786992480,138.68,138.77,138.68,138.77,138.49,136.64,,,,,,,,,,,,,,,,,,,,,,,,,,,,,,,,,,,,,,,,,,,,,,,,,,,,456,228.25
1786992540,138.77,138.77,138.72,138.72,138.49,136.64,,,,,,,,,,,,,,,,,,,,,,,,,,,,,,,,,,,,,,,,,,,,,,,,,,,,72,212.9
1786992600,138.715,138.72,138.715,138.72,138.49,136.64,,,,,,,,,,,,,,,,,,,,,,,,,,,,,,,,,,,,,,,,,,,,,,,,,,,,166,209.05
1786992660,138.7,138.7,138.57,138.57,138.49,136.64,,,,,,,,,,,,,,,,,,,,,,,,,,,,,,,,,,,,,,,,,,,,,,,,,,,,756,246.25
1786992720,138.58,138.6,138.57,138.57,138.49,136.64,,,,,,,,,,,,,,,,,,,,,,,,,,,,,,,,,,,,,,,,,,,,,,,,,,,,431,262.1
1786992780,138.54,138.56,138.54,138.56,138.49,136.64,,,,,,,,,,,,,,,,,,,,,,,,,,,,,,,,,,,,,,,,,,,,,,,,,,,,26,246.4
1786992840,138.57,138.58,138.57,138.58,138.49,136.64,,,,,,,,,,,,,,,,,,,,,,,,,,,,,,,,,,,,,,,,,,,,,,,,,,,,29,237.6
1786992900,138.61,138.62,138.61,138.62,138.49,136.64,,,,,,,,,,,,,,,,,,,,,,,,,,,,,,,,,,,,,,,,,,,,,,,,,,,,22,238.6
1786993020,138.62,138.62,138.62,138.62,138.49,136.64,,,,,,,,,,,,,,,,,,,,,,,,,,,,,,,,,,,,,,,,,,,,,,,,,,,,1,238
1786993080,138.61,138.61,138.58,138.59,138.49,136.64,,,,,,,,,,,,,,,,,,,,,,,,,,,,,,,,,,,,,,,,,,,,,,,,,,,,49,230
1786993140,138.57,138.57,138.52,138.52,138.49,136.64,,,,,,,,,,,,,,,,,,,,,,,,,,,,,,,,,,,,,,,,,,,,,,,,,,,,96,222.4
1786993200,138.55,138.59,138.53,138.59,138.49,136.64,,,,,,,,,,,,,,,,,,,,,,,,,,,,,,,,,,,,,,,,,,,,,,,,,,,,343,233
1786993260,138.57,138.63,138.57,138.62,138.49,136.64,,,,,,,,,,,,,,,,,,,,,,,,,,,,,,,,,,,,,,,,,,,,,,,,,,,,82,235.15
1786993320,138.6,138.6,138.55,138.55,138.49,136.64,,,,,,,,,,,,,,,,,,,,,,,,,,,,,,,,,,,,,,,,,,,,,,,,,,,,562,254.4
1786993380,138.57,138.58,138.57,138.57,138.49,136.64,,,,,,,,,,,,,,,,,,,,,,,,,,,,,,,,,,,,,,,,,,,,,,,,,,,,102,247.05
1786993440,138.59,138.68,138.58,138.68,138.49,136.64,,,,,,,,,,,,,,,,,,,,,,,,,,,,,,,,,,,,,,,,,,,,,,,,,,,,342,264
1786993500,138.69,138.7,138.62,138.62,138.49,136.64,,,,,,,,,,,,,,,,,,,,,,,,,,,,,,,,,,,,,,,,,,,,,,,,,,,,402,284.05
1786993560,138.615,138.67,138.61,138.65,138.49,136.64,,,,,,,,,,,,,,,,,,,,,,,,,,,,,,,,,,,,,,,,,,,,,,,,,,,,636,262.4
1786993620,138.64,138.64,138.64,138.64,138.49,136.64,,,,,,,,,,,,,,,,,,,,,,,,,,,,,,,,,,,,,,,,,,,,,,,,,,,,49,243.55
1786993680,138.615,138.735,138.615,138.695,138.49,136.64,,,,,,,,,,,,,,,,,,,,,,,,,,,,,,,,,,,,,,,,,,,,,,,,,,,,4376,449.9
1786993740,138.705,138.71,138.665,138.665,138.49,136.64,,,,,,,,,,,,,,,,,,,,,,,,,,,,,,,,,,,,,,,,,,,,,,,,,,,,1309,492.55
1786993800,138.65,138.69,138.65,138.69,138.49,136.64,,,,,,,,,,,,,,,,,,,,,,,,,,,,,,,,,,,,,,,,,,,,,,,,,,,,174,497.65
1786993860,138.7,138.71,138.69,138.71,138.49,136.64,,,,,,,,,,,,,,,,,,,,,,,,,,,,,,,,,,,,,,,,,,,,,,,,,,,,580,518.35
1786993920,138.74,138.81,138.73,138.8,138.49,136.64,,,,,,,,,,,,,,,,,,,,,,,,,,,,,,,,,,,,,,,,,,,,,,,,,,,,611,511.1
1786993980,138.82,138.87,138.82,138.87,138.49,136.64,,,,,,,,,,,,,,,,,,,,,,,,,,,,,,,,,,,,,,,,,,,,,,,,,,,,275,503.3
1786994040,138.9,138.9,138.9,138.9,138.49,136.64,,,,,,,,,,,,,,,,,,,,,,,,,,,,,,,,,,,,,,,,,,,,,,,,,,,,15,502.75
1786994100,138.96,138.975,138.88,138.88,138.49,136.64,,,,,,,,,,,,,,,,,,,,,,,,,,,,,,,,,,,,,,,,,,,,,,,,,,,,775,540.05
1786994160,138.82,138.82,138.81,138.81,138.49,136.64,,,,,,,,,,,,,,,,,,,,,,,,,,,,,,,,,,,,,,,,,,,,,,,,,,,,150,546.45
1786994220,138.83,138.83,138.82,138.82,138.49,136.64,,,,,,,,,,,,,,,,,,,,,,,,,,,,,,,,,,,,,,,,,,,,,,,,,,,,344,563.6
1786994280,138.8,138.83,138.785,138.83,138.49,136.64,,,,,,,,,,,,,,,,,,,,,,,,,,,,,,,,,,,,,,,,,,,,,,,,,,,,601,591.2
1786994340,138.84,138.92,138.84,138.92,138.49,136.64,,,,,,,,,,,,,,,,,,,,,,,,,,,,,,,,,,,,,,,,,,,,,,,,,,,,179,595.35
1786994400,138.94,139.01,138.94,138.98,138.49,136.64,,,,,,,,,,,,,,,,,,,,,,,,,,,,,,,,,,,,,,,,,,,,,,,,,,,,995,627.95
1786994460,138.99,139.04,138.99,139.04,138.49,136.64,,,,,,,,,,,,,,,,,,,,,,,,,,,,,,,,,,,,,,,,,,,,,,,,,,,,598,653.75
1786994520,139.02,139.02,138.96,138.96,138.49,136.64,,,,,,,,,,,,,,,,,,,,,,,,,,,,,,,,,,,,,,,,,,,,,,,,,,,,277,639.5
1786994580,138.97,138.97,138.89,138.9,138.49,136.64,,,,,,,,,,,,,,,,,,,,,,,,,,,,,,,,,,,,,,,,,,,,,,,,,,,,410,654.9
1786994640,138.88,138.88,138.83,138.83,138.49,136.64,,,,,,,,,,,,,,,,,,,,,,,,,,,,,,,,,,,,,,,,,,,,,,,,,,,,247,650.15
1786994700,138.84,138.86,138.805,138.83,138.49,136.64,,,,,,,,,,,,,,,,,,,,,,,,,,,,,,,,,,,,,,,,,,,,,,,,,,,,629,661.5
1786994760,138.825,138.825,138.81,138.81,138.49,136.64,,,,,,,,,,,,,,,,,,,,,,,,,,,,,,,,,,,,,,,,,,,,,,,,,,,,107,635.05
1786994820,138.81,138.9,138.81,138.9,138.49,136.64,,,,,,,,,,,,,,,,,,,,,,,,,,,,,,,,,,,,,,,,,,,,,,,,,,,,352,650.2
1786994880,138.905,138.905,138.86,138.86,138.49,136.64,,,,,,,,,,,,,,,,,,,,,,,,,,,,,,,,,,,,,,,,,,,,,,,,,,,,959,479.35
1786994940,138.885,138.955,138.885,138.95,138.49,136.64,,,,,,,,,,,,,,,,,,,,,,,,,,,,,,,,,,,,,,,,,,,,,,,,,,,,490,438.4
1786995000,138.96,138.96,138.95,138.96,138.49,136.64,,,,,,,,,,,,,,,,,,,,,,,,,,,,,,,,,,,,,,,,,,,,,,,,,,,,139,436.65
1786995060,138.96,138.96,138.92,138.92,138.49,136.64,,,,,,,,,,,,,,,,,,,,,,,,,,,,,,,,,,,,,,,,,,,,,,,,,,,,837,449.5
1786995120,138.92,138.94,138.89,138.89,138.49,136.64,,,,,,,,,,,,,,,,,,,,,,,,,,,,,,,,,,,,,,,,,,,,,,,,,,,,692,453.55
1786995180,138.88,138.95,138.88,138.92,138.49,136.64,,,,,,,,,,,,,,,,,,,,,,,,,,,,,,,,,,,,,,,,,,,,,,,,,,,,525,466.05
1786995240,138.95,138.97,138.93,138.97,138.49,136.64,,,,,,,,,,,,,,,,,,,,,,,,,,,,,,,,,,,,,,,,,,,,,,,,,,,,447,487.65
1786995300,138.96,138.98,138.91,138.91,138.49,136.64,,,,,,,,,,,,,,,,,,,,,,,,,,,,,,,,,,,,,,,,,,,,,,,,,,,,177,457.75
1786995360,138.9,138.92,138.87,138.87,138.49,136.64,,,,,,,,,,,,,,,,,,,,,,,,,,,,,,,,,,,,,,,,,,,,,,,,,,,,448,472.65
1786995420,138.86,138.86,138.825,138.825,138.49,136.64,,,,,,,,,,,,,,,,,,,,,,,,,,,,,,,,,,,,,,,,,,,,,,,,,,,,175,464.2
1786995480,138.83,138.85,138.82,138.85,138.49,136.64,,,,,,,,,,,,,,,,,,,,,,,,,,,,,,,,,,,,,,,,,,,,,,,,,,,,217,445
1786995540,138.87,138.9,138.87,138.88,138.49,136.64,,,,,,,,,,,,,,,,,,,,,,,,,,,,,,,,,,,,,,,,,,,,,,,,,,,,341,453.1
1786995600,138.88,138.89,138.85,138.89,138.49,136.64,,,,,,,,,,,,,,,,,,,,,,,,,,,,,,,,,,,,,,,,,,,,,,,,,,,,158,411.25
1786995660,138.885,138.92,138.88,138.88,138.49,136.64,,,,,,,,,,,,,,,,,,,,,,,,,,,,,,,,,,,,,,,,,,,,,,,,,,,,900,426.35
1786995720,138.87,138.905,138.86,138.905,138.49,136.64,,,,,,,,,,,,,,,,,,,,,,,,,,,,,,,,,,,,,,,,,,,,,,,,,,,,402,432.6
1786995780,138.97,138.98,138.93,138.95,138.49,136.64,,,,,,,,,,,,,,,,,,,,,,,,,,,,,,,,,,,,,,,,,,,,,,,,,,,,152,419.7
1786995840,138.945,138.97,138.945,138.96,138.49,136.64,,,,,,,,,,,,,,,,,,,,,,,,,,,,,,,,,,,,,,,,,,,,,,,,,,,,793,447
1786995900,138.95,138.95,138.92,138.93,138.49,136.64,,,,,,,,,,,,,,,,,,,,,,,,,,,,,,,,,,,,,,,,,,,,,,,,,,,,545,442.8
1786995960,138.93,138.96,138.93,138.95,138.49,136.64,,,,,,,,,,,,,,,,,,,,,,,,,,,,,,,,,,,,,,,,,,,,,,,,,,,,373,456.1
1786996020,138.95,138.965,138.92,138.965,138.49,136.64,,,,,,,,,,,,,,,,,,,,,,,,,,,,,,,,,,,,,,,,,,,,,,,,,,,,504,463.7
1786996080,138.95,138.96,138.89,138.94,138.49,136.64,,,,,,,,,,,,,,,,,,,,,,,,,,,,,,,,,,,,,,,,,,,,,,,,,,,,1543,492.9
1786996140,138.92,138.98,138.92,138.96,138.49,136.64,,,,,,,,,,,,,,,,,,,,,,,,,,,,,,,,,,,,,,,,,,,,,,,,,,,,727,504.75
1786996200,138.95,139.05,138.9,139.05,138.49,136.64,,,,,,,,,,,,,,,,,,,,,,,,,,,,,,,,,,,,,,,,,,,,,,,,,,,,1893,592.45
1786996260,139.07,139.11,139.065,139.08,138.49,136.64,,,,,,,,,,,,,,,,,,,,,,,,,,,,,,,,,,,,,,,,,,,,,,,,,,,,1200,610.6
1786996320,139.06,139.09,139,139.03,138.49,136.64,,,,,,,,,,,,,,,,,,,,,,,,,,,,,,,,,,,,,,,,,,,,,,,,,,,,1199,635.95
1786996380,139.02,139.12,139.01,139.09,138.49,136.64,,,,,,,,,,,,,,,,,,,,,,,,,,,,,,,,,,,,,,,,,,,,,,,,,,,,2730,746.2
1786996440,139.1,139.16,138.9,138.9,138.49,136.64,,,,,,,,,,,,,,,,,,,,,,,,,,,,,,,,,,,,,,,,,,,,,,,,,,,,3414,894.55
1786996500,138.92,139.1,138.92,139.02,138.49,136.64,,,,,,,,,,,,,,,,,,,,,,,,,,,,,,,,,,,,,,,,,,,,,,,,,,,,3680,1069.7
1786996560,139.01,139.02,138.96,138.98,138.49,136.64,,,,,,,,,,,,,,,,,,,,,,,,,,,,,,,,,,,,,,,,,,,,,,,,,,,,1121,1103.35
1786996620,138.95,139,138.83,138.85,138.49,136.64,,,,,,,,,,,,,,,,,,,,,,,,,,,,,,,,,,,,,,,,,,,,,,,,,,,,2690,1229.1
1786996680,138.83,138.9,138.8,138.9,138.49,136.64,,,,,,,,,,,,,,,,,,,,,,,,,,,,,,,,,,,,,,,,,,,,,,,,,,,,13013,1868.9
1786996740,138.92,138.95,138.89,138.94,138.49,136.64,,,1,20,1,1786975980000,138.57,138.49,136.64,1.8500000000000227,0.18958505019370647,0.6567078011113493,0.17319766183155133,1,1786976100000,2,0,,,,0,0,0,0,0,,,,0,0,0,0,0,,,,0,0,0,0,0,,,,0,0,0,0,,-1,20,7812,2242.45
1787059800,140.84,140.84,139.77,140.05,140.84,139.77,,,,,,,,,,,,,,,,,,,,,,,,,,,,,,,,,,,,,,,,,,,,,,,,,,,,6178,2543.45
1787059860,140.115,140.41,140.115,140.32,140.84,139.77,,,,,,,,,,,,,,,,,,,,,,,,,,,,,,,,,,,,,,,,,,,,,,,,,,,,2459,2621.4
1787059920,140.47,140.61,139.88,139.88,140.84,139.77,,,,,,,,,,,,,,,,,,,,,,,,,,,,,,,,,,,,,,,,,,,,,,,,,,,,1869,2694.75
1787059980,139.84,140.38,139.76,140.38,140.84,139.76,,,,,,,,,,,,,,,,,,,,,,,,,,,,,,,,,,,,,,,,,,,,,,,,,,,,2465,2810.4
1787060040,140.36,140.62,140.1,140.1,140.84,139.76,,,,,,,,,,,,,,,,,,,,,,,,,,,,,,,,,,,,,,,,,,,,,,,,,,,,2831,2912.3
1787060100,139.975,140.23,139.85,139.91,140.84,139.76,,,,,,,,,,,,,,,,,,,,,,,,,,,,,,,,,,,,,,,,,,,,,,,,,,,,2937,3031.9
1787060160,140.19,140.41,140.12,140.17,140.84,139.76,,,,,,,,,,,,,,,,,,,,,,,,,,,,,,,,,,,,,,,,,,,,,,,,,,,,439,3035.2
1787060220,140.205,140.205,139.99,140.13,140.84,139.76,,,,,,,,,,,,,,,,,,,,,,,,,,,,,,,,,,,,,,,,,,,,,,,,,,,,1507,3085.35
1787060280,140.19,140.19,139.91,139.91,140.84,139.76,,,,,,,,,,,,,,,,,,,,,,,,,,,,,,,,,,,,,,,,,,,,,,,,,,,,1097,3063.05
1787060340,139.9,139.94,139.575,139.64,140.84,139.575,,,,,,,,,,,,,,,,,,,,,,,,,,,,,,,,,,,,,,,,,,,,,,,,,,,,1690,3111.2
1787060400,139.67,139.9,139.67,139.84,140.84,139.575,,,,,,,,,,,,,,,,,,,,,,,,,,,,,,,,,,,,,,,,,,,,,,,,,,,,1145,3073.8
1787060460,139.75,140.105,139.745,140.105,140.84,139.575,,,,,,,,,,,,,,,,,,,,,,,,,,,,,,,,,,,,,,,,,,,,,,,,,,,,1007,3064.15
1787060520,140.01,140.33,139.95,140.33,140.84,139.575,,,,,,,,,,,,,,,,,,,,,,,,,,,,,,,,,,,,,,,,,,,,,,,,,,,,971,3052.75
1787060580,140.4,140.52,140.4,140.4,140.84,139.575,,,,,,,,,,,,,,,,,,,,,,,,,,,,,,,,,,,,,,,,,,,,,,,,,,,,555,2944
1787060640,140.35,140.68,140.29,140.65,140.84,139.575,,,,,,,,,,,,,,,,,,,,,,,,,,,,,,,,,,,,,,,,,,,,,,,,,,,,1165,2831.55
1787060700,140.69,140.95,140.69,140.85,140.84,139.575,,,,,,,,,,,,,,,,,,,,,,,,,,,,,,,,,,,,,,,,,,,,,,,,,,,,644,2679.75
1787060760,140.77,141.24,140.7,141.21,140.84,139.575,,,,,,,,,,,,,,,,,,,,,,,,,,,,,,,,,,,,,,,,,,,,,,,,,,,,8150,3031.2
1787060820,141.29,141.42,141.29,141.41,140.84,139.575,,,,,,,,,,,,,,,,,,,,,,,,,,,,,,,,,,,,,,,,,,,,,,,,,,,,175,2905.45
1787060880,141.41,141.48,141.28,141.48,140.84,139.575,,,,,,,,,,,,,,,,,,,,,,,,,,,,,,,,,,,,,,,,,,,,,,,,,,,,1013,2305.45
1787060940,141.44,141.5,141.26,141.48,140.84,139.575,,,,,,,,,,,,,,,,,,,,,,,,,,,,,,,,,,,,,,,,,,,,,,,,,,,,320,1930.85
1787061000,141.48,141.5,141.3,141.42,140.84,139.575,,,,,,,,,,,,,,,,,,,,,,,,,,,,,,,,,,,,,,,,,,,,,,,,,,,,1121,1678
1787061060,141.35,141.52,141.35,141.51,140.84,139.575,,,,,,,,,,,,,,,,,,,,,,,,,,,,,,,,,,,,,,,,,,,,,,,,,,,,597,1584.9
1787061120,141.47,141.48,141.27,141.27,140.84,139.575,,,,,,,,,,,,,,,,,,,,,,,,,,,,,,,,,,,,,,,,,,,,,,,,,,,,1911,1587
1787061180,141.315,141.39,141.29,141.35,140.84,139.575,,,,,,,,,,,,,,,,,,,,,,,,,,,,,,,,,,,,,,,,,,,,,,,,,,,,1498,1538.65
1787061240,141.36,141.79,141.36,141.76,140.84,139.575,,,,,,,,,,,,,,,,,,,,,,,,,,,,,,,,,,,,,,,,,,,,,,,,,,,,1666,1480.4
1787061300,141.77,141.98,141.77,141.84,140.84,139.575,,,,,,,,,,,,,,,,,,,,,,,,,,,,,,,,,,,,,,,,,,,,,,,,,,,,723,1369.7
1787061360,141.77,141.93,141.71,141.72,140.84,139.575,,,,,,,,,,,,,,,,,,,,,,,,,,,,,,,,,,,,,,,,,,,,,,,,,,,,709,1383.2
1787061420,141.69,141.9,141.69,141.9,140.84,139.575,,,,,,,,,,,,,,,,,,,,,,,,,,,,,,,,,,,,,,,,,,,,,,,,,,,,407,1328.2
1787061480,141.9,142,141.89,141.98,140.84,139.575,,,,,,,,,,,,,,,,,,,,,,,,,,,,,,,,,,,,,,,,,,,,,,,,,,,,2372,1391.95
1787061540,141.87,141.87,141.79,141.83,140.84,139.575,,,,,,,,,,,,,,,,,,,,,,,,,,,,,,,,,,,,,,,,,,,,,,,,,,,,558,1335.35
1787061600,141.8,141.89,141.73,141.73,140.84,139.575,,,,,,,,,,,,,,,,,,,,,,,,,,,,,,,,,,,,,,,,,,,,,,,,,,,,1474,1351.8
1787061660,141.76,141.905,141.67,141.67,140.84,139.575,,,,,,,,,,,,,,,,,,,,,,,,,,,,,,,,,,,,,,,,,,,,,,,,,,,,945,1348.7
1787061720,141.69,141.78,141.61,141.61,140.84,139.575,,,,,,,,,,,,,,,,,,,,,,,,,,,,,,,,,,,,,,,,,,,,,,,,,,,,1225,1361.4
1787061780,141.57,141.76,141.51,141.645,140.84,139.575,,,,,,,,,,,,,,,,,,,,,,,,,,,,,,,,,,,,,,,,,,,,,,,,,,,,1072,1387.25
1787061840,141.69,141.8,141.64,141.67,140.84,139.575,,,,,,,,,,,,,,,,,,,,,,,,,,,,,,,,,,,,,,,,,,,,,,,,,,,,974,1377.7
1787061900,141.775,141.97,141.775,141.78,140.84,139.575,,,,,,,,,,,,,,,,,,,,,,,,,,,,,,,,,,,,,,,,,,,,,,,,,,,,938,1392.4
1787061960,141.8,141.87,141.72,141.87,140.84,139.575,,,,,,,,,,,,,,,,,,,,,,,,,,,,,,,,,,,,,,,,,,,,,,,,,,,,416,1005.7
1787062020,141.845,141.85,141.71,141.85,140.84,139.575,,,,,,,,,,,,,,,,,,,,,,,,,,,,,,,,,,,,,,,,,,,,,,,,,,,,1227,1058.3
1787062080,141.87,141.89,141.79,141.81,140.84,139.575,,,,,,,,,,,,,,,,,,,,,,,,,,,,,,,,,,,,,,,,,,,,,,,,,,,,97,1012.5
1787062140,141.845,142.11,141.845,141.99,140.84,139.575,,,,,,,,,,,,,,,,,,,,,,,,,,,,,,,,,,,,,,,,,,,,,,,,,,,,1464,1069.7
1787062200,142.045,142.25,142.045,142.06,140.84,139.575,,,,,,,,,,,,,,,,,,,,,,,,,,,,,,,,,,,,,,,,,,,,,,,,,,,,1093,1068.3
1787062260,142.08,142.2,142.05,142.18,140.84,139.575,,,,,,,,,,,,,,,,,,,,,,,,,,,,,,,,,,,,,,,,,,,,,,,,,,,,1467,1111.8
1787062320,142.1,142.1,142.03,142.08,140.84,139.575,,,,,,,,,,,,,,,,,,,,,,,,,,,,,,,,,,,,,,,,,,,,,,,,,,,,1200,1076.25
1787062380,142.075,142.34,142.075,142.28,140.84,139.575,,,,,,,,,,,,,,,,,,,,,,,,,,,,,,,,,,,,,,,,,,,,,,,,,,,,1533,1078
1787062440,142.21,142.305,142.17,142.17,140.84,139.575,,,,,,,,,,,,,,,,,,,,,,,,,,,,,,,,,,,,,,,,,,,,,,,,,,,,2074,1098.4
1787062500,142.21,142.31,142.14,142.17,140.84,139.575,,,,,,,,,,,,,,,,,,,,,,,,,,,,,,,,,,,,,,,,,,,,,,,,,,,,981,1111.3
1787062560,142.13,142.315,142.04,142.3,140.84,139.575,,,,,,,,,,,,,,,,,,,,,,,,,,,,,,,,,,,,,,,,,,,,,,,,,,,,732,1112.45
1787062620,142.26,142.31,142.18,142.18,140.84,139.575,,,,,,,,,,,,,,,,,,,,,,,,,,,,,,,,,,,,,,,,,,,,,,,,,,,,960,1140.1
1787062680,142.14,142.3,142,142.295,140.84,139.575,,,,,,,,,,,,,,,,,,,,,,,,,,,,,,,,,,,,,,,,,,,,,,,,,,,,1278,1085.4
1787062740,142.31,142.45,142.31,142.45,140.84,139.575,,,,,,,,,,,,,,,,,,,,,,,,,,,,,,,,,,,,,,,,,,,,,,,,,,,,544,1084.7
1787062800,142.47,142.5,142.33,142.33,140.84,139.575,,,,,,,,,,,,,,,,,,,,,,,,,,,,,,,,,,,,,,,,,,,,,,,,,,,,1531,1087.55
1787062860,142.3,142.41,142.22,142.34,140.84,139.575,,,,,,,,,,,,,,,,,,,,,,,,,,,,,,,,,,,,,,,,,,,,,,,,,,,,1238,1102.2
1787062920,142.36,142.42,142.19,142.25,140.84,139.575,,,,,,,,,,,,,,,,,,,,,,,,,,,,,,,,,,,,,,,,,,,,,,,,,,,,930,1087.45
1787062980,142.275,142.275,142.24,142.24,140.84,139.575,,,,,,,,,,,,,,,,,,,,,,,,,,,,,,,,,,,,,,,,,,,,,,,,,,,,556,1061.65
1787063040,142.28,142.33,142.16,142.18,140.84,139.575,,,,,,,,,,,,,,,,,,,,,,,,,,,,,,,,,,,,,,,,,,,,,,,,,,,,623,1044.1
1787063100,142.15,142.15,142.11,142.13,140.84,139.575,,,,,,,,,,,,,,,,,,,,,,,,,,,,,,,,,,,,,,,,,,,,,,,,,,,,281,1011.25
1787063160,142.07,142.11,141.99,142.07,140.84,139.575,,,,,,,,,,,,,,,,,,,,,,,,,,,,,,,,,,,,,,,,,,,,,,,,,,,,2716,1126.25
1787063220,142.07,142.095,142.01,142.09,140.84,139.575,,,,,,,,,,,,,,,,,,,,,,,,,,,,,,,,,,,,,,,,,,,,,,,,,,,,252,1077.5
1787063280,142.04,142.06,142.02,142.06,140.84,139.575,,,,,,,,,,,,,,,,,,,,,,,,,,,,,,,,,,,,,,,,,,,,,,,,,,,,175,1081.4
1787063340,142.08,142.2,142.08,142.19,140.84,139.575,,,,,,,,,,,,,,,,,,,,,,,,,,,,,,,,,,,,,,,,,,,,,,,,,,,,1059,1061.15
1787063400,142.2,142.29,142.05,142.29,140.84,139.575,,,,,,,,,,,,,,,,,,,,,,,,,,,,,,,,,,,,,,,,,,,,,,,,,,,,1679,1090.45
1787063460,142.21,142.28,142.17,142.215,140.84,139.575,,,,,,,,,,,,,,,,,,,,,,,,,,,,,,,,,,,,,,,,,,,,,,,,,,,,476,1040.9
1787063520,142.18,142.2,142.155,142.19,140.84,139.575,,,,,,,,,,,,,,,,,,,,,,,,,,,,,,,,,,,,,,,,,,,,,,,,,,,,898,1025.8
1787063580,142.22,142.33,142.22,142.28,140.84,139.575,,,,,,,,,,,,,,,,,,,,,,,,,,,,,,,,,,,,,,,,,,,,,,,,,,,,501,974.2
1787063640,142.23,142.37,142.23,142.37,140.84,139.575,,,,,,,,,,,,,,,,,,,,,,,,,,,,,,,,,,,,,,,,,,,,,,,,,,,,317,886.35
1787063700,142.31,142.31,142.16,142.17,140.84,139.575,,,,,,,,,,,,,,,,,,,,,,,,,,,,,,,,,,,,,,,,,,,,,,,,,,,,1304,902.5
1787063760,142.16,142.19,142.11,142.18,140.84,139.575,,,,,,,,,,,,,,,,,,,,,,,,,,,,,,,,,,,,,,,,,,,,,,,,,,,,1063,919.05
1787063820,142.21,142.21,142.05,142.15,140.84,139.575,,,,,,,,,,,,,,,,,,,,,,,,,,,,,,,,,,,,,,,,,,,,,,,,,,,,1401,941.1
1787063880,142.13,142.25,142.13,142.25,140.84,139.575,,,,,,,,,,,,,,,,,,,,,,,,,,,,,,,,,,,,,,,,,,,,,,,,,,,,325,893.45
1787063940,142.31,142.38,142.31,142.35,140.84,139.575,,,,,,,,,,,,,,,,,,,,,,,,,,,,,,,,,,,,,,,,,,,,,,,,,,,,770,904.75
1787064000,142.34,142.45,142.34,142.44,140.84,139.575,,,,,,,,,,,,,,,,,,,,,,,,,,,,,,,,,,,,,,,,,,,,,,,,,,,,447,850.55
1787064060,142.43,142.59,142.43,142.59,140.84,139.575,,,,,,,,,,,,,,,,,,,,,,,,,,,,,,,,,,,,,,,,,,,,,,,,,,,,970,837.15
1787064120,142.54,142.63,142.505,142.63,140.84,139.575,,,,,,,,,,,,,,,,,,,,,,,,,,,,,,,,,,,,,,,,,,,,,,,,,,,,1548,868.05
1787064180,142.715,142.75,142.65,142.74,140.84,139.575,,,,,,,,,,,,,,,,,,,,,,,,,,,,,,,,,,,,,,,,,,,,,,,,,,,,1497,915.1
1787064240,142.74,142.87,142.74,142.87,140.84,139.575,,,,,,,,,,,,,,,,,,,,,,,,,,,,,,,,,,,,,,,,,,,,,,,,,,,,906,929.25
1787064300,142.835,142.86,142.66,142.66,140.84,139.575,,,,,,,,,,,,,,,,,,,,,,,,,,,,,,,,,,,,,,,,,,,,,,,,,,,,1653,997.85
1787064360,142.72,142.75,142.7,142.75,140.84,139.575,,,,,,,,,,,,,,,,,,,,,,,,,,,,,,,,,,,,,,,,,,,,,,,,,,,,565,890.3
1787064420,142.7,142.74,142.68,142.73,140.84,139.575,,,,,,,,,,,,,,,,,,,,,,,,,,,,,,,,,,,,,,,,,,,,,,,,,,,,622,908.8
1787064480,142.68,142.68,142.57,142.61,140.84,139.575,,,,,,,,,,,,,,,,,,,,,,,,,,,,,,,,,,,,,,,,,,,,,,,,,,,,725,936.3
1787064540,142.63,142.63,142.57,142.585,140.84,139.575,,,,,,,,,,,,,,,,,,,,,,,,,,,,,,,,,,,,,,,,,,,,,,,,,,,,373,902
1787064600,142.56,142.64,142.56,142.56,140.84,139.575,,,,,,,,,,,,,,,,,,,,,,,,,,,,,,,,,,,,,,,,,,,,,,,,,,,,1097,872.9
1787064660,142.55,142.73,142.55,142.73,140.84,139.575,,,,,,,,,,,,,,,,,,,,,,,,,,,,,,,,,,,,,,,,,,,,,,,,,,,,235,860.85
1787064720,142.75,142.76,142.57,142.65,140.84,139.575,,,,,,,,,,,,,,,,,,,,,,,,,,,,,,,,,,,,,,,,,,,,,,,,,,,,745,853.2
1787064780,142.63,142.65,142.51,142.51,140.84,139.575,,,,,,,,,,,,,,,,,,,,,,,,,,,,,,,,,,,,,,,,,,,,,,,,,,,,724,864.35
1787064840,142.47,142.55,142.375,142.55,140.84,139.575,,,,,,,,,,,,,,,,,,,,,,,,,,,,,,,,,,,,,,,,,,,,,,,,,,,,537,875.35
1787064900,142.55,142.56,142.44,142.44,140.84,139.575,,,,,,,,,,,,,,,,,,,,,,,,,,,,,,,,,,,,,,,,,,,,,,,,,,,,988,859.55
1787064960,142.46,142.48,142.44,142.46,140.84,139.575,,,,,,,,,,,,,,,,,,,,,,,,,,,,,,,,,,,,,,,,,,,,,,,,,,,,310,821.9
1787065020,142.52,142.52,142.47,142.52,140.84,139.575,,,,,,,,,,,,,,,,,,,,,,,,,,,,,,,,,,,,,,,,,,,,,,,,,,,,124,758.05
1787065080,142.53,142.53,142.49,142.49,140.84,139.575,,,,,,,,,,,,,,,,,,,,,,,,,,,,,,,,,,,,,,,,,,,,,,,,,,,,200,751.8
1787065140,142.48,142.65,142.48,142.56,140.84,139.575,,,,,,,,,,,,,,,,,,,,,,,,,,,,,,,,,,,,,,,,,,,,,,,,,,,,499,738.25
1787065200,142.55,142.57,142.51,142.57,140.84,139.575,,,,,,,,,,,,,,,,,,,,,,,,,,,,,,,,,,,,,,,,,,,,,,,,,,,,353,733.55
1787065260,142.55,142.6,142.53,142.53,140.84,139.575,,,,,,,,,,,,,,,,,,,,,,,,,,,,,,,,,,,,,,,,,,,,,,,,,,,,1172,743.65
1787065320,142.56,142.61,142.56,142.61,140.84,139.575,,,,,,,,,,,,,,,,,,,,,,,,,,,,,,,,,,,,,,,,,,,,,,,,,,,,169,674.7
1787065380,142.6,142.76,142.57,142.76,140.84,139.575,,,,,,,,,,,,,,,,,,,,,,,,,,,,,,,,,,,,,,,,,,,,,,,,,,,,406,620.15
1787065440,142.78,142.8,142.75,142.76,140.84,139.575,,,,,,,,,,,,,,,,,,,,,,,,,,,,,,,,,,,,,,,,,,,,,,,,,,,,631,606.4
1787065500,142.78,142.865,142.76,142.79,140.84,139.575,,,,,,,,,,,,,,,,,,,,,,,,,,,,,,,,,,,,,,,,,,,,,,,,,,,,1208,584.15
1787065560,142.74,142.77,142.69,142.725,140.84,139.575,,,,,,,,,,,,,,,,,,,,,,,,,,,,,,,,,,,,,,,,,,,,,,,,,,,,883,600.05
1787065620,142.71,142.74,142.695,142.72,140.84,139.575,,,,,,,,,,,,,,,,,,,,,,,,,,,,,,,,,,,,,,,,,,,,,,,,,,,,324,585.15
1787065680,142.74,142.79,142.74,142.77,140.84,139.575,,,,,,,,,,,,,,,,,,,,,,,,,,,,,,,,,,,,,,,,,,,,,,,,,,,,817,589.75
1787065740,142.7,142.73,142.56,142.565,140.84,139.575,,,,,,,,,,,,,,,,,,,,,,,,,,,,,,,,,,,,,,,,,,,,,,,,,,,,1041,623.15
1787065800,142.58,142.74,142.58,142.72,140.84,139.575,,,,,,,,,,,,,,,,,,,,,,,,,,,,,,,,,,,,,,,,,,,,,,,,,,,,731,604.85
1787065860,142.7,142.94,142.69,142.93,140.84,139.575,,,,,,,,,,,,,,,,,,,,,,,,,,,,,,,,,,,,,,,,,,,,,,,,,,,,868,636.5
1787065920,142.92,142.93,142.81,142.81,140.84,139.575,,,,,,,,,,,,,,,,,,,,,,,,,,,,,,,,,,,,,,,,,,,,,,,,,,,,1339,666.2
1787065980,142.77,142.8,142.71,142.71,140.84,139.575,,,,,,,,,,,,,,,,,,,,,,,,,,,,,,,,,,,,,,,,,,,,,,,,,,,,269,643.45
1787066040,142.73,142.77,142.69,142.69,140.84,139.575,,,,,,,,,,,,,,,,,,,,,,,,,,,,,,,,,,,,,,,,,,,,,,,,,,,,217,627.45
1787066100,142.68,142.73,142.63,142.64,140.84,139.575,,,,,,,,,,,,,,,,,,,,,,,,,,,,,,,,,,,,,,,,,,,,,,,,,,,,220,589.05
1787066160,142.64,142.64,142.505,142.51,140.84,139.575,,,,,,,,,,,,,,,,,,,,,,,,,,,,,,,,,,,,,,,,,,,,,,,,,,,,268,586.95
1787066220,142.505,142.61,142.505,142.61,140.84,139.575,,,,,,,,,,,,,,,,,,,,,,,,,,,,,,,,,,,,,,,,,,,,,,,,,,,,909,626.2
1787066280,142.59,142.61,142.59,142.61,140.84,139.575,,,,,,,,,,,,,,,,,,,,,,,,,,,,,,,,,,,,,,,,,,,,,,,,,,,,190,625.7
1787066340,142.68,142.81,142.64,142.68,140.84,139.575,,,,,,,,,,,,,,,,,,,,,,,,,,,,,,,,,,,,,,,,,,,,,,,,,,,,852,643.35
1787066400,142.7,142.72,142.69,142.69,140.84,139.575,,,,,,,,,,,,,,,,,,,,,,,,,,,,,,,,,,,,,,,,,,,,,,,,,,,,1211,686.25
1787066460,142.67,142.75,142.67,142.74,140.84,139.575,,,,,,,,,,,,,,,,,,,,,,,,,,,,,,,,,,,,,,,,,,,,,,,,,,,,240,639.65
1787066520,142.73,142.81,142.7,142.81,140.84,139.575,,,,,,,,,,,,,,,,,,,,,,,,,,,,,,,,,,,,,,,,,,,,,,,,,,,,336,648
1787066580,142.83,142.83,142.71,142.77,140.84,139.575,,,,,,,,,,,,,,,,,,,,,,,,,,,,,,,,,,,,,,,,,,,,,,,,,,,,737,664.55
1787066640,142.765,142.98,142.75,142.98,140.84,139.575,,,,,,,,,,,,,,,,,,,,,,,,,,,,,,,,,,,,,,,,,,,,,,,,,,,,1064,686.2
1787066700,142.97,142.98,142.85,142.91,140.84,139.575,,,,,,,,,,,,,,,,,,,,,,,,,,,,,,,,,,,,,,,,,,,,,,,,,,,,405,646.05
1787066760,142.96,142.99,142.92,142.95,140.84,139.575,,,,,,,,,,,,,,,,,,,,,,,,,,,,,,,,,,,,,,,,,,,,,,,,,,,,1195,661.65
1787066820,142.96,143.025,142.96,143.025,140.84,139.575,,,,,,,,,,,,,,,,,,,,,,,,,,,,,,,,,,,,,,,,,,,,,,,,,,,,1306,710.75
1787066880,143.03,143.09,143.01,143.07,140.84,139.575,,,,,,,,,,,,,,,,,,,,,,,,,,,,,,,,,,,,,,,,,,,,,,,,,,,,989,719.35
1787066940,143.04,143.09,143.03,143.09,140.84,139.575,,,,,,,,,,,,,,,,,,,,,,,,,,,,,,,,,,,,,,,,,,,,,,,,,,,,104,672.5
1787067000,143.1,143.1,143.02,143.03,140.84,139.575,,,,,,,,,,,,,,,,,,,,,,,,,,,,,,,,,,,,,,,,,,,,,,,,,,,,175,644.7
1787067060,143.03,143.19,142.99,143.19,140.84,139.575,,,,,,,,,,,,,,,,,,,,,,,,,,,,,,,,,,,,,,,,,,,,,,,,,,,,1594,681
1787067120,143.16,143.165,143.13,143.14,140.84,139.575,,,,,,,,,,,,,,,,,,,,,,,,,,,,,,,,,,,,,,,,,,,,,,,,,,,,482,638.15
1787067180,143.15,143.25,143.15,143.2,140.84,139.575,,,,,,,,,,,,,,,,,,,,,,,,,,,,,,,,,,,,,,,,,,,,,,,,,,,,767,663.05
1787067240,143.14,143.14,143.08,143.08,140.84,139.575,,,,,,,,,,,,,,,,,,,,,,,,,,,,,,,,,,,,,,,,,,,,,,,,,,,,585,681.45
1787067300,143.13,143.19,143.13,143.19,140.84,139.575,,,,,,,,,,,,,,,,,,,,,,,,,,,,,,,,,,,,,,,,,,,,,,,,,,,,731,707
1787067360,143.19,143.3,143.19,143.23,140.84,139.575,,,,,,,,,,,,,,,,,,,,,,,,,,,,,,,,,,,,,,,,,,,,,,,,,,,,1424,764.8
1787067420,143.3,143.3,143.265,143.265,140.84,139.575,,,,,,,,,,,,,,,,,,,,,,,,,,,,,,,,,,,,,,,,,,,,,,,,,,,,638,751.25
1787067480,143.27,143.29,143.27,143.29,140.84,139.575,,,,,,,,,,,,,,,,,,,,,,,,,,,,,,,,,,,,,,,,,,,,,,,,,,,,361,759.8
1787067540,143.28,143.28,143.25,143.26,140.84,139.575,,,,,,,,,,,,,,,,,,,,,,,,,,,,,,,,,,,,,,,,,,,,,,,,,,,,327,733.55
1787067600,143.26,143.26,143.12,143.14,140.84,139.575,,,,,,,,,,,,,,,,,,,,,,,,,,,,,,,,,,,,,,,,,,,,,,,,,,,,831,714.55
1787067660,143.17,143.27,143.17,143.18,140.84,139.575,,,,,,,,,,,,,,,,,,,,,,,,,,,,,,,,,,,,,,,,,,,,,,,,,,,,310,718.05
1787067720,143.2,143.35,143.19,143.35,140.84,139.575,,,,,,,,,,,,,,,,,,,,,,,,,,,,,,,,,,,,,,,,,,,,,,,,,,,,863,744.4
1787067780,143.36,143.37,143.32,143.32,140.84,139.575,,,,,,,,,,,,,,,,,,,,,,,,,,,,,,,,,,,,,,,,,,,,,,,,,,,,1458,780.45
1787067840,143.315,143.4,143.315,143.4,140.84,139.575,,,,,,,,,,,,,,,,,,,,,,,,,,,,,,,,,,,,,,,,,,,,,,,,,,,,528,753.65
1787067900,143.36,143.37,143.22,143.3,140.84,139.575,,,,,,,,,,,,,,,,,,,,,,,,,,,,,,,,,,,,,,,,,,,,,,,,,,,,1022,784.5
1787067960,143.26,143.38,143.25,143.38,140.84,139.575,,,,,,,,,,,,,,,,,,,,,,,,,,,,,,,,,,,,,,,,,,,,,,,,,,,,151,732.3
1787068020,143.4,143.41,143.35,143.35,140.84,139.575,,,,,,,,,,,,,,,,,,,,,,,,,,,,,,,,,,,,,,,,,,,,,,,,,,,,540,694
1787068080,143.35,143.37,143.35,143.365,140.84,139.575,,,,,,,,,,,,,,,,,,,,,,,,,,,,,,,,,,,,,,,,,,,,,,,,,,,,135,651.3
1787068140,143.36,143.4,143.36,143.4,140.84,139.575,,,,,,,,,,,,,,,,,,,,,,,,,,,,,,,,,,,,,,,,,,,,,,,,,,,,158,654
1787068200,143.36,143.36,143.24,143.25,140.84,139.575,,,,,,,,,,,,,,,,,,,,,,,,,,,,,,,,,,,,,,,,,,,,,,,,,,,,427,666.6
1787068260,143.29,143.36,143.29,143.34,140.84,139.575,,,,,,,,,,,,,,,,,,,,,,,,,,,,,,,,,,,,,,,,,,,,,,,,,,,,380,605.9
1787068320,143.39,143.39,143.38,143.38,140.84,139.575,,,,,,,,,,,,,,,,,,,,,,,,,,,,,,,,,,,,,,,,,,,,,,,,,,,,291,596.35
1787068380,143.33,143.39,143.32,143.35,140.84,139.575,,,,,,,,,,,,,,,,,,,,,,,,,,,,,,,,,,,,,,,,,,,,,,,,,,,,562,586.1
1787068440,143.35,143.35,143.305,143.32,140.84,139.575,,,,,,,,,,,,,,,,,,,,,,,,,,,,,,,,,,,,,,,,,,,,,,,,,,,,280,570.85
1787068500,143.33,143.33,143.3,143.3,140.84,139.575,,,,,,,,,,,,,,,,,,,,,,,,,,,,,,,,,,,,,,,,,,,,,,,,,,,,289,548.75
1787068560,143.24,143.24,143.17,143.17,140.84,139.575,,,,,,,,,,,,,,,,,,,,,,,,,,,,,,,,,,,,,,,,,,,,,,,,,,,,210,488.05
1787068620,143.16,143.22,143.16,143.22,140.84,139.575,,,,,,,,,,,,,,,,,,,,,,,,,,,,,,,,,,,,,,,,,,,,,,,,,,,,228,467.55
1787068680,143.23,143.28,143.19,143.26,140.84,139.575,,,,,,,,,,,,,,,,,,,,,,,,,,,,,,,,,,,,,,,,,,,,,,,,,,,,628,480.9
1787068740,143.26,143.26,143.21,143.21,140.84,139.575,,,,,,,,,,,,,,,,,,,,,,,,,,,,,,,,,,,,,,,,,,,,,,,,,,,,212,475.15
1787068800,143.22,143.25,143.2,143.23,140.84,139.575,,,,,,,,,,,,,,,,,,,,,,,,,,,,,,,,,,,,,,,,,,,,,,,,,,,,600,463.6
1787068860,143.19,143.19,143.17,143.18,140.84,139.575,,,,,,,,,,,,,,,,,,,,,,,,,,,,,,,,,,,,,,,,,,,,,,,,,,,,189,457.55
1787068920,143.19,143.2,143.16,143.16,140.84,139.575,,,,,,,,,,,,,,,,,,,,,,,,,,,,,,,,,,,,,,,,,,,,,,,,,,,,466,437.7
1787068980,143.21,143.22,143.16,143.16,140.84,139.575,,,,,,,,,,,,,,,,,,,,,,,,,,,,,,,,,,,,,,,,,,,,,,,,,,,,532,391.4
1787069040,143.18,143.18,143.17,143.17,140.84,139.575,,,,,,,,,,,,,,,,,,,,,,,,,,,,,,,,,,,,,,,,,,,,,,,,,,,,221,376.05
1787069100,143.2,143.21,143.13,143.13,140.84,139.575,,,,,,,,,,,,,,,,,,,,,,,,,,,,,,,,,,,,,,,,,,,,,,,,,,,,821,366
1787069160,143.13,143.13,143.05,143.05,140.84,139.575,,,,,,,,,,,,,,,,,,,,,,,,,,,,,,,,,,,,,,,,,,,,,,,,,,,,717,394.3
1787069220,143.06,143.15,143.06,143.08,140.84,139.575,,,,,,,,,,,,,,,,,,,,,,,,,,,,,,,,,,,,,,,,,,,,,,,,,,,,1451,439.85
1787069280,143.13,143.13,143.12,143.12,140.84,139.575,,,,,,,,,,,,,,,,,,,,,,,,,,,,,,,,,,,,,,,,,,,,,,,,,,,,20,434.1
1787069340,143.14,143.26,143.14,143.2,140.84,139.575,,,,,,,,,,,,,,,,,,,,,,,,,,,,,,,,,,,,,,,,,,,,,,,,,,,,1926,522.5
1787069400,143.21,143.21,143.12,143.12,140.84,139.575,,,,,,,,,,,,,,,,,,,,,,,,,,,,,,,,,,,,,,,,,,,,,,,,,,,,170,509.65
1787069460,143.11,143.17,143.11,143.17,140.84,139.575,,,,,,,,,,,,,,,,,,,,,,,,,,,,,,,,,,,,,,,,,,,,,,,,,,,,119,496.6
1787069520,143.19,143.25,143.19,143.25,140.84,139.575,,,,,,,,,,,,,,,,,,,,,,,,,,,,,,,,,,,,,,,,,,,,,,,,,,,,1432,553.65
1787069580,143.27,143.32,143.25,143.32,140.84,139.575,,,,,,,,,,,,,,,,,,,,,,,,,,,,,,,,,,,,,,,,,,,,,,,,,,,,247,537.9
1787069640,143.36,143.39,143.32,143.32,140.84,139.575,,,,,,,,,,,,,,,,,,,,,,,,,,,,,,,,,,,,,,,,,,,,,,,,,,,,812,564.5
1787069700,143.32,143.34,143.3,143.34,140.84,139.575,,,,,,,,,,,,,,,,,,,,,,,,,,,,,,,,,,,,,,,,,,,,,,,,,,,,378,568.95
1787069760,143.38,143.42,143.38,143.4,140.84,139.575,,,,,,,,,,,,,,,,,,,,,,,,,,,,,,,,,,,,,,,,,,,,,,,,,,,,654,591.15
1787069820,143.38,143.48,143.38,143.48,140.84,139.575,,,,,,,,,,,,,,,,,,,,,,,,,,,,,,,,,,,,,,,,,,,,,,,,,,,,418,600.65
1787069880,143.5,143.56,143.49,143.55,140.84,139.575,,,,,,,,,,,,,,,,,,,,,,,,,,,,,,,,,,,,,,,,,,,,,,,,,,,,2136,676.05
1787069940,143.54,143.54,143.51,143.52,140.84,139.575,,,,,,,,,,,,,,,,,,,,,,,,,,,,,,,,,,,,,,,,,,,,,,,,,,,,520,691.45
1787070000,143.53,143.54,143.46,143.49,140.84,139.575,,,,,,,,,,,,,,,,,,,,,,,,,,,,,,,,,,,,,,,,,,,,,,,,,,,,826,702.75
1787070060,143.49,143.54,143.49,143.52,140.84,139.575,,,,,,,,,,,,,,,,,,,,,,,,,,,,,,,,,,,,,,,,,,,,,,,,,,,,462,716.4
1787070120,143.54,143.54,143.48,143.52,140.84,139.575,,,,,,,,,,,,,,,,,,,,,,,,,,,,,,,,,,,,,,,,,,,,,,,,,,,,440,715.1
1787070180,143.53,143.62,143.53,143.61,140.84,139.575,,,,,,,,,,,,,,,,,,,,,,,,,,,,,,,,,,,,,,,,,,,,,,,,,,,,1267,751.85
1787070240,143.57,143.585,143.51,143.51,140.84,139.575,,,,,,,,,,,,,,,,,,,,,,,,,,,,,,,,,,,,,,,,,,,,,,,,,,,,252,753.4
1787070300,143.48,143.5,143.43,143.49,140.84,139.575,,,,,,,,,,,,,,,,,,,,,,,,,,,,,,,,,,,,,,,,,,,,,,,,,,,,436,734.15
1787070360,143.57,143.62,143.56,143.6,140.84,139.575,,,,,,,,,,,,,,,,,,,,,,,,,,,,,,,,,,,,,,,,,,,,,,,,,,,,313,713.95
1787070420,143.59,143.66,143.59,143.63,140.84,139.575,,,,,,,,,,,,,,,,,,,,,,,,,,,,,,,,,,,,,,,,,,,,,,,,,,,,549,668.85
1787070480,143.65,143.79,143.65,143.78,140.84,139.575,,,,,,,,,,,,,,,,,,,,,,,,,,,,,,,,,,,,,,,,,,,,,,,,,,,,492,692.45
1787070540,143.73,143.78,143.71,143.77,140.84,139.575,,,,,,,,,,,,,,,,,,,,,,,,,,,,,,,,,,,,,,,,,,,,,,,,,,,,617,627
1787070600,143.75,143.81,143.75,143.79,140.84,139.575,,,,,,,,,,,,,,,,,,,,,,,,,,,,,,,,,,,,,,,,,,,,,,,,,,,,1124,674.7
1787070660,143.78,143.855,143.77,143.84,140.84,139.575,,,,,,,,,,,,,,,,,,,,,,,,,,,,,,,,,,,,,,,,,,,,,,,,,,,,713,704.4
1787070720,143.83,143.84,143.78,143.79,140.84,139.575,,,,,,,,,,,,,,,,,,,,,,,,,,,,,,,,,,,,,,,,,,,,,,,,,,,,435,654.55
1787070780,143.77,143.805,143.77,143.805,140.84,139.575,,,,,,,,,,,,,,,,,,,,,,,,,,,,,,,,,,,,,,,,,,,,,,,,,,,,131,648.75
1787070840,143.84,143.89,143.83,143.84,140.84,139.575,,,,,,,,,,,,,,,,,,,,,,,,,,,,,,,,,,,,,,,,,,,,,,,,,,,,936,654.95
1787070900,143.82,143.82,143.63,143.645,140.84,139.575,,,,,,,,,,,,,,,,,,,,,,,,,,,,,,,,,,,,,,,,,,,,,,,,,,,,362,654.15
1787070960,143.65,143.67,143.55,143.58,140.84,139.575,,,,,,,,,,,,,,,,,,,,,,,,,,,,,,,,,,,,,,,,,,,,,,,,,,,,471,645
1787071020,143.54,143.54,143.47,143.47,140.84,139.575,,,,,,,,,,,,,,,,,,,,,,,,,,,,,,,,,,,,,,,,,,,,,,,,,,,,262,637.2
1787071080,143.465,143.49,143.34,143.35,140.84,139.575,,,,,,,,,,,,,,,,,,,,,,,,,,,,,,,,,,,,,,,,,,,,,,,,,,,,780,569.4
1787071140,143.35,143.42,143.35,143.41,140.84,139.575,,,,,,,,,,,,,,,,,,,,,,,,,,,,,,,,,,,,,,,,,,,,,,,,,,,,721,579.45
1787071200,143.42,143.42,143.25,143.26,140.84,139.575,,,,,,,,,,,,,,,,,,,,,,,,,,,,,,,,,,,,,,,,,,,,,,,,,,,,1116,593.95
1787071260,143.26,143.32,143.26,143.31,140.84,139.575,,,,,,,,,,,,,,,,,,,,,,,,,,,,,,,,,,,,,,,,,,,,,,,,,,,,175,579.6
1787071320,143.31,143.33,143.31,143.32,140.84,139.575,,,,,,,,,,,,,,,,,,,,,,,,,,,,,,,,,,,,,,,,,,,,,,,,,,,,170,566.1
1787071380,143.335,143.35,143.33,143.34,140.84,139.575,,,,,,,,,,,,,,,,,,,,,,,,,,,,,,,,,,,,,,,,,,,,,,,,,,,,444,524.95
1787071440,143.32,143.34,143.225,143.225,140.84,139.575,,,,,,,,,,,,,,,,,,,,,,,,,,,,,,,,,,,,,,,,,,,,,,,,,,,,1752,599.95
1787071500,143.25,143.25,143.17,143.19,140.84,139.575,,,,,,,,,,,,,,,,,,,,,,,,,,,,,,,,,,,,,,,,,,,,,,,,,,,,825,619.4
1787071560,143.19,143.2,143.13,143.13,140.84,139.575,,,,,,,,,,,,,,,,,,,,,,,,,,,,,,,,,,,,,,,,,,,,,,,,,,,,668,637.15
1787071620,143.05,143.07,143.03,143.03,140.84,139.575,,,,,,,,,,,,,,,,,,,,,,,,,,,,,,,,,,,,,,,,,,,,,,,,,,,,465,632.95
1787071680,143.03,143.11,143,143.11,140.84,139.575,,,,,,,,,,,,,,,,,,,,,,,,,,,,,,,,,,,,,,,,,,,,,,,,,,,,678,642.25
1787071740,143.1,143.15,143.1,143.15,140.84,139.575,,,,,,,,,,,,,,,,,,,,,,,,,,,,,,,,,,,,,,,,,,,,,,,,,,,,1474,685.1
1787071800,143.14,143.15,143.08,143.11,140.84,139.575,,,,,,,,,,,,,,,,,,,,,,,,,,,,,,,,,,,,,,,,,,,,,,,,,,,,651,661.45
1787071860,143.12,143.12,143.11,143.11,140.84,139.575,,,,,,,,,,,,,,,,,,,,,,,,,,,,,,,,,,,,,,,,,,,,,,,,,,,,72,629.4
1787071920,143.1,143.24,143.1,143.22,140.84,139.575,,,,,,,,,,,,,,,,,,,,,,,,,,,,,,,,,,,,,,,,,,,,,,,,,,,,562,635.75
1787071980,143.22,143.24,143.2,143.2,140.84,139.575,,,,,,,,,,,,,,,,,,,,,,,,,,,,,,,,,,,,,,,,,,,,,,,,,,,,335,645.95
1787072040,143.2,143.2,143.12,143.12,140.84,139.575,,,,,,,,,,,,,,,,,,,,,,,,,,,,,,,,,,,,,,,,,,,,,,,,,,,,438,621.05
1787072100,143.12,143.17,143.12,143.17,140.84,139.575,,,,,,,,,,,,,,,,,,,,,,,,,,,,,,,,,,,,,,,,,,,,,,,,,,,,772,641.55
1787072160,143.15,143.15,143.06,143.06,140.84,139.575,,,,,,,,,,,,,,,,,,,,,,,,,,,,,,,,,,,,,,,,,,,,,,,,,,,,549,645.45
1787072220,143.07,143.13,143.07,143.13,140.84,139.575,,,,,,,,,,,,,,,,,,,,,,,,,,,,,,,,,,,,,,,,,,,,,,,,,,,,365,650.6
1787072280,143.12,143.15,143.12,143.15,140.84,139.575,,,,,,,,,,,,,,,,,,,,,,,,,,,,,,,,,,,,,,,,,,,,,,,,,,,,25,612.85
1787072340,143.14,143.14,143.14,143.14,140.84,139.575,,,,,,,,,,,,,,,,,,,,,,,,,,,,,,,,,,,,,,,,,,,,,,,,,,,,101,581.85
1787072400,143.08,143.09,143.01,143.09,140.84,139.575,,,,,,,,,,,,,,,,,,,,,,,,,,,,,,,,,,,,,,,,,,,,,,,,,,,,411,546.6
1787072460,143.15,143.15,143.11,143.11,140.84,139.575,,,,,,,,,,,,,,,,,,,,,,,,,,,,,,,,,,,,,,,,,,,,,,,,,,,,338,554.75
1787072520,143.12,143.14,143.07,143.14,140.84,139.575,,,,,,,,,,,,,,,,,,,,,,,,,,,,,,,,,,,,,,,,,,,,,,,,,,,,404,566.45
1787072580,143.16,143.16,143.09,143.09,140.84,139.575,,,,,,,,,,,,,,,,,,,,,,,,,,,,,,,,,,,,,,,,,,,,,,,,,,,,607,574.6
1787072640,143.08,143.11,143.08,143.08,140.84,139.575,,,,,,,,,,,,,,,,,,,,,,,,,,,,,,,,,,,,,,,,,,,,,,,,,,,,310,502.5
1787072700,143.06,143.11,143.05,143.11,140.84,139.575,,,,,,,,,,,,,,,,,,,,,,,,,,,,,,,,,,,,,,,,,,,,,,,,,,,,301,476.3
1787072760,143.15,143.19,143.14,143.19,140.84,139.575,,,,,,,,,,,,,,,,,,,,,,,,,,,,,,,,,,,,,,,,,,,,,,,,,,,,124,449.1
1787072820,143.15,143.19,143.14,143.19,140.84,139.575,,,,,,,,,,,,,,,,,,,,,,,,,,,,,,,,,,,,,,,,,,,,,,,,,,,,1017,476.7
1787072880,143.2,143.245,143.19,143.19,140.84,139.575,,,,,,,,,,,,,,,,,,,,,,,,,,,,,,,,,,,,,,,,,,,,,,,,,,,,206,453.1
1787072940,143.16,143.16,143.09,143.09,140.84,139.575,,,,,,,,,,,,,,,,,,,,,,,,,,,,,,,,,,,,,,,,,,,,,,,,,,,,406,399.7
1787073000,143.11,143.13,143.11,143.13,140.84,139.575,,,,,,,,,,,,,,,,,,,,,,,,,,,,,,,,,,,,,,,,,,,,,,,,,,,,105,372.4
1787073060,143.13,143.19,143.13,143.18,140.84,139.575,,,,,,,,,,,,,,,,,,,,,,,,,,,,,,,,,,,,,,,,,,,,,,,,,,,,290,383.3
1787073120,143.18,143.22,143.11,143.11,140.84,139.575,,,,,,,,,,,,,,,,,,,,,,,,,,,,,,,,,,,,,,,,,,,,,,,,,,,,1100,410.2
1787073180,143.115,143.15,143.115,143.12,140.84,139.575,,,,,,,,,,,,,,,,,,,,,,,,,,,,,,,,,,,,,,,,,,,,,,,,,,,,168,401.85
1787073240,143.1,143.11,143.08,143.1,140.84,139.575,,,,,,,,,,,,,,,,,,,,,,,,,,,,,,,,,,,,,,,,,,,,,,,,,,,,226,391.25
1787073300,143.07,143.08,143.04,143.04,140.84,139.575,,,,,,,,,,,,,,,,,,,,,,,,,,,,,,,,,,,,,,,,,,,,,,,,,,,,354,370.35
1787073360,143.04,143.06,142.965,143.04,140.84,139.575,,,,,,,,,,,,,,,,,,,,,,,,,,,,,,,,,,,,,,,,,,,,,,,,,,,,1527,419.25
1787073420,143,143.05,143,143,140.84,139.575,,,,,,,,,,,,,,,,,,,,,,,,,,,,,,,,,,,,,,,,,,,,,,,,,,,,572,429.6
1787073480,143.03,143.03,142.965,143.02,140.84,139.575,,,,,,,,,,,,,,,,,,,,,,,,,,,,,,,,,,,,,,,,,,,,,,,,,,,,3539,605.3
1787073540,143.03,143.08,143.03,143.07,140.84,139.575,,,,,,,,,,,,,,,,,,,,,,,,,,,,,,,,,,,,,,,,,,,,,,,,,,,,91,604.8
1787073600,143.04,143.07,143.04,143.06,140.84,139.575,,,,,,,,,,,,,,,,,,,,,,,,,,,,,,,,,,,,,,,,,,,,,,,,,,,,411,604.8
1787073660,143.07,143.25,143.07,143.21,140.84,139.575,,,,,,,,,,,,,,,,,,,,,,,,,,,,,,,,,,,,,,,,,,,,,,,,,,,,237,599.75
1787073720,143.235,143.24,143.23,143.23,140.84,139.575,,,,,,,,,,,,,,,,,,,,,,,,,,,,,,,,,,,,,,,,,,,,,,,,,,,,85,583.8
1787073780,143.18,143.18,143.08,143.08,140.84,139.575,,,,,,,,,,,,,,,,,,,,,,,,,,,,,,,,,,,,,,,,,,,,,,,,,,,,324,569.65
1787073840,143.09,143.11,143.09,143.11,140.84,139.575,,,,,,,,,,,,,,,,,,,,,,,,,,,,,,,,,,,,,,,,,,,,,,,,,,,,15,554.9
1787073900,143.1,143.14,143.09,143.14,140.84,139.575,,,,,,,,,,,,,,,,,,,,,,,,,,,,,,,,,,,,,,,,,,,,,,,,,,,,486,564.15
1787073960,143.14,143.17,143.14,143.14,140.84,139.575,,,,,,,,,,,,,,,,,,,,,,,,,,,,,,,,,,,,,,,,,,,,,,,,,,,,59,560.9
1787074020,143.14,143.17,143.14,143.15,140.84,139.575,,,,,,,,,,,,,,,,,,,,,,,,,,,,,,,,,,,,,,,,,,,,,,,,,,,,220,521.05
1787074080,143.18,143.18,143.15,143.15,140.84,139.575,,,,,,,,,,,,,,,,,,,,,,,,,,,,,,,,,,,,,,,,,,,,,,,,,,,,375,529.5
1787074140,143.13,143.23,143.11,143.23,140.84,139.575,,,,,,,,,,,,,,,,,,,,,,,,,,,,,,,,,,,,,,,,,,,,,,,,,,,,1113,564.85
1787074200,143.24,143.28,143.24,143.28,140.84,139.575,,,,,,,,,,,,,,,,,,,,,,,,,,,,,,,,,,,,,,,,,,,,,,,,,,,,400,579.6
1787074260,143.27,143.31,143.26,143.28,140.84,139.575,,,,,,,,,,,,,,,,,,,,,,,,,,,,,,,,,,,,,,,,,,,,,,,,,,,,458,588
1787074320,143.28,143.3,143.275,143.29,140.84,139.575,,,,,,,,,,,,,,,,,,,,,,,,,,,,,,,,,,,,,,,,,,,,,,,,,,,,349,550.45
1787074380,143.25,143.25,143.2,143.22,140.84,139.575,,,,,,,,,,,,,,,,,,,,,,,,,,,,,,,,,,,,,,,,,,,,,,,,,,,,357,559.9
1787074440,143.21,143.27,143.21,143.27,140.84,139.575,,,,,,,,,,,,,,,,,,,,,,,,,,,,,,,,,,,,,,,,,,,,,,,,,,,,94,553.3
1787074500,143.24,143.3,143.24,143.27,140.84,139.575,,,,,,,,,,,,,,,,,,,,,,,,,,,,,,,,,,,,,,,,,,,,,,,,,,,,253,548.25
1787074560,143.28,143.3,143.25,143.3,140.84,139.575,,,,,,,,,,,,,,,,,,,,,,,,,,,,,,,,,,,,,,,,,,,,,,,,,,,,116,477.7
1787074620,143.31,143.31,143.25,143.25,140.84,139.575,,,,,,,,,,,,,,,,,,,,,,,,,,,,,,,,,,,,,,,,,,,,,,,,,,,,292,463.7
1787074680,143.31,143.31,143.3,143.3,140.84,139.575,,,,,,,,,,,,,,,,,,,,,,,,,,,,,,,,,,,,,,,,,,,,,,,,,,,,22,287.85
1787074740,143.26,143.42,143.26,143.4,140.84,139.575,,,,,,,,,,,,,,,,,,,,,,,,,,,,,,,,,,,,,,,,,,,,,,,,,,,,1248,345.7
1787074800,143.405,143.405,143.35,143.37,140.84,139.575,,,,,,,,,,,,,,,,,,,,,,,,,,,,,,,,,,,,,,,,,,,,,,,,,,,,377,344
1787074860,143.36,143.36,143.36,143.36,140.84,139.575,,,,,,,,,,,,,,,,,,,,,,,,,,,,,,,,,,,,,,,,,,,,,,,,,,,,21,333.2
1787074920,143.37,143.375,143.34,143.36,140.84,139.575,,,,,,,,,,,,,,,,,,,,,,,,,,,,,,,,,,,,,,,,,,,,,,,,,,,,402,349.05
1787074980,143.4,143.4,143.39,143.39,140.84,139.575,,,,,,,,,,,,,,,,,,,,,,,,,,,,,,,,,,,,,,,,,,,,,,,,,,,,130,339.35
1787075040,143.38,143.38,143.36,143.36,140.84,139.575,,,,,,,,,,,,,,,,,,,,,,,,,,,,,,,,,,,,,,,,,,,,,,,,,,,,189,348.05
1787075100,143.37,143.38,143.35,143.38,140.84,139.575,,,,,,,,,,,,,,,,,,,,,,,,,,,,,,,,,,,,,,,,,,,,,,,,,,,,153,331.4
1787075160,143.43,143.44,143.38,143.39,140.84,139.575,,,,,,,,,,,,,,,,,,,,,,,,,,,,,,,,,,,,,,,,,,,,,,,,,,,,466,351.75
1787075220,143.41,143.41,143.37,143.37,140.84,139.575,,,,,,,,,,,,,,,,,,,,,,,,,,,,,,,,,,,,,,,,,,,,,,,,,,,,179,349.7
1787075280,143.36,143.36,143.32,143.32,140.84,139.575,,,,,,,,,,,,,,,,,,,,,,,,,,,,,,,,,,,,,,,,,,,,,,,,,,,,417,351.8
1787075340,143.34,143.34,143.26,143.26,140.84,139.575,,,,,,,,,,,,,,,,,,,,,,,,,,,,,,,,,,,,,,,,,,,,,,,,,,,,388,315.55
1787075400,143.27,143.3,143.27,143.28,140.84,139.575,,,,,,,,,,,,,,,,,,,,,,,,,,,,,,,,,,,,,,,,,,,,,,,,,,,,175,304.3
1787075460,143.26,143.345,143.26,143.33,140.84,139.575,,,,,,,,,,,,,,,,,,,,,,,,,,,,,,,,,,,,,,,,,,,,,,,,,,,,804,321.6
1787075520,143.3,143.3,143.27,143.3,140.84,139.575,,,,,,,,,,,,,,,,,,,,,,,,,,,,,,,,,,,,,,,,,,,,,,,,,,,,524,330.35
1787075580,143.29,143.29,143.29,143.29,140.84,139.575,,,,,,,,,,,,,,,,,,,,,,,,,,,,,,,,,,,,,,,,,,,,,,,,,,,,6,312.8
1787075640,143.29,143.3,143.28,143.28,140.84,139.575,,,,,,,,,,,,,,,,,,,,,,,,,,,,,,,,,,,,,,,,,,,,,,,,,,,,219,319.05
1787075700,143.27,143.28,143.24,143.24,140.84,139.575,,,,,,,,,,,,,,,,,,,,,,,,,,,,,,,,,,,,,,,,,,,,,,,,,,,,495,331.15
1787075760,143.25,143.29,143.25,143.28,140.84,139.575,,,,,,,,,,,,,,,,,,,,,,,,,,,,,,,,,,,,,,,,,,,,,,,,,,,,196,335.15
1787075820,143.29,143.29,143.29,143.29,140.84,139.575,,,,,,,,,,,,,,,,,,,,,,,,,,,,,,,,,,,,,,,,,,,,,,,,,,,,92,325.15
1787075880,143.3,143.3,143.23,143.29,140.84,139.575,,,,,,,,,,,,,,,,,,,,,,,,,,,,,,,,,,,,,,,,,,,,,,,,,,,,338,340.95
1787075940,143.3,143.3,143.24,143.24,140.84,139.575,,,,,,,,,,,,,,,,,,,,,,,,,,,,,,,,,,,,,,,,,,,,,,,,,,,,226,289.85
1787076000,143.21,143.22,143.175,143.22,140.84,139.575,,,,,,,,,,,,,,,,,,,,,,,,,,,,,,,,,,,,,,,,,,,,,,,,,,,,630,302.5
1787076060,143.19,143.19,143.1,143.18,140.84,139.575,,,,,,,,,,,,,,,,,,,,,,,,,,,,,,,,,,,,,,,,,,,,,,,,,,,,307,316.8
1787076120,143.21,143.26,143.21,143.26,140.84,139.575,,,,,,,,,,,,,,,,,,,,,,,,,,,,,,,,,,,,,,,,,,,,,,,,,,,,329,313.15
1787076180,143.27,143.28,143.26,143.26,140.84,139.575,,,,,,,,,,,,,,,,,,,,,,,,,,,,,,,,,,,,,,,,,,,,,,,,,,,,166,314.95
1787076240,143.26,143.29,143.26,143.29,140.84,139.575,,,,,,,,,,,,,,,,,,,,,,,,,,,,,,,,,,,,,,,,,,,,,,,,,,,,184,314.7
1787076300,143.255,143.27,143.24,143.24,140.84,139.575,,,,,,,,,,,,,,,,,,,,,,,,,,,,,,,,,,,,,,,,,,,,,,,,,,,,129,313.5
1787076360,143.21,143.21,143.15,143.16,140.84,139.575,,,,,,,,,,,,,,,,,,,,,,,,,,,,,,,,,,,,,,,,,,,,,,,,,,,,500,315.2
1787076420,143.14,143.14,143.13,143.13,140.84,139.575,,,,,,,,,,,,,,,,,,,,,,,,,,,,,,,,,,,,,,,,,,,,,,,,,,,,11,306.8
1787076480,143.14,143.16,143.12,143.12,140.84,139.575,,,,,,,,,,,,,,,,,,,,,,,,,,,,,,,,,,,,,,,,,,,,,,,,,,,,253,298.6
1787076540,143,143.01,142.98,142.98,140.84,139.575,,,,,,,,,,,,,,,,,,,,,,,,,,,,,,,,,,,,,,,,,,,,,,,,,,,,296,294
1787076600,142.97,143.18,142.97,143.18,140.84,139.575,,,,,,,,,,,,,,,,,,,,,,,,,,,,,,,,,,,,,,,,,,,,,,,,,,,,1129,341.7
1787076660,143.22,143.23,143.18,143.18,140.84,139.575,,,,,,,,,,,,,,,,,,,,,,,,,,,,,,,,,,,,,,,,,,,,,,,,,,,,39,303.45
1787076720,143.21,143.21,143.19,143.19,140.84,139.575,,,,,,,,,,,,,,,,,,,,,,,,,,,,,,,,,,,,,,,,,,,,,,,,,,,,468,300.65
1787076780,143.165,143.21,143.165,143.17,140.84,139.575,,,,,,,,,,,,,,,,,,,,,,,,,,,,,,,,,,,,,,,,,,,,,,,,,,,,348,317.75
1787076840,143.12,143.13,143.09,143.13,140.84,139.575,,,,,,,,,,,,,,,,,,,,,,,,,,,,,,,,,,,,,,,,,,,,,,,,,,,,451,329.35
1787076900,143.13,143.19,143.13,143.16,140.84,139.575,,,,,,,,,,,,,,,,,,,,,,,,,,,,,,,,,,,,,,,,,,,,,,,,,,,,114,310.3
1787076960,143.16,143.26,143.16,143.26,140.84,139.575,,,,,,,,,,,,,,,,,,,,,,,,,,,,,,,,,,,,,,,,,,,,,,,,,,,,202,310.6
1787077020,143.26,143.26,143.23,143.25,140.84,139.575,,,,,,,,,,,,,,,,,,,,,,,,,,,,,,,,,,,,,,,,,,,,,,,,,,,,829,347.45
1787077080,143.25,143.28,143.25,143.26,140.84,139.575,,,,,,,,,,,,,,,,,,,,,,,,,,,,,,,,,,,,,,,,,,,,,,,,,,,,388,349.95
1787077140,143.275,143.33,143.275,143.3,140.84,139.575,,,,,,,,,,,,,,,,,,,,,,,,,,,,,,,,,,,,,,,,,,,,,,,,,,,,546,365.95
1787077200,143.3,143.33,143.28,143.28,140.84,139.575,,,,,,,,,,,,,,,,,,,,,,,,,,,,,,,,,,,,,,,,,,,,,,,,,,,,2148,441.85
1787077260,143.29,143.29,143.29,143.29,140.84,139.575,,,,,,,,,,,,,,,,,,,,,,,,,,,,,,,,,,,,,,,,,,,,,,,,,,,,36,428.3
1787077320,143.33,143.37,143.33,143.36,140.84,139.575,,,,,,,,,,,,,,,,,,,,,,,,,,,,,,,,,,,,,,,,,,,,,,,,,,,,322,427.95
1787077380,143.35,143.51,143.35,143.46,140.84,139.575,,,,,,,,,,,,,,,,,,,,,,,,,,,,,,,,,,,,,,,,,,,,,,,,,,,,1326,485.95
1787077440,143.45,143.49,143.45,143.46,140.84,139.575,,,,,,,,,,,,,,,,,,,,,,,,,,,,,,,,,,,,,,,,,,,,,,,,,,,,170,485.25
1787077500,143.46,143.46,143.4,143.4,140.84,139.575,,,,,,,,,,,,,,,,,,,,,,,,,,,,,,,,,,,,,,,,,,,,,,,,,,,,414,499.5
1787077560,143.39,143.41,143.365,143.38,140.84,139.575,,,,,,,,,,,,,,,,,,,,,,,,,,,,,,,,,,,,,,,,,,,,,,,,,,,,88,478.9
1787077620,143.38,143.38,143.38,143.38,140.84,139.575,,,,,,,,,,,,,,,,,,,,,,,,,,,,,,,,,,,,,,,,,,,,,,,,,,,,38,480.25
1787077680,143.38,143.42,143.37,143.42,140.84,139.575,,,,,,,,,,,,,,,,,,,,,,,,,,,,,,,,,,,,,,,,,,,,,,,,,,,,368,486
1787077740,143.44,143.46,143.44,143.46,140.84,139.575,,,,,,,,,,,,,,,,,,,,,,,,,,,,,,,,,,,,,,,,,,,,,,,,,,,,165,479.45
1787077800,143.47,143.47,143.43,143.43,140.84,139.575,,,,,,,,,,,,,,,,,,,,,,,,,,,,,,,,,,,,,,,,,,,,,,,,,,,,538,449.9
1787077860,143.43,143.43,143.355,143.37,140.84,139.575,,,,,,,,,,,,,,,,,,,,,,,,,,,,,,,,,,,,,,,,,,,,,,,,,,,,164,456.15
1787077920,143.39,143.39,143.39,143.39,140.84,139.575,,,,,,,,,,,,,,,,,,,,,,,,,,,,,,,,,,,,,,,,,,,,,,,,,,,,81,436.8
1787077980,143.41,143.41,143.4,143.405,140.84,139.575,,,,,,,,,,,,,,,,,,,,,,,,,,,,,,,,,,,,,,,,,,,,,,,,,,,,431,440.95
1787078040,143.42,143.49,143.42,143.48,140.84,139.575,,,,,,,,,,,,,,,,,,,,,,,,,,,,,,,,,,,,,,,,,,,,,,,,,,,,141,425.45
1787078100,143.47,143.475,143.355,143.37,140.84,139.575,,,,,,,,,,,,,,,,,,,,,,,,,,,,,,,,,,,,,,,,,,,,,,,,,,,,2067,523.1
1787078160,143.355,143.38,143.355,143.37,140.84,139.575,,,,,,,,,,,,,,,,,,,,,,,,,,,,,,,,,,,,,,,,,,,,,,,,,,,,88,517.4
1787078220,143.4,143.44,143.4,143.44,140.84,139.575,,,,,,,,,,,,,,,,,,,,,,,,,,,,,,,,,,,,,,,,,,,,,,,,,,,,64,479.15
1787078280,143.42,143.44,143.41,143.41,140.84,139.575,,,,,,,,,,,,,,,,,,,,,,,,,,,,,,,,,,,,,,,,,,,,,,,,,,,,623,490.9
1787078340,143.38,143.39,143.36,143.37,140.84,139.575,,,,,,,,,,,,,,,,,,,,,,,,,,,,,,,,,,,,,,,,,,,,,,,,,,,,121,469.65
1787078400,143.33,143.4,143.33,143.37,140.84,139.575,,,,,,,,,,,,,,,,,,,,,,,,,,,,,,,,,,,,,,,,,,,,,,,,,,,,214,372.95
1787078460,143.38,143.41,143.38,143.39,140.84,139.575,,,,,,,,,,,,,,,,,,,,,,,,,,,,,,,,,,,,,,,,,,,,,,,,,,,,227,382.5
1787078520,143.39,143.43,143.39,143.43,140.84,139.575,,,,,,,,,,,,,,,,,,,,,,,,,,,,,,,,,,,,,,,,,,,,,,,,,,,,436,388.2
1787078580,143.44,143.44,143.37,143.37,140.84,139.575,,,,,,,,,,,,,,,,,,,,,,,,,,,,,,,,,,,,,,,,,,,,,,,,,,,,354,339.6
1787078640,143.34,143.34,143.27,143.27,140.84,139.575,,,,,,,,,,,,,,,,,,,,,,,,,,,,,,,,,,,,,,,,,,,,,,,,,,,,324,347.3
1787078700,143.26,143.27,143.24,143.25,140.84,139.575,,,,,,,,,,,,,,,,,,,,,,,,,,,,,,,,,,,,,,,,,,,,,,,,,,,,220,337.6
1787078760,143.23,143.23,143.14,143.19,140.84,139.575,,,,,,,,,,,,,,,,,,,,,,,,,,,,,,,,,,,,,,,,,,,,,,,,,,,,400,353.2
1787078820,143.15,143.23,143.15,143.23,140.84,139.575,,,,,,,,,,,,,,,,,,,,,,,,,,,,,,,,,,,,,,,,,,,,,,,,,,,,138,358.2
1787078880,143.24,143.27,143.22,143.23,140.84,139.575,,,,,,,,,,,,,,,,,,,,,,,,,,,,,,,,,,,,,,,,,,,,,,,,,,,,258,352.7
1787078940,143.19,143.27,143.19,143.22,140.84,139.575,,,,,,,,,,,,,,,,,,,,,,,,,,,,,,,,,,,,,,,,,,,,,,,,,,,,104,349.65
1787079000,143.25,143.265,143.25,143.265,140.84,139.575,,,,,,,,,,,,,,,,,,,,,,,,,,,,,,,,,,,,,,,,,,,,,,,,,,,,12,323.35
1787079060,143.27,143.29,143.265,143.27,140.84,139.575,,,,,,,,,,,,,,,,,,,,,,,,,,,,,,,,,,,,,,,,,,,,,,,,,,,,520,341.15
1787079120,143.28,143.305,143.26,143.26,140.84,139.575,,,,,,,,,,,,,,,,,,,,,,,,,,,,,,,,,,,,,,,,,,,,,,,,,,,,1105,392.35
1787079180,143.28,143.3,143.28,143.28,140.84,139.575,,,,,,,,,,,,,,,,,,,,,,,,,,,,,,,,,,,,,,,,,,,,,,,,,,,,398,390.7
1787079240,143.27,143.29,143.26,143.29,140.84,139.575,,,,,,,,,,,,,,,,,,,,,,,,,,,,,,,,,,,,,,,,,,,,,,,,,,,,242,395.75
1787079300,143.28,143.32,143.27,143.27,140.84,139.575,,,,,,,,,,,,,,,,,,,,,,,,,,,,,,,,,,,,,,,,,,,,,,,,,,,,454,315.1
1787079360,143.27,143.27,143.25,143.25,140.84,139.575,,,,,,,,,,,,,,,,,,,,,,,,,,,,,,,,,,,,,,,,,,,,,,,,,,,,920,356.7
1787079420,143.26,143.3,143.145,143.18,140.84,139.575,,,,,,,,,,,,,,,,,,,,,,,,,,,,,,,,,,,,,,,,,,,,,,,,,,,,1249,415.95
1787079480,143.18,143.18,143.17,143.17,140.84,139.575,,,,,,,,,,,,,,,,,,,,,,,,,,,,,,,,,,,,,,,,,,,,,,,,,,,,128,391.2
1787079540,143.17,143.26,143.17,143.26,140.84,139.575,,,,,,,,,,,,,,,,,,,,,,,,,,,,,,,,,,,,,,,,,,,,,,,,,,,,436,406.95
1787079600,143.25,143.31,143.25,143.3,140.84,139.575,,,,,,,,,,,,,,,,,,,,,,,,,,,,,,,,,,,,,,,,,,,,,,,,,,,,326,412.55
1787079660,143.28,143.295,143.28,143.28,140.84,139.575,,,,,,,,,,,,,,,,,,,,,,,,,,,,,,,,,,,,,,,,,,,,,,,,,,,,62,404.3
1787079720,143.2,143.26,143.2,143.26,140.84,139.575,,,,,,,,,,,,,,,,,,,,,,,,,,,,,,,,,,,,,,,,,,,,,,,,,,,,143,389.65
1787079780,143.27,143.28,143.27,143.28,140.84,139.575,,,,,,,,,,,,,,,,,,,,,,,,,,,,,,,,,,,,,,,,,,,,,,,,,,,,234,383.65
1787079840,143.26,143.26,143.25,143.25,140.84,139.575,,,,,,,,,,,,,,,,,,,,,,,,,,,,,,,,,,,,,,,,,,,,,,,,,,,,330,383.95
1787079900,143.26,143.28,143.24,143.24,140.84,139.575,,,,,,,,,,,,,,,,,,,,,,,,,,,,,,,,,,,,,,,,,,,,,,,,,,,,363,391.1
1787079960,143.27,143.27,143.27,143.27,140.84,139.575,,,,,,,,,,,,,,,,,,,,,,,,,,,,,,,,,,,,,,,,,,,,,,,,,,,,54,373.8
1787080020,143.285,143.3,143.28,143.29,140.84,139.575,,,,,,,,,,,,,,,,,,,,,,,,,,,,,,,,,,,,,,,,,,,,,,,,,,,,256,379.7
1787080080,143.25,143.27,143.25,143.27,140.84,139.575,,,,,,,,,,,,,,,,,,,,,,,,,,,,,,,,,,,,,,,,,,,,,,,,,,,,324,383
1787080140,143.27,143.27,143.19,143.19,140.84,139.575,,,,,,,,,,,,,,,,,,,,,,,,,,,,,,,,,,,,,,,,,,,,,,,,,,,,229,389.25
1787080200,143.195,143.21,143.195,143.21,140.84,139.575,,,,,,,,,,,,,,,,,,,,,,,,,,,,,,,,,,,,,,,,,,,,,,,,,,,,162,396.75
1787080260,143.22,143.24,143.17,143.23,140.84,139.575,,,,,,,,,,,,,,,,,,,,,,,,,,,,,,,,,,,,,,,,,,,,,,,,,,,,196,380.55
1787080320,143.23,143.23,143.2,143.2,140.84,139.575,,,,,,,,,,,,,,,,,,,,,,,,,,,,,,,,,,,,,,,,,,,,,,,,,,,,356,343.1
1787080380,143.19,143.23,143.18,143.22,140.84,139.575,,,,,,,,,,,,,,,,,,,,,,,,,,,,,,,,,,,,,,,,,,,,,,,,,,,,149,330.65
1787080440,143.185,143.245,143.185,143.215,140.84,139.575,,,,,,,,,,,,,,,,,,,,,,,,,,,,,,,,,,,,,,,,,,,,,,,,,,,,165,326.8
1787080500,143.19,143.235,143.18,143.18,140.84,139.575,,,,,,,,,,,,,,,,,,,,,,,,,,,,,,,,,,,,,,,,,,,,,,,,,,,,222,315.2
1787080560,143.19,143.27,143.19,143.27,140.84,139.575,,,,,,,,,,,,,,,,,,,,,,,,,,,,,,,,,,,,,,,,,,,,,,,,,,,,80,273.2
1787080620,143.26,143.285,143.21,143.22,140.84,139.575,,,,,,,,,,,,,,,,,,,,,,,,,,,,,,,,,,,,,,,,,,,,,,,,,,,,813,251.4
1787080680,143.23,143.23,143.22,143.22,140.84,139.575,,,,,,,,,,,,,,,,,,,,,,,,,,,,,,,,,,,,,,,,,,,,,,,,,,,,130,251.5
1787080740,143.26,143.26,143.23,143.25,140.84,139.575,,,,,,,,,,,,,,,,,,,,,,,,,,,,,,,,,,,,,,,,,,,,,,,,,,,,120,235.7
1787080800,143.245,143.36,143.245,143.345,140.84,139.575,,,,,,,,,,,,,,,,,,,,,,,,,,,,,,,,,,,,,,,,,,,,,,,,,,,,799,259.35
1787080860,143.33,143.34,143.31,143.31,140.84,139.575,,,,,,,,,,,,,,,,,,,,,,,,,,,,,,,,,,,,,,,,,,,,,,,,,,,,38,258.15
1787080920,143.29,143.3,143.29,143.29,140.84,139.575,,,,,,,,,,,,,,,,,,,,,,,,,,,,,,,,,,,,,,,,,,,,,,,,,,,,85,255.25
1787080980,143.28,143.3,143.26,143.295,140.84,139.575,,,,,,,,,,,,,,,,,,,,,,,,,,,,,,,,,,,,,,,,,,,,,,,,,,,,300,258.55
1787081040,143.28,143.28,143.24,143.26,140.84,139.575,,,,,,,,,,,,,,,,,,,,,,,,,,,,,,,,,,,,,,,,,,,,,,,,,,,,420,263.05
1787081100,143.21,143.215,143.19,143.21,140.84,139.575,,,,,,,,,,,,,,,,,,,,,,,,,,,,,,,,,,,,,,,,,,,,,,,,,,,,260,257.9
1787081160,143.14,143.17,143.09,143.1,140.84,139.575,,,,,,,,,,,,,,,,,,,,,,,,,,,,,,,,,,,,,,,,,,,,,,,,,,,,410,275.7
1787081220,143.05,143.05,143,143,140.84,139.575,,,,,,,,,,,,,,,,,,,,,,,,,,,,,,,,,,,,,,,,,,,,,,,,,,,,1032,314.5
1787081280,143.03,143.04,143,143.04,140.84,139.575,,,,,,,,,,,,,,,,,,,,,,,,,,,,,,,,,,,,,,,,,,,,,,,,,,,,7773,686.95
1787081340,143.05,143.055,142.91,142.94,140.84,139.575,,,,,,,,,,,,,,,,,,,,,,,,,,,,,,,,,,,,,,,,,,,,,,,,,,,,1970,774
1787081400,142.97,143.14,142.97,143.14,140.84,139.575,,,,,,,,,,,,,,,,,,,,,,,,,,,,,,,,,,,,,,,,,,,,,,,,,,,,1125,822.15
1787081460,143.13,143.19,143.12,143.18,140.84,139.575,,,,,,,,,,,,,,,,,,,,,,,,,,,,,,,,,,,,,,,,,,,,,,,,,,,,644,844.55
1787081520,143.15,143.18,143.11,143.17,140.84,139.575,,,,,,,,,,,,,,,,,,,,,,,,,,,,,,,,,,,,,,,,,,,,,,,,,,,,297,841.6
1787081580,143.22,143.22,143.17,143.19,140.84,139.575,,,,,,,,,,,,,,,,,,,,,,,,,,,,,,,,,,,,,,,,,,,,,,,,,,,,517,860
1787081640,143.17,143.175,143.09,143.11,140.84,139.575,,,,,,,,,,,,,,,,,,,,,,,,,,,,,,,,,,,,,,,,,,,,,,,,,,,,1201,911.8
1787081700,143.16,143.2,143.16,143.16,140.84,139.575,,,,,,,,,,,,,,,,,,,,,,,,,,,,,,,,,,,,,,,,,,,,,,,,,,,,515,926.45
1787081760,143.18,143.18,143.13,143.17,140.84,139.575,,,,,,,,,,,,,,,,,,,,,,,,,,,,,,,,,,,,,,,,,,,,,,,,,,,,1093,977.1
1787081820,143.15,143.19,143.14,143.16,140.84,139.575,,,,,,,,,,,,,,,,,,,,,,,,,,,,,,,,,,,,,,,,,,,,,,,,,,,,623,967.6
1787081880,143.14,143.14,143.11,143.11,140.84,139.575,,,,,,,,,,,,,,,,,,,,,,,,,,,,,,,,,,,,,,,,,,,,,,,,,,,,395,980.85
1787081940,143.1,143.1,143.05,143.06,140.84,139.575,,,,,,,,,,,,,,,,,,,,,,,,,,,,,,,,,,,,,,,,,,,,,,,,,,,,266,988.15
1787082000,143.05,143.1,143.01,143.02,140.84,139.575,,,,,,,,,,,,,,,,,,,,,,,,,,,,,,,,,,,,,,,,,,,,,,,,,,,,2093,1052.85
1787082060,143.06,143.13,143.05,143.13,140.84,139.575,,,,,,,,,,,,,,,,,,,,,,,,,,,,,,,,,,,,,,,,,,,,,,,,,,,,715,1086.7
1787082120,143.14,143.15,143.11,143.11,140.84,139.575,,,,,,,,,,,,,,,,,,,,,,,,,,,,,,,,,,,,,,,,,,,,,,,,,,,,577,1111.3
1787082180,143.09,143.1,143.03,143.08,140.84,139.575,,,,,,,,,,,,,,,,,,,,,,,,,,,,,,,,,,,,,,,,,,,,,,,,,,,,776,1135.1
1787082240,143.14,143.14,143.04,143.08,140.84,139.575,,,,,,,,,,,,,,,,,,,,,,,,,,,,,,,,,,,,,,,,,,,,,,,,,,,,1084,1168.3
1787082300,143.08,143.09,143.05,143.05,140.84,139.575,,,,,,,,,,,,,,,,,,,,,,,,,,,,,,,,,,,,,,,,,,,,,,,,,,,,832,1196.9
1787082360,143.04,143.16,143.01,143.13,140.84,139.575,,,,,,,,,,,,,,,,,,,,,,,,,,,,,,,,,,,,,,,,,,,,,,,,,,,,1086,1230.7
1787082420,143.135,143.16,143.12,143.16,140.84,139.575,,,,,,,,,,,,,,,,,,,,,,,,,,,,,,,,,,,,,,,,,,,,,,,,,,,,627,1210.45
1787082480,143.2,143.32,143.2,143.295,140.84,139.575,,,,,,,,,,,,,,,,,,,,,,,,,,,,,,,,,,,,,,,,,,,,,,,,,,,,1022,872.9
1787082540,143.3,143.38,143.3,143.34,140.84,139.575,,,,,,,,,,,,,,,,,,,,,,,,,,,,,,,,,,,,,,,,,,,,,,,,,,,,1201,834.45
1787082600,143.33,143.435,143.26,143.31,140.84,139.575,,,,,,,,,,,,,,,,,,,,,,,,,,,,,,,,,,,,,,,,,,,,,,,,,,,,3314,943.9
1787082660,143.33,143.37,143.28,143.3,140.84,139.575,,,,,,,,,,,,,,,,,,,,,,,,,,,,,,,,,,,,,,,,,,,,,,,,,,,,1939,1008.65
1787082720,143.32,143.36,143.24,143.35,140.84,139.575,,,,,,,,,,,,,,,,,,,,,,,,,,,,,,,,,,,,,,,,,,,,,,,,,,,,1880,1087.8
1787082780,143.31,143.39,143.28,143.32,140.84,139.575,,,,,,,,,,,,,,,,,,,,,,,,,,,,,,,,,,,,,,,,,,,,,,,,,,,,2031,1163.5
1787082840,143.37,143.69,143.37,143.67,140.84,139.575,,,,,,,,,,,,,,,,,,,,,,,,,,,,,,,,,,,,,,,,,,,,,,,,,,,,4884,1347.65
1787082900,143.63,143.73,143.54,143.65,140.84,139.575,,,,,,,,,,,,,,,,,,,,,,,,,,,,,,,,,,,,,,,,,,,,,,,,,,,,3352,1489.5
1787082960,143.65,143.65,143.52,143.64,140.84,139.575,,,,,,,,,,,,,,,,,,,,,,,,,,,,,,,,,,,,,,,,,,,,,,,,,,,,3398,1604.75
1787083020,143.65,143.695,143.55,143.59,140.84,139.575,,,,,,,,,,,,,,,,,,,,,,,,,,,,,,,,,,,,,,,,,,,,,,,,,,,,3656,1756.4
1787083080,143.59,143.59,143.51,143.52,140.84,139.575,,,,,,,,,,,,,,,,,,,,,,,,,,,,,,,,,,,,,,,,,,,,,,,,,,,,4786,1975.95
1787083140,143.53,143.63,143.325,143.44,140.84,139.575,,,1,21,1,1787060700000,140.85,140.84,139.575,1.2650000000000148,0.31671205745063,2.158324458643942,0.10649627263046198,1,1787060760000,1,0,,,,0,0,0,0,0,,,,0,0,0,0,0,,,,0,0,0,0,0,,,,0,0,0,0,,-1,21,13504,2637.85
1787146200,145.49,145.68,144.55,145.5,145.68,144.55,,,,,,,,,,,,,,,,,,,,,,,,,,,,,,,,,,,,,,,,,,,,,,,,,,,,6175,2841.95
1787146260,145.495,145.495,144.75,145.21,145.68,144.55,,,,,,,,,,,,,,,,,,,,,,,,,,,,,,,,,,,,,,,,,,,,,,,,,,,,4641,3038.25
1787146320,145.11,145.11,144.58,144.75,145.68,144.55,,,,,,,,,,,,,,,,,,,,,,,,,,,,,,,,,,,,,,,,,,,,,,,,,,,,1064,3062.6
1787146380,144.79,145.095,144.79,145.055,145.68,144.55,,,,,,,,,,,,,,,,,,,,,,,,,,,,,,,,,,,,,,,,,,,,,,,,,,,,1555,3101.55
1787146440,145.09,145.89,145.045,145.89,145.89,144.55,,,,,,,,,,,,,,,,,,,,,,,,,,,,,,,,,,,,,,,,,,,,,,,,,,,,5194,3307.05
1787146500,146,146.34,145.95,146.31,146.34,144.55,,,,,,,,,,,,,,,,,,,,,,,,,,,,,,,,,,,,,,,,,,,,,,,,,,,,6209,3575.9
1787146560,146.34,146.93,146.34,146.86,146.93,144.55,,,,,,,,,,,,,,,,,,,,,,,,,,,,,,,,,,,,,,,,,,,,,,,,,,,,2574,3650.3
1787146620,146.9,146.93,146.6,146.86,146.93,144.55,,,,,,,,,,,,,,,,,,,,,,,,,,,,,,,,,,,,,,,,,,,,,,,,,,,,2847,3761.3
1787146680,146.87,147.09,146.76,146.81,147.09,144.55,,,,,,,,,,,,,,,,,,,,,,,,,,,,,,,,,,,,,,,,,,,,,,,,,,,,2006,3810.5
1787146740,146.8,147.17,146.8,147.17,147.17,144.55,,,,,,,,,,,,,,,,,,,,,,,,,,,,,,,,,,,,,,,,,,,,,,,,,,,,965,3798.7
1787146800,147.11,147.14,146.91,146.91,147.17,144.55,,,,,,,,,,,,,,,,,,,,,,,,,,,,,,,,,,,,,,,,,,,,,,,,,,,,849,3675.45
1787146860,146.93,147.32,146.82,147.32,147.32,144.55,,,,,,,,,,,,,,,,,,,,,,,,,,,,,,,,,,,,,,,,,,,,,,,,,,,,1599,3658.45
1787146920,147.33,147.38,147.13,147.25,147.38,144.55,,,,,,,,,,,,,,,,,,,,,,,,,,,,,,,,,,,,,,,,,,,,,,,,,,,,1689,3648.9
1787146980,147.22,147.24,147.16,147.23,147.38,144.55,,,,,,,,,,,,,,,,,,,,,,,,,,,,,,,,,,,,,,,,,,,,,,,,,,,,656,3580.15
1787147040,147.25,147.63,147.23,147.63,147.63,144.55,,,,,,,,,,,,,,,,,,,,,,,,,,,,,,,,,,,,,,,,,,,,,,,,,,,,1575,3414.7
1787147100,147.64,148.1,147.64,148.1,147.63,144.55,,,,,,,,,,,,,,,,,,,,,,,,,,,,,,,,,,,,,,,,,,,,,,,,,,,,3220,3408.1
1787147160,148.11,148.11,147.92,148.04,147.63,144.55,,,,,,,,,,,,,,,,,,,,,,,,,,,,,,,,,,,,,,,,,,,,,,,,,,,,4997,3488.05
1787147220,148,148,147.63,147.78,147.63,144.55,,,,,,,,,,,,,,,,,,,,,,,,,,,,,,,,,,,,,,,,,,,,,,,,,,,,3511,3480.8
1787147280,147.79,148.07,147.78,148.07,147.63,144.55,,,,,,,,,,,,,,,,,,,,,,,,,,,,,,,,,,,,,,,,,,,,,,,,,,,,1107,3296.85
1787147340,148.06,148.06,147.7,147.7,147.63,144.55,,,,,,,,,,,,,,,,,,,,,,,,,,,,,,,,,,,,,,,,,,,,,,,,,,,,2826,2762.95
1787147400,147.72,147.8,147.58,147.79,147.63,144.55,,,,,,,,,,,,,,,,,,,,,,,,,,,,,,,,,,,,,,,,,,,,,,,,,,,,3125,2610.45
1787147460,147.78,148.18,147.77,148.04,147.63,144.55,,,,,,,,,,,,,,,,,,,,,,,,,,,,,,,,,,,,,,,,,,,,,,,,,,,,1411,2448.95
1787147520,148.04,148.13,147.77,148.12,147.63,144.55,,,,,,,,,,,,,,,,,,,,,,,,,,,,,,,,,,,,,,,,,,,,,,,,,,,,1835,2487.5
1787147580,148.09,148.5,147.98,148.5,147.63,144.55,,,,,,,,,,,,,,,,,,,,,,,,,,,,,,,,,,,,,,,,,,,,,,,,,,,,4759,2647.7
1787147640,148.51,148.82,148.5,148.82,147.63,144.55,,,,,,,,,,,,,,,,,,,,,,,,,,,,,,,,,,,,,,,,,,,,,,,,,,,,1242,2450.1
1787147700,148.84,148.98,148.58,148.74,147.63,144.55,,,,,,,,,,,,,,,,,,,,,,,,,,,,,,,,,,,,,,,,,,,,,,,,,,,,2330,2256.15
1787147760,148.635,148.73,148.43,148.5,147.63,144.55,,,,,,,,,,,,,,,,,,,,,,,,,,,,,,,,,,,,,,,,,,,,,,,,,,,,3921,2323.5
1787147820,148.56,148.7,148.51,148.63,147.63,144.55,,,,,,,,,,,,,,,,,,,,,,,,,,,,,,,,,,,,,,,,,,,,,,,,,,,,2052,2283.75
1787147880,148.51,148.51,148.125,148.125,147.63,144.55,,,,,,,,,,,,,,,,,,,,,,,,,,,,,,,,,,,,,,,,,,,,,,,,,,,,1854,2276.15
1787147940,148.02,148.11,147.93,147.99,147.63,144.55,,,,,,,,,,,,,,,,,,,,,,,,,,,,,,,,,,,,,,,,,,,,,,,,,,,,918,2273.8
1787148000,148.08,148.3,147.98,148.3,147.63,144.55,,,,,,,,,,,,,,,,,,,,,,,,,,,,,,,,,,,,,,,,,,,,,,,,,,,,1452,2303.95
1787148060,148.33,148.58,148.29,148.55,147.63,144.55,,,,,,,,,,,,,,,,,,,,,,,,,,,,,,,,,,,,,,,,,,,,,,,,,,,,1201,2284.05
1787148120,148.61,148.61,148.41,148.41,147.63,144.55,,,,,,,,,,,,,,,,,,,,,,,,,,,,,,,,,,,,,,,,,,,,,,,,,,,,439,2221.55
1787148180,148.52,148.52,148.32,148.41,147.63,144.55,,,,,,,,,,,,,,,,,,,,,,,,,,,,,,,,,,,,,,,,,,,,,,,,,,,,745,2226
1787148240,148.43,148.43,148.1,148.16,147.63,144.55,,,,,,,,,,,,,,,,,,,,,,,,,,,,,,,,,,,,,,,,,,,,,,,,,,,,755,2185
1787148300,148.07,148.23,148.07,148.23,147.63,144.55,,,,,,,,,,,,,,,,,,,,,,,,,,,,,,,,,,,,,,,,,,,,,,,,,,,,610,2054.5
1787148360,148.27,148.42,148.23,148.41,147.63,144.55,,,,,,,,,,,,,,,,,,,,,,,,,,,,,,,,,,,,,,,,,,,,,,,,,,,,663,1837.8
1787148420,148.43,148.56,148.4,148.5,147.63,144.55,,,,,,,,,,,,,,,,,,,,,,,,,,,,,,,,,,,,,,,,,,,,,,,,,,,,1087,1716.6
1787148480,148.56,148.63,148.36,148.63,147.63,144.55,,,,,,,,,,,,,,,,,,,,,,,,,,,,,,,,,,,,,,,,,,,,,,,,,,,,1088,1715.65
1787148540,148.7,148.85,148.61,148.78,147.63,144.55,,,,,,,,,,,,,,,,,,,,,,,,,,,,,,,,,,,,,,,,,,,,,,,,,,,,2072,1677.95
1787148600,148.74,148.92,148.72,148.87,147.63,144.55,,,,,,,,,,,,,,,,,,,,,,,,,,,,,,,,,,,,,,,,,,,,,,,,,,,,2270,1635.2
1787148660,148.88,148.88,148.76,148.8,147.63,144.55,,,,,,,,,,,,,,,,,,,,,,,,,,,,,,,,,,,,,,,,,,,,,,,,,,,,1685,1648.9
1787148720,148.79,148.85,148.34,148.38,147.63,144.55,,,,,,,,,,,,,,,,,,,,,,,,,,,,,,,,,,,,,,,,,,,,,,,,,,,,2193,1666.8
1787148780,148.48,148.77,148.475,148.74,147.63,144.55,,,,,,,,,,,,,,,,,,,,,,,,,,,,,,,,,,,,,,,,,,,,,,,,,,,,1873,1522.5
1787148840,148.61,148.73,148.6,148.6,147.63,144.55,,,,,,,,,,,,,,,,,,,,,,,,,,,,,,,,,,,,,,,,,,,,,,,,,,,,1961,1558.45
1787148900,148.57,148.64,148.52,148.525,147.63,144.55,,,,,,,,,,,,,,,,,,,,,,,,,,,,,,,,,,,,,,,,,,,,,,,,,,,,2181,1551
1787148960,148.42,148.43,148.3,148.42,147.63,144.55,,,,,,,,,,,,,,,,,,,,,,,,,,,,,,,,,,,,,,,,,,,,,,,,,,,,1701,1440
1787149020,148.37,148.57,148.26,148.57,147.63,144.55,,,,,,,,,,,,,,,,,,,,,,,,,,,,,,,,,,,,,,,,,,,,,,,,,,,,3720,1523.4
1787149080,148.52,148.56,148.31,148.31,147.63,144.55,,,,,,,,,,,,,,,,,,,,,,,,,,,,,,,,,,,,,,,,,,,,,,,,,,,,2173,1539.35
1787149140,148.33,148.58,148.33,148.5,147.63,144.55,,,,,,,,,,,,,,,,,,,,,,,,,,,,,,,,,,,,,,,,,,,,,,,,,,,,2567,1621.8
1787149200,148.53,148.55,148.25,148.33,147.63,144.55,,,,,,,,,,,,,,,,,,,,,,,,,,,,,,,,,,,,,,,,,,,,,,,,,,,,1955,1646.95
1787149260,148.39,148.54,148.37,148.46,147.63,144.55,,,,,,,,,,,,,,,,,,,,,,,,,,,,,,,,,,,,,,,,,,,,,,,,,,,,1749,1674.35
1787149320,148.51,148.8,148.5,148.67,147.63,144.55,,,,,,,,,,,,,,,,,,,,,,,,,,,,,,,,,,,,,,,,,,,,,,,,,,,,1125,1708.65
1787149380,148.56,148.7,148.49,148.58,147.63,144.55,,,,,,,,,,,,,,,,,,,,,,,,,,,,,,,,,,,,,,,,,,,,,,,,,,,,846,1713.7
1787149440,148.36,148.36,148.13,148.28,147.63,144.55,,,,,,,,,,,,,,,,,,,,,,,,,,,,,,,,,,,,,,,,,,,,,,,,,,,,768,1714.35
1787149500,148.31,148.31,148.02,148.16,147.63,144.55,,,,,,,,,,,,,,,,,,,,,,,,,,,,,,,,,,,,,,,,,,,,,,,,,,,,236,1695.65
1787149560,148.09,148.13,147.99,148.13,147.63,144.55,,,,,,,,,,,,,,,,,,,,,,,,,,,,,,,,,,,,,,,,,,,,,,,,,,,,815,1703.25
1787149620,148,148.02,147.86,147.91,147.63,144.55,,,,,,,,,,,,,,,,,,,,,,,,,,,,,,,,,,,,,,,,,,,,,,,,,,,,1422,1720
1787149680,147.95,147.96,147.77,147.9,147.63,144.55,,,,,,,,,,,,,,,,,,,,,,,,,,,,,,,,,,,,,,,,,,,,,,,,,,,,2573,1794.25
1787149740,147.86,148.02,147.86,148,147.63,144.55,,,,,,,,,,,,,,,,,,,,,,,,,,,,,,,,,,,,,,,,,,,,,,,,,,,,654,1723.35
1787149800,147.99,147.99,147.72,147.79,147.63,144.55,,,,,,,,,,,,,,,,,,,,,,,,,,,,,,,,,,,,,,,,,,,,,,,,,,,,1957,1707.7
1787149860,147.66,147.95,147.66,147.92,147.63,144.55,,,,,,,,,,,,,,,,,,,,,,,,,,,,,,,,,,,,,,,,,,,,,,,,,,,,574,1652.15
1787149920,147.9,148.005,147.9,148,147.63,144.55,,,,,,,,,,,,,,,,,,,,,,,,,,,,,,,,,,,,,,,,,,,,,,,,,,,,401,1562.55
1787149980,147.99,147.99,147.89,147.94,147.63,144.55,,,,,,,,,,,,,,,,,,,,,,,,,,,,,,,,,,,,,,,,,,,,,,,,,,,,499,1493.85
1787150040,147.94,148.18,147.94,148.18,147.63,144.55,,,,,,,,,,,,,,,,,,,,,,,,,,,,,,,,,,,,,,,,,,,,,,,,,,,,395,1415.55
1787150100,148,148.17,148,148.02,147.63,144.55,,,,,,,,,,,,,,,,,,,,,,,,,,,,,,,,,,,,,,,,,,,,,,,,,,,,1074,1360.2
1787150160,148.03,148.04,148.03,148.03,147.63,144.55,,,,,,,,,,,,,,,,,,,,,,,,,,,,,,,,,,,,,,,,,,,,,,,,,,,,205,1285.4
1787150220,148.04,148.21,148.04,148.2,147.63,144.55,,,,,,,,,,,,,,,,,,,,,,,,,,,,,,,,,,,,,,,,,,,,,,,,,,,,758,1137.3
1787150280,148.2,148.28,148.06,148.06,147.63,144.55,,,,,,,,,,,,,,,,,,,,,,,,,,,,,,,,,,,,,,,,,,,,,,,,,,,,2453,1151.3
1787150340,148.02,148.06,147.89,147.89,147.63,144.55,,,,,,,,,,,,,,,,,,,,,,,,,,,,,,,,,,,,,,,,,,,,,,,,,,,,547,1050.3
1787150400,147.88,147.9,147.8,147.9,147.63,144.55,,,,,,,,,,,,,,,,,,,,,,,,,,,,,,,,,,,,,,,,,,,,,,,,,,,,1358,1020.45
1787150460,147.83,147.9,147.795,147.9,147.63,144.55,,,,,,,,,,,,,,,,,,,,,,,,,,,,,,,,,,,,,,,,,,,,,,,,,,,,806,973.3
1787150520,147.84,147.88,147.83,147.85,147.63,144.55,,,,,,,,,,,,,,,,,,,,,,,,,,,,,,,,,,,,,,,,,,,,,,,,,,,,743,954.2
1787150580,147.82,148.02,147.79,147.91,147.63,144.55,,,,,,,,,,,,,,,,,,,,,,,,,,,,,,,,,,,,,,,,,,,,,,,,,,,,1265,975.15
1787150640,147.93,147.97,147.8,147.8,147.63,144.55,,,,,,,,,,,,,,,,,,,,,,,,,,,,,,,,,,,,,,,,,,,,,,,,,,,,589,966.2
1787150700,147.75,148.1,147.73,148.1,147.63,144.55,,,,,,,,,,,,,,,,,,,,,,,,,,,,,,,,,,,,,,,,,,,,,,,,,,,,869,997.85
1787150760,148.06,148.06,147.83,147.97,147.63,144.55,,,,,,,,,,,,,,,,,,,,,,,,,,,,,,,,,,,,,,,,,,,,,,,,,,,,610,987.6
1787150880,147.9,147.9,147.83,147.89,147.63,144.55,,,,,,,,,,,,,,,,,,,,,,,,,,,,,,,,,,,,,,,,,,,,,,,,,,,,415,937.25
1787150940,147.72,147.72,147.61,147.61,147.63,144.55,,,,,,,,,,,,,,,,,,,,,,,,,,,,,,,,,,,,,,,,,,,,,,,,,,,,1146,865.9
1787151000,147.72,147.74,147.53,147.53,147.63,144.55,,,,,,,,,,,,,,,,,,,,,,,,,,,,,,,,,,,,,,,,,,,,,,,,,,,,59,836.15
1787151060,147.49,147.6,147.45,147.6,147.63,144.55,,,,,,,,,,,,,,,,,,,,,,,,,,,,,,,,,,,,,,,,,,,,,,,,,,,,591,767.85
1787151120,147.6,147.64,147.52,147.52,147.63,144.55,,,,,,,,,,,,,,,,,,,,,,,,,,,,,,,,,,,,,,,,,,,,,,,,,,,,535,765.9
1787151180,147.47,147.47,147.27,147.27,147.63,144.55,,,,,,,,,,,,,,,,,,,,,,,,,,,,,,,,,,,,,,,,,,,,,,,,,,,,392,765.45
1787151240,147.27,147.3,147.22,147.22,147.63,144.55,,,,,,,,,,,,,,,,,,,,,,,,,,,,,,,,,,,,,,,,,,,,,,,,,,,,942,787.6
1787151300,147.25,147.3,147.2,147.3,147.63,144.55,,,,,,,,,,,,,,,,,,,,,,,,,,,,,,,,,,,,,,,,,,,,,,,,,,,,1652,850.45
1787151360,147.22,147.26,147.07,147.235,147.63,144.55,,,,,,,,,,,,,,,,,,,,,,,,,,,,,,,,,,,,,,,,,,,,,,,,,,,,3182,955.85
1787151420,147.28,147.39,147.22,147.39,147.63,144.55,,,,,,,,,,,,,,,,,,,,,,,,,,,,,,,,,,,,,,,,,,,,,,,,,,,,5043,1197.75
1787151480,147.44,147.63,147.44,147.55,147.63,144.55,,,,,,,,,,,,,,,,,,,,,,,,,,,,,,,,,,,,,,,,,,,,,,,,,,,,938,1206.75
1787151540,147.54,147.56,147.46,147.46,147.63,144.55,,,,,,,,,,,,,,,,,,,,,,,,,,,,,,,,,,,,,,,,,,,,,,,,,,,,345,1101.35
1787151600,147.51,147.57,147.28,147.28,147.63,144.55,,,,,,,,,,,,,,,,,,,,,,,,,,,,,,,,,,,,,,,,,,,,,,,,,,,,1514,1149.7
1787151660,147.21,147.27,147.21,147.27,147.63,144.55,,,,,,,,,,,,,,,,,,,,,,,,,,,,,,,,,,,,,,,,,,,,,,,,,,,,202,1091.9
1787151720,147.28,147.32,147.24,147.24,147.63,144.55,,,,,,,,,,,,,,,,,,,,,,,,,,,,,,,,,,,,,,,,,,,,,,,,,,,,324,1067.8
1787151780,147.25,147.37,147.25,147.34,147.63,144.55,,,,,,,,,,,,,,,,,,,,,,,,,,,,,,,,,,,,,,,,,,,,,,,,,,,,2016,1131.45
1787151840,147.37,147.43,147.31,147.31,147.63,144.55,,,,,,,,,,,,,,,,,,,,,,,,,,,,,,,,,,,,,,,,,,,,,,,,,,,,217,1079.05
1787151900,147.35,147.54,147.34,147.54,147.63,144.55,,,,,,,,,,,,,,,,,,,,,,,,,,,,,,,,,,,,,,,,,,,,,,,,,,,,878,1093.5
1787151960,147.53,147.56,147.4,147.42,147.63,144.55,,,,,,,,,,,,,,,,,,,,,,,,,,,,,,,,,,,,,,,,,,,,,,,,,,,,860,1093.05
1787152020,147.4,147.4,147.305,147.33,147.63,144.55,,,,,,,,,,,,,,,,,,,,,,,,,,,,,,,,,,,,,,,,,,,,,,,,,,,,917,1108.4
1787152080,147.35,147.38,147.295,147.375,147.63,144.55,,,,,,,,,,,,,,,,,,,,,,,,,,,,,,,,,,,,,,,,,,,,,,,,,,,,612,1118.25
1787152140,147.38,147.68,147.38,147.68,147.63,144.55,,,,,,,,,,,,,,,,,,,,,,,,,,,,,,,,,,,,,,,,,,,,,,,,,,,,373,1079.6
1787152200,147.65,147.65,147.41,147.42,147.63,144.55,,,,,,,,,,,,,,,,,,,,,,,,,,,,,,,,,,,,,,,,,,,,,,,,,,,,508,1102.05
1787152260,147.54,147.62,147.54,147.62,147.63,144.55,,,,,,,,,,,,,,,,,,,,,,,,,,,,,,,,,,,,,,,,,,,,,,,,,,,,278,1086.4
1787152320,147.43,147.49,147.415,147.49,147.63,144.55,,,,,,,,,,,,,,,,,,,,,,,,,,,,,,,,,,,,,,,,,,,,,,,,,,,,461,1082.7
1787152380,147.49,147.49,147.4,147.47,147.63,144.55,,,,,,,,,,,,,,,,,,,,,,,,,,,,,,,,,,,,,,,,,,,,,,,,,,,,589,1092.55
1787152440,147.45,147.58,147.45,147.58,147.63,144.55,,,,,,,,,,,,,,,,,,,,,,,,,,,,,,,,,,,,,,,,,,,,,,,,,,,,332,1062.05
1787152500,147.59,147.63,147.51,147.51,147.63,144.55,,,,,,,,,,,,,,,,,,,,,,,,,,,,,,,,,,,,,,,,,,,,,,,,,,,,298,994.35
1787152560,147.49,147.5,147.44,147.44,147.63,144.55,,,,,,,,,,,,,,,,,,,,,,,,,,,,,,,,,,,,,,,,,,,,,,,,,,,,739,872.2
1787152620,147.45,147.53,147.45,147.53,147.63,144.55,,,,,,,,,,,,,,,,,,,,,,,,,,,,,,,,,,,,,,,,,,,,,,,,,,,,743,657.2
1787152680,147.53,147.53,147.43,147.51,147.63,144.55,,,,,,,,,,,,,,,,,,,,,,,,,,,,,,,,,,,,,,,,,,,,,,,,,,,,844,652.5
1787152740,147.46,147.47,147.43,147.47,147.63,144.55,,,,,,,,,,,,,,,,,,,,,,,,,,,,,,,,,,,,,,,,,,,,,,,,,,,,357,653.1
1787152800,147.46,147.46,147.42,147.44,147.63,144.55,,,,,,,,,,,,,,,,,,,,,,,,,,,,,,,,,,,,,,,,,,,,,,,,,,,,817,618.25
1787152860,147.42,147.44,147.37,147.44,147.63,144.55,,,,,,,,,,,,,,,,,,,,,,,,,,,,,,,,,,,,,,,,,,,,,,,,,,,,211,618.7
1787152920,147.45,147.45,147.27,147.27,147.63,144.55,,,,,,,,,,,,,,,,,,,,,,,,,,,,,,,,,,,,,,,,,,,,,,,,,,,,649,634.95
1787152980,147.265,147.265,147.16,147.16,147.63,144.55,,,,,,,,,,,,,,,,,,,,,,,,,,,,,,,,,,,,,,,,,,,,,,,,,,,,222,545.25
1787153040,147.15,147.34,147.11,147.34,147.63,144.55,,,,,,,,,,,,,,,,,,,,,,,,,,,,,,,,,,,,,,,,,,,,,,,,,,,,1442,606.5
1787153100,147.24,147.33,147.175,147.175,147.63,144.55,,,,,,,,,,,,,,,,,,,,,,,,,,,,,,,,,,,,,,,,,,,,,,,,,,,,1568,641
1787153160,147.15,147.32,147.15,147.3,147.63,144.55,,,,,,,,,,,,,,,,,,,,,,,,,,,,,,,,,,,,,,,,,,,,,,,,,,,,217,608.85
1787153220,147.33,147.33,147.25,147.26,147.63,144.55,,,,,,,,,,,,,,,,,,,,,,,,,,,,,,,,,,,,,,,,,,,,,,,,,,,,1537,639.85
1787153280,147.27,147.285,147.19,147.19,147.63,144.55,,,,,,,,,,,,,,,,,,,,,,,,,,,,,,,,,,,,,,,,,,,,,,,,,,,,918,655.15
1787153340,147.18,147.22,147.15,147.15,147.63,144.55,,,,,,,,,,,,,,,,,,,,,,,,,,,,,,,,,,,,,,,,,,,,,,,,,,,,879,680.45
1787153400,147.17,147.21,147.17,147.21,147.63,144.55,,,,,,,,,,,,,,,,,,,,,,,,,,,,,,,,,,,,,,,,,,,,,,,,,,,,406,675.35
1787153460,147.16,147.23,147.11,147.22,147.63,144.55,,,,,,,,,,,,,,,,,,,,,,,,,,,,,,,,,,,,,,,,,,,,,,,,,,,,939,708.4
1787153520,147.17,147.17,147.08,147.08,147.63,144.55,,,,,,,,,,,,,,,,,,,,,,,,,,,,,,,,,,,,,,,,,,,,,,,,,,,,660,718.35
1787153580,147.09,147.13,147.03,147.06,147.63,144.55,,,,,,,,,,,,,,,,,,,,,,,,,,,,,,,,,,,,,,,,,,,,,,,,,,,,1265,752.15
1787153640,147.12,147.12,147.08,147.12,147.63,144.55,,,,,,,,,,,,,,,,,,,,,,,,,,,,,,,,,,,,,,,,,,,,,,,,,,,,445,757.8
1787153700,147.25,147.26,147.21,147.22,147.63,144.55,,,,,,,,,,,,,,,,,,,,,,,,,,,,,,,,,,,,,,,,,,,,,,,,,,,,1013,793.55
1787153760,147.22,147.345,147.21,147.23,147.63,144.55,,,,,,,,,,,,,,,,,,,,,,,,,,,,,,,,,,,,,,,,,,,,,,,,,,,,1687,840.95
1787153820,147.26,147.26,147.14,147.14,147.63,144.55,,,,,,,,,,,,,,,,,,,,,,,,,,,,,,,,,,,,,,,,,,,,,,,,,,,,344,821
1787153880,147.15,147.15,147.07,147.12,147.63,144.55,,,,,,,,,,,,,,,,,,,,,,,,,,,,,,,,,,,,,,,,,,,,,,,,,,,,400,798.8
1787153940,147.12,147.18,147.12,147.18,147.63,144.55,,,,,,,,,,,,,,,,,,,,,,,,,,,,,,,,,,,,,,,,,,,,,,,,,,,,899,825.9
1787154000,147.235,147.235,147.08,147.11,147.63,144.55,,,,,,,,,,,,,,,,,,,,,,,,,,,,,,,,,,,,,,,,,,,,,,,,,,,,98,789.95
1787154060,147.05,147.13,147.02,147.04,147.63,144.55,,,,,,,,,,,,,,,,,,,,,,,,,,,,,,,,,,,,,,,,,,,,,,,,,,,,1174,838.1
1787154120,147.02,147.02,146.82,146.89,147.63,144.55,,,,,,,,,,,,,,,,,,,,,,,,,,,,,,,,,,,,,,,,,,,,,,,,,,,,1942,902.75
1787154180,146.94,146.99,146.84,146.895,147.63,144.55,,,,,,,,,,,,,,,,,,,,,,,,,,,,,,,,,,,,,,,,,,,,,,,,,,,,502,916.75
1787154240,146.83,146.84,146.58,146.58,147.63,144.55,,,,,,,,,,,,,,,,,,,,,,,,,,,,,,,,,,,,,,,,,,,,,,,,,,,,1400,914.65
1787154300,146.51,146.56,146.455,146.55,147.63,144.55,,,,,,,,,,,,,,,,,,,,,,,,,,,,,,,,,,,,,,,,,,,,,,,,,,,,1718,922.15
1787154360,146.56,146.67,146.56,146.67,147.63,144.55,,,,,,,,,,,,,,,,,,,,,,,,,,,,,,,,,,,,,,,,,,,,,,,,,,,,503,936.45
1787154420,146.54,146.57,146.53,146.53,147.63,144.55,,,,,,,,,,,,,,,,,,,,,,,,,,,,,,,,,,,,,,,,,,,,,,,,,,,,916,905.4
1787154480,146.47,146.64,146.465,146.58,147.63,144.55,,,,,,,,,,,,,,,,,,,,,,,,,,,,,,,,,,,,,,,,,,,,,,,,,,,,2113,965.15
1787154540,146.59,146.78,146.59,146.78,147.63,144.55,,,,,,,,,,,,,,,,,,,,,,,,,,,,,,,,,,,,,,,,,,,,,,,,,,,,2324,1037.4
1787154600,146.75,146.765,146.73,146.765,147.63,144.55,,,,,,,,,,,,,,,,,,,,,,,,,,,,,,,,,,,,,,,,,,,,,,,,,,,,255,1029.85
1787154660,146.76,146.85,146.75,146.82,147.63,144.55,,,,,,,,,,,,,,,,,,,,,,,,,,,,,,,,,,,,,,,,,,,,,,,,,,,,1252,1045.5
1787154720,146.8,146.86,146.79,146.86,147.63,144.55,,,,,,,,,,,,,,,,,,,,,,,,,,,,,,,,,,,,,,,,,,,,,,,,,,,,331,1029.05
1787154780,146.83,146.87,146.83,146.87,147.63,144.55,,,,,,,,,,,,,,,,,,,,,,,,,,,,,,,,,,,,,,,,,,,,,,,,,,,,116,971.6
1787154840,146.87,146.95,146.865,146.88,147.63,144.55,,,,,,,,,,,,,,,,,,,,,,,,,,,,,,,,,,,,,,,,,,,,,,,,,,,,598,979.25
1787154900,146.88,146.9,146.85,146.87,147.63,144.55,,,,,,,,,,,,,,,,,,,,,,,,,,,,,,,,,,,,,,,,,,,,,,,,,,,,802,968.7
1787154960,146.86,146.9,146.86,146.9,147.63,144.55,,,,,,,,,,,,,,,,,,,,,,,,,,,,,,,,,,,,,,,,,,,,,,,,,,,,458,907.25
1787155020,146.94,147.04,146.94,147.04,147.63,144.55,,,,,,,,,,,,,,,,,,,,,,,,,,,,,,,,,,,,,,,,,,,,,,,,,,,,569,918.5
1787155080,146.93,146.95,146.865,146.9,147.63,144.55,,,,,,,,,,,,,,,,,,,,,,,,,,,,,,,,,,,,,,,,,,,,,,,,,,,,1060,951.5
1787155140,146.91,146.96,146.87,146.96,147.63,144.55,,,,,,,,,,,,,,,,,,,,,,,,,,,,,,,,,,,,,,,,,,,,,,,,,,,,876,950.35
1787155200,146.995,146.995,146.95,146.95,147.63,144.55,,,,,,,,,,,,,,,,,,,,,,,,,,,,,,,,,,,,,,,,,,,,,,,,,,,,155,953.2
1787155260,147.04,147.05,147.015,147.05,147.63,144.55,,,,,,,,,,,,,,,,,,,,,,,,,,,,,,,,,,,,,,,,,,,,,,,,,,,,302,909.6
1787155320,146.95,146.96,146.865,146.89,147.63,144.55,,,,,,,,,,,,,,,,,,,,,,,,,,,,,,,,,,,,,,,,,,,,,,,,,,,,2189,921.95
1787155380,146.86,146.9,146.84,146.9,147.63,144.55,,,,,,,,,,,,,,,,,,,,,,,,,,,,,,,,,,,,,,,,,,,,,,,,,,,,430,918.35
1787155440,146.94,146.94,146.92,146.92,147.63,144.55,,,,,,,,,,,,,,,,,,,,,,,,,,,,,,,,,,,,,,,,,,,,,,,,,,,,150,855.85
1787155500,146.9,146.93,146.87,146.91,147.63,144.55,,,,,,,,,,,,,,,,,,,,,,,,,,,,,,,,,,,,,,,,,,,,,,,,,,,,6531,1096.5
1787155560,146.91,146.91,146.85,146.85,147.63,144.55,,,,,,,,,,,,,,,,,,,,,,,,,,,,,,,,,,,,,,,,,,,,,,,,,,,,421,1092.4
1787155620,146.84,146.92,146.82,146.92,147.63,144.55,,,,,,,,,,,,,,,,,,,,,,,,,,,,,,,,,,,,,,,,,,,,,,,,,,,,777,1085.45
1787155680,146.93,146.94,146.93,146.94,147.63,144.55,,,,,,,,,,,,,,,,,,,,,,,,,,,,,,,,,,,,,,,,,,,,,,,,,,,,290,994.3
1787155740,146.84,146.84,146.77,146.77,147.63,144.55,,,,,,,,,,,,,,,,,,,,,,,,,,,,,,,,,,,,,,,,,,,,,,,,,,,,444,900.3
1787155800,146.82,146.86,146.82,146.86,147.63,144.55,,,,,,,,,,,,,,,,,,,,,,,,,,,,,,,,,,,,,,,,,,,,,,,,,,,,292,902.15
1787155860,146.89,146.93,146.865,146.895,147.63,144.55,,,,,,,,,,,,,,,,,,,,,,,,,,,,,,,,,,,,,,,,,,,,,,,,,,,,956,887.35
1787155920,146.85,146.85,146.82,146.82,147.63,144.55,,,,,,,,,,,,,,,,,,,,,,,,,,,,,,,,,,,,,,,,,,,,,,,,,,,,760,908.8
1787155980,146.83,146.83,146.77,146.79,147.63,144.55,,,,,,,,,,,,,,,,,,,,,,,,,,,,,,,,,,,,,,,,,,,,,,,,,,,,816,943.8
1787156040,146.73,146.77,146.72,146.74,147.63,144.55,,,,,,,,,,,,,,,,,,,,,,,,,,,,,,,,,,,,,,,,,,,,,,,,,,,,396,933.7
1787156100,146.77,146.82,146.76,146.76,147.63,144.55,,,,,,,,,,,,,,,,,,,,,,,,,,,,,,,,,,,,,,,,,,,,,,,,,,,,184,902.8
1787156160,146.855,146.98,146.855,146.89,147.63,144.55,,,,,,,,,,,,,,,,,,,,,,,,,,,,,,,,,,,,,,,,,,,,,,,,,,,,2683,1014.05
1787156220,146.85,146.85,146.85,146.85,147.63,144.55,,,,,,,,,,,,,,,,,,,,,,,,,,,,,,,,,,,,,,,,,,,,,,,,,,,,101,990.65
1787156280,146.91,146.91,146.89,146.89,147.63,144.55,,,,,,,,,,,,,,,,,,,,,,,,,,,,,,,,,,,,,,,,,,,,,,,,,,,,260,950.65
1787156340,146.92,146.92,146.845,146.91,147.63,144.55,,,,,,,,,,,,,,,,,,,,,,,,,,,,,,,,,,,,,,,,,,,,,,,,,,,,673,940.5
1787156400,146.83,146.83,146.83,146.83,147.63,144.55,,,,,,,,,,,,,,,,,,,,,,,,,,,,,,,,,,,,,,,,,,,,,,,,,,,,1,932.8
1787156460,146.8,146.82,146.73,146.82,147.63,144.55,,,,,,,,,,,,,,,,,,,,,,,,,,,,,,,,,,,,,,,,,,,,,,,,,,,,313,933.35
1787156520,146.88,146.9,146.82,146.82,147.63,144.55,,,,,,,,,,,,,,,,,,,,,,,,,,,,,,,,,,,,,,,,,,,,,,,,,,,,261,836.95
1787156580,146.9,146.9,146.76,146.76,147.63,144.55,,,,,,,,,,,,,,,,,,,,,,,,,,,,,,,,,,,,,,,,,,,,,,,,,,,,787,854.8
1787156640,146.7,146.7,146.7,146.7,147.63,144.55,,,,,,,,,,,,,,,,,,,,,,,,,,,,,,,,,,,,,,,,,,,,,,,,,,,,2,847.4
1787156700,146.79,146.82,146.77,146.77,147.63,144.55,,,,,,,,,,,,,,,,,,,,,,,,,,,,,,,,,,,,,,,,,,,,,,,,,,,,270,534.35
1787156760,146.72,146.75,146.59,146.59,147.63,144.55,,,,,,,,,,,,,,,,,,,,,,,,,,,,,,,,,,,,,,,,,,,,,,,,,,,,383,532.45
1787156820,146.56,146.62,146.55,146.62,147.63,144.55,,,,,,,,,,,,,,,,,,,,,,,,,,,,,,,,,,,,,,,,,,,,,,,,,,,,49,496.05
1787156880,146.63,146.64,146.48,146.48,147.63,144.55,,,,,,,,,,,,,,,,,,,,,,,,,,,,,,,,,,,,,,,,,,,,,,,,,,,,236,493.35
1787156940,146.46,146.53,146.46,146.53,147.63,144.55,,,,,,,,,,,,,,,,,,,,,,,,,,,,,,,,,,,,,,,,,,,,,,,,,,,,141,478.2
1787157000,146.49,146.65,146.49,146.63,147.63,144.55,,,,,,,,,,,,,,,,,,,,,,,,,,,,,,,,,,,,,,,,,,,,,,,,,,,,2458,586.5
1787157060,146.63,146.63,146.61,146.62,147.63,144.55,,,,,,,,,,,,,,,,,,,,,,,,,,,,,,,,,,,,,,,,,,,,,,,,,,,,398,558.6
1787157120,146.58,146.635,146.58,146.59,147.63,144.55,,,,,,,,,,,,,,,,,,,,,,,,,,,,,,,,,,,,,,,,,,,,,,,,,,,,791,560.15
1787157180,146.655,146.82,146.64,146.78,147.63,144.55,,,,,,,,,,,,,,,,,,,,,,,,,,,,,,,,,,,,,,,,,,,,,,,,,,,,571,547.9
1787157240,146.77,146.77,146.75,146.75,147.63,144.55,,,,,,,,,,,,,,,,,,,,,,,,,,,,,,,,,,,,,,,,,,,,,,,,,,,,332,544.7
1787157300,146.71,146.71,146.68,146.68,147.63,144.55,,,,,,,,,,,,,,,,,,,,,,,,,,,,,,,,,,,,,,,,,,,,,,,,,,,,957,583.35
1787157360,146.695,146.72,146.69,146.69,147.63,144.55,,,,,,,,,,,,,,,,,,,,,,,,,,,,,,,,,,,,,,,,,,,,,,,,,,,,146,456.5
1787157420,146.72,146.75,146.72,146.72,147.63,144.55,,,,,,,,,,,,,,,,,,,,,,,,,,,,,,,,,,,,,,,,,,,,,,,,,,,,328,467.85
1787157480,146.73,146.76,146.73,146.76,147.63,144.55,,,,,,,,,,,,,,,,,,,,,,,,,,,,,,,,,,,,,,,,,,,,,,,,,,,,170,463.35
1787157540,146.76,146.8,146.63,146.65,147.63,144.55,,,,,,,,,,,,,,,,,,,,,,,,,,,,,,,,,,,,,,,,,,,,,,,,,,,,589,459.15
1787157600,146.61,146.61,146.54,146.55,147.63,144.55,,,,,,,,,,,,,,,,,,,,,,,,,,,,,,,,,,,,,,,,,,,,,,,,,,,,190,468.6
1787157660,146.56,146.6,146.56,146.6,147.63,144.55,,,,,,,,,,,,,,,,,,,,,,,,,,,,,,,,,,,,,,,,,,,,,,,,,,,,114,458.65
1787157720,146.57,146.62,146.56,146.62,147.63,144.55,,,,,,,,,,,,,,,,,,,,,,,,,,,,,,,,,,,,,,,,,,,,,,,,,,,,232,457.2
1787157780,146.6,146.64,146.59,146.64,147.63,144.55,,,,,,,,,,,,,,,,,,,,,,,,,,,,,,,,,,,,,,,,,,,,,,,,,,,,279,431.8
1787157840,146.65,146.66,146.57,146.57,147.63,144.55,,,,,,,,,,,,,,,,,,,,,,,,,,,,,,,,,,,,,,,,,,,,,,,,,,,,199,441.65
1787157900,146.6,146.61,146.57,146.58,147.63,144.55,,,,,,,,,,,,,,,,,,,,,,,,,,,,,,,,,,,,,,,,,,,,,,,,,,,,172,436.75
1787157960,146.57,146.6,146.57,146.57,147.63,144.55,,,,,,,,,,,,,,,,,,,,,,,,,,,,,,,,,,,,,,,,,,,,,,,,,,,,692,452.2
1787158020,146.55,146.55,146.52,146.52,147.63,144.55,,,,,,,,,,,,,,,,,,,,,,,,,,,,,,,,,,,,,,,,,,,,,,,,,,,,233,461.4
1787158080,146.55,146.73,146.55,146.72,147.63,144.55,,,,,,,,,,,,,,,,,,,,,,,,,,,,,,,,,,,,,,,,,,,,,,,,,,,,335,466.35
1787158140,146.62,146.62,146.55,146.6,147.63,144.55,,,,,,,,,,,,,,,,,,,,,,,,,,,,,,,,,,,,,,,,,,,,,,,,,,,,162,467.4
1787158200,146.63,146.63,146.55,146.55,147.63,144.55,,,,,,,,,,,,,,,,,,,,,,,,,,,,,,,,,,,,,,,,,,,,,,,,,,,,353,362.15
1787158260,146.52,146.58,146.52,146.56,147.63,144.55,,,,,,,,,,,,,,,,,,,,,,,,,,,,,,,,,,,,,,,,,,,,,,,,,,,,486,366.55
1787158320,146.57,146.79,146.57,146.79,147.63,144.55,,,,,,,,,,,,,,,,,,,,,,,,,,,,,,,,,,,,,,,,,,,,,,,,,,,,347,344.35
1787158380,146.87,146.955,146.86,146.95,147.63,144.55,,,,,,,,,,,,,,,,,,,,,,,,,,,,,,,,,,,,,,,,,,,,,,,,,,,,451,338.35
1787158440,146.95,146.97,146.95,146.97,147.63,144.55,,,,,,,,,,,,,,,,,,,,,,,,,,,,,,,,,,,,,,,,,,,,,,,,,,,,900,366.75
1787158500,146.91,146.91,146.86,146.86,147.63,144.55,,,,,,,,,,,,,,,,,,,,,,,,,,,,,,,,,,,,,,,,,,,,,,,,,,,,404,339.1
1787158560,146.85,146.89,146.85,146.89,147.63,144.55,,,,,,,,,,,,,,,,,,,,,,,,,,,,,,,,,,,,,,,,,,,,,,,,,,,,236,343.6
1787158620,146.9,146.91,146.83,146.83,147.63,144.55,,,,,,,,,,,,,,,,,,,,,,,,,,,,,,,,,,,,,,,,,,,,,,,,,,,,406,347.5
1787158680,146.86,146.92,146.86,146.89,147.63,144.55,,,,,,,,,,,,,,,,,,,,,,,,,,,,,,,,,,,,,,,,,,,,,,,,,,,,109,344.45
1787158740,146.9,146.9,146.9,146.9,147.63,144.55,,,,,,,,,,,,,,,,,,,,,,,,,,,,,,,,,,,,,,,,,,,,,,,,,,,,28,316.4
1787158800,146.89,146.91,146.84,146.87,147.63,144.55,,,,,,,,,,,,,,,,,,,,,,,,,,,,,,,,,,,,,,,,,,,,,,,,,,,,970,355.4
1787158860,146.86,146.94,146.83,146.94,147.63,144.55,,,,,,,,,,,,,,,,,,,,,,,,,,,,,,,,,,,,,,,,,,,,,,,,,,,,280,363.7
1787158920,146.93,146.94,146.9,146.91,147.63,144.55,,,,,,,,,,,,,,,,,,,,,,,,,,,,,,,,,,,,,,,,,,,,,,,,,,,,572,380.7
1787158980,146.89,146.9,146.89,146.9,147.63,144.55,,,,,,,,,,,,,,,,,,,,,,,,,,,,,,,,,,,,,,,,,,,,,,,,,,,,136,373.55
1787159040,146.93,147.01,146.93,147.01,147.63,144.55,,,,,,,,,,,,,,,,,,,,,,,,,,,,,,,,,,,,,,,,,,,,,,,,,,,,238,375.5
1787159100,147.01,147.05,147.01,147.04,147.63,144.55,,,,,,,,,,,,,,,,,,,,,,,,,,,,,,,,,,,,,,,,,,,,,,,,,,,,81,370.95
1787159160,146.94,146.96,146.94,146.96,147.63,144.55,,,,,,,,,,,,,,,,,,,,,,,,,,,,,,,,,,,,,,,,,,,,,,,,,,,,9,336.8
1787159220,146.955,147.01,146.955,147.01,147.63,144.55,,,,,,,,,,,,,,,,,,,,,,,,,,,,,,,,,,,,,,,,,,,,,,,,,,,,244,337.35
1787159280,147.02,147.02,146.99,147.01,147.63,144.55,,,,,,,,,,,,,,,,,,,,,,,,,,,,,,,,,,,,,,,,,,,,,,,,,,,,244,332.8
1787159340,147.02,147.02,147.02,147.02,147.63,144.55,,,,,,,,,,,,,,,,,,,,,,,,,,,,,,,,,,,,,,,,,,,,,,,,,,,,100,329.7
1787159400,147.07,147.17,147.07,147.17,147.63,144.55,,,,,,,,,,,,,,,,,,,,,,,,,,,,,,,,,,,,,,,,,,,,,,,,,,,,584,341.25
1787159460,147.14,147.21,147.14,147.2,147.63,144.55,,,,,,,,,,,,,,,,,,,,,,,,,,,,,,,,,,,,,,,,,,,,,,,,,,,,332,333.55
1787159520,147.19,147.22,147.15,147.22,147.63,144.55,,,,,,,,,,,,,,,,,,,,,,,,,,,,,,,,,,,,,,,,,,,,,,,,,,,,775,354.95
1787159580,147.2,147.21,147.2,147.21,147.63,144.55,,,,,,,,,,,,,,,,,,,,,,,,,,,,,,,,,,,,,,,,,,,,,,,,,,,,180,341.4
1787159640,147.24,147.27,147.23,147.27,147.63,144.55,,,,,,,,,,,,,,,,,,,,,,,,,,,,,,,,,,,,,,,,,,,,,,,,,,,,133,303.05
1787159700,147.29,147.29,147.21,147.27,147.63,144.55,,,,,,,,,,,,,,,,,,,,,,,,,,,,,,,,,,,,,,,,,,,,,,,,,,,,895,327.6
1787159760,147.27,147.27,147.27,147.27,147.63,144.55,,,,,,,,,,,,,,,,,,,,,,,,,,,,,,,,,,,,,,,,,,,,,,,,,,,,11,316.35
1787159820,147.26,147.28,147.26,147.26,147.63,144.55,,,,,,,,,,,,,,,,,,,,,,,,,,,,,,,,,,,,,,,,,,,,,,,,,,,,105,301.3
1787159880,147.27,147.31,147.27,147.31,147.63,144.55,,,,,,,,,,,,,,,,,,,,,,,,,,,,,,,,,,,,,,,,,,,,,,,,,,,,52,298.45
1787159940,147.29,147.35,147.22,147.22,147.63,144.55,,,,,,,,,,,,,,,,,,,,,,,,,,,,,,,,,,,,,,,,,,,,,,,,,,,,276,310.85
1787160000,147.2,147.22,147.2,147.22,147.63,144.55,,,,,,,,,,,,,,,,,,,,,,,,,,,,,,,,,,,,,,,,,,,,,,,,,,,,13,263
1787160060,147.26,147.27,147.22,147.25,147.63,144.55,,,,,,,,,,,,,,,,,,,,,,,,,,,,,,,,,,,,,,,,,,,,,,,,,,,,231,260.55
1787160120,147.22,147.25,147.19,147.2,147.63,144.55,,,,,,,,,,,,,,,,,,,,,,,,,,,,,,,,,,,,,,,,,,,,,,,,,,,,484,256.15
1787160180,147.23,147.32,147.23,147.32,147.63,144.55,,,,,,,,,,,,,,,,,,,,,,,,,,,,,,,,,,,,,,,,,,,,,,,,,,,,214,260.05
1787160240,147.35,147.44,147.35,147.44,147.63,144.55,,,,,,,,,,,,,,,,,,,,,,,,,,,,,,,,,,,,,,,,,,,,,,,,,,,,209,258.6
1787160300,147.49,147.5,147.37,147.39,147.63,144.55,,,,,,,,,,,,,,,,,,,,,,,,,,,,,,,,,,,,,,,,,,,,,,,,,,,,1387,323.9
1787160360,147.35,147.52,147.35,147.46,147.63,144.55,,,,,,,,,,,,,,,,,,,,,,,,,,,,,,,,,,,,,,,,,,,,,,,,,,,,2429,444.9
1787160420,147.495,147.51,147.44,147.44,147.63,144.55,,,,,,,,,,,,,,,,,,,,,,,,,,,,,,,,,,,,,,,,,,,,,,,,,,,,191,442.25
1787160480,147.455,147.52,147.455,147.5,147.63,144.55,,,,,,,,,,,,,,,,,,,,,,,,,,,,,,,,,,,,,,,,,,,,,,,,,,,,232,441.65
1787160540,147.5,147.5,147.46,147.49,147.63,144.55,,,,,,,,,,,,,,,,,,,,,,,,,,,,,,,,,,,,,,,,,,,,,,,,,,,,353,454.3
1787160600,147.46,147.46,147.39,147.39,147.63,144.55,,,,,,,,,,,,,,,,,,,,,,,,,,,,,,,,,,,,,,,,,,,,,,,,,,,,3,425.25
1787160660,147.42,147.42,147.4,147.4,147.63,144.55,,,,,,,,,,,,,,,,,,,,,,,,,,,,,,,,,,,,,,,,,,,,,,,,,,,,111,414.2
1787160720,147.38,147.55,147.38,147.55,147.63,144.55,,,,,,,,,,,,,,,,,,,,,,,,,,,,,,,,,,,,,,,,,,,,,,,,,,,,1199,435.4
1787160780,147.58,147.58,147.53,147.53,147.63,144.55,,,,,,,,,,,,,,,,,,,,,,,,,,,,,,,,,,,,,,,,,,,,,,,,,,,,624,457.6
1787160840,147.57,147.58,147.56,147.56,147.63,144.55,,,,,,,,,,,,,,,,,,,,,,,,,,,,,,,,,,,,,,,,,,,,,,,,,,,,214,461.65
1787160900,147.59,147.6,147.58,147.58,147.63,144.55,,,,,,,,,,,,,,,,,,,,,,,,,,,,,,,,,,,,,,,,,,,,,,,,,,,,236,428.7
1787160960,147.59,147.6,147.58,147.6,147.63,144.55,,,,,,,,,,,,,,,,,,,,,,,,,,,,,,,,,,,,,,,,,,,,,,,,,,,,368,446.55
1787161020,147.61,147.63,147.58,147.59,147.63,144.55,,,,,,,,,,,,,,,,,,,,,,,,,,,,,,,,,,,,,,,,,,,,,,,,,,,,357,459.15
1787161080,147.57,147.59,147.57,147.58,147.63,144.55,,,,,,,,,,,,,,,,,,,,,,,,,,,,,,,,,,,,,,,,,,,,,,,,,,,,476,480.35
1787161140,147.59,147.63,147.59,147.62,147.63,144.55,,,,,,,,,,,,,,,,,,,,,,,,,,,,,,,,,,,,,,,,,,,,,,,,,,,,504,491.75
1787161200,147.6,147.6,147.51,147.51,147.63,144.55,,,,,,,,,,,,,,,,,,,,,,,,,,,,,,,,,,,,,,,,,,,,,,,,,,,,613,521.75
1787161260,147.52,147.52,147.45,147.47,147.63,144.55,,,,,,,,,,,,,,,,,,,,,,,,,,,,,,,,,,,,,,,,,,,,,,,,,,,,294,524.9
1787161320,147.49,147.53,147.47,147.48,147.63,144.55,,,,,,,,,,,,,,,,,,,,,,,,,,,,,,,,,,,,,,,,,,,,,,,,,,,,470,524.2
1787161380,147.45,147.47,147.37,147.41,147.63,144.55,,,,,,,,,,,,,,,,,,,,,,,,,,,,,,,,,,,,,,,,,,,,,,,,,,,,537,540.35
1787161440,147.45,147.52,147.45,147.52,147.63,144.55,,,,,,,,,,,,,,,,,,,,,,,,,,,,,,,,,,,,,,,,,,,,,,,,,,,,358,547.8
1787161500,147.48,147.49,147.48,147.49,147.63,144.55,,,,,,,,,,,,,,,,,,,,,,,,,,,,,,,,,,,,,,,,,,,,,,,,,,,,158,486.35
1787161560,147.51,147.56,147.51,147.56,147.63,144.55,,,,,,,,,,,,,,,,,,,,,,,,,,,,,,,,,,,,,,,,,,,,,,,,,,,,79,368.85
1787161620,147.53,147.55,147.53,147.53,147.63,144.55,,,,,,,,,,,,,,,,,,,,,,,,,,,,,,,,,,,,,,,,,,,,,,,,,,,,314,375
1787161680,147.51,147.55,147.48,147.5,147.63,144.55,,,,,,,,,,,,,,,,,,,,,,,,,,,,,,,,,,,,,,,,,,,,,,,,,,,,187,372.75
1787161740,147.54,147.55,147.49,147.49,147.63,144.55,,,,,,,,,,,,,,,,,,,,,,,,,,,,,,,,,,,,,,,,,,,,,,,,,,,,24,356.3
1787161800,147.5,147.55,147.48,147.48,147.63,144.55,,,,,,,,,,,,,,,,,,,,,,,,,,,,,,,,,,,,,,,,,,,,,,,,,,,,522,382.25
1787161860,147.51,147.51,147.51,147.51,147.63,144.55,,,,,,,,,,,,,,,,,,,,,,,,,,,,,,,,,,,,,,,,,,,,,,,,,,,,114,382.4
1787161920,147.48,147.52,147.48,147.51,147.63,144.55,,,,,,,,,,,,,,,,,,,,,,,,,,,,,,,,,,,,,,,,,,,,,,,,,,,,155,330.2
1787162040,147.46,147.47,147.45,147.47,147.63,144.55,,,,,,,,,,,,,,,,,,,,,,,,,,,,,,,,,,,,,,,,,,,,,,,,,,,,106,304.3
1787162100,147.43,147.43,147.41,147.43,147.63,144.55,,,,,,,,,,,,,,,,,,,,,,,,,,,,,,,,,,,,,,,,,,,,,,,,,,,,382,312.7
1787162160,147.44,147.44,147.44,147.44,147.63,144.55,,,,,,,,,,,,,,,,,,,,,,,,,,,,,,,,,,,,,,,,,,,,,,,,,,,,100,305.9
1787162220,147.44,147.47,147.44,147.47,147.63,144.55,,,,,,,,,,,,,,,,,,,,,,,,,,,,,,,,,,,,,,,,,,,,,,,,,,,,172,296.1
1787162280,147.49,147.49,147.48,147.48,147.63,144.55,,,,,,,,,,,,,,,,,,,,,,,,,,,,,,,,,,,,,,,,,,,,,,,,,,,,301,293.3
1787162340,147.49,147.56,147.49,147.56,147.63,144.55,,,,,,,,,,,,,,,,,,,,,,,,,,,,,,,,,,,,,,,,,,,,,,,,,,,,444,291.7
1787162400,147.56,147.6,147.52,147.6,147.63,144.55,,,,,,,,,,,,,,,,,,,,,,,,,,,,,,,,,,,,,,,,,,,,,,,,,,,,1644,348.7
1787162460,147.63,147.84,147.63,147.84,147.63,144.55,,,,,,,,,,,,,,,,,,,,,,,,,,,,,,,,,,,,,,,,,,,,,,,,,,,,547,345.4
1787162520,147.85,147.85,147.745,147.78,147.63,144.55,,,,,,,,,,,,,,,,,,,,,,,,,,,,,,,,,,,,,,,,,,,,,,,,,,,,1431,402.25
1787162580,147.77,147.78,147.74,147.78,147.63,144.55,,,,,,,,,,,,,,,,,,,,,,,,,,,,,,,,,,,,,,,,,,,,,,,,,,,,232,390.35
1787162640,147.83,147.83,147.79,147.79,147.63,144.55,,,,,,,,,,,,,,,,,,,,,,,,,,,,,,,,,,,,,,,,,,,,,,,,,,,,90,368
1787162700,147.77,147.77,147.66,147.66,147.63,144.55,,,,,,,,,,,,,,,,,,,,,,,,,,,,,,,,,,,,,,,,,,,,,,,,,,,,343,367.25
1787162760,147.66,147.67,147.66,147.67,147.63,144.55,,,,,,,,,,,,,,,,,,,,,,,,,,,,,,,,,,,,,,,,,,,,,,,,,,,,277,373.2
1787162820,147.65,147.72,147.63,147.72,147.63,144.55,,,,,,,,,,,,,,,,,,,,,,,,,,,,,,,,,,,,,,,,,,,,,,,,,,,,167,377.6
1787162880,147.73,147.73,147.73,147.73,147.63,144.55,,,,,,,,,,,,,,,,,,,,,,,,,,,,,,,,,,,,,,,,,,,,,,,,,,,,220,372.9
1787162940,147.67,147.68,147.62,147.62,147.63,144.55,,,,,,,,,,,,,,,,,,,,,,,,,,,,,,,,,,,,,,,,,,,,,,,,,,,,474,387.25
1787163000,147.67,147.7,147.67,147.7,147.63,144.55,,,,,,,,,,,,,,,,,,,,,,,,,,,,,,,,,,,,,,,,,,,,,,,,,,,,140,393.05
1787163060,147.69,147.7,147.67,147.7,147.63,144.55,,,,,,,,,,,,,,,,,,,,,,,,,,,,,,,,,,,,,,,,,,,,,,,,,,,,132,373.55
1787163120,147.73,147.78,147.73,147.74,147.63,144.55,,,,,,,,,,,,,,,,,,,,,,,,,,,,,,,,,,,,,,,,,,,,,,,,,,,,111,373.4
1787163240,147.85,147.88,147.85,147.88,147.63,144.55,,,,,,,,,,,,,,,,,,,,,,,,,,,,,,,,,,,,,,,,,,,,,,,,,,,,221,376.7
1787163300,147.85,147.85,147.82,147.82,147.63,144.55,,,,,,,,,,,,,,,,,,,,,,,,,,,,,,,,,,,,,,,,,,,,,,,,,,,,489,395.85
1787163360,147.84,147.89,147.84,147.89,147.63,144.55,,,,,,,,,,,,,,,,,,,,,,,,,,,,,,,,,,,,,,,,,,,,,,,,,,,,478,400.65
1787163420,147.84,147.88,147.84,147.85,147.63,144.55,,,,,,,,,,,,,,,,,,,,,,,,,,,,,,,,,,,,,,,,,,,,,,,,,,,,201,405.7
1787163480,147.8,147.82,147.79,147.82,147.63,144.55,,,,,,,,,,,,,,,,,,,,,,,,,,,,,,,,,,,,,,,,,,,,,,,,,,,,152,404.7
1787163540,147.85,147.88,147.85,147.88,147.63,144.55,,,,,,,,,,,,,,,,,,,,,,,,,,,,,,,,,,,,,,,,,,,,,,,,,,,,112,395.25
1787163600,147.86,147.86,147.85,147.86,147.63,144.55,,,,,,,,,,,,,,,,,,,,,,,,,,,,,,,,,,,,,,,,,,,,,,,,,,,,203,383.2
1787163660,147.85,147.88,147.845,147.87,147.63,144.55,,,,,,,,,,,,,,,,,,,,,,,,,,,,,,,,,,,,,,,,,,,,,,,,,,,,1603,381.15
1787163720,147.88,147.9,147.88,147.88,147.63,144.55,,,,,,,,,,,,,,,,,,,,,,,,,,,,,,,,,,,,,,,,,,,,,,,,,,,,211,364.35
1787163780,147.89,147.95,147.89,147.935,147.63,144.55,,,,,,,,,,,,,,,,,,,,,,,,,,,,,,,,,,,,,,,,,,,,,,,,,,,,321,308.85
1787163840,147.935,147.98,147.935,147.97,147.63,144.55,,,,,,,,,,,,,,,,,,,,,,,,,,,,,,,,,,,,,,,,,,,,,,,,,,,,99,302.2
1787163900,148,148.01,147.96,147.96,147.63,144.55,,,,,,,,,,,,,,,,,,,,,,,,,,,,,,,,,,,,,,,,,,,,,,,,,,,,968,346.1
1787163960,147.98,147.98,147.97,147.97,147.63,144.55,,,,,,,,,,,,,,,,,,,,,,,,,,,,,,,,,,,,,,,,,,,,,,,,,,,,42,331.05
1787164020,147.96,147.96,147.96,147.96,147.63,144.55,,,,,,,,,,,,,,,,,,,,,,,,,,,,,,,,,,,,,,,,,,,,,,,,,,,,153,324.85
1787164080,148.01,148.07,148.01,148.07,147.63,144.55,,,,,,,,,,,,,,,,,,,,,,,,,,,,,,,,,,,,,,,,,,,,,,,,,,,,282,330.6
1787164140,148.03,148.08,148.03,148.07,147.63,144.55,,,,,,,,,,,,,,,,,,,,,,,,,,,,,,,,,,,,,,,,,,,,,,,,,,,,163,327.75
1787164200,148.05,148.08,148.04,148.08,147.63,144.55,,,,,,,,,,,,,,,,,,,,,,,,,,,,,,,,,,,,,,,,,,,,,,,,,,,,301,319.1
1787164260,148.08,148.1,148.05,148.09,147.63,144.55,,,,,,,,,,,,,,,,,,,,,,,,,,,,,,,,,,,,,,,,,,,,,,,,,,,,852,354.7
1787164320,148.08,148.11,148.07,148.09,147.63,144.55,,,,,,,,,,,,,,,,,,,,,,,,,,,,,,,,,,,,,,,,,,,,,,,,,,,,320,364.1
1787164380,148.1,148.1,148.1,148.1,147.63,144.55,,,,,,,,,,,,,,,,,,,,,,,,,,,,,,,,,,,,,,,,,,,,,,,,,,,,200,368.55
1787164440,148.08,148.09,148.07,148.09,147.63,144.55,,,,,,,,,,,,,,,,,,,,,,,,,,,,,,,,,,,,,,,,,,,,,,,,,,,,502,382.6
1787164500,148.06,148.08,148.06,148.08,147.63,144.55,,,,,,,,,,,,,,,,,,,,,,,,,,,,,,,,,,,,,,,,,,,,,,,,,,,,300,373.15
1787164560,148.07,148.11,148.07,148.11,147.63,144.55,,,,,,,,,,,,,,,,,,,,,,,,,,,,,,,,,,,,,,,,,,,,,,,,,,,,747,386.6
1787164620,148.12,148.18,148.12,148.15,147.63,144.55,,,,,,,,,,,,,,,,,,,,,,,,,,,,,,,,,,,,,,,,,,,,,,,,,,,,24,377.75
1787164680,148.17,148.17,148.11,148.13,147.63,144.55,,,,,,,,,,,,,,,,,,,,,,,,,,,,,,,,,,,,,,,,,,,,,,,,,,,,202,380.25
1787164740,148.09,148.09,148.09,148.09,147.63,144.55,,,,,,,,,,,,,,,,,,,,,,,,,,,,,,,,,,,,,,,,,,,,,,,,,,,,1,374.7
1787164800,148.15,148.21,148.15,148.18,147.63,144.55,,,,,,,,,,,,,,,,,,,,,,,,,,,,,,,,,,,,,,,,,,,,,,,,,,,,698,399.45
1787164860,148.17,148.17,148.1,148.1,147.63,144.55,,,,,,,,,,,,,,,,,,,,,,,,,,,,,,,,,,,,,,,,,,,,,,,,,,,,348,336.7
1787164920,148.12,148.12,148.07,148.105,147.63,144.55,,,,,,,,,,,,,,,,,,,,,,,,,,,,,,,,,,,,,,,,,,,,,,,,,,,,108,331.55
1787164980,148.15,148.15,148.11,148.11,147.63,144.55,,,,,,,,,,,,,,,,,,,,,,,,,,,,,,,,,,,,,,,,,,,,,,,,,,,,103,320.65
1787165040,148,148.09,147.98,148.09,147.63,144.55,,,,,,,,,,,,,,,,,,,,,,,,,,,,,,,,,,,,,,,,,,,,,,,,,,,,823,356.85
1787165100,148.08,148.1,148.08,148.1,147.63,144.55,,,,,,,,,,,,,,,,,,,,,,,,,,,,,,,,,,,,,,,,,,,,,,,,,,,,159,316.4
1787165160,148.14,148.21,148.12,148.16,147.63,144.55,,,,,,,,,,,,,,,,,,,,,,,,,,,,,,,,,,,,,,,,,,,,,,,,,,,,287,328.65
1787165220,148.16,148.16,148.15,148.16,147.63,144.55,,,,,,,,,,,,,,,,,,,,,,,,,,,,,,,,,,,,,,,,,,,,,,,,,,,,181,330.05
1787165280,148.16,148.19,148.16,148.19,147.63,144.55,,,,,,,,,,,,,,,,,,,,,,,,,,,,,,,,,,,,,,,,,,,,,,,,,,,,703,351.1
1787165340,148.19,148.22,148.14,148.22,147.63,144.55,,,,,,,,,,,,,,,,,,,,,,,,,,,,,,,,,,,,,,,,,,,,,,,,,,,,931,389.5
1787165400,148.26,148.44,148.23,148.44,147.63,144.55,,,,,,,,,,,,,,,,,,,,,,,,,,,,,,,,,,,,,,,,,,,,,,,,,,,,1189,433.9
1787165460,148.45,148.47,148.38,148.41,147.63,144.55,,,,,,,,,,,,,,,,,,,,,,,,,,,,,,,,,,,,,,,,,,,,,,,,,,,,565,419.55
1787165520,148.5,148.6,148.5,148.6,147.63,144.55,,,,,,,,,,,,,,,,,,,,,,,,,,,,,,,,,,,,,,,,,,,,,,,,,,,,404,423.75
1787165580,148.58,148.58,148.56,148.56,147.63,144.55,,,,,,,,,,,,,,,,,,,,,,,,,,,,,,,,,,,,,,,,,,,,,,,,,,,,510,439.25
1787165640,148.58,148.62,148.57,148.58,147.63,144.55,,,,,,,,,,,,,,,,,,,,,,,,,,,,,,,,,,,,,,,,,,,,,,,,,,,,608,444.55
1787165700,148.63,148.63,148.57,148.6,147.63,144.55,,,,,,,,,,,,,,,,,,,,,,,,,,,,,,,,,,,,,,,,,,,,,,,,,,,,528,455.95
1787165760,148.67,148.67,148.67,148.67,147.63,144.55,,,,,,,,,,,,,,,,,,,,,,,,,,,,,,,,,,,,,,,,,,,,,,,,,,,,1,418.65
1787165820,148.67,148.69,148.67,148.69,147.63,144.55,,,,,,,,,,,,,,,,,,,,,,,,,,,,,,,,,,,,,,,,,,,,,,,,,,,,60,420.45
1787165880,148.73,148.74,148.67,148.69,147.63,144.55,,,,,,,,,,,,,,,,,,,,,,,,,,,,,,,,,,,,,,,,,,,,,,,,,,,,269,423.8
1787165940,148.72,148.78,148.71,148.78,147.63,144.55,,,,,,,,,,,,,,,,,,,,,,,,,,,,,,,,,,,,,,,,,,,,,,,,,,,,144,430.95
1787166000,148.78,148.79,148.65,148.68,147.63,144.55,,,,,,,,,,,,,,,,,,,,,,,,,,,,,,,,,,,,,,,,,,,,,,,,,,,,1574,474.75
1787166060,148.72,148.72,148.7,148.7,147.63,144.55,,,,,,,,,,,,,,,,,,,,,,,,,,,,,,,,,,,,,,,,,,,,,,,,,,,,701,492.4
1787166120,148.68,148.68,148.58,148.58,147.63,144.55,,,,,,,,,,,,,,,,,,,,,,,,,,,,,,,,,,,,,,,,,,,,,,,,,,,,52,489.6
1787166180,148.56,148.57,148.51,148.55,147.63,144.55,,,,,,,,,,,,,,,,,,,,,,,,,,,,,,,,,,,,,,,,,,,,,,,,,,,,269,497.9
1787166240,148.53,148.6,148.52,148.6,147.63,144.55,,,,,,,,,,,,,,,,,,,,,,,,,,,,,,,,,,,,,,,,,,,,,,,,,,,,214,467.45
1787166300,148.58,148.58,148.51,148.53,147.63,144.55,,,,,,,,,,,,,,,,,,,,,,,,,,,,,,,,,,,,,,,,,,,,,,,,,,,,611,490.05
1787166360,148.52,148.52,148.475,148.51,147.63,144.55,,,,,,,,,,,,,,,,,,,,,,,,,,,,,,,,,,,,,,,,,,,,,,,,,,,,1296,540.5
1787166420,148.54,148.57,148.48,148.54,147.63,144.55,,,,,,,,,,,,,,,,,,,,,,,,,,,,,,,,,,,,,,,,,,,,,,,,,,,,961,579.5
1787166480,148.58,148.59,148.51,148.54,147.63,144.55,,,,,,,,,,,,,,,,,,,,,,,,,,,,,,,,,,,,,,,,,,,,,,,,,,,,347,561.7
1787166540,148.57,148.615,148.57,148.6,147.63,144.55,,,,,,,,,,,,,,,,,,,,,,,,,,,,,,,,,,,,,,,,,,,,,,,,,,,,76,518.95
1787166600,148.67,148.72,148.67,148.72,147.63,144.55,,,,,,,,,,,,,,,,,,,,,,,,,,,,,,,,,,,,,,,,,,,,,,,,,,,,192,469.1
1787166660,148.67,148.73,148.67,148.7,147.63,144.55,,,,,,,,,,,,,,,,,,,,,,,,,,,,,,,,,,,,,,,,,,,,,,,,,,,,352,458.45
1787166720,148.69,148.75,148.69,148.75,147.63,144.55,,,,,,,,,,,,,,,,,,,,,,,,,,,,,,,,,,,,,,,,,,,,,,,,,,,,418,459.15
1787166780,148.75,148.76,148.71,148.71,147.63,144.55,,,,,,,,,,,,,,,,,,,,,,,,,,,,,,,,,,,,,,,,,,,,,,,,,,,,607,464
1787166840,148.64,148.7,148.62,148.7,147.63,144.55,,,,,,,,,,,,,,,,,,,,,,,,,,,,,,,,,,,,,,,,,,,,,,,,,,,,885,477.85
1787166900,148.72,148.72,148.65,148.66,147.63,144.55,,,,,,,,,,,,,,,,,,,,,,,,,,,,,,,,,,,,,,,,,,,,,,,,,,,,613,482.1
1787166960,148.63,148.68,148.63,148.66,147.63,144.55,,,,,,,,,,,,,,,,,,,,,,,,,,,,,,,,,,,,,,,,,,,,,,,,,,,,355,499.8
1787167020,148.64,148.67,148.64,148.65,147.63,144.55,,,,,,,,,,,,,,,,,,,,,,,,,,,,,,,,,,,,,,,,,,,,,,,,,,,,1105,552.05
1787167080,148.66,148.75,148.63,148.73,147.63,144.55,,,,,,,,,,,,,,,,,,,,,,,,,,,,,,,,,,,,,,,,,,,,,,,,,,,,500,563.6
1787167140,148.75,148.75,148.69,148.71,147.63,144.55,,,,,,,,,,,,,,,,,,,,,,,,,,,,,,,,,,,,,,,,,,,,,,,,,,,,662,589.5
1787167200,148.72,148.72,148.68,148.7,147.63,144.55,,,,,,,,,,,,,,,,,,,,,,,,,,,,,,,,,,,,,,,,,,,,,,,,,,,,1339,577.75
1787167260,148.72,148.73,148.61,148.61,147.63,144.55,,,,,,,,,,,,,,,,,,,,,,,,,,,,,,,,,,,,,,,,,,,,,,,,,,,,932,589.3
1787167320,148.6,148.61,148.54,148.54,147.63,144.55,,,,,,,,,,,,,,,,,,,,,,,,,,,,,,,,,,,,,,,,,,,,,,,,,,,,904,631.9
1787167380,148.53,148.63,148.53,148.58,147.63,144.55,,,,,,,,,,,,,,,,,,,,,,,,,,,,,,,,,,,,,,,,,,,,,,,,,,,,1820,709.45
1787167440,148.58,148.64,148.58,148.62,147.63,144.55,,,,,,,,,,,,,,,,,,,,,,,,,,,,,,,,,,,,,,,,,,,,,,,,,,,,1658,781.65
1787167500,148.6,148.6,148.54,148.59,147.63,144.55,,,,,,,,,,,,,,,,,,,,,,,,,,,,,,,,,,,,,,,,,,,,,,,,,,,,1735,837.85
1787167560,148.61,148.61,148.45,148.45,147.63,144.55,,,,,,,,,,,,,,,,,,,,,,,,,,,,,,,,,,,,,,,,,,,,,,,,,,,,1895,867.8
1787167620,148.455,148.5,148.435,148.435,147.63,144.55,,,,,,,,,,,,,,,,,,,,,,,,,,,,,,,,,,,,,,,,,,,,,,,,,,,,1658,902.65
1787167680,148.45,148.45,148.37,148.39,147.63,144.55,,,,,,,,,,,,,,,,,,,,,,,,,,,,,,,,,,,,,,,,,,,,,,,,,,,,929,931.75
1787167740,148.41,148.55,148.395,148.54,147.63,144.55,,,,,,,,,,,,,,,,,,,,,,,,,,,,,,,,,,,,,,,,,,,,,,,,,,,,709,963.4
1787167800,148.58,148.6,148.53,148.58,147.63,144.55,,,,,,,,,,,,,,,,,,,,,,,,,,,,,,,,,,,,,,,,,,,,,,,,,,,,1702,1038.9
1787167860,148.6,148.675,148.56,148.56,147.63,144.55,,,,,,,,,,,,,,,,,,,,,,,,,,,,,,,,,,,,,,,,,,,,,,,,,,,,1112,1076.9
1787167920,148.56,148.56,148.38,148.38,147.63,144.55,,,,,,,,,,,,,,,,,,,,,,,,,,,,,,,,,,,,,,,,,,,,,,,,,,,,1723,1142.15
1787167980,148.36,148.58,148.36,148.58,147.63,144.55,,,,,,,,,,,,,,,,,,,,,,,,,,,,,,,,,,,,,,,,,,,,,,,,,,,,612,1142.4
1787168040,148.52,148.56,148.5,148.5,147.63,144.55,,,,,,,,,,,,,,,,,,,,,,,,,,,,,,,,,,,,,,,,,,,,,,,,,,,,595,1127.9
1787168100,148.53,148.53,148.38,148.48,147.63,144.55,,,,,,,,,,,,,,,,,,,,,,,,,,,,,,,,,,,,,,,,,,,,,,,,,,,,1234,1158.95
1787168160,148.49,148.53,148.47,148.48,147.63,144.55,,,,,,,,,,,,,,,,,,,,,,,,,,,,,,,,,,,,,,,,,,,,,,,,,,,,880,1185.2
1787168220,148.46,148.53,148.44,148.44,147.63,144.55,,,,,,,,,,,,,,,,,,,,,,,,,,,,,,,,,,,,,,,,,,,,,,,,,,,,580,1158.95
1787168280,148.42,148.47,148.33,148.385,147.63,144.55,,,,,,,,,,,,,,,,,,,,,,,,,,,,,,,,,,,,,,,,,,,,,,,,,,,,739,1170.9
1787168340,148.39,148.43,148.35,148.37,147.63,144.55,,,,,,,,,,,,,,,,,,,,,,,,,,,,,,,,,,,,,,,,,,,,,,,,,,,,554,1165.5
1787168400,148.4,148.53,148.4,148.51,147.63,144.55,,,,,,,,,,,,,,,,,,,,,,,,,,,,,,,,,,,,,,,,,,,,,,,,,,,,520,1124.55
1787168460,148.47,148.53,148.46,148.48,147.63,144.55,,,,,,,,,,,,,,,,,,,,,,,,,,,,,,,,,,,,,,,,,,,,,,,,,,,,650,1110.45
1787168520,148.49,148.55,148.42,148.52,147.63,144.55,,,,,,,,,,,,,,,,,,,,,,,,,,,,,,,,,,,,,,,,,,,,,,,,,,,,1479,1139.2
1787168580,148.5,148.53,148.46,148.53,147.63,144.55,,,,,,,,,,,,,,,,,,,,,,,,,,,,,,,,,,,,,,,,,,,,,,,,,,,,876,1092
1787168640,148.57,148.59,148.53,148.59,147.63,144.55,,,,,,,,,,,,,,,,,,,,,,,,,,,,,,,,,,,,,,,,,,,,,,,,,,,,688,1043.5
1787168700,148.58,148.64,148.54,148.59,147.63,144.55,,,,,,,,,,,,,,,,,,,,,,,,,,,,,,,,,,,,,,,,,,,,,,,,,,,,2264,1069.95
1787168760,148.6,148.68,148.58,148.58,147.63,144.55,,,,,,,,,,,,,,,,,,,,,,,,,,,,,,,,,,,,,,,,,,,,,,,,,,,,1075,1028.95
1787168820,148.58,148.6,148.51,148.56,147.63,144.55,,,,,,,,,,,,,,,,,,,,,,,,,,,,,,,,,,,,,,,,,,,,,,,,,,,,1216,1006.85
1787168880,148.55,148.67,148.53,148.57,147.63,144.55,,,,,,,,,,,,,,,,,,,,,,,,,,,,,,,,,,,,,,,,,,,,,,,,,,,,1246,1022.7
1787168940,148.59,148.66,148.54,148.54,147.63,144.55,,,,,,,,,,,,,,,,,,,,,,,,,,,,,,,,,,,,,,,,,,,,,,,,,,,,2597,1117.1
1787169000,148.55,148.55,148.36,148.42,147.63,144.55,,,,,,,,,,,,,,,,,,,,,,,,,,,,,,,,,,,,,,,,,,,,,,,,,,,,2161,1140.05
1787169060,148.43,148.43,148.32,148.34,147.63,144.55,,,,,,,,,,,,,,,,,,,,,,,,,,,,,,,,,,,,,,,,,,,,,,,,,,,,3556,1262.25
1787169120,148.335,148.39,148.27,148.33,147.63,144.55,,,,,,,,,,,,,,,,,,,,,,,,,,,,,,,,,,,,,,,,,,,,,,,,,,,,2560,1304.1
1787169180,148.32,148.35,148.27,148.33,147.63,144.55,,,,,,,,,,,,,,,,,,,,,,,,,,,,,,,,,,,,,,,,,,,,,,,,,,,,2716,1409.3
1787169240,148.32,148.42,148.2,148.2,147.63,144.55,,,,,,,,,,,,,,,,,,,,,,,,,,,,,,,,,,,,,,,,,,,,,,,,,,,,5383,1648.7
1787169300,148.01,148.2,147.77,147.78,147.63,144.55,,,,,,,,,,,,,,,,,,,,,,,,,,,,,,,,,,,,,,,,,,,,,,,,,,,,13758,2274.9
1787169360,147.78,147.78,147.63,147.76,147.63,144.55,,,,,,,,,,,,,,,,,,,,,,,,,,,,,,,,,,,,,,,,,,,,,,,,,,,,7156,2588.7
1787169420,147.75,147.82,147.62,147.69,147.63,144.55,,,,,,,,,,,,,,,,,,,,,,,,,,,,,,,,,,,,,,,,,,,,,,,,,,,,6905,2904.95
1787169480,147.7,147.7,147.61,147.62,147.63,144.55,,,,,,,,,,,,,,,,,,,,,,,,,,,,,,,,,,,,,,,,,,,,,,,,,,,,10774,3406.7
1787169540,147.6,147.67,147.48,147.57,147.63,144.55,,,1,22,1,1787147100000,148.1,147.63,144.55,3.079999999999984,0.36685955764267364,0.5941931127616444,1.1107359891964768,1,1787147220000,1,0,,,,0,0,0,0,0,,,,0,0,0,0,0,,,,0,0,0,0,0,,,,0,0,0,0,,-1,22,8416,3799.8
1787232600,146.88,147,146.1,146.215,147,146.1,,,,,,,,,,,,,,,,,,,,,,,,,,,,,,,,,,,,,,,,,,,,,,,,,,,,3717,3959.65
1787232660,146.08,146.18,146,146.18,147,146,,,,,,,,,,,,,,,,,,,,,,,,,,,,,,,,,,,,,,,,,,,,,,,,,,,,1123,3983.3
1787232720,146.19,146.23,145.81,145.88,147,145.81,,,,,,,,,,,,,,,,,,,,,,,,,,,,,,,,,,,,,,,,,,,,,,,,,,,,717,3945.2
1787232780,145.87,145.885,145.49,145.49,147,145.49,,,,,,,,,,,,,,,,,,,,,,,,,,,,,,,,,,,,,,,,,,,,,,,,,,,,840,3943.4
1787232840,145.38,145.77,145.36,145.5,147,145.36,,,,,,,,,,,,,,,,,,,,,,,,,,,,,,,,,,,,,,,,,,,,,,,,,,,,910,3954.5
1787232900,145.66,145.735,145.36,145.36,147,145.36,,,,,,,,,,,,,,,,,,,,,,,,,,,,,,,,,,,,,,,,,,,,,,,,,,,,977,3890.15
1787232960,145.69,145.97,145.675,145.97,147,145.36,,,,,,,,,,,,,,,,,,,,,,,,,,,,,,,,,,,,,,,,,,,,,,,,,,,,916,3882.2
1787233020,145.98,146.02,145.69,145.9,147,145.36,,,,,,,,,,,,,,,,,,,,,,,,,,,,,,,,,,,,,,,,,,,,,,,,,,,,3952,4019
1787233080,145.78,145.78,145.77,145.77,147,145.36,,,,,,,,,,,,,,,,,,,,,,,,,,,,,,,,,,,,,,,,,,,,,,,,,,,,109,3962.15
1787233140,145.56,145.645,145.56,145.645,147,145.36,,,,,,,,,,,,,,,,,,,,,,,,,,,,,,,,,,,,,,,,,,,,,,,,,,,,357,3850.15
1787233200,145.77,145.92,145.77,145.92,147,145.36,,,,,,,,,,,,,,,,,,,,,,,,,,,,,,,,,,,,,,,,,,,,,,,,,,,,252,3754.7
1787233260,145.98,145.98,145,145.16,147,145,,,,,,,,,,,,,,,,,,,,,,,,,,,,,,,,,,,,,,,,,,,,,,,,,,,,2541,3703.95
1787233320,145.105,145.105,144.89,144.89,147,144.89,,,,,,,,,,,,,,,,,,,,,,,,,,,,,,,,,,,,,,,,,,,,,,,,,,,,723,3612.1
1787233380,144.88,145.03,144.82,144.82,147,144.82,,,,,,,,,,,,,,,,,,,,,,,,,,,,,,,,,,,,,,,,,,,,,,,,,,,,431,3497.85
1787233440,144.85,145.095,144.85,144.98,147,144.82,,,,,,,,,,,,,,,,,,,,,,,,,,,,,,,,,,,,,,,,,,,,,,,,,,,,729,3265.15
1787233500,145,145.5,145,145.5,147,144.82,,,,,,,,,,,,,,,,,,,,,,,,,,,,,,,,,,,,,,,,,,,,,,,,,,,,1066,2630.55
1787233560,145.31,145.52,145.22,145.52,147,144.82,,,,,,,,,,,,,,,,,,,,,,,,,,,,,,,,,,,,,,,,,,,,,,,,,,,,2087,2377.1
1787233620,145.485,145.55,145.42,145.47,147,144.82,,,,,,,,,,,,,,,,,,,,,,,,,,,,,,,,,,,,,,,,,,,,,,,,,,,,1070,2085.35
1787233680,145.47,145.75,145.47,145.75,147,144.82,,,,,,,,,,,,,,,,,,,,,,,,,,,,,,,,,,,,,,,,,,,,,,,,,,,,2480,1670.65
1787233740,145.73,145.75,145.63,145.65,147,144.82,,,,,,,,,,,,,,,,,,,,,,,,,,,,,,,,,,,,,,,,,,,,,,,,,,,,1034,1301.55
1787233800,145.74,146.06,145.74,145.8,147,144.82,,,,,,,,,,,,,,,,,,,,,,,,,,,,,,,,,,,,,,,,,,,,,,,,,,,,2201,1225.75
1787233860,145.8,145.96,145.67,145.75,147,144.82,,,,,,,,,,,,,,,,,,,,,,,,,,,,,,,,,,,,,,,,,,,,,,,,,,,,1588,1249
1787233920,145.8,146.01,145.8,146.01,147,144.82,,,,,,,,,,,,,,,,,,,,,,,,,,,,,,,,,,,,,,,,,,,,,,,,,,,,2822,1354.25
1787233980,146.06,146.06,145.66,145.77,147,144.82,,,,,,,,,,,,,,,,,,,,,,,,,,,,,,,,,,,,,,,,,,,,,,,,,,,,1269,1375.7
1787234040,145.86,145.9,145.75,145.75,147,144.82,,,,,,,,,,,,,,,,,,,,,,,,,,,,,,,,,,,,,,,,,,,,,,,,,,,,72,1333.8
1787234100,145.57,145.64,145.4,145.4,147,144.82,,,,,,,,,,,,,,,,,,,,,,,,,,,,,,,,,,,,,,,,,,,,,,,,,,,,274,1298.65
1787234160,145.34,145.46,145.34,145.46,147,144.82,,,,,,,,,,,,,,,,,,,,,,,,,,,,,,,,,,,,,,,,,,,,,,,,,,,,104,1258.05
1787234220,145.51,145.58,145.51,145.58,147,144.82,,,,,,,,,,,,,,,,,,,,,,,,,,,,,,,,,,,,,,,,,,,,,,,,,,,,418,1081.35
1787234280,145.56,145.56,145.47,145.47,147,144.82,,,,,,,,,,,,,,,,,,,,,,,,,,,,,,,,,,,,,,,,,,,,,,,,,,,,47,1078.25
1787234340,145.46,145.5,145.35,145.5,147,144.82,,,,,,,,,,,,,,,,,,,,,,,,,,,,,,,,,,,,,,,,,,,,,,,,,,,,1804,1150.6
1787234400,145.38,145.455,145.35,145.35,147,144.82,,,,,,,,,,,,,,,,,,,,,,,,,,,,,,,,,,,,,,,,,,,,,,,,,,,,669,1171.45
1787234460,145.41,145.54,145.32,145.54,147,144.82,,,,,,,,,,,,,,,,,,,,,,,,,,,,,,,,,,,,,,,,,,,,,,,,,,,,717,1080.25
1787234520,145.5,145.58,145.4,145.58,147,144.82,,,,,,,,,,,,,,,,,,,,,,,,,,,,,,,,,,,,,,,,,,,,,,,,,,,,437,1065.95
1787234580,145.63,145.63,145.35,145.35,147,144.82,,,,,,,,,,,,,,,,,,,,,,,,,,,,,,,,,,,,,,,,,,,,,,,,,,,,299,1059.35
1787234640,145.39,145.39,145.25,145.26,147,144.82,,,,,,,,,,,,,,,,,,,,,,,,,,,,,,,,,,,,,,,,,,,,,,,,,,,,884,1067.1
1787234700,145.26,145.26,145.15,145.18,147,144.82,,,,,,,,,,,,,,,,,,,,,,,,,,,,,,,,,,,,,,,,,,,,,,,,,,,,771,1052.35
1787234760,145.14,145.22,145.13,145.16,147,144.82,,,,,,,,,,,,,,,,,,,,,,,,,,,,,,,,,,,,,,,,,,,,,,,,,,,,267,961.35
1787234820,145.23,145.23,145.13,145.165,147,144.82,,,,,,,,,,,,,,,,,,,,,,,,,,,,,,,,,,,,,,,,,,,,,,,,,,,,203,918
1787234880,145.15,145.25,145.15,145.17,147,144.82,,,,,,,,,,,,,,,,,,,,,,,,,,,,,,,,,,,,,,,,,,,,,,,,,,,,794,833.7
1787234940,145.29,145.38,145.2,145.235,147,144.82,,,,,,,,,,,,,,,,,,,,,,,,,,,,,,,,,,,,,,,,,,,,,,,,,,,,802,822.1
1787235000,145.14,145.14,145.07,145.07,147,144.82,,,,,,,,,,,,,,,,,,,,,,,,,,,,,,,,,,,,,,,,,,,,,,,,,,,,412,732.65
1787235060,145.02,145.02,144.82,144.88,147,144.82,,,,,,,,,,,,,,,,,,,,,,,,,,,,,,,,,,,,,,,,,,,,,,,,,,,,1032,704.85
1787235120,144.85,144.92,144.82,144.92,147,144.82,,,,,,,,,,,,,,,,,,,,,,,,,,,,,,,,,,,,,,,,,,,,,,,,,,,,468,587.15
1787235180,144.84,144.9,144.81,144.89,147,144.82,,,,,,,,,,,,,,,,,,,,,,,,,,,,,,,,,,,,,,,,,,,,,,,,,,,,533,550.35
1787235240,144.84,144.89,144.84,144.89,147,144.82,,,,,,,,,,,,,,,,,,,,,,,,,,,,,,,,,,,,,,,,,,,,,,,,,,,,126,553.05
1787235300,144.94,145.07,144.8,145.04,147,144.82,,,,,,,,,,,,,,,,,,,,,,,,,,,,,,,,,,,,,,,,,,,,,,,,,,,,3297,704.2
1787235360,145,145.02,144.91,144.96,147,144.82,,,,,,,,,,,,,,,,,,,,,,,,,,,,,,,,,,,,,,,,,,,,,,,,,,,,284,713.2
1787235420,144.89,145.04,144.85,145.04,147,144.82,,,,,,,,,,,,,,,,,,,,,,,,,,,,,,,,,,,,,,,,,,,,,,,,,,,,347,709.65
1787235480,145.15,145.15,145.15,145.15,147,144.82,,,,,,,,,,,,,,,,,,,,,,,,,,,,,,,,,,,,,,,,,,,,,,,,,,,,40,709.3
1787235540,145.13,145.28,145.13,145.28,147,144.82,,,,,,,,,,,,,,,,,,,,,,,,,,,,,,,,,,,,,,,,,,,,,,,,,,,,521,645.15
1787235600,145.28,145.3,145.05,145.12,147,144.82,,,,,,,,,,,,,,,,,,,,,,,,,,,,,,,,,,,,,,,,,,,,,,,,,,,,1428,683.1
1787235660,145.18,145.19,144.71,144.8,147,144.82,,,,,,,,,,,,,,,,,,,,,,,,,,,,,,,,,,,,,,,,,,,,,,,,,,,,507,672.6
1787235720,144.75,144.76,144.64,144.66,147,144.82,,,,,,,,,,,,,,,,,,,,,,,,,,,,,,,,,,,,,,,,,,,,,,,,,,,,166,659.05
1787235780,144.75,144.75,144.68,144.68,147,144.82,,,,,,,,,,,,,,,,,,,,,,,,,,,,,,,,,,,,,,,,,,,,,,,,,,,,122,650.2
1787235840,144.69,144.76,144.61,144.61,147,144.82,,,,,,,,,,,,,,,,,,,,,,,,,,,,,,,,,,,,,,,,,,,,,,,,,,,,929,652.45
1787235900,144.64,144.65,144.53,144.61,147,144.82,,,,,,,,,,,,,,,,,,,,,,,,,,,,,,,,,,,,,,,,,,,,,,,,,,,,802,654
1787235960,144.57,144.64,144.49,144.59,147,144.82,,,,,,,,,,,,,,,,,,,,,,,,,,,,,,,,,,,,,,,,,,,,,,,,,,,,562,668.75
1787236020,144.53,144.53,144.3,144.3,147,144.82,,,,,,,,,,,,,,,,,,,,,,,,,,,,,,,,,,,,,,,,,,,,,,,,,,,,1079,712.55
1787236080,144.25,144.25,144.1,144.1,147,144.82,,,,,,,,,,,,,,,,,,,,,,,,,,,,,,,,,,,,,,,,,,,,,,,,,,,,485,697.1
1787236140,144.13,144.35,144.12,144.21,147,144.82,,,,,,,,,,,,,,,,,,,,,,,,,,,,,,,,,,,,,,,,,,,,,,,,,,,,420,678
1787236200,144.11,144.11,144.08,144.1,147,144.82,,,,,,,,,,,,,,,,,,,,,,,,,,,,,,,,,,,,,,,,,,,,,,,,,,,,386,676.7
1787236260,144.07,144.19,144.07,144.1,147,144.82,,,,,,,,,,,,,,,,,,,,,,,,,,,,,,,,,,,,,,,,,,,,,,,,,,,,254,637.8
1787236320,144.07,144.16,144.07,144.16,147,144.82,,,,,,,,,,,,,,,,,,,,,,,,,,,,,,,,,,,,,,,,,,,,,,,,,,,,413,635.05
1787236380,144.12,144.12,144.01,144.04,147,144.82,,,,,,,,,,,,,,,,,,,,,,,,,,,,,,,,,,,,,,,,,,,,,,,,,,,,263,621.55
1787236440,144.08,144.23,144.08,144.23,147,144.82,,,,,,,,,,,,,,,,,,,,,,,,,,,,,,,,,,,,,,,,,,,,,,,,,,,,309,630.7
1787236500,144.17,144.17,144.06,144.06,147,144.82,,,,,,,,,,,,,,,,,,,,,,,,,,,,,,,,,,,,,,,,,,,,,,,,,,,,714,501.55
1787236560,144.03,144.04,143.91,143.995,147,144.82,,,,,,,,,,,,,,,,,,,,,,,,,,,,,,,,,,,,,,,,,,,,,,,,,,,,2179,596.3
1787236620,144.01,144.06,143.89,143.89,147,144.82,,,,,,,,,,,,,,,,,,,,,,,,,,,,,,,,,,,,,,,,,,,,,,,,,,,,948,626.35
1787236680,143.87,143.87,143.84,143.84,147,144.82,,,,,,,,,,,,,,,,,,,,,,,,,,,,,,,,,,,,,,,,,,,,,,,,,,,,104,629.55
1787236740,143.95,144,143.95,143.99,147,144.82,,,,,,,,,,,,,,,,,,,,,,,,,,,,,,,,,,,,,,,,,,,,,,,,,,,,251,616.05
1787236800,143.9,144.02,143.84,143.87,147,144.82,,,,,,,,,,,,,,,,,,,,,,,,,,,,,,,,,,,,,,,,,,,,,,,,,,,,519,570.6
1787236860,143.81,143.89,143.76,143.88,147,144.82,,,,,,,,,,,,,,,,,,,,,,,,,,,,,,,,,,,,,,,,,,,,,,,,,,,,462,568.35
1787236920,143.92,143.99,143.915,143.99,147,144.82,,,,,,,,,,,,,,,,,,,,,,,,,,,,,,,,,,,,,,,,,,,,,,,,,,,,323,576.2
1787236980,143.96,143.98,143.88,143.91,147,144.82,,,,,,,,,,,,,,,,,,,,,,,,,,,,,,,,,,,,,,,,,,,,,,,,,,,,185,579.35
1787237040,143.97,144.22,143.96,144.045,147,144.82,,,,,,,,,,,,,,,,,,,,,,,,,,,,,,,,,,,,,,,,,,,,,,,,,,,,1055,585.65
1787237100,144.1,144.35,144.1,144.35,147,144.82,,,,,,,,,,,,,,,,,,,,,,,,,,,,,,,,,,,,,,,,,,,,,,,,,,,,630,577.05
1787237160,144.34,144.34,144.29,144.29,147,144.82,,,,,,,,,,,,,,,,,,,,,,,,,,,,,,,,,,,,,,,,,,,,,,,,,,,,375,567.7
1787237220,144.26,144.35,144.25,144.325,147,144.82,,,,,,,,,,,,,,,,,,,,,,,,,,,,,,,,,,,,,,,,,,,,,,,,,,,,280,527.75
1787237280,144.32,144.32,144.19,144.235,147,144.82,,,,,,,,,,,,,,,,,,,,,,,,,,,,,,,,,,,,,,,,,,,,,,,,,,,,392,523.1
1787237340,144.27,144.49,144.27,144.49,147,144.82,,,,,,,,,,,,,,,,,,,,,,,,,,,,,,,,,,,,,,,,,,,,,,,,,,,,47,504.45
1787237400,144.56,144.6,144.47,144.51,147,144.82,,,,,,,,,,,,,,,,,,,,,,,,,,,,,,,,,,,,,,,,,,,,,,,,,,,,551,512.7
1787237460,144.51,144.64,144.51,144.64,147,144.82,,,,,,,,,,,,,,,,,,,,,,,,,,,,,,,,,,,,,,,,,,,,,,,,,,,,526,526.3
1787237520,144.66,144.66,144.66,144.66,147,144.82,,,,,,,,,,,,,,,,,,,,,,,,,,,,,,,,,,,,,,,,,,,,,,,,,,,,2,505.75
1787237580,144.78,144.88,144.78,144.88,147,144.82,,,,,,,,,,,,,,,,,,,,,,,,,,,,,,,,,,,,,,,,,,,,,,,,,,,,125,498.85
1787237640,144.86,144.86,144.82,144.82,147,144.82,,,,,,,,,,,,,,,,,,,,,,,,,,,,,,,,,,,,,,,,,,,,,,,,,,,,187,492.75
1787237700,144.83,144.935,144.79,144.935,147,144.82,,,,,,,,,,,,,,,,,,,,,,,,,,,,,,,,,,,,,,,,,,,,,,,,,,,,498,481.95
1787237760,144.88,144.88,144.69,144.76,147,144.82,,,,,,,,,,,,,,,,,,,,,,,,,,,,,,,,,,,,,,,,,,,,,,,,,,,,717,408.85
1787237820,144.69,144.805,144.69,144.805,147,144.82,,,,,,,,,,,,,,,,,,,,,,,,,,,,,,,,,,,,,,,,,,,,,,,,,,,,156,369.25
1787237880,144.84,144.89,144.8,144.89,147,144.82,,,,,,,,,,,,,,,,,,,,,,,,,,,,,,,,,,,,,,,,,,,,,,,,,,,,159,372
1787237940,144.89,144.89,144.87,144.87,147,144.82,,,,,,,,,,,,,,,,,,,,,,,,,,,,,,,,,,,,,,,,,,,,,,,,,,,,173,368.1
1787238000,144.82,144.82,144.78,144.79,147,144.82,,,,,,,,,,,,,,,,,,,,,,,,,,,,,,,,,,,,,,,,,,,,,,,,,,,,446,364.45
1787238060,144.77,144.84,144.72,144.8,147,144.82,,,,,,,,,,,,,,,,,,,,,,,,,,,,,,,,,,,,,,,,,,,,,,,,,,,,548,368.75
1787238120,144.85,144.86,144.82,144.85,147,144.82,,,,,,,,,,,,,,,,,,,,,,,,,,,,,,,,,,,,,,,,,,,,,,,,,,,,208,363
1787238180,144.86,145,144.84,144.99,147,144.82,,,,,,,,,,,,,,,,,,,,,,,,,,,,,,,,,,,,,,,,,,,,,,,,,,,,802,393.85
1787238240,144.89,144.93,144.87,144.93,147,144.82,,,,,,,,,,,,,,,,,,,,,,,,,,,,,,,,,,,,,,,,,,,,,,,,,,,,44,343.3
1787238300,144.92,145.03,144.92,145.03,147,144.82,,,,,,,,,,,,,,,,,,,,,,,,,,,,,,,,,,,,,,,,,,,,,,,,,,,,188,321.2
1787238360,145.08,145.09,145.01,145.05,147,144.82,,,,,,,,,,,,,,,,,,,,,,,,,,,,,,,,,,,,,,,,,,,,,,,,,,,,502,327.55
1787238420,145.04,145.04,145,145,147,144.82,,,,,,,,,,,,,,,,,,,,,,,,,,,,,,,,,,,,,,,,,,,,,,,,,,,,776,352.35
1787238480,145.02,145.06,144.99,145,147,144.82,,,,,,,,,,,,,,,,,,,,,,,,,,,,,,,,,,,,,,,,,,,,,,,,,,,,388,352.15
1787238540,145.02,145.05,145,145.02,147,144.82,,,,,,,,,,,,,,,,,,,,,,,,,,,,,,,,,,,,,,,,,,,,,,,,,,,,835,391.55
1787238600,145.09,145.24,145.09,145.21,147,144.82,,,,,,,,,,,,,,,,,,,,,,,,,,,,,,,,,,,,,,,,,,,,,,,,,,,,124,370.2
1787238660,145.24,145.37,145.24,145.37,147,144.82,,,,,,,,,,,,,,,,,,,,,,,,,,,,,,,,,,,,,,,,,,,,,,,,,,,,24,345.1
1787238720,145.37,145.43,145.3,145.34,147,144.82,,,,,,,,,,,,,,,,,,,,,,,,,,,,,,,,,,,,,,,,,,,,,,,,,,,,1292,409.6
1787238780,145.3,145.34,145.21,145.34,147,144.82,,,,,,,,,,,,,,,,,,,,,,,,,,,,,,,,,,,,,,,,,,,,,,,,,,,,215,414.1
1787238840,145.31,145.45,145.31,145.44,147,144.82,,,,,,,,,,,,,,,,,,,,,,,,,,,,,,,,,,,,,,,,,,,,,,,,,,,,157,412.6
1787238900,145.49,145.51,145.3,145.3,147,144.82,,,,,,,,,,,,,,,,,,,,,,,,,,,,,,,,,,,,,,,,,,,,,,,,,,,,512,413.3
1787238960,145.25,145.31,145.23,145.27,147,144.82,,,,,,,,,,,,,,,,,,,,,,,,,,,,,,,,,,,,,,,,,,,,,,,,,,,,675,411.2
1787239020,145.34,145.54,145.32,145.48,147,144.82,,,,,,,,,,,,,,,,,,,,,,,,,,,,,,,,,,,,,,,,,,,,,,,,,,,,2427,524.75
1787239080,145.55,145.56,145.49,145.49,147,144.82,,,,,,,,,,,,,,,,,,,,,,,,,,,,,,,,,,,,,,,,,,,,,,,,,,,,267,530.15
1787239140,145.48,145.54,145.48,145.54,147,144.82,,,,,,,,,,,,,,,,,,,,,,,,,,,,,,,,,,,,,,,,,,,,,,,,,,,,122,527.6
1787239200,145.45,145.47,145.32,145.36,147,144.82,,,,,,,,,,,,,,,,,,,,,,,,,,,,,,,,,,,,,,,,,,,,,,,,,,,,606,535.6
1787239260,145.46,145.5,145.46,145.5,147,144.82,,,,,,,,,,,,,,,,,,,,,,,,,,,,,,,,,,,,,,,,,,,,,,,,,,,,255,520.95
1787239320,145.53,145.71,145.53,145.69,147,144.82,,,,,,,,,,,,,,,,,,,,,,,,,,,,,,,,,,,,,,,,,,,,,,,,,,,,1809,601
1787239380,145.66,145.66,145.57,145.58,147,144.82,,,,,,,,,,,,,,,,,,,,,,,,,,,,,,,,,,,,,,,,,,,,,,,,,,,,983,610.05
1787239440,145.61,145.71,145.59,145.71,147,144.82,,,,,,,,,,,,,,,,,,,,,,,,,,,,,,,,,,,,,,,,,,,,,,,,,,,,908,653.25
1787239500,145.65,145.65,145.58,145.58,147,144.82,,,,,,,,,,,,,,,,,,,,,,,,,,,,,,,,,,,,,,,,,,,,,,,,,,,,814,684.55
1787239560,145.51,145.52,145.45,145.48,147,144.82,,,,,,,,,,,,,,,,,,,,,,,,,,,,,,,,,,,,,,,,,,,,,,,,,,,,369,677.9
1787239620,145.53,145.56,145.515,145.56,147,144.82,,,,,,,,,,,,,,,,,,,,,,,,,,,,,,,,,,,,,,,,,,,,,,,,,,,,107,644.45
1787239680,145.52,145.72,145.52,145.72,147,144.82,,,,,,,,,,,,,,,,,,,,,,,,,,,,,,,,,,,,,,,,,,,,,,,,,,,,432,646.65
1787239740,145.73,145.84,145.73,145.81,147,144.82,,,,,,,,,,,,,,,,,,,,,,,,,,,,,,,,,,,,,,,,,,,,,,,,,,,,687,639.25
1787239800,145.84,145.91,145.84,145.845,147,144.82,,,,,,,,,,,,,,,,,,,,,,,,,,,,,,,,,,,,,,,,,,,,,,,,,,,,645,665.3
1787239860,145.885,146.03,145.885,146.01,147,144.82,,,,,,,,,,,,,,,,,,,,,,,,,,,,,,,,,,,,,,,,,,,,,,,,,,,,852,706.7
1787239920,146.04,146.1,146.01,146.01,147,144.82,,,,,,,,,,,,,,,,,,,,,,,,,,,,,,,,,,,,,,,,,,,,,,,,,,,,791,681.65
1787239980,146.04,146.08,146.04,146.05,147,144.82,,,,,,,,,,,,,,,,,,,,,,,,,,,,,,,,,,,,,,,,,,,,,,,,,,,,178,679.8
1787240040,146.04,146.05,146.02,146.02,147,144.82,,,,,,,,,,,,,,,,,,,,,,,,,,,,,,,,,,,,,,,,,,,,,,,,,,,,321,688
1787240100,146.07,146.1,146.05,146.1,147,144.82,,,,,,,,,,,,,,,,,,,,,,,,,,,,,,,,,,,,,,,,,,,,,,,,,,,,299,677.35
1787240160,146.135,146.16,146.07,146.08,147,144.82,,,,,,,,,,,,,,,,,,,,,,,,,,,,,,,,,,,,,,,,,,,,,,,,,,,,1063,696.75
1787240220,146.12,146.15,146.11,146.11,147,144.82,,,,,,,,,,,,,,,,,,,,,,,,,,,,,,,,,,,,,,,,,,,,,,,,,,,,102,580.5
1787240280,146.1,146.19,146.1,146.16,147,144.82,,,,,,,,,,,,,,,,,,,,,,,,,,,,,,,,,,,,,,,,,,,,,,,,,,,,296,581.95
1787240340,146.24,146.24,146.06,146.17,147,144.82,,,,,,,,,,,,,,,,,,,,,,,,,,,,,,,,,,,,,,,,,,,,,,,,,,,,752,613.45
1787240400,146.16,146.25,146.16,146.25,147,144.82,,,,,,,,,,,,,,,,,,,,,,,,,,,,,,,,,,,,,,,,,,,,,,,,,,,,568,611.55
1787240460,146.28,146.4,146.28,146.33,147,144.82,,,,,,,,,,,,,,,,,,,,,,,,,,,,,,,,,,,,,,,,,,,,,,,,,,,,285,613.05
1787240520,146.33,146.33,146.26,146.26,147,144.82,,,,,,,,,,,,,,,,,,,,,,,,,,,,,,,,,,,,,,,,,,,,,,,,,,,,813,563.25
1787240580,146.27,146.31,146.27,146.31,147,144.82,,,,,,,,,,,,,,,,,,,,,,,,,,,,,,,,,,,,,,,,,,,,,,,,,,,,72,517.7
1787240640,146.305,146.32,146.3,146.3,147,144.82,,,,,,,,,,,,,,,,,,,,,,,,,,,,,,,,,,,,,,,,,,,,,,,,,,,,181,481.35
1787240760,146.31,146.38,146.31,146.34,147,144.82,,,,,,,,,,,,,,,,,,,,,,,,,,,,,,,,,,,,,,,,,,,,,,,,,,,,627,472
1787240820,146.38,146.38,146.35,146.35,147,144.82,,,,,,,,,,,,,,,,,,,,,,,,,,,,,,,,,,,,,,,,,,,,,,,,,,,,12,454.15
1787240880,146.32,146.34,146.3,146.34,147,144.82,,,,,,,,,,,,,,,,,,,,,,,,,,,,,,,,,,,,,,,,,,,,,,,,,,,,67,452.15
1787240940,146.31,146.31,146.27,146.27,147,144.82,,,,,,,,,,,,,,,,,,,,,,,,,,,,,,,,,,,,,,,,,,,,,,,,,,,,116,436.35
1787241000,146.24,146.27,146.23,146.27,147,144.82,,,,,,,,,,,,,,,,,,,,,,,,,,,,,,,,,,,,,,,,,,,,,,,,,,,,373,420.65
1787241060,146.25,146.25,146.1,146.11,147,144.82,,,,,,,,,,,,,,,,,,,,,,,,,,,,,,,,,,,,,,,,,,,,,,,,,,,,1354,456.1
1787241120,146.13,146.31,146.1,146.31,147,144.82,,,,,,,,,,,,,,,,,,,,,,,,,,,,,,,,,,,,,,,,,,,,,,,,,,,,224,424.7
1787241180,146.38,146.41,146.38,146.41,147,144.82,,,,,,,,,,,,,,,,,,,,,,,,,,,,,,,,,,,,,,,,,,,,,,,,,,,,4,385.35
1787241240,146.45,146.45,146.34,146.34,147,144.82,,,,,,,,,,,,,,,,,,,,,,,,,,,,,,,,,,,,,,,,,,,,,,,,,,,,303,391.6
1787241300,146.25,146.31,146.25,146.31,147,144.82,,,,,,,,,,,,,,,,,,,,,,,,,,,,,,,,,,,,,,,,,,,,,,,,,,,,225,386.8
1787241360,146.31,146.31,146.26,146.3,147,144.82,,,,,,,,,,,,,,,,,,,,,,,,,,,,,,,,,,,,,,,,,,,,,,,,,,,,774,410.55
1787241420,146.295,146.3,146.27,146.3,147,144.82,,,,,,,,,,,,,,,,,,,,,,,,,,,,,,,,,,,,,,,,,,,,,,,,,,,,107,362.75
1787241480,146.3,146.3,146.2,146.2,147,144.82,,,,,,,,,,,,,,,,,,,,,,,,,,,,,,,,,,,,,,,,,,,,,,,,,,,,1008,408.05
1787241540,146.2,146.2,146.1,146.13,147,144.82,,,,,,,,,,,,,,,,,,,,,,,,,,,,,,,,,,,,,,,,,,,,,,,,,,,,300,408.25
1787241600,146.12,146.14,146.12,146.14,147,144.82,,,,,,,,,,,,,,,,,,,,,,,,,,,,,,,,,,,,,,,,,,,,,,,,,,,,22,371.75
1787241660,146.14,146.14,146.07,146.07,147,144.82,,,,,,,,,,,,,,,,,,,,,,,,,,,,,,,,,,,,,,,,,,,,,,,,,,,,263,356.5
1787241720,146.05,146.05,146.03,146.05,147,144.82,,,,,,,,,,,,,,,,,,,,,,,,,,,,,,,,,,,,,,,,,,,,,,,,,,,,298,357.15
1787241780,146.08,146.08,146.02,146.07,147,144.82,,,,,,,,,,,,,,,,,,,,,,,,,,,,,,,,,,,,,,,,,,,,,,,,,,,,859,359.45
1787241840,146.04,146.04,145.98,145.98,147,144.82,,,,,,,,,,,,,,,,,,,,,,,,,,,,,,,,,,,,,,,,,,,,,,,,,,,,208,366.25
1787241900,145.95,145.95,145.94,145.95,147,144.82,,,,,,,,,,,,,,,,,,,,,,,,,,,,,,,,,,,,,,,,,,,,,,,,,,,,96,362
1787241960,145.95,145.995,145.95,145.995,147,144.82,,,,,,,,,,,,,,,,,,,,,,,,,,,,,,,,,,,,,,,,,,,,,,,,,,,,3,330.8
1787242020,145.96,145.96,145.92,145.93,147,144.82,,,,,,,,,,,,,,,,,,,,,,,,,,,,,,,,,,,,,,,,,,,,,,,,,,,,407,350.55
1787242080,145.94,145.97,145.82,145.82,147,144.82,,,,,,,,,,,,,,,,,,,,,,,,,,,,,,,,,,,,,,,,,,,,,,,,,,,,123,353.35
1787242140,145.85,145.87,145.85,145.87,147,144.82,,,,,,,,,,,,,,,,,,,,,,,,,,,,,,,,,,,,,,,,,,,,,,,,,,,,90,352.05
1787242200,145.88,145.905,145.87,145.905,147,144.82,,,,,,,,,,,,,,,,,,,,,,,,,,,,,,,,,,,,,,,,,,,,,,,,,,,,367,351.75
1787242260,145.86,145.86,145.82,145.82,147,144.82,,,,,,,,,,,,,,,,,,,,,,,,,,,,,,,,,,,,,,,,,,,,,,,,,,,,583,313.2
1787242320,145.87,145.87,145.81,145.85,147,144.82,,,,,,,,,,,,,,,,,,,,,,,,,,,,,,,,,,,,,,,,,,,,,,,,,,,,217,312.85
1787242380,145.88,145.88,145.77,145.79,147,144.82,,,,,,,,,,,,,,,,,,,,,,,,,,,,,,,,,,,,,,,,,,,,,,,,,,,,107,318
1787242440,145.82,145.92,145.79,145.92,147,144.82,,,,,,,,,,,,,,,,,,,,,,,,,,,,,,,,,,,,,,,,,,,,,,,,,,,,266,316.15
1787242500,145.89,145.89,145.73,145.73,147,144.82,,,,,,,,,,,,,,,,,,,,,,,,,,,,,,,,,,,,,,,,,,,,,,,,,,,,470,328.4
1787242560,145.7,145.75,145.69,145.75,147,144.82,,,,,,,,,,,,,,,,,,,,,,,,,,,,,,,,,,,,,,,,,,,,,,,,,,,,347,307.05
1787242620,145.73,145.77,145.73,145.77,147,144.82,,,,,,,,,,,,,,,,,,,,,,,,,,,,,,,,,,,,,,,,,,,,,,,,,,,,302,316.8
1787242680,145.77,145.84,145.77,145.84,147,144.82,,,,,,,,,,,,,,,,,,,,,,,,,,,,,,,,,,,,,,,,,,,,,,,,,,,,147,273.75
1787242740,145.86,145.9,145.82,145.82,147,144.82,,,,,,,,,,,,,,,,,,,,,,,,,,,,,,,,,,,,,,,,,,,,,,,,,,,,122,264.85
1787242800,145.83,145.94,145.83,145.94,147,144.82,,,,,,,,,,,,,,,,,,,,,,,,,,,,,,,,,,,,,,,,,,,,,,,,,,,,9,264.2
1787242860,145.9,145.9,145.81,145.81,147,144.82,,,,,,,,,,,,,,,,,,,,,,,,,,,,,,,,,,,,,,,,,,,,,,,,,,,,279,265
1787242920,145.8,145.8,145.77,145.77,147,144.82,,,,,,,,,,,,,,,,,,,,,,,,,,,,,,,,,,,,,,,,,,,,,,,,,,,,128,256.5
1787242980,145.77,145.79,145.76,145.79,147,144.82,,,,,,,,,,,,,,,,,,,,,,,,,,,,,,,,,,,,,,,,,,,,,,,,,,,,508,238.95
1787243040,145.85,145.85,145.82,145.83,147,144.82,,,,,,,,,,,,,,,,,,,,,,,,,,,,,,,,,,,,,,,,,,,,,,,,,,,,14,229.25
1787243100,145.72,145.72,145.71,145.71,147,144.82,,,,,,,,,,,,,,,,,,,,,,,,,,,,,,,,,,,,,,,,,,,,,,,,,,,,306,239.75
1787243160,145.69,145.69,145.65,145.67,147,144.82,,,,,,,,,,,,,,,,,,,,,,,,,,,,,,,,,,,,,,,,,,,,,,,,,,,,264,252.8
1787243220,145.67,145.7,145.65,145.65,147,144.82,,,,,,,,,,,,,,,,,,,,,,,,,,,,,,,,,,,,,,,,,,,,,,,,,,,,348,249.85
1787243280,145.64,145.78,145.64,145.72,147,144.82,,,,,,,,,,,,,,,,,,,,,,,,,,,,,,,,,,,,,,,,,,,,,,,,,,,,1504,318.9
1787243340,145.67,145.67,145.62,145.64,147,144.82,,,,,,,,,,,,,,,,,,,,,,,,,,,,,,,,,,,,,,,,,,,,,,,,,,,,626,345.7
1787243400,145.66,145.69,145.64,145.64,147,144.82,,,,,,,,,,,,,,,,,,,,,,,,,,,,,,,,,,,,,,,,,,,,,,,,,,,,466,350.65
1787243460,145.6,145.6,145.52,145.52,147,144.82,,,,,,,,,,,,,,,,,,,,,,,,,,,,,,,,,,,,,,,,,,,,,,,,,,,,646,353.8
1787243520,145.47,145.49,145.45,145.49,147,144.82,,,,,,,,,,,,,,,,,,,,,,,,,,,,,,,,,,,,,,,,,,,,,,,,,,,,413,363.6
1787243580,145.51,145.55,145.41,145.41,147,144.82,,,,,,,,,,,,,,,,,,,,,,,,,,,,,,,,,,,,,,,,,,,,,,,,,,,,882,402.35
1787243640,145.38,145.4,145.3,145.32,147,144.82,,,,,,,,,,,,,,,,,,,,,,,,,,,,,,,,,,,,,,,,,,,,,,,,,,,,515,414.8
1787243700,145.32,145.53,145.32,145.53,147,144.82,,,,,,,,,,,,,,,,,,,,,,,,,,,,,,,,,,,,,,,,,,,,,,,,,,,,332,407.9
1787243760,145.49,145.52,145.38,145.38,147,144.82,,,,,,,,,,,,,,,,,,,,,,,,,,,,,,,,,,,,,,,,,,,,,,,,,,,,1314,456.25
1787243820,145.48,145.59,145.48,145.59,147,144.82,,,,,,,,,,,,,,,,,,,,,,,,,,,,,,,,,,,,,,,,,,,,,,,,,,,,75,444.9
1787243880,145.54,145.54,145.48,145.53,147,144.82,,,,,,,,,,,,,,,,,,,,,,,,,,,,,,,,,,,,,,,,,,,,,,,,,,,,267,450.9
1787243940,145.54,145.77,145.54,145.68,147,144.82,,,,,,,,,,,,,,,,,,,,,,,,,,,,,,,,,,,,,,,,,,,,,,,,,,,,1058,497.7
1787244000,145.68,145.73,145.65,145.7,147,144.82,,,,,,,,,,,,,,,,,,,,,,,,,,,,,,,,,,,,,,,,,,,,,,,,,,,,1416,568.05
1787244060,145.68,145.68,145.63,145.64,147,144.82,,,,,,,,,,,,,,,,,,,,,,,,,,,,,,,,,,,,,,,,,,,,,,,,,,,,493,578.75
1787244120,145.59,145.64,145.59,145.64,147,144.82,,,,,,,,,,,,,,,,,,,,,,,,,,,,,,,,,,,,,,,,,,,,,,,,,,,,551,599.9
1787244180,145.62,145.62,145.61,145.61,147,144.82,,,,,,,,,,,,,,,,,,,,,,,,,,,,,,,,,,,,,,,,,,,,,,,,,,,,350,592
1787244240,145.57,145.58,145.54,145.58,147,144.82,,,,,,,,,,,,,,,,,,,,,,,,,,,,,,,,,,,,,,,,,,,,,,,,,,,,216,602.1
1787244300,145.51,145.55,145.49,145.55,147,144.82,,,,,,,,,,,,,,,,,,,,,,,,,,,,,,,,,,,,,,,,,,,,,,,,,,,,107,592.15
1787244360,145.55,145.56,145.5,145.56,147,144.82,,,,,,,,,,,,,,,,,,,,,,,,,,,,,,,,,,,,,,,,,,,,,,,,,,,,457,601.8
1787244420,145.54,145.59,145.53,145.59,147,144.82,,,,,,,,,,,,,,,,,,,,,,,,,,,,,,,,,,,,,,,,,,,,,,,,,,,,222,595.5
1787244480,145.59,145.72,145.59,145.72,147,144.82,,,,,,,,,,,,,,,,,,,,,,,,,,,,,,,,,,,,,,,,,,,,,,,,,,,,378,539.2
1787244540,145.64,145.64,145.64,145.64,147,144.82,,,,,,,,,,,,,,,,,,,,,,,,,,,,,,,,,,,,,,,,,,,,,,,,,,,,11,508.45
1787244600,145.67,145.695,145.67,145.695,147,144.82,,,,,,,,,,,,,,,,,,,,,,,,,,,,,,,,,,,,,,,,,,,,,,,,,,,,165,493.4
1787244660,145.66,145.66,145.63,145.66,147,144.82,,,,,,,,,,,,,,,,,,,,,,,,,,,,,,,,,,,,,,,,,,,,,,,,,,,,540,488.1
1787244720,145.61,145.61,145.61,145.61,147,144.82,,,,,,,,,,,,,,,,,,,,,,,,,,,,,,,,,,,,,,,,,,,,,,,,,,,,101,472.5
1787244780,145.63,145.63,145.6,145.6,147,144.82,,,,,,,,,,,,,,,,,,,,,,,,,,,,,,,,,,,,,,,,,,,,,,,,,,,,200,438.4
1787244840,145.62,145.66,145.62,145.62,147,144.82,,,,,,,,,,,,,,,,,,,,,,,,,,,,,,,,,,,,,,,,,,,,,,,,,,,,279,426.6
1787244900,145.65,145.66,145.64,145.64,147,144.82,,,,,,,,,,,,,,,,,,,,,,,,,,,,,,,,,,,,,,,,,,,,,,,,,,,,521,436.05
1787244960,145.66,145.66,145.64,145.64,147,144.82,,,,,,,,,,,,,,,,,,,,,,,,,,,,,,,,,,,,,,,,,,,,,,,,,,,,210,380.85
1787245020,145.6,145.67,145.58,145.63,147,144.82,,,,,,,,,,,,,,,,,,,,,,,,,,,,,,,,,,,,,,,,,,,,,,,,,,,,644,409.3
1787245080,145.61,145.61,145.61,145.61,147,144.82,,,,,,,,,,,,,,,,,,,,,,,,,,,,,,,,,,,,,,,,,,,,,,,,,,,,17,396.8
1787245140,145.58,145.59,145.53,145.59,147,144.82,,,,,,,,,,,,,,,,,,,,,,,,,,,,,,,,,,,,,,,,,,,,,,,,,,,,583,373.05
1787245200,145.56,145.56,145.5,145.54,147,144.82,,,,,,,,,,,,,,,,,,,,,,,,,,,,,,,,,,,,,,,,,,,,,,,,,,,,448,324.65
1787245260,145.525,145.54,145.5,145.5,147,144.82,,,,,,,,,,,,,,,,,,,,,,,,,,,,,,,,,,,,,,,,,,,,,,,,,,,,684,334.2
1787245320,145.48,145.51,145.47,145.51,147,144.82,,,,,,,,,,,,,,,,,,,,,,,,,,,,,,,,,,,,,,,,,,,,,,,,,,,,122,312.75
1787245380,145.51,145.51,145.46,145.46,147,144.82,,,,,,,,,,,,,,,,,,,,,,,,,,,,,,,,,,,,,,,,,,,,,,,,,,,,73,298.9
1787245440,145.53,145.53,145.5,145.51,147,144.82,,,,,,,,,,,,,,,,,,,,,,,,,,,,,,,,,,,,,,,,,,,,,,,,,,,,103,293.25
1787245500,145.6,145.65,145.6,145.65,147,144.82,,,,,,,,,,,,,,,,,,,,,,,,,,,,,,,,,,,,,,,,,,,,,,,,,,,,214,298.6
1787245560,145.63,145.63,145.55,145.55,147,144.82,,,,,,,,,,,,,,,,,,,,,,,,,,,,,,,,,,,,,,,,,,,,,,,,,,,,268,289.15
1787245620,145.535,145.535,145.51,145.52,147,144.82,,,,,,,,,,,,,,,,,,,,,,,,,,,,,,,,,,,,,,,,,,,,,,,,,,,,533,304.7
1787245680,145.535,145.535,145.535,145.535,147,144.82,,,,,,,,,,,,,,,,,,,,,,,,,,,,,,,,,,,,,,,,,,,,,,,,,,,,1,285.85
1787245740,145.49,145.49,145.49,145.49,147,144.82,,,,,,,,,,,,,,,,,,,,,,,,,,,,,,,,,,,,,,,,,,,,,,,,,,,,200,295.3
1787245800,145.51,145.575,145.51,145.51,147,144.82,,,,,,,,,,,,,,,,,,,,,,,,,,,,,,,,,,,,,,,,,,,,,,,,,,,,221,298.1
1787245860,145.5,145.575,145.5,145.575,147,144.82,,,,,,,,,,,,,,,,,,,,,,,,,,,,,,,,,,,,,,,,,,,,,,,,,,,,376,289.9
1787245920,145.575,145.575,145.505,145.54,147,144.82,,,,,,,,,,,,,,,,,,,,,,,,,,,,,,,,,,,,,,,,,,,,,,,,,,,,1164,343.05
1787245980,145.58,145.585,145.56,145.56,147,144.82,,,,,,,,,,,,,,,,,,,,,,,,,,,,,,,,,,,,,,,,,,,,,,,,,,,,743,370.2
1787246040,145.565,145.57,145.555,145.57,147,144.82,,,,,,,,,,,,,,,,,,,,,,,,,,,,,,,,,,,,,,,,,,,,,,,,,,,,200,366.25
1787246100,145.575,145.58,145.54,145.55,147,144.82,,,,,,,,,,,,,,,,,,,,,,,,,,,,,,,,,,,,,,,,,,,,,,,,,,,,551,367.75
1787246160,145.54,145.54,145.43,145.45,147,144.82,,,,,,,,,,,,,,,,,,,,,,,,,,,,,,,,,,,,,,,,,,,,,,,,,,,,869,400.7
1787246220,145.48,145.48,145.44,145.45,147,144.82,,,,,,,,,,,,,,,,,,,,,,,,,,,,,,,,,,,,,,,,,,,,,,,,,,,,484,392.7
1787246280,145.48,145.52,145.48,145.52,147,144.82,,,,,,,,,,,,,,,,,,,,,,,,,,,,,,,,,,,,,,,,,,,,,,,,,,,,114,397.55
1787246340,145.51,145.57,145.5,145.55,147,144.82,,,,,,,,,,,,,,,,,,,,,,,,,,,,,,,,,,,,,,,,,,,,,,,,,,,,537,395.25
1787246400,145.52,145.55,145.52,145.55,147,144.82,,,,,,,,,,,,,,,,,,,,,,,,,,,,,,,,,,,,,,,,,,,,,,,,,,,,222,383.95
1787246460,145.55,145.55,145.49,145.49,147,144.82,,,,,,,,,,,,,,,,,,,,,,,,,,,,,,,,,,,,,,,,,,,,,,,,,,,,413,370.4
1787246520,145.45,145.51,145.45,145.51,147,144.82,,,,,,,,,,,,,,,,,,,,,,,,,,,,,,,,,,,,,,,,,,,,,,,,,,,,1223,425.45
1787246580,145.46,145.46,145.42,145.42,147,144.82,,,,,,,,,,,,,,,,,,,,,,,,,,,,,,,,,,,,,,,,,,,,,,,,,,,,274,435.5
1787246640,145.41,145.49,145.39,145.39,147,144.82,,,,,,,,,,,,,,,,,,,,,,,,,,,,,,,,,,,,,,,,,,,,,,,,,,,,778,469.25
1787246700,145.38,145.38,145.27,145.27,147,144.82,,,,,,,,,,,,,,,,,,,,,,,,,,,,,,,,,,,,,,,,,,,,,,,,,,,,1062,511.65
1787246760,145.3,145.35,145.3,145.335,147,144.82,,,,,,,,,,,,,,,,,,,,,,,,,,,,,,,,,,,,,,,,,,,,,,,,,,,,160,506.25
1787246820,145.35,145.4,145.29,145.29,147,144.82,,,,,,,,,,,,,,,,,,,,,,,,,,,,,,,,,,,,,,,,,,,,,,,,,,,,165,487.85
1787246880,145.28,145.29,145.21,145.21,147,144.82,,,,,,,,,,,,,,,,,,,,,,,,,,,,,,,,,,,,,,,,,,,,,,,,,,,,470,511.3
1787246940,145.19,145.2,145.17,145.19,147,144.82,,,,,,,,,,,,,,,,,,,,,,,,,,,,,,,,,,,,,,,,,,,,,,,,,,,,423,522.45
1787247000,145.17,145.18,145.16,145.17,147,144.82,,,,,,,,,,,,,,,,,,,,,,,,,,,,,,,,,,,,,,,,,,,,,,,,,,,,450,533.9
1787247060,145.18,145.22,145.18,145.215,147,144.82,,,,,,,,,,,,,,,,,,,,,,,,,,,,,,,,,,,,,,,,,,,,,,,,,,,,257,527.95
1787247120,145.215,145.23,145.13,145.2,147,144.82,,,,,,,,,,,,,,,,,,,,,,,,,,,,,,,,,,,,,,,,,,,,,,,,,,,,815,510.5
1787247180,145.22,145.23,145.18,145.23,147,144.82,,,,,,,,,,,,,,,,,,,,,,,,,,,,,,,,,,,,,,,,,,,,,,,,,,,,467,496.7
1787247240,145.2,145.2,145.14,145.16,147,144.82,,,,,,,,,,,,,,,,,,,,,,,,,,,,,,,,,,,,,,,,,,,,,,,,,,,,129,493.15
1787247300,145.23,145.23,145.18,145.18,147,144.82,,,,,,,,,,,,,,,,,,,,,,,,,,,,,,,,,,,,,,,,,,,,,,,,,,,,212,476.2
1787247360,145.18,145.19,145.14,145.14,147,144.82,,,,,,,,,,,,,,,,,,,,,,,,,,,,,,,,,,,,,,,,,,,,,,,,,,,,230,444.25
1787247420,145.16,145.34,145.15,145.34,147,144.82,,,,,,,,,,,,,,,,,,,,,,,,,,,,,,,,,,,,,,,,,,,,,,,,,,,,581,449.1
1787247480,145.32,145.33,145.31,145.33,147,144.82,,,,,,,,,,,,,,,,,,,,,,,,,,,,,,,,,,,,,,,,,,,,,,,,,,,,330,459.9
1787247540,145.32,145.32,145.26,145.3,147,144.82,,,,,,,,,,,,,,,,,,,,,,,,,,,,,,,,,,,,,,,,,,,,,,,,,,,,212,443.65
1787247600,145.3,145.3,145.28,145.29,147,144.82,,,,,,,,,,,,,,,,,,,,,,,,,,,,,,,,,,,,,,,,,,,,,,,,,,,,156,440.35
1787247660,145.28,145.28,145.28,145.28,147,144.82,,,,,,,,,,,,,,,,,,,,,,,,,,,,,,,,,,,,,,,,,,,,,,,,,,,,2,419.8
1787247720,145.25,145.26,145.225,145.245,147,144.82,,,,,,,,,,,,,,,,,,,,,,,,,,,,,,,,,,,,,,,,,,,,,,,,,,,,371,377.2
1787247780,145.23,145.24,145.19,145.19,147,144.82,,,,,,,,,,,,,,,,,,,,,,,,,,,,,,,,,,,,,,,,,,,,,,,,,,,,476,387.3
1787247840,145.21,145.26,145.21,145.26,147,144.82,,,,,,,,,,,,,,,,,,,,,,,,,,,,,,,,,,,,,,,,,,,,,,,,,,,,322,364.5
1787247900,145.28,145.32,145.24,145.32,147,144.82,,,,,,,,,,,,,,,,,,,,,,,,,,,,,,,,,,,,,,,,,,,,,,,,,,,,276,325.2
1787247960,145.35,145.39,145.34,145.38,147,144.82,,,,,,,,,,,,,,,,,,,,,,,,,,,,,,,,,,,,,,,,,,,,,,,,,,,,264,330.4
1787248020,145.37,145.37,145.335,145.335,147,144.82,,,,,,,,,,,,,,,,,,,,,,,,,,,,,,,,,,,,,,,,,,,,,,,,,,,,332,338.75
1787248080,145.32,145.35,145.32,145.33,147,144.82,,,,,,,,,,,,,,,,,,,,,,,,,,,,,,,,,,,,,,,,,,,,,,,,,,,,112,320.85
1787248140,145.35,145.39,145.32,145.32,147,144.82,,,,,,,,,,,,,,,,,,,,,,,,,,,,,,,,,,,,,,,,,,,,,,,,,,,,853,342.35
1787248200,145.33,145.36,145.33,145.36,147,144.82,,,,,,,,,,,,,,,,,,,,,,,,,,,,,,,,,,,,,,,,,,,,,,,,,,,,93,324.5
1787248260,145.33,145.33,145.31,145.31,147,144.82,,,,,,,,,,,,,,,,,,,,,,,,,,,,,,,,,,,,,,,,,,,,,,,,,,,,356,329.45
1787248320,145.31,145.31,145.28,145.28,147,144.82,,,,,,,,,,,,,,,,,,,,,,,,,,,,,,,,,,,,,,,,,,,,,,,,,,,,316,304.5
1787248380,145.27,145.28,145.25,145.28,147,144.82,,,,,,,,,,,,,,,,,,,,,,,,,,,,,,,,,,,,,,,,,,,,,,,,,,,,307,296.5
1787248440,145.3,145.3,145.25,145.27,147,144.82,,,,,,,,,,,,,,,,,,,,,,,,,,,,,,,,,,,,,,,,,,,,,,,,,,,,958,337.95
1787248500,145.24,145.24,145.19,145.24,147,144.82,,,,,,,,,,,,,,,,,,,,,,,,,,,,,,,,,,,,,,,,,,,,,,,,,,,,384,346.55
1787248560,145.27,145.27,145.27,145.27,147,144.82,,,,,,,,,,,,,,,,,,,,,,,,,,,,,,,,,,,,,,,,,,,,,,,,,,,,13,335.7
1787248620,145.27,145.27,145.26,145.26,147,144.82,,,,,,,,,,,,,,,,,,,,,,,,,,,,,,,,,,,,,,,,,,,,,,,,,,,,158,314.55
1787248680,145.22,145.24,145.19,145.19,147,144.82,,,,,,,,,,,,,,,,,,,,,,,,,,,,,,,,,,,,,,,,,,,,,,,,,,,,443,320.2
1787248740,145.2,145.2,145.13,145.13,147,144.82,,,,,,,,,,,,,,,,,,,,,,,,,,,,,,,,,,,,,,,,,,,,,,,,,,,,635,341.35
1787248800,145.11,145.14,145.11,145.14,147,144.82,,,,,,,,,,,,,,,,,,,,,,,,,,,,,,,,,,,,,,,,,,,,,,,,,,,,552,361.15
1787248860,145.13,145.13,145.07,145.07,147,144.82,,,,,,,,,,,,,,,,,,,,,,,,,,,,,,,,,,,,,,,,,,,,,,,,,,,,602,391.15
1787248920,145.095,145.095,144.99,144.99,147,144.82,,,,,,,,,,,,,,,,,,,,,,,,,,,,,,,,,,,,,,,,,,,,,,,,,,,,450,395.1
1787248980,144.98,145,144.98,145,147,144.82,,,,,,,,,,,,,,,,,,,,,,,,,,,,,,,,,,,,,,,,,,,,,,,,,,,,271,384.85
1787249040,144.97,144.97,144.89,144.91,147,144.82,,,,,,,,,,,,,,,,,,,,,,,,,,,,,,,,,,,,,,,,,,,,,,,,,,,,348,386.15
1787249100,144.88,144.9,144.84,144.9,147,144.82,,,,,,,,,,,,,,,,,,,,,,,,,,,,,,,,,,,,,,,,,,,,,,,,,,,,1132,428.95
1787249160,144.91,144.98,144.9,144.98,147,144.82,,,,,,,,,,,,,,,,,,,,,,,,,,,,,,,,,,,,,,,,,,,,,,,,,,,,236,427.55
1787249220,144.97,144.99,144.91,144.92,147,144.82,,,,,,,,,,,,,,,,,,,,,,,,,,,,,,,,,,,,,,,,,,,,,,,,,,,,628,442.35
1787249280,144.95,144.95,144.95,144.95,147,144.82,,,,,,,,,,,,,,,,,,,,,,,,,,,,,,,,,,,,,,,,,,,,,,,,,,,,142,443.85
1787249340,145,145.06,145,145,147,144.82,,,,,,,,,,,,,,,,,,,,,,,,,,,,,,,,,,,,,,,,,,,,,,,,,,,,137,408.05
1787249400,145.01,145.01,144.94,144.94,147,144.82,,,,,,,,,,,,,,,,,,,,,,,,,,,,,,,,,,,,,,,,,,,,,,,,,,,,369,421.85
1787249460,144.93,144.93,144.9,144.915,147,144.82,,,,,,,,,,,,,,,,,,,,,,,,,,,,,,,,,,,,,,,,,,,,,,,,,,,,504,429.25
1787249520,144.9,144.9,144.88,144.88,147,144.82,,,,,,,,,,,,,,,,,,,,,,,,,,,,,,,,,,,,,,,,,,,,,,,,,,,,178,422.35
1787249580,144.9,144.93,144.9,144.91,147,144.82,,,,,,,,,,,,,,,,,,,,,,,,,,,,,,,,,,,,,,,,,,,,,,,,,,,,526,433.3
1787249640,144.925,144.95,144.91,144.93,147,144.82,,,,,,,,,,,,,,,,,,,,,,,,,,,,,,,,,,,,,,,,,,,,,,,,,,,,342,402.5
1787249700,144.87,144.93,144.87,144.93,147,144.82,,,,,,,,,,,,,,,,,,,,,,,,,,,,,,,,,,,,,,,,,,,,,,,,,,,,67,386.65
1787249760,144.91,144.91,144.89,144.89,147,144.82,,,,,,,,,,,,,,,,,,,,,,,,,,,,,,,,,,,,,,,,,,,,,,,,,,,,131,392.55
1787249820,144.93,144.94,144.93,144.94,147,144.82,,,,,,,,,,,,,,,,,,,,,,,,,,,,,,,,,,,,,,,,,,,,,,,,,,,,168,393.05
1787249880,144.91,144.91,144.85,144.85,147,144.82,,,,,,,,,,,,,,,,,,,,,,,,,,,,,,,,,,,,,,,,,,,,,,,,,,,,362,389
1787249940,144.89,144.9,144.87,144.87,147,144.82,,,,,,,,,,,,,,,,,,,,,,,,,,,,,,,,,,,,,,,,,,,,,,,,,,,,679,391.2
1787250000,144.855,144.915,144.83,144.84,147,144.82,,,,,,,,,,,,,,,,,,,,,,,,,,,,,,,,,,,,,,,,,,,,,,,,,,,,888,408
1787250060,144.85,144.85,144.77,144.79,147,144.82,,,,,,,,,,,,,,,,,,,,,,,,,,,,,,,,,,,,,,,,,,,,,,,,,,,,609,408.35
1787250120,144.82,144.82,144.79,144.81,147,144.82,,,,,,,,,,,,,,,,,,,,,,,,,,,,,,,,,,,,,,,,,,,,,,,,,,,,217,396.7
1787250180,144.81,144.81,144.765,144.79,147,144.82,,,,,,,,,,,,,,,,,,,,,,,,,,,,,,,,,,,,,,,,,,,,,,,,,,,,702,418.25
1787250240,144.8,144.8,144.76,144.77,147,144.82,,,,,,,,,,,,,,,,,,,,,,,,,,,,,,,,,,,,,,,,,,,,,,,,,,,,627,432.2
1787250300,144.75,144.76,144.69,144.76,147,144.82,,,,,,,,,,,,,,,,,,,,,,,,,,,,,,,,,,,,,,,,,,,,,,,,,,,,1226,436.9
1787250360,144.76,144.79,144.76,144.76,147,144.82,,,,,,,,,,,,,,,,,,,,,,,,,,,,,,,,,,,,,,,,,,,,,,,,,,,,570,453.6
1787250420,144.78,144.8,144.77,144.79,147,144.82,,,,,,,,,,,,,,,,,,,,,,,,,,,,,,,,,,,,,,,,,,,,,,,,,,,,413,442.85
1787250480,144.76,144.76,144.73,144.73,147,144.82,,,,,,,,,,,,,,,,,,,,,,,,,,,,,,,,,,,,,,,,,,,,,,,,,,,,339,452.7
1787250540,144.71,144.71,144.65,144.65,147,144.82,,,,,,,,,,,,,,,,,,,,,,,,,,,,,,,,,,,,,,,,,,,,,,,,,,,,1372,514.45
1787250600,144.63,144.68,144.63,144.63,147,144.82,,,,,,,,,,,,,,,,,,,,,,,,,,,,,,,,,,,,,,,,,,,,,,,,,,,,909,541.45
1787250660,144.65,144.81,144.65,144.81,147,144.82,,,,,,,,,,,,,,,,,,,,,,,,,,,,,,,,,,,,,,,,,,,,,,,,,,,,807,556.6
1787250720,144.83,144.9,144.83,144.85,147,144.82,,,,,,,,,,,,,,,,,,,,,,,,,,,,,,,,,,,,,,,,,,,,,,,,,,,,785,586.95
1787250780,144.88,144.97,144.88,144.94,147,144.82,,,,,,,,,,,,,,,,,,,,,,,,,,,,,,,,,,,,,,,,,,,,,,,,,,,,219,571.6
1787250840,144.94,144.94,144.92,144.92,147,144.82,,,,,,,,,,,,,,,,,,,,,,,,,,,,,,,,,,,,,,,,,,,,,,,,,,,,195,564.25
1787250900,144.91,145.09,144.91,145.09,147,144.82,,,,,,,,,,,,,,,,,,,,,,,,,,,,,,,,,,,,,,,,,,,,,,,,,,,,1134,617.6
1787250960,145.06,145.08,145.05,145.08,147,144.82,,,,,,,,,,,,,,,,,,,,,,,,,,,,,,,,,,,,,,,,,,,,,,,,,,,,483,635.2
1787251020,145.12,145.13,145.06,145.12,147,144.82,,,,,,,,,,,,,,,,,,,,,,,,,,,,,,,,,,,,,,,,,,,,,,,,,,,,477,650.65
1787251080,145.16,145.17,145.15,145.17,147,144.82,,,,,,,,,,,,,,,,,,,,,,,,,,,,,,,,,,,,,,,,,,,,,,,,,,,,581,661.6
1787251140,145.13,145.28,145.13,145.28,147,144.82,,,,,,,,,,,,,,,,,,,,,,,,,,,,,,,,,,,,,,,,,,,,,,,,,,,,730,664.15
1787251200,145.34,145.34,145.28,145.3,147,144.82,,,,,,,,,,,,,,,,,,,,,,,,,,,,,,,,,,,,,,,,,,,,,,,,,,,,456,642.55
1787251260,145.33,145.44,145.33,145.43,147,144.82,,,,,,,,,,,,,,,,,,,,,,,,,,,,,,,,,,,,,,,,,,,,,,,,,,,,403,632.25
1787251320,145.42,145.44,145.32,145.37,147,144.82,,,,,,,,,,,,,,,,,,,,,,,,,,,,,,,,,,,,,,,,,,,,,,,,,,,,2087,725.75
1787251440,145.34,145.34,145.28,145.31,147,144.82,,,,,,,,,,,,,,,,,,,,,,,,,,,,,,,,,,,,,,,,,,,,,,,,,,,,157,698.5
1787251500,145.27,145.27,145.24,145.24,147,144.82,,,,,,,,,,,,,,,,,,,,,,,,,,,,,,,,,,,,,,,,,,,,,,,,,,,,399,687.1
1787251560,145.24,145.28,145.24,145.25,147,144.82,,,,,,,,,,,,,,,,,,,,,,,,,,,,,,,,,,,,,,,,,,,,,,,,,,,,555,653.55
1787251620,145.26,145.28,145.19,145.27,147,144.82,,,,,,,,,,,,,,,,,,,,,,,,,,,,,,,,,,,,,,,,,,,,,,,,,,,,1250,687.55
1787251680,145.28,145.28,145.25,145.27,147,144.82,,,,,,,,,,,,,,,,,,,,,,,,,,,,,,,,,,,,,,,,,,,,,,,,,,,,198,676.8
1787251740,145.25,145.25,145.2,145.21,147,144.82,,,,,,,,,,,,,,,,,,,,,,,,,,,,,,,,,,,,,,,,,,,,,,,,,,,,554,687.55
1787251800,145.2,145.2,144.85,144.85,147,144.82,,,,,,,,,,,,,,,,,,,,,,,,,,,,,,,,,,,,,,,,,,,,,,,,,,,,2023,720.1
1787251860,144.85,144.94,144.84,144.84,147,144.82,,,,,,,,,,,,,,,,,,,,,,,,,,,,,,,,,,,,,,,,,,,,,,,,,,,,1439,746.6
1787251920,144.83,144.85,144.745,144.85,147,144.82,,,,,,,,,,,,,,,,,,,,,,,,,,,,,,,,,,,,,,,,,,,,,,,,,,,,628,737.65
1787251980,144.86,144.89,144.8,144.8,147,144.82,,,,,,,,,,,,,,,,,,,,,,,,,,,,,,,,,,,,,,,,,,,,,,,,,,,,843,740.55
1787252040,144.83,144.88,144.83,144.88,147,144.82,,,,,,,,,,,,,,,,,,,,,,,,,,,,,,,,,,,,,,,,,,,,,,,,,,,,489,754.05
1787252100,144.89,144.92,144.85,144.9,147,144.82,,,,,,,,,,,,,,,,,,,,,,,,,,,,,,,,,,,,,,,,,,,,,,,,,,,,694,779
1787252160,144.92,144.93,144.86,144.88,147,144.82,,,,,,,,,,,,,,,,,,,,,,,,,,,,,,,,,,,,,,,,,,,,,,,,,,,,657,755.15
1787252220,144.87,144.9,144.85,144.85,147,144.82,,,,,,,,,,,,,,,,,,,,,,,,,,,,,,,,,,,,,,,,,,,,,,,,,,,,120,737
1787252280,144.84,144.87,144.83,144.85,147,144.82,,,,,,,,,,,,,,,,,,,,,,,,,,,,,,,,,,,,,,,,,,,,,,,,,,,,440,735.15
1787252340,144.85,144.85,144.765,144.78,147,144.82,,,,,,,,,,,,,,,,,,,,,,,,,,,,,,,,,,,,,,,,,,,,,,,,,,,,512,731.7
1787252400,144.82,144.9,144.79,144.9,147,144.82,,,,,,,,,,,,,,,,,,,,,,,,,,,,,,,,,,,,,,,,,,,,,,,,,,,,813,735.85
1787252460,144.88,144.91,144.835,144.835,147,144.82,,,,,,,,,,,,,,,,,,,,,,,,,,,,,,,,,,,,,,,,,,,,,,,,,,,,587,742.4
1787252520,144.835,144.86,144.79,144.8,147,144.82,,,,,,,,,,,,,,,,,,,,,,,,,,,,,,,,,,,,,,,,,,,,,,,,,,,,648,754.65
1787252580,144.82,144.86,144.82,144.86,147,144.82,,,,,,,,,,,,,,,,,,,,,,,,,,,,,,,,,,,,,,,,,,,,,,,,,,,,194,660
1787252640,144.845,144.87,144.84,144.85,147,144.82,,,,,,,,,,,,,,,,,,,,,,,,,,,,,,,,,,,,,,,,,,,,,,,,,,,,372,670.75
1787252700,144.84,144.86,144.75,144.82,147,144.82,,,,,,,,,,,,,,,,,,,,,,,,,,,,,,,,,,,,,,,,,,,,,,,,,,,,1087,705.15
1787252760,144.85,145.015,144.85,144.92,147,144.82,,,,,,,,,,,,,,,,,,,,,,,,,,,,,,,,,,,,,,,,,,,,,,,,,,,,2004,777.6
1787252820,144.91,145.005,144.91,145.005,147,144.82,,,,,,,,,,,,,,,,,,,,,,,,,,,,,,,,,,,,,,,,,,,,,,,,,,,,375,733.85
1787252880,145,145.04,144.98,145.04,147,144.82,,,,,,,,,,,,,,,,,,,,,,,,,,,,,,,,,,,,,,,,,,,,,,,,,,,,887,768.3
1787252940,145.03,145.03,144.99,145.01,147,144.82,,,,,,,,,,,,,,,,,,,,,,,,,,,,,,,,,,,,,,,,,,,,,,,,,,,,2115,846.35
1787253000,145.03,145.13,145.03,145.13,147,144.82,,,,,,,,,,,,,,,,,,,,,,,,,,,,,,,,,,,,,,,,,,,,,,,,,,,,255,757.95
1787253060,145.11,145.15,145.11,145.14,147,144.82,,,,,,,,,,,,,,,,,,,,,,,,,,,,,,,,,,,,,,,,,,,,,,,,,,,,1104,741.2
1787253120,145.15,145.16,145.12,145.14,147,144.82,,,,,,,,,,,,,,,,,,,,,,,,,,,,,,,,,,,,,,,,,,,,,,,,,,,,400,729.8
1787253180,145.11,145.11,145.07,145.09,147,144.82,,,,,,,,,,,,,,,,,,,,,,,,,,,,,,,,,,,,,,,,,,,,,,,,,,,,1106,742.95
1787253240,145.09,145.09,145.045,145.045,147,144.82,,,,,,,,,,,,,,,,,,,,,,,,,,,,,,,,,,,,,,,,,,,,,,,,,,,,434,740.2
1787253300,145.1,145.15,145.1,145.13,147,144.82,,,,,,,,,,,,,,,,,,,,,,,,,,,,,,,,,,,,,,,,,,,,,,,,,,,,1855,798.25
1787253360,145.11,145.16,145.06,145.06,147,144.82,,,,,,,,,,,,,,,,,,,,,,,,,,,,,,,,,,,,,,,,,,,,,,,,,,,,1078,819.3
1787253420,145.06,145.08,145,145,147,144.82,,,,,,,,,,,,,,,,,,,,,,,,,,,,,,,,,,,,,,,,,,,,,,,,,,,,1042,865.4
1787253480,145,145.05,145,145.01,147,144.82,,,,,,,,,,,,,,,,,,,,,,,,,,,,,,,,,,,,,,,,,,,,,,,,,,,,1241,905.45
1787253540,145.04,145.05,145.01,145.03,147,144.82,,,,,,,,,,,,,,,,,,,,,,,,,,,,,,,,,,,,,,,,,,,,,,,,,,,,708,915.25
1787253600,145.02,145.04,144.98,145.04,147,144.82,,,,,,,,,,,,,,,,,,,,,,,,,,,,,,,,,,,,,,,,,,,,,,,,,,,,1918,970.5
1787253660,145.04,145.04,144.89,144.93,147,144.82,,,,,,,,,,,,,,,,,,,,,,,,,,,,,,,,,,,,,,,,,,,,,,,,,,,,1859,1034.1
1787253720,144.92,144.99,144.92,144.94,147,144.82,,,,,,,,,,,,,,,,,,,,,,,,,,,,,,,,,,,,,,,,,,,,,,,,,,,,1256,1064.5
1787253780,144.94,144.97,144.88,144.88,147,144.82,,,,,,,,,,,,,,,,,,,,,,,,,,,,,,,,,,,,,,,,,,,,,,,,,,,,1685,1139.05
1787253840,144.86,144.9,144.82,144.84,147,144.82,,,,,,,,,,,,,,,,,,,,,,,,,,,,,,,,,,,,,,,,,,,,,,,,,,,,2227,1231.8
1787253900,144.85,144.89,144.83,144.84,147,144.82,,,,,,,,,,,,,,,,,,,,,,,,,,,,,,,,,,,,,,,,,,,,,,,,,,,,555,1205.2
1787253960,144.87,144.88,144.86,144.86,147,144.82,,,,,,,,,,,,,,,,,,,,,,,,,,,,,,,,,,,,,,,,,,,,,,,,,,,,366,1123.3
1787254020,144.85,144.85,144.78,144.78,147,144.82,,,,,,,,,,,,,,,,,,,,,,,,,,,,,,,,,,,,,,,,,,,,,,,,,,,,744,1141.75
1787254080,144.77,144.77,144.75,144.75,147,144.82,,,,,,,,,,,,,,,,,,,,,,,,,,,,,,,,,,,,,,,,,,,,,,,,,,,,151,1104.95
1787254140,144.77,144.79,144.75,144.79,147,144.82,,,,,,,,,,,,,,,,,,,,,,,,,,,,,,,,,,,,,,,,,,,,,,,,,,,,866,1042.5
1787254200,144.8,144.84,144.57,144.57,147,144.82,,,,,,,,,,,,,,,,,,,,,,,,,,,,,,,,,,,,,,,,,,,,,,,,,,,,2778,1168.65
1787254260,144.565,144.6,144.42,144.45,147,144.82,,,,,,,,,,,,,,,,,,,,,,,,,,,,,,,,,,,,,,,,,,,,,,,,,,,,2160,1221.45
1787254320,144.43,144.46,144.37,144.38,147,144.82,,,,,,,,,,,,,,,,,,,,,,,,,,,,,,,,,,,,,,,,,,,,,,,,,,,,908,1246.85
1787254380,144.32,144.39,144.32,144.32,147,144.82,,,,,,,,,,,,,,,,,,,,,,,,,,,,,,,,,,,,,,,,,,,,,,,,,,,,230,1203.05
1787254440,144.34,144.36,144.3,144.3,147,144.82,,,,,,,,,,,,,,,,,,,,,,,,,,,,,,,,,,,,,,,,,,,,,,,,,,,,297,1196.2
1787254500,144.28,144.4,144.28,144.35,147,144.82,,,,,,,,,,,,,,,,,,,,,,,,,,,,,,,,,,,,,,,,,,,,,,,,,,,,1558,1181.35
1787254560,144.375,144.43,144.34,144.4,147,144.82,,,,,,,,,,,,,,,,,,,,,,,,,,,,,,,,,,,,,,,,,,,,,,,,,,,,539,1154.4
1787254620,144.38,144.38,144.24,144.24,147,144.82,,,,,,,,,,,,,,,,,,,,,,,,,,,,,,,,,,,,,,,,,,,,,,,,,,,,333,1118.95
1787254680,144.23,144.28,144.22,144.27,147,144.82,,,,,,,,,,,,,,,,,,,,,,,,,,,,,,,,,,,,,,,,,,,,,,,,,,,,709,1092.35
1787254740,144.27,144.37,144.27,144.36,147,144.82,,,,,,,,,,,,,,,,,,,,,,,,,,,,,,,,,,,,,,,,,,,,,,,,,,,,872,1100.55
1787254800,144.4,144.43,144.33,144.36,147,144.82,,,,,,,,,,,,,,,,,,,,,,,,,,,,,,,,,,,,,,,,,,,,,,,,,,,,630,1036.15
1787254860,144.36,144.4,144.27,144.27,147,144.82,,,,,,,,,,,,,,,,,,,,,,,,,,,,,,,,,,,,,,,,,,,,,,,,,,,,1557,1021.05
1787254920,144.24,144.34,144.24,144.28,147,144.82,,,,,,,,,,,,,,,,,,,,,,,,,,,,,,,,,,,,,,,,,,,,,,,,,,,,1069,1011.7
1787254980,144.32,144.32,144.27,144.32,147,144.82,,,,,,,,,,,,,,,,,,,,,,,,,,,,,,,,,,,,,,,,,,,,,,,,,,,,181,936.5
1787255040,144.32,144.34,144.29,144.32,147,144.82,,,,,,,,,,,,,,,,,,,,,,,,,,,,,,,,,,,,,,,,,,,,,,,,,,,,714,860.85
1787255100,144.29,144.32,143.92,143.96,147,144.82,,,,,,,,,,,,,,,,,,,,,,,,,,,,,,,,,,,,,,,,,,,,,,,,,,,,4664,1066.3
1787255160,143.98,144.03,143.92,144.03,147,144.82,,,,,,,,,,,,,,,,,,,,,,,,,,,,,,,,,,,,,,,,,,,,,,,,,,,,1032,1099.6
1787255220,144,144.12,144,144.12,147,144.82,,,,,,,,,,,,,,,,,,,,,,,,,,,,,,,,,,,,,,,,,,,,,,,,,,,,4027,1263.75
1787255280,144.09,144.25,144.09,144.25,147,144.82,,,,,,,,,,,,,,,,,,,,,,,,,,,,,,,,,,,,,,,,,,,,,,,,,,,,1028,1307.6
1787255340,144.23,144.23,144.14,144.14,147,144.82,,,,,,,,,,,,,,,,,,,,,,,,,,,,,,,,,,,,,,,,,,,,,,,,,,,,948,1311.7
1787255400,144.22,144.25,143.85,143.9,147,144.82,,,,,,,,,,,,,,,,,,,,,,,,,,,,,,,,,,,,,,,,,,,,,,,,,,,,4120,1378.8
1787255460,143.96,144.05,143.91,144.05,147,144.82,,,,,,,,,,,,,,,,,,,,,,,,,,,,,,,,,,,,,,,,,,,,,,,,,,,,1417,1341.65
1787255520,144.07,144.15,144.03,144.15,147,144.82,,,,,,,,,,,,,,,,,,,,,,,,,,,,,,,,,,,,,,,,,,,,,,,,,,,,786,1335.55
1787255580,144.16,144.22,144.13,144.18,147,144.82,,,,,,,,,,,,,,,,,,,,,,,,,,,,,,,,,,,,,,,,,,,,,,,,,,,,2040,1426.05
1787255640,144.18,144.23,143.75,143.76,147,144.82,,,,,,,,,,,,,,,,,,,,,,,,,,,,,,,,,,,,,,,,,,,,,,,,,,,,8204,1821.4
1787255700,143.8,143.8,143.275,143.3,147,144.82,,,,,,,,,,,,,,,,,,,,,,,,,,,,,,,,,,,,,,,,,,,,,,,,,,,,18990,2693
1787255760,143.3,143.53,143.29,143.39,147,144.82,,,,,,,,,,,,,,,,,,,,,,,,,,,,,,,,,,,,,,,,,,,,,,,,,,,,9510,3141.55
1787255820,143.375,143.46,143.19,143.33,147,144.82,,,,,,,,,,,,,,,,,,,,,,,,,,,,,,,,,,,,,,,,,,,,,,,,,,,,9631,3606.45
1787255880,143.32,143.55,143.32,143.51,147,144.82,,,,,,,,,,,,,,,,,,,,,,,,,,,,,,,,,,,,,,,,,,,,,,,,,,,,15053,4323.65
1787255940,143.5,143.59,143.42,143.47,147,144.82,,,1,23,-1,1787235660000,144.8,147,144.82,2.180000000000007,0.2024399795351559,1.1118784530386834,1.1395027624309235,1,,0,1,1787235960000,144.59,113.61392177973806,1,0.9682550660488317,1.2863960163220036,1,1,1787236260000,144.1,355.6609725278909,0,0.6315058986814688,1.6308119361554438,0,1,1787236560000,143.995,407.52819768820336,0,0.5590471891385165,1.7049203097329657,0,1,1787237460000,144.64,88.91524313197624,0,1.0024889380530895,1.2513827433628337,0,1.1458333333333193,2,23,16756,5117.85
1787319000,144.74,144.74,143.62,143.62,144.74,143.62,,,,,,,,,,,,,,,,,,,,,,,,,,,,,,,,,,,,,,,,,,,,,,,,,,,,1515,5162.1
1787319060,143.83,144.275,143.51,144.275,144.74,143.51,,,,,,,,,,,,,,,,,,,,,,,,,,,,,,,,,,,,,,,,,,,,,,,,,,,,3385,5253.5
1787319120,144.34,144.42,144.34,144.42,144.74,143.51,,,,,,,,,,,,,,,,,,,,,,,,,,,,,,,,,,,,,,,,,,,,,,,,,,,,392,5219.65
1787319180,144.08,144.12,143.92,144.12,144.74,143.51,,,,,,,,,,,,,,,,,,,,,,,,,,,,,,,,,,,,,,,,,,,,,,,,,,,,790,5250.1
1787319240,144.48,144.57,144.47,144.57,144.74,143.51,,,,,,,,,,,,,,,,,,,,,,,,,,,,,,,,,,,,,,,,,,,,,,,,,,,,1688,5298.8
1787319300,144.46,144.46,144.3,144.42,144.74,143.51,,,,,,,,,,,,,,,,,,,,,,,,,,,,,,,,,,,,,,,,,,,,,,,,,,,,1427,5136.95
1787319360,144.25,144.3,144.1,144.19,144.74,143.51,,,,,,,,,,,,,,,,,,,,,,,,,,,,,,,,,,,,,,,,,,,,,,,,,,,,972,5133.95
1787319420,144.33,144.63,144.29,144.52,144.74,143.51,,,,,,,,,,,,,,,,,,,,,,,,,,,,,,,,,,,,,,,,,,,,,,,,,,,,3125,5088.85
1787319480,144.56,144.64,144.42,144.42,144.74,143.51,,,,,,,,,,,,,,,,,,,,,,,,,,,,,,,,,,,,,,,,,,,,,,,,,,,,624,5068.65
1787319540,144.52,144.52,144.13,144.13,144.74,143.51,,,,,,,,,,,,,,,,,,,,,,,,,,,,,,,,,,,,,,,,,,,,,,,,,,,,1444,5093.45
1787319600,144.19,144.23,144.19,144.23,144.74,143.51,,,,,,,,,,,,,,,,,,,,,,,,,,,,,,,,,,,,,,,,,,,,,,,,,,,,145,4894.7
1787319660,144.305,144.51,144.13,144.51,144.74,143.51,,,,,,,,,,,,,,,,,,,,,,,,,,,,,,,,,,,,,,,,,,,,,,,,,,,,2085,4928.1
1787319720,144.42,144.51,144.26,144.26,144.74,143.51,,,,,,,,,,,,,,,,,,,,,,,,,,,,,,,,,,,,,,,,,,,,,,,,,,,,1114,4944.5
1787319780,144.45,144.67,144.45,144.56,144.74,143.51,,,,,,,,,,,,,,,,,,,,,,,,,,,,,,,,,,,,,,,,,,,,,,,,,,,,1625,4923.75
1787319840,144.595,145,144.595,145,145,143.51,,,,,,,,,,,,,,,,,,,,,,,,,,,,,,,,,,,,,,,,,,,,,,,,,,,,2266,4626.85
1787319900,144.88,144.975,144.62,144.62,145,143.51,,,,,,,,,,,,,,,,,,,,,,,,,,,,,,,,,,,,,,,,,,,,,,,,,,,,940,3724.35
1787319960,144.58,144.77,144.58,144.75,145,143.51,,,,,,,,,,,,,,,,,,,,,,,,,,,,,,,,,,,,,,,,,,,,,,,,,,,,258,3261.75
1787320020,144.86,144.86,144.725,144.725,145,143.51,,,,,,,,,,,,,,,,,,,,,,,,,,,,,,,,,,,,,,,,,,,,,,,,,,,,516,2806
1787320080,144.94,144.94,144.59,144.69,145,143.51,,,,,,,,,,,,,,,,,,,,,,,,,,,,,,,,,,,,,,,,,,,,,,,,,,,,351,2070.9
1787320140,144.73,144.74,144.73,144.74,145,143.51,,,,,,,,,,,,,,,,,,,,,,,,,,,,,,,,,,,,,,,,,,,,,,,,,,,,106,1238.4
1787320200,144.58,144.73,144.55,144.63,145,143.51,,,,,,,,,,,,,,,,,,,,,,,,,,,,,,,,,,,,,,,,,,,,,,,,,,,,1264,1225.85
1787320260,144.63,144.77,144.63,144.77,145,143.51,,,,,,,,,,,,,,,,,,,,,,,,,,,,,,,,,,,,,,,,,,,,,,,,,,,,156,1064.4
1787320320,144.81,144.84,144.75,144.84,145,143.51,,,,,,,,,,,,,,,,,,,,,,,,,,,,,,,,,,,,,,,,,,,,,,,,,,,,246,1057.1
1787320380,144.91,145.15,144.91,145.115,145,143.51,,,,,,,,,,,,,,,,,,,,,,,,,,,,,,,,,,,,,,,,,,,,,,,,,,,,791,1057.15
1787320440,145.25,145.39,145.08,145.08,145,143.51,,,,,,,,,,,,,,,,,,,,,,,,,,,,,,,,,,,,,,,,,,,,,,,,,,,,590,1002.25
1787320500,145.02,145.25,145,145.25,145,143.51,,,,,,,,,,,,,,,,,,,,,,,,,,,,,,,,,,,,,,,,,,,,,,,,,,,,665,964.15
1787320560,145.4,145.43,145.32,145.39,145,143.51,,,,,,,,,,,,,,,,,,,,,,,,,,,,,,,,,,,,,,,,,,,,,,,,,,,,304,930.75
1787320620,145.31,145.45,145.31,145.37,145,143.51,,,,,,,,,,,,,,,,,,,,,,,,,,,,,,,,,,,,,,,,,,,,,,,,,,,,668,807.9
1787320680,145.52,145.52,145.365,145.37,145,143.51,,,,,,,,,,,,,,,,,,,,,,,,,,,,,,,,,,,,,,,,,,,,,,,,,,,,1573,855.35
1787320740,145.3,145.41,145.3,145.36,145,143.51,,,,,,,,,,,,,,,,,,,,,,,,,,,,,,,,,,,,,,,,,,,,,,,,,,,,948,830.55
1787320800,145.53,145.63,145.48,145.6,145,143.51,,,,,,,,,,,,,,,,,,,,,,,,,,,,,,,,,,,,,,,,,,,,,,,,,,,,746,860.6
1787320860,145.57,145.73,145.52,145.7,145,143.51,,,,,,,,,,,,,,,,,,,,,,,,,,,,,,,,,,,,,,,,,,,,,,,,,,,,1055,809.1
1787320920,145.75,145.92,145.67,145.74,145,143.51,,,,,,,,,,,,,,,,,,,,,,,,,,,,,,,,,,,,,,,,,,,,,,,,,,,,528,779.8
1787320980,145.85,145.96,145.785,145.785,145,143.51,,,,,,,,,,,,,,,,,,,,,,,,,,,,,,,,,,,,,,,,,,,,,,,,,,,,1752,786.15
1787321040,145.83,146.01,145.72,146,145,143.51,,,,,,,,,,,,,,,,,,,,,,,,,,,,,,,,,,,,,,,,,,,,,,,,,,,,699,707.8
1787321100,145.99,146.05,145.9,146.05,145,143.51,,,,,,,,,,,,,,,,,,,,,,,,,,,,,,,,,,,,,,,,,,,,,,,,,,,,844,703
1787321160,146.13,146.31,146.07,146.31,145,143.51,,,,,,,,,,,,,,,,,,,,,,,,,,,,,,,,,,,,,,,,,,,,,,,,,,,,135,696.85
1787321220,146.23,146.58,146.23,146.58,145,143.51,,,,,,,,,,,,,,,,,,,,,,,,,,,,,,,,,,,,,,,,,,,,,,,,,,,,373,689.7
1787321280,146.52,146.61,146.465,146.6,145,143.51,,,,,,,,,,,,,,,,,,,,,,,,,,,,,,,,,,,,,,,,,,,,,,,,,,,,698,707.05
1787321340,146.77,146.79,146.51,146.51,145,143.51,,,,,,,,,,,,,,,,,,,,,,,,,,,,,,,,,,,,,,,,,,,,,,,,,,,,1189,761.2
1787321400,146.52,146.63,146.52,146.6,145,143.51,,,,,,,,,,,,,,,,,,,,,,,,,,,,,,,,,,,,,,,,,,,,,,,,,,,,588,727.4
1787321460,146.61,146.61,146.54,146.61,145,143.51,,,,,,,,,,,,,,,,,,,,,,,,,,,,,,,,,,,,,,,,,,,,,,,,,,,,867,762.95
1787321520,146.64,146.67,146.54,146.66,145,143.51,,,,,,,,,,,,,,,,,,,,,,,,,,,,,,,,,,,,,,,,,,,,,,,,,,,,981,799.7
1787321580,146.69,146.8,146.69,146.8,145,143.51,,,,,,,,,,,,,,,,,,,,,,,,,,,,,,,,,,,,,,,,,,,,,,,,,,,,216,770.95
1787321640,146.98,147,146.83,146.91,145,143.51,,,,,,,,,,,,,,,,,,,,,,,,,,,,,,,,,,,,,,,,,,,,,,,,,,,,1106,796.75
1787321700,146.92,147.035,146.84,146.84,145,143.51,,,,,,,,,,,,,,,,,,,,,,,,,,,,,,,,,,,,,,,,,,,,,,,,,,,,1148,820.9
1787321760,146.875,146.95,146.85,146.88,145,143.51,,,,,,,,,,,,,,,,,,,,,,,,,,,,,,,,,,,,,,,,,,,,,,,,,,,,510,831.2
1787321820,146.905,147.105,146.905,146.975,145,143.51,,,,,,,,,,,,,,,,,,,,,,,,,,,,,,,,,,,,,,,,,,,,,,,,,,,,643,829.95
1787321880,146.95,147.2,146.95,147.15,145,143.51,,,,,,,,,,,,,,,,,,,,,,,,,,,,,,,,,,,,,,,,,,,,,,,,,,,,956,799.1
1787321940,147.22,147.34,147.22,147.33,145,143.51,,,,,,,,,,,,,,,,,,,,,,,,,,,,,,,,,,,,,,,,,,,,,,,,,,,,1475,825.45
1787322000,147.38,147.4,147.25,147.27,145,143.51,,,,,,,,,,,,,,,,,,,,,,,,,,,,,,,,,,,,,,,,,,,,,,,,,,,,535,814.9
1787322060,147.34,147.56,147.34,147.47,145,143.51,,,,,,,,,,,,,,,,,,,,,,,,,,,,,,,,,,,,,,,,,,,,,,,,,,,,1446,834.45
1787322120,147.46,147.57,147.445,147.57,145,143.51,,,,,,,,,,,,,,,,,,,,,,,,,,,,,,,,,,,,,,,,,,,,,,,,,,,,425,829.3
1787322180,147.45,147.6,147.45,147.52,145,143.51,,,,,,,,,,,,,,,,,,,,,,,,,,,,,,,,,,,,,,,,,,,,,,,,,,,,1580,820.7
1787322240,147.5,147.5,147.33,147.33,145,143.51,,,,,,,,,,,,,,,,,,,,,,,,,,,,,,,,,,,,,,,,,,,,,,,,,,,,902,830.85
1787322300,147.38,147.42,147.13,147.13,145,143.51,,,,,,,,,,,,,,,,,,,,,,,,,,,,,,,,,,,,,,,,,,,,,,,,,,,,1038,840.55
1787322360,147.12,147.13,147.01,147.01,145,143.51,,,,,,,,,,,,,,,,,,,,,,,,,,,,,,,,,,,,,,,,,,,,,,,,,,,,747,871.15
1787322420,146.98,147.16,146.94,146.975,145,143.51,,,,,,,,,,,,,,,,,,,,,,,,,,,,,,,,,,,,,,,,,,,,,,,,,,,,581,881.55
1787322480,147.04,147.22,147.04,147.095,145,143.51,,,,,,,,,,,,,,,,,,,,,,,,,,,,,,,,,,,,,,,,,,,,,,,,,,,,812,887.25
1787322540,147.08,147.08,147.08,147.08,145,143.51,,,,,,,,,,,,,,,,,,,,,,,,,,,,,,,,,,,,,,,,,,,,,,,,,,,,23,828.95
1787322600,147.18,147.31,147.17,147.31,145,143.51,,,,,,,,,,,,,,,,,,,,,,,,,,,,,,,,,,,,,,,,,,,,,,,,,,,,1838,891.45
1787322660,147.25,147.285,147.05,147.1,145,143.51,,,,,,,,,,,,,,,,,,,,,,,,,,,,,,,,,,,,,,,,,,,,,,,,,,,,1611,928.65
1787322720,147,147.01,146.99,147.01,145,143.51,,,,,,,,,,,,,,,,,,,,,,,,,,,,,,,,,,,,,,,,,,,,,,,,,,,,501,904.65
1787322780,146.98,147,146.9,147,145,143.51,,,,,,,,,,,,,,,,,,,,,,,,,,,,,,,,,,,,,,,,,,,,,,,,,,,,545,921.1
1787322840,147.08,147.08,146.88,146.98,145,143.51,,,,,,,,,,,,,,,,,,,,,,,,,,,,,,,,,,,,,,,,,,,,,,,,,,,,827,907.15
1787322900,147,147.11,147,147,145,143.51,,,,,,,,,,,,,,,,,,,,,,,,,,,,,,,,,,,,,,,,,,,,,,,,,,,,440,871.75
1787322960,147.02,147.1,147,147.1,145,143.51,,,,,,,,,,,,,,,,,,,,,,,,,,,,,,,,,,,,,,,,,,,,,,,,,,,,858,889.15
1787323020,147.12,147.17,147.12,147.16,145,143.51,,,,,,,,,,,,,,,,,,,,,,,,,,,,,,,,,,,,,,,,,,,,,,,,,,,,293,871.65
1787323080,147.2,147.25,147.08,147.08,145,143.51,,,,,,,,,,,,,,,,,,,,,,,,,,,,,,,,,,,,,,,,,,,,,,,,,,,,552,851.45
1787323140,147.09,147.25,147.09,147.22,145,143.51,,,,,,,,,,,,,,,,,,,,,,,,,,,,,,,,,,,,,,,,,,,,,,,,,,,,386,797
1787323200,147.07,147.11,147.04,147.04,145,143.51,,,,,,,,,,,,,,,,,,,,,,,,,,,,,,,,,,,,,,,,,,,,,,,,,,,,279,784.2
1787323260,147.03,147.06,147.01,147.06,145,143.51,,,,,,,,,,,,,,,,,,,,,,,,,,,,,,,,,,,,,,,,,,,,,,,,,,,,319,727.85
1787323320,147.06,147.06,146.87,146.91,145,143.51,,,,,,,,,,,,,,,,,,,,,,,,,,,,,,,,,,,,,,,,,,,,,,,,,,,,966,754.9
1787323380,146.93,147.04,146.89,146.89,145,143.51,,,,,,,,,,,,,,,,,,,,,,,,,,,,,,,,,,,,,,,,,,,,,,,,,,,,247,688.25
1787323440,146.89,146.89,146.7,146.86,145,143.51,,,,,,,,,,,,,,,,,,,,,,,,,,,,,,,,,,,,,,,,,,,,,,,,,,,,5961,941.2
1787323500,146.93,146.96,146.9,146.9,145,143.51,,,,,,,,,,,,,,,,,,,,,,,,,,,,,,,,,,,,,,,,,,,,,,,,,,,,413,909.95
1787323560,146.94,146.97,146.87,146.93,145,143.51,,,,,,,,,,,,,,,,,,,,,,,,,,,,,,,,,,,,,,,,,,,,,,,,,,,,1292,937.2
1787323620,146.98,147,146.88,146.9,145,143.51,,,,,,,,,,,,,,,,,,,,,,,,,,,,,,,,,,,,,,,,,,,,,,,,,,,,623,939.3
1787323680,146.84,146.84,146.84,146.84,145,143.51,,,,,,,,,,,,,,,,,,,,,,,,,,,,,,,,,,,,,,,,,,,,,,,,,,,,100,903.7
1787323740,146.85,147.02,146.79,147,145,143.51,,,,,,,,,,,,,,,,,,,,,,,,,,,,,,,,,,,,,,,,,,,,,,,,,,,,831,944.1
1787323800,146.98,146.98,146.78,146.81,145,143.51,,,,,,,,,,,,,,,,,,,,,,,,,,,,,,,,,,,,,,,,,,,,,,,,,,,,668,885.6
1787323860,146.76,146.79,146.75,146.79,145,143.51,,,,,,,,,,,,,,,,,,,,,,,,,,,,,,,,,,,,,,,,,,,,,,,,,,,,357,822.9
1787323920,146.85,147,146.85,147,145,143.51,,,,,,,,,,,,,,,,,,,,,,,,,,,,,,,,,,,,,,,,,,,,,,,,,,,,526,824.15
1787323980,147.03,147.03,146.99,147,145,143.51,,,,,,,,,,,,,,,,,,,,,,,,,,,,,,,,,,,,,,,,,,,,,,,,,,,,302,812
1787324040,147.03,147.14,146.99,147.11,145,143.51,,,,,,,,,,,,,,,,,,,,,,,,,,,,,,,,,,,,,,,,,,,,,,,,,,,,378,789.55
1787324100,147.14,147.2,147.07,147.07,145,143.51,,,,,,,,,,,,,,,,,,,,,,,,,,,,,,,,,,,,,,,,,,,,,,,,,,,,802,807.65
1787324160,147.1,147.26,147.1,147.26,145,143.51,,,,,,,,,,,,,,,,,,,,,,,,,,,,,,,,,,,,,,,,,,,,,,,,,,,,65,768
1787324220,147.27,147.345,147.27,147.33,145,143.51,,,,,,,,,,,,,,,,,,,,,,,,,,,,,,,,,,,,,,,,,,,,,,,,,,,,1890,847.85
1787324280,147.4,147.69,147.4,147.55,145,143.51,,,,,,,,,,,,,,,,,,,,,,,,,,,,,,,,,,,,,,,,,,,,,,,,,,,,1176,879.05
1787324340,147.51,147.51,147.45,147.46,145,143.51,,,,,,,,,,,,,,,,,,,,,,,,,,,,,,,,,,,,,,,,,,,,,,,,,,,,461,882.8
1787324400,147.43,147.56,147.42,147.56,145,143.51,,,,,,,,,,,,,,,,,,,,,,,,,,,,,,,,,,,,,,,,,,,,,,,,,,,,768,907.25
1787324460,147.43,147.43,147.38,147.39,145,143.51,,,,,,,,,,,,,,,,,,,,,,,,,,,,,,,,,,,,,,,,,,,,,,,,,,,,689,925.75
1787324520,147.4,147.44,147.34,147.34,145,143.51,,,,,,,,,,,,,,,,,,,,,,,,,,,,,,,,,,,,,,,,,,,,,,,,,,,,1182,936.55
1787324580,147.35,147.48,147.35,147.48,145,143.51,,,,,,,,,,,,,,,,,,,,,,,,,,,,,,,,,,,,,,,,,,,,,,,,,,,,467,947.55
1787324640,147.45,147.45,147.4,147.4,145,143.51,,,,,,,,,,,,,,,,,,,,,,,,,,,,,,,,,,,,,,,,,,,,,,,,,,,,298,664.4
1787324700,147.44,147.45,147.31,147.31,145,143.51,,,,,,,,,,,,,,,,,,,,,,,,,,,,,,,,,,,,,,,,,,,,,,,,,,,,955,691.5
1787324760,147.35,147.39,147.35,147.39,145,143.51,,,,,,,,,,,,,,,,,,,,,,,,,,,,,,,,,,,,,,,,,,,,,,,,,,,,135,633.65
1787324820,147.37,147.37,147.24,147.24,145,143.51,,,,,,,,,,,,,,,,,,,,,,,,,,,,,,,,,,,,,,,,,,,,,,,,,,,,479,626.45
1787324880,147.2,147.22,147.19,147.21,145,143.51,,,,,,,,,,,,,,,,,,,,,,,,,,,,,,,,,,,,,,,,,,,,,,,,,,,,255,634.2
1787324940,147.17,147.25,147.16,147.22,145,143.51,,,,,,,,,,,,,,,,,,,,,,,,,,,,,,,,,,,,,,,,,,,,,,,,,,,,581,621.7
1787325000,147.24,147.24,147.24,147.24,145,143.51,,,,,,,,,,,,,,,,,,,,,,,,,,,,,,,,,,,,,,,,,,,,,,,,,,,,42,590.4
1787325060,147.23,147.27,147.2,147.27,145,143.51,,,,,,,,,,,,,,,,,,,,,,,,,,,,,,,,,,,,,,,,,,,,,,,,,,,,419,593.5
1787325120,147.29,147.33,147.2,147.2,145,143.51,,,,,,,,,,,,,,,,,,,,,,,,,,,,,,,,,,,,,,,,,,,,,,,,,,,,717,603.05
1787325180,147.24,147.3,147.24,147.29,145,143.51,,,,,,,,,,,,,,,,,,,,,,,,,,,,,,,,,,,,,,,,,,,,,,,,,,,,481,612
1787325240,147.3,147.31,147.21,147.21,145,143.51,,,,,,,,,,,,,,,,,,,,,,,,,,,,,,,,,,,,,,,,,,,,,,,,,,,,597,622.95
1787325300,147.21,147.21,147.16,147.17,145,143.51,,,,,,,,,,,,,,,,,,,,,,,,,,,,,,,,,,,,,,,,,,,,,,,,,,,,274,596.55
1787325360,147.21,147.23,147.21,147.23,145,143.51,,,,,,,,,,,,,,,,,,,,,,,,,,,,,,,,,,,,,,,,,,,,,,,,,,,,285,607.55
1787325420,147.23,147.44,147.17,147.17,145,143.51,,,,,,,,,,,,,,,,,,,,,,,,,,,,,,,,,,,,,,,,,,,,,,,,,,,,2112,618.65
1787325480,147.21,147.3,147.21,147.3,145,143.51,,,,,,,,,,,,,,,,,,,,,,,,,,,,,,,,,,,,,,,,,,,,,,,,,,,,116,565.65
1787325540,147.31,147.31,147.24,147.24,145,143.51,,,,,,,,,,,,,,,,,,,,,,,,,,,,,,,,,,,,,,,,,,,,,,,,,,,,162,550.7
1787325600,147.32,147.32,147.23,147.23,145,143.51,,,,,,,,,,,,,,,,,,,,,,,,,,,,,,,,,,,,,,,,,,,,,,,,,,,,390,531.8
1787325660,147.29,147.34,147.29,147.3,145,143.51,,,,,,,,,,,,,,,,,,,,,,,,,,,,,,,,,,,,,,,,,,,,,,,,,,,,106,502.65
1787325720,147.33,147.34,147.22,147.23,145,143.51,,,,,,,,,,,,,,,,,,,,,,,,,,,,,,,,,,,,,,,,,,,,,,,,,,,,630,475.05
1787325780,147.2,147.2,147.04,147.07,145,143.51,,,,,,,,,,,,,,,,,,,,,,,,,,,,,,,,,,,,,,,,,,,,,,,,,,,,690,486.2
1787325840,147.08,147.18,147.07,147.18,145,143.51,,,,,,,,,,,,,,,,,,,,,,,,,,,,,,,,,,,,,,,,,,,,,,,,,,,,332,487.9
1787325900,147.15,147.17,147.15,147.17,145,143.51,,,,,,,,,,,,,,,,,,,,,,,,,,,,,,,,,,,,,,,,,,,,,,,,,,,,202,450.25
1787325960,147.15,147.15,147.11,147.11,145,143.51,,,,,,,,,,,,,,,,,,,,,,,,,,,,,,,,,,,,,,,,,,,,,,,,,,,,302,458.6
1787326020,147.07,147.09,147.04,147.04,145,143.51,,,,,,,,,,,,,,,,,,,,,,,,,,,,,,,,,,,,,,,,,,,,,,,,,,,,102,439.75
1787326080,147.08,147.21,147.08,147.21,145,143.51,,,,,,,,,,,,,,,,,,,,,,,,,,,,,,,,,,,,,,,,,,,,,,,,,,,,585,456.25
1787326140,147.26,147.28,147.23,147.23,145,143.51,,,,,,,,,,,,,,,,,,,,,,,,,,,,,,,,,,,,,,,,,,,,,,,,,,,,208,437.6
1787326200,147.25,147.25,147.22,147.22,145,143.51,,,,,,,,,,,,,,,,,,,,,,,,,,,,,,,,,,,,,,,,,,,,,,,,,,,,149,442.95
1787326260,147.2,147.32,147.2,147.23,145,143.51,,,,,,,,,,,,,,,,,,,,,,,,,,,,,,,,,,,,,,,,,,,,,,,,,,,,1095,476.75
1787326320,147.3,147.3,147.17,147.17,145,143.51,,,,,,,,,,,,,,,,,,,,,,,,,,,,,,,,,,,,,,,,,,,,,,,,,,,,2,441
1787326380,147.18,147.25,147.155,147.24,145,143.51,,,,,,,,,,,,,,,,,,,,,,,,,,,,,,,,,,,,,,,,,,,,,,,,,,,,352,434.55
1787326440,147.265,147.4,147.2,147.4,145,143.51,,,,,,,,,,,,,,,,,,,,,,,,,,,,,,,,,,,,,,,,,,,,,,,,,,,,833,446.35
1787326500,147.42,147.43,147.42,147.43,145,143.51,,,,,,,,,,,,,,,,,,,,,,,,,,,,,,,,,,,,,,,,,,,,,,,,,,,,220,443.65
1787326560,147.48,147.58,147.46,147.49,145,143.51,,,,,,,,,,,,,,,,,,,,,,,,,,,,,,,,,,,,,,,,,,,,,,,,,,,,883,473.55
1787326620,147.51,147.55,147.49,147.49,145,143.51,,,,,,,,,,,,,,,,,,,,,,,,,,,,,,,,,,,,,,,,,,,,,,,,,,,,421,389
1787326680,147.47,147.47,147.39,147.45,145,143.51,,,,,,,,,,,,,,,,,,,,,,,,,,,,,,,,,,,,,,,,,,,,,,,,,,,,399,403.15
1787326740,147.5,147.54,147.5,147.54,145,143.51,,,,,,,,,,,,,,,,,,,,,,,,,,,,,,,,,,,,,,,,,,,,,,,,,,,,98,399.95
1787326800,147.54,147.54,147.4,147.495,145,143.51,,,,,,,,,,,,,,,,,,,,,,,,,,,,,,,,,,,,,,,,,,,,,,,,,,,,466,403.75
1787326860,147.48,147.48,147.43,147.44,145,143.51,,,,,,,,,,,,,,,,,,,,,,,,,,,,,,,,,,,,,,,,,,,,,,,,,,,,767,436.8
1787326920,147.46,147.52,147.46,147.46,145,143.51,,,,,,,,,,,,,,,,,,,,,,,,,,,,,,,,,,,,,,,,,,,,,,,,,,,,121,411.35
1787326980,147.44,147.51,147.42,147.51,145,143.51,,,,,,,,,,,,,,,,,,,,,,,,,,,,,,,,,,,,,,,,,,,,,,,,,,,,652,409.45
1787327040,147.53,147.71,147.53,147.71,145,143.51,,,,,,,,,,,,,,,,,,,,,,,,,,,,,,,,,,,,,,,,,,,,,,,,,,,,611,423.4
1787327100,147.74,147.88,147.74,147.88,145,143.51,,,,,,,,,,,,,,,,,,,,,,,,,,,,,,,,,,,,,,,,,,,,,,,,,,,,201,423.35
1787327160,147.9,147.9,147.85,147.865,145,143.51,,,,,,,,,,,,,,,,,,,,,,,,,,,,,,,,,,,,,,,,,,,,,,,,,,,,201,418.3
1787327220,147.83,147.83,147.79,147.8,145,143.51,,,,,,,,,,,,,,,,,,,,,,,,,,,,,,,,,,,,,,,,,,,,,,,,,,,,271,426.75
1787327280,147.81,147.81,147.75,147.78,145,143.51,,,,,,,,,,,,,,,,,,,,,,,,,,,,,,,,,,,,,,,,,,,,,,,,,,,,198,407.4
1787327340,147.82,147.865,147.82,147.865,145,143.51,,,,,,,,,,,,,,,,,,,,,,,,,,,,,,,,,,,,,,,,,,,,,,,,,,,,617,427.85
1787327400,147.865,147.89,147.75,147.76,145,143.51,,,,,,,,,,,,,,,,,,,,,,,,,,,,,,,,,,,,,,,,,,,,,,,,,,,,372,439
1787327460,147.73,147.8,147.73,147.76,145,143.51,,,,,,,,,,,,,,,,,,,,,,,,,,,,,,,,,,,,,,,,,,,,,,,,,,,,226,395.55
1787327520,147.71,147.72,147.685,147.72,145,143.51,,,,,,,,,,,,,,,,,,,,,,,,,,,,,,,,,,,,,,,,,,,,,,,,,,,,501,420.5
1787327580,147.69,147.705,147.68,147.68,145,143.51,,,,,,,,,,,,,,,,,,,,,,,,,,,,,,,,,,,,,,,,,,,,,,,,,,,,474,426.6
1787327640,147.66,147.665,147.58,147.58,145,143.51,,,,,,,,,,,,,,,,,,,,,,,,,,,,,,,,,,,,,,,,,,,,,,,,,,,,639,416.9
1787327700,147.57,147.6,147.525,147.525,145,143.51,,,,,,,,,,,,,,,,,,,,,,,,,,,,,,,,,,,,,,,,,,,,,,,,,,,,477,429.75
1787327760,147.51,147.51,147.47,147.47,145,143.51,,,,,,,,,,,,,,,,,,,,,,,,,,,,,,,,,,,,,,,,,,,,,,,,,,,,244,397.8
1787327820,147.42,147.42,147.42,147.42,145,143.51,,,,,,,,,,,,,,,,,,,,,,,,,,,,,,,,,,,,,,,,,,,,,,,,,,,,70,380.25
1787327880,147.39,147.58,147.39,147.54,145,143.51,,,,,,,,,,,,,,,,,,,,,,,,,,,,,,,,,,,,,,,,,,,,,,,,,,,,316,376.1
1787327940,147.53,147.55,147.53,147.55,145,143.51,,,,,,,,,,,,,,,,,,,,,,,,,,,,,,,,,,,,,,,,,,,,,,,,,,,,227,382.55
1787328000,147.61,147.61,147.54,147.57,145,143.51,,,,,,,,,,,,,,,,,,,,,,,,,,,,,,,,,,,,,,,,,,,,,,,,,,,,312,374.85
1787328120,147.6,147.6,147.47,147.47,145,143.51,,,,,,,,,,,,,,,,,,,,,,,,,,,,,,,,,,,,,,,,,,,,,,,,,,,,1233,398.15
1787328180,147.47,147.47,147.42,147.42,145,143.51,,,,,,,,,,,,,,,,,,,,,,,,,,,,,,,,,,,,,,,,,,,,,,,,,,,,67,395.45
1787328240,147.44,147.46,147.41,147.46,145,143.51,,,,,,,,,,,,,,,,,,,,,,,,,,,,,,,,,,,,,,,,,,,,,,,,,,,,159,370.8
1787328300,147.42,147.42,147.37,147.38,145,143.51,,,,,,,,,,,,,,,,,,,,,,,,,,,,,,,,,,,,,,,,,,,,,,,,,,,,186,349.55
1787328360,147.34,147.34,147.2,147.2,145,143.51,,,,,,,,,,,,,,,,,,,,,,,,,,,,,,,,,,,,,,,,,,,,,,,,,,,,531,366.05
1787328420,147.19,147.255,147.19,147.255,145,143.51,,,,,,,,,,,,,,,,,,,,,,,,,,,,,,,,,,,,,,,,,,,,,,,,,,,,12,356.6
1787328480,147.3,147.35,147.3,147.35,145,143.51,,,,,,,,,,,,,,,,,,,,,,,,,,,,,,,,,,,,,,,,,,,,,,,,,,,,223,354.2
1787328540,147.32,147.41,147.3,147.4,145,143.51,,,,,,,,,,,,,,,,,,,,,,,,,,,,,,,,,,,,,,,,,,,,,,,,,,,,560,372.3
1787328600,147.36,147.36,147.36,147.36,145,143.51,,,,,,,,,,,,,,,,,,,,,,,,,,,,,,,,,,,,,,,,,,,,,,,,,,,,316,357.25
1787328660,147.35,147.41,147.31,147.35,145,143.51,,,,,,,,,,,,,,,,,,,,,,,,,,,,,,,,,,,,,,,,,,,,,,,,,,,,488,363.05
1787328720,147.35,147.36,147.28,147.28,145,143.51,,,,,,,,,,,,,,,,,,,,,,,,,,,,,,,,,,,,,,,,,,,,,,,,,,,,154,359.45
1787328780,147.27,147.27,147.19,147.19,145,143.51,,,,,,,,,,,,,,,,,,,,,,,,,,,,,,,,,,,,,,,,,,,,,,,,,,,,401,354.45
1787328840,147.22,147.27,147.22,147.27,145,143.51,,,,,,,,,,,,,,,,,,,,,,,,,,,,,,,,,,,,,,,,,,,,,,,,,,,,77,334.6
1787328900,147.29,147.33,147.285,147.33,145,143.51,,,,,,,,,,,,,,,,,,,,,,,,,,,,,,,,,,,,,,,,,,,,,,,,,,,,579,331.6
1787328960,147.36,147.36,147.35,147.35,145,143.51,,,,,,,,,,,,,,,,,,,,,,,,,,,,,,,,,,,,,,,,,,,,,,,,,,,,252,320.35
1787329020,147.34,147.34,147.32,147.32,145,143.51,,,,,,,,,,,,,,,,,,,,,,,,,,,,,,,,,,,,,,,,,,,,,,,,,,,,514,333.85
1787329080,147.34,147.35,147.33,147.35,145,143.51,,,,,,,,,,,,,,,,,,,,,,,,,,,,,,,,,,,,,,,,,,,,,,,,,,,,752,367.95
1787329140,147.31,147.31,147.26,147.29,145,143.51,,,,,,,,,,,,,,,,,,,,,,,,,,,,,,,,,,,,,,,,,,,,,,,,,,,,455,374.9
1787329200,147.34,147.5,147.34,147.5,145,143.51,,,,,,,,,,,,,,,,,,,,,,,,,,,,,,,,,,,,,,,,,,,,,,,,,,,,40,365.55
1787329260,147.52,147.59,147.5,147.51,145,143.51,,,,,,,,,,,,,,,,,,,,,,,,,,,,,,,,,,,,,,,,,,,,,,,,,,,,762,388.05
1787329320,147.55,147.55,147.47,147.48,145,143.51,,,,,,,,,,,,,,,,,,,,,,,,,,,,,,,,,,,,,,,,,,,,,,,,,,,,389,345.85
1787329380,147.51,147.535,147.42,147.535,145,143.51,,,,,,,,,,,,,,,,,,,,,,,,,,,,,,,,,,,,,,,,,,,,,,,,,,,,423,363.65
1787329440,147.56,147.7,147.56,147.6,145,143.51,,,,,,,,,,,,,,,,,,,,,,,,,,,,,,,,,,,,,,,,,,,,,,,,,,,,304,370.9
1787329500,147.67,147.67,147.55,147.56,145,143.51,,,,,,,,,,,,,,,,,,,,,,,,,,,,,,,,,,,,,,,,,,,,,,,,,,,,422,382.7
1787329560,147.54,147.54,147.53,147.53,145,143.51,,,,,,,,,,,,,,,,,,,,,,,,,,,,,,,,,,,,,,,,,,,,,,,,,,,,106,361.45
1787329620,147.49,147.49,147.49,147.49,145,143.51,,,,,,,,,,,,,,,,,,,,,,,,,,,,,,,,,,,,,,,,,,,,,,,,,,,,100,365.85
1787329680,147.55,147.57,147.54,147.54,145,143.51,,,,,,,,,,,,,,,,,,,,,,,,,,,,,,,,,,,,,,,,,,,,,,,,,,,,3,354.85
1787329740,147.55,147.62,147.55,147.62,145,143.51,,,,,,,,,,,,,,,,,,,,,,,,,,,,,,,,,,,,,,,,,,,,,,,,,,,,185,336.1
1787329800,147.575,147.61,147.575,147.58,145,143.51,,,,,,,,,,,,,,,,,,,,,,,,,,,,,,,,,,,,,,,,,,,,,,,,,,,,37,322.15
1787329860,147.57,147.57,147.44,147.44,145,143.51,,,,,,,,,,,,,,,,,,,,,,,,,,,,,,,,,,,,,,,,,,,,,,,,,,,,626,329.05
1787329920,147.43,147.43,147.385,147.385,145,143.51,,,,,,,,,,,,,,,,,,,,,,,,,,,,,,,,,,,,,,,,,,,,,,,,,,,,87,325.7
1787329980,147.39,147.45,147.39,147.45,145,143.51,,,,,,,,,,,,,,,,,,,,,,,,,,,,,,,,,,,,,,,,,,,,,,,,,,,,13,306.3
1787330040,147.395,147.42,147.395,147.42,145,143.51,,,,,,,,,,,,,,,,,,,,,,,,,,,,,,,,,,,,,,,,,,,,,,,,,,,,3,302.6
1787330100,147.36,147.38,147.36,147.38,145,143.51,,,,,,,,,,,,,,,,,,,,,,,,,,,,,,,,,,,,,,,,,,,,,,,,,,,,104,278.85
1787330160,147.41,147.42,147.41,147.42,145,143.51,,,,,,,,,,,,,,,,,,,,,,,,,,,,,,,,,,,,,,,,,,,,,,,,,,,,101,271.3
1787330220,147.38,147.45,147.38,147.43,145,143.51,,,,,,,,,,,,,,,,,,,,,,,,,,,,,,,,,,,,,,,,,,,,,,,,,,,,543,272.75
1787330280,147.36,147.46,147.36,147.4,145,143.51,,,,,,,,,,,,,,,,,,,,,,,,,,,,,,,,,,,,,,,,,,,,,,,,,,,,588,264.55
1787330340,147.435,147.54,147.435,147.49,145,143.51,,,,,,,,,,,,,,,,,,,,,,,,,,,,,,,,,,,,,,,,,,,,,,,,,,,,784,281
1787330400,147.46,147.46,147.42,147.42,145,143.51,,,,,,,,,,,,,,,,,,,,,,,,,,,,,,,,,,,,,,,,,,,,,,,,,,,,2,279.1
1787330460,147.45,147.46,147.45,147.46,145,143.51,,,,,,,,,,,,,,,,,,,,,,,,,,,,,,,,,,,,,,,,,,,,,,,,,,,,370,259.5
1787330520,147.54,147.55,147.51,147.55,145,143.51,,,,,,,,,,,,,,,,,,,,,,,,,,,,,,,,,,,,,,,,,,,,,,,,,,,,63,243.2
1787330580,147.51,147.52,147.51,147.52,145,143.51,,,,,,,,,,,,,,,,,,,,,,,,,,,,,,,,,,,,,,,,,,,,,,,,,,,,600,252.05
1787330640,147.46,147.48,147.42,147.48,145,143.51,,,,,,,,,,,,,,,,,,,,,,,,,,,,,,,,,,,,,,,,,,,,,,,,,,,,171,245.4
1787330700,147.45,147.45,147.4,147.42,145,143.51,,,,,,,,,,,,,,,,,,,,,,,,,,,,,,,,,,,,,,,,,,,,,,,,,,,,115,230.05
1787330760,147.45,147.47,147.45,147.46,145,143.51,,,,,,,,,,,,,,,,,,,,,,,,,,,,,,,,,,,,,,,,,,,,,,,,,,,,242,236.85
1787330820,147.43,147.43,147.25,147.25,145,143.51,,,,,,,,,,,,,,,,,,,,,,,,,,,,,,,,,,,,,,,,,,,,,,,,,,,,1003,282
1787330880,147.28,147.29,147.255,147.255,145,143.51,,,,,,,,,,,,,,,,,,,,,,,,,,,,,,,,,,,,,,,,,,,,,,,,,,,,164,290.05
1787330940,147.25,147.25,147.18,147.18,145,143.51,,,,,,,,,,,,,,,,,,,,,,,,,,,,,,,,,,,,,,,,,,,,,,,,,,,,179,289.75
1787331000,147.21,147.21,147.13,147.13,145,143.51,,,,,,,,,,,,,,,,,,,,,,,,,,,,,,,,,,,,,,,,,,,,,,,,,,,,594,317.6
1787331060,147.06,147.065,147.06,147.06,145,143.51,,,,,,,,,,,,,,,,,,,,,,,,,,,,,,,,,,,,,,,,,,,,,,,,,,,,182,295.4
1787331120,147.1,147.125,147.1,147.125,145,143.51,,,,,,,,,,,,,,,,,,,,,,,,,,,,,,,,,,,,,,,,,,,,,,,,,,,,354,308.75
1787331180,147.15,147.27,147.15,147.27,145,143.51,,,,,,,,,,,,,,,,,,,,,,,,,,,,,,,,,,,,,,,,,,,,,,,,,,,,644,340.3
1787331240,147.295,147.295,147.295,147.295,145,143.51,,,,,,,,,,,,,,,,,,,,,,,,,,,,,,,,,,,,,,,,,,,,,,,,,,,,60,343.15
1787331300,147.33,147.34,147.33,147.33,145,143.51,,,,,,,,,,,,,,,,,,,,,,,,,,,,,,,,,,,,,,,,,,,,,,,,,,,,196,347.75
1787331360,147.37,147.37,147.34,147.34,145,143.51,,,,,,,,,,,,,,,,,,,,,,,,,,,,,,,,,,,,,,,,,,,,,,,,,,,,73,346.35
1787331420,147.32,147.34,147.32,147.34,145,143.51,,,,,,,,,,,,,,,,,,,,,,,,,,,,,,,,,,,,,,,,,,,,,,,,,,,,322,335.3
1787331480,147.31,147.31,147.23,147.23,145,143.51,,,,,,,,,,,,,,,,,,,,,,,,,,,,,,,,,,,,,,,,,,,,,,,,,,,,246,318.2
1787331540,147.26,147.26,147.22,147.22,145,143.51,,,,,,,,,,,,,,,,,,,,,,,,,,,,,,,,,,,,,,,,,,,,,,,,,,,,157,286.85
1787331600,147.21,147.21,147.05,147.13,145,143.51,,,,,,,,,,,,,,,,,,,,,,,,,,,,,,,,,,,,,,,,,,,,,,,,,,,,109,292.2
1787331660,147.135,147.135,147.07,147.07,145,143.51,,,,,,,,,,,,,,,,,,,,,,,,,,,,,,,,,,,,,,,,,,,,,,,,,,,,316,289.5
1787331720,147.05,147.055,147.05,147.055,145,143.51,,,,,,,,,,,,,,,,,,,,,,,,,,,,,,,,,,,,,,,,,,,,,,,,,,,,101,291.4
1787331780,147.03,147.12,147.03,147.12,145,143.51,,,,,,,,,,,,,,,,,,,,,,,,,,,,,,,,,,,,,,,,,,,,,,,,,,,,305,276.65
1787331840,147.12,147.12,147.12,147.12,145,143.51,,,,,,,,,,,,,,,,,,,,,,,,,,,,,,,,,,,,,,,,,,,,,,,,,,,,22,269.2
1787331900,147.15,147.15,147.15,147.15,145,143.51,,,,,,,,,,,,,,,,,,,,,,,,,,,,,,,,,,,,,,,,,,,,,,,,,,,,110,268.95
1787331960,147.11,147.13,147.07,147.13,145,143.51,,,,,,,,,,,,,,,,,,,,,,,,,,,,,,,,,,,,,,,,,,,,,,,,,,,,642,288.95
1787332020,147.14,147.14,147.125,147.125,145,143.51,,,,,,,,,,,,,,,,,,,,,,,,,,,,,,,,,,,,,,,,,,,,,,,,,,,,237,250.65
1787332080,147.16,147.21,147.16,147.21,145,143.51,,,,,,,,,,,,,,,,,,,,,,,,,,,,,,,,,,,,,,,,,,,,,,,,,,,,55,245.2
1787332140,147.17,147.18,147.15,147.165,145,143.51,,,,,,,,,,,,,,,,,,,,,,,,,,,,,,,,,,,,,,,,,,,,,,,,,,,,333,252.9
1787332200,147.15,147.15,147.11,147.13,145,143.51,,,,,,,,,,,,,,,,,,,,,,,,,,,,,,,,,,,,,,,,,,,,,,,,,,,,468,246.6
1787332260,147.1,147.15,147.1,147.14,145,143.51,,,,,,,,,,,,,,,,,,,,,,,,,,,,,,,,,,,,,,,,,,,,,,,,,,,,244,249.7
1787332320,147.1,147.1,147.03,147.03,145,143.51,,,,,,,,,,,,,,,,,,,,,,,,,,,,,,,,,,,,,,,,,,,,,,,,,,,,944,279.2
1787332380,146.975,146.975,146.975,146.975,145,143.51,,,,,,,,,,,,,,,,,,,,,,,,,,,,,,,,,,,,,,,,,,,,,,,,,,,,30,248.5
1787332440,146.99,147.02,146.98,147.02,145,143.51,,,,,,,,,,,,,,,,,,,,,,,,,,,,,,,,,,,,,,,,,,,,,,,,,,,,643,277.65
1787332500,147.01,147.04,146.99,146.99,145,143.51,,,,,,,,,,,,,,,,,,,,,,,,,,,,,,,,,,,,,,,,,,,,,,,,,,,,461,290.9
1787332560,146.97,147.03,146.91,147.03,145,143.51,,,,,,,,,,,,,,,,,,,,,,,,,,,,,,,,,,,,,,,,,,,,,,,,,,,,624,318.45
1787332620,146.97,146.97,146.97,146.97,145,143.51,,,,,,,,,,,,,,,,,,,,,,,,,,,,,,,,,,,,,,,,,,,,,,,,,,,,100,307.35
1787332680,146.94,146.96,146.93,146.96,145,143.51,,,,,,,,,,,,,,,,,,,,,,,,,,,,,,,,,,,,,,,,,,,,,,,,,,,,606,325.35
1787332740,146.96,146.965,146.96,146.965,145,143.51,,,,,,,,,,,,,,,,,,,,,,,,,,,,,,,,,,,,,,,,,,,,,,,,,,,,137,324.35
1787332860,146.99,146.99,146.96,146.98,145,143.51,,,,,,,,,,,,,,,,,,,,,,,,,,,,,,,,,,,,,,,,,,,,,,,,,,,,275,332.65
1787332920,147,147.02,146.95,146.95,145,143.51,,,,,,,,,,,,,,,,,,,,,,,,,,,,,,,,,,,,,,,,,,,,,,,,,,,,708,352.25
1787333040,146.91,146.96,146.91,146.96,145,143.51,,,,,,,,,,,,,,,,,,,,,,,,,,,,,,,,,,,,,,,,,,,,,,,,,,,,751,384.75
1787333100,146.92,146.97,146.92,146.97,145,143.51,,,,,,,,,,,,,,,,,,,,,,,,,,,,,,,,,,,,,,,,,,,,,,,,,,,,137,376.35
1787333160,146.96,147,146.95,146.95,145,143.51,,,,,,,,,,,,,,,,,,,,,,,,,,,,,,,,,,,,,,,,,,,,,,,,,,,,926,421.55
1787333220,146.92,146.92,146.76,146.8,145,143.51,,,,,,,,,,,,,,,,,,,,,,,,,,,,,,,,,,,,,,,,,,,,,,,,,,,,649,448.5
1787333280,146.8,146.92,146.8,146.87,145,143.51,,,,,,,,,,,,,,,,,,,,,,,,,,,,,,,,,,,,,,,,,,,,,,,,,,,,633,448.05
1787333340,146.87,146.87,146.83,146.83,145,143.51,,,,,,,,,,,,,,,,,,,,,,,,,,,,,,,,,,,,,,,,,,,,,,,,,,,,507,461.55
1787333400,146.83,146.88,146.83,146.87,145,143.51,,,,,,,,,,,,,,,,,,,,,,,,,,,,,,,,,,,,,,,,,,,,,,,,,,,,189,468.25
1787333460,146.82,146.85,146.82,146.845,145,143.51,,,,,,,,,,,,,,,,,,,,,,,,,,,,,,,,,,,,,,,,,,,,,,,,,,,,109,457.05
1787333520,146.86,146.9,146.86,146.9,145,143.51,,,,,,,,,,,,,,,,,,,,,,,,,,,,,,,,,,,,,,,,,,,,,,,,,,,,447,456
1787333580,146.92,146.92,146.82,146.82,145,143.51,,,,,,,,,,,,,,,,,,,,,,,,,,,,,,,,,,,,,,,,,,,,,,,,,,,,631,475.35
1787333640,146.825,146.825,146.72,146.74,145,143.51,,,,,,,,,,,,,,,,,,,,,,,,,,,,,,,,,,,,,,,,,,,,,,,,,,,,223,439.3
1787333700,146.76,146.76,146.76,146.76,145,143.51,,,,,,,,,,,,,,,,,,,,,,,,,,,,,,,,,,,,,,,,,,,,,,,,,,,,1,437.85
1787333760,146.8,146.84,146.8,146.825,145,143.51,,,,,,,,,,,,,,,,,,,,,,,,,,,,,,,,,,,,,,,,,,,,,,,,,,,,190,415.2
1787333820,146.78,146.82,146.745,146.8,145,143.51,,,,,,,,,,,,,,,,,,,,,,,,,,,,,,,,,,,,,,,,,,,,,,,,,,,,632,423.75
1787333880,146.8,146.83,146.8,146.83,145,143.51,,,,,,,,,,,,,,,,,,,,,,,,,,,,,,,,,,,,,,,,,,,,,,,,,,,,361,410.6
1787333940,146.89,146.92,146.87,146.89,145,143.51,,,,,,,,,,,,,,,,,,,,,,,,,,,,,,,,,,,,,,,,,,,,,,,,,,,,130,412.1
1787334000,146.85,146.85,146.79,146.79,145,143.51,,,,,,,,,,,,,,,,,,,,,,,,,,,,,,,,,,,,,,,,,,,,,,,,,,,,175,390.55
1787334060,146.81,146.81,146.79,146.805,145,143.51,,,,,,,,,,,,,,,,,,,,,,,,,,,,,,,,,,,,,,,,,,,,,,,,,,,,193,393.35
1787334120,146.79,146.79,146.67,146.72,145,143.51,,,,,,,,,,,,,,,,,,,,,,,,,,,,,,,,,,,,,,,,,,,,,,,,,,,,1568,458
1787334180,146.72,146.78,146.7,146.78,145,143.51,,,,,,,,,,,,,,,,,,,,,,,,,,,,,,,,,,,,,,,,,,,,,,,,,,,,443,444.75
1787334240,146.78,146.8,146.76,146.76,145,143.51,,,,,,,,,,,,,,,,,,,,,,,,,,,,,,,,,,,,,,,,,,,,,,,,,,,,309,422.65
1787334300,146.77,146.77,146.7,146.7,145,143.51,,,,,,,,,,,,,,,,,,,,,,,,,,,,,,,,,,,,,,,,,,,,,,,,,,,,6,416.1
1787334360,146.71,146.74,146.71,146.74,145,143.51,,,,,,,,,,,,,,,,,,,,,,,,,,,,,,,,,,,,,,,,,,,,,,,,,,,,551,397.35
1787334420,146.71,146.71,146.655,146.7,145,143.51,,,,,,,,,,,,,,,,,,,,,,,,,,,,,,,,,,,,,,,,,,,,,,,,,,,,392,384.5
1787334480,146.68,146.68,146.68,146.68,145,143.51,,,,,,,,,,,,,,,,,,,,,,,,,,,,,,,,,,,,,,,,,,,,,,,,,,,,100,357.85
1787334540,146.67,146.7,146.67,146.7,145,143.51,,,,,,,,,,,,,,,,,,,,,,,,,,,,,,,,,,,,,,,,,,,,,,,,,,,,193,342.15
1787334600,146.67,146.67,146.67,146.67,145,143.51,,,,,,,,,,,,,,,,,,,,,,,,,,,,,,,,,,,,,,,,,,,,,,,,,,,,400,352.7
1787334660,146.71,146.74,146.71,146.73,145,143.51,,,,,,,,,,,,,,,,,,,,,,,,,,,,,,,,,,,,,,,,,,,,,,,,,,,,603,377.4
1787334720,146.73,146.73,146.67,146.67,145,143.51,,,,,,,,,,,,,,,,,,,,,,,,,,,,,,,,,,,,,,,,,,,,,,,,,,,,839,397
1787334780,146.6,146.67,146.58,146.67,145,143.51,,,,,,,,,,,,,,,,,,,,,,,,,,,,,,,,,,,,,,,,,,,,,,,,,,,,1094,420.15
1787334840,146.66,146.69,146.66,146.69,145,143.51,,,,,,,,,,,,,,,,,,,,,,,,,,,,,,,,,,,,,,,,,,,,,,,,,,,,91,413.55
1787334900,146.7,146.75,146.68,146.68,145,143.51,,,,,,,,,,,,,,,,,,,,,,,,,,,,,,,,,,,,,,,,,,,,,,,,,,,,1275,477.25
1787334960,146.67,146.67,146.605,146.65,145,143.51,,,,,,,,,,,,,,,,,,,,,,,,,,,,,,,,,,,,,,,,,,,,,,,,,,,,557,495.6
1787335020,146.64,146.64,146.58,146.58,145,143.51,,,,,,,,,,,,,,,,,,,,,,,,,,,,,,,,,,,,,,,,,,,,,,,,,,,,488,488.4
1787335080,146.615,146.67,146.585,146.67,145,143.51,,,,,,,,,,,,,,,,,,,,,,,,,,,,,,,,,,,,,,,,,,,,,,,,,,,,1104,525.55
1787335140,146.65,146.65,146.58,146.62,145,143.51,,,,,,,,,,,,,,,,,,,,,,,,,,,,,,,,,,,,,,,,,,,,,,,,,,,,540,546.05
1787335200,146.665,146.69,146.665,146.68,145,143.51,,,,,,,,,,,,,,,,,,,,,,,,,,,,,,,,,,,,,,,,,,,,,,,,,,,,1048,589.7
1787335260,146.69,146.69,146.64,146.68,145,143.51,,,,,,,,,,,,,,,,,,,,,,,,,,,,,,,,,,,,,,,,,,,,,,,,,,,,599,610
1787335320,146.685,146.7,146.64,146.65,145,143.51,,,,,,,,,,,,,,,,,,,,,,,,,,,,,,,,,,,,,,,,,,,,,,,,,,,,550,559.1
1787335380,146.59,146.59,146.575,146.59,145,143.51,,,,,,,,,,,,,,,,,,,,,,,,,,,,,,,,,,,,,,,,,,,,,,,,,,,,617,567.8
1787335440,146.56,146.59,146.55,146.59,145,143.51,,,,,,,,,,,,,,,,,,,,,,,,,,,,,,,,,,,,,,,,,,,,,,,,,,,,519,578.3
1787335500,146.57,146.58,146.57,146.58,145,143.51,,,,,,,,,,,,,,,,,,,,,,,,,,,,,,,,,,,,,,,,,,,,,,,,,,,,202,588.1
1787335560,146.54,146.56,146.52,146.56,145,143.51,,,,,,,,,,,,,,,,,,,,,,,,,,,,,,,,,,,,,,,,,,,,,,,,,,,,709,596
1787335620,146.52,146.52,146.49,146.49,145,143.51,,,,,,,,,,,,,,,,,,,,,,,,,,,,,,,,,,,,,,,,,,,,,,,,,,,,401,596.45
1787335680,146.47,146.47,146.44,146.47,145,143.51,,,,,,,,,,,,,,,,,,,,,,,,,,,,,,,,,,,,,,,,,,,,,,,,,,,,869,634.9
1787335740,146.47,146.59,146.47,146.59,145,143.51,,,,,,,,,,,,,,,,,,,,,,,,,,,,,,,,,,,,,,,,,,,,,,,,,,,,445,647.5
1787335800,146.6,146.6,146.53,146.55,145,143.51,,,,,,,,,,,,,,,,,,,,,,,,,,,,,,,,,,,,,,,,,,,,,,,,,,,,676,661.3
1787335860,146.54,146.545,146.53,146.53,145,143.51,,,,,,,,,,,,,,,,,,,,,,,,,,,,,,,,,,,,,,,,,,,,,,,,,,,,204,641.35
1787335920,146.51,146.58,146.51,146.57,145,143.51,,,,,,,,,,,,,,,,,,,,,,,,,,,,,,,,,,,,,,,,,,,,,,,,,,,,429,620.85
1787335980,146.57,146.58,146.53,146.54,145,143.51,,,,,,,,,,,,,,,,,,,,,,,,,,,,,,,,,,,,,,,,,,,,,,,,,,,,717,602
1787336040,146.56,146.57,146.52,146.52,145,143.51,,,,,,,,,,,,,,,,,,,,,,,,,,,,,,,,,,,,,,,,,,,,,,,,,,,,366,615.75
1787336100,146.52,146.52,146.5,146.5,145,143.51,,,,,,,,,,,,,,,,,,,,,,,,,,,,,,,,,,,,,,,,,,,,,,,,,,,,235,563.75
1787336160,146.49,146.49,146.49,146.49,145,143.51,,,,,,,,,,,,,,,,,,,,,,,,,,,,,,,,,,,,,,,,,,,,,,,,,,,,308,551.3
1787336220,146.52,146.53,146.51,146.53,145,143.51,,,,,,,,,,,,,,,,,,,,,,,,,,,,,,,,,,,,,,,,,,,,,,,,,,,,825,568.15
1787336280,146.54,146.585,146.51,146.51,145,143.51,,,,,,,,,,,,,,,,,,,,,,,,,,,,,,,,,,,,,,,,,,,,,,,,,,,,1168,571.35
1787336340,146.5,146.5,146.47,146.5,145,143.51,,,,,,,,,,,,,,,,,,,,,,,,,,,,,,,,,,,,,,,,,,,,,,,,,,,,312,559.95
1787336400,146.53,146.56,146.53,146.56,145,143.51,,,,,,,,,,,,,,,,,,,,,,,,,,,,,,,,,,,,,,,,,,,,,,,,,,,,540,534.55
1787336460,146.54,146.6,146.54,146.59,145,143.51,,,,,,,,,,,,,,,,,,,,,,,,,,,,,,,,,,,,,,,,,,,,,,,,,,,,1568,583
1787336520,146.58,146.58,146.52,146.555,145,143.51,,,,,,,,,,,,,,,,,,,,,,,,,,,,,,,,,,,,,,,,,,,,,,,,,,,,334,572.2
1787336580,146.56,146.58,146.56,146.57,145,143.51,,,,,,,,,,,,,,,,,,,,,,,,,,,,,,,,,,,,,,,,,,,,,,,,,,,,343,558.5
1787336640,146.56,146.56,146.55,146.55,145,143.51,,,,,,,,,,,,,,,,,,,,,,,,,,,,,,,,,,,,,,,,,,,,,,,,,,,,304,547.75
1787336700,146.53,146.555,146.51,146.52,145,143.51,,,,,,,,,,,,,,,,,,,,,,,,,,,,,,,,,,,,,,,,,,,,,,,,,,,,563,565.8
1787336760,146.53,146.53,146.49,146.49,145,143.51,,,,,,,,,,,,,,,,,,,,,,,,,,,,,,,,,,,,,,,,,,,,,,,,,,,,423,551.5
1787336820,146.505,146.505,146.445,146.46,145,143.51,,,,,,,,,,,,,,,,,,,,,,,,,,,,,,,,,,,,,,,,,,,,,,,,,,,,705,566.7
1787336880,146.43,146.46,146.41,146.46,145,143.51,,,,,,,,,,,,,,,,,,,,,,,,,,,,,,,,,,,,,,,,,,,,,,,,,,,,351,540.8
1787336940,146.475,146.475,146.475,146.475,145,143.51,,,,,,,,,,,,,,,,,,,,,,,,,,,,,,,,,,,,,,,,,,,,,,,,,,,,1,518.6
1787337000,146.465,146.465,146.43,146.43,145,143.51,,,,,,,,,,,,,,,,,,,,,,,,,,,,,,,,,,,,,,,,,,,,,,,,,,,,699,519.75
1787337060,146.43,146.52,146.43,146.52,145,143.51,,,,,,,,,,,,,,,,,,,,,,,,,,,,,,,,,,,,,,,,,,,,,,,,,,,,812,550.15
1787337120,146.51,146.55,146.51,146.55,145,143.51,,,,,,,,,,,,,,,,,,,,,,,,,,,,,,,,,,,,,,,,,,,,,,,,,,,,603,558.85
1787337180,146.57,146.57,146.54,146.54,145,143.51,,,,,,,,,,,,,,,,,,,,,,,,,,,,,,,,,,,,,,,,,,,,,,,,,,,,600,553
1787337240,146.52,146.52,146.48,146.48,145,143.51,,,,,,,,,,,,,,,,,,,,,,,,,,,,,,,,,,,,,,,,,,,,,,,,,,,,224,545.9
1787337300,146.485,146.485,146.48,146.48,145,143.51,,,,,,,,,,,,,,,,,,,,,,,,,,,,,,,,,,,,,,,,,,,,,,,,,,,,156,541.95
1787337360,146.47,146.49,146.44,146.44,145,143.51,,,,,,,,,,,,,,,,,,,,,,,,,,,,,,,,,,,,,,,,,,,,,,,,,,,,810,567.05
1787337420,146.41,146.41,146.38,146.39,145,143.51,,,,,,,,,,,,,,,,,,,,,,,,,,,,,,,,,,,,,,,,,,,,,,,,,,,,229,537.25
1787337480,146.36,146.38,146.35,146.35,145,143.51,,,,,,,,,,,,,,,,,,,,,,,,,,,,,,,,,,,,,,,,,,,,,,,,,,,,569,507.3
1787337540,146.33,146.35,146.3,146.3,145,143.51,,,,,,,,,,,,,,,,,,,,,,,,,,,,,,,,,,,,,,,,,,,,,,,,,,,,464,514.9
1787337600,146.3,146.32,146.3,146.3,145,143.51,,,,,,,,,,,,,,,,,,,,,,,,,,,,,,,,,,,,,,,,,,,,,,,,,,,,401,507.95
1787337660,146.29,146.29,146.26,146.26,145,143.51,,,,,,,,,,,,,,,,,,,,,,,,,,,,,,,,,,,,,,,,,,,,,,,,,,,,497,454.4
1787337720,146.26,146.31,146.24,146.31,145,143.51,,,,,,,,,,,,,,,,,,,,,,,,,,,,,,,,,,,,,,,,,,,,,,,,,,,,1465,510.95
1787337780,146.3,146.33,146.29,146.29,145,143.51,,,,,,,,,,,,,,,,,,,,,,,,,,,,,,,,,,,,,,,,,,,,,,,,,,,,474,517.5
1787337840,146.3,146.35,146.3,146.35,145,143.51,,,,,,,,,,,,,,,,,,,,,,,,,,,,,,,,,,,,,,,,,,,,,,,,,,,,311,517.85
1787337900,146.35,146.355,146.35,146.355,145,143.51,,,,,,,,,,,,,,,,,,,,,,,,,,,,,,,,,,,,,,,,,,,,,,,,,,,,230,501.2
1787337960,146.4,146.4,146.39,146.4,145,143.51,,,,,,,,,,,,,,,,,,,,,,,,,,,,,,,,,,,,,,,,,,,,,,,,,,,,593,509.7
1787338020,146.39,146.39,146.36,146.36,145,143.51,,,,,,,,,,,,,,,,,,,,,,,,,,,,,,,,,,,,,,,,,,,,,,,,,,,,429,495.9
1787338080,146.34,146.34,146.31,146.33,145,143.51,,,,,,,,,,,,,,,,,,,,,,,,,,,,,,,,,,,,,,,,,,,,,,,,,,,,506,503.65
1787338140,146.31,146.32,146.29,146.29,145,143.51,,,,,,,,,,,,,,,,,,,,,,,,,,,,,,,,,,,,,,,,,,,,,,,,,,,,602,533.7
1787338200,146.305,146.34,146.29,146.34,145,143.51,,,,,,,,,,,,,,,,,,,,,,,,,,,,,,,,,,,,,,,,,,,,,,,,,,,,145,506
1787338260,146.34,146.36,146.34,146.34,145,143.51,,,,,,,,,,,,,,,,,,,,,,,,,,,,,,,,,,,,,,,,,,,,,,,,,,,,1009,515.85
1787338320,146.33,146.38,146.33,146.36,145,143.51,,,,,,,,,,,,,,,,,,,,,,,,,,,,,,,,,,,,,,,,,,,,,,,,,,,,400,505.7
1787338380,146.35,146.45,146.35,146.44,145,143.51,,,,,,,,,,,,,,,,,,,,,,,,,,,,,,,,,,,,,,,,,,,,,,,,,,,,283,489.85
1787338440,146.45,146.5,146.45,146.47,145,143.51,,,,,,,,,,,,,,,,,,,,,,,,,,,,,,,,,,,,,,,,,,,,,,,,,,,,650,511.15
1787338500,146.53,146.54,146.53,146.54,145,143.51,,,,,,,,,,,,,,,,,,,,,,,,,,,,,,,,,,,,,,,,,,,,,,,,,,,,102,508.45
1787338560,146.53,146.55,146.53,146.55,145,143.51,,,,,,,,,,,,,,,,,,,,,,,,,,,,,,,,,,,,,,,,,,,,,,,,,,,,980,516.95
1787338620,146.545,146.56,146.54,146.54,145,143.51,,,,,,,,,,,,,,,,,,,,,,,,,,,,,,,,,,,,,,,,,,,,,,,,,,,,236,517.3
1787338680,146.54,146.58,146.53,146.58,145,143.51,,,,,,,,,,,,,,,,,,,,,,,,,,,,,,,,,,,,,,,,,,,,,,,,,,,,1096,543.65
1787338740,146.565,146.58,146.54,146.57,145,143.51,,,,,,,,,,,,,,,,,,,,,,,,,,,,,,,,,,,,,,,,,,,,,,,,,,,,1000,570.45
1787338800,146.6,146.6,146.52,146.52,145,143.51,,,,,,,,,,,,,,,,,,,,,,,,,,,,,,,,,,,,,,,,,,,,,,,,,,,,601,580.45
1787338860,146.49,146.54,146.47,146.54,145,143.51,,,,,,,,,,,,,,,,,,,,,,,,,,,,,,,,,,,,,,,,,,,,,,,,,,,,809,596.05
1787338920,146.57,146.605,146.47,146.47,145,143.51,,,,,,,,,,,,,,,,,,,,,,,,,,,,,,,,,,,,,,,,,,,,,,,,,,,,787,562.15
1787338980,146.49,146.49,146.47,146.47,145,143.51,,,,,,,,,,,,,,,,,,,,,,,,,,,,,,,,,,,,,,,,,,,,,,,,,,,,313,554.1
1787339040,146.48,146.485,146.47,146.47,145,143.51,,,,,,,,,,,,,,,,,,,,,,,,,,,,,,,,,,,,,,,,,,,,,,,,,,,,266,551.85
1787339100,146.47,146.47,146.42,146.46,145,143.51,,,,,,,,,,,,,,,,,,,,,,,,,,,,,,,,,,,,,,,,,,,,,,,,,,,,449,562.8
1787339160,146.48,146.54,146.46,146.46,145,143.51,,,,,,,,,,,,,,,,,,,,,,,,,,,,,,,,,,,,,,,,,,,,,,,,,,,,549,560.6
1787339220,146.43,146.57,146.42,146.51,145,143.51,,,,,,,,,,,,,,,,,,,,,,,,,,,,,,,,,,,,,,,,,,,,,,,,,,,,5030,790.65
1787339280,146.5,146.52,146.5,146.5,145,143.51,,,,,,,,,,,,,,,,,,,,,,,,,,,,,,,,,,,,,,,,,,,,,,,,,,,,675,799.1
1787339340,146.49,146.59,146.465,146.465,145,143.51,,,,,,,,,,,,,,,,,,,,,,,,,,,,,,,,,,,,,,,,,,,,,,,,,,,,2667,902.35
1787339400,146.45,146.59,146.415,146.59,145,143.51,,,,,,,,,,,,,,,,,,,,,,,,,,,,,,,,,,,,,,,,,,,,,,,,,,,,1999,995.05
1787339460,146.61,146.61,146.54,146.56,145,143.51,,,,,,,,,,,,,,,,,,,,,,,,,,,,,,,,,,,,,,,,,,,,,,,,,,,,991,994.15
1787339520,146.53,146.58,146.515,146.58,145,143.51,,,,,,,,,,,,,,,,,,,,,,,,,,,,,,,,,,,,,,,,,,,,,,,,,,,,748,1011.55
1787339580,146.59,146.65,146.59,146.63,145,143.51,,,,,,,,,,,,,,,,,,,,,,,,,,,,,,,,,,,,,,,,,,,,,,,,,,,,746,1034.7
1787339640,146.615,146.75,146.615,146.74,145,143.51,,,,,,,,,,,,,,,,,,,,,,,,,,,,,,,,,,,,,,,,,,,,,,,,,,,,1253,1064.85
1787339700,146.72,146.77,146.66,146.77,145,143.51,,,,,,,,,,,,,,,,,,,,,,,,,,,,,,,,,,,,,,,,,,,,,,,,,,,,2629,1191.2
1787339760,146.76,146.76,146.71,146.71,145,143.51,,,,,,,,,,,,,,,,,,,,,,,,,,,,,,,,,,,,,,,,,,,,,,,,,,,,2960,1290.2
1787339820,146.73,146.8,146.71,146.8,145,143.51,,,,,,,,,,,,,,,,,,,,,,,,,,,,,,,,,,,,,,,,,,,,,,,,,,,,1093,1333.05
1787339880,146.79,146.79,146.73,146.75,145,143.51,,,,,,,,,,,,,,,,,,,,,,,,,,,,,,,,,,,,,,,,,,,,,,,,,,,,753,1315.9
1787339940,146.79,146.79,146.695,146.695,145,143.51,,,,,,,,,,,,,,,,,,,,,,,,,,,,,,,,,,,,,,,,,,,,,,,,,,,,784,1305.1
1787340000,146.69,146.78,146.69,146.78,145,143.51,,,,,,,,,,,,,,,,,,,,,,,,,,,,,,,,,,,,,,,,,,,,,,,,,,,,716,1310.85
1787340060,146.8,146.81,146.75,146.75,145,143.51,,,,,,,,,,,,,,,,,,,,,,,,,,,,,,,,,,,,,,,,,,,,,,,,,,,,1060,1323.4
1787340120,146.73,146.73,146.66,146.67,145,143.51,,,,,,,,,,,,,,,,,,,,,,,,,,,,,,,,,,,,,,,,,,,,,,,,,,,,390,1303.55
1787340180,146.68,146.68,146.635,146.64,145,143.51,,,,,,,,,,,,,,,,,,,,,,,,,,,,,,,,,,,,,,,,,,,,,,,,,,,,478,1311.8
1787340240,146.635,146.69,146.63,146.65,145,143.51,,,,,,,,,,,,,,,,,,,,,,,,,,,,,,,,,,,,,,,,,,,,,,,,,,,,520,1324.5
1787340300,146.63,146.63,146.52,146.52,145,143.51,,,,,,,,,,,,,,,,,,,,,,,,,,,,,,,,,,,,,,,,,,,,,,,,,,,,914,1347.75
1787340360,146.47,146.61,146.465,146.58,145,143.51,,,,,,,,,,,,,,,,,,,,,,,,,,,,,,,,,,,,,,,,,,,,,,,,,,,,1504,1395.5
1787340420,146.61,146.62,146.51,146.57,145,143.51,,,,,,,,,,,,,,,,,,,,,,,,,,,,,,,,,,,,,,,,,,,,,,,,,,,,2132,1250.6
1787340480,146.58,146.585,146.48,146.53,145,143.51,,,,,,,,,,,,,,,,,,,,,,,,,,,,,,,,,,,,,,,,,,,,,,,,,,,,1578,1295.75
1787340540,146.51,146.55,146.5,146.53,145,143.51,,,,,,,,,,,,,,,,,,,,,,,,,,,,,,,,,,,,,,,,,,,,,,,,,,,,1020,1213.4
1787340600,146.52,146.57,146.45,146.57,145,143.51,,,,,,,,,,,,,,,,,,,,,,,,,,,,,,,,,,,,,,,,,,,,,,,,,,,,233,1125.1
1787340660,146.57,146.57,146.55,146.57,145,143.51,,,,,,,,,,,,,,,,,,,,,,,,,,,,,,,,,,,,,,,,,,,,,,,,,,,,1451,1148.1
1787340720,146.59,146.64,146.58,146.61,145,143.51,,,,,,,,,,,,,,,,,,,,,,,,,,,,,,,,,,,,,,,,,,,,,,,,,,,,949,1158.15
1787340780,146.56,146.61,146.56,146.58,145,143.51,,,,,,,,,,,,,,,,,,,,,,,,,,,,,,,,,,,,,,,,,,,,,,,,,,,,634,1152.55
1787340840,146.57,146.58,146.53,146.53,145,143.51,,,,,,,,,,,,,,,,,,,,,,,,,,,,,,,,,,,,,,,,,,,,,,,,,,,,584,1119.1
1787340900,146.54,146.58,146.495,146.58,145,143.51,,,,,,,,,,,,,,,,,,,,,,,,,,,,,,,,,,,,,,,,,,,,,,,,,,,,1673,1071.3
1787340960,146.6,146.65,146.53,146.54,145,143.51,,,,,,,,,,,,,,,,,,,,,,,,,,,,,,,,,,,,,,,,,,,,,,,,,,,,1397,993.15
1787341020,146.55,146.55,146.41,146.45,145,143.51,,,,,,,,,,,,,,,,,,,,,,,,,,,,,,,,,,,,,,,,,,,,,,,,,,,,1648,1020.9
1787341080,146.46,146.49,146.4,146.4,145,143.51,,,,,,,,,,,,,,,,,,,,,,,,,,,,,,,,,,,,,,,,,,,,,,,,,,,,2272,1096.85
1787341140,146.36,146.38,146.32,146.32,145,143.51,,,,,,,,,,,,,,,,,,,,,,,,,,,,,,,,,,,,,,,,,,,,,,,,,,,,1028,1109.05
1787341200,146.33,146.33,146.27,146.27,145,143.51,,,,,,,,,,,,,,,,,,,,,,,,,,,,,,,,,,,,,,,,,,,,,,,,,,,,2343,1190.4
1787341260,146.3,146.345,146.27,146.33,145,143.51,,,,,,,,,,,,,,,,,,,,,,,,,,,,,,,,,,,,,,,,,,,,,,,,,,,,571,1165.95
1787341320,146.37,146.45,146.35,146.45,145,143.51,,,,,,,,,,,,,,,,,,,,,,,,,,,,,,,,,,,,,,,,,,,,,,,,,,,,1083,1200.6
1787341380,146.45,146.47,146.42,146.46,145,143.51,,,,,,,,,,,,,,,,,,,,,,,,,,,,,,,,,,,,,,,,,,,,,,,,,,,,1627,1258.05
1787341440,146.5,146.58,146.5,146.57,145,143.51,,,,,,,,,,,,,,,,,,,,,,,,,,,,,,,,,,,,,,,,,,,,,,,,,,,,645,1264.3
1787341500,146.6,146.64,146.49,146.49,145,143.51,,,,,,,,,,,,,,,,,,,,,,,,,,,,,,,,,,,,,,,,,,,,,,,,,,,,1309,1284.05
1787341560,146.47,146.49,146.46,146.49,145,143.51,,,,,,,,,,,,,,,,,,,,,,,,,,,,,,,,,,,,,,,,,,,,,,,,,,,,843,1251
1787341620,146.49,146.63,146.49,146.6,145,143.51,,,,,,,,,,,,,,,,,,,,,,,,,,,,,,,,,,,,,,,,,,,,,,,,,,,,2265,1257.65
1787341680,146.58,146.65,146.56,146.61,145,143.51,,,,,,,,,,,,,,,,,,,,,,,,,,,,,,,,,,,,,,,,,,,,,,,,,,,,2569,1307.2
1787341740,146.6,146.64,146.6,146.62,145,143.51,,,,,,,,,,,,,,,,,,,,,,,,,,,,,,,,,,,,,,,,,,,,,,,,,,,,1597,1336.05
1787341800,146.64,146.76,146.57,146.57,145,143.51,,,,,,,,,,,,,,,,,,,,,,,,,,,,,,,,,,,,,,,,,,,,,,,,,,,,3468,1497.8
1787341860,146.57,146.57,146.41,146.44,145,143.51,,,,,,,,,,,,,,,,,,,,,,,,,,,,,,,,,,,,,,,,,,,,,,,,,,,,2118,1531.15
1787341920,146.42,146.47,146.38,146.46,145,143.51,,,,,,,,,,,,,,,,,,,,,,,,,,,,,,,,,,,,,,,,,,,,,,,,,,,,2376,1602.5
1787341980,146.45,146.49,146.39,146.4,145,143.51,,,,,,,,,,,,,,,,,,,,,,,,,,,,,,,,,,,,,,,,,,,,,,,,,,,,2303,1685.95
1787342040,146.4,146.55,146.33,146.53,145,143.51,,,,,,,,,,,,,,,,,,,,,,,,,,,,,,,,,,,,,,,,,,,,,,,,,,,,9051,2109.3
1787342100,146.5,146.5,146.155,146.2,145,143.51,,,,,,,,,,,,,,,,,,,,,,,,,,,,,,,,,,,,,,,,,,,,,,,,,,,,7276,2389.45
1787342160,146.23,146.24,146.13,146.17,145,143.51,,,,,,,,,,,,,,,,,,,,,,,,,,,,,,,,,,,,,,,,,,,,,,,,,,,,4654,2552.3
1787342220,146.14,146.18,146.08,146.18,145,143.51,,,,,,,,,,,,,,,,,,,,,,,,,,,,,,,,,,,,,,,,,,,,,,,,,,,,5450,2742.4
1787342280,146.17,146.27,146.16,146.23,145,143.51,,,,,,,,,,,,,,,,,,,,,,,,,,,,,,,,,,,,,,,,,,,,,,,,,,,,6071,2932.35
1787342340,146.24,146.27,146.03,146.14,145,143.51,,,,,,,,,,,,,,,,,,,,,,,,,,,,,,,,,,,,,,,,,,,,,,,,,,,,13352,3548.55
1787578200,147,147,145.4,145.77,147,145.4,,,,,,,,,,,,,,,,,,,,,,,,,,,,,,,,,,,,,,,,,,,,,,,,,,,,379,3450.35
1787578260,145.51,146.3,145.51,145.715,147,145.4,,,,,,,,,,,,,,,,,,,,,,,,,,,,,,,,,,,,,,,,,,,,,,,,,,,,611,3452.35
1787578320,145.46,145.54,145.44,145.54,147,145.4,,,,,,,,,,,,,,,,,,,,,,,,,,,,,,,,,,,,,,,,,,,,,,,,,,,,271,3411.75
1787578380,145.46,145.63,145.39,145.63,147,145.39,,,,,,,,,,,,,,,,,,,,,,,,,,,,,,,,,,,,,,,,,,,,,,,,,,,,1663,3413.55
1787578440,145.73,145.94,145.1,145.1,147,145.1,,,,,,,,,,,,,,,,,,,,,,,,,,,,,,,,,,,,,,,,,,,,,,,,,,,,1056,3434.1
1787578500,145.08,145.38,145.06,145.38,147,145.06,,,,,,,,,,,,,,,,,,,,,,,,,,,,,,,,,,,,,,,,,,,,,,,,,,,,120,3374.65
1787578560,145.29,145.48,145.19,145.19,147,145.06,,,,,,,,,,,,,,,,,,,,,,,,,,,,,,,,,,,,,,,,,,,,,,,,,,,,449,3354.95
1787578620,145.28,145.57,145.28,145.53,147,145.06,,,,,,,,,,,,,,,,,,,,,,,,,,,,,,,,,,,,,,,,,,,,,,,,,,,,220,3252.7
1787578680,145.62,145.87,145.62,145.75,147,145.06,,,,,,,,,,,,,,,,,,,,,,,,,,,,,,,,,,,,,,,,,,,,,,,,,,,,238,3136.15
1787578740,145.7,145.7,145.52,145.52,147,145.06,,,,,,,,,,,,,,,,,,,,,,,,,,,,,,,,,,,,,,,,,,,,,,,,,,,,536,3083.1
1787578800,145.62,146,145.62,146,147,145.06,,,,,,,,,,,,,,,,,,,,,,,,,,,,,,,,,,,,,,,,,,,,,,,,,,,,318,2925.6
1787578860,146.11,146.11,146.11,146.11,147,145.06,,,,,,,,,,,,,,,,,,,,,,,,,,,,,,,,,,,,,,,,,,,,,,,,,,,,25,2820.95
1787578920,146.09,146.36,145.83,146.08,147,145.06,,,,,,,,,,,,,,,,,,,,,,,,,,,,,,,,,,,,,,,,,,,,,,,,,,,,1292,2766.75
1787578980,146.05,146.06,145.96,146.06,147,145.06,,,,,,,,,,,,,,,,,,,,,,,,,,,,,,,,,,,,,,,,,,,,,,,,,,,,322,2667.7
1787579040,146.11,146.2,145.99,145.99,147,145.06,,,,,,,,,,,,,,,,,,,,,,,,,,,,,,,,,,,,,,,,,,,,,,,,,,,,183,2224.3
1787579100,145.96,146.11,145.92,146.1,147,145.06,,,,,,,,,,,,,,,,,,,,,,,,,,,,,,,,,,,,,,,,,,,,,,,,,,,,456,1883.3
1787579160,146.145,146.21,145.96,145.96,147,145.06,,,,,,,,,,,,,,,,,,,,,,,,,,,,,,,,,,,,,,,,,,,,,,,,,,,,561,1678.65
1787579220,145.84,145.84,145.82,145.82,147,145.06,,,,,,,,,,,,,,,,,,,,,,,,,,,,,,,,,,,,,,,,,,,,,,,,,,,,20,1407.15
1787579280,145.97,146.035,145.95,145.95,147,145.06,,,,,,,,,,,,,,,,,,,,,,,,,,,,,,,,,,,,,,,,,,,,,,,,,,,,253,1116.25
1787579340,146.08,146.2,146.03,146.03,147,145.06,,,,,,,,,,,,,,,,,,,,,,,,,,,,,,,,,,,,,,,,,,,,,,,,,,,,502,473.75
1787579400,146.01,146.2,146.01,146.13,147,145.06,,,,,,,,,,,,,,,,,,,,,,,,,,,,,,,,,,,,,,,,,,,,,,,,,,,,219,465.75
1787579460,146.05,146.05,145.76,145.86,147,145.06,,,,,,,,,,,,,,,,,,,,,,,,,,,,,,,,,,,,,,,,,,,,,,,,,,,,1287,499.55
1787579520,145.88,145.92,145.68,145.9,147,145.06,,,,,,,,,,,,,,,,,,,,,,,,,,,,,,,,,,,,,,,,,,,,,,,,,,,,482,510.1
1787579580,146.02,146.12,146,146.04,147,145.06,,,,,,,,,,,,,,,,,,,,,,,,,,,,,,,,,,,,,,,,,,,,,,,,,,,,450,449.45
1787579640,146.05,146.19,146.05,146.19,147,145.06,,,,,,,,,,,,,,,,,,,,,,,,,,,,,,,,,,,,,,,,,,,,,,,,,,,,416,417.45
1787579700,146.18,146.21,146,146,147,145.06,,,,,,,,,,,,,,,,,,,,,,,,,,,,,,,,,,,,,,,,,,,,,,,,,,,,504,436.65
1787579760,145.82,145.82,145.82,145.82,147,145.06,,,,,,,,,,,,,,,,,,,,,,,,,,,,,,,,,,,,,,,,,,,,,,,,,,,,75,417.95
1787579820,145.84,145.86,145.77,145.82,147,145.06,,,,,,,,,,,,,,,,,,,,,,,,,,,,,,,,,,,,,,,,,,,,,,,,,,,,319,422.9
1787579880,145.8,145.82,145.55,145.55,147,145.06,,,,,,,,,,,,,,,,,,,,,,,,,,,,,,,,,,,,,,,,,,,,,,,,,,,,336,427.8
1787579940,145.59,145.81,145.59,145.81,147,145.06,,,,,,,,,,,,,,,,,,,,,,,,,,,,,,,,,,,,,,,,,,,,,,,,,,,,87,405.35
1787580000,145.79,145.86,145.79,145.86,147,145.06,,,,,,,,,,,,,,,,,,,,,,,,,,,,,,,,,,,,,,,,,,,,,,,,,,,,66,392.75
1787580060,145.87,145.88,145.78,145.78,147,145.06,,,,,,,,,,,,,,,,,,,,,,,,,,,,,,,,,,,,,,,,,,,,,,,,,,,,961,439.55
1787580120,145.81,145.81,145.52,145.58,147,145.06,,,,,,,,,,,,,,,,,,,,,,,,,,,,,,,,,,,,,,,,,,,,,,,,,,,,958,422.85
1787580180,145.59,145.62,145.59,145.62,147,145.06,,,,,,,,,,,,,,,,,,,,,,,,,,,,,,,,,,,,,,,,,,,,,,,,,,,,75,410.5
1787580240,145.74,145.79,145.63,145.63,147,145.06,,,,,,,,,,,,,,,,,,,,,,,,,,,,,,,,,,,,,,,,,,,,,,,,,,,,522,427.45
1787580300,145.67,145.94,145.66,145.76,147,145.06,,,,,,,,,,,,,,,,,,,,,,,,,,,,,,,,,,,,,,,,,,,,,,,,,,,,1955,502.4
1787580360,145.74,145.82,145.74,145.75,147,145.06,,,,,,,,,,,,,,,,,,,,,,,,,,,,,,,,,,,,,,,,,,,,,,,,,,,,342,491.45
1787580420,145.73,145.73,145.57,145.63,147,145.06,,,,,,,,,,,,,,,,,,,,,,,,,,,,,,,,,,,,,,,,,,,,,,,,,,,,518,516.35
1787580480,145.65,145.9,145.65,145.9,147,145.06,,,,,,,,,,,,,,,,,,,,,,,,,,,,,,,,,,,,,,,,,,,,,,,,,,,,201,513.75
1787580540,145.82,145.89,145.8,145.87,147,145.06,,,,,,,,,,,,,,,,,,,,,,,,,,,,,,,,,,,,,,,,,,,,,,,,,,,,411,509.2
1787580600,145.895,145.92,145.705,145.705,147,145.06,,,,,,,,,,,,,,,,,,,,,,,,,,,,,,,,,,,,,,,,,,,,,,,,,,,,578,527.15
1787580660,145.68,145.76,145.68,145.68,147,145.06,,,,,,,,,,,,,,,,,,,,,,,,,,,,,,,,,,,,,,,,,,,,,,,,,,,,65,466.05
1787580720,145.73,145.73,145.58,145.6,147,145.06,,,,,,,,,,,,,,,,,,,,,,,,,,,,,,,,,,,,,,,,,,,,,,,,,,,,308,457.35
1787580780,145.63,145.76,145.61,145.76,147,145.06,,,,,,,,,,,,,,,,,,,,,,,,,,,,,,,,,,,,,,,,,,,,,,,,,,,,292,449.45
1787580840,145.75,145.79,145.65,145.65,147,145.06,,,,,,,,,,,,,,,,,,,,,,,,,,,,,,,,,,,,,,,,,,,,,,,,,,,,44,430.85
1787580900,145.71,145.72,145.65,145.68,147,145.06,,,,,,,,,,,,,,,,,,,,,,,,,,,,,,,,,,,,,,,,,,,,,,,,,,,,281,419.7
1787580960,145.57,145.66,145.57,145.66,147,145.06,,,,,,,,,,,,,,,,,,,,,,,,,,,,,,,,,,,,,,,,,,,,,,,,,,,,58,418.85
1787581020,145.63,145.69,145.58,145.69,147,145.06,,,,,,,,,,,,,,,,,,,,,,,,,,,,,,,,,,,,,,,,,,,,,,,,,,,,586,432.2
1787581080,145.645,145.93,145.645,145.88,147,145.06,,,,,,,,,,,,,,,,,,,,,,,,,,,,,,,,,,,,,,,,,,,,,,,,,,,,203,425.55
1787581140,145.93,146.08,145.93,146.05,147,145.06,,,,,,,,,,,,,,,,,,,,,,,,,,,,,,,,,,,,,,,,,,,,,,,,,,,,256,434
1787581200,146.12,146.155,145.96,146.155,147,145.06,,,,,,,,,,,,,,,,,,,,,,,,,,,,,,,,,,,,,,,,,,,,,,,,,,,,529,457.15
1787581260,145.97,145.97,145.72,145.72,147,145.06,,,,,,,,,,,,,,,,,,,,,,,,,,,,,,,,,,,,,,,,,,,,,,,,,,,,366,427.4
1787581320,145.74,145.82,145.74,145.76,147,145.06,,,,,,,,,,,,,,,,,,,,,,,,,,,,,,,,,,,,,,,,,,,,,,,,,,,,256,392.3
1787581380,145.74,145.74,145.58,145.58,147,145.06,,,,,,,,,,,,,,,,,,,,,,,,,,,,,,,,,,,,,,,,,,,,,,,,,,,,155,396.3
1787581440,145.51,145.58,145.51,145.54,147,145.06,,,,,,,,,,,,,,,,,,,,,,,,,,,,,,,,,,,,,,,,,,,,,,,,,,,,422,391.3
1787581500,145.49,145.49,145.4,145.4,147,145.06,,,,,,,,,,,,,,,,,,,,,,,,,,,,,,,,,,,,,,,,,,,,,,,,,,,,153,301.2
1787581560,145.33,145.33,145.31,145.31,147,145.06,,,,,,,,,,,,,,,,,,,,,,,,,,,,,,,,,,,,,,,,,,,,,,,,,,,,350,301.6
1787581620,145.27,145.27,145.22,145.23,147,145.06,,,,,,,,,,,,,,,,,,,,,,,,,,,,,,,,,,,,,,,,,,,,,,,,,,,,333,292.35
1787581680,145.36,145.36,145.27,145.27,147,145.06,,,,,,,,,,,,,,,,,,,,,,,,,,,,,,,,,,,,,,,,,,,,,,,,,,,,209,292.75
1787581740,145.33,145.36,145.3,145.36,147,145.06,,,,,,,,,,,,,,,,,,,,,,,,,,,,,,,,,,,,,,,,,,,,,,,,,,,,162,280.3
1787581800,145.42,145.52,145.39,145.52,147,145.06,,,,,,,,,,,,,,,,,,,,,,,,,,,,,,,,,,,,,,,,,,,,,,,,,,,,579,280.35
1787581860,145.58,145.58,145.57,145.57,147,145.06,,,,,,,,,,,,,,,,,,,,,,,,,,,,,,,,,,,,,,,,,,,,,,,,,,,,238,289
1787581920,145.51,145.6,145.51,145.52,147,145.06,,,,,,,,,,,,,,,,,,,,,,,,,,,,,,,,,,,,,,,,,,,,,,,,,,,,286,287.9
1787581980,145.47,145.47,145.39,145.39,147,145.06,,,,,,,,,,,,,,,,,,,,,,,,,,,,,,,,,,,,,,,,,,,,,,,,,,,,58,276.2
1787582040,145.34,145.34,145.2,145.2,147,145.06,,,,,,,,,,,,,,,,,,,,,,,,,,,,,,,,,,,,,,,,,,,,,,,,,,,,683,308.15
1787582100,145.28,145.32,145.2,145.32,147,145.06,,,,,,,,,,,,,,,,,,,,,,,,,,,,,,,,,,,,,,,,,,,,,,,,,,,,342,311.2
1787582160,145.36,145.36,145.11,145.11,147,145.06,,,,,,,,,,,,,,,,,,,,,,,,,,,,,,,,,,,,,,,,,,,,,,,,,,,,418,329.2
1787582220,145.17,145.18,145.14,145.14,147,145.06,,,,,,,,,,,,,,,,,,,,,,,,,,,,,,,,,,,,,,,,,,,,,,,,,,,,44,302.1
1787582280,145.13,145.16,145.09,145.09,147,145.06,,,,,,,,,,,,,,,,,,,,,,,,,,,,,,,,,,,,,,,,,,,,,,,,,,,,106,297.25
1787582340,145.13,145.23,145.13,145.23,147,145.06,,,,,,,,,,,,,,,,,,,,,,,,,,,,,,,,,,,,,,,,,,,,,,,,,,,,112,290.05
1787582400,145.21,145.3,145.21,145.28,147,145.06,,,,,,,,,,,,,,,,,,,,,,,,,,,,,,,,,,,,,,,,,,,,,,,,,,,,354,281.3
1787582460,145.21,145.21,145.13,145.17,147,145.06,,,,,,,,,,,,,,,,,,,,,,,,,,,,,,,,,,,,,,,,,,,,,,,,,,,,501,288.05
1787582520,145.11,145.16,145.09,145.13,147,145.06,,,,,,,,,,,,,,,,,,,,,,,,,,,,,,,,,,,,,,,,,,,,,,,,,,,,93,279.9
1787582580,145.13,145.13,145.05,145.1,147,145.06,,,,,,,,,,,,,,,,,,,,,,,,,,,,,,,,,,,,,,,,,,,,,,,,,,,,553,299.8
1787582640,145.14,145.14,145.1,145.1,147,145.06,,,,,,,,,,,,,,,,,,,,,,,,,,,,,,,,,,,,,,,,,,,,,,,,,,,,146,286
1787582700,145.075,145.11,144.97,144.97,147,145.06,,,,,,,,,,,,,,,,,,,,,,,,,,,,,,,,,,,,,,,,,,,,,,,,,,,,1751,365.9
1787582760,144.97,144.97,144.8,144.82,147,145.06,,,,,,,,,,,,,,,,,,,,,,,,,,,,,,,,,,,,,,,,,,,,,,,,,,,,326,364.7
1787582820,144.85,144.85,144.7,144.7,147,145.06,,,,,,,,,,,,,,,,,,,,,,,,,,,,,,,,,,,,,,,,,,,,,,,,,,,,142,355.15
1787582880,144.68,144.74,144.66,144.66,147,145.06,,,,,,,,,,,,,,,,,,,,,,,,,,,,,,,,,,,,,,,,,,,,,,,,,,,,331,361.25
1787582940,144.66,144.72,144.66,144.72,147,145.06,,,,,,,,,,,,,,,,,,,,,,,,,,,,,,,,,,,,,,,,,,,,,,,,,,,,279,367.1
1787583000,144.74,144.75,144.66,144.66,147,145.06,,,,,,,,,,,,,,,,,,,,,,,,,,,,,,,,,,,,,,,,,,,,,,,,,,,,301,353.2
1787583060,144.64,144.64,144.58,144.62,147,145.06,,,,,,,,,,,,,,,,,,,,,,,,,,,,,,,,,,,,,,,,,,,,,,,,,,,,284,355.5
1787583120,144.7,144.71,144.64,144.66,147,145.06,,,,,,,,,,,,,,,,,,,,,,,,,,,,,,,,,,,,,,,,,,,,,,,,,,,,480,365.2
1787583180,144.72,144.78,144.72,144.78,147,145.06,,,,,,,,,,,,,,,,,,,,,,,,,,,,,,,,,,,,,,,,,,,,,,,,,,,,589,391.75
1787583240,144.89,144.9,144.79,144.8,147,145.06,,,,,,,,,,,,,,,,,,,,,,,,,,,,,,,,,,,,,,,,,,,,,,,,,,,,150,365.1
1787583300,144.77,144.83,144.76,144.83,147,145.06,,,,,,,,,,,,,,,,,,,,,,,,,,,,,,,,,,,,,,,,,,,,,,,,,,,,447,370.35
1787583360,144.86,144.9,144.71,144.71,147,145.06,,,,,,,,,,,,,,,,,,,,,,,,,,,,,,,,,,,,,,,,,,,,,,,,,,,,526,375.75
1787583420,144.76,144.77,144.63,144.68,147,145.06,,,,,,,,,,,,,,,,,,,,,,,,,,,,,,,,,,,,,,,,,,,,,,,,,,,,962,421.65
1787583480,144.61,144.66,144.6,144.66,147,145.06,,,,,,,,,,,,,,,,,,,,,,,,,,,,,,,,,,,,,,,,,,,,,,,,,,,,112,421.95
1787583540,144.67,144.68,144.59,144.66,147,145.06,,,,,,,,,,,,,,,,,,,,,,,,,,,,,,,,,,,,,,,,,,,,,,,,,,,,531,442.9
1787583600,144.675,144.94,144.64,144.91,147,145.06,,,,,,,,,,,,,,,,,,,,,,,,,,,,,,,,,,,,,,,,,,,,,,,,,,,,374,443.9
1787583660,144.85,144.92,144.85,144.86,147,145.06,,,,,,,,,,,,,,,,,,,,,,,,,,,,,,,,,,,,,,,,,,,,,,,,,,,,148,426.25
1787583720,145.02,145.2,145.02,145.13,147,145.06,,,,,,,,,,,,,,,,,,,,,,,,,,,,,,,,,,,,,,,,,,,,,,,,,,,,513,447.25
1787583780,145.14,145.19,145.13,145.19,147,145.06,,,,,,,,,,,,,,,,,,,,,,,,,,,,,,,,,,,,,,,,,,,,,,,,,,,,272,433.2
1787583840,145.24,145.34,145.24,145.29,147,145.06,,,,,,,,,,,,,,,,,,,,,,,,,,,,,,,,,,,,,,,,,,,,,,,,,,,,262,439
1787583900,145.31,145.31,145.31,145.31,147,145.06,,,,,,,,,,,,,,,,,,,,,,,,,,,,,,,,,,,,,,,,,,,,,,,,,,,,50,353.95
1787583960,145.29,145.34,145.23,145.23,147,145.06,,,,,,,,,,,,,,,,,,,,,,,,,,,,,,,,,,,,,,,,,,,,,,,,,,,,990,387.15
1787584020,145.23,145.29,145.18,145.27,147,145.06,,,,,,,,,,,,,,,,,,,,,,,,,,,,,,,,,,,,,,,,,,,,,,,,,,,,460,403.05
1787584080,145.24,145.41,145.24,145.41,147,145.06,,,,,,,,,,,,,,,,,,,,,,,,,,,,,,,,,,,,,,,,,,,,,,,,,,,,361,404.55
1787584140,145.43,145.44,145.4,145.42,147,145.06,,,,,,,,,,,,,,,,,,,,,,,,,,,,,,,,,,,,,,,,,,,,,,,,,,,,493,415.25
1787584200,145.44,145.45,145.3,145.3,147,145.06,,,,,,,,,,,,,,,,,,,,,,,,,,,,,,,,,,,,,,,,,,,,,,,,,,,,414,420.9
1787584260,145.3,145.3,145.25,145.25,147,145.06,,,,,,,,,,,,,,,,,,,,,,,,,,,,,,,,,,,,,,,,,,,,,,,,,,,,111,412.25
1787584320,145.26,145.26,145.06,145.07,147,145.06,,,,,,,,,,,,,,,,,,,,,,,,,,,,,,,,,,,,,,,,,,,,,,,,,,,,493,412.9
1787584380,145.1,145.32,145.1,145.32,147,145.06,,,,,,,,,,,,,,,,,,,,,,,,,,,,,,,,,,,,,,,,,,,,,,,,,,,,216,394.25
1787584440,145.32,145.46,145.32,145.455,147,145.06,,,,,,,,,,,,,,,,,,,,,,,,,,,,,,,,,,,,,,,,,,,,,,,,,,,,592,416.35
1787584500,145.38,145.38,145.32,145.32,147,145.06,,,,,,,,,,,,,,,,,,,,,,,,,,,,,,,,,,,,,,,,,,,,,,,,,,,,134,400.7
1787584560,145.32,145.33,145.32,145.32,147,145.06,,,,,,,,,,,,,,,,,,,,,,,,,,,,,,,,,,,,,,,,,,,,,,,,,,,,83,378.55
1787584620,145.31,145.36,145.31,145.36,147,145.06,,,,,,,,,,,,,,,,,,,,,,,,,,,,,,,,,,,,,,,,,,,,,,,,,,,,101,335.5
1787584680,145.33,145.39,145.33,145.39,147,145.06,,,,,,,,,,,,,,,,,,,,,,,,,,,,,,,,,,,,,,,,,,,,,,,,,,,,334,346.6
1787584740,145.43,145.43,145.39,145.39,147,145.06,,,,,,,,,,,,,,,,,,,,,,,,,,,,,,,,,,,,,,,,,,,,,,,,,,,,116,325.85
1787584800,145.45,145.45,145.41,145.44,147,145.06,,,,,,,,,,,,,,,,,,,,,,,,,,,,,,,,,,,,,,,,,,,,,,,,,,,,106,312.45
1787584860,145.45,145.45,145.38,145.38,147,145.06,,,,,,,,,,,,,,,,,,,,,,,,,,,,,,,,,,,,,,,,,,,,,,,,,,,,260,318.05
1787584920,145.33,145.39,145.33,145.39,147,145.06,,,,,,,,,,,,,,,,,,,,,,,,,,,,,,,,,,,,,,,,,,,,,,,,,,,,350,309.9
1787584980,145.41,145.6,145.41,145.6,147,145.06,,,,,,,,,,,,,,,,,,,,,,,,,,,,,,,,,,,,,,,,,,,,,,,,,,,,409,316.75
1787585040,145.59,145.59,145.5,145.5,147,145.06,,,,,,,,,,,,,,,,,,,,,,,,,,,,,,,,,,,,,,,,,,,,,,,,,,,,523,329.8
1787585100,145.56,145.56,145.5,145.5,147,145.06,,,,,,,,,,,,,,,,,,,,,,,,,,,,,,,,,,,,,,,,,,,,,,,,,,,,258,340.2
1787585160,145.5,145.5,145.47,145.47,147,145.06,,,,,,,,,,,,,,,,,,,,,,,,,,,,,,,,,,,,,,,,,,,,,,,,,,,,270,304.2
1787585220,145.59,145.59,145.58,145.58,147,145.06,,,,,,,,,,,,,,,,,,,,,,,,,,,,,,,,,,,,,,,,,,,,,,,,,,,,237,293.05
1787585280,145.57,145.71,145.56,145.7,147,145.06,,,,,,,,,,,,,,,,,,,,,,,,,,,,,,,,,,,,,,,,,,,,,,,,,,,,307,290.35
1787585340,145.75,145.78,145.59,145.59,147,145.06,,,,,,,,,,,,,,,,,,,,,,,,,,,,,,,,,,,,,,,,,,,,,,,,,,,,1350,333.2
1787585400,145.53,145.57,145.43,145.57,147,145.06,,,,,,,,,,,,,,,,,,,,,,,,,,,,,,,,,,,,,,,,,,,,,,,,,,,,869,355.95
1787585460,145.61,145.63,145.61,145.62,147,145.06,,,,,,,,,,,,,,,,,,,,,,,,,,,,,,,,,,,,,,,,,,,,,,,,,,,,22,351.5
1787585520,145.71,145.72,145.69,145.72,147,145.06,,,,,,,,,,,,,,,,,,,,,,,,,,,,,,,,,,,,,,,,,,,,,,,,,,,,600,356.85
1787585580,145.79,145.91,145.79,145.91,147,145.06,,,,,,,,,,,,,,,,,,,,,,,,,,,,,,,,,,,,,,,,,,,,,,,,,,,,225,357.3
1787585640,145.875,145.875,145.81,145.86,147,145.06,,,,,,,,,,,,,,,,,,,,,,,,,,,,,,,,,,,,,,,,,,,,,,,,,,,,358,345.6
1787585700,145.84,145.84,145.79,145.84,147,145.06,,,,,,,,,,,,,,,,,,,,,,,,,,,,,,,,,,,,,,,,,,,,,,,,,,,,152,346.5
1787585760,145.86,145.87,145.79,145.79,147,145.06,,,,,,,,,,,,,,,,,,,,,,,,,,,,,,,,,,,,,,,,,,,,,,,,,,,,366,360.65
1787585820,145.76,145.76,145.7,145.72,147,145.06,,,,,,,,,,,,,,,,,,,,,,,,,,,,,,,,,,,,,,,,,,,,,,,,,,,,278,369.5
1787585880,145.79,145.79,145.75,145.75,147,145.06,,,,,,,,,,,,,,,,,,,,,,,,,,,,,,,,,,,,,,,,,,,,,,,,,,,,136,359.6
1787585940,145.76,145.76,145.74,145.74,147,145.06,,,,,,,,,,,,,,,,,,,,,,,,,,,,,,,,,,,,,,,,,,,,,,,,,,,,55,356.55
1787586000,145.79,145.8,145.72,145.73,147,145.06,,,,,,,,,,,,,,,,,,,,,,,,,,,,,,,,,,,,,,,,,,,,,,,,,,,,251,363.8
1787586060,145.72,145.79,145.72,145.79,147,145.06,,,,,,,,,,,,,,,,,,,,,,,,,,,,,,,,,,,,,,,,,,,,,,,,,,,,90,355.3
1787586120,145.89,145.9,145.84,145.84,147,145.06,,,,,,,,,,,,,,,,,,,,,,,,,,,,,,,,,,,,,,,,,,,,,,,,,,,,235,349.55
1787586180,145.9,145.9,145.82,145.84,147,145.06,,,,,,,,,,,,,,,,,,,,,,,,,,,,,,,,,,,,,,,,,,,,,,,,,,,,351,346.65
1787586240,145.86,145.88,145.78,145.78,147,145.06,,,,,,,,,,,,,,,,,,,,,,,,,,,,,,,,,,,,,,,,,,,,,,,,,,,,716,356.3
1787586300,145.72,145.75,145.58,145.58,147,145.06,,,,,,,,,,,,,,,,,,,,,,,,,,,,,,,,,,,,,,,,,,,,,,,,,,,,580,372.4
1787586360,145.58,145.7,145.58,145.7,147,145.06,,,,,,,,,,,,,,,,,,,,,,,,,,,,,,,,,,,,,,,,,,,,,,,,,,,,572,387.5
1787586420,145.72,145.755,145.69,145.69,147,145.06,,,,,,,,,,,,,,,,,,,,,,,,,,,,,,,,,,,,,,,,,,,,,,,,,,,,482,399.75
1787586480,145.71,145.71,145.71,145.71,147,145.06,,,,,,,,,,,,,,,,,,,,,,,,,,,,,,,,,,,,,,,,,,,,,,,,,,,,1,384.45
1787586540,145.73,145.75,145.71,145.71,147,145.06,,,,,,,,,,,,,,,,,,,,,,,,,,,,,,,,,,,,,,,,,,,,,,,,,,,,417,337.8
1787586600,145.76,145.79,145.75,145.77,147,145.06,,,,,,,,,,,,,,,,,,,,,,,,,,,,,,,,,,,,,,,,,,,,,,,,,,,,500,319.35
1787586660,145.77,145.83,145.77,145.81,147,145.06,,,,,,,,,,,,,,,,,,,,,,,,,,,,,,,,,,,,,,,,,,,,,,,,,,,,301,333.3
1787586720,145.815,145.93,145.815,145.89,147,145.06,,,,,,,,,,,,,,,,,,,,,,,,,,,,,,,,,,,,,,,,,,,,,,,,,,,,363,321.45
1787586780,145.89,145.9,145.86,145.9,147,145.06,,,,,,,,,,,,,,,,,,,,,,,,,,,,,,,,,,,,,,,,,,,,,,,,,,,,313,325.85
1787586840,145.89,145.89,145.88,145.88,147,145.06,,,,,,,,,,,,,,,,,,,,,,,,,,,,,,,,,,,,,,,,,,,,,,,,,,,,272,321.55
1787586900,145.88,145.9,145.88,145.9,147,145.06,,,,,,,,,,,,,,,,,,,,,,,,,,,,,,,,,,,,,,,,,,,,,,,,,,,,14,314.65
1787586960,145.85,146,145.84,145.96,147,145.06,,,,,,,,,,,,,,,,,,,,,,,,,,,,,,,,,,,,,,,,,,,,,,,,,,,,1062,349.45
1787587020,145.96,146.07,145.96,146.06,147,145.06,,,,,,,,,,,,,,,,,,,,,,,,,,,,,,,,,,,,,,,,,,,,,,,,,,,,688,369.95
1787587080,146.06,146.12,146.03,146.03,147,145.06,,,,,,,,,,,,,,,,,,,,,,,,,,,,,,,,,,,,,,,,,,,,,,,,,,,,600,393.15
1787587140,146.02,146.04,146,146.005,147,145.06,,,,,,,,,,,,,,,,,,,,,,,,,,,,,,,,,,,,,,,,,,,,,,,,,,,,166,398.7
1787587200,146.03,146.03,145.96,146.02,147,145.06,,,,,,,,,,,,,,,,,,,,,,,,,,,,,,,,,,,,,,,,,,,,,,,,,,,,509,411.6
1787587260,146.02,146.05,146.01,146.05,147,145.06,,,,,,,,,,,,,,,,,,,,,,,,,,,,,,,,,,,,,,,,,,,,,,,,,,,,521,433.15
1787587320,146.04,146.06,146.01,146.06,147,145.06,,,,,,,,,,,,,,,,,,,,,,,,,,,,,,,,,,,,,,,,,,,,,,,,,,,,722,457.5
1787587380,146.08,146.1,146.03,146.08,147,145.06,,,,,,,,,,,,,,,,,,,,,,,,,,,,,,,,,,,,,,,,,,,,,,,,,,,,846,482.25
1787587440,146.11,146.14,146.04,146.09,147,145.06,,,,,,,,,,,,,,,,,,,,,,,,,,,,,,,,,,,,,,,,,,,,,,,,,,,,608,476.85
1787587500,146.07,146.12,146.07,146.12,147,145.06,,,,,,,,,,,,,,,,,,,,,,,,,,,,,,,,,,,,,,,,,,,,,,,,,,,,274,461.55
1787587560,146.13,146.13,146.06,146.12,147,145.06,,,,,,,,,,,,,,,,,,,,,,,,,,,,,,,,,,,,,,,,,,,,,,,,,,,,779,471.9
1787587620,146.1,146.1,146.1,146.1,147,145.06,,,,,,,,,,,,,,,,,,,,,,,,,,,,,,,,,,,,,,,,,,,,,,,,,,,,12,448.4
1787587680,146.09,146.13,146.09,146.13,147,145.06,,,,,,,,,,,,,,,,,,,,,,,,,,,,,,,,,,,,,,,,,,,,,,,,,,,,267,461.7
1787587740,146.16,146.19,146.16,146.19,147,145.06,,,,,,,,,,,,,,,,,,,,,,,,,,,,,,,,,,,,,,,,,,,,,,,,,,,,408,461.25
1787587800,146.18,146.25,146.165,146.23,147,145.06,,,,,,,,,,,,,,,,,,,,,,,,,,,,,,,,,,,,,,,,,,,,,,,,,,,,268,449.65
1787587860,146.24,146.24,146.18,146.23,147,145.06,,,,,,,,,,,,,,,,,,,,,,,,,,,,,,,,,,,,,,,,,,,,,,,,,,,,2937,581.45
1787587920,146.25,146.25,146.25,146.25,147,145.06,,,,,,,,,,,,,,,,,,,,,,,,,,,,,,,,,,,,,,,,,,,,,,,,,,,,3,563.45
1787587980,146.26,146.26,146.24,146.25,147,145.06,,,,,,,,,,,,,,,,,,,,,,,,,,,,,,,,,,,,,,,,,,,,,,,,,,,,212,558.4
1787588040,146.26,146.27,146.26,146.27,147,145.06,,,,,,,,,,,,,,,,,,,,,,,,,,,,,,,,,,,,,,,,,,,,,,,,,,,,304,560
1787588100,146.28,146.34,146.28,146.34,147,145.06,,,,,,,,,,,,,,,,,,,,,,,,,,,,,,,,,,,,,,,,,,,,,,,,,,,,127,565.65
1787588160,146.39,146.39,146.32,146.34,147,145.06,,,,,,,,,,,,,,,,,,,,,,,,,,,,,,,,,,,,,,,,,,,,,,,,,,,,469,536
1787588220,146.34,146.34,146.33,146.33,147,145.06,,,,,,,,,,,,,,,,,,,,,,,,,,,,,,,,,,,,,,,,,,,,,,,,,,,,203,511.75
1787588280,146.34,146.35,146.32,146.35,147,145.06,,,,,,,,,,,,,,,,,,,,,,,,,,,,,,,,,,,,,,,,,,,,,,,,,,,,514,507.45
1787588340,146.3,146.3,146.3,146.3,147,145.06,,,,,,,,,,,,,,,,,,,,,,,,,,,,,,,,,,,,,,,,,,,,,,,,,,,,1,499.2
1787588400,146.25,146.25,146.18,146.18,147,145.06,,,,,,,,,,,,,,,,,,,,,,,,,,,,,,,,,,,,,,,,,,,,,,,,,,,,430,495.25
1787588460,146.15,146.16,146.14,146.16,147,145.06,,,,,,,,,,,,,,,,,,,,,,,,,,,,,,,,,,,,,,,,,,,,,,,,,,,,678,503.1
1787588520,146.14,146.14,146.14,146.14,147,145.06,,,,,,,,,,,,,,,,,,,,,,,,,,,,,,,,,,,,,,,,,,,,,,,,,,,,33,468.65
1787588580,146.14,146.23,146.14,146.23,147,145.06,,,,,,,,,,,,,,,,,,,,,,,,,,,,,,,,,,,,,,,,,,,,,,,,,,,,252,438.95
1787588640,146.28,146.28,146.26,146.26,147,145.06,,,,,,,,,,,,,,,,,,,,,,,,,,,,,,,,,,,,,,,,,,,,,,,,,,,,218,419.45
1787588700,146.27,146.28,146.24,146.27,147,145.06,,,,,,,,,,,,,,,,,,,,,,,,,,,,,,,,,,,,,,,,,,,,,,,,,,,,386,425.05
1787588760,146.31,146.31,146.29,146.29,147,145.06,,,,,,,,,,,,,,,,,,,,,,,,,,,,,,,,,,,,,,,,,,,,,,,,,,,,210,396.6
1787588820,146.26,146.26,146.19,146.21,147,145.06,,,,,,,,,,,,,,,,,,,,,,,,,,,,,,,,,,,,,,,,,,,,,,,,,,,,332,412.6
1787588880,146.16,146.16,146.06,146.1,147,145.06,,,,,,,,,,,,,,,,,,,,,,,,,,,,,,,,,,,,,,,,,,,,,,,,,,,,242,411.35
1787588940,146.1,146.1,146.1,146.1,147,145.06,,,,,,,,,,,,,,,,,,,,,,,,,,,,,,,,,,,,,,,,,,,,,,,,,,,,80,394.95
1787589000,146.11,146.13,146.11,146.11,147,145.06,,,,,,,,,,,,,,,,,,,,,,,,,,,,,,,,,,,,,,,,,,,,,,,,,,,,220,392.55
1787589060,146.14,146.285,146.14,146.21,147,145.06,,,,,,,,,,,,,,,,,,,,,,,,,,,,,,,,,,,,,,,,,,,,,,,,,,,,1139,302.65
1787589120,146.2,146.255,146.2,146.255,147,145.06,,,,,,,,,,,,,,,,,,,,,,,,,,,,,,,,,,,,,,,,,,,,,,,,,,,,417,323.35
1787589180,146.24,146.43,146.23,146.43,147,145.06,,,,,,,,,,,,,,,,,,,,,,,,,,,,,,,,,,,,,,,,,,,,,,,,,,,,1240,374.75
1787589240,146.43,146.44,146.36,146.44,147,145.06,,,,,,,,,,,,,,,,,,,,,,,,,,,,,,,,,,,,,,,,,,,,,,,,,,,,525,385.8
1787589300,146.39,146.41,146.39,146.41,147,145.06,,,,,,,,,,,,,,,,,,,,,,,,,,,,,,,,,,,,,,,,,,,,,,,,,,,,176,388.25
1787589360,146.41,146.41,146.36,146.36,147,145.06,,,,,,,,,,,,,,,,,,,,,,,,,,,,,,,,,,,,,,,,,,,,,,,,,,,,335,381.55
1787589420,146.34,146.37,146.34,146.37,147,145.06,,,,,,,,,,,,,,,,,,,,,,,,,,,,,,,,,,,,,,,,,,,,,,,,,,,,86,375.7
1787589480,146.36,146.39,146.32,146.34,147,145.06,,,,,,,,,,,,,,,,,,,,,,,,,,,,,,,,,,,,,,,,,,,,,,,,,,,,520,376
1787589540,146.34,146.41,146.33,146.4,147,145.06,,,,,,,,,,,,,,,,,,,,,,,,,,,,,,,,,,,,,,,,,,,,,,,,,,,,327,392.3
1787589600,146.37,146.37,146.35,146.35,147,145.06,,,,,,,,,,,,,,,,,,,,,,,,,,,,,,,,,,,,,,,,,,,,,,,,,,,,13,371.45
1787589660,146.36,146.44,146.36,146.44,147,145.06,,,,,,,,,,,,,,,,,,,,,,,,,,,,,,,,,,,,,,,,,,,,,,,,,,,,273,351.2
1787589720,146.4,146.41,146.37,146.37,147,145.06,,,,,,,,,,,,,,,,,,,,,,,,,,,,,,,,,,,,,,,,,,,,,,,,,,,,306,364.85
1787589780,146.37,146.37,146.33,146.33,147,145.06,,,,,,,,,,,,,,,,,,,,,,,,,,,,,,,,,,,,,,,,,,,,,,,,,,,,195,362
1787589840,146.3,146.32,146.28,146.3,147,145.06,,,,,,,,,,,,,,,,,,,,,,,,,,,,,,,,,,,,,,,,,,,,,,,,,,,,329,367.55
1787589900,146.27,146.28,146.25,146.25,147,145.06,,,,,,,,,,,,,,,,,,,,,,,,,,,,,,,,,,,,,,,,,,,,,,,,,,,,525,374.5
1787589960,146.24,146.26,146.22,146.26,147,145.06,,,,,,,,,,,,,,,,,,,,,,,,,,,,,,,,,,,,,,,,,,,,,,,,,,,,586,393.3
1787590020,146.28,146.29,146.27,146.285,147,145.06,,,,,,,,,,,,,,,,,,,,,,,,,,,,,,,,,,,,,,,,,,,,,,,,,,,,313,392.35
1787590080,146.25,146.28,146.25,146.25,147,145.06,,,,,,,,,,,,,,,,,,,,,,,,,,,,,,,,,,,,,,,,,,,,,,,,,,,,294,394.95
1787590140,146.2,146.2,146.15,146.18,147,145.06,,,,,,,,,,,,,,,,,,,,,,,,,,,,,,,,,,,,,,,,,,,,,,,,,,,,577,419.8
1787590200,146.19,146.26,146.19,146.26,147,145.06,,,,,,,,,,,,,,,,,,,,,,,,,,,,,,,,,,,,,,,,,,,,,,,,,,,,636,440.6
1787590260,146.25,146.25,146.25,146.25,147,145.06,,,,,,,,,,,,,,,,,,,,,,,,,,,,,,,,,,,,,,,,,,,,,,,,,,,,56,386.45
1787590320,146.26,146.26,146.2,146.23,147,145.06,,,,,,,,,,,,,,,,,,,,,,,,,,,,,,,,,,,,,,,,,,,,,,,,,,,,320,381.6
1787590380,146.27,146.29,146.27,146.29,147,145.06,,,,,,,,,,,,,,,,,,,,,,,,,,,,,,,,,,,,,,,,,,,,,,,,,,,,119,325.55
1787590440,146.29,146.29,146.24,146.24,147,145.06,,,,,,,,,,,,,,,,,,,,,,,,,,,,,,,,,,,,,,,,,,,,,,,,,,,,795,339.05
1787590500,146.21,146.21,146.2,146.21,147,145.06,,,,,,,,,,,,,,,,,,,,,,,,,,,,,,,,,,,,,,,,,,,,,,,,,,,,390,349.75
1787590560,146.23,146.24,146.19,146.19,147,145.06,,,,,,,,,,,,,,,,,,,,,,,,,,,,,,,,,,,,,,,,,,,,,,,,,,,,448,355.4
1787590620,146.19,146.21,146.16,146.16,147,145.06,,,,,,,,,,,,,,,,,,,,,,,,,,,,,,,,,,,,,,,,,,,,,,,,,,,,217,361.95
1787590680,146.14,146.17,146.13,146.13,147,145.06,,,,,,,,,,,,,,,,,,,,,,,,,,,,,,,,,,,,,,,,,,,,,,,,,,,,744,373.15
1787590740,146.11,146.15,146.09,146.14,147,145.06,,,,,,,,,,,,,,,,,,,,,,,,,,,,,,,,,,,,,,,,,,,,,,,,,,,,533,383.45
1787590800,146.14,146.15,146.14,146.15,147,145.06,,,,,,,,,,,,,,,,,,,,,,,,,,,,,,,,,,,,,,,,,,,,,,,,,,,,208,393.2
1787590860,146.19,146.3,146.19,146.3,147,145.06,,,,,,,,,,,,,,,,,,,,,,,,,,,,,,,,,,,,,,,,,,,,,,,,,,,,212,390.15
1787590920,146.27,146.3,146.27,146.28,147,145.06,,,,,,,,,,,,,,,,,,,,,,,,,,,,,,,,,,,,,,,,,,,,,,,,,,,,452,397.45
1787590980,146.29,146.34,146.29,146.34,147,145.06,,,,,,,,,,,,,,,,,,,,,,,,,,,,,,,,,,,,,,,,,,,,,,,,,,,,633,419.35
1787591040,146.31,146.31,146.3,146.3,147,145.06,,,,,,,,,,,,,,,,,,,,,,,,,,,,,,,,,,,,,,,,,,,,,,,,,,,,235,414.65
1787591100,146.3,146.3,146.25,146.25,147,145.06,,,,,,,,,,,,,,,,,,,,,,,,,,,,,,,,,,,,,,,,,,,,,,,,,,,,104,393.6
1787591160,146.24,146.25,146.24,146.25,147,145.06,,,,,,,,,,,,,,,,,,,,,,,,,,,,,,,,,,,,,,,,,,,,,,,,,,,,244,376.5
1787591220,146.265,146.32,146.265,146.32,147,145.06,,,,,,,,,,,,,,,,,,,,,,,,,,,,,,,,,,,,,,,,,,,,,,,,,,,,480,384.85
1787591280,146.31,146.33,146.31,146.33,147,145.06,,,,,,,,,,,,,,,,,,,,,,,,,,,,,,,,,,,,,,,,,,,,,,,,,,,,184,379.35
1787591340,146.29,146.3,146.285,146.285,147,145.06,,,,,,,,,,,,,,,,,,,,,,,,,,,,,,,,,,,,,,,,,,,,,,,,,,,,238,362.4
1787591400,146.33,146.33,146.32,146.32,147,145.06,,,,,,,,,,,,,,,,,,,,,,,,,,,,,,,,,,,,,,,,,,,,,,,,,,,,201,340.65
1787591460,146.35,146.36,146.31,146.345,147,145.06,,,,,,,,,,,,,,,,,,,,,,,,,,,,,,,,,,,,,,,,,,,,,,,,,,,,884,382.05
1787591580,146.34,146.34,146.29,146.29,147,145.06,,,,,,,,,,,,,,,,,,,,,,,,,,,,,,,,,,,,,,,,,,,,,,,,,,,,229,377.5
1787591640,146.31,146.32,146.31,146.32,147,145.06,,,,,,,,,,,,,,,,,,,,,,,,,,,,,,,,,,,,,,,,,,,,,,,,,,,,3,371.7
1787591700,146.34,146.36,146.31,146.33,147,145.06,,,,,,,,,,,,,,,,,,,,,,,,,,,,,,,,,,,,,,,,,,,,,,,,,,,,361,350
1787591760,146.35,146.4,146.34,146.375,147,145.06,,,,,,,,,,,,,,,,,,,,,,,,,,,,,,,,,,,,,,,,,,,,,,,,,,,,459,353.45
1787591820,146.41,146.42,146.4,146.42,147,145.06,,,,,,,,,,,,,,,,,,,,,,,,,,,,,,,,,,,,,,,,,,,,,,,,,,,,302,346.15
1787591880,146.41,146.41,146.41,146.41,147,145.06,,,,,,,,,,,,,,,,,,,,,,,,,,,,,,,,,,,,,,,,,,,,,,,,,,,,50,337.8
1787591940,146.4,146.44,146.38,146.44,147,145.06,,,,,,,,,,,,,,,,,,,,,,,,,,,,,,,,,,,,,,,,,,,,,,,,,,,,517,326.45
1787592000,146.47,146.48,146.45,146.48,147,145.06,,,,,,,,,,,,,,,,,,,,,,,,,,,,,,,,,,,,,,,,,,,,,,,,,,,,264,313
1787592060,146.48,146.53,146.48,146.52,147,145.06,,,,,,,,,,,,,,,,,,,,,,,,,,,,,,,,,,,,,,,,,,,,,,,,,,,,292,317.2
1787592120,146.52,146.52,146.47,146.47,147,145.06,,,,,,,,,,,,,,,,,,,,,,,,,,,,,,,,,,,,,,,,,,,,,,,,,,,,369,325.05
1787592180,146.48,146.51,146.46,146.51,147,145.06,,,,,,,,,,,,,,,,,,,,,,,,,,,,,,,,,,,,,,,,,,,,,,,,,,,,634,334.15
1787592240,146.51,146.51,146.42,146.44,147,145.06,,,,,,,,,,,,,,,,,,,,,,,,,,,,,,,,,,,,,,,,,,,,,,,,,,,,655,335.25
1787592300,146.45,146.45,146.42,146.425,147,145.06,,,,,,,,,,,,,,,,,,,,,,,,,,,,,,,,,,,,,,,,,,,,,,,,,,,,323,339.65
1787592360,146.4,146.4,146.38,146.38,147,145.06,,,,,,,,,,,,,,,,,,,,,,,,,,,,,,,,,,,,,,,,,,,,,,,,,,,,40,336.45
1787592420,146.37,146.37,146.34,146.35,147,145.06,,,,,,,,,,,,,,,,,,,,,,,,,,,,,,,,,,,,,,,,,,,,,,,,,,,,458,347.15
1787592480,146.38,146.45,146.38,146.45,147,145.06,,,,,,,,,,,,,,,,,,,,,,,,,,,,,,,,,,,,,,,,,,,,,,,,,,,,323,339.3
1787592540,146.43,146.43,146.43,146.43,147,145.06,,,,,,,,,,,,,,,,,,,,,,,,,,,,,,,,,,,,,,,,,,,,,,,,,,,,8,330.5
1787592600,146.41,146.43,146.395,146.43,147,145.06,,,,,,,,,,,,,,,,,,,,,,,,,,,,,,,,,,,,,,,,,,,,,,,,,,,,171,327.15
1787592660,146.44,146.44,146.36,146.36,147,145.06,,,,,,,,,,,,,,,,,,,,,,,,,,,,,,,,,,,,,,,,,,,,,,,,,,,,1186,376.4
1787592720,146.34,146.5,146.33,146.49,147,145.06,,,,,,,,,,,,,,,,,,,,,,,,,,,,,,,,,,,,,,,,,,,,,,,,,,,,1153,389.85
1787592780,146.48,146.5,146.47,146.48,147,145.06,,,,,,,,,,,,,,,,,,,,,,,,,,,,,,,,,,,,,,,,,,,,,,,,,,,,540,405.4
1787592840,146.5,146.5,146.47,146.48,147,145.06,,,,,,,,,,,,,,,,,,,,,,,,,,,,,,,,,,,,,,,,,,,,,,,,,,,,118,411.15
1787592900,146.5,146.53,146.5,146.51,147,145.06,,,,,,,,,,,,,,,,,,,,,,,,,,,,,,,,,,,,,,,,,,,,,,,,,,,,210,403.6
1787592960,146.52,146.53,146.51,146.52,147,145.06,,,,,,,,,,,,,,,,,,,,,,,,,,,,,,,,,,,,,,,,,,,,,,,,,,,,521,406.7
1787593020,146.53,146.54,146.5,146.5,147,145.06,,,,,,,,,,,,,,,,,,,,,,,,,,,,,,,,,,,,,,,,,,,,,,,,,,,,921,437.65
1787593080,146.5,146.55,146.5,146.55,147,145.06,,,,,,,,,,,,,,,,,,,,,,,,,,,,,,,,,,,,,,,,,,,,,,,,,,,,145,442.4
1787593140,146.55,146.55,146.52,146.52,147,145.06,,,,,,,,,,,,,,,,,,,,,,,,,,,,,,,,,,,,,,,,,,,,,,,,,,,,518,442.45
1787593200,146.54,146.58,146.54,146.54,147,145.06,,,,,,,,,,,,,,,,,,,,,,,,,,,,,,,,,,,,,,,,,,,,,,,,,,,,340,446.25
1787593260,146.53,146.55,146.52,146.52,147,145.06,,,,,,,,,,,,,,,,,,,,,,,,,,,,,,,,,,,,,,,,,,,,,,,,,,,,51,434.2
1787593320,146.53,146.57,146.51,146.51,147,145.06,,,,,,,,,,,,,,,,,,,,,,,,,,,,,,,,,,,,,,,,,,,,,,,,,,,,668,449.15
1787593380,146.5,146.53,146.49,146.53,147,145.06,,,,,,,,,,,,,,,,,,,,,,,,,,,,,,,,,,,,,,,,,,,,,,,,,,,,460,440.45
1787593440,146.53,146.59,146.53,146.59,147,145.06,,,,,,,,,,,,,,,,,,,,,,,,,,,,,,,,,,,,,,,,,,,,,,,,,,,,309,423.15
1787593500,146.58,146.68,146.58,146.65,147,145.06,,,,,,,,,,,,,,,,,,,,,,,,,,,,,,,,,,,,,,,,,,,,,,,,,,,,747,444.35
1787593560,146.655,146.66,146.63,146.64,147,145.06,,,,,,,,,,,,,,,,,,,,,,,,,,,,,,,,,,,,,,,,,,,,,,,,,,,,158,450.25
1787593620,146.67,146.67,146.66,146.66,147,145.06,,,,,,,,,,,,,,,,,,,,,,,,,,,,,,,,,,,,,,,,,,,,,,,,,,,,112,432.95
1787593680,146.66,146.68,146.66,146.68,147,145.06,,,,,,,,,,,,,,,,,,,,,,,,,,,,,,,,,,,,,,,,,,,,,,,,,,,,573,445.45
1787593740,146.7,146.74,146.7,146.73,147,145.06,,,,,,,,,,,,,,,,,,,,,,,,,,,,,,,,,,,,,,,,,,,,,,,,,,,,244,457.25
1787593800,146.74,146.74,146.74,146.74,147,145.06,,,,,,,,,,,,,,,,,,,,,,,,,,,,,,,,,,,,,,,,,,,,,,,,,,,,151,456.25
1787593860,146.71,146.71,146.65,146.65,147,145.06,,,,,,,,,,,,,,,,,,,,,,,,,,,,,,,,,,,,,,,,,,,,,,,,,,,,857,439.8
1787593920,146.66,146.66,146.63,146.63,147,145.06,,,,,,,,,,,,,,,,,,,,,,,,,,,,,,,,,,,,,,,,,,,,,,,,,,,,74,385.85
1787593980,146.67,146.67,146.6,146.6,147,145.06,,,,,,,,,,,,,,,,,,,,,,,,,,,,,,,,,,,,,,,,,,,,,,,,,,,,148,366.25
1787594040,146.6,146.6,146.55,146.55,147,145.06,,,,,,,,,,,,,,,,,,,,,,,,,,,,,,,,,,,,,,,,,,,,,,,,,,,,107,365.7
1787594100,146.59,146.63,146.59,146.63,147,145.06,,,,,,,,,,,,,,,,,,,,,,,,,,,,,,,,,,,,,,,,,,,,,,,,,,,,190,364.7
1787594160,146.635,146.73,146.635,146.71,147,145.06,,,,,,,,,,,,,,,,,,,,,,,,,,,,,,,,,,,,,,,,,,,,,,,,,,,,107,344
1787594220,146.69,146.69,146.66,146.66,147,145.06,,,,,,,,,,,,,,,,,,,,,,,,,,,,,,,,,,,,,,,,,,,,,,,,,,,,173,306.6
1787594280,146.69,146.69,146.67,146.69,147,145.06,,,,,,,,,,,,,,,,,,,,,,,,,,,,,,,,,,,,,,,,,,,,,,,,,,,,446,321.65
1787594340,146.66,146.66,146.66,146.66,147,145.06,,,,,,,,,,,,,,,,,,,,,,,,,,,,,,,,,,,,,,,,,,,,,,,,,,,,1,295.8
1787594400,146.67,146.71,146.67,146.71,147,145.06,,,,,,,,,,,,,,,,,,,,,,,,,,,,,,,,,,,,,,,,,,,,,,,,,,,,80,282.8
1787594460,146.71,146.71,146.49,146.49,147,145.06,,,,,,,,,,,,,,,,,,,,,,,,,,,,,,,,,,,,,,,,,,,,,,,,,,,,298,295.15
1787594520,146.45,146.45,146.33,146.36,147,145.06,,,,,,,,,,,,,,,,,,,,,,,,,,,,,,,,,,,,,,,,,,,,,,,,,,,,494,286.45
1787594580,146.36,146.41,146.27,146.41,147,145.06,,,,,,,,,,,,,,,,,,,,,,,,,,,,,,,,,,,,,,,,,,,,,,,,,,,,312,279.05
1787594640,146.46,146.46,146.44,146.44,147,145.06,,,,,,,,,,,,,,,,,,,,,,,,,,,,,,,,,,,,,,,,,,,,,,,,,,,,114,269.3
1787594700,146.415,146.42,146.4,146.42,147,145.06,,,,,,,,,,,,,,,,,,,,,,,,,,,,,,,,,,,,,,,,,,,,,,,,,,,,278,245.85
1787594760,146.43,146.46,146.43,146.46,147,145.06,,,,,,,,,,,,,,,,,,,,,,,,,,,,,,,,,,,,,,,,,,,,,,,,,,,,623,269.1
1787594820,146.46,146.46,146.45,146.45,147,145.06,,,,,,,,,,,,,,,,,,,,,,,,,,,,,,,,,,,,,,,,,,,,,,,,,,,,276,277.3
1787594880,146.44,146.44,146.43,146.44,147,145.06,,,,,,,,,,,,,,,,,,,,,,,,,,,,,,,,,,,,,,,,,,,,,,,,,,,,300,263.65
1787594940,146.47,146.53,146.45,146.53,147,145.06,,,,,,,,,,,,,,,,,,,,,,,,,,,,,,,,,,,,,,,,,,,,,,,,,,,,614,282.15
1787595000,146.5,146.5,146.45,146.45,147,145.06,,,,,,,,,,,,,,,,,,,,,,,,,,,,,,,,,,,,,,,,,,,,,,,,,,,,14,275.3
1787595060,146.43,146.46,146.42,146.46,147,145.06,,,,,,,,,,,,,,,,,,,,,,,,,,,,,,,,,,,,,,,,,,,,,,,,,,,,105,237.7
1787595180,146.45,146.46,146.45,146.46,147,145.06,,,,,,,,,,,,,,,,,,,,,,,,,,,,,,,,,,,,,,,,,,,,,,,,,,,,216,244.8
1787595240,146.47,146.53,146.47,146.53,147,145.06,,,,,,,,,,,,,,,,,,,,,,,,,,,,,,,,,,,,,,,,,,,,,,,,,,,,265,250.65
1787595300,146.55,146.55,146.51,146.54,147,145.06,,,,,,,,,,,,,,,,,,,,,,,,,,,,,,,,,,,,,,,,,,,,,,,,,,,,291,259.85
1787595360,146.53,146.56,146.53,146.56,147,145.06,,,,,,,,,,,,,,,,,,,,,,,,,,,,,,,,,,,,,,,,,,,,,,,,,,,,128,256.75
1787595420,146.53,146.53,146.46,146.465,147,145.06,,,,,,,,,,,,,,,,,,,,,,,,,,,,,,,,,,,,,,,,,,,,,,,,,,,,874,295.1
1787595480,146.46,146.48,146.42,146.45,147,145.06,,,,,,,,,,,,,,,,,,,,,,,,,,,,,,,,,,,,,,,,,,,,,,,,,,,,450,308.95
1787595540,146.44,146.44,146.39,146.44,147,145.06,,,,,,,,,,,,,,,,,,,,,,,,,,,,,,,,,,,,,,,,,,,,,,,,,,,,941,333.7
1787595600,146.42,146.42,146.39,146.39,147,145.06,,,,,,,,,,,,,,,,,,,,,,,,,,,,,,,,,,,,,,,,,,,,,,,,,,,,66,336.95
1787595660,146.4,146.4,146.395,146.395,147,145.06,,,,,,,,,,,,,,,,,,,,,,,,,,,,,,,,,,,,,,,,,,,,,,,,,,,,115,338.7
1787595720,146.41,146.41,146.36,146.36,147,145.06,,,,,,,,,,,,,,,,,,,,,,,,,,,,,,,,,,,,,,,,,,,,,,,,,,,,477,347.65
1787595780,146.4,146.4,146.38,146.38,147,145.06,,,,,,,,,,,,,,,,,,,,,,,,,,,,,,,,,,,,,,,,,,,,,,,,,,,,9,323.4
1787595840,146.41,146.41,146.39,146.39,147,145.06,,,,,,,,,,,,,,,,,,,,,,,,,,,,,,,,,,,,,,,,,,,,,,,,,,,,208,318.2
1787595960,146.45,146.48,146.4,146.48,147,145.06,,,,,,,,,,,,,,,,,,,,,,,,,,,,,,,,,,,,,,,,,,,,,,,,,,,,160,320.5
1787596020,146.49,146.52,146.49,146.52,147,145.06,,,,,,,,,,,,,,,,,,,,,,,,,,,,,,,,,,,,,,,,,,,,,,,,,,,,143,313.75
1787596080,146.51,146.51,146.48,146.48,147,145.06,,,,,,,,,,,,,,,,,,,,,,,,,,,,,,,,,,,,,,,,,,,,,,,,,,,,37,284.45
1787596140,146.51,146.51,146.48,146.48,147,145.06,,,,,,,,,,,,,,,,,,,,,,,,,,,,,,,,,,,,,,,,,,,,,,,,,,,,490,295.15
1787596200,146.57,146.59,146.52,146.52,147,145.06,,,,,,,,,,,,,,,,,,,,,,,,,,,,,,,,,,,,,,,,,,,,,,,,,,,,178,289.05
1787596260,146.51,146.51,146.465,146.48,147,145.06,,,,,,,,,,,,,,,,,,,,,,,,,,,,,,,,,,,,,,,,,,,,,,,,,,,,932,304.95
1787596320,146.45,146.45,146.42,146.45,147,145.06,,,,,,,,,,,,,,,,,,,,,,,,,,,,,,,,,,,,,,,,,,,,,,,,,,,,296,319.05
1787596380,146.5,146.55,146.5,146.53,147,145.06,,,,,,,,,,,,,,,,,,,,,,,,,,,,,,,,,,,,,,,,,,,,,,,,,,,,367,332.15
1787596440,146.56,146.56,146.56,146.56,147,145.06,,,,,,,,,,,,,,,,,,,,,,,,,,,,,,,,,,,,,,,,,,,,,,,,,,,,8,321.75
1787596500,146.55,146.55,146.5,146.5,147,145.06,,,,,,,,,,,,,,,,,,,,,,,,,,,,,,,,,,,,,,,,,,,,,,,,,,,,749,345.95
1787596560,146.51,146.53,146.45,146.45,147,145.06,,,,,,,,,,,,,,,,,,,,,,,,,,,,,,,,,,,,,,,,,,,,,,,,,,,,658,364.3
1787596620,146.44,146.47,146.44,146.47,147,145.06,,,,,,,,,,,,,,,,,,,,,,,,,,,,,,,,,,,,,,,,,,,,,,,,,,,,552,385.5
1787596680,146.46,146.46,146.46,146.46,147,145.06,,,,,,,,,,,,,,,,,,,,,,,,,,,,,,,,,,,,,,,,,,,,,,,,,,,,57,344.65
1787596740,146.43,146.45,146.41,146.45,147,145.06,,,,,,,,,,,,,,,,,,,,,,,,,,,,,,,,,,,,,,,,,,,,,,,,,,,,819,363.1
1787596800,146.46,146.46,146.45,146.45,147,145.06,,,,,,,,,,,,,,,,,,,,,,,,,,,,,,,,,,,,,,,,,,,,,,,,,,,,8,316.45
1787596860,146.43,146.46,146.42,146.46,147,145.06,,,,,,,,,,,,,,,,,,,,,,,,,,,,,,,,,,,,,,,,,,,,,,,,,,,,380,332.15
1787596920,146.44,146.45,146.43,146.43,147,145.06,,,,,,,,,,,,,,,,,,,,,,,,,,,,,,,,,,,,,,,,,,,,,,,,,,,,172,335
1787596980,146.45,146.45,146.42,146.42,147,145.06,,,,,,,,,,,,,,,,,,,,,,,,,,,,,,,,,,,,,,,,,,,,,,,,,,,,161,319.2
1787597040,146.41,146.42,146.37,146.37,147,145.06,,,,,,,,,,,,,,,,,,,,,,,,,,,,,,,,,,,,,,,,,,,,,,,,,,,,462,341.85
1787597100,146.39,146.39,146.37,146.37,147,145.06,,,,,,,,,,,,,,,,,,,,,,,,,,,,,,,,,,,,,,,,,,,,,,,,,,,,183,340.6
1787597160,146.37,146.38,146.35,146.38,147,145.06,,,,,,,,,,,,,,,,,,,,,,,,,,,,,,,,,,,,,,,,,,,,,,,,,,,,499,357.55
1787597220,146.38,146.4,146.38,146.4,147,145.06,,,,,,,,,,,,,,,,,,,,,,,,,,,,,,,,,,,,,,,,,,,,,,,,,,,,127,356.75
1787597280,146.41,146.41,146.38,146.38,147,145.06,,,,,,,,,,,,,,,,,,,,,,,,,,,,,,,,,,,,,,,,,,,,,,,,,,,,598,384.8
1787597340,146.37,146.38,146.31,146.31,147,145.06,,,,,,,,,,,,,,,,,,,,,,,,,,,,,,,,,,,,,,,,,,,,,,,,,,,,527,386.65
1787597400,146.32,146.34,146.32,146.33,147,145.06,,,,,,,,,,,,,,,,,,,,,,,,,,,,,,,,,,,,,,,,,,,,,,,,,,,,205,388
1787597460,146.31,146.33,146.31,146.33,147,145.06,,,,,,,,,,,,,,,,,,,,,,,,,,,,,,,,,,,,,,,,,,,,,,,,,,,,151,348.95
1787597520,146.34,146.35,146.31,146.33,147,145.06,,,,,,,,,,,,,,,,,,,,,,,,,,,,,,,,,,,,,,,,,,,,,,,,,,,,452,356.75
1787597580,146.34,146.35,146.34,146.35,147,145.06,,,,,,,,,,,,,,,,,,,,,,,,,,,,,,,,,,,,,,,,,,,,,,,,,,,,180,347.4
1787597640,146.4,146.44,146.4,146.41,147,145.06,,,,,,,,,,,,,,,,,,,,,,,,,,,,,,,,,,,,,,,,,,,,,,,,,,,,315,362.75
1787597700,146.425,146.425,146.39,146.395,147,145.06,,,,,,,,,,,,,,,,,,,,,,,,,,,,,,,,,,,,,,,,,,,,,,,,,,,,500,350.3
1787597760,146.41,146.42,146.395,146.42,147,145.06,,,,,,,,,,,,,,,,,,,,,,,,,,,,,,,,,,,,,,,,,,,,,,,,,,,,485,341.65
1787597820,146.42,146.49,146.42,146.46,147,145.06,,,,,,,,,,,,,,,,,,,,,,,,,,,,,,,,,,,,,,,,,,,,,,,,,,,,1287,378.4
1787597880,146.46,146.47,146.46,146.46,147,145.06,,,,,,,,,,,,,,,,,,,,,,,,,,,,,,,,,,,,,,,,,,,,,,,,,,,,92,380.15
1787597940,146.45,146.49,146.45,146.49,147,145.06,,,,,,,,,,,,,,,,,,,,,,,,,,,,,,,,,,,,,,,,,,,,,,,,,,,,430,360.7
1787598000,146.5,146.54,146.5,146.5,147,145.06,,,,,,,,,,,,,,,,,,,,,,,,,,,,,,,,,,,,,,,,,,,,,,,,,,,,292,374.9
1787598060,146.48,146.48,146.38,146.38,147,145.06,,,,,,,,,,,,,,,,,,,,,,,,,,,,,,,,,,,,,,,,,,,,,,,,,,,,249,368.35
1787598120,146.33,146.33,146.3,146.3,147,145.06,,,,,,,,,,,,,,,,,,,,,,,,,,,,,,,,,,,,,,,,,,,,,,,,,,,,146,367.05
1787598180,146.32,146.42,146.31,146.42,147,145.06,,,,,,,,,,,,,,,,,,,,,,,,,,,,,,,,,,,,,,,,,,,,,,,,,,,,531,385.55
1787598240,146.41,146.43,146.4,146.43,147,145.06,,,,,,,,,,,,,,,,,,,,,,,,,,,,,,,,,,,,,,,,,,,,,,,,,,,,209,372.9
1787598300,146.42,146.42,146.35,146.35,147,145.06,,,,,,,,,,,,,,,,,,,,,,,,,,,,,,,,,,,,,,,,,,,,,,,,,,,,232,375.35
1787598360,146.36,146.39,146.36,146.39,147,145.06,,,,,,,,,,,,,,,,,,,,,,,,,,,,,,,,,,,,,,,,,,,,,,,,,,,,119,356.35
1787598420,146.46,146.46,146.41,146.41,147,145.06,,,,,,,,,,,,,,,,,,,,,,,,,,,,,,,,,,,,,,,,,,,,,,,,,,,,258,362.9
1787598480,146.43,146.43,146.43,146.43,147,145.06,,,,,,,,,,,,,,,,,,,,,,,,,,,,,,,,,,,,,,,,,,,,,,,,,,,,208,343.4
1787598540,146.42,146.48,146.36,146.36,147,145.06,,,,,,,,,,,,,,,,,,,,,,,,,,,,,,,,,,,,,,,,,,,,,,,,,,,,718,352.95
1787598600,146.37,146.39,146.32,146.39,147,145.06,,,,,,,,,,,,,,,,,,,,,,,,,,,,,,,,,,,,,,,,,,,,,,,,,,,,383,361.85
1787598660,146.4,146.47,146.4,146.44,147,145.06,,,,,,,,,,,,,,,,,,,,,,,,,,,,,,,,,,,,,,,,,,,,,,,,,,,,207,364.65
1787598720,146.42,146.43,146.33,146.36,147,145.06,,,,,,,,,,,,,,,,,,,,,,,,,,,,,,,,,,,,,,,,,,,,,,,,,,,,867,385.4
1787598780,146.34,146.36,146.32,146.34,147,145.06,,,,,,,,,,,,,,,,,,,,,,,,,,,,,,,,,,,,,,,,,,,,,,,,,,,,519,402.35
1787598840,146.32,146.32,146.275,146.275,147,145.06,,,,,,,,,,,,,,,,,,,,,,,,,,,,,,,,,,,,,,,,,,,,,,,,,,,,109,392.05
1787598900,146.3,146.31,146.3,146.31,147,145.06,,,,,,,,,,,,,,,,,,,,,,,,,,,,,,,,,,,,,,,,,,,,,,,,,,,,504,392.25
1787598960,146.33,146.37,146.3,146.33,147,145.06,,,,,,,,,,,,,,,,,,,,,,,,,,,,,,,,,,,,,,,,,,,,,,,,,,,,378,386.9
1787599020,146.35,146.38,146.35,146.36,147,145.06,,,,,,,,,,,,,,,,,,,,,,,,,,,,,,,,,,,,,,,,,,,,,,,,,,,,479,346.5
1787599080,146.35,146.35,146.32,146.32,147,145.06,,,,,,,,,,,,,,,,,,,,,,,,,,,,,,,,,,,,,,,,,,,,,,,,,,,,252,354.5
1787599140,146.33,146.34,146.31,146.31,147,145.06,,,,,,,,,,,,,,,,,,,,,,,,,,,,,,,,,,,,,,,,,,,,,,,,,,,,311,348.55
1787599200,146.33,146.38,146.33,146.36,147,145.06,,,,,,,,,,,,,,,,,,,,,,,,,,,,,,,,,,,,,,,,,,,,,,,,,,,,364,352.15
1787599260,146.35,146.35,146.29,146.3,147,145.06,,,,,,,,,,,,,,,,,,,,,,,,,,,,,,,,,,,,,,,,,,,,,,,,,,,,915,385.45
1787599320,146.3,146.3,146.28,146.28,147,145.06,,,,,,,,,,,,,,,,,,,,,,,,,,,,,,,,,,,,,,,,,,,,,,,,,,,,49,380.6
1787599380,146.28,146.29,146.25,146.28,147,145.06,,,,,,,,,,,,,,,,,,,,,,,,,,,,,,,,,,,,,,,,,,,,,,,,,,,,455,376.8
1787599440,146.3,146.36,146.3,146.36,147,145.06,,,,,,,,,,,,,,,,,,,,,,,,,,,,,,,,,,,,,,,,,,,,,,,,,,,,176,375.15
1787599500,146.35,146.36,146.32,146.36,147,145.06,,,,,,,,,,,,,,,,,,,,,,,,,,,,,,,,,,,,,,,,,,,,,,,,,,,,270,377.05
1787599560,146.35,146.35,146.25,146.25,147,145.06,,,,,,,,,,,,,,,,,,,,,,,,,,,,,,,,,,,,,,,,,,,,,,,,,,,,429,392.55
1787599620,146.23,146.23,146.14,146.15,147,145.06,,,,,,,,,,,,,,,,,,,,,,,,,,,,,,,,,,,,,,,,,,,,,,,,,,,,934,426.35
1787599680,146.14,146.14,146.14,146.14,147,145.06,,,,,,,,,,,,,,,,,,,,,,,,,,,,,,,,,,,,,,,,,,,,,,,,,,,,112,421.55
1787599740,146.15,146.22,146.15,146.2,147,145.06,,,,,,,,,,,,,,,,,,,,,,,,,,,,,,,,,,,,,,,,,,,,,,,,,,,,143,392.8
1787599800,146.22,146.3,146.135,146.3,147,145.06,,,,,,,,,,,,,,,,,,,,,,,,,,,,,,,,,,,,,,,,,,,,,,,,,,,,641,405.7
1787599860,146.33,146.33,146.29,146.29,147,145.06,,,,,,,,,,,,,,,,,,,,,,,,,,,,,,,,,,,,,,,,,,,,,,,,,,,,457,418.2
1787599920,146.3,146.32,146.27,146.31,147,145.06,,,,,,,,,,,,,,,,,,,,,,,,,,,,,,,,,,,,,,,,,,,,,,,,,,,,540,401.85
1787599980,146.4,146.4,146.38,146.38,147,145.06,,,,,,,,,,,,,,,,,,,,,,,,,,,,,,,,,,,,,,,,,,,,,,,,,,,,360,393.9
1787600040,146.36,146.4,146.36,146.39,147,145.06,,,,,,,,,,,,,,,,,,,,,,,,,,,,,,,,,,,,,,,,,,,,,,,,,,,,537,415.3
1787600100,146.39,146.43,146.38,146.4,147,145.06,,,,,,,,,,,,,,,,,,,,,,,,,,,,,,,,,,,,,,,,,,,,,,,,,,,,621,421.15
1787600160,146.4,146.51,146.37,146.51,147,145.06,,,,,,,,,,,,,,,,,,,,,,,,,,,,,,,,,,,,,,,,,,,,,,,,,,,,785,441.5
1787600220,146.51,146.52,146.44,146.44,147,145.06,,,,,,,,,,,,,,,,,,,,,,,,,,,,,,,,,,,,,,,,,,,,,,,,,,,,1031,469.1
1787600280,146.405,146.41,146.4,146.4,147,145.06,,,,,,,,,,,,,,,,,,,,,,,,,,,,,,,,,,,,,,,,,,,,,,,,,,,,355,474.25
1787600340,146.39,146.44,146.385,146.44,147,145.06,,,,,,,,,,,,,,,,,,,,,,,,,,,,,,,,,,,,,,,,,,,,,,,,,,,,317,474.55
1787600400,146.45,146.48,146.43,146.48,147,145.06,,,,,,,,,,,,,,,,,,,,,,,,,,,,,,,,,,,,,,,,,,,,,,,,,,,,682,490.45
1787600460,146.485,146.54,146.47,146.52,147,145.06,,,,,,,,,,,,,,,,,,,,,,,,,,,,,,,,,,,,,,,,,,,,,,,,,,,,378,463.6
1787600520,146.48,146.51,146.455,146.51,147,145.06,,,,,,,,,,,,,,,,,,,,,,,,,,,,,,,,,,,,,,,,,,,,,,,,,,,,1303,526.3
1787600580,146.55,146.56,146.52,146.54,147,145.06,,,,,,,,,,,,,,,,,,,,,,,,,,,,,,,,,,,,,,,,,,,,,,,,,,,,921,549.6
1787600640,146.52,146.52,146.49,146.5,147,145.06,,,,,,,,,,,,,,,,,,,,,,,,,,,,,,,,,,,,,,,,,,,,,,,,,,,,484,565
1787600700,146.49,146.51,146.42,146.42,147,145.06,,,,,,,,,,,,,,,,,,,,,,,,,,,,,,,,,,,,,,,,,,,,,,,,,,,,231,563.05
1787600760,146.44,146.46,146.405,146.41,147,145.06,,,,,,,,,,,,,,,,,,,,,,,,,,,,,,,,,,,,,,,,,,,,,,,,,,,,559,569.55
1787600820,146.415,146.44,146.38,146.38,147,145.06,,,,,,,,,,,,,,,,,,,,,,,,,,,,,,,,,,,,,,,,,,,,,,,,,,,,1180,581.85
1787600880,146.45,146.45,146.42,146.43,147,145.06,,,,,,,,,,,,,,,,,,,,,,,,,,,,,,,,,,,,,,,,,,,,,,,,,,,,381,595.3
1787600940,146.48,146.51,146.48,146.5,147,145.06,,,,,,,,,,,,,,,,,,,,,,,,,,,,,,,,,,,,,,,,,,,,,,,,,,,,553,615.8
1787601000,146.47,146.68,146.47,146.53,147,145.06,,,,,,,,,,,,,,,,,,,,,,,,,,,,,,,,,,,,,,,,,,,,,,,,,,,,5066,837.05
1787601060,146.54,146.55,146.43,146.44,147,145.06,,,,,,,,,,,,,,,,,,,,,,,,,,,,,,,,,,,,,,,,,,,,,,,,,,,,1191,873.75
1787601120,146.44,146.57,146.42,146.54,147,145.06,,,,,,,,,,,,,,,,,,,,,,,,,,,,,,,,,,,,,,,,,,,,,,,,,,,,3555,1024.5
1787601180,146.56,146.645,146.54,146.63,147,145.06,,,,,,,,,,,,,,,,,,,,,,,,,,,,,,,,,,,,,,,,,,,,,,,,,,,,2401,1126.55
1787601240,146.6,146.7,146.36,146.39,147,145.06,,,,,,,,,,,,,,,,,,,,,,,,,,,,,,,,,,,,,,,,,,,,,,,,,,,,5767,1388.05
1787601300,146.39,146.79,146.37,146.67,147,145.06,,,,,,,,,,,,,,,,,,,,,,,,,,,,,,,,,,,,,,,,,,,,,,,,,,,,4391,1576.55
1787601360,146.65,146.68,146.59,146.66,147,145.06,,,,,,,,,,,,,,,,,,,,,,,,,,,,,,,,,,,,,,,,,,,,,,,,,,,,2074,1641
1787601420,146.66,146.74,146.66,146.71,147,145.06,,,,,,,,,,,,,,,,,,,,,,,,,,,,,,,,,,,,,,,,,,,,,,,,,,,,2261,1702.5
1787601480,146.71,146.72,146.66,146.7,147,145.06,,,,,,,,,,,,,,,,,,,,,,,,,,,,,,,,,,,,,,,,,,,,,,,,,,,,4439,1906.7
1787601540,146.72,146.835,146.68,146.72,147,145.06,,,,,,,,,,,,,,,,,,,,,,,,,,,,,,,,,,,,,,,,,,,,,,,,,,,,9531,2367.4
1787664600,146.695,146.695,146.2,146.5,146.695,146.2,,,,,,,,,,,,,,,,,,,,,,,,,,,,,,,,,,,,,,,,,,,,,,,,,,,,2986,2482.6
1787664660,146.5,147.01,146.34,147.01,147.01,146.2,,,,,,,,,,,,,,,,,,,,,,,,,,,,,,,,,,,,,,,,,,,,,,,,,,,,1515,2539.45
1787664720,147.03,147.5,147.03,147.5,147.5,146.2,,,,,,,,,,,,,,,,,,,,,,,,,,,,,,,,,,,,,,,,,,,,,,,,,,,,399,2494.25
1787664780,147.5,147.63,147.295,147.295,147.63,146.2,,,,,,,,,,,,,,,,,,,,,,,,,,,,,,,,,,,,,,,,,,,,,,,,,,,,750,2485.7
1787664840,147.21,147.36,147.135,147.31,147.63,146.2,,,,,,,,,,,,,,,,,,,,,,,,,,,,,,,,,,,,,,,,,,,,,,,,,,,,326,2477.8
1787664900,147.27,147.27,146.95,146.95,147.63,146.2,,,,,,,,,,,,,,,,,,,,,,,,,,,,,,,,,,,,,,,,,,,,,,,,,,,,876,2510.05
1787664960,146.98,147.11,146.89,147.09,147.63,146.2,,,,,,,,,,,,,,,,,,,,,,,,,,,,,,,,,,,,,,,,,,,,,,,,,,,,330,2498.6
1787665020,147.18,147.18,146.9,146.96,147.63,146.2,,,,,,,,,,,,,,,,,,,,,,,,,,,,,,,,,,,,,,,,,,,,,,,,,,,,1306,2504.9
1787665080,146.98,147.21,146.81,146.82,147.63,146.2,,,,,,,,,,,,,,,,,,,,,,,,,,,,,,,,,,,,,,,,,,,,,,,,,,,,964,2534.05
1787665140,147.13,147.59,147.13,147.48,147.63,146.2,,,,,,,,,,,,,,,,,,,,,,,,,,,,,,,,,,,,,,,,,,,,,,,,,,,,2495,2631.15
1787665200,147.36,147.36,147.25,147.29,147.63,146.2,,,,,,,,,,,,,,,,,,,,,,,,,,,,,,,,,,,,,,,,,,,,,,,,,,,,163,2386
1787665260,147.29,147.29,146.98,146.98,147.63,146.2,,,,,,,,,,,,,,,,,,,,,,,,,,,,,,,,,,,,,,,,,,,,,,,,,,,,1190,2385.95
1787665320,146.96,146.98,146.465,146.47,147.63,146.2,,,,,,,,,,,,,,,,,,,,,,,,,,,,,,,,,,,,,,,,,,,,,,,,,,,,1133,2264.85
1787665380,146.365,146.49,146.33,146.465,147.63,146.2,,,,,,,,,,,,,,,,,,,,,,,,,,,,,,,,,,,,,,,,,,,,,,,,,,,,1040,2196.8
1787665440,146.55,146.55,145.995,145.995,147.63,145.995,,,,,,,,,,,,,,,,,,,,,,,,,,,,,,,,,,,,,,,,,,,,,,,,,,,,605,1938.7
1787665500,146.08,146.54,146.07,146.54,147.63,145.995,,,,,,,,,,,,,,,,,,,,,,,,,,,,,,,,,,,,,,,,,,,,,,,,,,,,687,1753.5
1787665560,146.61,146.61,146.45,146.46,147.63,145.995,,,,,,,,,,,,,,,,,,,,,,,,,,,,,,,,,,,,,,,,,,,,,,,,,,,,636,1681.6
1787665620,146.49,146.49,146.38,146.38,147.63,145.995,,,,,,,,,,,,,,,,,,,,,,,,,,,,,,,,,,,,,,,,,,,,,,,,,,,,509,1594
1787665680,146.55,146.55,146.44,146.48,147.63,145.995,,,,,,,,,,,,,,,,,,,,,,,,,,,,,,,,,,,,,,,,,,,,,,,,,,,,264,1385.25
1787665740,146.54,146.6,146.26,146.26,147.63,145.995,,,,,,,,,,,,,,,,,,,,,,,,,,,,,,,,,,,,,,,,,,,,,,,,,,,,2864,1051.9
1787665800,146.23,146.23,145.79,145.92,147.63,145.995,,,,,,,,,,,,,,,,,,,,,,,,,,,,,,,,,,,,,,,,,,,,,,,,,,,,2343,1019.75
1787665860,145.9,146.05,145.86,145.99,147.63,145.995,,,,,,,,,,,,,,,,,,,,,,,,,,,,,,,,,,,,,,,,,,,,,,,,,,,,775,982.75
1787665920,145.92,145.92,145.6,145.69,147.63,145.995,,,,,,,,,,,,,,,,,,,,,,,,,,,,,,,,,,,,,,,,,,,,,,,,,,,,804,1003
1787665980,145.78,145.92,145.76,145.81,147.63,145.995,,,,,,,,,,,,,,,,,,,,,,,,,,,,,,,,,,,,,,,,,,,,,,,,,,,,1299,1030.45
1787666040,145.9,146.06,145.86,146.06,147.63,145.995,,,,,,,,,,,,,,,,,,,,,,,,,,,,,,,,,,,,,,,,,,,,,,,,,,,,1081,1068.2
1787666100,146.025,146.25,146.025,146.25,147.63,145.995,,,,,,,,,,,,,,,,,,,,,,,,,,,,,,,,,,,,,,,,,,,,,,,,,,,,395,1044.15
1787666160,146.3,146.3,146.3,146.3,147.63,145.995,,,,,,,,,,,,,,,,,,,,,,,,,,,,,,,,,,,,,,,,,,,,,,,,,,,,220,1038.65
1787666220,146.615,146.8,146.6,146.8,147.63,145.995,,,,,,,,,,,,,,,,,,,,,,,,,,,,,,,,,,,,,,,,,,,,,,,,,,,,249,985.8
1787666280,146.87,146.87,146.62,146.62,147.63,145.995,,,,,,,,,,,,,,,,,,,,,,,,,,,,,,,,,,,,,,,,,,,,,,,,,,,,157,945.45
1787666340,146.64,146.7,146.64,146.7,147.63,145.995,,,,,,,,,,,,,,,,,,,,,,,,,,,,,,,,,,,,,,,,,,,,,,,,,,,,27,822.05
1787666400,146.71,146.89,146.68,146.83,147.63,145.995,,,,,,,,,,,,,,,,,,,,,,,,,,,,,,,,,,,,,,,,,,,,,,,,,,,,751,851.45
1787666460,146.83,146.95,146.83,146.95,147.63,145.995,,,,,,,,,,,,,,,,,,,,,,,,,,,,,,,,,,,,,,,,,,,,,,,,,,,,106,797.25
1787666520,147,147.03,146.7,146.71,147.63,145.995,,,,,,,,,,,,,,,,,,,,,,,,,,,,,,,,,,,,,,,,,,,,,,,,,,,,1259,803.55
1787666580,146.84,146.85,146.63,146.75,147.63,145.995,,,,,,,,,,,,,,,,,,,,,,,,,,,,,,,,,,,,,,,,,,,,,,,,,,,,411,772.1
1787666640,146.85,146.955,146.85,146.85,147.63,145.995,,,,,,,,,,,,,,,,,,,,,,,,,,,,,,,,,,,,,,,,,,,,,,,,,,,,1808,832.25
1787666700,146.84,146.92,146.8,146.8,147.63,145.995,,,,,,,,,,,,,,,,,,,,,,,,,,,,,,,,,,,,,,,,,,,,,,,,,,,,1241,859.95
1787666760,146.78,146.8,146.64,146.75,147.63,145.995,,,,,,,,,,,,,,,,,,,,,,,,,,,,,,,,,,,,,,,,,,,,,,,,,,,,2720,964.15
1787666820,146.88,147.07,146.88,147.07,147.63,145.995,,,,,,,,,,,,,,,,,,,,,,,,,,,,,,,,,,,,,,,,,,,,,,,,,,,,3,938.85
1787666880,146.95,146.95,146.71,146.71,147.63,145.995,,,,,,,,,,,,,,,,,,,,,,,,,,,,,,,,,,,,,,,,,,,,,,,,,,,,1284,989.85
1787666940,146.63,146.66,146.58,146.58,147.63,145.995,,,,,,,,,,,,,,,,,,,,,,,,,,,,,,,,,,,,,,,,,,,,,,,,,,,,689,881.1
1787667000,146.48,146.48,146.33,146.38,147.63,145.995,,,,,,,,,,,,,,,,,,,,,,,,,,,,,,,,,,,,,,,,,,,,,,,,,,,,755,801.7
1787667060,146.43,146.435,146.11,146.11,147.63,145.995,,,,,,,,,,,,,,,,,,,,,,,,,,,,,,,,,,,,,,,,,,,,,,,,,,,,857,805.8
1787667120,146.14,146.23,146.135,146.23,147.63,145.995,,,,,,,,,,,,,,,,,,,,,,,,,,,,,,,,,,,,,,,,,,,,,,,,,,,,200,775.6
1787667180,146.15,146.37,146.09,146.37,147.63,145.995,,,,,,,,,,,,,,,,,,,,,,,,,,,,,,,,,,,,,,,,,,,,,,,,,,,,738,747.55
1787667240,146.33,146.39,146.26,146.39,147.63,145.995,,,,,,,,,,,,,,,,,,,,,,,,,,,,,,,,,,,,,,,,,,,,,,,,,,,,293,708.15
1787667300,146.44,146.44,146.23,146.28,147.63,145.995,,,,,,,,,,,,,,,,,,,,,,,,,,,,,,,,,,,,,,,,,,,,,,,,,,,,326,704.7
1787667360,146.36,146.48,146.36,146.48,147.63,145.995,,,,,,,,,,,,,,,,,,,,,,,,,,,,,,,,,,,,,,,,,,,,,,,,,,,,246,706
1787667420,146.45,146.91,146.45,146.91,147.63,145.995,,,,,,,,,,,,,,,,,,,,,,,,,,,,,,,,,,,,,,,,,,,,,,,,,,,,87,697.9
1787667480,146.94,146.94,146.87,146.87,147.63,145.995,,,,,,,,,,,,,,,,,,,,,,,,,,,,,,,,,,,,,,,,,,,,,,,,,,,,108,695.45
1787667540,147,147.06,147,147.03,147.63,145.995,,,,,,,,,,,,,,,,,,,,,,,,,,,,,,,,,,,,,,,,,,,,,,,,,,,,63,697.25
1787667600,147.05,147.05,147.03,147.05,147.63,145.995,,,,,,,,,,,,,,,,,,,,,,,,,,,,,,,,,,,,,,,,,,,,,,,,,,,,162,667.8
1787667660,147.02,147.28,147.02,147.28,147.63,145.995,,,,,,,,,,,,,,,,,,,,,,,,,,,,,,,,,,,,,,,,,,,,,,,,,,,,445,684.75
1787667720,147.36,147.44,147.25,147.44,147.63,145.995,,,,,,,,,,,,,,,,,,,,,,,,,,,,,,,,,,,,,,,,,,,,,,,,,,,,3144,779
1787667780,147.46,147.6,147.46,147.52,147.63,145.995,,,,,,,,,,,,,,,,,,,,,,,,,,,,,,,,,,,,,,,,,,,,,,,,,,,,476,782.25
1787667840,147.62,147.74,147.62,147.67,147.63,145.995,,,,,,,,,,,,,,,,,,,,,,,,,,,,,,,,,,,,,,,,,,,,,,,,,,,,285,706.1
1787667900,147.63,147.63,147.57,147.6,147.63,145.995,,,,,,,,,,,,,,,,,,,,,,,,,,,,,,,,,,,,,,,,,,,,,,,,,,,,664,677.25
1787667960,147.66,147.82,147.66,147.74,147.63,145.995,,,,,,,,,,,,,,,,,,,,,,,,,,,,,,,,,,,,,,,,,,,,,,,,,,,,471,564.8
1787668020,147.85,147.92,147.85,147.92,147.63,145.995,,,,,,,,,,,,,,,,,,,,,,,,,,,,,,,,,,,,,,,,,,,,,,,,,,,,482,588.75
1787668080,147.84,147.96,147.84,147.935,147.63,145.995,,,,,,,,,,,,,,,,,,,,,,,,,,,,,,,,,,,,,,,,,,,,,,,,,,,,385,543.8
1787668140,147.92,148,147.87,147.87,147.63,145.995,,,,,,,,,,,,,,,,,,,,,,,,,,,,,,,,,,,,,,,,,,,,,,,,,,,,1995,609.1
1787668200,147.98,148.04,147.57,147.67,147.63,145.995,,,,,,,,,,,,,,,,,,,,,,,,,,,,,,,,,,,,,,,,,,,,,,,,,,,,5612,851.95
1787668260,147.79,147.79,147.65,147.65,147.63,145.995,,,,,,,,,,,,,,,,,,,,,,,,,,,,,,,,,,,,,,,,,,,,,,,,,,,,407,829.45
1787668320,147.64,147.64,147.54,147.58,147.63,145.995,,,,,,,,,,,,,,,,,,,,,,,,,,,,,,,,,,,,,,,,,,,,,,,,,,,,296,834.25
1787668380,147.66,147.69,147.59,147.685,147.63,145.995,,,,,,,,,,,,,,,,,,,,,,,,,,,,,,,,,,,,,,,,,,,,,,,,,,,,717,833.2
1787668440,147.8,147.815,147.6,147.65,147.63,145.995,,,,,,,,,,,,,,,,,,,,,,,,,,,,,,,,,,,,,,,,,,,,,,,,,,,,3368,986.95
1787668500,147.62,147.73,147.58,147.73,147.63,145.995,,,,,,,,,,,,,,,,,,,,,,,,,,,,,,,,,,,,,,,,,,,,,,,,,,,,451,993.2
1787668560,147.66,147.72,147.54,147.54,147.63,145.995,,,,,,,,,,,,,,,,,,,,,,,,,,,,,,,,,,,,,,,,,,,,,,,,,,,,2318,1096.8
1787668620,147.52,147.54,147.46,147.46,147.63,145.995,,,,,,,,,,,,,,,,,,,,,,,,,,,,,,,,,,,,,,,,,,,,,,,,,,,,637,1124.3
1787668680,147.46,147.46,147.34,147.37,147.63,145.995,,,,,,,,,,,,,,,,,,,,,,,,,,,,,,,,,,,,,,,,,,,,,,,,,,,,1192,1178.5
1787668740,147.465,147.465,147.28,147.35,147.63,145.995,,,,,,,,,,,,,,,,,,,,,,,,,,,,,,,,,,,,,,,,,,,,,,,,,,,,900,1220.35
1787668800,147.35,147.54,147.35,147.48,147.63,145.995,,,,,,,,,,,,,,,,,,,,,,,,,,,,,,,,,,,,,,,,,,,,,,,,,,,,408,1232.65
1787668860,147.49,147.49,147.42,147.42,147.63,145.995,,,,,,,,,,,,,,,,,,,,,,,,,,,,,,,,,,,,,,,,,,,,,,,,,,,,758,1248.3
1787668920,147.34,147.38,147.29,147.29,147.63,145.995,,,,,,,,,,,,,,,,,,,,,,,,,,,,,,,,,,,,,,,,,,,,,,,,,,,,587,1120.45
1787668980,147.32,147.42,147.3,147.32,147.63,145.995,,,,,,,,,,,,,,,,,,,,,,,,,,,,,,,,,,,,,,,,,,,,,,,,,,,,493,1121.3
1787669040,147.32,147.32,147.28,147.28,147.63,145.995,,,,,,,,,,,,,,,,,,,,,,,,,,,,,,,,,,,,,,,,,,,,,,,,,,,,209,1117.5
1787669100,147.28,147.32,147.23,147.32,147.63,145.995,,,,,,,,,,,,,,,,,,,,,,,,,,,,,,,,,,,,,,,,,,,,,,,,,,,,360,1102.3
1787669160,147.22,147.32,147.22,147.29,147.63,145.995,,,,,,,,,,,,,,,,,,,,,,,,,,,,,,,,,,,,,,,,,,,,,,,,,,,,594,1108.45
1787669220,147.32,147.35,147.31,147.34,147.63,145.995,,,,,,,,,,,,,,,,,,,,,,,,,,,,,,,,,,,,,,,,,,,,,,,,,,,,240,1096.35
1787669280,147.32,147.35,147.27,147.32,147.63,145.995,,,,,,,,,,,,,,,,,,,,,,,,,,,,,,,,,,,,,,,,,,,,,,,,,,,,821,1118.15
1787669340,147.34,147.4,147.34,147.4,147.63,145.995,,,,,,,,,,,,,,,,,,,,,,,,,,,,,,,,,,,,,,,,,,,,,,,,,,,,1142,1075.5
1787669400,147.4,147.49,147.4,147.44,147.63,145.995,,,,,,,,,,,,,,,,,,,,,,,,,,,,,,,,,,,,,,,,,,,,,,,,,,,,714,830.6
1787669460,147.42,147.43,147.36,147.36,147.63,145.995,,,,,,,,,,,,,,,,,,,,,,,,,,,,,,,,,,,,,,,,,,,,,,,,,,,,714,845.95
1787669520,147.35,147.46,147.35,147.42,147.63,145.995,,,,,,,,,,,,,,,,,,,,,,,,,,,,,,,,,,,,,,,,,,,,,,,,,,,,217,842
1787669580,147.51,147.65,147.51,147.65,147.63,145.995,,,,,,,,,,,,,,,,,,,,,,,,,,,,,,,,,,,,,,,,,,,,,,,,,,,,482,830.25
1787669640,147.66,147.72,147.66,147.72,147.63,145.995,,,,,,,,,,,,,,,,,,,,,,,,,,,,,,,,,,,,,,,,,,,,,,,,,,,,18,662.75
1787669700,147.81,147.82,147.78,147.78,147.63,145.995,,,,,,,,,,,,,,,,,,,,,,,,,,,,,,,,,,,,,,,,,,,,,,,,,,,,1113,695.85
1787669760,147.775,147.775,147.72,147.72,147.63,145.995,,,,,,,,,,,,,,,,,,,,,,,,,,,,,,,,,,,,,,,,,,,,,,,,,,,,353,597.6
1787669820,147.77,147.81,147.77,147.81,147.63,145.995,,,,,,,,,,,,,,,,,,,,,,,,,,,,,,,,,,,,,,,,,,,,,,,,,,,,133,572.4
1787669880,147.81,147.81,147.76,147.78,147.63,145.995,,,,,,,,,,,,,,,,,,,,,,,,,,,,,,,,,,,,,,,,,,,,,,,,,,,,1242,574.9
1787669940,147.76,147.79,147.72,147.72,147.63,145.995,,,,,,,,,,,,,,,,,,,,,,,,,,,,,,,,,,,,,,,,,,,,,,,,,,,,893,574.55
1787670000,147.76,147.79,147.76,147.79,147.63,145.995,,,,,,,,,,,,,,,,,,,,,,,,,,,,,,,,,,,,,,,,,,,,,,,,,,,,146,561.45
1787670060,147.77,147.78,147.73,147.73,147.63,145.995,,,,,,,,,,,,,,,,,,,,,,,,,,,,,,,,,,,,,,,,,,,,,,,,,,,,1111,579.1
1787670120,147.75,147.79,147.75,147.76,147.63,145.995,,,,,,,,,,,,,,,,,,,,,,,,,,,,,,,,,,,,,,,,,,,,,,,,,,,,280,563.75
1787670180,147.8,147.84,147.79,147.79,147.63,145.995,,,,,,,,,,,,,,,,,,,,,,,,,,,,,,,,,,,,,,,,,,,,,,,,,,,,385,558.35
1787670240,147.84,147.93,147.84,147.915,147.63,145.995,,,,,,,,,,,,,,,,,,,,,,,,,,,,,,,,,,,,,,,,,,,,,,,,,,,,85,552.15
1787670300,147.92,148,147.87,147.89,147.63,145.995,,,,,,,,,,,,,,,,,,,,,,,,,,,,,,,,,,,,,,,,,,,,,,,,,,,,1532,610.75
1787670360,147.96,147.97,147.96,147.97,147.63,145.995,,,,,,,,,,,,,,,,,,,,,,,,,,,,,,,,,,,,,,,,,,,,,,,,,,,,151,588.6
1787670420,147.94,148.07,147.93,148.04,147.63,145.995,,,,,,,,,,,,,,,,,,,,,,,,,,,,,,,,,,,,,,,,,,,,,,,,,,,,3260,739.6
1787670480,148.03,148.03,148.02,148.02,147.63,145.995,,,,,,,,,,,,,,,,,,,,,,,,,,,,,,,,,,,,,,,,,,,,,,,,,,,,405,718.8
1787670540,147.99,148,147.9,147.91,147.63,145.995,,,,,,,,,,,,,,,,,,,,,,,,,,,,,,,,,,,,,,,,,,,,,,,,,,,,1223,722.85
1787670600,147.88,147.88,147.75,147.75,147.63,145.995,,,,,,,,,,,,,,,,,,,,,,,,,,,,,,,,,,,,,,,,,,,,,,,,,,,,408,707.55
1787670660,147.83,147.84,147.79,147.84,147.63,145.995,,,,,,,,,,,,,,,,,,,,,,,,,,,,,,,,,,,,,,,,,,,,,,,,,,,,304,687.05
1787670720,147.84,147.86,147.8,147.81,147.63,145.995,,,,,,,,,,,,,,,,,,,,,,,,,,,,,,,,,,,,,,,,,,,,,,,,,,,,697,711.05
1787670780,147.79,147.83,147.79,147.83,147.63,145.995,,,,,,,,,,,,,,,,,,,,,,,,,,,,,,,,,,,,,,,,,,,,,,,,,,,,144,694.15
1787670840,147.89,147.89,147.76,147.76,147.63,145.995,,,,,,,,,,,,,,,,,,,,,,,,,,,,,,,,,,,,,,,,,,,,,,,,,,,,705,728.5
1787670900,147.78,147.82,147.78,147.82,147.63,145.995,,,,,,,,,,,,,,,,,,,,,,,,,,,,,,,,,,,,,,,,,,,,,,,,,,,,528,699.25
1787670960,147.85,147.85,147.85,147.85,147.63,145.995,,,,,,,,,,,,,,,,,,,,,,,,,,,,,,,,,,,,,,,,,,,,,,,,,,,,100,686.6
1787671020,147.86,147.88,147.86,147.87,147.63,145.995,,,,,,,,,,,,,,,,,,,,,,,,,,,,,,,,,,,,,,,,,,,,,,,,,,,,443,702.1
1787671080,147.85,147.92,147.85,147.9,147.63,145.995,,,,,,,,,,,,,,,,,,,,,,,,,,,,,,,,,,,,,,,,,,,,,,,,,,,,3012,790.6
1787671140,147.92,147.92,147.92,147.92,147.63,145.995,,,,,,,,,,,,,,,,,,,,,,,,,,,,,,,,,,,,,,,,,,,,,,,,,,,,101,751
1787671200,147.93,147.94,147.89,147.94,147.63,145.995,,,,,,,,,,,,,,,,,,,,,,,,,,,,,,,,,,,,,,,,,,,,,,,,,,,,243,755.85
1787671260,147.97,148.03,147.97,148.01,147.63,145.995,,,,,,,,,,,,,,,,,,,,,,,,,,,,,,,,,,,,,,,,,,,,,,,,,,,,385,719.55
1787671320,147.98,148.005,147.955,148.005,147.63,145.995,,,,,,,,,,,,,,,,,,,,,,,,,,,,,,,,,,,,,,,,,,,,,,,,,,,,17,706.4
1787671380,147.97,148.03,147.97,147.98,147.63,145.995,,,,,,,,,,,,,,,,,,,,,,,,,,,,,,,,,,,,,,,,,,,,,,,,,,,,466,710.45
1787671440,148.02,148.145,148.02,148.145,147.63,145.995,,,,,,,,,,,,,,,,,,,,,,,,,,,,,,,,,,,,,,,,,,,,,,,,,,,,450,728.7
1787671500,148.11,148.11,148.09,148.09,147.63,145.995,,,,,,,,,,,,,,,,,,,,,,,,,,,,,,,,,,,,,,,,,,,,,,,,,,,,246,664.4
1787671560,148.075,148.1,148.07,148.08,147.63,145.995,,,,,,,,,,,,,,,,,,,,,,,,,,,,,,,,,,,,,,,,,,,,,,,,,,,,655,689.6
1787671620,148.06,148.1,148.05,148.1,147.63,145.995,,,,,,,,,,,,,,,,,,,,,,,,,,,,,,,,,,,,,,,,,,,,,,,,,,,,377,545.45
1787671680,148.1,148.17,148.1,148.16,147.63,145.995,,,,,,,,,,,,,,,,,,,,,,,,,,,,,,,,,,,,,,,,,,,,,,,,,,,,93,529.85
1787671740,148.09,148.09,148.04,148.04,147.63,145.995,,,,,,,,,,,,,,,,,,,,,,,,,,,,,,,,,,,,,,,,,,,,,,,,,,,,265,481.95
1787671800,148.11,148.14,148.11,148.14,147.63,145.995,,,,,,,,,,,,,,,,,,,,,,,,,,,,,,,,,,,,,,,,,,,,,,,,,,,,1115,517.3
1787671860,148.13,148.17,148.12,148.17,147.63,145.995,,,,,,,,,,,,,,,,,,,,,,,,,,,,,,,,,,,,,,,,,,,,,,,,,,,,218,513
1787671920,148.17,148.24,148.15,148.24,147.63,145.995,,,,,,,,,,,,,,,,,,,,,,,,,,,,,,,,,,,,,,,,,,,,,,,,,,,,212,488.75
1787671980,148.19,148.19,148.135,148.16,147.63,145.995,,,,,,,,,,,,,,,,,,,,,,,,,,,,,,,,,,,,,,,,,,,,,,,,,,,,521,507.6
1787672040,148.12,148.13,148.06,148.06,147.63,145.995,,,,,,,,,,,,,,,,,,,,,,,,,,,,,,,,,,,,,,,,,,,,,,,,,,,,1602,552.45
1787672100,147.975,148.02,147.975,147.99,147.63,145.995,,,,,,,,,,,,,,,,,,,,,,,,,,,,,,,,,,,,,,,,,,,,,,,,,,,,487,550.4
1787672160,148.01,148.01,148,148.01,147.63,145.995,,,,,,,,,,,,,,,,,,,,,,,,,,,,,,,,,,,,,,,,,,,,,,,,,,,,202,555.5
1787672220,147.99,147.99,147.81,147.81,147.63,145.995,,,,,,,,,,,,,,,,,,,,,,,,,,,,,,,,,,,,,,,,,,,,,,,,,,,,1985,632.6
1787672280,147.87,147.885,147.77,147.77,147.63,145.995,,,,,,,,,,,,,,,,,,,,,,,,,,,,,,,,,,,,,,,,,,,,,,,,,,,,473,505.65
1787672340,147.77,147.87,147.77,147.87,147.63,145.995,,,,,,,,,,,,,,,,,,,,,,,,,,,,,,,,,,,,,,,,,,,,,,,,,,,,66,503.9
1787672400,147.89,148.02,147.89,147.93,147.63,145.995,,,,,,,,,,,,,,,,,,,,,,,,,,,,,,,,,,,,,,,,,,,,,,,,,,,,849,534.2
1787672460,147.89,147.91,147.82,147.86,147.63,145.995,,,,,,,,,,,,,,,,,,,,,,,,,,,,,,,,,,,,,,,,,,,,,,,,,,,,465,538.2
1787672520,147.8,147.86,147.77,147.86,147.63,145.995,,,,,,,,,,,,,,,,,,,,,,,,,,,,,,,,,,,,,,,,,,,,,,,,,,,,415,558.1
1787672580,147.82,147.82,147.67,147.67,147.63,145.995,,,,,,,,,,,,,,,,,,,,,,,,,,,,,,,,,,,,,,,,,,,,,,,,,,,,473,558.45
1787672640,147.68,147.7,147.68,147.7,147.63,145.995,,,,,,,,,,,,,,,,,,,,,,,,,,,,,,,,,,,,,,,,,,,,,,,,,,,,2,536.05
1787672700,147.76,147.76,147.72,147.72,147.63,145.995,,,,,,,,,,,,,,,,,,,,,,,,,,,,,,,,,,,,,,,,,,,,,,,,,,,,127,530.1
1787672760,147.67,147.67,147.58,147.58,147.63,145.995,,,,,,,,,,,,,,,,,,,,,,,,,,,,,,,,,,,,,,,,,,,,,,,,,,,,132,503.95
1787672820,147.61,147.61,147.55,147.55,147.63,145.995,,,,,,,,,,,,,,,,,,,,,,,,,,,,,,,,,,,,,,,,,,,,,,,,,,,,386,504.4
1787672880,147.55,147.55,147.48,147.48,147.63,145.995,,,,,,,,,,,,,,,,,,,,,,,,,,,,,,,,,,,,,,,,,,,,,,,,,,,,180,508.75
1787672940,147.525,147.61,147.525,147.61,147.63,145.995,,,,,,,,,,,,,,,,,,,,,,,,,,,,,,,,,,,,,,,,,,,,,,,,,,,,145,502.75
1787673000,147.62,147.62,147.54,147.54,147.63,145.995,,,,,,,,,,,,,,,,,,,,,,,,,,,,,,,,,,,,,,,,,,,,,,,,,,,,373,465.65
1787673060,147.57,147.57,147.45,147.45,147.63,145.995,,,,,,,,,,,,,,,,,,,,,,,,,,,,,,,,,,,,,,,,,,,,,,,,,,,,129,461.2
1787673120,147.42,147.44,147.405,147.44,147.63,145.995,,,,,,,,,,,,,,,,,,,,,,,,,,,,,,,,,,,,,,,,,,,,,,,,,,,,316,466.4
1787673180,147.435,147.66,147.435,147.66,147.63,145.995,,,,,,,,,,,,,,,,,,,,,,,,,,,,,,,,,,,,,,,,,,,,,,,,,,,,612,470.95
1787673240,147.72,147.755,147.67,147.67,147.63,145.995,,,,,,,,,,,,,,,,,,,,,,,,,,,,,,,,,,,,,,,,,,,,,,,,,,,,789,430.3
1787673300,147.665,147.76,147.665,147.76,147.63,145.995,,,,,,,,,,,,,,,,,,,,,,,,,,,,,,,,,,,,,,,,,,,,,,,,,,,,300,420.95
1787673360,147.74,147.74,147.51,147.51,147.63,145.995,,,,,,,,,,,,,,,,,,,,,,,,,,,,,,,,,,,,,,,,,,,,,,,,,,,,1417,481.7
1787673420,147.58,147.58,147.565,147.565,147.63,145.995,,,,,,,,,,,,,,,,,,,,,,,,,,,,,,,,,,,,,,,,,,,,,,,,,,,,170,390.95
1787673480,147.56,147.56,147.52,147.52,147.63,145.995,,,,,,,,,,,,,,,,,,,,,,,,,,,,,,,,,,,,,,,,,,,,,,,,,,,,122,373.4
1787673540,147.5,147.5,147.48,147.49,147.63,145.995,,,,,,,,,,,,,,,,,,,,,,,,,,,,,,,,,,,,,,,,,,,,,,,,,,,,152,377.7
1787673600,147.505,147.56,147.44,147.44,147.63,145.995,,,,,,,,,,,,,,,,,,,,,,,,,,,,,,,,,,,,,,,,,,,,,,,,,,,,1065,388.5
1787673660,147.45,147.455,147.45,147.455,147.63,145.995,,,,,,,,,,,,,,,,,,,,,,,,,,,,,,,,,,,,,,,,,,,,,,,,,,,,123,371.4
1787673720,147.45,147.46,147.42,147.42,147.63,145.995,,,,,,,,,,,,,,,,,,,,,,,,,,,,,,,,,,,,,,,,,,,,,,,,,,,,109,356.1
1787673780,147.47,147.5,147.47,147.5,147.63,145.995,,,,,,,,,,,,,,,,,,,,,,,,,,,,,,,,,,,,,,,,,,,,,,,,,,,,133,339.1
1787673840,147.43,147.43,147.4,147.4,147.63,145.995,,,,,,,,,,,,,,,,,,,,,,,,,,,,,,,,,,,,,,,,,,,,,,,,,,,,411,359.55
1787673900,147.43,147.47,147.43,147.47,147.63,145.995,,,,,,,,,,,,,,,,,,,,,,,,,,,,,,,,,,,,,,,,,,,,,,,,,,,,91,357.75
1787673960,147.42,147.51,147.42,147.51,147.63,145.995,,,,,,,,,,,,,,,,,,,,,,,,,,,,,,,,,,,,,,,,,,,,,,,,,,,,321,367.2
1787674020,147.48,147.48,147.42,147.48,147.63,145.995,,,,,,,,,,,,,,,,,,,,,,,,,,,,,,,,,,,,,,,,,,,,,,,,,,,,643,380.05
1787674080,147.52,147.55,147.49,147.5,147.63,145.995,,,,,,,,,,,,,,,,,,,,,,,,,,,,,,,,,,,,,,,,,,,,,,,,,,,,229,382.5
1787674140,147.49,147.51,147.49,147.51,147.63,145.995,,,,,,,,,,,,,,,,,,,,,,,,,,,,,,,,,,,,,,,,,,,,,,,,,,,,71,378.8
1787674200,147.55,147.7,147.51,147.66,147.63,145.995,,,,,,,,,,,,,,,,,,,,,,,,,,,,,,,,,,,,,,,,,,,,,,,,,,,,328,376.55
1787674260,147.65,147.71,147.65,147.71,147.63,145.995,,,,,,,,,,,,,,,,,,,,,,,,,,,,,,,,,,,,,,,,,,,,,,,,,,,,13,370.75
1787674320,147.65,147.675,147.65,147.675,147.63,145.995,,,,,,,,,,,,,,,,,,,,,,,,,,,,,,,,,,,,,,,,,,,,,,,,,,,,101,360
1787674380,147.73,147.82,147.72,147.78,147.63,145.995,,,,,,,,,,,,,,,,,,,,,,,,,,,,,,,,,,,,,,,,,,,,,,,,,,,,412,350
1787674500,147.81,147.81,147.76,147.76,147.63,145.995,,,,,,,,,,,,,,,,,,,,,,,,,,,,,,,,,,,,,,,,,,,,,,,,,,,,578,339.45
1787674560,147.75,147.79,147.75,147.75,147.63,145.995,,,,,,,,,,,,,,,,,,,,,,,,,,,,,,,,,,,,,,,,,,,,,,,,,,,,501,349.5
1787674620,147.75,147.75,147.75,147.75,147.63,145.995,,,,,,,,,,,,,,,,,,,,,,,,,,,,,,,,,,,,,,,,,,,,,,,,,,,,300,293.65
1787674680,147.76,147.76,147.76,147.76,147.63,145.995,,,,,,,,,,,,,,,,,,,,,,,,,,,,,,,,,,,,,,,,,,,,,,,,,,,,5,285.4
1787674740,147.76,147.8,147.76,147.8,147.63,145.995,,,,,,,,,,,,,,,,,,,,,,,,,,,,,,,,,,,,,,,,,,,,,,,,,,,,162,287.4
1787674800,147.83,147.87,147.77,147.77,147.63,145.995,,,,,,,,,,,,,,,,,,,,,,,,,,,,,,,,,,,,,,,,,,,,,,,,,,,,1047,332.15
1787674980,147.75,147.76,147.75,147.76,147.63,145.995,,,,,,,,,,,,,,,,,,,,,,,,,,,,,,,,,,,,,,,,,,,,,,,,,,,,39,280.85
1787675040,147.75,147.75,147.71,147.72,147.63,145.995,,,,,,,,,,,,,,,,,,,,,,,,,,,,,,,,,,,,,,,,,,,,,,,,,,,,414,295.4
1787675100,147.69,147.695,147.69,147.695,147.63,145.995,,,,,,,,,,,,,,,,,,,,,,,,,,,,,,,,,,,,,,,,,,,,,,,,,,,,101,295
1787675160,147.67,147.68,147.67,147.68,147.63,145.995,,,,,,,,,,,,,,,,,,,,,,,,,,,,,,,,,,,,,,,,,,,,,,,,,,,,150,295.85
1787675220,147.68,147.68,147.65,147.65,147.63,145.995,,,,,,,,,,,,,,,,,,,,,,,,,,,,,,,,,,,,,,,,,,,,,,,,,,,,46,277.6
1787675280,147.64,147.69,147.64,147.69,147.63,145.995,,,,,,,,,,,,,,,,,,,,,,,,,,,,,,,,,,,,,,,,,,,,,,,,,,,,430,294.55
1787675340,147.67,147.73,147.66,147.73,147.63,145.995,,,,,,,,,,,,,,,,,,,,,,,,,,,,,,,,,,,,,,,,,,,,,,,,,,,,752,316.1
1787675400,147.74,147.8,147.74,147.8,147.63,145.995,,,,,,,,,,,,,,,,,,,,,,,,,,,,,,,,,,,,,,,,,,,,,,,,,,,,206,294.25
1787675460,147.82,147.86,147.81,147.86,147.63,145.995,,,,,,,,,,,,,,,,,,,,,,,,,,,,,,,,,,,,,,,,,,,,,,,,,,,,109,288.25
1787675520,147.84,147.84,147.84,147.84,147.63,145.995,,,,,,,,,,,,,,,,,,,,,,,,,,,,,,,,,,,,,,,,,,,,,,,,,,,,100,289.7
1787675580,147.86,147.89,147.85,147.85,147.63,145.995,,,,,,,,,,,,,,,,,,,,,,,,,,,,,,,,,,,,,,,,,,,,,,,,,,,,18,274.2
1787675640,147.86,148,147.86,148,147.63,145.995,,,,,,,,,,,,,,,,,,,,,,,,,,,,,,,,,,,,,,,,,,,,,,,,,,,,980,322.55
1787675700,148,148.04,148,148,147.63,145.995,,,,,,,,,,,,,,,,,,,,,,,,,,,,,,,,,,,,,,,,,,,,,,,,,,,,620,348.5
1787675760,148.03,148.11,148.03,148.11,147.63,145.995,,,,,,,,,,,,,,,,,,,,,,,,,,,,,,,,,,,,,,,,,,,,,,,,,,,,8,328.3
1787675820,148.07,148.165,148.07,148.13,147.63,145.995,,,,,,,,,,,,,,,,,,,,,,,,,,,,,,,,,,,,,,,,,,,,,,,,,,,,238,311.3
1787675880,148.13,148.2,148.11,148.2,147.63,145.995,,,,,,,,,,,,,,,,,,,,,,,,,,,,,,,,,,,,,,,,,,,,,,,,,,,,518,312.15
1787675940,148.2,148.22,148.11,148.11,147.63,145.995,,,,,,,,,,,,,,,,,,,,,,,,,,,,,,,,,,,,,,,,,,,,,,,,,,,,472,320.75
1787676000,148.15,148.15,148.09,148.09,147.63,145.995,,,,,,,,,,,,,,,,,,,,,,,,,,,,,,,,,,,,,,,,,,,,,,,,,,,,316,336.3
1787676060,148.115,148.17,148.115,148.17,147.63,145.995,,,,,,,,,,,,,,,,,,,,,,,,,,,,,,,,,,,,,,,,,,,,,,,,,,,,103,333.35
1787676120,148.2,148.2,148.2,148.2,147.63,145.995,,,,,,,,,,,,,,,,,,,,,,,,,,,,,,,,,,,,,,,,,,,,,,,,,,,,2,281.1
1787676180,148.18,148.24,148.18,148.22,147.63,145.995,,,,,,,,,,,,,,,,,,,,,,,,,,,,,,,,,,,,,,,,,,,,,,,,,,,,309,294.6
1787676240,148.23,148.26,148.2,148.26,147.63,145.995,,,,,,,,,,,,,,,,,,,,,,,,,,,,,,,,,,,,,,,,,,,,,,,,,,,,275,287.65
1787676300,148.24,148.24,148.09,148.09,147.63,145.995,,,,,,,,,,,,,,,,,,,,,,,,,,,,,,,,,,,,,,,,,,,,,,,,,,,,621,313.65
1787676360,148.11,148.12,148.06,148.06,147.63,145.995,,,,,,,,,,,,,,,,,,,,,,,,,,,,,,,,,,,,,,,,,,,,,,,,,,,,144,313.35
1787676420,148.075,148.075,148.05,148.075,147.63,145.995,,,,,,,,,,,,,,,,,,,,,,,,,,,,,,,,,,,,,,,,,,,,,,,,,,,,305,326.3
1787676480,148.09,148.095,148.05,148.08,147.63,145.995,,,,,,,,,,,,,,,,,,,,,,,,,,,,,,,,,,,,,,,,,,,,,,,,,,,,1369,373.25
1787676540,148.11,148.15,148.06,148.06,147.63,145.995,,,,,,,,,,,,,,,,,,,,,,,,,,,,,,,,,,,,,,,,,,,,,,,,,,,,123,341.8
1787676600,148.09,148.09,148.09,148.09,147.63,145.995,,,,,,,,,,,,,,,,,,,,,,,,,,,,,,,,,,,,,,,,,,,,,,,,,,,,12,332.1
1787676660,148.1,148.12,148.1,148.12,147.63,145.995,,,,,,,,,,,,,,,,,,,,,,,,,,,,,,,,,,,,,,,,,,,,,,,,,,,,12,327.25
1787676720,148.09,148.09,148.01,148.01,147.63,145.995,,,,,,,,,,,,,,,,,,,,,,,,,,,,,,,,,,,,,,,,,,,,,,,,,,,,757,360.1
1787676780,148.03,148.03,148.03,148.03,147.63,145.995,,,,,,,,,,,,,,,,,,,,,,,,,,,,,,,,,,,,,,,,,,,,,,,,,,,,200,369.2
1787676840,148.04,148.04,147.98,147.98,147.63,145.995,,,,,,,,,,,,,,,,,,,,,,,,,,,,,,,,,,,,,,,,,,,,,,,,,,,,558,348.1
1787676900,147.96,147.975,147.96,147.975,147.63,145.995,,,,,,,,,,,,,,,,,,,,,,,,,,,,,,,,,,,,,,,,,,,,,,,,,,,,309,332.55
1787676960,147.95,147.95,147.92,147.94,147.63,145.995,,,,,,,,,,,,,,,,,,,,,,,,,,,,,,,,,,,,,,,,,,,,,,,,,,,,453,354.8
1787677020,147.915,147.915,147.89,147.89,147.63,145.995,,,,,,,,,,,,,,,,,,,,,,,,,,,,,,,,,,,,,,,,,,,,,,,,,,,,170,351.4
1787677080,147.89,147.89,147.8,147.81,147.63,145.995,,,,,,,,,,,,,,,,,,,,,,,,,,,,,,,,,,,,,,,,,,,,,,,,,,,,850,368
1787677140,147.76,147.84,147.76,147.84,147.63,145.995,,,,,,,,,,,,,,,,,,,,,,,,,,,,,,,,,,,,,,,,,,,,,,,,,,,,33,346.05
1787677200,147.8,147.8,147.8,147.8,147.63,145.995,,,,,,,,,,,,,,,,,,,,,,,,,,,,,,,,,,,,,,,,,,,,,,,,,,,,5,330.5
1787677260,147.78,147.8,147.63,147.63,147.63,145.995,,,,,,,,,,,,,,,,,,,,,,,,,,,,,,,,,,,,,,,,,,,,,,,,,,,,1535,402.1
1787677320,147.55,147.63,147.55,147.58,147.63,145.995,,,,,,,,,,,,,,,,,,,,,,,,,,,,,,,,,,,,,,,,,,,,,,,,,,,,189,411.45
1787677380,147.62,147.62,147.49,147.49,147.63,145.995,,,,,,,,,,,,,,,,,,,,,,,,,,,,,,,,,,,,,,,,,,,,,,,,,,,,566,424.3
1787677440,147.5,147.55,147.5,147.55,147.63,145.995,,,,,,,,,,,,,,,,,,,,,,,,,,,,,,,,,,,,,,,,,,,,,,,,,,,,13,411.2
1787677500,147.54,147.54,147.42,147.45,147.63,145.995,,,,,,,,,,,,,,,,,,,,,,,,,,,,,,,,,,,,,,,,,,,,,,,,,,,,725,416.4
1787677560,147.46,147.48,147.44,147.46,147.63,145.995,,,,,,,,,,,,,,,,,,,,,,,,,,,,,,,,,,,,,,,,,,,,,,,,,,,,142,416.3
1787677620,147.48,147.48,147.42,147.42,147.63,145.995,,,,,,,,,,,,,,,,,,,,,,,,,,,,,,,,,,,,,,,,,,,,,,,,,,,,149,408.5
1787677680,147.45,147.51,147.45,147.48,147.63,145.995,,,,,,,,,,,,,,,,,,,,,,,,,,,,,,,,,,,,,,,,,,,,,,,,,,,,123,346.2
1787677740,147.52,147.52,147.52,147.52,147.63,145.995,,,,,,,,,,,,,,,,,,,,,,,,,,,,,,,,,,,,,,,,,,,,,,,,,,,,1,340.1
1787677800,147.52,147.6,147.52,147.6,147.63,145.995,,,,,,,,,,,,,,,,,,,,,,,,,,,,,,,,,,,,,,,,,,,,,,,,,,,,536,366.3
1787677860,147.59,147.63,147.59,147.63,147.63,145.995,,,,,,,,,,,,,,,,,,,,,,,,,,,,,,,,,,,,,,,,,,,,,,,,,,,,110,371.2
1787677920,147.61,147.61,147.57,147.57,147.63,145.995,,,,,,,,,,,,,,,,,,,,,,,,,,,,,,,,,,,,,,,,,,,,,,,,,,,,631,364.9
1787677980,147.62,147.62,147.62,147.62,147.63,145.995,,,,,,,,,,,,,,,,,,,,,,,,,,,,,,,,,,,,,,,,,,,,,,,,,,,,152,362.5
1787678040,147.6,147.6,147.59,147.59,147.63,145.995,,,,,,,,,,,,,,,,,,,,,,,,,,,,,,,,,,,,,,,,,,,,,,,,,,,,7,334.95
1787678100,147.64,147.76,147.64,147.76,147.63,145.995,,,,,,,,,,,,,,,,,,,,,,,,,,,,,,,,,,,,,,,,,,,,,,,,,,,,555,347.25
1787678160,147.79,147.79,147.77,147.78,147.63,145.995,,,,,,,,,,,,,,,,,,,,,,,,,,,,,,,,,,,,,,,,,,,,,,,,,,,,51,327.15
1787678220,147.75,147.75,147.69,147.71,147.63,145.995,,,,,,,,,,,,,,,,,,,,,,,,,,,,,,,,,,,,,,,,,,,,,,,,,,,,832,360.25
1787678280,147.74,147.75,147.72,147.735,147.63,145.995,,,,,,,,,,,,,,,,,,,,,,,,,,,,,,,,,,,,,,,,,,,,,,,,,,,,382,336.85
1787678340,147.72,147.77,147.72,147.77,147.63,145.995,,,,,,,,,,,,,,,,,,,,,,,,,,,,,,,,,,,,,,,,,,,,,,,,,,,,109,340.65
1787678400,147.79,147.79,147.79,147.79,147.63,145.995,,,,,,,,,,,,,,,,,,,,,,,,,,,,,,,,,,,,,,,,,,,,,,,,,,,,50,342.9
1787678460,147.76,147.76,147.76,147.76,147.63,145.995,,,,,,,,,,,,,,,,,,,,,,,,,,,,,,,,,,,,,,,,,,,,,,,,,,,,454,288.85
1787678520,147.74,147.74,147.74,147.74,147.63,145.995,,,,,,,,,,,,,,,,,,,,,,,,,,,,,,,,,,,,,,,,,,,,,,,,,,,,104,284.6
1787678580,147.73,147.78,147.72,147.755,147.63,145.995,,,,,,,,,,,,,,,,,,,,,,,,,,,,,,,,,,,,,,,,,,,,,,,,,,,,471,279.85
1787678640,147.75,147.75,147.75,147.75,147.63,145.995,,,,,,,,,,,,,,,,,,,,,,,,,,,,,,,,,,,,,,,,,,,,,,,,,,,,200,289.2
1787678700,147.76,147.8,147.76,147.78,147.63,145.995,,,,,,,,,,,,,,,,,,,,,,,,,,,,,,,,,,,,,,,,,,,,,,,,,,,,211,263.5
1787678760,147.74,147.74,147.66,147.68,147.63,145.995,,,,,,,,,,,,,,,,,,,,,,,,,,,,,,,,,,,,,,,,,,,,,,,,,,,,180,265.4
1787678820,147.71,147.74,147.71,147.74,147.63,145.995,,,,,,,,,,,,,,,,,,,,,,,,,,,,,,,,,,,,,,,,,,,,,,,,,,,,114,263.65
1787678880,147.725,147.74,147.7,147.74,147.63,145.995,,,,,,,,,,,,,,,,,,,,,,,,,,,,,,,,,,,,,,,,,,,,,,,,,,,,7,257.85
1787678940,147.74,147.85,147.74,147.85,147.63,145.995,,,,,,,,,,,,,,,,,,,,,,,,,,,,,,,,,,,,,,,,,,,,,,,,,,,,266,271.1
1787679000,147.85,147.85,147.8,147.8,147.63,145.995,,,,,,,,,,,,,,,,,,,,,,,,,,,,,,,,,,,,,,,,,,,,,,,,,,,,316,260.1
1787679060,147.78,147.78,147.76,147.76,147.63,145.995,,,,,,,,,,,,,,,,,,,,,,,,,,,,,,,,,,,,,,,,,,,,,,,,,,,,402,274.7
1787679120,147.78,147.84,147.78,147.84,147.63,145.995,,,,,,,,,,,,,,,,,,,,,,,,,,,,,,,,,,,,,,,,,,,,,,,,,,,,171,251.7
1787679180,147.82,147.845,147.82,147.82,147.63,145.995,,,,,,,,,,,,,,,,,,,,,,,,,,,,,,,,,,,,,,,,,,,,,,,,,,,,619,275.05
1787679240,147.825,147.91,147.825,147.91,147.63,145.995,,,,,,,,,,,,,,,,,,,,,,,,,,,,,,,,,,,,,,,,,,,,,,,,,,,,1224,335.9
1787679300,147.96,147.97,147.91,147.97,147.63,145.995,,,,,,,,,,,,,,,,,,,,,,,,,,,,,,,,,,,,,,,,,,,,,,,,,,,,1310,373.65
1787679360,147.94,147.94,147.915,147.915,147.63,145.995,,,,,,,,,,,,,,,,,,,,,,,,,,,,,,,,,,,,,,,,,,,,,,,,,,,,16,371.9
1787679420,147.88,147.91,147.88,147.91,147.63,145.995,,,,,,,,,,,,,,,,,,,,,,,,,,,,,,,,,,,,,,,,,,,,,,,,,,,,210,340.8
1787679480,147.9,147.99,147.9,147.99,147.63,145.995,,,,,,,,,,,,,,,,,,,,,,,,,,,,,,,,,,,,,,,,,,,,,,,,,,,,176,330.5
1787679540,148,148.095,148,148.07,147.63,145.995,,,,,,,,,,,,,,,,,,,,,,,,,,,,,,,,,,,,,,,,,,,,,,,,,,,,606,355.35
1787679600,148.12,148.12,148.12,148.12,147.63,145.995,,,,,,,,,,,,,,,,,,,,,,,,,,,,,,,,,,,,,,,,,,,,,,,,,,,,2,352.95
1787679660,148.14,148.16,148.13,148.16,147.63,145.995,,,,,,,,,,,,,,,,,,,,,,,,,,,,,,,,,,,,,,,,,,,,,,,,,,,,227,341.6
1787679720,148.16,148.16,148.16,148.16,147.63,145.995,,,,,,,,,,,,,,,,,,,,,,,,,,,,,,,,,,,,,,,,,,,,,,,,,,,,100,341.4
1787679780,148.15,148.15,148.14,148.145,147.63,145.995,,,,,,,,,,,,,,,,,,,,,,,,,,,,,,,,,,,,,,,,,,,,,,,,,,,,250,330.35
1787679840,148.155,148.18,148.155,148.18,147.63,145.995,,,,,,,,,,,,,,,,,,,,,,,,,,,,,,,,,,,,,,,,,,,,,,,,,,,,111,325.9
1787679900,148.23,148.23,148.145,148.145,147.63,145.995,,,,,,,,,,,,,,,,,,,,,,,,,,,,,,,,,,,,,,,,,,,,,,,,,,,,517,341.2
1787679960,148.12,148.13,148.1,148.125,147.63,145.995,,,,,,,,,,,,,,,,,,,,,,,,,,,,,,,,,,,,,,,,,,,,,,,,,,,,377,351.05
1787680080,148.14,148.25,148.11,148.25,147.63,145.995,,,,,,,,,,,,,,,,,,,,,,,,,,,,,,,,,,,,,,,,,,,,,,,,,,,,570,373.85
1787680140,148.21,148.29,148.17,148.29,147.63,145.995,,,,,,,,,,,,,,,,,,,,,,,,,,,,,,,,,,,,,,,,,,,,,,,,,,,,649,405.95
1787680200,148.305,148.33,148.29,148.33,147.63,145.995,,,,,,,,,,,,,,,,,,,,,,,,,,,,,,,,,,,,,,,,,,,,,,,,,,,,291,407.2
1787680260,148.47,148.47,148.47,148.47,147.63,145.995,,,,,,,,,,,,,,,,,,,,,,,,,,,,,,,,,,,,,,,,,,,,,,,,,,,,75,395.15
1787680320,148.52,148.58,148.52,148.58,147.63,145.995,,,,,,,,,,,,,,,,,,,,,,,,,,,,,,,,,,,,,,,,,,,,,,,,,,,,60,378.05
1787680380,148.55,148.55,148.55,148.55,147.63,145.995,,,,,,,,,,,,,,,,,,,,,,,,,,,,,,,,,,,,,,,,,,,,,,,,,,,,1737,456.35
1787680440,148.54,148.54,148.54,148.54,147.63,145.995,,,,,,,,,,,,,,,,,,,,,,,,,,,,,,,,,,,,,,,,,,,,,,,,,,,,100,430.4
1787680500,148.63,148.64,148.6,148.6,147.63,145.995,,,,,,,,,,,,,,,,,,,,,,,,,,,,,,,,,,,,,,,,,,,,,,,,,,,,292,383.8
1787680560,148.59,148.59,148.58,148.58,147.63,145.995,,,,,,,,,,,,,,,,,,,,,,,,,,,,,,,,,,,,,,,,,,,,,,,,,,,,206,328.6
1787680620,148.58,148.59,148.52,148.52,147.63,145.995,,,,,,,,,,,,,,,,,,,,,,,,,,,,,,,,,,,,,,,,,,,,,,,,,,,,358,345.7
1787680680,148.53,148.54,148.47,148.47,147.63,145.995,,,,,,,,,,,,,,,,,,,,,,,,,,,,,,,,,,,,,,,,,,,,,,,,,,,,416,356
1787680740,148.47,148.53,148.47,148.53,147.63,145.995,,,,,,,,,,,,,,,,,,,,,,,,,,,,,,,,,,,,,,,,,,,,,,,,,,,,394,366.9
1787680800,148.53,148.59,148.53,148.55,147.63,145.995,,,,,,,,,,,,,,,,,,,,,,,,,,,,,,,,,,,,,,,,,,,,,,,,,,,,850,379.1
1787680860,148.54,148.54,148.39,148.39,147.63,145.995,,,,,,,,,,,,,,,,,,,,,,,,,,,,,,,,,,,,,,,,,,,,,,,,,,,,561,407.05
1787680920,148.41,148.41,148.405,148.405,147.63,145.995,,,,,,,,,,,,,,,,,,,,,,,,,,,,,,,,,,,,,,,,,,,,,,,,,,,,136,402.5
1787680980,148.4,148.46,148.4,148.46,147.63,145.995,,,,,,,,,,,,,,,,,,,,,,,,,,,,,,,,,,,,,,,,,,,,,,,,,,,,36,399.3
1787681040,148.475,148.49,148.475,148.49,147.63,145.995,,,,,,,,,,,,,,,,,,,,,,,,,,,,,,,,,,,,,,,,,,,,,,,,,,,,101,391.85
1787681100,148.55,148.55,148.5,148.5,147.63,145.995,,,,,,,,,,,,,,,,,,,,,,,,,,,,,,,,,,,,,,,,,,,,,,,,,,,,2106,491.6
1787681160,148.51,148.51,148.44,148.44,147.63,145.995,,,,,,,,,,,,,,,,,,,,,,,,,,,,,,,,,,,,,,,,,,,,,,,,,,,,255,478.5
1787681220,148.45,148.46,148.45,148.46,147.63,145.995,,,,,,,,,,,,,,,,,,,,,,,,,,,,,,,,,,,,,,,,,,,,,,,,,,,,6,459.95
1787681280,148.44,148.45,148.42,148.45,147.63,145.995,,,,,,,,,,,,,,,,,,,,,,,,,,,,,,,,,,,,,,,,,,,,,,,,,,,,244,443.65
1787681340,148.43,148.45,148.42,148.45,147.63,145.995,,,,,,,,,,,,,,,,,,,,,,,,,,,,,,,,,,,,,,,,,,,,,,,,,,,,117,417.05
1787681400,148.41,148.41,148.335,148.335,147.63,145.995,,,,,,,,,,,,,,,,,,,,,,,,,,,,,,,,,,,,,,,,,,,,,,,,,,,,732,439.1
1787681460,148.335,148.34,148.33,148.33,147.63,145.995,,,,,,,,,,,,,,,,,,,,,,,,,,,,,,,,,,,,,,,,,,,,,,,,,,,,251,447.9
1787681520,148.32,148.35,148.32,148.35,147.63,145.995,,,,,,,,,,,,,,,,,,,,,,,,,,,,,,,,,,,,,,,,,,,,,,,,,,,,110,450.4
1787681580,148.335,148.335,148.32,148.32,147.63,145.995,,,,,,,,,,,,,,,,,,,,,,,,,,,,,,,,,,,,,,,,,,,,,,,,,,,,113,369.2
1787681640,148.4,148.44,148.4,148.4,147.63,145.995,,,,,,,,,,,,,,,,,,,,,,,,,,,,,,,,,,,,,,,,,,,,,,,,,,,,537,391.05
1787681700,148.42,148.42,148.42,148.42,147.63,145.995,,,,,,,,,,,,,,,,,,,,,,,,,,,,,,,,,,,,,,,,,,,,,,,,,,,,19,377.4
1787681760,148.415,148.5,148.415,148.42,147.63,145.995,,,,,,,,,,,,,,,,,,,,,,,,,,,,,,,,,,,,,,,,,,,,,,,,,,,,1208,427.5
1787681820,148.41,148.41,148.4,148.41,147.63,145.995,,,,,,,,,,,,,,,,,,,,,,,,,,,,,,,,,,,,,,,,,,,,,,,,,,,,14,410.3
1787681880,148.415,148.44,148.41,148.44,147.63,145.995,,,,,,,,,,,,,,,,,,,,,,,,,,,,,,,,,,,,,,,,,,,,,,,,,,,,259,402.45
1787681940,148.46,148.475,148.46,148.475,147.63,145.995,,,,,,,,,,,,,,,,,,,,,,,,,,,,,,,,,,,,,,,,,,,,,,,,,,,,254,395.45
1787682000,148.48,148.48,148.41,148.41,147.63,145.995,,,,,,,,,,,,,,,,,,,,,,,,,,,,,,,,,,,,,,,,,,,,,,,,,,,,838,394.85
1787682120,148.41,148.47,148.41,148.44,147.63,145.995,,,,,,,,,,,,,,,,,,,,,,,,,,,,,,,,,,,,,,,,,,,,,,,,,,,,165,375.05
1787682180,148.46,148.46,148.415,148.45,147.63,145.995,,,,,,,,,,,,,,,,,,,,,,,,,,,,,,,,,,,,,,,,,,,,,,,,,,,,3147,525.6
1787682240,148.47,148.48,148.46,148.47,147.63,145.995,,,,,,,,,,,,,,,,,,,,,,,,,,,,,,,,,,,,,,,,,,,,,,,,,,,,187,533.15
1787682300,148.49,148.495,148.48,148.48,147.63,145.995,,,,,,,,,,,,,,,,,,,,,,,,,,,,,,,,,,,,,,,,,,,,,,,,,,,,347,545.45
1787682360,148.46,148.47,148.46,148.47,147.63,145.995,,,,,,,,,,,,,,,,,,,,,,,,,,,,,,,,,,,,,,,,,,,,,,,,,,,,150,447.65
1787682420,148.49,148.49,148.46,148.46,147.63,145.995,,,,,,,,,,,,,,,,,,,,,,,,,,,,,,,,,,,,,,,,,,,,,,,,,,,,112,440.5
1787682480,148.48,148.49,148.45,148.48,147.63,145.995,,,,,,,,,,,,,,,,,,,,,,,,,,,,,,,,,,,,,,,,,,,,,,,,,,,,262,453.3
1787682600,148.43,148.435,148.43,148.435,147.63,145.995,,,,,,,,,,,,,,,,,,,,,,,,,,,,,,,,,,,,,,,,,,,,,,,,,,,,1939,538.05
1787682660,148.45,148.45,148.405,148.405,147.63,145.995,,,,,,,,,,,,,,,,,,,,,,,,,,,,,,,,,,,,,,,,,,,,,,,,,,,,833,573.85
1787682720,148.4,148.4,148.39,148.4,147.63,145.995,,,,,,,,,,,,,,,,,,,,,,,,,,,,,,,,,,,,,,,,,,,,,,,,,,,,129,543.7
1787682840,148.41,148.42,148.41,148.42,147.63,145.995,,,,,,,,,,,,,,,,,,,,,,,,,,,,,,,,,,,,,,,,,,,,,,,,,,,,561,559.2
1787682900,148.44,148.44,148.36,148.36,147.63,145.995,,,,,,,,,,,,,,,,,,,,,,,,,,,,,,,,,,,,,,,,,,,,,,,,,,,,550,581.2
1787682960,148.36,148.39,148.33,148.33,147.63,145.995,,,,,,,,,,,,,,,,,,,,,,,,,,,,,,,,,,,,,,,,,,,,,,,,,,,,249,588
1787683020,148.33,148.33,148.27,148.31,147.63,145.995,,,,,,,,,,,,,,,,,,,,,,,,,,,,,,,,,,,,,,,,,,,,,,,,,,,,580,590.15
1787683080,148.31,148.31,148.24,148.24,147.63,145.995,,,,,,,,,,,,,,,,,,,,,,,,,,,,,,,,,,,,,,,,,,,,,,,,,,,,215,599.95
1787683140,148.21,148.22,148.18,148.18,147.63,145.995,,,,,,,,,,,,,,,,,,,,,,,,,,,,,,,,,,,,,,,,,,,,,,,,,,,,555,567.3
1787683200,148.185,148.26,148.185,148.25,147.63,145.995,,,,,,,,,,,,,,,,,,,,,,,,,,,,,,,,,,,,,,,,,,,,,,,,,,,,574,595.3
1787683260,148.3,148.32,148.27,148.31,147.63,145.995,,,,,,,,,,,,,,,,,,,,,,,,,,,,,,,,,,,,,,,,,,,,,,,,,,,,21,583.4
1787683320,148.35,148.38,148.32,148.33,147.63,145.995,,,,,,,,,,,,,,,,,,,,,,,,,,,,,,,,,,,,,,,,,,,,,,,,,,,,743,607.85
1787683380,148.4,148.44,148.4,148.41,147.63,145.995,,,,,,,,,,,,,,,,,,,,,,,,,,,,,,,,,,,,,,,,,,,,,,,,,,,,754,603.65
1787683440,148.39,148.44,148.39,148.44,147.63,145.995,,,,,,,,,,,,,,,,,,,,,,,,,,,,,,,,,,,,,,,,,,,,,,,,,,,,276,609.2
1787683500,148.41,148.41,148.4,148.4,147.63,145.995,,,,,,,,,,,,,,,,,,,,,,,,,,,,,,,,,,,,,,,,,,,,,,,,,,,,136,458.65
1787683560,148.45,148.46,148.44,148.45,147.63,145.995,,,,,,,,,,,,,,,,,,,,,,,,,,,,,,,,,,,,,,,,,,,,,,,,,,,,435,471.05
1787683620,148.47,148.47,148.43,148.43,147.63,145.995,,,,,,,,,,,,,,,,,,,,,,,,,,,,,,,,,,,,,,,,,,,,,,,,,,,,1687,538.05
1787683680,148.44,148.44,148.4,148.4,147.63,145.995,,,,,,,,,,,,,,,,,,,,,,,,,,,,,,,,,,,,,,,,,,,,,,,,,,,,117,536.4
1787683740,148.43,148.47,148.43,148.47,147.63,145.995,,,,,,,,,,,,,,,,,,,,,,,,,,,,,,,,,,,,,,,,,,,,,,,,,,,,16,531.6
1787683800,148.46,148.5,148.45,148.5,147.63,145.995,,,,,,,,,,,,,,,,,,,,,,,,,,,,,,,,,,,,,,,,,,,,,,,,,,,,990,568
1787683860,148.51,148.59,148.51,148.59,147.63,145.995,,,,,,,,,,,,,,,,,,,,,,,,,,,,,,,,,,,,,,,,,,,,,,,,,,,,853,513.7
1787683920,148.58,148.58,148.55,148.56,147.63,145.995,,,,,,,,,,,,,,,,,,,,,,,,,,,,,,,,,,,,,,,,,,,,,,,,,,,,1707,557.4
1787683980,148.55,148.55,148.49,148.49,147.63,145.995,,,,,,,,,,,,,,,,,,,,,,,,,,,,,,,,,,,,,,,,,,,,,,,,,,,,11,551.5
1787684040,148.52,148.59,148.52,148.59,147.63,145.995,,,,,,,,,,,,,,,,,,,,,,,,,,,,,,,,,,,,,,,,,,,,,,,,,,,,11,524
1787684100,148.61,148.65,148.61,148.65,147.63,145.995,,,,,,,,,,,,,,,,,,,,,,,,,,,,,,,,,,,,,,,,,,,,,,,,,,,,58,499.4
1787684160,148.69,148.72,148.69,148.72,147.63,145.995,,,,,,,,,,,,,,,,,,,,,,,,,,,,,,,,,,,,,,,,,,,,,,,,,,,,7,487.3
1787684220,148.7,148.7,148.68,148.68,147.63,145.995,,,,,,,,,,,,,,,,,,,,,,,,,,,,,,,,,,,,,,,,,,,,,,,,,,,,367,476.65
1787684280,148.68,148.68,148.63,148.65,147.63,145.995,,,,,,,,,,,,,,,,,,,,,,,,,,,,,,,,,,,,,,,,,,,,,,,,,,,,789,505.35
1787684340,148.625,148.67,148.625,148.67,147.63,145.995,,,,,,,,,,,,,,,,,,,,,,,,,,,,,,,,,,,,,,,,,,,,,,,,,,,,67,480.95
1787684400,148.69,148.69,148.69,148.69,147.63,145.995,,,,,,,,,,,,,,,,,,,,,,,,,,,,,,,,,,,,,,,,,,,,,,,,,,,,40,454.25
1787684460,148.67,148.7,148.65,148.67,147.63,145.995,,,,,,,,,,,,,,,,,,,,,,,,,,,,,,,,,,,,,,,,,,,,,,,,,,,,524,479.4
1787684520,148.66,148.66,148.64,148.64,147.63,145.995,,,,,,,,,,,,,,,,,,,,,,,,,,,,,,,,,,,,,,,,,,,,,,,,,,,,111,447.8
1787684580,148.645,148.65,148.64,148.65,147.63,145.995,,,,,,,,,,,,,,,,,,,,,,,,,,,,,,,,,,,,,,,,,,,,,,,,,,,,300,425.1
1787684640,148.69,148.7,148.69,148.7,147.63,145.995,,,,,,,,,,,,,,,,,,,,,,,,,,,,,,,,,,,,,,,,,,,,,,,,,,,,42,413.4
1787684700,148.73,148.74,148.69,148.69,147.63,145.995,,,,,,,,,,,,,,,,,,,,,,,,,,,,,,,,,,,,,,,,,,,,,,,,,,,,6244,718.8
1787684760,148.685,148.71,148.685,148.7,147.63,145.995,,,,,,,,,,,,,,,,,,,,,,,,,,,,,,,,,,,,,,,,,,,,,,,,,,,,205,707.3
1787684820,148.68,148.68,148.55,148.55,147.63,145.995,,,,,,,,,,,,,,,,,,,,,,,,,,,,,,,,,,,,,,,,,,,,,,,,,,,,427,644.3
1787684880,148.55,148.55,148.51,148.53,147.63,145.995,,,,,,,,,,,,,,,,,,,,,,,,,,,,,,,,,,,,,,,,,,,,,,,,,,,,398,658.35
1787684940,148.52,148.54,148.52,148.54,147.63,145.995,,,,,,,,,,,,,,,,,,,,,,,,,,,,,,,,,,,,,,,,,,,,,,,,,,,,43,659.7
1787685000,148.56,148.57,148.54,148.55,147.63,145.995,,,,,,,,,,,,,,,,,,,,,,,,,,,,,,,,,,,,,,,,,,,,,,,,,,,,652,642.8
1787685060,148.55,148.55,148.525,148.525,147.63,145.995,,,,,,,,,,,,,,,,,,,,,,,,,,,,,,,,,,,,,,,,,,,,,,,,,,,,35,601.9
1787685120,148.58,148.58,148.57,148.57,147.63,145.995,,,,,,,,,,,,,,,,,,,,,,,,,,,,,,,,,,,,,,,,,,,,,,,,,,,,224,527.75
1787685180,148.59,148.66,148.59,148.64,147.63,145.995,,,,,,,,,,,,,,,,,,,,,,,,,,,,,,,,,,,,,,,,,,,,,,,,,,,,94,531.9
1787685240,148.63,148.64,148.61,148.64,147.63,145.995,,,,,,,,,,,,,,,,,,,,,,,,,,,,,,,,,,,,,,,,,,,,,,,,,,,,342,548.45
1787685300,148.625,148.625,148.55,148.55,147.63,145.995,,,,,,,,,,,,,,,,,,,,,,,,,,,,,,,,,,,,,,,,,,,,,,,,,,,,720,581.55
1787685360,148.57,148.57,148.57,148.57,147.63,145.995,,,,,,,,,,,,,,,,,,,,,,,,,,,,,,,,,,,,,,,,,,,,,,,,,,,,36,583
1787685420,148.54,148.54,148.52,148.53,147.63,145.995,,,,,,,,,,,,,,,,,,,,,,,,,,,,,,,,,,,,,,,,,,,,,,,,,,,,182,573.75
1787685480,148.58,148.6,148.57,148.58,147.63,145.995,,,,,,,,,,,,,,,,,,,,,,,,,,,,,,,,,,,,,,,,,,,,,,,,,,,,998,584.2
1787685540,148.63,148.7,148.63,148.7,147.63,145.995,,,,,,,,,,,,,,,,,,,,,,,,,,,,,,,,,,,,,,,,,,,,,,,,,,,,344,598.05
1787685600,148.71,148.75,148.7,148.7,147.63,145.995,,,,,,,,,,,,,,,,,,,,,,,,,,,,,,,,,,,,,,,,,,,,,,,,,,,,7179,955
1787685660,148.72,148.725,148.67,148.67,147.63,145.995,,,,,,,,,,,,,,,,,,,,,,,,,,,,,,,,,,,,,,,,,,,,,,,,,,,,260,941.8
1787685720,148.66,148.66,148.56,148.56,147.63,145.995,,,,,,,,,,,,,,,,,,,,,,,,,,,,,,,,,,,,,,,,,,,,,,,,,,,,564,964.45
1787685780,148.62,148.62,148.6,148.6,147.63,145.995,,,,,,,,,,,,,,,,,,,,,,,,,,,,,,,,,,,,,,,,,,,,,,,,,,,,273,963.1
1787685840,148.6,148.615,148.6,148.61,147.63,145.995,,,,,,,,,,,,,,,,,,,,,,,,,,,,,,,,,,,,,,,,,,,,,,,,,,,,303,976.15
1787685900,148.62,148.66,148.62,148.66,147.63,145.995,,,,,,,,,,,,,,,,,,,,,,,,,,,,,,,,,,,,,,,,,,,,,,,,,,,,666,697.25
1787685960,148.66,148.66,148.62,148.65,147.63,145.995,,,,,,,,,,,,,,,,,,,,,,,,,,,,,,,,,,,,,,,,,,,,,,,,,,,,791,726.55
1787686020,148.64,148.73,148.64,148.73,147.63,145.995,,,,,,,,,,,,,,,,,,,,,,,,,,,,,,,,,,,,,,,,,,,,,,,,,,,,365,723.45
1787686080,148.73,148.73,148.72,148.72,147.63,145.995,,,,,,,,,,,,,,,,,,,,,,,,,,,,,,,,,,,,,,,,,,,,,,,,,,,,93,708.2
1787686140,148.7,148.7,148.62,148.64,147.63,145.995,,,,,,,,,,,,,,,,,,,,,,,,,,,,,,,,,,,,,,,,,,,,,,,,,,,,1092,760.65
1787686200,148.6,148.75,148.6,148.75,147.63,145.995,,,,,,,,,,,,,,,,,,,,,,,,,,,,,,,,,,,,,,,,,,,,,,,,,,,,2964,876.25
1787686260,148.78,148.78,148.66,148.66,147.63,145.995,,,,,,,,,,,,,,,,,,,,,,,,,,,,,,,,,,,,,,,,,,,,,,,,,,,,677,908.35
1787686320,148.68,148.73,148.64,148.68,147.63,145.995,,,,,,,,,,,,,,,,,,,,,,,,,,,,,,,,,,,,,,,,,,,,,,,,,,,,515,922.9
1787686380,148.67,148.67,148.62,148.62,147.63,145.995,,,,,,,,,,,,,,,,,,,,,,,,,,,,,,,,,,,,,,,,,,,,,,,,,,,,493,942.85
1787686440,148.635,148.64,148.58,148.58,147.63,145.995,,,,,,,,,,,,,,,,,,,,,,,,,,,,,,,,,,,,,,,,,,,,,,,,,,,,127,932.1
1787686500,148.57,148.59,148.49,148.49,147.63,145.995,,,,,,,,,,,,,,,,,,,,,,,,,,,,,,,,,,,,,,,,,,,,,,,,,,,,1405,966.35
1787686560,148.51,148.51,148.5,148.5,147.63,145.995,,,,,,,,,,,,,,,,,,,,,,,,,,,,,,,,,,,,,,,,,,,,,,,,,,,,418,985.45
1787686620,148.56,148.6,148.52,148.52,147.63,145.995,,,,,,,,,,,,,,,,,,,,,,,,,,,,,,,,,,,,,,,,,,,,,,,,,,,,840,1018.35
1787686680,148.55,148.56,148.53,148.53,147.63,145.995,,,,,,,,,,,,,,,,,,,,,,,,,,,,,,,,,,,,,,,,,,,,,,,,,,,,4392,1188.05
1787686740,148.52,148.53,148.52,148.53,147.63,145.995,,,,,,,,,,,,,,,,,,,,,,,,,,,,,,,,,,,,,,,,,,,,,,,,,,,,327,1187.2
1787686800,148.61,148.65,148.59,148.65,147.63,145.995,,,,,,,,,,,,,,,,,,,,,,,,,,,,,,,,,,,,,,,,,,,,,,,,,,,,842,870.35
1787686860,148.65,148.695,148.63,148.63,147.63,145.995,,,,,,,,,,,,,,,,,,,,,,,,,,,,,,,,,,,,,,,,,,,,,,,,,,,,467,880.7
1787686920,148.62,148.65,148.62,148.65,147.63,145.995,,,,,,,,,,,,,,,,,,,,,,,,,,,,,,,,,,,,,,,,,,,,,,,,,,,,246,864.8
1787686980,148.65,148.685,148.64,148.685,147.63,145.995,,,,,,,,,,,,,,,,,,,,,,,,,,,,,,,,,,,,,,,,,,,,,,,,,,,,573,879.8
1787687040,148.71,148.76,148.71,148.76,147.63,145.995,,,,,,,,,,,,,,,,,,,,,,,,,,,,,,,,,,,,,,,,,,,,,,,,,,,,255,877.4
1787687100,148.74,148.74,148.66,148.71,147.63,145.995,,,,,,,,,,,,,,,,,,,,,,,,,,,,,,,,,,,,,,,,,,,,,,,,,,,,1990,943.6
1787687160,148.72,148.72,148.67,148.72,147.63,145.995,,,,,,,,,,,,,,,,,,,,,,,,,,,,,,,,,,,,,,,,,,,,,,,,,,,,2884,1048.25
1787687220,148.73,148.74,148.66,148.67,147.63,145.995,,,,,,,,,,,,,,,,,,,,,,,,,,,,,,,,,,,,,,,,,,,,,,,,,,,,739,1066.95
1787687280,148.66,148.72,148.65,148.72,147.63,145.995,,,,,,,,,,,,,,,,,,,,,,,,,,,,,,,,,,,,,,,,,,,,,,,,,,,,445,1084.55
1787687340,148.72,148.82,148.72,148.79,147.63,145.995,,,,,,,,,,,,,,,,,,,,,,,,,,,,,,,,,,,,,,,,,,,,,,,,,,,,5003,1280.1
1787687400,148.77,148.89,148.73,148.89,147.63,145.995,,,,,,,,,,,,,,,,,,,,,,,,,,,,,,,,,,,,,,,,,,,,,,,,,,,,3616,1312.7
1787687460,148.89,148.93,148.83,148.83,147.63,145.995,,,,,,,,,,,,,,,,,,,,,,,,,,,,,,,,,,,,,,,,,,,,,,,,,,,,1318,1344.75
1787687520,148.8,148.8,148.675,148.76,147.63,145.995,,,,,,,,,,,,,,,,,,,,,,,,,,,,,,,,,,,,,,,,,,,,,,,,,,,,6104,1624.2
1787687580,148.78,148.84,148.78,148.8,147.63,145.995,,,,,,,,,,,,,,,,,,,,,,,,,,,,,,,,,,,,,,,,,,,,,,,,,,,,2127,1705.9
1787687640,148.82,148.94,148.78,148.88,147.63,145.995,,,,,,,,,,,,,,,,,,,,,,,,,,,,,,,,,,,,,,,,,,,,,,,,,,,,8683,2133.7
1787687700,148.88,148.91,148.75,148.8,147.63,145.995,,,,,,,,,,,,,,,,,,,,,,,,,,,,,,,,,,,,,,,,,,,,,,,,,,,,8753,2501.1
1787687760,148.78,148.81,148.69,148.81,147.63,145.995,,,,,,,,,,,,,,,,,,,,,,,,,,,,,,,,,,,,,,,,,,,,,,,,,,,,1112,2535.8
1787687820,148.82,148.82,148.69,148.81,147.63,145.995,,,,,,,,,,,,,,,,,,,,,,,,,,,,,,,,,,,,,,,,,,,,,,,,,,,,5762,2781.9
1787687880,148.79,148.79,148.7,148.75,147.63,145.995,,,,,,,,,,,,,,,,,,,,,,,,,,,,,,,,,,,,,,,,,,,,,,,,,,,,17994,3462
1787687940,148.75,148.79,148.71,148.73,147.63,145.995,,,,,,,,,,,,,,,,,,,,,,,,,,,,,,,,,,,,,,,,,,,,,,,,,,,,3817,3636.5