time,open,high,low,close,ORB High,ORB Low,Retest Upper,Retest Lower,EXP_event_flag,EXP_event_id,EXP_direction,EXP_signal_time,EXP_signal_price,EXP_orb_high,EXP_orb_low,EXP_orb_range,EXP_frozen_atr,EXP_signal_mfe_pct,EXP_signal_mae_pct,EXP_primary_outcome,EXP_first_retest_time,EXP_retest_state,EXP_cp5_valid,EXP_cp5_time,EXP_cp5_ref_price,EXP_cp5_sep_atr_pct,EXP_cp5_forward_eligible,EXP_cp5_fwd_mfe_pct,EXP_cp5_fwd_mae_pct,EXP_cp5_outcome,EXP_cp10_valid,EXP_cp10_time,EXP_cp10_ref_price,EXP_cp10_sep_atr_pct,EXP_cp10_forward_eligible,EXP_cp10_fwd_mfe_pct,EXP_cp10_fwd_mae_pct,EXP_cp10_outcome,EXP_cp15_valid,EXP_cp15_time,EXP_cp15_ref_price,EXP_cp15_sep_atr_pct,EXP_cp15_forward_eligible,EXP_cp15_fwd_mfe_pct,EXP_cp15_fwd_mae_pct,EXP_cp15_outcome,EXP_cp30_valid,EXP_cp30_time,EXP_cp30_ref_price,EXP_cp30_sep_atr_pct,EXP_cp30_forward_eligible,EXP_cp30_fwd_mfe_pct,EXP_cp30_fwd_mae_pct,EXP_cp30_outcome,EXP_ratio_10m_15m,EXP_ratio_bucket_parent,EXP_export_row_count,Volume,Volume MA
1786128540,134.85,134.89,134.85,134.86,134.42,132.6,,,,,,,,,,,,,,,,,,,,,,,,,,,,,,,,,,,,,,,,,,,,,,,,,,,,1436,847.8
1786128600,134.87,134.91,134.86,134.91,134.42,132.6,,,,,,,,,,,,,,,,,,,,,,,,,,,,,,,,,,,,,,,,,,,,,,,,,,,,2913,973.4
1786128660,134.945,134.945,134.9,134.9,134.42,132.6,,,,,,,,,,,,,,,,,,,,,,,,,,,,,,,,,,,,,,,,,,,,,,,,,,,,1212,992
1786128720,134.89,134.89,134.865,134.89,134.42,132.6,,,,,,,,,,,,,,,,,,,,,,,,,,,,,,,,,,,,,,,,,,,,,,,,,,,,685,1008.4
1786128780,134.9,134.95,134.9,134.925,134.42,132.6,,,,,,,,,,,,,,,,,,,,,,,,,,,,,,,,,,,,,,,,,,,,,,,,,,,,1215,954.5
1786128840,134.93,134.93,134.89,134.89,134.42,132.6,,,,,,,,,,,,,,,,,,,,,,,,,,,,,,,,,,,,,,,,,,,,,,,,,,,,229,927.75
1786128900,134.9,134.9,134.855,134.86,134.42,132.6,,,,,,,,,,,,,,,,,,,,,,,,,,,,,,,,,,,,,,,,,,,,,,,,,,,,510,924.85
1786128960,134.86,134.87,134.85,134.87,134.42,132.6,,,,,,,,,,,,,,,,,,,,,,,,,,,,,,,,,,,,,,,,,,,,,,,,,,,,975,953.75
1786129020,134.86,134.87,134.85,134.87,134.42,132.6,,,,,,,,,,,,,,,,,,,,,,,,,,,,,,,,,,,,,,,,,,,,,,,,,,,,738,971.6
1786129080,134.865,134.88,134.86,134.87,134.42,132.6,,,,,,,,,,,,,,,,,,,,,,,,,,,,,,,,,,,,,,,,,,,,,,,,,,,,1320,955.25
1786129140,134.86,134.91,134.85,134.89,134.42,132.6,,,,,,,,,,,,,,,,,,,,,,,,,,,,,,,,,,,,,,,,,,,,,,,,,,,,2323,1046.95
1786129200,134.91,134.93,134.91,134.92,134.42,132.6,,,,,,,,,,,,,,,,,,,,,,,,,,,,,,,,,,,,,,,,,,,,,,,,,,,,163,948.35
1786129260,134.91,135.03,134.9,134.96,134.42,132.6,,,,,,,,,,,,,,,,,,,,,,,,,,,,,,,,,,,,,,,,,,,,,,,,,,,,3527,1102.3
1786129320,134.98,135,134.97,134.99,134.42,132.6,,,,,,,,,,,,,,,,,,,,,,,,,,,,,,,,,,,,,,,,,,,,,,,,,,,,552,1092.9
1786129380,134.99,134.99,134.95,134.96,134.42,132.6,,,,,,,,,,,,,,,,,,,,,,,,,,,,,,,,,,,,,,,,,,,,,,,,,,,,652,1120.7
1786129440,134.98,134.98,134.92,134.93,134.42,132.6,,,,,,,,,,,,,,,,,,,,,,,,,,,,,,,,,,,,,,,,,,,,,,,,,,,,1430,1166.8
1786129500,134.93,134.97,134.93,134.97,134.42,132.6,,,,,,,,,,,,,,,,,,,,,,,,,,,,,,,,,,,,,,,,,,,,,,,,,,,,1017,1178.9
1786129560,134.98,134.995,134.98,134.98,134.42,132.6,,,,,,,,,,,,,,,,,,,,,,,,,,,,,,,,,,,,,,,,,,,,,,,,,,,,853,1128.9
1786129620,134.99,135.01,134.98,135.01,134.42,132.6,,,,,,,,,,,,,,,,,,,,,,,,,,,,,,,,,,,,,,,,,,,,,,,,,,,,653,1137.6
1786129680,135,135,134.97,134.97,134.42,132.6,,,,,,,,,,,,,,,,,,,,,,,,,,,,,,,,,,,,,,,,,,,,,,,,,,,,1091,1174.7
1786129740,134.97,134.98,134.905,134.98,134.42,132.6,,,,,,,,,,,,,,,,,,,,,,,,,,,,,,,,,,,,,,,,,,,,,,,,,,,,3042,1255
1786129800,134.98,135.07,134.98,135.06,134.42,132.6,,,,,,,,,,,,,,,,,,,,,,,,,,,,,,,,,,,,,,,,,,,,,,,,,,,,1583,1188.5
1786129860,135.07,135.14,135.07,135.13,134.42,132.6,,,,,,,,,,,,,,,,,,,,,,,,,,,,,,,,,,,,,,,,,,,,,,,,,,,,1572,1206.5
1786129920,135.12,135.14,135.12,135.13,134.42,132.6,,,,,,,,,,,,,,,,,,,,,,,,,,,,,,,,,,,,,,,,,,,,,,,,,,,,603,1202.4
1786129980,135.13,135.16,135.11,135.11,134.42,132.6,,,,,,,,,,,,,,,,,,,,,,,,,,,,,,,,,,,,,,,,,,,,,,,,,,,,1907,1237
1786130040,135.12,135.13,135.11,135.13,134.42,132.6,,,,,,,,,,,,,,,,,,,,,,,,,,,,,,,,,,,,,,,,,,,,,,,,,,,,540,1252.55
1786130100,135.14,135.19,135.14,135.185,134.42,132.6,,,,,,,,,,,,,,,,,,,,,,,,,,,,,,,,,,,,,,,,,,,,,,,,,,,,929,1273.5
1786130160,135.17,135.23,135.15,135.23,134.42,132.6,,,,,,,,,,,,,,,,,,,,,,,,,,,,,,,,,,,,,,,,,,,,,,,,,,,,1632,1306.35
1786130220,135.24,135.24,135.13,135.13,134.42,132.6,,,,,,,,,,,,,,,,,,,,,,,,,,,,,,,,,,,,,,,,,,,,,,,,,,,,1519,1345.4
1786130280,135.14,135.14,135.08,135.09,134.42,132.6,,,,,,,,,,,,,,,,,,,,,,,,,,,,,,,,,,,,,,,,,,,,,,,,,,,,721,1315.45
1786130340,135.07,135.09,135.04,135.05,134.42,132.6,,,,,,,,,,,,,,,,,,,,,,,,,,,,,,,,,,,,,,,,,,,,,,,,,,,,1882,1293.4
1786130400,135.05,135.14,135.05,135.14,134.42,132.6,,,,,,,,,,,,,,,,,,,,,,,,,,,,,,,,,,,,,,,,,,,,,,,,,,,,839,1327.2
1786130460,135.14,135.16,135.12,135.14,134.42,132.6,,,,,,,,,,,,,,,,,,,,,,,,,,,,,,,,,,,,,,,,,,,,,,,,,,,,1613,1231.5
1786130520,135.13,135.145,135.09,135.12,134.42,132.6,,,,,,,,,,,,,,,,,,,,,,,,,,,,,,,,,,,,,,,,,,,,,,,,,,,,2083,1308.05
1786130580,135.13,135.17,135.13,135.15,134.42,132.6,,,,,,,,,,,,,,,,,,,,,,,,,,,,,,,,,,,,,,,,,,,,,,,,,,,,1417,1346.3
1786130640,135.16,135.16,135.11,135.11,134.42,132.6,,,,,,,,,,,,,,,,,,,,,,,,,,,,,,,,,,,,,,,,,,,,,,,,,,,,1641,1356.85
1786130700,135.07,135.075,135.04,135.07,134.42,132.6,,,,,,,,,,,,,,,,,,,,,,,,,,,,,,,,,,,,,,,,,,,,,,,,,,,,1070,1359.5
1786130760,135.08,135.16,135.08,135.135,134.42,132.6,,,,,,,,,,,,,,,,,,,,,,,,,,,,,,,,,,,,,,,,,,,,,,,,,,,,2191,1426.4
1786130820,135.13,135.15,135.11,135.12,134.42,132.6,,,,,,,,,,,,,,,,,,,,,,,,,,,,,,,,,,,,,,,,,,,,,,,,,,,,948,1441.15
1786130880,135.11,135.11,135.1,135.1,134.42,132.6,,,,,,,,,,,,,,,,,,,,,,,,,,,,,,,,,,,,,,,,,,,,,,,,,,,,1131,1443.15
1786130940,135.1,135.1,135.06,135.06,134.42,132.6,,,,,,,,,,,,,,,,,,,,,,,,,,,,,,,,,,,,,,,,,,,,,,,,,,,,1266,1354.35
1786131000,135.06,135.06,134.95,135.03,134.42,132.6,,,,,,,,,,,,,,,,,,,,,,,,,,,,,,,,,,,,,,,,,,,,,,,,,,,,2963,1423.35
1786131060,135.03,135.06,135,135.02,134.42,132.6,,,,,,,,,,,,,,,,,,,,,,,,,,,,,,,,,,,,,,,,,,,,,,,,,,,,2433,1466.4
1786131120,135.02,135.06,134.98,134.99,134.42,132.6,,,,,,,,,,,,,,,,,,,,,,,,,,,,,,,,,,,,,,,,,,,,,,,,,,,,2637,1568.1
1786131180,135,135,134.95,134.96,134.42,132.6,,,,,,,,,,,,,,,,,,,,,,,,,,,,,,,,,,,,,,,,,,,,,,,,,,,,869,1516.2
1786131240,134.96,134.98,134.93,134.97,134.42,132.6,,,,,,,,,,,,,,,,,,,,,,,,,,,,,,,,,,,,,,,,,,,,,,,,,,,,2464,1612.4
1786131300,134.965,134.97,134.92,134.93,134.42,132.6,,,,,,,,,,,,,,,,,,,,,,,,,,,,,,,,,,,,,,,,,,,,,,,,,,,,2442,1688.05
1786131360,134.93,134.95,134.91,134.95,134.42,132.6,,,,,,,,,,,,,,,,,,,,,,,,,,,,,,,,,,,,,,,,,,,,,,,,,,,,1109,1661.9
1786131420,134.95,134.99,134.94,134.975,134.42,132.6,,,,,,,,,,,,,,,,,,,,,,,,,,,,,,,,,,,,,,,,,,,,,,,,,,,,1668,1669.35
1786131480,134.97,135.055,134.97,134.97,134.42,132.6,,,,,,,,,,,,,,,,,,,,,,,,,,,,,,,,,,,,,,,,,,,,,,,,,,,,1668,1716.7
1786131540,134.96,134.97,134.93,134.94,134.42,132.6,,,,,,,,,,,,,,,,,,,,,,,,,,,,,,,,,,,,,,,,,,,,,,,,,,,,3379,1791.55
1786131600,134.94,134.95,134.89,134.9,134.42,132.6,,,,,,,,,,,,,,,,,,,,,,,,,,,,,,,,,,,,,,,,,,,,,,,,,,,,2626,1880.9
1786131660,134.9,134.975,134.9,134.94,134.42,132.6,,,,,,,,,,,,,,,,,,,,,,,,,,,,,,,,,,,,,,,,,,,,,,,,,,,,2443,1922.4
1786131720,134.94,134.94,134.88,134.9,134.42,132.6,,,,,,,,,,,,,,,,,,,,,,,,,,,,,,,,,,,,,,,,,,,,,,,,,,,,3445,1990.5
1786131780,134.91,134.95,134.91,134.92,134.42,132.6,,,,,,,,,,,,,,,,,,,,,,,,,,,,,,,,,,,,,,,,,,,,,,,,,,,,1333,1986.3
1786131840,134.92,134.92,134.855,134.86,134.42,132.6,,,,,,,,,,,,,,,,,,,,,,,,,,,,,,,,,,,,,,,,,,,,,,,,,,,,5291,2168.8
1786131900,134.87,134.95,134.86,134.91,134.42,132.6,,,,,,,,,,,,,,,,,,,,,,,,,,,,,,,,,,,,,,,,,,,,,,,,,,,,2438,2237.2
1786131960,134.92,134.95,134.92,134.94,134.42,132.6,,,,,,,,,,,,,,,,,,,,,,,,,,,,,,,,,,,,,,,,,,,,,,,,,,,,1198,2187.55
1786132020,134.93,134.95,134.93,134.94,134.42,132.6,,,,,,,,,,,,,,,,,,,,,,,,,,,,,,,,,,,,,,,,,,,,,,,,,,,,1364,2208.35
1786132080,134.94,134.99,134.94,134.99,134.42,132.6,,,,,,,,,,,,,,,,,,,,,,,,,,,,,,,,,,,,,,,,,,,,,,,,,,,,2748,2289.2
1786132140,135,135.01,134.94,134.94,134.42,132.6,,,,,,,,,,,,,,,,,,,,,,,,,,,,,,,,,,,,,,,,,,,,,,,,,,,,6363,2544.05
1786132200,134.97,135.03,134.92,135.01,134.42,132.6,,,,,,,,,,,,,,,,,,,,,,,,,,,,,,,,,,,,,,,,,,,,,,,,,,,,6406,2716.2
1786132260,135,135.01,134.91,134.91,134.42,132.6,,,,,,,,,,,,,,,,,,,,,,,,,,,,,,,,,,,,,,,,,,,,,,,,,,,,15065,3347.8
1786132320,134.91,134.92,134.87,134.91,134.42,132.6,,,,,,,,,,,,,,,,,,,,,,,,,,,,,,,,,,,,,,,,,,,,,,,,,,,,2278,3329.85
1786132380,134.905,134.93,134.82,134.82,134.42,132.6,,,,,,,,,,,,,,,,,,,,,,,,,,,,,,,,,,,,,,,,,,,,,,,,,,,,3244,3448.6
1786132440,134.83,134.83,134.76,134.78,134.42,132.6,,,,,,,,,,,,,,,,,,,,,,,,,,,,,,,,,,,,,,,,,,,,,,,,,,,,3236,3487.2
1786132500,134.8,134.81,134.68,134.71,134.42,132.6,,,,,,,,,,,,,,,,,,,,,,,,,,,,,,,,,,,,,,,,,,,,,,,,,,,,6638,3697
1786132560,134.72,134.79,134.71,134.79,134.42,132.6,,,,,,,,,,,,,,,,,,,,,,,,,,,,,,,,,,,,,,,,,,,,,,,,,,,,8017,4042.4
1786132620,134.79,134.83,134.76,134.78,134.42,132.6,,,,,,,,,,,,,,,,,,,,,,,,,,,,,,,,,,,,,,,,,,,,,,,,,,,,5219,4219.95
1786132680,134.78,135,134.78,134.97,134.42,132.6,,,,,,,,,,,,,,,,,,,,,,,,,,,,,,,,,,,,,,,,,,,,,,,,,,,,8858,4579.45
1786132740,134.97,135.04,134.93,134.98,134.42,132.6,,,1,14,1,1786112700000,134.51,134.42,132.6,1.8199999999999932,0.1624804171530634,0.542710579139111,0.38658835774290523,1,1786113000000,2,0,,,,0,0,0,0,0,,,,0,0,0,0,0,,,,0,0,0,0,0,,,,0,0,0,0,,-1,14,19560,5388.5
1786368600,135,135.21,134.97,135.045,135.21,134.97,,,,,,,,,,,,,,,,,,,,,,,,,,,,,,,,,,,,,,,,,,,,,,,,,,,,260,5270.2
1786368660,134.62,135.17,134.5,135.03,135.21,134.5,,,,,,,,,,,,,,,,,,,,,,,,,,,,,,,,,,,,,,,,,,,,,,,,,,,,4140,5355.05
1786368720,135.24,135.64,135.24,135.62,135.64,134.5,,,,,,,,,,,,,,,,,,,,,,,,,,,,,,,,,,,,,,,,,,,,,,,,,,,,2176,5291.6
1786368780,135.69,135.9,135.62,135.63,135.9,134.5,,,,,,,,,,,,,,,,,,,,,,,,,,,,,,,,,,,,,,,,,,,,,,,,,,,,4049,5427.4
1786368840,135.58,135.68,135.29,135.38,135.9,134.5,,,,,,,,,,,,,,,,,,,,,,,,,,,,,,,,,,,,,,,,,,,,,,,,,,,,6156,5470.65
1786368900,135.37,135.6,135.37,135.57,135.9,134.5,,,,,,,,,,,,,,,,,,,,,,,,,,,,,,,,,,,,,,,,,,,,,,,,,,,,1976,5447.55
1786368960,135.71,135.91,135.71,135.79,135.91,134.5,,,,,,,,,,,,,,,,,,,,,,,,,,,,,,,,,,,,,,,,,,,,,,,,,,,,1180,5446.65
1786369020,135.65,135.9,135.64,135.9,135.91,134.5,,,,,,,,,,,,,,,,,,,,,,,,,,,,,,,,,,,,,,,,,,,,,,,,,,,,708,5413.85
1786369080,135.74,135.75,135.47,135.47,135.91,134.5,,,,,,,,,,,,,,,,,,,,,,,,,,,,,,,,,,,,,,,,,,,,,,,,,,,,2679,5410.4
1786369140,135.46,135.46,135.14,135.36,135.91,134.5,,,,,,,,,,,,,,,,,,,,,,,,,,,,,,,,,,,,,,,,,,,,,,,,,,,,2459,5215.2
1786369200,135.35,135.39,135.28,135.35,135.91,134.5,,,,,,,,,,,,,,,,,,,,,,,,,,,,,,,,,,,,,,,,,,,,,,,,,,,,412,4915.5
1786369260,135.36,135.53,135.36,135.43,135.91,134.5,,,,,,,,,,,,,,,,,,,,,,,,,,,,,,,,,,,,,,,,,,,,,,,,,,,,900,4207.25
1786369320,135.47,135.75,135.47,135.67,135.91,134.5,,,,,,,,,,,,,,,,,,,,,,,,,,,,,,,,,,,,,,,,,,,,,,,,,,,,1153,4151
1786369380,135.67,135.71,135.52,135.71,135.91,134.5,,,,,,,,,,,,,,,,,,,,,,,,,,,,,,,,,,,,,,,,,,,,,,,,,,,,1362,4056.9
1786369440,135.72,135.77,135.49,135.49,135.91,134.5,,,,,,,,,,,,,,,,,,,,,,,,,,,,,,,,,,,,,,,,,,,,,,,,,,,,2572,4023.7
1786369500,135.45,135.55,135.38,135.52,135.91,134.5,,,,,,,,,,,,,,,,,,,,,,,,,,,,,,,,,,,,,,,,,,,,,,,,,,,,161,3699.85
1786369560,135.49,135.63,135.49,135.61,135.91,134.5,,,,,,,,,,,,,,,,,,,,,,,,,,,,,,,,,,,,,,,,,,,,,,,,,,,,2351,3416.55
1786369620,135.58,135.69,135.45,135.69,135.91,134.5,,,,,,,,,,,,,,,,,,,,,,,,,,,,,,,,,,,,,,,,,,,,,,,,,,,,2570,3284.1
1786369680,135.61,135.63,135.51,135.51,135.91,134.5,,,,,,,,,,,,,,,,,,,,,,,,,,,,,,,,,,,,,,,,,,,,,,,,,,,,1325,2907.45
1786369740,135.54,135.81,135.54,135.76,135.91,134.5,,,,,,,,,,,,,,,,,,,,,,,,,,,,,,,,,,,,,,,,,,,,,,,,,,,,3864,2122.65
1786369800,135.75,135.8,135.64,135.64,135.91,134.5,,,,,,,,,,,,,,,,,,,,,,,,,,,,,,,,,,,,,,,,,,,,,,,,,,,,11330,2676.15
1786369860,135.59,135.63,135.48,135.57,135.91,134.5,,,,,,,,,,,,,,,,,,,,,,,,,,,,,,,,,,,,,,,,,,,,,,,,,,,,1969,2567.6
1786369920,135.59,135.65,135.5,135.61,135.91,134.5,,,,,,,,,,,,,,,,,,,,,,,,,,,,,,,,,,,,,,,,,,,,,,,,,,,,3671,2642.35
1786369980,135.61,135.74,135.555,135.74,135.91,134.5,,,,,,,,,,,,,,,,,,,,,,,,,,,,,,,,,,,,,,,,,,,,,,,,,,,,1922,2536
1786370040,135.79,135.84,135.65,135.65,135.91,134.5,,,,,,,,,,,,,,,,,,,,,,,,,,,,,,,,,,,,,,,,,,,,,,,,,,,,2041,2330.25
1786370100,135.74,135.82,135.69,135.7,135.91,134.5,,,,,,,,,,,,,,,,,,,,,,,,,,,,,,,,,,,,,,,,,,,,,,,,,,,,1153,2289.1
1786370160,135.71,135.78,135.7,135.74,135.91,134.5,,,,,,,,,,,,,,,,,,,,,,,,,,,,,,,,,,,,,,,,,,,,,,,,,,,,2054,2332.8
1786370220,135.75,135.81,135.55,135.57,135.91,134.5,,,,,,,,,,,,,,,,,,,,,,,,,,,,,,,,,,,,,,,,,,,,,,,,,,,,4056,2500.2
1786370280,135.57,135.595,135.51,135.55,135.91,134.5,,,,,,,,,,,,,,,,,,,,,,,,,,,,,,,,,,,,,,,,,,,,,,,,,,,,1416,2437.05
1786370340,135.54,135.6,135.39,135.45,135.91,134.5,,,,,,,,,,,,,,,,,,,,,,,,,,,,,,,,,,,,,,,,,,,,,,,,,,,,4378,2533
1786370400,135.41,135.64,135.385,135.61,135.91,134.5,,,,,,,,,,,,,,,,,,,,,,,,,,,,,,,,,,,,,,,,,,,,,,,,,,,,3377,2681.25
1786370460,135.64,135.67,135.57,135.65,135.91,134.5,,,,,,,,,,,,,,,,,,,,,,,,,,,,,,,,,,,,,,,,,,,,,,,,,,,,1878,2730.15
1786370520,135.66,135.8,135.65,135.68,135.91,134.5,,,,,,,,,,,,,,,,,,,,,,,,,,,,,,,,,,,,,,,,,,,,,,,,,,,,3011,2823.05
1786370580,135.67,135.69,135.57,135.575,135.91,134.5,,,,,,,,,,,,,,,,,,,,,,,,,,,,,,,,,,,,,,,,,,,,,,,,,,,,1212,2815.55
1786370640,135.61,135.62,135.5,135.53,135.91,134.5,,,,,,,,,,,,,,,,,,,,,,,,,,,,,,,,,,,,,,,,,,,,,,,,,,,,856,2729.75
1786370700,135.51,135.56,135.39,135.43,135.91,134.5,,,,,,,,,,,,,,,,,,,,,,,,,,,,,,,,,,,,,,,,,,,,,,,,,,,,2540,2848.7
1786370760,135.39,135.39,135.25,135.3,135.91,134.5,,,,,,,,,,,,,,,,,,,,,,,,,,,,,,,,,,,,,,,,,,,,,,,,,,,,1566,2809.45
1786370820,135.28,135.32,135.25,135.25,135.91,134.5,,,,,,,,,,,,,,,,,,,,,,,,,,,,,,,,,,,,,,,,,,,,,,,,,,,,672,2714.55
1786370880,135.24,135.25,135.04,135.09,135.91,134.5,,,,,,,,,,,,,,,,,,,,,,,,,,,,,,,,,,,,,,,,,,,,,,,,,,,,2548,2775.7
1786370940,135.05,135.09,135.03,135.09,135.91,134.5,,,,,,,,,,,,,,,,,,,,,,,,,,,,,,,,,,,,,,,,,,,,,,,,,,,,773,2621.15
1786371000,135.07,135.29,135.07,135.16,135.91,134.5,,,,,,,,,,,,,,,,,,,,,,,,,,,,,,,,,,,,,,,,,,,,,,,,,,,,2867,2198
1786371060,135.21,135.27,135.21,135.22,135.91,134.5,,,,,,,,,,,,,,,,,,,,,,,,,,,,,,,,,,,,,,,,,,,,,,,,,,,,1807,2189.9
1786371120,135.23,135.37,135.23,135.34,135.91,134.5,,,,,,,,,,,,,,,,,,,,,,,,,,,,,,,,,,,,,,,,,,,,,,,,,,,,2233,2118
1786371180,135.36,135.41,135.305,135.36,135.91,134.5,,,,,,,,,,,,,,,,,,,,,,,,,,,,,,,,,,,,,,,,,,,,,,,,,,,,867,2065.25
1786371240,135.34,135.36,135.2,135.24,135.91,134.5,,,,,,,,,,,,,,,,,,,,,,,,,,,,,,,,,,,,,,,,,,,,,,,,,,,,3967,2161.55
1786371300,135.22,135.29,135.16,135.22,135.91,134.5,,,,,,,,,,,,,,,,,,,,,,,,,,,,,,,,,,,,,,,,,,,,,,,,,,,,4684,2338.1
1786371360,135.23,135.25,135.18,135.25,135.91,134.5,,,,,,,,,,,,,,,,,,,,,,,,,,,,,,,,,,,,,,,,,,,,,,,,,,,,464,2258.6
1786371420,135.23,135.23,135.18,135.21,135.91,134.5,,,,,,,,,,,,,,,,,,,,,,,,,,,,,,,,,,,,,,,,,,,,,,,,,,,,371,2074.35
1786371480,135.18,135.25,135.12,135.25,135.91,134.5,,,,,,,,,,,,,,,,,,,,,,,,,,,,,,,,,,,,,,,,,,,,,,,,,,,,1150,2061.05
1786371540,135.21,135.25,135.18,135.2,135.91,134.5,,,,,,,,,,,,,,,,,,,,,,,,,,,,,,,,,,,,,,,,,,,,,,,,,,,,780,1881.15
1786371600,135.23,135.24,135.06,135.06,135.91,134.5,,,,,,,,,,,,,,,,,,,,,,,,,,,,,,,,,,,,,,,,,,,,,,,,,,,,1978,1811.2
1786371660,135.08,135.22,135.08,135.22,135.91,134.5,,,,,,,,,,,,,,,,,,,,,,,,,,,,,,,,,,,,,,,,,,,,,,,,,,,,773,1755.95
1786371720,135.19,135.21,135.16,135.165,135.91,134.5,,,,,,,,,,,,,,,,,,,,,,,,,,,,,,,,,,,,,,,,,,,,,,,,,,,,1339,1672.35
1786371780,135.18,135.19,135.1,135.1,135.91,134.5,,,,,,,,,,,,,,,,,,,,,,,,,,,,,,,,,,,,,,,,,,,,,,,,,,,,1869,1705.2
1786371840,135.1,135.1,134.97,135,135.91,134.5,,,,,,,,,,,,,,,,,,,,,,,,,,,,,,,,,,,,,,,,,,,,,,,,,,,,759,1700.35
1786371900,135.03,135.12,135.01,135.12,135.91,134.5,,,,,,,,,,,,,,,,,,,,,,,,,,,,,,,,,,,,,,,,,,,,,,,,,,,,167,1581.7
1786371960,135.16,135.18,135.09,135.18,135.91,134.5,,,,,,,,,,,,,,,,,,,,,,,,,,,,,,,,,,,,,,,,,,,,,,,,,,,,397,1523.25
1786372020,135.18,135.18,135.07,135.07,135.91,134.5,,,,,,,,,,,,,,,,,,,,,,,,,,,,,,,,,,,,,,,,,,,,,,,,,,,,661,1522.7
1786372080,135.07,135.13,135.03,135.09,135.91,134.5,,,,,,,,,,,,,,,,,,,,,,,,,,,,,,,,,,,,,,,,,,,,,,,,,,,,839,1437.25
1786372140,135.08,135.12,135.015,135.03,135.91,134.5,,,,,,,,,,,,,,,,,,,,,,,,,,,,,,,,,,,,,,,,,,,,,,,,,,,,464,1421.8
1786372200,135.03,135.03,134.97,135,135.91,134.5,,,,,,,,,,,,,,,,,,,,,,,,,,,,,,,,,,,,,,,,,,,,,,,,,,,,380,1297.45
1786372260,135.03,135.09,135.03,135.09,135.91,134.5,,,,,,,,,,,,,,,,,,,,,,,,,,,,,,,,,,,,,,,,,,,,,,,,,,,,246,1219.4
1786372320,135.08,135.11,135.04,135.11,135.91,134.5,,,,,,,,,,,,,,,,,,,,,,,,,,,,,,,,,,,,,,,,,,,,,,,,,,,,774,1146.45
1786372380,135.15,135.15,135,135,135.91,134.5,,,,,,,,,,,,,,,,,,,,,,,,,,,,,,,,,,,,,,,,,,,,,,,,,,,,2064,1206.3
1786372440,135.02,135.03,134.91,134.91,135.91,134.5,,,,,,,,,,,,,,,,,,,,,,,,,,,,,,,,,,,,,,,,,,,,,,,,,,,,671,1041.5
1786372500,134.94,134.99,134.93,134.95,135.91,134.5,,,,,,,,,,,,,,,,,,,,,,,,,,,,,,,,,,,,,,,,,,,,,,,,,,,,1045,859.55
1786372560,134.98,135,134.96,134.99,135.91,134.5,,,,,,,,,,,,,,,,,,,,,,,,,,,,,,,,,,,,,,,,,,,,,,,,,,,,1266,899.65
1786372620,134.99,135.075,134.98,135.075,135.91,134.5,,,,,,,,,,,,,,,,,,,,,,,,,,,,,,,,,,,,,,,,,,,,,,,,,,,,453,903.75
1786372680,135.05,135.1,135.03,135.09,135.91,134.5,,,,,,,,,,,,,,,,,,,,,,,,,,,,,,,,,,,,,,,,,,,,,,,,,,,,1235,908
1786372740,135.07,135.07,134.92,134.94,135.91,134.5,,,,,,,,,,,,,,,,,,,,,,,,,,,,,,,,,,,,,,,,,,,,,,,,,,,,3666,1052.3
1786372800,134.95,135.08,134.95,135.08,135.91,134.5,,,,,,,,,,,,,,,,,,,,,,,,,,,,,,,,,,,,,,,,,,,,,,,,,,,,1610,1033.9
1786372860,135.11,135.14,135.08,135.08,135.91,134.5,,,,,,,,,,,,,,,,,,,,,,,,,,,,,,,,,,,,,,,,,,,,,,,,,,,,2319,1111.2
1786372920,135.08,135.12,135.02,135.1,135.91,134.5,,,,,,,,,,,,,,,,,,,,,,,,,,,,,,,,,,,,,,,,,,,,,,,,,,,,1181,1103.3
1786372980,135.07,135.07,134.95,134.95,135.91,134.5,,,,,,,,,,,,,,,,,,,,,,,,,,,,,,,,,,,,,,,,,,,,,,,,,,,,1529,1086.3
1786373040,134.96,135.04,134.96,135.04,135.91,134.5,,,,,,,,,,,,,,,,,,,,,,,,,,,,,,,,,,,,,,,,,,,,,,,,,,,,824,1089.55
1786373100,135.08,135.17,135.08,135.17,135.91,134.5,,,,,,,,,,,,,,,,,,,,,,,,,,,,,,,,,,,,,,,,,,,,,,,,,,,,1085,1135.45
1786373160,135.17,135.3,135.17,135.26,135.91,134.5,,,,,,,,,,,,,,,,,,,,,,,,,,,,,,,,,,,,,,,,,,,,,,,,,,,,1920,1211.6
1786373220,135.3,135.37,135.3,135.36,135.91,134.5,,,,,,,,,,,,,,,,,,,,,,,,,,,,,,,,,,,,,,,,,,,,,,,,,,,,919,1224.5
1786373280,135.41,135.46,135.38,135.43,135.91,134.5,,,,,,,,,,,,,,,,,,,,,,,,,,,,,,,,,,,,,,,,,,,,,,,,,,,,2983,1331.7
1786373340,135.44,135.5,135.425,135.5,135.91,134.5,,,,,,,,,,,,,,,,,,,,,,,,,,,,,,,,,,,,,,,,,,,,,,,,,,,,1574,1387.2
1786373400,135.52,135.61,135.5,135.51,135.91,134.5,,,,,,,,,,,,,,,,,,,,,,,,,,,,,,,,,,,,,,,,,,,,,,,,,,,,4066,1571.5
1786373460,135.54,135.54,135.48,135.48,135.91,134.5,,,,,,,,,,,,,,,,,,,,,,,,,,,,,,,,,,,,,,,,,,,,,,,,,,,,2145,1666.45
1786373520,135.46,135.46,135.35,135.36,135.91,134.5,,,,,,,,,,,,,,,,,,,,,,,,,,,,,,,,,,,,,,,,,,,,,,,,,,,,2089,1732.2
1786373580,135.38,135.51,135.38,135.5,135.91,134.5,,,,,,,,,,,,,,,,,,,,,,,,,,,,,,,,,,,,,,,,,,,,,,,,,,,,3768,1817.4
1786373640,135.5,135.56,135.49,135.53,135.91,134.5,,,,,,,,,,,,,,,,,,,,,,,,,,,,,,,,,,,,,,,,,,,,,,,,,,,,2327,1900.2
1786373700,135.52,135.54,135.51,135.53,135.91,134.5,,,,,,,,,,,,,,,,,,,,,,,,,,,,,,,,,,,,,,,,,,,,,,,,,,,,2028,1949.35
1786373760,135.55,135.555,135.51,135.54,135.91,134.5,,,,,,,,,,,,,,,,,,,,,,,,,,,,,,,,,,,,,,,,,,,,,,,,,,,,5421,2157.1
1786373820,135.54,135.55,135.5,135.51,135.91,134.5,,,,,,,,,,,,,,,,,,,,,,,,,,,,,,,,,,,,,,,,,,,,,,,,,,,,2881,2278.5
1786373880,135.47,135.47,135.39,135.41,135.91,134.5,,,,,,,,,,,,,,,,,,,,,,,,,,,,,,,,,,,,,,,,,,,,,,,,,,,,994,2266.45
1786373940,135.42,135.47,135.36,135.36,135.91,134.5,,,,,,,,,,,,,,,,,,,,,,,,,,,,,,,,,,,,,,,,,,,,,,,,,,,,4674,2316.85
1786374000,135.37,135.4,135.31,135.31,135.91,134.5,,,,,,,,,,,,,,,,,,,,,,,,,,,,,,,,,,,,,,,,,,,,,,,,,,,,2640,2368.35
1786374060,135.34,135.42,135.34,135.42,135.91,134.5,,,,,,,,,,,,,,,,,,,,,,,,,,,,,,,,,,,,,,,,,,,,,,,,,,,,2488,2376.8
1786374120,135.4,135.4,135.34,135.38,135.91,134.5,,,,,,,,,,,,,,,,,,,,,,,,,,,,,,,,,,,,,,,,,,,,,,,,,,,,1836,2409.55
1786374180,135.4,135.49,135.39,135.49,135.91,134.5,,,,,,,,,,,,,,,,,,,,,,,,,,,,,,,,,,,,,,,,,,,,,,,,,,,,2292,2447.7
1786374240,135.47,135.51,135.47,135.47,135.91,134.5,,,,,,,,,,,,,,,,,,,,,,,,,,,,,,,,,,,,,,,,,,,,,,,,,,,,2934,2553.2
1786374300,135.47,135.58,135.47,135.58,135.91,134.5,,,,,,,,,,,,,,,,,,,,,,,,,,,,,,,,,,,,,,,,,,,,,,,,,,,,2595,2628.7
1786374360,135.61,135.66,135.55,135.66,135.91,134.5,,,,,,,,,,,,,,,,,,,,,,,,,,,,,,,,,,,,,,,,,,,,,,,,,,,,5274,2796.4
1786374420,135.685,135.73,135.66,135.73,135.91,134.5,,,,,,,,,,,,,,,,,,,,,,,,,,,,,,,,,,,,,,,,,,,,,,,,,,,,2576,2879.25
1786374480,135.73,135.88,135.7,135.88,135.91,134.5,,,,,,,,,,,,,,,,,,,,,,,,,,,,,,,,,,,,,,,,,,,,,,,,,,,,3246,2892.4
1786374540,135.86,135.88,135.84,135.85,135.91,134.5,,,,,,,,,,,,,,,,,,,,,,,,,,,,,,,,,,,,,,,,,,,,,,,,,,,,3962,3011.8
1786374600,135.84,135.84,135.79,135.83,135.91,134.5,,,,,,,,,,,,,,,,,,,,,,,,,,,,,,,,,,,,,,,,,,,,,,,,,,,,2317,2924.35
1786374660,135.85,135.97,135.84,135.92,135.91,134.5,,,,,,,,,,,,,,,,,,,,,,,,,,,,,,,,,,,,,,,,,,,,,,,,,,,,5411,3087.65
1786374720,135.92,136.06,135.9,136.01,135.91,134.5,,,,,,,,,,,,,,,,,,,,,,,,,,,,,,,,,,,,,,,,,,,,,,,,,,,,6212,3293.8
1786374780,136.01,136.04,135.95,136.03,135.91,134.5,,,,,,,,,,,,,,,,,,,,,,,,,,,,,,,,,,,,,,,,,,,,,,,,,,,,3808,3295.8
1786374840,136.04,136.04,135.91,135.96,135.91,134.5,,,,,,,,,,,,,,,,,,,,,,,,,,,,,,,,,,,,,,,,,,,,,,,,,,,,1492,3254.05
1786374900,135.99,136.04,135.975,136.02,135.91,134.5,,,,,,,,,,,,,,,,,,,,,,,,,,,,,,,,,,,,,,,,,,,,,,,,,,,,3555,3330.4
1786374960,136.035,136.13,135.83,135.86,135.91,134.5,,,,,,,,,,,,,,,,,,,,,,,,,,,,,,,,,,,,,,,,,,,,,,,,,,,,4285,3273.6
1786375020,135.87,135.975,135.87,135.88,135.91,134.5,,,,,,,,,,,,,,,,,,,,,,,,,,,,,,,,,,,,,,,,,,,,,,,,,,,,5562,3407.65
1786375080,135.88,135.93,135.86,135.93,135.91,134.5,,,,,,,,,,,,,,,,,,,,,,,,,,,,,,,,,,,,,,,,,,,,,,,,,,,,3332,3524.55
1786375140,135.94,136,135.91,135.93,135.91,134.5,,,,,,,,,,,,,,,,,,,,,,,,,,,,,,,,,,,,,,,,,,,,,,,,,,,,1736,3377.65
1786375200,135.95,136.04,135.95,135.99,135.91,134.5,,,,,,,,,,,,,,,,,,,,,,,,,,,,,,,,,,,,,,,,,,,,,,,,,,,,1082,3299.75
1786375260,136.05,136.05,135.99,136,135.91,134.5,,,,,,,,,,,,,,,,,,,,,,,,,,,,,,,,,,,,,,,,,,,,,,,,,,,,456,3198.15
1786375320,136.02,136.02,135.95,135.98,135.91,134.5,,,,,,,,,,,,,,,,,,,,,,,,,,,,,,,,,,,,,,,,,,,,,,,,,,,,1492,3180.95
1786375380,135.97,136,135.91,135.93,135.91,134.5,,,,,,,,,,,,,,,,,,,,,,,,,,,,,,,,,,,,,,,,,,,,,,,,,,,,1268,3129.75
1786375440,135.9,135.92,135.89,135.91,135.91,134.5,,,,,,,,,,,,,,,,,,,,,,,,,,,,,,,,,,,,,,,,,,,,,,,,,,,,696,3017.85
1786375500,135.88,135.9,135.8,135.83,135.91,134.5,,,,,,,,,,,,,,,,,,,,,,,,,,,,,,,,,,,,,,,,,,,,,,,,,,,,1156,2945.9
1786375560,135.86,135.89,135.83,135.86,135.91,134.5,,,,,,,,,,,,,,,,,,,,,,,,,,,,,,,,,,,,,,,,,,,,,,,,,,,,1025,2733.45
1786375620,135.88,135.89,135.86,135.875,135.91,134.5,,,,,,,,,,,,,,,,,,,,,,,,,,,,,,,,,,,,,,,,,,,,,,,,,,,,2212,2715.25
1786375680,135.89,135.91,135.87,135.88,135.91,134.5,,,,,,,,,,,,,,,,,,,,,,,,,,,,,,,,,,,,,,,,,,,,,,,,,,,,1822,2644.05
1786375740,135.87,135.87,135.8,135.82,135.91,134.5,,,,,,,,,,,,,,,,,,,,,,,,,,,,,,,,,,,,,,,,,,,,,,,,,,,,590,2475.45
1786375800,135.85,135.89,135.84,135.84,135.91,134.5,,,,,,,,,,,,,,,,,,,,,,,,,,,,,,,,,,,,,,,,,,,,,,,,,,,,1431,2431.15
1786375860,135.85,135.89,135.825,135.825,135.91,134.5,,,,,,,,,,,,,,,,,,,,,,,,,,,,,,,,,,,,,,,,,,,,,,,,,,,,1939,2257.55
1786375920,135.85,135.92,135.82,135.89,135.91,134.5,,,,,,,,,,,,,,,,,,,,,,,,,,,,,,,,,,,,,,,,,,,,,,,,,,,,35222,3708.05
1786375980,135.9,135.97,135.855,135.97,135.91,134.5,,,,,,,,,,,,,,,,,,,,,,,,,,,,,,,,,,,,,,,,,,,,,,,,,,,,36632,5349.25
1786376040,135.96,135.97,135.8,135.8,135.91,134.5,,,,,,,,,,,,,,,,,,,,,,,,,,,,,,,,,,,,,,,,,,,,,,,,,,,,1342,5341.75
1786376100,135.79,135.82,135.73,135.8,135.91,134.5,,,,,,,,,,,,,,,,,,,,,,,,,,,,,,,,,,,,,,,,,,,,,,,,,,,,797,5203.85
1786376160,135.76,135.775,135.67,135.675,135.91,134.5,,,,,,,,,,,,,,,,,,,,,,,,,,,,,,,,,,,,,,,,,,,,,,,,,,,,1142,5046.7
1786376220,135.66,135.66,135.6,135.62,135.91,134.5,,,,,,,,,,,,,,,,,,,,,,,,,,,,,,,,,,,,,,,,,,,,,,,,,,,,1595,4848.35
1786376280,135.62,135.64,135.51,135.56,135.91,134.5,,,,,,,,,,,,,,,,,,,,,,,,,,,,,,,,,,,,,,,,,,,,,,,,,,,,3648,4864.15
1786376340,135.56,135.59,135.54,135.56,135.91,134.5,,,,,,,,,,,,,,,,,,,,,,,,,,,,,,,,,,,,,,,,,,,,,,,,,,,,1201,4837.4
1786376400,135.58,135.7,135.57,135.69,135.91,134.5,,,,,,,,,,,,,,,,,,,,,,,,,,,,,,,,,,,,,,,,,,,,,,,,,,,,9499,5258.25
1786376460,135.63,135.68,135.6,135.63,135.91,134.5,,,,,,,,,,,,,,,,,,,,,,,,,,,,,,,,,,,,,,,,,,,,,,,,,,,,3060,5388.45
1786376520,135.62,135.62,135.525,135.53,135.91,134.5,,,,,,,,,,,,,,,,,,,,,,,,,,,,,,,,,,,,,,,,,,,,,,,,,,,,1498,5388.75
1786376580,135.5,135.5,135.42,135.46,135.91,134.5,,,,,,,,,,,,,,,,,,,,,,,,,,,,,,,,,,,,,,,,,,,,,,,,,,,,1347,5392.7
1786376640,135.485,135.485,135.41,135.455,135.91,134.5,,,,,,,,,,,,,,,,,,,,,,,,,,,,,,,,,,,,,,,,,,,,,,,,,,,,2834,5499.6
1786376700,135.44,135.52,135.43,135.52,135.91,134.5,,,,,,,,,,,,,,,,,,,,,,,,,,,,,,,,,,,,,,,,,,,,,,,,,,,,1214,5502.5
1786376760,135.53,135.62,135.53,135.56,135.91,134.5,,,,,,,,,,,,,,,,,,,,,,,,,,,,,,,,,,,,,,,,,,,,,,,,,,,,497,5476.1
1786376820,135.61,135.65,135.61,135.65,135.91,134.5,,,,,,,,,,,,,,,,,,,,,,,,,,,,,,,,,,,,,,,,,,,,,,,,,,,,149,5372.95
1786376880,135.66,135.67,135.6,135.615,135.91,134.5,,,,,,,,,,,,,,,,,,,,,,,,,,,,,,,,,,,,,,,,,,,,,,,,,,,,2419,5402.8
1786376940,135.61,135.7,135.6,135.6,135.91,134.5,,,,,,,,,,,,,,,,,,,,,,,,,,,,,,,,,,,,,,,,,,,,,,,,,,,,408,5393.7
1786377000,135.595,135.62,135.57,135.62,135.91,134.5,,,,,,,,,,,,,,,,,,,,,,,,,,,,,,,,,,,,,,,,,,,,,,,,,,,,700,5357.15
1786377060,135.62,135.69,135.61,135.69,135.91,134.5,,,,,,,,,,,,,,,,,,,,,,,,,,,,,,,,,,,,,,,,,,,,,,,,,,,,668,5293.6
1786377120,135.68,135.68,135.66,135.67,135.91,134.5,,,,,,,,,,,,,,,,,,,,,,,,,,,,,,,,,,,,,,,,,,,,,,,,,,,,784,3571.7
1786377180,135.665,135.69,135.665,135.69,135.91,134.5,,,,,,,,,,,,,,,,,,,,,,,,,,,,,,,,,,,,,,,,,,,,,,,,,,,,1003,1790.25
1786377240,135.69,135.73,135.68,135.7,135.91,134.5,,,,,,,,,,,,,,,,,,,,,,,,,,,,,,,,,,,,,,,,,,,,,,,,,,,,1373,1791.8
1786377300,135.71,135.75,135.64,135.75,135.91,134.5,,,,,,,,,,,,,,,,,,,,,,,,,,,,,,,,,,,,,,,,,,,,,,,,,,,,2998,1901.85
1786377360,135.78,135.85,135.78,135.81,135.91,134.5,,,,,,,,,,,,,,,,,,,,,,,,,,,,,,,,,,,,,,,,,,,,,,,,,,,,2103,1949.9
1786377420,135.82,135.82,135.69,135.77,135.91,134.5,,,,,,,,,,,,,,,,,,,,,,,,,,,,,,,,,,,,,,,,,,,,,,,,,,,,2690,2004.65
1786377480,135.79,135.79,135.76,135.79,135.91,134.5,,,,,,,,,,,,,,,,,,,,,,,,,,,,,,,,,,,,,,,,,,,,,,,,,,,,713,1857.9
1786377540,135.79,135.805,135.79,135.805,135.91,134.5,,,,,,,,,,,,,,,,,,,,,,,,,,,,,,,,,,,,,,,,,,,,,,,,,,,,1035,1849.6
1786377600,135.81,135.82,135.77,135.81,135.91,134.5,,,,,,,,,,,,,,,,,,,,,,,,,,,,,,,,,,,,,,,,,,,,,,,,,,,,408,1395.05
1786377660,135.79,135.79,135.66,135.67,135.91,134.5,,,,,,,,,,,,,,,,,,,,,,,,,,,,,,,,,,,,,,,,,,,,,,,,,,,,1649,1324.5
1786377720,135.68,135.68,135.57,135.59,135.91,134.5,,,,,,,,,,,,,,,,,,,,,,,,,,,,,,,,,,,,,,,,,,,,,,,,,,,,448,1272
1786377780,135.58,135.6,135.55,135.55,135.91,134.5,,,,,,,,,,,,,,,,,,,,,,,,,,,,,,,,,,,,,,,,,,,,,,,,,,,,405,1224.9
1786377840,135.55,135.55,135.5,135.5,135.91,134.5,,,,,,,,,,,,,,,,,,,,,,,,,,,,,,,,,,,,,,,,,,,,,,,,,,,,660,1116.2
1786377900,135.55,135.67,135.55,135.67,135.91,134.5,,,,,,,,,,,,,,,,,,,,,,,,,,,,,,,,,,,,,,,,,,,,,,,,,,,,187,1064.85
1786377960,135.63,135.63,135.59,135.59,135.91,134.5,,,,,,,,,,,,,,,,,,,,,,,,,,,,,,,,,,,,,,,,,,,,,,,,,,,,2342,1157.1
1786378020,135.6,135.65,135.59,135.64,135.91,134.5,,,,,,,,,,,,,,,,,,,,,,,,,,,,,,,,,,,,,,,,,,,,,,,,,,,,1825,1240.9
1786378080,135.64,135.68,135.64,135.66,135.91,134.5,,,,,,,,,,,,,,,,,,,,,,,,,,,,,,,,,,,,,,,,,,,,,,,,,,,,422,1141.05
1786378140,135.645,135.68,135.63,135.645,135.91,134.5,,,,,,,,,,,,,,,,,,,,,,,,,,,,,,,,,,,,,,,,,,,,,,,,,,,,1019,1171.6
1786378200,135.66,135.66,135.61,135.61,135.91,134.5,,,,,,,,,,,,,,,,,,,,,,,,,,,,,,,,,,,,,,,,,,,,,,,,,,,,560,1164.6
1786378260,135.605,135.65,135.605,135.64,135.91,134.5,,,,,,,,,,,,,,,,,,,,,,,,,,,,,,,,,,,,,,,,,,,,,,,,,,,,1601,1211.25
1786378320,135.64,135.645,135.51,135.51,135.91,134.5,,,,,,,,,,,,,,,,,,,,,,,,,,,,,,,,,,,,,,,,,,,,,,,,,,,,5285,1436.3
1786378380,135.52,135.52,135.47,135.48,135.91,134.5,,,,,,,,,,,,,,,,,,,,,,,,,,,,,,,,,,,,,,,,,,,,,,,,,,,,1483,1460.3
1786378440,135.48,135.48,135.43,135.43,135.91,134.5,,,,,,,,,,,,,,,,,,,,,,,,,,,,,,,,,,,,,,,,,,,,,,,,,,,,151,1399.2
1786378500,135.4,135.405,135.32,135.32,135.91,134.5,,,,,,,,,,,,,,,,,,,,,,,,,,,,,,,,,,,,,,,,,,,,,,,,,,,,1927,1345.65
1786378560,135.34,135.37,135.32,135.32,135.91,134.5,,,,,,,,,,,,,,,,,,,,,,,,,,,,,,,,,,,,,,,,,,,,,,,,,,,,1740,1327.5
1786378620,135.3,135.31,135.27,135.27,135.91,134.5,,,,,,,,,,,,,,,,,,,,,,,,,,,,,,,,,,,,,,,,,,,,,,,,,,,,103,1198.15
1786378680,135.26,135.3,135.25,135.3,135.91,134.5,,,,,,,,,,,,,,,,,,,,,,,,,,,,,,,,,,,,,,,,,,,,,,,,,,,,430,1184
1786378740,135.29,135.31,135.29,135.31,135.91,134.5,,,,,,,,,,,,,,,,,,,,,,,,,,,,,,,,,,,,,,,,,,,,,,,,,,,,126,1138.55
1786378800,135.32,135.35,135.26,135.26,135.91,134.5,,,,,,,,,,,,,,,,,,,,,,,,,,,,,,,,,,,,,,,,,,,,,,,,,,,,1733,1204.8
1786378860,135.27,135.27,135.16,135.17,135.91,134.5,,,,,,,,,,,,,,,,,,,,,,,,,,,,,,,,,,,,,,,,,,,,,,,,,,,,2668,1255.75
1786378920,135.19,135.23,135.19,135.23,135.91,134.5,,,,,,,,,,,,,,,,,,,,,,,,,,,,,,,,,,,,,,,,,,,,,,,,,,,,651,1265.9
1786378980,135.21,135.28,135.205,135.26,135.91,134.5,,,,,,,,,,,,,,,,,,,,,,,,,,,,,,,,,,,,,,,,,,,,,,,,,,,,1259,1308.6
1786379040,135.31,135.41,135.3,135.41,135.91,134.5,,,,,,,,,,,,,,,,,,,,,,,,,,,,,,,,,,,,,,,,,,,,,,,,,,,,438,1297.5
1786379100,135.41,135.435,135.38,135.435,135.91,134.5,,,,,,,,,,,,,,,,,,,,,,,,,,,,,,,,,,,,,,,,,,,,,,,,,,,,2029,1389.6
1786379160,135.45,135.49,135.45,135.48,135.91,134.5,,,,,,,,,,,,,,,,,,,,,,,,,,,,,,,,,,,,,,,,,,,,,,,,,,,,433,1294.15
1786379220,135.48,135.48,135.4,135.42,135.91,134.5,,,,,,,,,,,,,,,,,,,,,,,,,,,,,,,,,,,,,,,,,,,,,,,,,,,,1830,1294.4
1786379280,135.46,135.49,135.46,135.49,135.91,134.5,,,,,,,,,,,,,,,,,,,,,,,,,,,,,,,,,,,,,,,,,,,,,,,,,,,,253,1285.95
1786379340,135.51,135.52,135.49,135.52,135.91,134.5,,,,,,,,,,,,,,,,,,,,,,,,,,,,,,,,,,,,,,,,,,,,,,,,,,,,86,1239.3
1786379400,135.52,135.52,135.49,135.49,135.91,134.5,,,,,,,,,,,,,,,,,,,,,,,,,,,,,,,,,,,,,,,,,,,,,,,,,,,,672,1244.9
1786379460,135.51,135.62,135.44,135.46,135.91,134.5,,,,,,,,,,,,,,,,,,,,,,,,,,,,,,,,,,,,,,,,,,,,,,,,,,,,10831,1706.4
1786379520,135.5,135.56,135.3,135.53,135.91,134.5,,,,,,,,,,,,,,,,,,,,,,,,,,,,,,,,,,,,,,,,,,,,,,,,,,,,5360,1710.15
1786379580,135.53,135.58,135.49,135.53,135.91,134.5,,,,,,,,,,,,,,,,,,,,,,,,,,,,,,,,,,,,,,,,,,,,,,,,,,,,1128,1692.4
1786379640,135.52,135.52,135.47,135.49,135.91,134.5,,,,,,,,,,,,,,,,,,,,,,,,,,,,,,,,,,,,,,,,,,,,,,,,,,,,557,1712.7
1786379700,135.47,135.53,135.44,135.46,135.91,134.5,,,,,,,,,,,,,,,,,,,,,,,,,,,,,,,,,,,,,,,,,,,,,,,,,,,,1383,1685.5
1786379760,135.43,135.58,135.41,135.58,135.91,134.5,,,,,,,,,,,,,,,,,,,,,,,,,,,,,,,,,,,,,,,,,,,,,,,,,,,,928,1644.9
1786379820,135.59,135.62,135.56,135.58,135.91,134.5,,,,,,,,,,,,,,,,,,,,,,,,,,,,,,,,,,,,,,,,,,,,,,,,,,,,1907,1735.1
1786379880,135.585,135.63,135.57,135.59,135.91,134.5,,,,,,,,,,,,,,,,,,,,,,,,,,,,,,,,,,,,,,,,,,,,,,,,,,,,1267,1776.95
1786379940,135.59,135.61,135.58,135.59,135.91,134.5,,,,,,,,,,,,,,,,,,,,,,,,,,,,,,,,,,,,,,,,,,,,,,,,,,,,988,1820.05
1786380000,135.58,135.63,135.58,135.62,135.91,134.5,,,,,,,,,,,,,,,,,,,,,,,,,,,,,,,,,,,,,,,,,,,,,,,,,,,,711,1768.95
1786380060,135.6,135.6,135.48,135.49,135.91,134.5,,,,,,,,,,,,,,,,,,,,,,,,,,,,,,,,,,,,,,,,,,,,,,,,,,,,1445,1707.8
1786380120,135.49,135.515,135.49,135.5,135.91,134.5,,,,,,,,,,,,,,,,,,,,,,,,,,,,,,,,,,,,,,,,,,,,,,,,,,,,677,1709.1
1786380180,135.505,135.505,135.44,135.44,135.91,134.5,,,,,,,,,,,,,,,,,,,,,,,,,,,,,,,,,,,,,,,,,,,,,,,,,,,,751,1683.7
1786380240,135.43,135.45,135.41,135.43,135.91,134.5,,,,,,,,,,,,,,,,,,,,,,,,,,,,,,,,,,,,,,,,,,,,,,,,,,,,1504,1737
1786380300,135.41,135.435,135.35,135.435,135.91,134.5,,,,,,,,,,,,,,,,,,,,,,,,,,,,,,,,,,,,,,,,,,,,,,,,,,,,787,1674.9
1786380360,135.41,135.48,135.41,135.48,135.91,134.5,,,,,,,,,,,,,,,,,,,,,,,,,,,,,,,,,,,,,,,,,,,,,,,,,,,,936,1700.05
1786380420,135.49,135.54,135.47,135.54,135.91,134.5,,,,,,,,,,,,,,,,,,,,,,,,,,,,,,,,,,,,,,,,,,,,,,,,,,,,463,1631.7
1786380480,135.53,135.56,135.505,135.54,135.91,134.5,,,,,,,,,,,,,,,,,,,,,,,,,,,,,,,,,,,,,,,,,,,,,,,,,,,,1991,1718.6
1786380540,135.55,135.58,135.53,135.53,135.91,134.5,,,,,,,,,,,,,,,,,,,,,,,,,,,,,,,,,,,,,,,,,,,,,,,,,,,,1290,1778.8
1786380600,135.515,135.54,135.5,135.51,135.91,134.5,,,,,,,,,,,,,,,,,,,,,,,,,,,,,,,,,,,,,,,,,,,,,,,,,,,,643,1777.35
1786380660,135.52,135.52,135.19,135.25,135.91,134.5,,,,,,,,,,,,,,,,,,,,,,,,,,,,,,,,,,,,,,,,,,,,,,,,,,,,3251,1398.35
1786380720,135.27,135.34,135.23,135.32,135.91,134.5,,,,,,,,,,,,,,,,,,,,,,,,,,,,,,,,,,,,,,,,,,,,,,,,,,,,767,1168.7
1786380780,135.32,135.32,135.25,135.26,135.91,134.5,,,,,,,,,,,,,,,,,,,,,,,,,,,,,,,,,,,,,,,,,,,,,,,,,,,,539,1139.25
1786380840,135.28,135.28,135.28,135.28,135.91,134.5,,,,,,,,,,,,,,,,,,,,,,,,,,,,,,,,,,,,,,,,,,,,,,,,,,,,132,1118
1786380900,135.29,135.33,135.285,135.3,135.91,134.5,,,,,,,,,,,,,,,,,,,,,,,,,,,,,,,,,,,,,,,,,,,,,,,,,,,,1109,1104.3
1786380960,135.28,135.28,135.24,135.26,135.91,134.5,,,,,,,,,,,,,,,,,,,,,,,,,,,,,,,,,,,,,,,,,,,,,,,,,,,,1699,1142.85
1786381020,135.255,135.26,135.16,135.18,135.91,134.5,,,,,,,,,,,,,,,,,,,,,,,,,,,,,,,,,,,,,,,,,,,,,,,,,,,,2565,1175.75
1786381080,135.15,135.15,135.13,135.13,135.91,134.5,,,,,,,,,,,,,,,,,,,,,,,,,,,,,,,,,,,,,,,,,,,,,,,,,,,,638,1144.3
1786381140,135.15,135.17,135.135,135.16,135.91,134.5,,,,,,,,,,,,,,,,,,,,,,,,,,,,,,,,,,,,,,,,,,,,,,,,,,,,750,1132.4
1786381200,135.15,135.16,135.11,135.14,135.91,134.5,,,,,,,,,,,,,,,,,,,,,,,,,,,,,,,,,,,,,,,,,,,,,,,,,,,,2428,1218.25
1786381260,135.14,135.15,135.12,135.13,135.91,134.5,,,,,,,,,,,,,,,,,,,,,,,,,,,,,,,,,,,,,,,,,,,,,,,,,,,,413,1166.65
1786381320,135.13,135.14,135.1,135.14,135.91,134.5,,,,,,,,,,,,,,,,,,,,,,,,,,,,,,,,,,,,,,,,,,,,,,,,,,,,1274,1196.5
1786381380,135.16,135.16,135.11,135.11,135.91,134.5,,,,,,,,,,,,,,,,,,,,,,,,,,,,,,,,,,,,,,,,,,,,,,,,,,,,552,1186.55
1786381440,135.1,135.13,135.08,135.13,135.91,134.5,,,,,,,,,,,,,,,,,,,,,,,,,,,,,,,,,,,,,,,,,,,,,,,,,,,,1084,1165.55
1786381500,135.12,135.14,135.08,135.08,135.91,134.5,,,,,,,,,,,,,,,,,,,,,,,,,,,,,,,,,,,,,,,,,,,,,,,,,,,,180,1135.2
1786381560,135.08,135.12,135.07,135.07,135.91,134.5,,,,,,,,,,,,,,,,,,,,,,,,,,,,,,,,,,,,,,,,,,,,,,,,,,,,671,1121.95
1786381620,135.01,135.07,135.01,135.07,135.91,134.5,,,,,,,,,,,,,,,,,,,,,,,,,,,,,,,,,,,,,,,,,,,,,,,,,,,,1347,1166.15
1786381680,135.09,135.13,135.09,135.11,135.91,134.5,,,,,,,,,,,,,,,,,,,,,,,,,,,,,,,,,,,,,,,,,,,,,,,,,,,,357,1084.45
1786381740,135.11,135.12,135.1,135.1,135.91,134.5,,,,,,,,,,,,,,,,,,,,,,,,,,,,,,,,,,,,,,,,,,,,,,,,,,,,453,1042.6
1786381800,135.12,135.17,135.06,135.06,135.91,134.5,,,,,,,,,,,,,,,,,,,,,,,,,,,,,,,,,,,,,,,,,,,,,,,,,,,,377,1029.3
1786381860,135.09,135.13,135.08,135.1,135.91,134.5,,,,,,,,,,,,,,,,,,,,,,,,,,,,,,,,,,,,,,,,,,,,,,,,,,,,499,891.7
1786381980,135.06,135.07,135.03,135.07,135.91,134.5,,,,,,,,,,,,,,,,,,,,,,,,,,,,,,,,,,,,,,,,,,,,,,,,,,,,544,880.55
1786382040,135.04,135.05,135.02,135.02,135.91,134.5,,,,,,,,,,,,,,,,,,,,,,,,,,,,,,,,,,,,,,,,,,,,,,,,,,,,705,888.85
1786382100,135.02,135.04,135,135.01,135.91,134.5,,,,,,,,,,,,,,,,,,,,,,,,,,,,,,,,,,,,,,,,,,,,,,,,,,,,2976,1031.05
1786382160,135.02,135.07,135.02,135.06,135.91,134.5,,,,,,,,,,,,,,,,,,,,,,,,,,,,,,,,,,,,,,,,,,,,,,,,,,,,497,1000.45
1786382220,135.04,135.04,135.02,135.03,135.91,134.5,,,,,,,,,,,,,,,,,,,,,,,,,,,,,,,,,,,,,,,,,,,,,,,,,,,,534,942.2
1786382280,135.04,135.04,135.01,135.01,135.91,134.5,,,,,,,,,,,,,,,,,,,,,,,,,,,,,,,,,,,,,,,,,,,,,,,,,,,,1031,865.5
1786382340,135.02,135.04,135.01,135.03,135.91,134.5,,,,,,,,,,,,,,,,,,,,,,,,,,,,,,,,,,,,,,,,,,,,,,,,,,,,707,868.95
1786382400,135.04,135.04,134.98,134.98,135.91,134.5,,,,,,,,,,,,,,,,,,,,,,,,,,,,,,,,,,,,,,,,,,,,,,,,,,,,685,865.7
1786382460,134.95,134.95,134.915,134.92,135.91,134.5,,,,,,,,,,,,,,,,,,,,,,,,,,,,,,,,,,,,,,,,,,,,,,,,,,,,3105,899.55
1786382520,134.91,134.98,134.9,134.98,135.91,134.5,,,,,,,,,,,,,,,,,,,,,,,,,,,,,,,,,,,,,,,,,,,,,,,,,,,,1636,960.7
1786382580,134.98,134.99,134.98,134.99,135.91,134.5,,,,,,,,,,,,,,,,,,,,,,,,,,,,,,,,,,,,,,,,,,,,,,,,,,,,255,909.75
1786382640,134.98,135.01,134.98,135.01,135.91,134.5,,,,,,,,,,,,,,,,,,,,,,,,,,,,,,,,,,,,,,,,,,,,,,,,,,,,1353,949.8
1786382700,135.02,135.02,135.01,135.01,135.91,134.5,,,,,,,,,,,,,,,,,,,,,,,,,,,,,,,,,,,,,,,,,,,,,,,,,,,,585,924.85
1786382760,135.02,135.03,135.02,135.03,135.91,134.5,,,,,,,,,,,,,,,,,,,,,,,,,,,,,,,,,,,,,,,,,,,,,,,,,,,,519,941.8
1786382820,135.03,135.07,135.03,135.06,135.91,134.5,,,,,,,,,,,,,,,,,,,,,,,,,,,,,,,,,,,,,,,,,,,,,,,,,,,,1106,963.55
1786382880,135.05,135.06,135.02,135.03,135.91,134.5,,,,,,,,,,,,,,,,,,,,,,,,,,,,,,,,,,,,,,,,,,,,,,,,,,,,663,929.35
1786382940,135.04,135.05,135.03,135.045,135.91,134.5,,,,,,,,,,,,,,,,,,,,,,,,,,,,,,,,,,,,,,,,,,,,,,,,,,,,242,923.6
1786383000,135.04,135.08,135.01,135.01,135.91,134.5,,,,,,,,,,,,,,,,,,,,,,,,,,,,,,,,,,,,,,,,,,,,,,,,,,,,2817,1041.8
1786383060,135.005,135.04,134.99,135.02,135.91,134.5,,,,,,,,,,,,,,,,,,,,,,,,,,,,,,,,,,,,,,,,,,,,,,,,,,,,270,1036.45
1786383120,135,135.09,135,135.09,135.91,134.5,,,,,,,,,,,,,,,,,,,,,,,,,,,,,,,,,,,,,,,,,,,,,,,,,,,,1833,1103.15
1786383180,135.08,135.09,135.06,135.06,135.91,134.5,,,,,,,,,,,,,,,,,,,,,,,,,,,,,,,,,,,,,,,,,,,,,,,,,,,,142,1083.05
1786383240,135.08,135.11,135.08,135.11,135.91,134.5,,,,,,,,,,,,,,,,,,,,,,,,,,,,,,,,,,,,,,,,,,,,,,,,,,,,1154,1105.5
1786383300,135.12,135.13,135.08,135.09,135.91,134.5,,,,,,,,,,,,,,,,,,,,,,,,,,,,,,,,,,,,,,,,,,,,,,,,,,,,1563,1034.85
1786383360,135.11,135.15,135.11,135.15,135.91,134.5,,,,,,,,,,,,,,,,,,,,,,,,,,,,,,,,,,,,,,,,,,,,,,,,,,,,1027,1061.35
1786383420,135.16,135.16,135.13,135.15,135.91,134.5,,,,,,,,,,,,,,,,,,,,,,,,,,,,,,,,,,,,,,,,,,,,,,,,,,,,680,1068.65
1786383480,135.17,135.19,135.17,135.19,135.91,134.5,,,,,,,,,,,,,,,,,,,,,,,,,,,,,,,,,,,,,,,,,,,,,,,,,,,,672,1050.7
1786383540,135.22,135.29,135.22,135.29,135.91,134.5,,,,,,,,,,,,,,,,,,,,,,,,,,,,,,,,,,,,,,,,,,,,,,,,,,,,225,1026.6
1786383600,135.29,135.31,135.27,135.31,135.91,134.5,,,,,,,,,,,,,,,,,,,,,,,,,,,,,,,,,,,,,,,,,,,,,,,,,,,,584,1021.55
1786383660,135.32,135.33,135.32,135.33,135.91,134.5,,,,,,,,,,,,,,,,,,,,,,,,,,,,,,,,,,,,,,,,,,,,,,,,,,,,234,878
1786383720,135.35,135.35,135.315,135.33,135.91,134.5,,,,,,,,,,,,,,,,,,,,,,,,,,,,,,,,,,,,,,,,,,,,,,,,,,,,618,827.1
1786383780,135.34,135.35,135.34,135.35,135.91,134.5,,,,,,,,,,,,,,,,,,,,,,,,,,,,,,,,,,,,,,,,,,,,,,,,,,,,270,827.85
1786383840,135.36,135.54,135.36,135.54,135.91,134.5,,,,,,,,,,,,,,,,,,,,,,,,,,,,,,,,,,,,,,,,,,,,,,,,,,,,4803,1000.35
1786383900,135.54,135.54,135.5,135.52,135.91,134.5,,,,,,,,,,,,,,,,,,,,,,,,,,,,,,,,,,,,,,,,,,,,,,,,,,,,2489,1095.55
1786383960,135.53,135.545,135.52,135.545,135.91,134.5,,,,,,,,,,,,,,,,,,,,,,,,,,,,,,,,,,,,,,,,,,,,,,,,,,,,1955,1167.35
1786384020,135.57,135.57,135.51,135.55,135.91,134.5,,,,,,,,,,,,,,,,,,,,,,,,,,,,,,,,,,,,,,,,,,,,,,,,,,,,1071,1165.6
1786384080,135.54,135.54,135.49,135.53,135.91,134.5,,,,,,,,,,,,,,,,,,,,,,,,,,,,,,,,,,,,,,,,,,,,,,,,,,,,1655,1215.2
1786384140,135.53,135.58,135.53,135.57,135.91,134.5,,,,,,,,,,,,,,,,,,,,,,,,,,,,,,,,,,,,,,,,,,,,,,,,,,,,893,1247.75
1786384200,135.55,135.58,135.54,135.54,135.91,134.5,,,,,,,,,,,,,,,,,,,,,,,,,,,,,,,,,,,,,,,,,,,,,,,,,,,,1006,1157.2
1786384260,135.54,135.57,135.54,135.54,135.91,134.5,,,,,,,,,,,,,,,,,,,,,,,,,,,,,,,,,,,,,,,,,,,,,,,,,,,,580,1172.7
1786384320,135.55,135.56,135.55,135.55,135.91,134.5,,,,,,,,,,,,,,,,,,,,,,,,,,,,,,,,,,,,,,,,,,,,,,,,,,,,780,1120.05
1786384380,135.54,135.55,135.5,135.5,135.91,134.5,,,,,,,,,,,,,,,,,,,,,,,,,,,,,,,,,,,,,,,,,,,,,,,,,,,,2475,1236.7
1786384440,135.5,135.51,135.44,135.45,135.91,134.5,,,,,,,,,,,,,,,,,,,,,,,,,,,,,,,,,,,,,,,,,,,,,,,,,,,,1084,1233.2
1786384500,135.49,135.49,135.415,135.415,135.91,134.5,,,,,,,,,,,,,,,,,,,,,,,,,,,,,,,,,,,,,,,,,,,,,,,,,,,,834,1196.75
1786384560,135.42,135.44,135.37,135.38,135.91,134.5,,,,,,,,,,,,,,,,,,,,,,,,,,,,,,,,,,,,,,,,,,,,,,,,,,,,1137,1202.25
1786384620,135.37,135.405,135.36,135.4,135.91,134.5,,,,,,,,,,,,,,,,,,,,,,,,,,,,,,,,,,,,,,,,,,,,,,,,,,,,303,1183.4
1786384680,135.41,135.41,135.35,135.35,135.91,134.5,,,,,,,,,,,,,,,,,,,,,,,,,,,,,,,,,,,,,,,,,,,,,,,,,,,,1414,1220.5
1786384740,135.355,135.45,135.35,135.43,135.91,134.5,,,,,,,,,,,,,,,,,,,,,,,,,,,,,,,,,,,,,,,,,,,,,,,,,,,,2765,1347.5
1786384800,135.4,135.44,135.36,135.44,135.91,134.5,,,,,,,,,,,,,,,,,,,,,,,,,,,,,,,,,,,,,,,,,,,,,,,,,,,,1272,1381.9
1786384860,135.44,135.44,135.4,135.4,135.91,134.5,,,,,,,,,,,,,,,,,,,,,,,,,,,,,,,,,,,,,,,,,,,,,,,,,,,,851,1412.75
1786384920,135.4,135.41,135.34,135.37,135.91,134.5,,,,,,,,,,,,,,,,,,,,,,,,,,,,,,,,,,,,,,,,,,,,,,,,,,,,1304,1447.05
1786384980,135.37,135.37,135.35,135.37,135.91,134.5,,,,,,,,,,,,,,,,,,,,,,,,,,,,,,,,,,,,,,,,,,,,,,,,,,,,1449,1506
1786385040,135.38,135.45,135.38,135.44,135.91,134.5,,,,,,,,,,,,,,,,,,,,,,,,,,,,,,,,,,,,,,,,,,,,,,,,,,,,1102,1320.95
1786385100,135.44,135.49,135.44,135.46,135.91,134.5,,,,,,,,,,,,,,,,,,,,,,,,,,,,,,,,,,,,,,,,,,,,,,,,,,,,1683,1280.65
1786385160,135.46,135.46,135.46,135.46,135.91,134.5,,,,,,,,,,,,,,,,,,,,,,,,,,,,,,,,,,,,,,,,,,,,,,,,,,,,275,1196.65
1786385220,135.45,135.46,135.44,135.45,135.91,134.5,,,,,,,,,,,,,,,,,,,,,,,,,,,,,,,,,,,,,,,,,,,,,,,,,,,,809,1183.55
1786385280,135.43,135.47,135.43,135.45,135.91,134.5,,,,,,,,,,,,,,,,,,,,,,,,,,,,,,,,,,,,,,,,,,,,,,,,,,,,1837,1192.65
1786385340,135.44,135.45,135.4,135.41,135.91,134.5,,,,,,,,,,,,,,,,,,,,,,,,,,,,,,,,,,,,,,,,,,,,,,,,,,,,1665,1231.25
1786385400,135.43,135.45,135.42,135.45,135.91,134.5,,,,,,,,,,,,,,,,,,,,,,,,,,,,,,,,,,,,,,,,,,,,,,,,,,,,1971,1279.5
1786385460,135.47,135.47,135.46,135.46,135.91,134.5,,,,,,,,,,,,,,,,,,,,,,,,,,,,,,,,,,,,,,,,,,,,,,,,,,,,1459,1323.45
1786385520,135.45,135.47,135.45,135.46,135.91,134.5,,,,,,,,,,,,,,,,,,,,,,,,,,,,,,,,,,,,,,,,,,,,,,,,,,,,1043,1336.6
1786385580,135.45,135.45,135.415,135.43,135.91,134.5,,,,,,,,,,,,,,,,,,,,,,,,,,,,,,,,,,,,,,,,,,,,,,,,,,,,1396,1282.65
1786385640,135.44,135.44,135.32,135.32,135.91,134.5,,,,,,,,,,,,,,,,,,,,,,,,,,,,,,,,,,,,,,,,,,,,,,,,,,,,1483,1302.6
1786385700,135.31,135.42,135.31,135.42,135.91,134.5,,,,,,,,,,,,,,,,,,,,,,,,,,,,,,,,,,,,,,,,,,,,,,,,,,,,393,1280.55
1786385760,135.44,135.45,135.44,135.45,135.91,134.5,,,,,,,,,,,,,,,,,,,,,,,,,,,,,,,,,,,,,,,,,,,,,,,,,,,,289,1238.15
1786385820,135.43,135.44,135.43,135.44,135.91,134.5,,,,,,,,,,,,,,,,,,,,,,,,,,,,,,,,,,,,,,,,,,,,,,,,,,,,373,1241.65
1786385880,135.45,135.45,135.39,135.39,135.91,134.5,,,,,,,,,,,,,,,,,,,,,,,,,,,,,,,,,,,,,,,,,,,,,,,,,,,,1287,1235.3
1786385940,135.39,135.39,135.39,135.39,135.91,134.5,,,,,,,,,,,,,,,,,,,,,,,,,,,,,,,,,,,,,,,,,,,,,,,,,,,,705,1132.3
1786386000,135.37,135.37,135.36,135.36,135.91,134.5,,,,,,,,,,,,,,,,,,,,,,,,,,,,,,,,,,,,,,,,,,,,,,,,,,,,1620,1149.7
1786386060,135.39,135.42,135.39,135.4,135.91,134.5,,,,,,,,,,,,,,,,,,,,,,,,,,,,,,,,,,,,,,,,,,,,,,,,,,,,446,1129.45
1786386120,135.41,135.44,135.41,135.44,135.91,134.5,,,,,,,,,,,,,,,,,,,,,,,,,,,,,,,,,,,,,,,,,,,,,,,,,,,,569,1092.7
1786386180,135.41,135.44,135.405,135.44,135.91,134.5,,,,,,,,,,,,,,,,,,,,,,,,,,,,,,,,,,,,,,,,,,,,,,,,,,,,305,1035.5
1786386240,135.44,135.45,135.44,135.45,135.91,134.5,,,,,,,,,,,,,,,,,,,,,,,,,,,,,,,,,,,,,,,,,,,,,,,,,,,,168,988.8
1786386300,135.45,135.45,135.43,135.45,135.91,134.5,,,,,,,,,,,,,,,,,,,,,,,,,,,,,,,,,,,,,,,,,,,,,,,,,,,,777,943.5
1786386360,135.46,135.46,135.45,135.46,135.91,134.5,,,,,,,,,,,,,,,,,,,,,,,,,,,,,,,,,,,,,,,,,,,,,,,,,,,,234,941.45
1786386420,135.47,135.51,135.47,135.5,135.91,134.5,,,,,,,,,,,,,,,,,,,,,,,,,,,,,,,,,,,,,,,,,,,,,,,,,,,,1146,958.3
1786386480,135.5,135.54,135.5,135.51,135.91,134.5,,,,,,,,,,,,,,,,,,,,,,,,,,,,,,,,,,,,,,,,,,,,,,,,,,,,198,876.35
1786386540,135.51,135.53,135.5,135.51,135.91,134.5,,,,,,,,,,,,,,,,,,,,,,,,,,,,,,,,,,,,,,,,,,,,,,,,,,,,355,810.85
1786386600,135.45,135.49,135.44,135.49,135.91,134.5,,,,,,,,,,,,,,,,,,,,,,,,,,,,,,,,,,,,,,,,,,,,,,,,,,,,1533,788.95
1786386660,135.5,135.5,135.47,135.5,135.91,134.5,,,,,,,,,,,,,,,,,,,,,,,,,,,,,,,,,,,,,,,,,,,,,,,,,,,,363,734.15
1786386720,135.5,135.5,135.43,135.43,135.91,134.5,,,,,,,,,,,,,,,,,,,,,,,,,,,,,,,,,,,,,,,,,,,,,,,,,,,,1487,756.35
1786386780,135.46,135.46,135.41,135.46,135.91,134.5,,,,,,,,,,,,,,,,,,,,,,,,,,,,,,,,,,,,,,,,,,,,,,,,,,,,1863,779.7
1786386840,135.45,135.48,135.44,135.44,135.91,134.5,,,,,,,,,,,,,,,,,,,,,,,,,,,,,,,,,,,,,,,,,,,,,,,,,,,,1170,764.05
1786386900,135.44,135.52,135.44,135.52,135.91,134.5,,,,,,,,,,,,,,,,,,,,,,,,,,,,,,,,,,,,,,,,,,,,,,,,,,,,541,771.45
1786386960,135.55,135.555,135.515,135.515,135.91,134.5,,,,,,,,,,,,,,,,,,,,,,,,,,,,,,,,,,,,,,,,,,,,,,,,,,,,528,783.4
1786387020,135.5,135.5,135.45,135.48,135.91,134.5,,,,,,,,,,,,,,,,,,,,,,,,,,,,,,,,,,,,,,,,,,,,,,,,,,,,320,780.75
1786387080,135.47,135.53,135.47,135.53,135.91,134.5,,,,,,,,,,,,,,,,,,,,,,,,,,,,,,,,,,,,,,,,,,,,,,,,,,,,245,728.65
1786387140,135.54,135.56,135.54,135.54,135.91,134.5,,,,,,,,,,,,,,,,,,,,,,,,,,,,,,,,,,,,,,,,,,,,,,,,,,,,312,709
1786387200,135.57,135.57,135.55,135.55,135.91,134.5,,,,,,,,,,,,,,,,,,,,,,,,,,,,,,,,,,,,,,,,,,,,,,,,,,,,56,630.8
1786387260,135.55,135.57,135.55,135.57,135.91,134.5,,,,,,,,,,,,,,,,,,,,,,,,,,,,,,,,,,,,,,,,,,,,,,,,,,,,621,639.55
1786387320,135.58,135.62,135.58,135.62,135.91,134.5,,,,,,,,,,,,,,,,,,,,,,,,,,,,,,,,,,,,,,,,,,,,,,,,,,,,500,636.1
1786387380,135.62,135.62,135.58,135.58,135.91,134.5,,,,,,,,,,,,,,,,,,,,,,,,,,,,,,,,,,,,,,,,,,,,,,,,,,,,1580,699.85
1786387440,135.56,135.58,135.56,135.58,135.91,134.5,,,,,,,,,,,,,,,,,,,,,,,,,,,,,,,,,,,,,,,,,,,,,,,,,,,,1105,746.7
1786387500,135.57,135.59,135.565,135.59,135.91,134.5,,,,,,,,,,,,,,,,,,,,,,,,,,,,,,,,,,,,,,,,,,,,,,,,,,,,1107,763.2
1786387560,135.59,135.6,135.59,135.6,135.91,134.5,,,,,,,,,,,,,,,,,,,,,,,,,,,,,,,,,,,,,,,,,,,,,,,,,,,,1149,808.95
1786387620,135.61,135.68,135.59,135.68,135.91,134.5,,,,,,,,,,,,,,,,,,,,,,,,,,,,,,,,,,,,,,,,,,,,,,,,,,,,1225,812.9
1786387680,135.68,135.72,135.68,135.7,135.91,134.5,,,,,,,,,,,,,,,,,,,,,,,,,,,,,,,,,,,,,,,,,,,,,,,,,,,,242,815.1
1786387740,135.7,135.71,135.64,135.64,135.91,134.5,,,,,,,,,,,,,,,,,,,,,,,,,,,,,,,,,,,,,,,,,,,,,,,,,,,,1318,863.25
1786387800,135.64,135.69,135.64,135.65,135.91,134.5,,,,,,,,,,,,,,,,,,,,,,,,,,,,,,,,,,,,,,,,,,,,,,,,,,,,2187,895.95
1786387860,135.64,135.7,135.64,135.67,135.91,134.5,,,,,,,,,,,,,,,,,,,,,,,,,,,,,,,,,,,,,,,,,,,,,,,,,,,,859,920.75
1786387920,135.69,135.71,135.68,135.7,135.91,134.5,,,,,,,,,,,,,,,,,,,,,,,,,,,,,,,,,,,,,,,,,,,,,,,,,,,,1146,903.7
1786387980,135.68,135.75,135.68,135.75,135.91,134.5,,,,,,,,,,,,,,,,,,,,,,,,,,,,,,,,,,,,,,,,,,,,,,,,,,,,628,841.95
1786388040,135.74,135.74,135.72,135.73,135.91,134.5,,,,,,,,,,,,,,,,,,,,,,,,,,,,,,,,,,,,,,,,,,,,,,,,,,,,734,820.15
1786388100,135.72,135.74,135.71,135.74,135.91,134.5,,,,,,,,,,,,,,,,,,,,,,,,,,,,,,,,,,,,,,,,,,,,,,,,,,,,1066,846.4
1786388160,135.74,135.76,135.71,135.76,135.91,134.5,,,,,,,,,,,,,,,,,,,,,,,,,,,,,,,,,,,,,,,,,,,,,,,,,,,,387,839.35
1786388220,135.73,135.75,135.72,135.73,135.91,134.5,,,,,,,,,,,,,,,,,,,,,,,,,,,,,,,,,,,,,,,,,,,,,,,,,,,,1459,896.3
1786388280,135.73,135.73,135.72,135.73,135.91,134.5,,,,,,,,,,,,,,,,,,,,,,,,,,,,,,,,,,,,,,,,,,,,,,,,,,,,176,892.85
1786388340,135.715,135.73,135.69,135.69,135.91,134.5,,,,,,,,,,,,,,,,,,,,,,,,,,,,,,,,,,,,,,,,,,,,,,,,,,,,602,907.35
1786388400,135.7,135.71,135.67,135.67,135.91,134.5,,,,,,,,,,,,,,,,,,,,,,,,,,,,,,,,,,,,,,,,,,,,,,,,,,,,539,931.5
1786388460,135.65,135.68,135.64,135.67,135.91,134.5,,,,,,,,,,,,,,,,,,,,,,,,,,,,,,,,,,,,,,,,,,,,,,,,,,,,791,940
1786388520,135.65,135.65,135.55,135.58,135.91,134.5,,,,,,,,,,,,,,,,,,,,,,,,,,,,,,,,,,,,,,,,,,,,,,,,,,,,547,942.35
1786388580,135.575,135.61,135.575,135.61,135.91,134.5,,,,,,,,,,,,,,,,,,,,,,,,,,,,,,,,,,,,,,,,,,,,,,,,,,,,255,876.1
1786388640,135.59,135.63,135.57,135.63,135.91,134.5,,,,,,,,,,,,,,,,,,,,,,,,,,,,,,,,,,,,,,,,,,,,,,,,,,,,756,858.65
1786388700,135.64,135.73,135.64,135.68,135.91,134.5,,,,,,,,,,,,,,,,,,,,,,,,,,,,,,,,,,,,,,,,,,,,,,,,,,,,1599,883.25
1786388760,135.7,135.7,135.66,135.66,135.91,134.5,,,,,,,,,,,,,,,,,,,,,,,,,,,,,,,,,,,,,,,,,,,,,,,,,,,,3253,988.45
1786388820,135.62,135.64,135.61,135.63,135.91,134.5,,,,,,,,,,,,,,,,,,,,,,,,,,,,,,,,,,,,,,,,,,,,,,,,,,,,1361,995.25
1786388880,135.63,135.64,135.605,135.63,135.91,134.5,,,,,,,,,,,,,,,,,,,,,,,,,,,,,,,,,,,,,,,,,,,,,,,,,,,,971,1031.7
1786388940,135.63,135.64,135.59,135.62,135.91,134.5,,,,,,,,,,,,,,,,,,,,,,,,,,,,,,,,,,,,,,,,,,,,,,,,,,,,1869,1059.25
1786389000,135.61,135.61,135.58,135.58,135.91,134.5,,,,,,,,,,,,,,,,,,,,,,,,,,,,,,,,,,,,,,,,,,,,,,,,,,,,866,993.2
1786389060,135.6,135.6,135.57,135.57,135.91,134.5,,,,,,,,,,,,,,,,,,,,,,,,,,,,,,,,,,,,,,,,,,,,,,,,,,,,1343,1017.4
1786389120,135.54,135.56,135.52,135.53,135.91,134.5,,,,,,,,,,,,,,,,,,,,,,,,,,,,,,,,,,,,,,,,,,,,,,,,,,,,1382,1029.2
1786389180,135.51,135.51,135.47,135.47,135.91,134.5,,,,,,,,,,,,,,,,,,,,,,,,,,,,,,,,,,,,,,,,,,,,,,,,,,,,458,1020.7
1786389240,135.47,135.47,135.44,135.47,135.91,134.5,,,,,,,,,,,,,,,,,,,,,,,,,,,,,,,,,,,,,,,,,,,,,,,,,,,,1904,1079.2
1786389300,135.47,135.49,135.45,135.49,135.91,134.5,,,,,,,,,,,,,,,,,,,,,,,,,,,,,,,,,,,,,,,,,,,,,,,,,,,,4822,1267
1786389360,135.48,135.48,135.44,135.44,135.91,134.5,,,,,,,,,,,,,,,,,,,,,,,,,,,,,,,,,,,,,,,,,,,,,,,,,,,,701,1282.7
1786389420,135.41,135.47,135.41,135.45,135.91,134.5,,,,,,,,,,,,,,,,,,,,,,,,,,,,,,,,,,,,,,,,,,,,,,,,,,,,1239,1271.7
1786389480,135.47,135.49,135.45,135.46,135.91,134.5,,,,,,,,,,,,,,,,,,,,,,,,,,,,,,,,,,,,,,,,,,,,,,,,,,,,3430,1434.4
1786389540,135.46,135.47,135.45,135.46,135.91,134.5,,,,,,,,,,,,,,,,,,,,,,,,,,,,,,,,,,,,,,,,,,,,,,,,,,,,2743,1541.45
1786389600,135.47,135.48,135.41,135.41,135.91,134.5,,,,,,,,,,,,,,,,,,,,,,,,,,,,,,,,,,,,,,,,,,,,,,,,,,,,1335,1581.25
1786389660,135.42,135.44,135.38,135.41,135.91,134.5,,,,,,,,,,,,,,,,,,,,,,,,,,,,,,,,,,,,,,,,,,,,,,,,,,,,1958,1639.6
1786389720,135.4,135.4,135.36,135.37,135.91,134.5,,,,,,,,,,,,,,,,,,,,,,,,,,,,,,,,,,,,,,,,,,,,,,,,,,,,1895,1707
1786389780,135.38,135.42,135.375,135.41,135.91,134.5,,,,,,,,,,,,,,,,,,,,,,,,,,,,,,,,,,,,,,,,,,,,,,,,,,,,2117,1800.1
1786389840,135.405,135.44,135.405,135.43,135.91,134.5,,,,,,,,,,,,,,,,,,,,,,,,,,,,,,,,,,,,,,,,,,,,,,,,,,,,1635,1844.05
1786389900,135.43,135.46,135.38,135.38,135.91,134.5,,,,,,,,,,,,,,,,,,,,,,,,,,,,,,,,,,,,,,,,,,,,,,,,,,,,2713,1899.75
1786389960,135.36,135.39,135.36,135.37,135.91,134.5,,,,,,,,,,,,,,,,,,,,,,,,,,,,,,,,,,,,,,,,,,,,,,,,,,,,1755,1824.85
1786390020,135.36,135.44,135.35,135.44,135.91,134.5,,,,,,,,,,,,,,,,,,,,,,,,,,,,,,,,,,,,,,,,,,,,,,,,,,,,2535,1883.55
1786390080,135.45,135.45,135.41,135.42,135.91,134.5,,,,,,,,,,,,,,,,,,,,,,,,,,,,,,,,,,,,,,,,,,,,,,,,,,,,2824,1976.2
1786390140,135.43,135.435,135.38,135.39,135.91,134.5,,,,,,,,,,,,,,,,,,,,,,,,,,,,,,,,,,,,,,,,,,,,,,,,,,,,1546,1960.05
1786390200,135.38,135.38,135.33,135.36,135.91,134.5,,,,,,,,,,,,,,,,,,,,,,,,,,,,,,,,,,,,,,,,,,,,,,,,,,,,1863,2009.9
1786390260,135.38,135.38,135.3,135.3,135.91,134.5,,,,,,,,,,,,,,,,,,,,,,,,,,,,,,,,,,,,,,,,,,,,,,,,,,,,2451,2065.3
1786390320,135.29,135.37,135.29,135.37,135.91,134.5,,,,,,,,,,,,,,,,,,,,,,,,,,,,,,,,,,,,,,,,,,,,,,,,,,,,4097,2201.05
1786390380,135.38,135.44,135.38,135.41,135.91,134.5,,,,,,,,,,,,,,,,,,,,,,,,,,,,,,,,,,,,,,,,,,,,,,,,,,,,4125,2384.4
1786390440,135.41,135.44,135.38,135.44,135.91,134.5,,,,,,,,,,,,,,,,,,,,,,,,,,,,,,,,,,,,,,,,,,,,,,,,,,,,2025,2390.45
1786390500,135.45,135.46,135.34,135.35,135.91,134.5,,,,,,,,,,,,,,,,,,,,,,,,,,,,,,,,,,,,,,,,,,,,,,,,,,,,3120,2305.35
1786390560,135.35,135.45,135.35,135.41,135.91,134.5,,,,,,,,,,,,,,,,,,,,,,,,,,,,,,,,,,,,,,,,,,,,,,,,,,,,2453,2392.95
1786390620,135.41,135.45,135.4,135.44,135.91,134.5,,,,,,,,,,,,,,,,,,,,,,,,,,,,,,,,,,,,,,,,,,,,,,,,,,,,1269,2394.45
1786390680,135.46,135.46,135.41,135.42,135.91,134.5,,,,,,,,,,,,,,,,,,,,,,,,,,,,,,,,,,,,,,,,,,,,,,,,,,,,1075,2276.7
1786390740,135.42,135.47,135.41,135.41,135.91,134.5,,,,,,,,,,,,,,,,,,,,,,,,,,,,,,,,,,,,,,,,,,,,,,,,,,,,1379,2208.5
1786390800,135.41,135.42,135.37,135.4,135.91,134.5,,,,,,,,,,,,,,,,,,,,,,,,,,,,,,,,,,,,,,,,,,,,,,,,,,,,3295,2306.5
1786390860,135.42,135.43,135.385,135.43,135.91,134.5,,,,,,,,,,,,,,,,,,,,,,,,,,,,,,,,,,,,,,,,,,,,,,,,,,,,3355,2376.35
1786390920,135.395,135.41,135.36,135.4,135.91,134.5,,,,,,,,,,,,,,,,,,,,,,,,,,,,,,,,,,,,,,,,,,,,,,,,,,,,1725,2367.85
1786390980,135.41,135.43,135.375,135.43,135.91,134.5,,,,,,,,,,,,,,,,,,,,,,,,,,,,,,,,,,,,,,,,,,,,,,,,,,,,791,2301.55
1786391040,135.43,135.46,135.39,135.4,135.91,134.5,,,,,,,,,,,,,,,,,,,,,,,,,,,,,,,,,,,,,,,,,,,,,,,,,,,,1018,2270.7
1786391100,135.38,135.41,135.33,135.335,135.91,134.5,,,,,,,,,,,,,,,,,,,,,,,,,,,,,,,,,,,,,,,,,,,,,,,,,,,,1376,2203.85
1786391160,135.35,135.42,135.35,135.37,135.91,134.5,,,,,,,,,,,,,,,,,,,,,,,,,,,,,,,,,,,,,,,,,,,,,,,,,,,,2892,2260.7
1786391220,135.36,135.41,135.355,135.4,135.91,134.5,,,,,,,,,,,,,,,,,,,,,,,,,,,,,,,,,,,,,,,,,,,,,,,,,,,,1556,2211.75
1786391280,135.395,135.43,135.38,135.38,135.91,134.5,,,,,,,,,,,,,,,,,,,,,,,,,,,,,,,,,,,,,,,,,,,,,,,,,,,,1949,2168
1786391340,135.38,135.51,135.38,135.45,135.91,134.5,,,,,,,,,,,,,,,,,,,,,,,,,,,,,,,,,,,,,,,,,,,,,,,,,,,,2369,2209.15
1786391400,135.45,135.5,135.41,135.48,135.91,134.5,,,,,,,,,,,,,,,,,,,,,,,,,,,,,,,,,,,,,,,,,,,,,,,,,,,,3996,2315.8
1786391460,135.49,135.51,135.44,135.44,135.91,134.5,,,,,,,,,,,,,,,,,,,,,,,,,,,,,,,,,,,,,,,,,,,,,,,,,,,,3008,2343.65
1786391520,135.45,135.47,135.38,135.41,135.91,134.5,,,,,,,,,,,,,,,,,,,,,,,,,,,,,,,,,,,,,,,,,,,,,,,,,,,,3350,2306.3
1786391580,135.41,135.41,135.29,135.31,135.91,134.5,,,,,,,,,,,,,,,,,,,,,,,,,,,,,,,,,,,,,,,,,,,,,,,,,,,,2651,2232.6
1786391640,135.305,135.44,135.3,135.44,135.91,134.5,,,,,,,,,,,,,,,,,,,,,,,,,,,,,,,,,,,,,,,,,,,,,,,,,,,,5974,2430.05
1786391700,135.5,135.5,135.17,135.23,135.91,134.5,,,,,,,,,,,,,,,,,,,,,,,,,,,,,,,,,,,,,,,,,,,,,,,,,,,,3506,2449.35
1786391760,135.21,135.3,135.2,135.26,135.91,134.5,,,,,,,,,,,,,,,,,,,,,,,,,,,,,,,,,,,,,,,,,,,,,,,,,,,,5387,2596.05
1786391820,135.265,135.27,135.1,135.12,135.91,134.5,,,,,,,,,,,,,,,,,,,,,,,,,,,,,,,,,,,,,,,,,,,,,,,,,,,,9651,3015.15
1786391880,135.11,135.27,135.1,135.27,135.91,134.5,,,,,,,,,,,,,,,,,,,,,,,,,,,,,,,,,,,,,,,,,,,,,,,,,,,,8678,3395.3
1786391940,135.27,135.29,135.19,135.21,135.91,134.5,,,1,15,1,1786374660000,135.92,135.91,134.5,1.4099999999999966,0.0964329490858946,0.1545026486168393,0.7504414361388919,2,1786374720000,1,0,,,,0,0,0,0,0,,,,0,0,0,0,0,,,,0,0,0,0,0,,,,0,0,0,0,,-1,15,33603,5006.5
1786455000,135.98,136.66,135.76,136.655,136.66,135.76,,,,,,,,,,,,,,,,,,,,,,,,,,,,,,,,,,,,,,,,,,,,,,,,,,,,6739,5178.7
1786455060,136.63,136.63,136.16,136.225,136.66,135.76,,,,,,,,,,,,,,,,,,,,,,,,,,,,,,,,,,,,,,,,,,,,,,,,,,,,3213,5171.6
1786455120,136.08,136.26,135.91,136.26,136.66,135.76,,,,,,,,,,,,,,,,,,,,,,,,,,,,,,,,,,,,,,,,,,,,,,,,,,,,487,5109.7
1786455180,136.33,136.37,136.23,136.32,136.66,135.76,,,,,,,,,,,,,,,,,,,,,,,,,,,,,,,,,,,,,,,,,,,,,,,,,,,,4163,5278.3
1786455240,136.36,136.45,136.22,136.45,136.66,135.76,,,,,,,,,,,,,,,,,,,,,,,,,,,,,,,,,,,,,,,,,,,,,,,,,,,,3419,5398.35
1786455300,136.5,136.5,136.38,136.38,136.66,135.76,,,,,,,,,,,,,,,,,,,,,,,,,,,,,,,,,,,,,,,,,,,,,,,,,,,,2209,5440
1786455360,136.35,136.62,136.35,136.58,136.66,135.76,,,,,,,,,,,,,,,,,,,,,,,,,,,,,,,,,,,,,,,,,,,,,,,,,,,,2449,5417.85
1786455420,136.56,136.8,136.56,136.725,136.8,135.76,,,,,,,,,,,,,,,,,,,,,,,,,,,,,,,,,,,,,,,,,,,,,,,,,,,,2771,5478.6
1786455480,136.72,136.87,136.64,136.87,136.87,135.76,,,,,,,,,,,,,,,,,,,,,,,,,,,,,,,,,,,,,,,,,,,,,,,,,,,,2644,5513.35
1786455540,136.78,136.78,136.37,136.37,136.87,135.76,,,,,,,,,,,,,,,,,,,,,,,,,,,,,,,,,,,,,,,,,,,,,,,,,,,,1429,5466.35
1786455600,136.46,136.51,136.19,136.24,136.87,135.76,,,,,,,,,,,,,,,,,,,,,,,,,,,,,,,,,,,,,,,,,,,,,,,,,,,,1042,5318.65
1786455660,136.27,136.4,136.27,136.31,136.87,135.76,,,,,,,,,,,,,,,,,,,,,,,,,,,,,,,,,,,,,,,,,,,,,,,,,,,,714,5203.95
1786455720,136.22,136.69,136.17,136.69,136.87,135.76,,,,,,,,,,,,,,,,,,,,,,,,,,,,,,,,,,,,,,,,,,,,,,,,,,,,2754,5174.15
1786455780,136.65,136.65,136.65,136.65,136.87,135.76,,,,,,,,,,,,,,,,,,,,,,,,,,,,,,,,,,,,,,,,,,,,,,,,,,,,100,5046.6
1786455840,136.75,136.75,136.59,136.68,136.87,135.76,,,,,,,,,,,,,,,,,,,,,,,,,,,,,,,,,,,,,,,,,,,,,,,,,,,,1712,4833.5
1786455900,136.68,136.89,136.68,136.8,136.87,135.76,,,,,,,,,,,,,,,,,,,,,,,,,,,,,,,,,,,,,,,,,,,,,,,,,,,,1734,4744.9
1786455960,136.8,136.96,136.75,136.96,136.87,135.76,,,,,,,,,,,,,,,,,,,,,,,,,,,,,,,,,,,,,,,,,,,,,,,,,,,,4624,4706.75
1786456020,136.94,137.14,136.94,137.01,136.87,135.76,,,,,,,,,,,,,,,,,,,,,,,,,,,,,,,,,,,,,,,,,,,,,,,,,,,,7943,4621.35
1786456080,137.04,137.07,136.88,136.91,136.87,135.76,,,,,,,,,,,,,,,,,,,,,,,,,,,,,,,,,,,,,,,,,,,,,,,,,,,,1636,4269.25
1786456140,136.94,137.04,136.9,136.98,136.87,135.76,,,,,,,,,,,,,,,,,,,,,,,,,,,,,,,,,,,,,,,,,,,,,,,,,,,,3041,2741.15
1786456200,136.97,137.015,136.9,136.95,136.87,135.76,,,,,,,,,,,,,,,,,,,,,,,,,,,,,,,,,,,,,,,,,,,,,,,,,,,,7157,2762.05
1786456260,136.96,136.99,136.84,136.94,136.87,135.76,,,,,,,,,,,,,,,,,,,,,,,,,,,,,,,,,,,,,,,,,,,,,,,,,,,,2657,2734.25
1786456320,136.96,136.98,136.83,136.88,136.87,135.76,,,,,,,,,,,,,,,,,,,,,,,,,,,,,,,,,,,,,,,,,,,,,,,,,,,,8293,3124.55
1786456380,136.85,136.97,136.84,136.97,136.87,135.76,,,,,,,,,,,,,,,,,,,,,,,,,,,,,,,,,,,,,,,,,,,,,,,,,,,,2932,3063
1786456440,136.98,137.13,136.98,137.12,136.87,135.76,,,,,,,,,,,,,,,,,,,,,,,,,,,,,,,,,,,,,,,,,,,,,,,,,,,,2039,2994
1786456500,137.09,137.11,136.89,136.93,136.87,135.76,,,,,,,,,,,,,,,,,,,,,,,,,,,,,,,,,,,,,,,,,,,,,,,,,,,,2661,3016.6
1786456560,136.95,137.06,136.95,137.03,136.87,135.76,,,,,,,,,,,,,,,,,,,,,,,,,,,,,,,,,,,,,,,,,,,,,,,,,,,,2163,3002.3
1786456620,137.03,137.14,136.94,137.13,136.87,135.76,,,,,,,,,,,,,,,,,,,,,,,,,,,,,,,,,,,,,,,,,,,,,,,,,,,,3204,3023.95
1786456680,137.12,137.13,136.92,136.95,136.87,135.76,,,,,,,,,,,,,,,,,,,,,,,,,,,,,,,,,,,,,,,,,,,,,,,,,,,,1805,2982
1786456740,136.95,136.96,136.855,136.855,136.87,135.76,,,,,,,,,,,,,,,,,,,,,,,,,,,,,,,,,,,,,,,,,,,,,,,,,,,,993,2960.2
1786456800,136.87,136.95,136.81,136.92,136.87,135.76,,,,,,,,,,,,,,,,,,,,,,,,,,,,,,,,,,,,,,,,,,,,,,,,,,,,2303,3023.25
1786456860,136.92,136.92,136.71,136.72,136.87,135.76,,,,,,,,,,,,,,,,,,,,,,,,,,,,,,,,,,,,,,,,,,,,,,,,,,,,3305,3152.8
1786456920,136.73,136.79,136.66,136.72,136.87,135.76,,,,,,,,,,,,,,,,,,,,,,,,,,,,,,,,,,,,,,,,,,,,,,,,,,,,402,3035.2
1786456980,136.69,136.7,136.59,136.6,136.87,135.76,,,,,,,,,,,,,,,,,,,,,,,,,,,,,,,,,,,,,,,,,,,,,,,,,,,,83,3034.35
1786457040,136.59,136.66,136.59,136.59,136.87,135.76,,,,,,,,,,,,,,,,,,,,,,,,,,,,,,,,,,,,,,,,,,,,,,,,,,,,272,2962.35
1786457100,136.55,136.56,136.49,136.52,136.87,135.76,,,,,,,,,,,,,,,,,,,,,,,,,,,,,,,,,,,,,,,,,,,,,,,,,,,,1572,2954.25
1786457160,136.52,136.52,136.17,136.17,136.87,135.76,,,,,,,,,,,,,,,,,,,,,,,,,,,,,,,,,,,,,,,,,,,,,,,,,,,,742,2760.15
1786457220,136.19,136.22,136,136.09,136.87,135.76,,,,,,,,,,,,,,,,,,,,,,,,,,,,,,,,,,,,,,,,,,,,,,,,,,,,1306,2428.3
1786457280,136.09,136.18,136.09,136.17,136.87,135.76,,,,,,,,,,,,,,,,,,,,,,,,,,,,,,,,,,,,,,,,,,,,,,,,,,,,1383,2415.65
1786457340,136.2,136.21,136.06,136.11,136.87,135.76,,,,,,,,,,,,,,,,,,,,,,,,,,,,,,,,,,,,,,,,,,,,,,,,,,,,504,2288.8
1786457400,136.04,136.1,135.99,136,136.87,135.76,,,,,,,,,,,,,,,,,,,,,,,,,,,,,,,,,,,,,,,,,,,,,,,,,,,,1365,1999.2
1786457460,135.99,135.99,135.67,135.67,136.87,135.76,,,,,,,,,,,,,,,,,,,,,,,,,,,,,,,,,,,,,,,,,,,,,,,,,,,,925,1912.6
1786457520,135.63,135.795,135.63,135.71,136.87,135.76,,,,,,,,,,,,,,,,,,,,,,,,,,,,,,,,,,,,,,,,,,,,,,,,,,,,2011,1598.5
1786457580,135.705,135.84,135.705,135.82,136.87,135.76,,,,,,,,,,,,,,,,,,,,,,,,,,,,,,,,,,,,,,,,,,,,,,,,,,,,634,1483.6
1786457640,135.85,135.89,135.78,135.84,136.87,135.76,,,,,,,,,,,,,,,,,,,,,,,,,,,,,,,,,,,,,,,,,,,,,,,,,,,,694,1416.35
1786457700,135.76,135.94,135.72,135.87,136.87,135.76,,,,,,,,,,,,,,,,,,,,,,,,,,,,,,,,,,,,,,,,,,,,,,,,,,,,431,1304.85
1786457760,135.8,135.93,135.8,135.93,136.87,135.76,,,,,,,,,,,,,,,,,,,,,,,,,,,,,,,,,,,,,,,,,,,,,,,,,,,,366,1215
1786457820,135.91,135.92,135.82,135.82,136.87,135.76,,,,,,,,,,,,,,,,,,,,,,,,,,,,,,,,,,,,,,,,,,,,,,,,,,,,1359,1122.75
1786457880,135.82,135.82,135.65,135.73,136.87,135.76,,,,,,,,,,,,,,,,,,,,,,,,,,,,,,,,,,,,,,,,,,,,,,,,,,,,965,1080.75
1786457940,135.8,135.8,135.69,135.7,136.87,135.76,,,,,,,,,,,,,,,,,,,,,,,,,,,,,,,,,,,,,,,,,,,,,,,,,,,,514,1056.8
1786458000,135.77,135.85,135.77,135.85,136.87,135.76,,,,,,,,,,,,,,,,,,,,,,,,,,,,,,,,,,,,,,,,,,,,,,,,,,,,565,969.9
1786458060,135.75,135.77,135.67,135.74,136.87,135.76,,,,,,,,,,,,,,,,,,,,,,,,,,,,,,,,,,,,,,,,,,,,,,,,,,,,1801,894.7
1786458120,135.6,135.71,135.58,135.71,136.87,135.76,,,,,,,,,,,,,,,,,,,,,,,,,,,,,,,,,,,,,,,,,,,,,,,,,,,,1094,929.3
1786458180,135.57,135.65,135.54,135.63,136.87,135.76,,,,,,,,,,,,,,,,,,,,,,,,,,,,,,,,,,,,,,,,,,,,,,,,,,,,295,939.9
1786458240,135.68,135.8,135.68,135.8,136.87,135.76,,,,,,,,,,,,,,,,,,,,,,,,,,,,,,,,,,,,,,,,,,,,,,,,,,,,224,937.5
1786458300,135.76,135.86,135.76,135.83,136.87,135.76,,,,,,,,,,,,,,,,,,,,,,,,,,,,,,,,,,,,,,,,,,,,,,,,,,,,237,870.75
1786458360,135.94,135.99,135.93,135.975,136.87,135.76,,,,,,,,,,,,,,,,,,,,,,,,,,,,,,,,,,,,,,,,,,,,,,,,,,,,314,849.35
1786458420,136,136.01,135.89,135.89,136.87,135.76,,,,,,,,,,,,,,,,,,,,,,,,,,,,,,,,,,,,,,,,,,,,,,,,,,,,857,826.9
1786458480,135.87,135.94,135.75,135.92,136.87,135.76,,,,,,,,,,,,,,,,,,,,,,,,,,,,,,,,,,,,,,,,,,,,,,,,,,,,5273,1021.4
1786458540,135.95,136.03,135.95,135.97,136.87,135.76,,,,,,,,,,,,,,,,,,,,,,,,,,,,,,,,,,,,,,,,,,,,,,,,,,,,1581,1075.25
1786458600,136.01,136.01,135.85,135.85,136.87,135.76,,,,,,,,,,,,,,,,,,,,,,,,,,,,,,,,,,,,,,,,,,,,,,,,,,,,1244,1069.2
1786458660,135.88,135.91,135.88,135.89,136.87,135.76,,,,,,,,,,,,,,,,,,,,,,,,,,,,,,,,,,,,,,,,,,,,,,,,,,,,176,1031.75
1786458720,135.87,135.87,135.675,135.675,136.87,135.76,,,,,,,,,,,,,,,,,,,,,,,,,,,,,,,,,,,,,,,,,,,,,,,,,,,,1772,1019.8
1786458780,135.675,135.72,135.66,135.71,136.87,135.76,,,,,,,,,,,,,,,,,,,,,,,,,,,,,,,,,,,,,,,,,,,,,,,,,,,,304,1003.3
1786458840,135.67,135.67,135.62,135.63,136.87,135.76,,,,,,,,,,,,,,,,,,,,,,,,,,,,,,,,,,,,,,,,,,,,,,,,,,,,691,1003.15
1786458900,135.67,135.79,135.67,135.79,136.87,135.76,,,,,,,,,,,,,,,,,,,,,,,,,,,,,,,,,,,,,,,,,,,,,,,,,,,,375,1000.35
1786458960,135.79,135.8,135.76,135.76,136.87,135.76,,,,,,,,,,,,,,,,,,,,,,,,,,,,,,,,,,,,,,,,,,,,,,,,,,,,1112,1037.65
1786459020,135.81,135.81,135.7,135.7,136.87,135.76,,,,,,,,,,,,,,,,,,,,,,,,,,,,,,,,,,,,,,,,,,,,,,,,,,,,278,983.6
1786459080,135.65,135.65,135.53,135.54,136.87,135.76,,,,,,,,,,,,,,,,,,,,,,,,,,,,,,,,,,,,,,,,,,,,,,,,,,,,1775,1024.1
1786459140,135.61,135.64,135.52,135.57,136.87,135.76,,,,,,,,,,,,,,,,,,,,,,,,,,,,,,,,,,,,,,,,,,,,,,,,,,,,2923,1144.55
1786459200,135.54,135.57,135.5,135.57,136.87,135.76,,,,,,,,,,,,,,,,,,,,,,,,,,,,,,,,,,,,,,,,,,,,,,,,,,,,361,1134.35
1786459260,135.6,135.6,135.51,135.56,136.87,135.76,,,,,,,,,,,,,,,,,,,,,,,,,,,,,,,,,,,,,,,,,,,,,,,,,,,,527,1070.65
1786459320,135.57,135.57,135.47,135.55,136.87,135.76,,,,,,,,,,,,,,,,,,,,,,,,,,,,,,,,,,,,,,,,,,,,,,,,,,,,1893,1110.6
1786459380,135.57,135.57,135.5,135.5,136.87,135.76,,,,,,,,,,,,,,,,,,,,,,,,,,,,,,,,,,,,,,,,,,,,,,,,,,,,327,1112.2
1786459440,135.54,135.58,135.54,135.58,136.87,135.76,,,,,,,,,,,,,,,,,,,,,,,,,,,,,,,,,,,,,,,,,,,,,,,,,,,,142,1108.1
1786459500,135.6,135.7,135.6,135.7,136.87,135.76,,,,,,,,,,,,,,,,,,,,,,,,,,,,,,,,,,,,,,,,,,,,,,,,,,,,1800,1186.25
1786459560,135.67,135.77,135.66,135.77,136.87,135.76,,,,,,,,,,,,,,,,,,,,,,,,,,,,,,,,,,,,,,,,,,,,,,,,,,,,1571,1249.1
1786459620,135.76,135.84,135.74,135.83,136.87,135.76,,,,,,,,,,,,,,,,,,,,,,,,,,,,,,,,,,,,,,,,,,,,,,,,,,,,1154,1263.95
1786459680,135.88,135.97,135.88,135.95,136.87,135.76,,,,,,,,,,,,,,,,,,,,,,,,,,,,,,,,,,,,,,,,,,,,,,,,,,,,659,1033.25
1786459740,135.95,135.97,135.92,135.96,136.87,135.76,,,,,,,,,,,,,,,,,,,,,,,,,,,,,,,,,,,,,,,,,,,,,,,,,,,,1140,1011.2
1786459800,135.97,135.98,135.91,135.91,136.87,135.76,,,,,,,,,,,,,,,,,,,,,,,,,,,,,,,,,,,,,,,,,,,,,,,,,,,,252,961.6
1786459860,135.83,135.93,135.83,135.93,136.87,135.76,,,,,,,,,,,,,,,,,,,,,,,,,,,,,,,,,,,,,,,,,,,,,,,,,,,,387,972.15
1786459920,135.9,135.9,135.83,135.9,136.87,135.76,,,,,,,,,,,,,,,,,,,,,,,,,,,,,,,,,,,,,,,,,,,,,,,,,,,,1359,951.5
1786459980,135.88,135.88,135.83,135.83,136.87,135.76,,,,,,,,,,,,,,,,,,,,,,,,,,,,,,,,,,,,,,,,,,,,,,,,,,,,521,962.35
1786460040,135.86,135.93,135.86,135.93,136.87,135.76,,,,,,,,,,,,,,,,,,,,,,,,,,,,,,,,,,,,,,,,,,,,,,,,,,,,398,947.7
1786460100,135.93,135.93,135.85,135.85,136.87,135.76,,,,,,,,,,,,,,,,,,,,,,,,,,,,,,,,,,,,,,,,,,,,,,,,,,,,277,942.8
1786460160,135.84,135.9,135.84,135.86,136.87,135.76,,,,,,,,,,,,,,,,,,,,,,,,,,,,,,,,,,,,,,,,,,,,,,,,,,,,307,902.55
1786460220,135.875,135.98,135.875,135.98,136.87,135.76,,,,,,,,,,,,,,,,,,,,,,,,,,,,,,,,,,,,,,,,,,,,,,,,,,,,142,895.75
1786460280,136,136.03,136,136.03,136.87,135.76,,,,,,,,,,,,,,,,,,,,,,,,,,,,,,,,,,,,,,,,,,,,,,,,,,,,417,827.85
1786460340,136.05,136.09,136.03,136.03,136.87,135.76,,,,,,,,,,,,,,,,,,,,,,,,,,,,,,,,,,,,,,,,,,,,,,,,,,,,1702,766.8
1786460400,136.045,136.1,136.045,136.08,136.87,135.76,,,,,,,,,,,,,,,,,,,,,,,,,,,,,,,,,,,,,,,,,,,,,,,,,,,,306,764.05
1786460460,136.09,136.11,136.05,136.08,136.87,135.76,,,,,,,,,,,,,,,,,,,,,,,,,,,,,,,,,,,,,,,,,,,,,,,,,,,,1533,814.35
1786460520,136.08,136.09,136.06,136.07,136.87,135.76,,,,,,,,,,,,,,,,,,,,,,,,,,,,,,,,,,,,,,,,,,,,,,,,,,,,600,749.7
1786460580,136.11,136.11,136.07,136.07,136.87,135.76,,,,,,,,,,,,,,,,,,,,,,,,,,,,,,,,,,,,,,,,,,,,,,,,,,,,690,767.85
1786460640,136.05,136.13,136.01,136.13,136.87,135.76,,,,,,,,,,,,,,,,,,,,,,,,,,,,,,,,,,,,,,,,,,,,,,,,,,,,1326,827.05
1786460700,136.13,136.13,136.03,136.03,136.87,135.76,,,,,,,,,,,,,,,,,,,,,,,,,,,,,,,,,,,,,,,,,,,,,,,,,,,,1158,794.95
1786460760,136.04,136.085,136.04,136.05,136.87,135.76,,,,,,,,,,,,,,,,,,,,,,,,,,,,,,,,,,,,,,,,,,,,,,,,,,,,925,762.65
1786460820,136.06,136.12,136.04,136.1,136.87,135.76,,,,,,,,,,,,,,,,,,,,,,,,,,,,,,,,,,,,,,,,,,,,,,,,,,,,394,724.65
1786460880,136.07,136.15,136.07,136.09,136.87,135.76,,,,,,,,,,,,,,,,,,,,,,,,,,,,,,,,,,,,,,,,,,,,,,,,,,,,343,708.85
1786460940,136.11,136.13,136.07,136.11,136.87,135.76,,,,,,,,,,,,,,,,,,,,,,,,,,,,,,,,,,,,,,,,,,,,,,,,,,,,303,667
1786461000,136.11,136.11,136,136,136.87,135.76,,,,,,,,,,,,,,,,,,,,,,,,,,,,,,,,,,,,,,,,,,,,,,,,,,,,1419,725.35
1786461060,136.01,136.06,135.995,136.06,136.87,135.76,,,,,,,,,,,,,,,,,,,,,,,,,,,,,,,,,,,,,,,,,,,,,,,,,,,,212,716.6
1786461120,136.07,136.18,136.07,136.18,136.87,135.76,,,,,,,,,,,,,,,,,,,,,,,,,,,,,,,,,,,,,,,,,,,,,,,,,,,,239,660.6
1786461180,136.22,136.27,136.19,136.2,136.87,135.76,,,,,,,,,,,,,,,,,,,,,,,,,,,,,,,,,,,,,,,,,,,,,,,,,,,,521,660.6
1786461240,136.24,136.24,136.2,136.23,136.87,135.76,,,,,,,,,,,,,,,,,,,,,,,,,,,,,,,,,,,,,,,,,,,,,,,,,,,,139,647.65
1786461300,136.2,136.22,136.18,136.18,136.87,135.76,,,,,,,,,,,,,,,,,,,,,,,,,,,,,,,,,,,,,,,,,,,,,,,,,,,,516,659.6
1786461360,136.18,136.18,136.1,136.1,136.87,135.76,,,,,,,,,,,,,,,,,,,,,,,,,,,,,,,,,,,,,,,,,,,,,,,,,,,,1112,699.85
1786461420,136.08,136.14,136.08,136.1,136.87,135.76,,,,,,,,,,,,,,,,,,,,,,,,,,,,,,,,,,,,,,,,,,,,,,,,,,,,1419,763.7
1786461480,136.06,136.06,136,136,136.87,135.76,,,,,,,,,,,,,,,,,,,,,,,,,,,,,,,,,,,,,,,,,,,,,,,,,,,,382,761.95
1786461540,136.01,136.015,135.96,135.98,136.87,135.76,,,,,,,,,,,,,,,,,,,,,,,,,,,,,,,,,,,,,,,,,,,,,,,,,,,,412,697.45
1786461600,135.96,136.01,135.95,136.01,136.87,135.76,,,,,,,,,,,,,,,,,,,,,,,,,,,,,,,,,,,,,,,,,,,,,,,,,,,,252,694.75
1786461660,136.05,136.09,136.04,136.09,136.87,135.76,,,,,,,,,,,,,,,,,,,,,,,,,,,,,,,,,,,,,,,,,,,,,,,,,,,,587,647.45
1786461720,136.1,136.17,136.09,136.13,136.87,135.76,,,,,,,,,,,,,,,,,,,,,,,,,,,,,,,,,,,,,,,,,,,,,,,,,,,,1413,688.1
1786461780,136.13,136.15,136.12,136.14,136.87,135.76,,,,,,,,,,,,,,,,,,,,,,,,,,,,,,,,,,,,,,,,,,,,,,,,,,,,73,657.25
1786461840,136.13,136.2,136.11,136.18,136.87,135.76,,,,,,,,,,,,,,,,,,,,,,,,,,,,,,,,,,,,,,,,,,,,,,,,,,,,1176,649.75
1786461900,136.23,136.27,136.23,136.24,136.87,135.76,,,,,,,,,,,,,,,,,,,,,,,,,,,,,,,,,,,,,,,,,,,,,,,,,,,,281,605.9
1786461960,136.23,136.23,136.16,136.17,136.87,135.76,,,,,,,,,,,,,,,,,,,,,,,,,,,,,,,,,,,,,,,,,,,,,,,,,,,,523,585.8
1786462020,136.21,136.21,136.17,136.18,136.87,135.76,,,,,,,,,,,,,,,,,,,,,,,,,,,,,,,,,,,,,,,,,,,,,,,,,,,,1280,630.1
1786462080,136.2,136.26,136.2,136.2,136.87,135.76,,,,,,,,,,,,,,,,,,,,,,,,,,,,,,,,,,,,,,,,,,,,,,,,,,,,790,652.45
1786462140,136.19,136.22,136.18,136.21,136.87,135.76,,,,,,,,,,,,,,,,,,,,,,,,,,,,,,,,,,,,,,,,,,,,,,,,,,,,171,645.85
1786462200,136.21,136.21,136.13,136.13,136.87,135.76,,,,,,,,,,,,,,,,,,,,,,,,,,,,,,,,,,,,,,,,,,,,,,,,,,,,856,617.7
1786462260,136.13,136.18,136.105,136.105,136.87,135.76,,,,,,,,,,,,,,,,,,,,,,,,,,,,,,,,,,,,,,,,,,,,,,,,,,,,869,650.55
1786462320,136.16,136.23,136.16,136.22,136.87,135.76,,,,,,,,,,,,,,,,,,,,,,,,,,,,,,,,,,,,,,,,,,,,,,,,,,,,1150,696.1
1786462380,136.21,136.27,136.18,136.25,136.87,135.76,,,,,,,,,,,,,,,,,,,,,,,,,,,,,,,,,,,,,,,,,,,,,,,,,,,,851,712.6
1786462440,136.24,136.24,136.14,136.15,136.87,135.76,,,,,,,,,,,,,,,,,,,,,,,,,,,,,,,,,,,,,,,,,,,,,,,,,,,,1487,780
1786462500,136.14,136.19,136.14,136.14,136.87,135.76,,,,,,,,,,,,,,,,,,,,,,,,,,,,,,,,,,,,,,,,,,,,,,,,,,,,385,773.45
1786462560,136.14,136.14,136.11,136.12,136.87,135.76,,,,,,,,,,,,,,,,,,,,,,,,,,,,,,,,,,,,,,,,,,,,,,,,,,,,176,726.65
1786462620,136.13,136.13,136.03,136.04,136.87,135.76,,,,,,,,,,,,,,,,,,,,,,,,,,,,,,,,,,,,,,,,,,,,,,,,,,,,185,664.95
1786462680,136.06,136.06,136.02,136.05,136.87,135.76,,,,,,,,,,,,,,,,,,,,,,,,,,,,,,,,,,,,,,,,,,,,,,,,,,,,180,654.85
1786462740,136.01,136.02,135.98,135.98,136.87,135.76,,,,,,,,,,,,,,,,,,,,,,,,,,,,,,,,,,,,,,,,,,,,,,,,,,,,722,670.35
1786462800,136,136.06,135.98,136.06,136.87,135.76,,,,,,,,,,,,,,,,,,,,,,,,,,,,,,,,,,,,,,,,,,,,,,,,,,,,509,683.2
1786462860,136.05,136.1,136.02,136.09,136.87,135.76,,,,,,,,,,,,,,,,,,,,,,,,,,,,,,,,,,,,,,,,,,,,,,,,,,,,1816,744.65
1786462920,136.12,136.12,136.05,136.05,136.87,135.76,,,,,,,,,,,,,,,,,,,,,,,,,,,,,,,,,,,,,,,,,,,,,,,,,,,,814,714.7
1786462980,136.07,136.07,135.99,136.03,136.87,135.76,,,,,,,,,,,,,,,,,,,,,,,,,,,,,,,,,,,,,,,,,,,,,,,,,,,,464,734.25
1786463040,136.04,136.04,135.99,136.01,136.87,135.76,,,,,,,,,,,,,,,,,,,,,,,,,,,,,,,,,,,,,,,,,,,,,,,,,,,,484,699.65
1786463100,136.02,136.05,136.02,136.05,136.87,135.76,,,,,,,,,,,,,,,,,,,,,,,,,,,,,,,,,,,,,,,,,,,,,,,,,,,,64,688.8
1786463160,136.02,136.09,136.02,136.05,136.87,135.76,,,,,,,,,,,,,,,,,,,,,,,,,,,,,,,,,,,,,,,,,,,,,,,,,,,,923,708.8
1786463220,136.05,136.05,136,136,136.87,135.76,,,,,,,,,,,,,,,,,,,,,,,,,,,,,,,,,,,,,,,,,,,,,,,,,,,,1342,711.9
1786463280,135.99,136,135.94,135.98,136.87,135.76,,,,,,,,,,,,,,,,,,,,,,,,,,,,,,,,,,,,,,,,,,,,,,,,,,,,809,712.85
1786463340,136.04,136.05,136.04,136.05,136.87,135.76,,,,,,,,,,,,,,,,,,,,,,,,,,,,,,,,,,,,,,,,,,,,,,,,,,,,243,716.45
1786463400,136.02,136.06,136.02,136.06,136.87,135.76,,,,,,,,,,,,,,,,,,,,,,,,,,,,,,,,,,,,,,,,,,,,,,,,,,,,12,674.25
1786463460,136.05,136.05,135.955,135.98,136.87,135.76,,,,,,,,,,,,,,,,,,,,,,,,,,,,,,,,,,,,,,,,,,,,,,,,,,,,2615,761.55
1786463520,135.95,135.95,135.92,135.92,136.87,135.76,,,,,,,,,,,,,,,,,,,,,,,,,,,,,,,,,,,,,,,,,,,,,,,,,,,,1471,777.6
1786463580,135.91,135.92,135.845,135.865,136.87,135.76,,,,,,,,,,,,,,,,,,,,,,,,,,,,,,,,,,,,,,,,,,,,,,,,,,,,1942,832.15
1786463640,135.85,135.91,135.85,135.9,136.87,135.76,,,,,,,,,,,,,,,,,,,,,,,,,,,,,,,,,,,,,,,,,,,,,,,,,,,,463,780.95
1786463700,135.93,135.95,135.9,135.92,136.87,135.76,,,,,,,,,,,,,,,,,,,,,,,,,,,,,,,,,,,,,,,,,,,,,,,,,,,,371,780.25
1786463760,135.92,135.96,135.92,135.95,136.87,135.76,,,,,,,,,,,,,,,,,,,,,,,,,,,,,,,,,,,,,,,,,,,,,,,,,,,,311,787
1786463820,135.97,136.02,135.97,136.02,136.87,135.76,,,,,,,,,,,,,,,,,,,,,,,,,,,,,,,,,,,,,,,,,,,,,,,,,,,,404,797.95
1786463880,136.02,136.02,135.97,135.97,136.87,135.76,,,,,,,,,,,,,,,,,,,,,,,,,,,,,,,,,,,,,,,,,,,,,,,,,,,,1278,852.85
1786463940,135.99,136.01,135.98,135.99,136.87,135.76,,,,,,,,,,,,,,,,,,,,,,,,,,,,,,,,,,,,,,,,,,,,,,,,,,,,616,847.55
1786464000,136.005,136.07,135.99,136.07,136.87,135.76,,,,,,,,,,,,,,,,,,,,,,,,,,,,,,,,,,,,,,,,,,,,,,,,,,,,570,850.6
1786464060,136.11,136.11,136.04,136.045,136.87,135.76,,,,,,,,,,,,,,,,,,,,,,,,,,,,,,,,,,,,,,,,,,,,,,,,,,,,1160,817.8
1786464120,136.03,136.11,136.03,136.11,136.87,135.76,,,,,,,,,,,,,,,,,,,,,,,,,,,,,,,,,,,,,,,,,,,,,,,,,,,,99,782.05
1786464180,136.09,136.11,135.93,135.93,136.87,135.76,,,,,,,,,,,,,,,,,,,,,,,,,,,,,,,,,,,,,,,,,,,,,,,,,,,,1614,839.55
1786464240,135.94,135.94,135.89,135.92,136.87,135.76,,,,,,,,,,,,,,,,,,,,,,,,,,,,,,,,,,,,,,,,,,,,,,,,,,,,222,826.45
1786464300,135.89,135.945,135.87,135.945,136.87,135.76,,,,,,,,,,,,,,,,,,,,,,,,,,,,,,,,,,,,,,,,,,,,,,,,,,,,760,861.25
1786464360,135.945,135.99,135.915,135.93,136.87,135.76,,,,,,,,,,,,,,,,,,,,,,,,,,,,,,,,,,,,,,,,,,,,,,,,,,,,1433,886.75
1786464420,135.91,135.91,135.85,135.85,136.87,135.76,,,,,,,,,,,,,,,,,,,,,,,,,,,,,,,,,,,,,,,,,,,,,,,,,,,,552,847.25
1786464540,135.87,135.88,135.85,135.88,136.87,135.76,,,,,,,,,,,,,,,,,,,,,,,,,,,,,,,,,,,,,,,,,,,,,,,,,,,,78,810.7
1786464600,135.89,135.89,135.86,135.885,136.87,135.76,,,,,,,,,,,,,,,,,,,,,,,,,,,,,,,,,,,,,,,,,,,,,,,,,,,,657,831.4
1786464660,135.89,135.93,135.87,135.87,136.87,135.76,,,,,,,,,,,,,,,,,,,,,,,,,,,,,,,,,,,,,,,,,,,,,,,,,,,,257,843.65
1786464720,135.86,135.86,135.8,135.82,136.87,135.76,,,,,,,,,,,,,,,,,,,,,,,,,,,,,,,,,,,,,,,,,,,,,,,,,,,,1184,772.1
1786464780,135.82,135.83,135.775,135.775,136.87,135.76,,,,,,,,,,,,,,,,,,,,,,,,,,,,,,,,,,,,,,,,,,,,,,,,,,,,333,715.2
1786464840,135.77,135.78,135.74,135.78,136.87,135.76,,,,,,,,,,,,,,,,,,,,,,,,,,,,,,,,,,,,,,,,,,,,,,,,,,,,610,648.6
1786464900,135.76,135.9,135.75,135.9,136.87,135.76,,,,,,,,,,,,,,,,,,,,,,,,,,,,,,,,,,,,,,,,,,,,,,,,,,,,411,646
1786464960,135.92,136,135.92,135.98,136.87,135.76,,,,,,,,,,,,,,,,,,,,,,,,,,,,,,,,,,,,,,,,,,,,,,,,,,,,536,654.25
1786465020,136,136.08,136,136.07,136.87,135.76,,,,,,,,,,,,,,,,,,,,,,,,,,,,,,,,,,,,,,,,,,,,,,,,,,,,2158,746.6
1786465080,136.07,136.07,136.06,136.07,136.87,135.76,,,,,,,,,,,,,,,,,,,,,,,,,,,,,,,,,,,,,,,,,,,,,,,,,,,,1168,784.8
1786465140,136.06,136.1,136.06,136.1,136.87,135.76,,,,,,,,,,,,,,,,,,,,,,,,,,,,,,,,,,,,,,,,,,,,,,,,,,,,548,748.3
1786465200,136.13,136.17,136.12,136.165,136.87,135.76,,,,,,,,,,,,,,,,,,,,,,,,,,,,,,,,,,,,,,,,,,,,,,,,,,,,398,737.4
1786465260,136.16,136.21,136.16,136.21,136.87,135.76,,,,,,,,,,,,,,,,,,,,,,,,,,,,,,,,,,,,,,,,,,,,,,,,,,,,341,725.95
1786465320,136.215,136.26,136.2,136.25,136.87,135.76,,,,,,,,,,,,,,,,,,,,,,,,,,,,,,,,,,,,,,,,,,,,,,,,,,,,1316,733.75
1786465380,136.25,136.25,136.16,136.16,136.87,135.76,,,,,,,,,,,,,,,,,,,,,,,,,,,,,,,,,,,,,,,,,,,,,,,,,,,,111,734.35
1786465440,136.16,136.17,136,136.04,136.87,135.76,,,,,,,,,,,,,,,,,,,,,,,,,,,,,,,,,,,,,,,,,,,,,,,,,,,,1533,730.3
1786465500,136,136.08,136,136.08,136.87,135.76,,,,,,,,,,,,,,,,,,,,,,,,,,,,,,,,,,,,,,,,,,,,,,,,,,,,248,731.6
1786465560,136.06,136.12,136.05,136.12,136.87,135.76,,,,,,,,,,,,,,,,,,,,,,,,,,,,,,,,,,,,,,,,,,,,,,,,,,,,356,711.4
1786465620,136.11,136.2,136.1,136.2,136.87,135.76,,,,,,,,,,,,,,,,,,,,,,,,,,,,,,,,,,,,,,,,,,,,,,,,,,,,992,689.35
1786465680,136.21,136.21,136.16,136.16,136.87,135.76,,,,,,,,,,,,,,,,,,,,,,,,,,,,,,,,,,,,,,,,,,,,,,,,,,,,773,700.4
1786465740,136.17,136.175,136.17,136.17,136.87,135.76,,,,,,,,,,,,,,,,,,,,,,,,,,,,,,,,,,,,,,,,,,,,,,,,,,,,18,697.4
1786465800,136.19,136.22,136.18,136.19,136.87,135.76,,,,,,,,,,,,,,,,,,,,,,,,,,,,,,,,,,,,,,,,,,,,,,,,,,,,2270,778.05
1786465860,136.2,136.2,136.16,136.16,136.87,135.76,,,,,,,,,,,,,,,,,,,,,,,,,,,,,,,,,,,,,,,,,,,,,,,,,,,,178,774.1
1786465920,136.17,136.19,136.12,136.12,136.87,135.76,,,,,,,,,,,,,,,,,,,,,,,,,,,,,,,,,,,,,,,,,,,,,,,,,,,,2687,849.25
1786465980,136.19,136.25,136.18,136.25,136.87,135.76,,,,,,,,,,,,,,,,,,,,,,,,,,,,,,,,,,,,,,,,,,,,,,,,,,,,775,871.35
1786466040,136.24,136.24,136.2,136.2,136.87,135.76,,,,,,,,,,,,,,,,,,,,,,,,,,,,,,,,,,,,,,,,,,,,,,,,,,,,873,884.5
1786466100,136.19,136.2,136.19,136.2,136.87,135.76,,,,,,,,,,,,,,,,,,,,,,,,,,,,,,,,,,,,,,,,,,,,,,,,,,,,304,879.15
1786466160,136.21,136.245,136.21,136.245,136.87,135.76,,,,,,,,,,,,,,,,,,,,,,,,,,,,,,,,,,,,,,,,,,,,,,,,,,,,23,853.5
1786466220,136.25,136.29,136.25,136.29,136.87,135.76,,,,,,,,,,,,,,,,,,,,,,,,,,,,,,,,,,,,,,,,,,,,,,,,,,,,17,746.45
1786466280,136.28,136.37,136.28,136.35,136.87,135.76,,,,,,,,,,,,,,,,,,,,,,,,,,,,,,,,,,,,,,,,,,,,,,,,,,,,1420,759.05
1786466340,136.38,136.43,136.38,136.4,136.87,135.76,,,,,,,,,,,,,,,,,,,,,,,,,,,,,,,,,,,,,,,,,,,,,,,,,,,,746,768.95
1786466400,136.39,136.41,136.36,136.41,136.87,135.76,,,,,,,,,,,,,,,,,,,,,,,,,,,,,,,,,,,,,,,,,,,,,,,,,,,,206,759.35
1786466460,136.43,136.48,136.43,136.47,136.87,135.76,,,,,,,,,,,,,,,,,,,,,,,,,,,,,,,,,,,,,,,,,,,,,,,,,,,,596,772.1
1786466520,136.49,136.51,136.49,136.51,136.87,135.76,,,,,,,,,,,,,,,,,,,,,,,,,,,,,,,,,,,,,,,,,,,,,,,,,,,,560,734.3
1786466580,136.5,136.52,136.49,136.49,136.87,135.76,,,,,,,,,,,,,,,,,,,,,,,,,,,,,,,,,,,,,,,,,,,,,,,,,,,,2526,855.05
1786466640,136.45,136.46,136.44,136.455,136.87,135.76,,,,,,,,,,,,,,,,,,,,,,,,,,,,,,,,,,,,,,,,,,,,,,,,,,,,988,827.8
1786466700,136.45,136.45,136.4,136.4,136.87,135.76,,,,,,,,,,,,,,,,,,,,,,,,,,,,,,,,,,,,,,,,,,,,,,,,,,,,904,860.6
1786466760,136.43,136.46,136.43,136.46,136.87,135.76,,,,,,,,,,,,,,,,,,,,,,,,,,,,,,,,,,,,,,,,,,,,,,,,,,,,220,853.8
1786466820,136.46,136.47,136.46,136.47,136.87,135.76,,,,,,,,,,,,,,,,,,,,,,,,,,,,,,,,,,,,,,,,,,,,,,,,,,,,200,814.2
1786466880,136.49,136.61,136.48,136.61,136.87,135.76,,,,,,,,,,,,,,,,,,,,,,,,,,,,,,,,,,,,,,,,,,,,,,,,,,,,363,793.7
1786466940,136.62,136.62,136.6,136.6,136.87,135.76,,,,,,,,,,,,,,,,,,,,,,,,,,,,,,,,,,,,,,,,,,,,,,,,,,,,159,800.75
1786467000,136.59,136.59,136.54,136.54,136.87,135.76,,,,,,,,,,,,,,,,,,,,,,,,,,,,,,,,,,,,,,,,,,,,,,,,,,,,385,706.5
1786467060,136.56,136.59,136.55,136.55,136.87,135.76,,,,,,,,,,,,,,,,,,,,,,,,,,,,,,,,,,,,,,,,,,,,,,,,,,,,1061,750.65
1786467120,136.49,136.54,136.49,136.54,136.87,135.76,,,,,,,,,,,,,,,,,,,,,,,,,,,,,,,,,,,,,,,,,,,,,,,,,,,,75,620.05
1786467180,136.57,136.57,136.55,136.55,136.87,135.76,,,,,,,,,,,,,,,,,,,,,,,,,,,,,,,,,,,,,,,,,,,,,,,,,,,,63,584.45
1786467240,136.57,136.6,136.57,136.57,136.87,135.76,,,,,,,,,,,,,,,,,,,,,,,,,,,,,,,,,,,,,,,,,,,,,,,,,,,,920,586.8
1786467300,136.61,136.63,136.61,136.63,136.87,135.76,,,,,,,,,,,,,,,,,,,,,,,,,,,,,,,,,,,,,,,,,,,,,,,,,,,,90,576.1
1786467360,136.59,136.6,136.585,136.585,136.87,135.76,,,,,,,,,,,,,,,,,,,,,,,,,,,,,,,,,,,,,,,,,,,,,,,,,,,,678,608.85
1786467420,136.62,136.64,136.62,136.63,136.87,135.76,,,,,,,,,,,,,,,,,,,,,,,,,,,,,,,,,,,,,,,,,,,,,,,,,,,,634,639.7
1786467480,136.61,136.63,136.61,136.63,136.87,135.76,,,,,,,,,,,,,,,,,,,,,,,,,,,,,,,,,,,,,,,,,,,,,,,,,,,,209,579.15
1786467540,136.63,136.66,136.615,136.65,136.87,135.76,,,,,,,,,,,,,,,,,,,,,,,,,,,,,,,,,,,,,,,,,,,,,,,,,,,,1439,613.8
1786467600,136.63,136.64,136.55,136.55,136.87,135.76,,,,,,,,,,,,,,,,,,,,,,,,,,,,,,,,,,,,,,,,,,,,,,,,,,,,907,648.85
1786467660,136.58,136.64,136.58,136.64,136.87,135.76,,,,,,,,,,,,,,,,,,,,,,,,,,,,,,,,,,,,,,,,,,,,,,,,,,,,70,622.55
1786467720,136.62,136.62,136.62,136.62,136.87,135.76,,,,,,,,,,,,,,,,,,,,,,,,,,,,,,,,,,,,,,,,,,,,,,,,,,,,200,604.55
1786467780,136.67,136.68,136.6,136.62,136.87,135.76,,,,,,,,,,,,,,,,,,,,,,,,,,,,,,,,,,,,,,,,,,,,,,,,,,,,1897,573.1
1786467840,136.61,136.61,136.57,136.57,136.87,135.76,,,,,,,,,,,,,,,,,,,,,,,,,,,,,,,,,,,,,,,,,,,,,,,,,,,,498,548.6
1786467900,136.52,136.52,136.51,136.51,136.87,135.76,,,,,,,,,,,,,,,,,,,,,,,,,,,,,,,,,,,,,,,,,,,,,,,,,,,,358,521.3
1786467960,136.5,136.54,136.49,136.54,136.87,135.76,,,,,,,,,,,,,,,,,,,,,,,,,,,,,,,,,,,,,,,,,,,,,,,,,,,,306,525.6
1786468020,136.54,136.54,136.52,136.52,136.87,135.76,,,,,,,,,,,,,,,,,,,,,,,,,,,,,,,,,,,,,,,,,,,,,,,,,,,,447,537.95
1786468080,136.51,136.52,136.5,136.5,136.87,135.76,,,,,,,,,,,,,,,,,,,,,,,,,,,,,,,,,,,,,,,,,,,,,,,,,,,,982,568.9
1786468200,136.51,136.51,136.5,136.51,136.87,135.76,,,,,,,,,,,,,,,,,,,,,,,,,,,,,,,,,,,,,,,,,,,,,,,,,,,,35,562.7
1786468260,136.52,136.56,136.51,136.51,136.87,135.76,,,,,,,,,,,,,,,,,,,,,,,,,,,,,,,,,,,,,,,,,,,,,,,,,,,,861,586.5
1786468320,136.53,136.55,136.51,136.55,136.87,135.76,,,,,,,,,,,,,,,,,,,,,,,,,,,,,,,,,,,,,,,,,,,,,,,,,,,,394,553.15
1786468380,136.56,136.56,136.52,136.52,136.87,135.76,,,,,,,,,,,,,,,,,,,,,,,,,,,,,,,,,,,,,,,,,,,,,,,,,,,,307,564.75
1786468440,136.53,136.59,136.53,136.56,136.87,135.76,,,,,,,,,,,,,,,,,,,,,,,,,,,,,,,,,,,,,,,,,,,,,,,,,,,,725,597.85
1786468500,136.56,136.56,136.51,136.515,136.87,135.76,,,,,,,,,,,,,,,,,,,,,,,,,,,,,,,,,,,,,,,,,,,,,,,,,,,,1776,640.65
1786468560,136.51,136.52,136.51,136.52,136.87,135.76,,,,,,,,,,,,,,,,,,,,,,,,,,,,,,,,,,,,,,,,,,,,,,,,,,,,445,658.4
1786468620,136.57,136.63,136.57,136.61,136.87,135.76,,,,,,,,,,,,,,,,,,,,,,,,,,,,,,,,,,,,,,,,,,,,,,,,,,,,1854,717.2
1786468680,136.6,136.6,136.53,136.53,136.87,135.76,,,,,,,,,,,,,,,,,,,,,,,,,,,,,,,,,,,,,,,,,,,,,,,,,,,,1672,769.1
1786468740,136.52,136.53,136.48,136.49,136.87,135.76,,,,,,,,,,,,,,,,,,,,,,,,,,,,,,,,,,,,,,,,,,,,,,,,,,,,550,786.15
1786468800,136.49,136.49,136.42,136.42,136.87,135.76,,,,,,,,,,,,,,,,,,,,,,,,,,,,,,,,,,,,,,,,,,,,,,,,,,,,579,743.15
1786468860,136.4,136.42,136.36,136.36,136.87,135.76,,,,,,,,,,,,,,,,,,,,,,,,,,,,,,,,,,,,,,,,,,,,,,,,,,,,657,730.65
1786468920,136.34,136.35,136.28,136.28,136.87,135.76,,,,,,,,,,,,,,,,,,,,,,,,,,,,,,,,,,,,,,,,,,,,,,,,,,,,478,751.05
1786468980,136.31,136.32,136.31,136.32,136.87,135.76,,,,,,,,,,,,,,,,,,,,,,,,,,,,,,,,,,,,,,,,,,,,,,,,,,,,31,742.6
1786469040,136.34,136.37,136.33,136.37,136.87,135.76,,,,,,,,,,,,,,,,,,,,,,,,,,,,,,,,,,,,,,,,,,,,,,,,,,,,101,652.8
1786469100,136.37,136.375,136.31,136.31,136.87,135.76,,,,,,,,,,,,,,,,,,,,,,,,,,,,,,,,,,,,,,,,,,,,,,,,,,,,1421,698.95
1786469160,136.3,136.3,136.27,136.27,136.87,135.76,,,,,,,,,,,,,,,,,,,,,,,,,,,,,,,,,,,,,,,,,,,,,,,,,,,,422,702.15
1786469220,136.25,136.25,136.21,136.21,136.87,135.76,,,,,,,,,,,,,,,,,,,,,,,,,,,,,,,,,,,,,,,,,,,,,,,,,,,,530,713.35
1786469280,136.2,136.21,136.2,136.21,136.87,135.76,,,,,,,,,,,,,,,,,,,,,,,,,,,,,,,,,,,,,,,,,,,,,,,,,,,,230,702.5
1786469340,136.23,136.23,136.23,136.23,136.87,135.76,,,,,,,,,,,,,,,,,,,,,,,,,,,,,,,,,,,,,,,,,,,,,,,,,,,,177,662.25
1786469400,136.23,136.23,136.16,136.18,136.87,135.76,,,,,,,,,,,,,,,,,,,,,,,,,,,,,,,,,,,,,,,,,,,,,,,,,,,,744,697.7
1786469460,136.15,136.15,136.1,136.1,136.87,135.76,,,,,,,,,,,,,,,,,,,,,,,,,,,,,,,,,,,,,,,,,,,,,,,,,,,,817,695.5
1786469520,136.09,136.11,136.06,136.08,136.87,135.76,,,,,,,,,,,,,,,,,,,,,,,,,,,,,,,,,,,,,,,,,,,,,,,,,,,,933,722.45
1786469580,136.09,136.1,136.075,136.08,136.87,135.76,,,,,,,,,,,,,,,,,,,,,,,,,,,,,,,,,,,,,,,,,,,,,,,,,,,,1091,761.65
1786469640,136.09,136.09,136.06,136.07,136.87,135.76,,,,,,,,,,,,,,,,,,,,,,,,,,,,,,,,,,,,,,,,,,,,,,,,,,,,535,752.15
1786469700,136.08,136.1,136.025,136.025,136.87,135.76,,,,,,,,,,,,,,,,,,,,,,,,,,,,,,,,,,,,,,,,,,,,,,,,,,,,1194,723.05
1786469760,136.01,136.04,136,136.04,136.87,135.76,,,,,,,,,,,,,,,,,,,,,,,,,,,,,,,,,,,,,,,,,,,,,,,,,,,,323,716.95
1786469820,136.02,136.04,136.02,136.04,136.87,135.76,,,,,,,,,,,,,,,,,,,,,,,,,,,,,,,,,,,,,,,,,,,,,,,,,,,,727,660.6
1786469880,136.05,136.07,136.04,136.05,136.87,135.76,,,,,,,,,,,,,,,,,,,,,,,,,,,,,,,,,,,,,,,,,,,,,,,,,,,,490,601.5
1786469940,136.045,136.06,136.045,136.06,136.87,135.76,,,,,,,,,,,,,,,,,,,,,,,,,,,,,,,,,,,,,,,,,,,,,,,,,,,,62,577.1
1786470000,136.04,136.11,136.04,136.11,136.87,135.76,,,,,,,,,,,,,,,,,,,,,,,,,,,,,,,,,,,,,,,,,,,,,,,,,,,,1413,618.8
1786470060,136.1,136.115,136.08,136.11,136.87,135.76,,,,,,,,,,,,,,,,,,,,,,,,,,,,,,,,,,,,,,,,,,,,,,,,,,,,214,596.65
1786470120,136.09,136.09,136.06,136.09,136.87,135.76,,,,,,,,,,,,,,,,,,,,,,,,,,,,,,,,,,,,,,,,,,,,,,,,,,,,672,606.35
1786470180,136.1,136.1,136.07,136.07,136.87,135.76,,,,,,,,,,,,,,,,,,,,,,,,,,,,,,,,,,,,,,,,,,,,,,,,,,,,218,615.7
1786470240,136.08,136.09,136.08,136.09,136.87,135.76,,,,,,,,,,,,,,,,,,,,,,,,,,,,,,,,,,,,,,,,,,,,,,,,,,,,90,615.15
1786470300,136.07,136.07,136.015,136.02,136.87,135.76,,,,,,,,,,,,,,,,,,,,,,,,,,,,,,,,,,,,,,,,,,,,,,,,,,,,503,569.25
1786470360,136.04,136.04,136.01,136.04,136.87,135.76,,,,,,,,,,,,,,,,,,,,,,,,,,,,,,,,,,,,,,,,,,,,,,,,,,,,211,558.7
1786470420,136.02,136.04,136,136.04,136.87,135.76,,,,,,,,,,,,,,,,,,,,,,,,,,,,,,,,,,,,,,,,,,,,,,,,,,,,953,579.85
1786470480,136.05,136.11,136.05,136.1,136.87,135.76,,,,,,,,,,,,,,,,,,,,,,,,,,,,,,,,,,,,,,,,,,,,,,,,,,,,497,593.2
1786470540,136.1,136.11,136.04,136.04,136.87,135.76,,,,,,,,,,,,,,,,,,,,,,,,,,,,,,,,,,,,,,,,,,,,,,,,,,,,531,610.9
1786470600,136.03,136.06,136.02,136.06,136.87,135.76,,,,,,,,,,,,,,,,,,,,,,,,,,,,,,,,,,,,,,,,,,,,,,,,,,,,349,591.15
1786470660,136.02,136.03,135.99,135.99,136.87,135.76,,,,,,,,,,,,,,,,,,,,,,,,,,,,,,,,,,,,,,,,,,,,,,,,,,,,204,560.5
1786470720,135.98,135.99,135.96,135.96,136.87,135.76,,,,,,,,,,,,,,,,,,,,,,,,,,,,,,,,,,,,,,,,,,,,,,,,,,,,1552,591.45
1786470780,135.95,135.95,135.93,135.93,136.87,135.76,,,,,,,,,,,,,,,,,,,,,,,,,,,,,,,,,,,,,,,,,,,,,,,,,,,,736,573.7
1786470840,135.92,135.96,135.92,135.93,136.87,135.76,,,,,,,,,,,,,,,,,,,,,,,,,,,,,,,,,,,,,,,,,,,,,,,,,,,,901,592
1786470900,135.95,136.01,135.95,136.01,136.87,135.76,,,,,,,,,,,,,,,,,,,,,,,,,,,,,,,,,,,,,,,,,,,,,,,,,,,,1235,594.05
1786470960,136,136.02,135.98,135.99,136.87,135.76,,,,,,,,,,,,,,,,,,,,,,,,,,,,,,,,,,,,,,,,,,,,,,,,,,,,930,624.4
1786471020,136.01,136.01,135.98,135.98,136.87,135.76,,,,,,,,,,,,,,,,,,,,,,,,,,,,,,,,,,,,,,,,,,,,,,,,,,,,301,603.1
1786471080,135.975,136.07,135.975,136.07,136.87,135.76,,,,,,,,,,,,,,,,,,,,,,,,,,,,,,,,,,,,,,,,,,,,,,,,,,,,384,597.8
1786471140,136.06,136.06,136.05,136.05,136.87,135.76,,,,,,,,,,,,,,,,,,,,,,,,,,,,,,,,,,,,,,,,,,,,,,,,,,,,396,614.5
1786471200,136.04,136.07,136.04,136.04,136.87,135.76,,,,,,,,,,,,,,,,,,,,,,,,,,,,,,,,,,,,,,,,,,,,,,,,,,,,489,568.3
1786471260,136.02,136.025,135.98,135.98,136.87,135.76,,,,,,,,,,,,,,,,,,,,,,,,,,,,,,,,,,,,,,,,,,,,,,,,,,,,510,583.1
1786471320,135.97,135.97,135.91,135.91,136.87,135.76,,,,,,,,,,,,,,,,,,,,,,,,,,,,,,,,,,,,,,,,,,,,,,,,,,,,281,563.55
1786471380,135.92,135.96,135.92,135.96,136.87,135.76,,,,,,,,,,,,,,,,,,,,,,,,,,,,,,,,,,,,,,,,,,,,,,,,,,,,126,558.95
1786471440,135.96,135.96,135.95,135.955,136.87,135.76,,,,,,,,,,,,,,,,,,,,,,,,,,,,,,,,,,,,,,,,,,,,,,,,,,,,345,571.7
1786471500,135.965,135.965,135.94,135.94,136.87,135.76,,,,,,,,,,,,,,,,,,,,,,,,,,,,,,,,,,,,,,,,,,,,,,,,,,,,7,546.9
1786471560,135.94,135.96,135.89,135.92,136.87,135.76,,,,,,,,,,,,,,,,,,,,,,,,,,,,,,,,,,,,,,,,,,,,,,,,,,,,2795,676.1
1786471620,135.92,135.98,135.92,135.98,136.87,135.76,,,,,,,,,,,,,,,,,,,,,,,,,,,,,,,,,,,,,,,,,,,,,,,,,,,,399,648.4
1786471680,135.98,135.98,135.955,135.955,136.87,135.76,,,,,,,,,,,,,,,,,,,,,,,,,,,,,,,,,,,,,,,,,,,,,,,,,,,,89,628
1786471740,135.955,135.955,135.94,135.94,136.87,135.76,,,,,,,,,,,,,,,,,,,,,,,,,,,,,,,,,,,,,,,,,,,,,,,,,,,,38,603.35
1786471800,135.95,136.01,135.95,136.01,136.87,135.76,,,,,,,,,,,,,,,,,,,,,,,,,,,,,,,,,,,,,,,,,,,,,,,,,,,,347,603.25
1786471860,136.03,136.05,136.02,136.05,136.87,135.76,,,,,,,,,,,,,,,,,,,,,,,,,,,,,,,,,,,,,,,,,,,,,,,,,,,,15,593.8
1786471920,136.05,136.08,136.05,136.06,136.87,135.76,,,,,,,,,,,,,,,,,,,,,,,,,,,,,,,,,,,,,,,,,,,,,,,,,,,,1430,587.7
1786471980,136.04,136.06,136.04,136.04,136.87,135.76,,,,,,,,,,,,,,,,,,,,,,,,,,,,,,,,,,,,,,,,,,,,,,,,,,,,208,561.3
1786472040,136.05,136.07,136.05,136.06,136.87,135.76,,,,,,,,,,,,,,,,,,,,,,,,,,,,,,,,,,,,,,,,,,,,,,,,,,,,60,519.25
1786472100,136.06,136.08,136.03,136.08,136.87,135.76,,,,,,,,,,,,,,,,,,,,,,,,,,,,,,,,,,,,,,,,,,,,,,,,,,,,1058,510.4
1786472160,136.08,136.08,136.04,136.06,136.87,135.76,,,,,,,,,,,,,,,,,,,,,,,,,,,,,,,,,,,,,,,,,,,,,,,,,,,,646,496.2
1786472220,136.08,136.08,136.08,136.08,136.87,135.76,,,,,,,,,,,,,,,,,,,,,,,,,,,,,,,,,,,,,,,,,,,,,,,,,,,,1,481.2
1786472280,136.06,136.06,136.04,136.04,136.87,135.76,,,,,,,,,,,,,,,,,,,,,,,,,,,,,,,,,,,,,,,,,,,,,,,,,,,,1479,535.95
1786472340,136.01,136.01,135.96,135.96,136.87,135.76,,,,,,,,,,,,,,,,,,,,,,,,,,,,,,,,,,,,,,,,,,,,,,,,,,,,429,537.6
1786472400,135.96,135.98,135.94,135.94,136.87,135.76,,,,,,,,,,,,,,,,,,,,,,,,,,,,,,,,,,,,,,,,,,,,,,,,,,,,429,534.6
1786472460,135.97,135.99,135.97,135.97,136.87,135.76,,,,,,,,,,,,,,,,,,,,,,,,,,,,,,,,,,,,,,,,,,,,,,,,,,,,395,528.85
1786472520,135.96,135.97,135.96,135.97,136.87,135.76,,,,,,,,,,,,,,,,,,,,,,,,,,,,,,,,,,,,,,,,,,,,,,,,,,,,275,528.55
1786472580,135.99,136,135.96,136,136.87,135.76,,,,,,,,,,,,,,,,,,,,,,,,,,,,,,,,,,,,,,,,,,,,,,,,,,,,571,550.8
1786472640,136.035,136.05,136.035,136.05,136.87,135.76,,,,,,,,,,,,,,,,,,,,,,,,,,,,,,,,,,,,,,,,,,,,,,,,,,,,67,536.9
1786472700,136.04,136.07,136.04,136.05,136.87,135.76,,,,,,,,,,,,,,,,,,,,,,,,,,,,,,,,,,,,,,,,,,,,,,,,,,,,851,579.1
1786472760,136.05,136.05,136.02,136.02,136.87,135.76,,,,,,,,,,,,,,,,,,,,,,,,,,,,,,,,,,,,,,,,,,,,,,,,,,,,234,451.05
1786472820,136.02,136.02,136.01,136.02,136.87,135.76,,,,,,,,,,,,,,,,,,,,,,,,,,,,,,,,,,,,,,,,,,,,,,,,,,,,139,438.05
1786472880,136.01,136.01,135.98,135.98,136.87,135.76,,,,,,,,,,,,,,,,,,,,,,,,,,,,,,,,,,,,,,,,,,,,,,,,,,,,281,447.65
1786472940,135.99,135.99,135.9,135.915,136.87,135.76,,,,,,,,,,,,,,,,,,,,,,,,,,,,,,,,,,,,,,,,,,,,,,,,,,,,3356,613.55
1786473000,135.92,135.98,135.9,135.96,136.87,135.76,,,,,,,,,,,,,,,,,,,,,,,,,,,,,,,,,,,,,,,,,,,,,,,,,,,,3846,788.5
1786473060,135.96,135.99,135.95,135.99,136.87,135.76,,,,,,,,,,,,,,,,,,,,,,,,,,,,,,,,,,,,,,,,,,,,,,,,,,,,1755,875.5
1786473120,135.97,135.97,135.95,135.95,136.87,135.76,,,,,,,,,,,,,,,,,,,,,,,,,,,,,,,,,,,,,,,,,,,,,,,,,,,,621,835.05
1786473180,135.95,135.98,135.95,135.98,136.87,135.76,,,,,,,,,,,,,,,,,,,,,,,,,,,,,,,,,,,,,,,,,,,,,,,,,,,,270,838.15
1786473240,135.97,136.02,135.97,135.99,136.87,135.76,,,,,,,,,,,,,,,,,,,,,,,,,,,,,,,,,,,,,,,,,,,,,,,,,,,,1837,927
1786473300,135.98,136.03,135.97,136.02,136.87,135.76,,,,,,,,,,,,,,,,,,,,,,,,,,,,,,,,,,,,,,,,,,,,,,,,,,,,658,907
1786473360,136.03,136.045,136.03,136.045,136.87,135.76,,,,,,,,,,,,,,,,,,,,,,,,,,,,,,,,,,,,,,,,,,,,,,,,,,,,33,876.35
1786473420,136.05,136.07,136.02,136.03,136.87,135.76,,,,,,,,,,,,,,,,,,,,,,,,,,,,,,,,,,,,,,,,,,,,,,,,,,,,3791,1065.85
1786473480,136.01,136.02,135.99,135.99,136.87,135.76,,,,,,,,,,,,,,,,,,,,,,,,,,,,,,,,,,,,,,,,,,,,,,,,,,,,840,1033.9
1786473540,136.005,136.04,136.005,136.04,136.87,135.76,,,,,,,,,,,,,,,,,,,,,,,,,,,,,,,,,,,,,,,,,,,,,,,,,,,,210,1022.95
1786473600,136.01,136.01,135.9,135.92,136.87,135.76,,,,,,,,,,,,,,,,,,,,,,,,,,,,,,,,,,,,,,,,,,,,,,,,,,,,948,1048.9
1786473660,135.9,135.9,135.84,135.85,136.87,135.76,,,,,,,,,,,,,,,,,,,,,,,,,,,,,,,,,,,,,,,,,,,,,,,,,,,,1058,1082.05
1786473720,135.83,135.86,135.83,135.86,136.87,135.76,,,,,,,,,,,,,,,,,,,,,,,,,,,,,,,,,,,,,,,,,,,,,,,,,,,,300,1083.3
1786473780,135.9,135.93,135.89,135.93,136.87,135.76,,,,,,,,,,,,,,,,,,,,,,,,,,,,,,,,,,,,,,,,,,,,,,,,,,,,170,1063.25
1786473840,135.98,135.99,135.97,135.97,136.87,135.76,,,,,,,,,,,,,,,,,,,,,,,,,,,,,,,,,,,,,,,,,,,,,,,,,,,,954,1107.6
1786473900,135.97,136,135.97,135.99,136.87,135.76,,,,,,,,,,,,,,,,,,,,,,,,,,,,,,,,,,,,,,,,,,,,,,,,,,,,912,1110.65
1786473960,135.98,135.98,135.95,135.95,136.87,135.76,,,,,,,,,,,,,,,,,,,,,,,,,,,,,,,,,,,,,,,,,,,,,,,,,,,,722,1135.05
1786474020,135.94,135.94,135.905,135.91,136.87,135.76,,,,,,,,,,,,,,,,,,,,,,,,,,,,,,,,,,,,,,,,,,,,,,,,,,,,739,1165.05
1786474080,135.94,135.96,135.93,135.95,136.87,135.76,,,,,,,,,,,,,,,,,,,,,,,,,,,,,,,,,,,,,,,,,,,,,,,,,,,,163,1159.15
1786474140,135.955,135.955,135.91,135.95,136.87,135.76,,,,,,,,,,,,,,,,,,,,,,,,,,,,,,,,,,,,,,,,,,,,,,,,,,,,854,1034.05
1786474200,135.96,135.96,135.91,135.92,136.87,135.76,,,,,,,,,,,,,,,,,,,,,,,,,,,,,,,,,,,,,,,,,,,,,,,,,,,,665,875
1786474260,135.91,135.91,135.82,135.83,136.87,135.76,,,,,,,,,,,,,,,,,,,,,,,,,,,,,,,,,,,,,,,,,,,,,,,,,,,,276,801.05
1786474320,135.83,135.84,135.81,135.81,136.87,135.76,,,,,,,,,,,,,,,,,,,,,,,,,,,,,,,,,,,,,,,,,,,,,,,,,,,,654,802.7
1786474380,135.81,135.81,135.805,135.805,136.87,135.76,,,,,,,,,,,,,,,,,,,,,,,,,,,,,,,,,,,,,,,,,,,,,,,,,,,,209,799.65
1786474440,135.805,135.83,135.8,135.83,136.87,135.76,,,,,,,,,,,,,,,,,,,,,,,,,,,,,,,,,,,,,,,,,,,,,,,,,,,,376,726.6
1786474500,135.8,135.8,135.73,135.75,136.87,135.76,,,,,,,,,,,,,,,,,,,,,,,,,,,,,,,,,,,,,,,,,,,,,,,,,,,,1596,773.5
1786474560,135.73,135.75,135.69,135.69,136.87,135.76,,,,,,,,,,,,,,,,,,,,,,,,,,,,,,,,,,,,,,,,,,,,,,,,,,,,1345,839.1
1786474620,135.67,135.75,135.66,135.75,136.87,135.76,,,,,,,,,,,,,,,,,,,,,,,,,,,,,,,,,,,,,,,,,,,,,,,,,,,,2500,774.55
1786474680,135.73,135.73,135.71,135.71,136.87,135.76,,,,,,,,,,,,,,,,,,,,,,,,,,,,,,,,,,,,,,,,,,,,,,,,,,,,671,766.1
1786474740,135.68,135.72,135.68,135.68,136.87,135.76,,,,,,,,,,,,,,,,,,,,,,,,,,,,,,,,,,,,,,,,,,,,,,,,,,,,1073,809.25
1786474800,135.7,135.7,135.595,135.62,136.87,135.76,,,,,,,,,,,,,,,,,,,,,,,,,,,,,,,,,,,,,,,,,,,,,,,,,,,,1144,819.05
1786474860,135.62,135.66,135.59,135.66,136.87,135.76,,,,,,,,,,,,,,,,,,,,,,,,,,,,,,,,,,,,,,,,,,,,,,,,,,,,1376,834.95
1786474920,135.66,135.7,135.65,135.65,136.87,135.76,,,,,,,,,,,,,,,,,,,,,,,,,,,,,,,,,,,,,,,,,,,,,,,,,,,,895,864.7
1786474980,135.64,135.66,135.59,135.59,136.87,135.76,,,,,,,,,,,,,,,,,,,,,,,,,,,,,,,,,,,,,,,,,,,,,,,,,,,,334,872.9
1786475040,135.59,135.605,135.59,135.595,136.87,135.76,,,,,,,,,,,,,,,,,,,,,,,,,,,,,,,,,,,,,,,,,,,,,,,,,,,,1190,884.7
1786475100,135.61,135.61,135.47,135.47,136.87,135.76,,,,,,,,,,,,,,,,,,,,,,,,,,,,,,,,,,,,,,,,,,,,,,,,,,,,4112,1044.7
1786475160,135.48,135.48,135.46,135.48,136.87,135.76,,,,,,,,,,,,,,,,,,,,,,,,,,,,,,,,,,,,,,,,,,,,,,,,,,,,603,1038.75
1786475220,135.46,135.48,135.43,135.44,136.87,135.76,,,,,,,,,,,,,,,,,,,,,,,,,,,,,,,,,,,,,,,,,,,,,,,,,,,,999,1051.75
1786475280,135.43,135.44,135.41,135.41,136.87,135.76,,,,,,,,,,,,,,,,,,,,,,,,,,,,,,,,,,,,,,,,,,,,,,,,,,,,253,1056.25
1786475340,135.4,135.43,135.39,135.41,136.87,135.76,,,,,,,,,,,,,,,,,,,,,,,,,,,,,,,,,,,,,,,,,,,,,,,,,,,,1553,1091.2
1786475400,135.42,135.43,135.41,135.41,136.87,135.76,,,,,,,,,,,,,,,,,,,,,,,,,,,,,,,,,,,,,,,,,,,,,,,,,,,,959,1105.9
1786475460,135.465,135.49,135.465,135.48,136.87,135.76,,,,,,,,,,,,,,,,,,,,,,,,,,,,,,,,,,,,,,,,,,,,,,,,,,,,1085,1146.35
1786475520,135.47,135.49,135.46,135.47,136.87,135.76,,,,,,,,,,,,,,,,,,,,,,,,,,,,,,,,,,,,,,,,,,,,,,,,,,,,489,1138.1
1786475580,135.45,135.47,135.43,135.43,136.87,135.76,,,,,,,,,,,,,,,,,,,,,,,,,,,,,,,,,,,,,,,,,,,,,,,,,,,,698,1162.55
1786475640,135.39,135.39,135.38,135.39,136.87,135.76,,,,,,,,,,,,,,,,,,,,,,,,,,,,,,,,,,,,,,,,,,,,,,,,,,,,153,1151.4
1786475700,135.38,135.56,135.35,135.56,136.87,135.76,,,,,,,,,,,,,,,,,,,,,,,,,,,,,,,,,,,,,,,,,,,,,,,,,,,,2742,1208.7
1786475760,135.54,135.61,135.52,135.61,136.87,135.76,,,,,,,,,,,,,,,,,,,,,,,,,,,,,,,,,,,,,,,,,,,,,,,,,,,,644,1173.65
1786475820,135.6,135.65,135.58,135.58,136.87,135.76,,,,,,,,,,,,,,,,,,,,,,,,,,,,,,,,,,,,,,,,,,,,,,,,,,,,1613,1129.3
1786475880,135.58,135.65,135.58,135.65,136.87,135.76,,,,,,,,,,,,,,,,,,,,,,,,,,,,,,,,,,,,,,,,,,,,,,,,,,,,78,1099.65
1786475940,135.68,135.755,135.67,135.755,136.87,135.76,,,,,,,,,,,,,,,,,,,,,,,,,,,,,,,,,,,,,,,,,,,,,,,,,,,,1254,1108.7
1786476000,135.77,135.79,135.75,135.78,136.87,135.76,,,,,,,,,,,,,,,,,,,,,,,,,,,,,,,,,,,,,,,,,,,,,,,,,,,,995,1101.25
1786476060,135.82,135.88,135.82,135.875,136.87,135.76,,,,,,,,,,,,,,,,,,,,,,,,,,,,,,,,,,,,,,,,,,,,,,,,,,,,158,1040.35
1786476120,135.9,135.91,135.86,135.88,136.87,135.76,,,,,,,,,,,,,,,,,,,,,,,,,,,,,,,,,,,,,,,,,,,,,,,,,,,,1252,1058.2
1786476180,135.91,135.96,135.89,135.89,136.87,135.76,,,,,,,,,,,,,,,,,,,,,,,,,,,,,,,,,,,,,,,,,,,,,,,,,,,,1320,1107.5
1786476240,135.93,135.93,135.91,135.91,136.87,135.76,,,,,,,,,,,,,,,,,,,,,,,,,,,,,,,,,,,,,,,,,,,,,,,,,,,,274,1061.7
1786476300,135.92,135.92,135.89,135.89,136.87,135.76,,,,,,,,,,,,,,,,,,,,,,,,,,,,,,,,,,,,,,,,,,,,,,,,,,,,407,876.45
1786476360,135.91,135.91,135.88,135.88,136.87,135.76,,,,,,,,,,,,,,,,,,,,,,,,,,,,,,,,,,,,,,,,,,,,,,,,,,,,500,871.3
1786476420,135.87,135.9,135.83,135.89,136.87,135.76,,,,,,,,,,,,,,,,,,,,,,,,,,,,,,,,,,,,,,,,,,,,,,,,,,,,1381,890.4
1786476480,135.9,135.98,135.9,135.98,136.87,135.76,,,,,,,,,,,,,,,,,,,,,,,,,,,,,,,,,,,,,,,,,,,,,,,,,,,,1379,946.7
1786476540,135.99,135.99,135.9,135.9,136.87,135.76,,,,,,,,,,,,,,,,,,,,,,,,,,,,,,,,,,,,,,,,,,,,,,,,,,,,2635,1000.8
1786476600,135.92,135.98,135.92,135.95,136.87,135.76,,,,,,,,,,,,,,,,,,,,,,,,,,,,,,,,,,,,,,,,,,,,,,,,,,,,2069,1056.3
1786476660,135.97,136.08,135.95,136.03,136.87,135.76,,,,,,,,,,,,,,,,,,,,,,,,,,,,,,,,,,,,,,,,,,,,,,,,,,,,2324,1118.25
1786476720,136.03,136.05,135.94,135.94,136.87,135.76,,,,,,,,,,,,,,,,,,,,,,,,,,,,,,,,,,,,,,,,,,,,,,,,,,,,1035,1145.55
1786476780,135.92,135.98,135.92,135.98,136.87,135.76,,,,,,,,,,,,,,,,,,,,,,,,,,,,,,,,,,,,,,,,,,,,,,,,,,,,133,1117.3
1786476840,136.01,136.04,136,136.04,136.87,135.76,,,,,,,,,,,,,,,,,,,,,,,,,,,,,,,,,,,,,,,,,,,,,,,,,,,,207,1120
1786476900,136.05,136.07,136.03,136.06,136.87,135.76,,,,,,,,,,,,,,,,,,,,,,,,,,,,,,,,,,,,,,,,,,,,,,,,,,,,1408,1053.3
1786476960,136.06,136.09,136.01,136.09,136.87,135.76,,,,,,,,,,,,,,,,,,,,,,,,,,,,,,,,,,,,,,,,,,,,,,,,,,,,817,1061.95
1786477020,136.11,136.18,135.97,135.99,136.87,135.76,,,,,,,,,,,,,,,,,,,,,,,,,,,,,,,,,,,,,,,,,,,,,,,,,,,,1911,1076.85
1786477080,136,136,135.96,135.96,136.87,135.76,,,,,,,,,,,,,,,,,,,,,,,,,,,,,,,,,,,,,,,,,,,,,,,,,,,,37,1074.8
1786477140,135.955,135.98,135.92,135.93,136.87,135.76,,,,,,,,,,,,,,,,,,,,,,,,,,,,,,,,,,,,,,,,,,,,,,,,,,,,478,1036
1786477200,135.94,135.95,135.92,135.92,136.87,135.76,,,,,,,,,,,,,,,,,,,,,,,,,,,,,,,,,,,,,,,,,,,,,,,,,,,,1112,1041.85
1786477260,135.98,136.05,135.96,136.02,136.87,135.76,,,,,,,,,,,,,,,,,,,,,,,,,,,,,,,,,,,,,,,,,,,,,,,,,,,,709,1069.4
1786477320,136.01,136.18,136,136.13,136.87,135.76,,,,,,,,,,,,,,,,,,,,,,,,,,,,,,,,,,,,,,,,,,,,,,,,,,,,13018,1657.7
1786477380,136.14,136.165,136.12,136.14,136.87,135.76,,,,,,,,,,,,,,,,,,,,,,,,,,,,,,,,,,,,,,,,,,,,,,,,,,,,1057,1644.55
1786477440,136.13,136.14,136.06,136.07,136.87,135.76,,,,,,,,,,,,,,,,,,,,,,,,,,,,,,,,,,,,,,,,,,,,,,,,,,,,2431,1752.4
1786477500,136.07,136.07,135.97,135.97,136.87,135.76,,,,,,,,,,,,,,,,,,,,,,,,,,,,,,,,,,,,,,,,,,,,,,,,,,,,3777,1920.9
1786477560,135.97,136.02,135.97,136.01,136.87,135.76,,,,,,,,,,,,,,,,,,,,,,,,,,,,,,,,,,,,,,,,,,,,,,,,,,,,1953,1993.55
1786477620,136.005,136.03,135.97,135.97,136.87,135.76,,,,,,,,,,,,,,,,,,,,,,,,,,,,,,,,,,,,,,,,,,,,,,,,,,,,1898,2019.4
1786477680,135.98,135.99,135.92,135.92,136.87,135.76,,,,,,,,,,,,,,,,,,,,,,,,,,,,,,,,,,,,,,,,,,,,,,,,,,,,807,1990.8
1786477740,135.93,136.01,135.93,135.99,136.87,135.76,,,,,,,,,,,,,,,,,,,,,,,,,,,,,,,,,,,,,,,,,,,,,,,,,,,,1357,1926.9
1786477800,136.01,136.02,135.85,135.91,136.87,135.76,,,,,,,,,,,,,,,,,,,,,,,,,,,,,,,,,,,,,,,,,,,,,,,,,,,,5324,2089.65
1786477860,135.92,135.95,135.79,135.79,136.87,135.76,,,,,,,,,,,,,,,,,,,,,,,,,,,,,,,,,,,,,,,,,,,,,,,,,,,,1881,2067.5
1786477920,135.8,135.87,135.8,135.85,136.87,135.76,,,,,,,,,,,,,,,,,,,,,,,,,,,,,,,,,,,,,,,,,,,,,,,,,,,,2331,2132.3
1786477980,135.86,135.86,135.78,135.78,136.87,135.76,,,,,,,,,,,,,,,,,,,,,,,,,,,,,,,,,,,,,,,,,,,,,,,,,,,,1655,2208.4
1786478040,135.79,135.91,135.79,135.84,136.87,135.76,,,,,,,,,,,,,,,,,,,,,,,,,,,,,,,,,,,,,,,,,,,,,,,,,,,,3114,2353.75
1786478100,135.83,135.95,135.78,135.93,136.87,135.76,,,,,,,,,,,,,,,,,,,,,,,,,,,,,,,,,,,,,,,,,,,,,,,,,,,,8866,2726.65
1786478160,135.93,135.93,135.78,135.81,136.87,135.76,,,,,,,,,,,,,,,,,,,,,,,,,,,,,,,,,,,,,,,,,,,,,,,,,,,,4407,2906.15
1786478220,135.81,135.84,135.74,135.78,136.87,135.76,,,,,,,,,,,,,,,,,,,,,,,,,,,,,,,,,,,,,,,,,,,,,,,,,,,,5786,3099.9
1786478280,135.78,135.825,135.71,135.825,136.87,135.76,,,,,,,,,,,,,,,,,,,,,,,,,,,,,,,,,,,,,,,,,,,,,,,,,,,,7538,3474.95
1786478340,135.825,135.85,135.56,135.77,136.87,135.76,,,1,16,1,1786455960000,136.96,136.87,135.76,1.1100000000000136,0.2362454951793219,0.13142523364484404,1.1755257009345894,2,1786456080000,1,0,,,,0,0,0,0,0,,,,0,0,0,0,0,,,,0,0,0,0,0,,,,0,0,0,0,,-1,16,25086,4705.35
1786541400,136.44,137.22,136.44,137.22,137.22,136.44,,,,,,,,,,,,,,,,,,,,,,,,,,,,,,,,,,,,,,,,,,,,,,,,,,,,502,4674.85
1786541460,136.89,136.89,136.89,136.89,137.22,136.44,,,,,,,,,,,,,,,,,,,,,,,,,,,,,,,,,,,,,,,,,,,,,,,,,,,,100,4644.4
1786541520,136.8,136.925,136.5,136.925,137.22,136.44,,,,,,,,,,,,,,,,,,,,,,,,,,,,,,,,,,,,,,,,,,,,,,,,,,,,3406,4163.8
1786541580,136.92,137.085,136.77,136.88,137.22,136.44,,,,,,,,,,,,,,,,,,,,,,,,,,,,,,,,,,,,,,,,,,,,,,,,,,,,7774,4499.65
1786541640,136.83,136.91,136.74,136.74,137.22,136.44,,,,,,,,,,,,,,,,,,,,,,,,,,,,,,,,,,,,,,,,,,,,,,,,,,,,2800,4518.1
1786541700,136.73,137.08,136.64,136.98,137.22,136.44,,,,,,,,,,,,,,,,,,,,,,,,,,,,,,,,,,,,,,,,,,,,,,,,,,,,4462,4552.35
1786541760,137,137.1,136.91,136.91,137.22,136.44,,,,,,,,,,,,,,,,,,,,,,,,,,,,,,,,,,,,,,,,,,,,,,,,,,,,14414,5175.4
1786541820,136.87,137.19,136.86,137.1,137.22,136.44,,,,,,,,,,,,,,,,,,,,,,,,,,,,,,,,,,,,,,,,,,,,,,,,,,,,8525,5506.75
1786541880,137.05,137.09,137,137,137.22,136.44,,,,,,,,,,,,,,,,,,,,,,,,,,,,,,,,,,,,,,,,,,,,,,,,,,,,1782,5555.5
1786541940,136.99,137.18,136.96,137.105,137.22,136.44,,,,,,,,,,,,,,,,,,,,,,,,,,,,,,,,,,,,,,,,,,,,,,,,,,,,2319,5603.6
1786542000,137.07,137.28,137,137.23,137.28,136.44,,,,,,,,,,,,,,,,,,,,,,,,,,,,,,,,,,,,,,,,,,,,,,,,,,,,2424,5458.6
1786542060,137.23,137.35,137.17,137.31,137.35,136.44,,,,,,,,,,,,,,,,,,,,,,,,,,,,,,,,,,,,,,,,,,,,,,,,,,,,1303,5429.7
1786542120,137.27,137.41,137.26,137.39,137.41,136.44,,,,,,,,,,,,,,,,,,,,,,,,,,,,,,,,,,,,,,,,,,,,,,,,,,,,3602,5493.25
1786542180,137.46,137.51,137.26,137.31,137.51,136.44,,,,,,,,,,,,,,,,,,,,,,,,,,,,,,,,,,,,,,,,,,,,,,,,,,,,3932,5607.1
1786542240,137.31,137.41,137.31,137.36,137.51,136.44,,,,,,,,,,,,,,,,,,,,,,,,,,,,,,,,,,,,,,,,,,,,,,,,,,,,147,5458.75
1786542300,137.39,137.57,137.39,137.57,137.51,136.44,,,,,,,,,,,,,,,,,,,,,,,,,,,,,,,,,,,,,,,,,,,,,,,,,,,,3747,5202.8
1786542360,137.54,137.6,137.43,137.515,137.51,136.44,,,,,,,,,,,,,,,,,,,,,,,,,,,,,,,,,,,,,,,,,,,,,,,,,,,,20617,6013.3
1786542420,137.5,137.54,137.43,137.43,137.51,136.44,,,,,,,,,,,,,,,,,,,,,,,,,,,,,,,,,,,,,,,,,,,,,,,,,,,,3042,5876.1
1786542480,137.42,137.5,137.31,137.39,137.51,136.44,,,,,,,,,,,,,,,,,,,,,,,,,,,,,,,,,,,,,,,,,,,,,,,,,,,,3091,5653.75
1786542540,137.39,137.49,137.33,137.46,137.51,136.44,,,,,,,,,,,,,,,,,,,,,,,,,,,,,,,,,,,,,,,,,,,,,,,,,,,,2860,4542.45
1786542600,137.43,137.43,137.24,137.26,137.51,136.44,,,,,,,,,,,,,,,,,,,,,,,,,,,,,,,,,,,,,,,,,,,,,,,,,,,,3129,4673.8
1786542660,137.29,137.31,137.23,137.24,137.51,136.44,,,,,,,,,,,,,,,,,,,,,,,,,,,,,,,,,,,,,,,,,,,,,,,,,,,,2099,4773.75
1786542720,137.25,137.26,137.14,137.14,137.51,136.44,,,,,,,,,,,,,,,,,,,,,,,,,,,,,,,,,,,,,,,,,,,,,,,,,,,,1068,4656.85
1786542780,137.08,137.16,137.06,137.16,137.51,136.44,,,,,,,,,,,,,,,,,,,,,,,,,,,,,,,,,,,,,,,,,,,,,,,,,,,,544,4295.35
1786542840,137.14,137.14,136.97,137.04,137.51,136.44,,,,,,,,,,,,,,,,,,,,,,,,,,,,,,,,,,,,,,,,,,,,,,,,,,,,3201,4315.4
1786542900,137.055,137.1,137.055,137.1,137.51,136.44,,,,,,,,,,,,,,,,,,,,,,,,,,,,,,,,,,,,,,,,,,,,,,,,,,,,2320,4208.3
1786542960,137.12,137.19,137.01,137.19,137.51,136.44,,,,,,,,,,,,,,,,,,,,,,,,,,,,,,,,,,,,,,,,,,,,,,,,,,,,2477,3611.45
1786543020,137.19,137.32,137.19,137.28,137.51,136.44,,,,,,,,,,,,,,,,,,,,,,,,,,,,,,,,,,,,,,,,,,,,,,,,,,,,1210,3245.7
1786543080,137.28,137.42,137.28,137.38,137.51,136.44,,,,,,,,,,,,,,,,,,,,,,,,,,,,,,,,,,,,,,,,,,,,,,,,,,,,767,3194.95
1786543140,137.42,137.48,137.42,137.45,137.51,136.44,,,,,,,,,,,,,,,,,,,,,,,,,,,,,,,,,,,,,,,,,,,,,,,,,,,,1475,3152.75
1786543200,137.48,137.71,137.48,137.69,137.51,136.44,,,,,,,,,,,,,,,,,,,,,,,,,,,,,,,,,,,,,,,,,,,,,,,,,,,,5929,3328
1786543260,137.76,137.92,137.72,137.92,137.51,136.44,,,,,,,,,,,,,,,,,,,,,,,,,,,,,,,,,,,,,,,,,,,,,,,,,,,,8406,3683.15
1786543320,137.9,137.92,137.78,137.86,137.51,136.44,,,,,,,,,,,,,,,,,,,,,,,,,,,,,,,,,,,,,,,,,,,,,,,,,,,,2213,3613.7
1786543380,137.85,138.12,137.85,137.98,137.51,136.44,,,,,,,,,,,,,,,,,,,,,,,,,,,,,,,,,,,,,,,,,,,,,,,,,,,,13261,4080.15
1786543440,137.98,138.05,137.96,137.97,137.51,136.44,,,,,,,,,,,,,,,,,,,,,,,,,,,,,,,,,,,,,,,,,,,,,,,,,,,,2719,4208.75
1786543500,137.945,137.97,137.875,137.91,137.51,136.44,,,,,,,,,,,,,,,,,,,,,,,,,,,,,,,,,,,,,,,,,,,,,,,,,,,,1775,4110.15
1786543560,137.88,137.94,137.82,137.84,137.51,136.44,,,,,,,,,,,,,,,,,,,,,,,,,,,,,,,,,,,,,,,,,,,,,,,,,,,,1557,3157.15
1786543620,137.83,137.85,137.73,137.73,137.51,136.44,,,,,,,,,,,,,,,,,,,,,,,,,,,,,,,,,,,,,,,,,,,,,,,,,,,,4992,3254.65
1786543680,137.72,137.73,137.47,137.48,137.51,136.44,,,,,,,,,,,,,,,,,,,,,,,,,,,,,,,,,,,,,,,,,,,,,,,,,,,,1616,3180.9
1786543740,137.51,137.54,137.38,137.42,137.51,136.44,,,,,,,,,,,,,,,,,,,,,,,,,,,,,,,,,,,,,,,,,,,,,,,,,,,,1786,3127.2
1786543800,137.43,137.52,137.43,137.49,137.51,136.44,,,,,,,,,,,,,,,,,,,,,,,,,,,,,,,,,,,,,,,,,,,,,,,,,,,,1412,3041.35
1786543860,137.51,137.52,137.16,137.18,137.51,136.44,,,,,,,,,,,,,,,,,,,,,,,,,,,,,,,,,,,,,,,,,,,,,,,,,,,,2632,3068
1786543920,137.2,137.41,137.19,137.41,137.51,136.44,,,,,,,,,,,,,,,,,,,,,,,,,,,,,,,,,,,,,,,,,,,,,,,,,,,,960,3062.6
1786543980,137.43,137.475,137.405,137.41,137.51,136.44,,,,,,,,,,,,,,,,,,,,,,,,,,,,,,,,,,,,,,,,,,,,,,,,,,,,1696,3120.2
1786544040,137.42,137.58,137.37,137.56,137.51,136.44,,,,,,,,,,,,,,,,,,,,,,,,,,,,,,,,,,,,,,,,,,,,,,,,,,,,3024,3111.35
1786544100,137.54,137.56,137.46,137.47,137.51,136.44,,,,,,,,,,,,,,,,,,,,,,,,,,,,,,,,,,,,,,,,,,,,,,,,,,,,1047,3047.7
1786544160,137.44,137.47,137.43,137.47,137.51,136.44,,,,,,,,,,,,,,,,,,,,,,,,,,,,,,,,,,,,,,,,,,,,,,,,,,,,1045,2976.1
1786544220,137.49,137.59,137.49,137.59,137.51,136.44,,,,,,,,,,,,,,,,,,,,,,,,,,,,,,,,,,,,,,,,,,,,,,,,,,,,924,2961.8
1786544280,137.62,137.84,137.62,137.82,137.51,136.44,,,,,,,,,,,,,,,,,,,,,,,,,,,,,,,,,,,,,,,,,,,,,,,,,,,,1511,2999
1786544340,137.85,137.895,137.84,137.87,137.51,136.44,,,,,,,,,,,,,,,,,,,,,,,,,,,,,,,,,,,,,,,,,,,,,,,,,,,,2683,3059.4
1786544400,137.86,137.86,137.63,137.715,137.51,136.44,,,,,,,,,,,,,,,,,,,,,,,,,,,,,,,,,,,,,,,,,,,,,,,,,,,,2723,2899.1
1786544460,137.7,137.8,137.7,137.77,137.51,136.44,,,,,,,,,,,,,,,,,,,,,,,,,,,,,,,,,,,,,,,,,,,,,,,,,,,,2084,2583
1786544520,137.76,137.86,137.73,137.76,137.51,136.44,,,,,,,,,,,,,,,,,,,,,,,,,,,,,,,,,,,,,,,,,,,,,,,,,,,,3386,2641.65
1786544580,137.77,138.2,137.77,138.19,137.51,136.44,,,,,,,,,,,,,,,,,,,,,,,,,,,,,,,,,,,,,,,,,,,,,,,,,,,,7305,2343.85
1786544640,138.18,138.29,138.08,138.09,137.51,136.44,,,,,,,,,,,,,,,,,,,,,,,,,,,,,,,,,,,,,,,,,,,,,,,,,,,,2772,2346.5
1786544700,138.08,138.145,138.05,138.05,137.51,136.44,,,,,,,,,,,,,,,,,,,,,,,,,,,,,,,,,,,,,,,,,,,,,,,,,,,,2440,2379.75
1786544760,138.02,138.27,138,138.27,137.51,136.44,,,,,,,,,,,,,,,,,,,,,,,,,,,,,,,,,,,,,,,,,,,,,,,,,,,,1973,2400.55
1786544820,138.285,138.36,138.19,138.33,137.51,136.44,,,,,,,,,,,,,,,,,,,,,,,,,,,,,,,,,,,,,,,,,,,,,,,,,,,,5924,2447.15
1786544880,138.37,138.55,138.37,138.54,137.51,136.44,,,,,,,,,,,,,,,,,,,,,,,,,,,,,,,,,,,,,,,,,,,,,,,,,,,,5283,2630.5
1786544940,138.56,138.56,138.31,138.35,137.51,136.44,,,,,,,,,,,,,,,,,,,,,,,,,,,,,,,,,,,,,,,,,,,,,,,,,,,,2069,2644.65
1786545000,138.37,138.41,138.265,138.28,137.51,136.44,,,,,,,,,,,,,,,,,,,,,,,,,,,,,,,,,,,,,,,,,,,,,,,,,,,,1745,2661.3
1786545060,138.3,138.3,137.92,138.23,137.51,136.44,,,,,,,,,,,,,,,,,,,,,,,,,,,,,,,,,,,,,,,,,,,,,,,,,,,,14328,3246.1
1786545120,138.26,138.26,138.16,138.18,137.51,136.44,,,,,,,,,,,,,,,,,,,,,,,,,,,,,,,,,,,,,,,,,,,,,,,,,,,,1186,3257.4
1786545180,138.21,138.21,138.16,138.18,137.51,136.44,,,,,,,,,,,,,,,,,,,,,,,,,,,,,,,,,,,,,,,,,,,,,,,,,,,,1190,3232.1
1786545240,138.17,138.195,137.97,137.97,137.51,136.44,,,,,,,,,,,,,,,,,,,,,,,,,,,,,,,,,,,,,,,,,,,,,,,,,,,,1677,3164.75
1786545300,138.01,138.09,138,138.06,137.51,136.44,,,,,,,,,,,,,,,,,,,,,,,,,,,,,,,,,,,,,,,,,,,,,,,,,,,,320,3128.4
1786545360,138.08,138.08,137.87,137.88,137.51,136.44,,,,,,,,,,,,,,,,,,,,,,,,,,,,,,,,,,,,,,,,,,,,,,,,,,,,2789,3215.6
1786545420,137.9,138.1,137.9,138.07,137.51,136.44,,,,,,,,,,,,,,,,,,,,,,,,,,,,,,,,,,,,,,,,,,,,,,,,,,,,3732,3356
1786545480,138.1,138.15,138.06,138.12,137.51,136.44,,,,,,,,,,,,,,,,,,,,,,,,,,,,,,,,,,,,,,,,,,,,,,,,,,,,1705,3365.7
1786545540,138.1,138.2,138.1,138.2,137.51,136.44,,,,,,,,,,,,,,,,,,,,,,,,,,,,,,,,,,,,,,,,,,,,,,,,,,,,886,3275.85
1786545600,138.17,138.17,138.17,138.17,137.51,136.44,,,,,,,,,,,,,,,,,,,,,,,,,,,,,,,,,,,,,,,,,,,,,,,,,,,,483,3163.85
1786545660,138.2,138.26,138.19,138.21,137.51,136.44,,,,,,,,,,,,,,,,,,,,,,,,,,,,,,,,,,,,,,,,,,,,,,,,,,,,1400,3129.65
1786545720,138.22,138.29,138.21,138.28,137.51,136.44,,,,,,,,,,,,,,,,,,,,,,,,,,,,,,,,,,,,,,,,,,,,,,,,,,,,560,2988.35
1786545780,138.32,138.35,138.25,138.25,137.51,136.44,,,,,,,,,,,,,,,,,,,,,,,,,,,,,,,,,,,,,,,,,,,,,,,,,,,,4709,2858.55
1786545840,138.25,138.3,138.22,138.27,137.51,136.44,,,,,,,,,,,,,,,,,,,,,,,,,,,,,,,,,,,,,,,,,,,,,,,,,,,,1429,2791.4
1786545900,138.27,138.4,138.27,138.4,137.51,136.44,,,,,,,,,,,,,,,,,,,,,,,,,,,,,,,,,,,,,,,,,,,,,,,,,,,,1061,2722.45
1786545960,138.39,138.47,138.39,138.43,137.51,136.44,,,,,,,,,,,,,,,,,,,,,,,,,,,,,,,,,,,,,,,,,,,,,,,,,,,,1928,2720.2
1786546020,138.39,138.4,138.28,138.28,137.51,136.44,,,,,,,,,,,,,,,,,,,,,,,,,,,,,,,,,,,,,,,,,,,,,,,,,,,,1709,2509.45
1786546080,138.3,138.3,138.19,138.19,137.51,136.44,,,,,,,,,,,,,,,,,,,,,,,,,,,,,,,,,,,,,,,,,,,,,,,,,,,,114,2251
1786546140,138.15,138.25,138.15,138.25,137.51,136.44,,,,,,,,,,,,,,,,,,,,,,,,,,,,,,,,,,,,,,,,,,,,,,,,,,,,657,2180.4
1786546200,138.32,138.38,138.31,138.38,137.51,136.44,,,,,,,,,,,,,,,,,,,,,,,,,,,,,,,,,,,,,,,,,,,,,,,,,,,,858,2136.05
1786546260,138.38,138.4,138.35,138.36,137.51,136.44,,,,,,,,,,,,,,,,,,,,,,,,,,,,,,,,,,,,,,,,,,,,,,,,,,,,1022,1470.75
1786546320,138.38,138.38,138.26,138.26,137.51,136.44,,,,,,,,,,,,,,,,,,,,,,,,,,,,,,,,,,,,,,,,,,,,,,,,,,,,503,1436.6
1786546380,138.27,138.27,138.09,138.1,137.51,136.44,,,,,,,,,,,,,,,,,,,,,,,,,,,,,,,,,,,,,,,,,,,,,,,,,,,,888,1421.5
1786546440,138.09,138.12,137.93,137.945,137.51,136.44,,,,,,,,,,,,,,,,,,,,,,,,,,,,,,,,,,,,,,,,,,,,,,,,,,,,3561,1515.7
1786546500,137.94,138.01,137.94,137.97,137.51,136.44,,,,,,,,,,,,,,,,,,,,,,,,,,,,,,,,,,,,,,,,,,,,,,,,,,,,1482,1573.8
1786546560,137.96,138.07,137.96,138.065,137.51,136.44,,,,,,,,,,,,,,,,,,,,,,,,,,,,,,,,,,,,,,,,,,,,,,,,,,,,1338,1501.25
1786546620,138.05,138.05,137.94,137.95,137.51,136.44,,,,,,,,,,,,,,,,,,,,,,,,,,,,,,,,,,,,,,,,,,,,,,,,,,,,2259,1427.6
1786546680,137.97,138.04,137.9,138.03,137.51,136.44,,,,,,,,,,,,,,,,,,,,,,,,,,,,,,,,,,,,,,,,,,,,,,,,,,,,812,1382.95
1786546740,138.01,138.02,137.96,137.97,137.51,136.44,,,,,,,,,,,,,,,,,,,,,,,,,,,,,,,,,,,,,,,,,,,,,,,,,,,,877,1382.5
1786546800,137.95,137.95,137.88,137.9,137.51,136.44,,,,,,,,,,,,,,,,,,,,,,,,,,,,,,,,,,,,,,,,,,,,,,,,,,,,1359,1426.3
1786546860,137.9,137.92,137.88,137.88,137.51,136.44,,,,,,,,,,,,,,,,,,,,,,,,,,,,,,,,,,,,,,,,,,,,,,,,,,,,601,1386.35
1786546920,137.88,137.98,137.88,137.98,137.51,136.44,,,,,,,,,,,,,,,,,,,,,,,,,,,,,,,,,,,,,,,,,,,,,,,,,,,,1142,1415.45
1786546980,137.96,138.06,137.96,137.96,137.51,136.44,,,,,,,,,,,,,,,,,,,,,,,,,,,,,,,,,,,,,,,,,,,,,,,,,,,,1579,1258.95
1786547040,137.98,137.99,137.95,137.96,137.51,136.44,,,,,,,,,,,,,,,,,,,,,,,,,,,,,,,,,,,,,,,,,,,,,,,,,,,,468,1210.9
1786547100,137.93,137.93,137.86,137.88,137.51,136.44,,,,,,,,,,,,,,,,,,,,,,,,,,,,,,,,,,,,,,,,,,,,,,,,,,,,527,1184.2
1786547160,137.9,138.04,137.88,138.04,137.51,136.44,,,,,,,,,,,,,,,,,,,,,,,,,,,,,,,,,,,,,,,,,,,,,,,,,,,,975,1136.55
1786547220,138.05,138.1,137.97,138,137.51,136.44,,,,,,,,,,,,,,,,,,,,,,,,,,,,,,,,,,,,,,,,,,,,,,,,,,,,1564,1129.3
1786547280,137.99,138.01,137.91,137.94,137.51,136.44,,,,,,,,,,,,,,,,,,,,,,,,,,,,,,,,,,,,,,,,,,,,,,,,,,,,1236,1185.4
1786547340,137.96,137.96,137.93,137.93,137.51,136.44,,,,,,,,,,,,,,,,,,,,,,,,,,,,,,,,,,,,,,,,,,,,,,,,,,,,540,1179.55
1786547400,137.91,137.91,137.88,137.9,137.51,136.44,,,,,,,,,,,,,,,,,,,,,,,,,,,,,,,,,,,,,,,,,,,,,,,,,,,,808,1177.05
1786547460,137.9,137.93,137.8,137.82,137.51,136.44,,,,,,,,,,,,,,,,,,,,,,,,,,,,,,,,,,,,,,,,,,,,,,,,,,,,1808,1216.35
1786547520,137.81,137.84,137.78,137.81,137.51,136.44,,,,,,,,,,,,,,,,,,,,,,,,,,,,,,,,,,,,,,,,,,,,,,,,,,,,1845,1283.45
1786547580,137.82,137.82,137.76,137.77,137.51,136.44,,,,,,,,,,,,,,,,,,,,,,,,,,,,,,,,,,,,,,,,,,,,,,,,,,,,2750,1376.55
1786547640,137.76,137.76,137.61,137.61,137.51,136.44,,,,,,,,,,,,,,,,,,,,,,,,,,,,,,,,,,,,,,,,,,,,,,,,,,,,2093,1303.15
1786547700,137.57,137.61,137.54,137.55,137.51,136.44,,,,,,,,,,,,,,,,,,,,,,,,,,,,,,,,,,,,,,,,,,,,,,,,,,,,906,1274.35
1786547760,137.58,137.67,137.58,137.6,137.51,136.44,,,,,,,,,,,,,,,,,,,,,,,,,,,,,,,,,,,,,,,,,,,,,,,,,,,,955,1255.2
1786547820,137.53,137.56,137.51,137.56,137.51,136.44,,,,,,,,,,,,,,,,,,,,,,,,,,,,,,,,,,,,,,,,,,,,,,,,,,,,343,1159.4
1786547880,137.55,137.56,137.55,137.56,137.51,136.44,,,,,,,,,,,,,,,,,,,,,,,,,,,,,,,,,,,,,,,,,,,,,,,,,,,,131,1125.35
1786547940,137.57,137.59,137.53,137.56,137.51,136.44,,,,,,,,,,,,,,,,,,,,,,,,,,,,,,,,,,,,,,,,,,,,,,,,,,,,1066,1134.8
1786548000,137.56,137.57,137.49,137.53,137.51,136.44,,,,,,,,,,,,,,,,,,,,,,,,,,,,,,,,,,,,,,,,,,,,,,,,,,,,3474,1240.55
1786548060,137.52,137.52,137.47,137.49,137.51,136.44,,,,,,,,,,,,,,,,,,,,,,,,,,,,,,,,,,,,,,,,,,,,,,,,,,,,377,1229.35
1786548120,137.51,137.63,137.5,137.62,137.51,136.44,,,,,,,,,,,,,,,,,,,,,,,,,,,,,,,,,,,,,,,,,,,,,,,,,,,,4190,1381.75
1786548180,137.61,137.625,137.6,137.625,137.51,136.44,,,,,,,,,,,,,,,,,,,,,,,,,,,,,,,,,,,,,,,,,,,,,,,,,,,,233,1314.45
1786548240,137.61,137.68,137.58,137.68,137.51,136.44,,,,,,,,,,,,,,,,,,,,,,,,,,,,,,,,,,,,,,,,,,,,,,,,,,,,2599,1421
1786548300,137.71,137.74,137.68,137.74,137.51,136.44,,,,,,,,,,,,,,,,,,,,,,,,,,,,,,,,,,,,,,,,,,,,,,,,,,,,340,1411.65
1786548360,137.725,137.745,137.69,137.72,137.51,136.44,,,,,,,,,,,,,,,,,,,,,,,,,,,,,,,,,,,,,,,,,,,,,,,,,,,,1362,1431
1786548420,137.71,137.71,137.67,137.68,137.51,136.44,,,,,,,,,,,,,,,,,,,,,,,,,,,,,,,,,,,,,,,,,,,,,,,,,,,,587,1382.15
1786548480,137.67,137.75,137.66,137.74,137.51,136.44,,,,,,,,,,,,,,,,,,,,,,,,,,,,,,,,,,,,,,,,,,,,,,,,,,,,438,1342.25
1786548540,137.74,137.74,137.7,137.71,137.51,136.44,,,,,,,,,,,,,,,,,,,,,,,,,,,,,,,,,,,,,,,,,,,,,,,,,,,,780,1354.25
1786548600,137.73,137.79,137.71,137.79,137.51,136.44,,,,,,,,,,,,,,,,,,,,,,,,,,,,,,,,,,,,,,,,,,,,,,,,,,,,2314,1429.55
1786548660,137.8,137.8,137.77,137.79,137.51,136.44,,,,,,,,,,,,,,,,,,,,,,,,,,,,,,,,,,,,,,,,,,,,,,,,,,,,1624,1420.35
1786548720,137.79,137.9,137.79,137.855,137.51,136.44,,,,,,,,,,,,,,,,,,,,,,,,,,,,,,,,,,,,,,,,,,,,,,,,,,,,4910,1573.6
1786548780,137.855,137.93,137.855,137.92,137.51,136.44,,,,,,,,,,,,,,,,,,,,,,,,,,,,,,,,,,,,,,,,,,,,,,,,,,,,3059,1589.05
1786548840,137.91,137.96,137.88,137.945,137.51,136.44,,,,,,,,,,,,,,,,,,,,,,,,,,,,,,,,,,,,,,,,,,,,,,,,,,,,1531,1560.95
1786548900,137.94,137.95,137.91,137.91,137.51,136.44,,,,,,,,,,,,,,,,,,,,,,,,,,,,,,,,,,,,,,,,,,,,,,,,,,,,1296,1580.45
1786548960,137.9,137.91,137.87,137.885,137.51,136.44,,,,,,,,,,,,,,,,,,,,,,,,,,,,,,,,,,,,,,,,,,,,,,,,,,,,1086,1587
1786549020,137.9,137.96,137.89,137.96,137.51,136.44,,,,,,,,,,,,,,,,,,,,,,,,,,,,,,,,,,,,,,,,,,,,,,,,,,,,986,1619.15
1786549080,137.95,137.95,137.92,137.95,137.51,136.44,,,,,,,,,,,,,,,,,,,,,,,,,,,,,,,,,,,,,,,,,,,,,,,,,,,,1094,1667.3
1786549140,137.94,137.94,137.82,137.83,137.51,136.44,,,,,,,,,,,,,,,,,,,,,,,,,,,,,,,,,,,,,,,,,,,,,,,,,,,,1846,1706.3
1786549200,137.85,137.91,137.83,137.89,137.51,136.44,,,,,,,,,,,,,,,,,,,,,,,,,,,,,,,,,,,,,,,,,,,,,,,,,,,,282,1546.7
1786549260,137.87,137.895,137.815,137.88,137.51,136.44,,,,,,,,,,,,,,,,,,,,,,,,,,,,,,,,,,,,,,,,,,,,,,,,,,,,3989,1727.3
1786549320,137.89,137.96,137.88,137.95,137.51,136.44,,,,,,,,,,,,,,,,,,,,,,,,,,,,,,,,,,,,,,,,,,,,,,,,,,,,3890,1712.3
1786549380,137.97,138.01,137.97,138.01,137.51,136.44,,,,,,,,,,,,,,,,,,,,,,,,,,,,,,,,,,,,,,,,,,,,,,,,,,,,189,1710.1
1786549440,138.02,138.05,138,138.05,137.51,136.44,,,,,,,,,,,,,,,,,,,,,,,,,,,,,,,,,,,,,,,,,,,,,,,,,,,,680,1614.15
1786549500,138.05,138.07,138.03,138.06,137.51,136.44,,,,,,,,,,,,,,,,,,,,,,,,,,,,,,,,,,,,,,,,,,,,,,,,,,,,850,1639.65
1786549560,138.05,138.06,138.03,138.06,137.51,136.44,,,,,,,,,,,,,,,,,,,,,,,,,,,,,,,,,,,,,,,,,,,,,,,,,,,,1801,1661.6
1786549620,138.05,138.05,138.01,138.01,137.51,136.44,,,,,,,,,,,,,,,,,,,,,,,,,,,,,,,,,,,,,,,,,,,,,,,,,,,,2309,1747.7
1786549680,138.02,138.05,137.98,138.05,137.51,136.44,,,,,,,,,,,,,,,,,,,,,,,,,,,,,,,,,,,,,,,,,,,,,,,,,,,,2715,1861.55
1786549740,138.05,138.13,138.05,138.12,137.51,136.44,,,,,,,,,,,,,,,,,,,,,,,,,,,,,,,,,,,,,,,,,,,,,,,,,,,,574,1851.25
1786549800,138.14,138.14,138.04,138.05,137.51,136.44,,,,,,,,,,,,,,,,,,,,,,,,,,,,,,,,,,,,,,,,,,,,,,,,,,,,1265,1798.8
1786549860,138.06,138.065,138.03,138.03,137.51,136.44,,,,,,,,,,,,,,,,,,,,,,,,,,,,,,,,,,,,,,,,,,,,,,,,,,,,423,1738.75
1786549920,138.04,138.04,137.98,137.98,137.51,136.44,,,,,,,,,,,,,,,,,,,,,,,,,,,,,,,,,,,,,,,,,,,,,,,,,,,,386,1512.55
1786549980,137.98,137.99,137.95,137.965,137.51,136.44,,,,,,,,,,,,,,,,,,,,,,,,,,,,,,,,,,,,,,,,,,,,,,,,,,,,285,1373.85
1786550040,137.94,137.94,137.88,137.91,137.51,136.44,,,,,,,,,,,,,,,,,,,,,,,,,,,,,,,,,,,,,,,,,,,,,,,,,,,,966,1345.6
1786550100,137.91,137.93,137.88,137.89,137.51,136.44,,,,,,,,,,,,,,,,,,,,,,,,,,,,,,,,,,,,,,,,,,,,,,,,,,,,201,1290.85
1786550160,137.9,137.96,137.9,137.92,137.51,136.44,,,,,,,,,,,,,,,,,,,,,,,,,,,,,,,,,,,,,,,,,,,,,,,,,,,,1065,1289.8
1786550220,137.94,137.99,137.94,137.98,137.51,136.44,,,,,,,,,,,,,,,,,,,,,,,,,,,,,,,,,,,,,,,,,,,,,,,,,,,,190,1250
1786550280,137.97,138,137.96,137.96,137.51,136.44,,,,,,,,,,,,,,,,,,,,,,,,,,,,,,,,,,,,,,,,,,,,,,,,,,,,1704,1280.5
1786550340,137.96,138.06,137.96,138,137.51,136.44,,,,,,,,,,,,,,,,,,,,,,,,,,,,,,,,,,,,,,,,,,,,,,,,,,,,2111,1293.75
1786550400,138.02,138.06,137.95,138.06,137.51,136.44,,,,,,,,,,,,,,,,,,,,,,,,,,,,,,,,,,,,,,,,,,,,,,,,,,,,2020,1380.65
1786550460,138.06,138.06,138.01,138.02,137.51,136.44,,,,,,,,,,,,,,,,,,,,,,,,,,,,,,,,,,,,,,,,,,,,,,,,,,,,578,1210.1
1786550520,138.02,138.02,137.97,137.97,137.51,136.44,,,,,,,,,,,,,,,,,,,,,,,,,,,,,,,,,,,,,,,,,,,,,,,,,,,,476,1039.4
1786550580,137.96,138,137.96,137.99,137.51,136.44,,,,,,,,,,,,,,,,,,,,,,,,,,,,,,,,,,,,,,,,,,,,,,,,,,,,880,1073.95
1786550640,138,138,137.84,137.9,137.51,136.44,,,,,,,,,,,,,,,,,,,,,,,,,,,,,,,,,,,,,,,,,,,,,,,,,,,,4920,1285.95
1786550700,137.9,137.91,137.795,137.795,137.51,136.44,,,,,,,,,,,,,,,,,,,,,,,,,,,,,,,,,,,,,,,,,,,,,,,,,,,,2111,1349
1786550760,137.77,137.8,137.75,137.8,137.51,136.44,,,,,,,,,,,,,,,,,,,,,,,,,,,,,,,,,,,,,,,,,,,,,,,,,,,,1156,1316.75
1786550820,137.81,137.81,137.75,137.75,137.51,136.44,,,,,,,,,,,,,,,,,,,,,,,,,,,,,,,,,,,,,,,,,,,,,,,,,,,,953,1248.95
1786550880,137.76,137.76,137.69,137.69,137.51,136.44,,,,,,,,,,,,,,,,,,,,,,,,,,,,,,,,,,,,,,,,,,,,,,,,,,,,601,1143.25
1786550940,137.67,137.68,137.62,137.62,137.51,136.44,,,,,,,,,,,,,,,,,,,,,,,,,,,,,,,,,,,,,,,,,,,,,,,,,,,,1185,1173.8
1786551000,137.64,137.64,137.6,137.63,137.51,136.44,,,,,,,,,,,,,,,,,,,,,,,,,,,,,,,,,,,,,,,,,,,,,,,,,,,,1572,1189.15
1786551060,137.63,137.67,137.59,137.67,137.51,136.44,,,,,,,,,,,,,,,,,,,,,,,,,,,,,,,,,,,,,,,,,,,,,,,,,,,,870,1211.5
1786551120,137.7,137.77,137.7,137.77,137.51,136.44,,,,,,,,,,,,,,,,,,,,,,,,,,,,,,,,,,,,,,,,,,,,,,,,,,,,635,1223.95
1786551180,137.79,137.79,137.7,137.78,137.51,136.44,,,,,,,,,,,,,,,,,,,,,,,,,,,,,,,,,,,,,,,,,,,,,,,,,,,,3822,1400.8
1786551240,137.78,137.81,137.74,137.74,137.51,136.44,,,,,,,,,,,,,,,,,,,,,,,,,,,,,,,,,,,,,,,,,,,,,,,,,,,,587,1381.85
1786551300,137.73,137.74,137.73,137.74,137.51,136.44,,,,,,,,,,,,,,,,,,,,,,,,,,,,,,,,,,,,,,,,,,,,,,,,,,,,11,1372.35
1786551360,137.75,137.78,137.74,137.76,137.51,136.44,,,,,,,,,,,,,,,,,,,,,,,,,,,,,,,,,,,,,,,,,,,,,,,,,,,,1015,1369.85
1786551420,137.76,137.8,137.76,137.8,137.51,136.44,,,,,,,,,,,,,,,,,,,,,,,,,,,,,,,,,,,,,,,,,,,,,,,,,,,,580,1389.35
1786551480,137.79,137.79,137.78,137.78,137.51,136.44,,,,,,,,,,,,,,,,,,,,,,,,,,,,,,,,,,,,,,,,,,,,,,,,,,,,1220,1365.15
1786551540,137.78,137.79,137.75,137.79,137.51,136.44,,,,,,,,,,,,,,,,,,,,,,,,,,,,,,,,,,,,,,,,,,,,,,,,,,,,2227,1370.95
1786551600,137.79,137.79,137.78,137.79,137.51,136.44,,,,,,,,,,,,,,,,,,,,,,,,,,,,,,,,,,,,,,,,,,,,,,,,,,,,584,1299.15
1786551660,137.78,137.81,137.77,137.81,137.51,136.44,,,,,,,,,,,,,,,,,,,,,,,,,,,,,,,,,,,,,,,,,,,,,,,,,,,,1210,1330.75
1786551720,137.83,137.83,137.79,137.81,137.51,136.44,,,,,,,,,,,,,,,,,,,,,,,,,,,,,,,,,,,,,,,,,,,,,,,,,,,,849,1349.4
1786551780,137.82,137.89,137.8,137.89,137.51,136.44,,,,,,,,,,,,,,,,,,,,,,,,,,,,,,,,,,,,,,,,,,,,,,,,,,,,494,1330.1
1786551840,137.9,137.9,137.85,137.86,137.51,136.44,,,,,,,,,,,,,,,,,,,,,,,,,,,,,,,,,,,,,,,,,,,,,,,,,,,,749,1121.55
1786551900,137.86,137.86,137.82,137.83,137.51,136.44,,,,,,,,,,,,,,,,,,,,,,,,,,,,,,,,,,,,,,,,,,,,,,,,,,,,2327,1132.35
1786551960,137.82,137.82,137.81,137.81,137.51,136.44,,,,,,,,,,,,,,,,,,,,,,,,,,,,,,,,,,,,,,,,,,,,,,,,,,,,1034,1126.25
1786552020,137.8,137.82,137.78,137.78,137.51,136.44,,,,,,,,,,,,,,,,,,,,,,,,,,,,,,,,,,,,,,,,,,,,,,,,,,,,190,1088.1
1786552080,137.77,137.77,137.74,137.74,137.51,136.44,,,,,,,,,,,,,,,,,,,,,,,,,,,,,,,,,,,,,,,,,,,,,,,,,,,,353,1075.7
1786552140,137.73,137.73,137.7,137.71,137.51,136.44,,,,,,,,,,,,,,,,,,,,,,,,,,,,,,,,,,,,,,,,,,,,,,,,,,,,1149,1073.9
1786552200,137.7,137.7,137.68,137.69,137.51,136.44,,,,,,,,,,,,,,,,,,,,,,,,,,,,,,,,,,,,,,,,,,,,,,,,,,,,1252,1057.9
1786552260,137.7,137.7,137.62,137.68,137.51,136.44,,,,,,,,,,,,,,,,,,,,,,,,,,,,,,,,,,,,,,,,,,,,,,,,,,,,772,1053
1786552320,137.68,137.71,137.68,137.7,137.51,136.44,,,,,,,,,,,,,,,,,,,,,,,,,,,,,,,,,,,,,,,,,,,,,,,,,,,,1249,1083.7
1786552380,137.715,137.715,137.57,137.58,137.51,136.44,,,,,,,,,,,,,,,,,,,,,,,,,,,,,,,,,,,,,,,,,,,,,,,,,,,,1124,948.8
1786552440,137.6,137.64,137.565,137.64,137.51,136.44,,,,,,,,,,,,,,,,,,,,,,,,,,,,,,,,,,,,,,,,,,,,,,,,,,,,703,954.6
1786552500,137.63,137.66,137.63,137.65,137.51,136.44,,,,,,,,,,,,,,,,,,,,,,,,,,,,,,,,,,,,,,,,,,,,,,,,,,,,370,972.55
1786552560,137.65,137.66,137.62,137.62,137.51,136.44,,,,,,,,,,,,,,,,,,,,,,,,,,,,,,,,,,,,,,,,,,,,,,,,,,,,743,958.95
1786552620,137.61,137.61,137.61,137.61,137.51,136.44,,,,,,,,,,,,,,,,,,,,,,,,,,,,,,,,,,,,,,,,,,,,,,,,,,,,3,930.1
1786552680,137.61,137.61,137.5,137.51,137.51,136.44,,,,,,,,,,,,,,,,,,,,,,,,,,,,,,,,,,,,,,,,,,,,,,,,,,,,1919,965.05
1786552740,137.52,137.62,137.52,137.62,137.51,136.44,,,,,,,,,,,,,,,,,,,,,,,,,,,,,,,,,,,,,,,,,,,,,,,,,,,,600,883.7
1786552800,137.61,137.61,137.6,137.605,137.51,136.44,,,,,,,,,,,,,,,,,,,,,,,,,,,,,,,,,,,,,,,,,,,,,,,,,,,,992,904.1
1786552860,137.61,137.61,137.57,137.59,137.51,136.44,,,,,,,,,,,,,,,,,,,,,,,,,,,,,,,,,,,,,,,,,,,,,,,,,,,,639,875.55
1786552920,137.585,137.61,137.56,137.6,137.51,136.44,,,,,,,,,,,,,,,,,,,,,,,,,,,,,,,,,,,,,,,,,,,,,,,,,,,,1091,887.65
1786552980,137.61,137.61,137.61,137.61,137.51,136.44,,,,,,,,,,,,,,,,,,,,,,,,,,,,,,,,,,,,,,,,,,,,,,,,,,,,100,867.95
1786553040,137.6,137.69,137.6,137.68,137.51,136.44,,,,,,,,,,,,,,,,,,,,,,,,,,,,,,,,,,,,,,,,,,,,,,,,,,,,1532,907.1
1786553100,137.66,137.69,137.65,137.67,137.51,136.44,,,,,,,,,,,,,,,,,,,,,,,,,,,,,,,,,,,,,,,,,,,,,,,,,,,,2934,937.45
1786553160,137.695,137.72,137.66,137.66,137.51,136.44,,,,,,,,,,,,,,,,,,,,,,,,,,,,,,,,,,,,,,,,,,,,,,,,,,,,2591,1015.3
1786553220,137.67,137.73,137.67,137.73,137.51,136.44,,,,,,,,,,,,,,,,,,,,,,,,,,,,,,,,,,,,,,,,,,,,,,,,,,,,1645,1088.05
1786553280,137.73,137.75,137.68,137.68,137.51,136.44,,,,,,,,,,,,,,,,,,,,,,,,,,,,,,,,,,,,,,,,,,,,,,,,,,,,1696,1155.2
1786553340,137.68,137.69,137.67,137.69,137.51,136.44,,,,,,,,,,,,,,,,,,,,,,,,,,,,,,,,,,,,,,,,,,,,,,,,,,,,318,1113.65
1786553400,137.67,137.68,137.65,137.68,137.51,136.44,,,,,,,,,,,,,,,,,,,,,,,,,,,,,,,,,,,,,,,,,,,,,,,,,,,,1268,1114.45
1786553460,137.66,137.69,137.65,137.69,137.51,136.44,,,,,,,,,,,,,,,,,,,,,,,,,,,,,,,,,,,,,,,,,,,,,,,,,,,,929,1122.3
1786553520,137.7,137.7,137.68,137.69,137.51,136.44,,,,,,,,,,,,,,,,,,,,,,,,,,,,,,,,,,,,,,,,,,,,,,,,,,,,357,1077.7
1786553580,137.69,137.72,137.69,137.69,137.51,136.44,,,,,,,,,,,,,,,,,,,,,,,,,,,,,,,,,,,,,,,,,,,,,,,,,,,,2525,1147.75
1786553640,137.69,137.69,137.67,137.69,137.51,136.44,,,,,,,,,,,,,,,,,,,,,,,,,,,,,,,,,,,,,,,,,,,,,,,,,,,,808,1153
1786553700,137.7,137.7,137.67,137.67,137.51,136.44,,,,,,,,,,,,,,,,,,,,,,,,,,,,,,,,,,,,,,,,,,,,,,,,,,,,859,1177.45
1786553760,137.66,137.67,137.63,137.64,137.51,136.44,,,,,,,,,,,,,,,,,,,,,,,,,,,,,,,,,,,,,,,,,,,,,,,,,,,,1572,1218.9
1786553820,137.63,137.63,137.56,137.61,137.51,136.44,,,,,,,,,,,,,,,,,,,,,,,,,,,,,,,,,,,,,,,,,,,,,,,,,,,,11590,1798.25
1786553880,137.62,137.63,137.59,137.62,137.51,136.44,,,,,,,,,,,,,,,,,,,,,,,,,,,,,,,,,,,,,,,,,,,,,,,,,,,,1044,1754.5
1786553940,137.62,137.62,137.595,137.6,137.51,136.44,,,,,,,,,,,,,,,,,,,,,,,,,,,,,,,,,,,,,,,,,,,,,,,,,,,,761,1762.55
1786554000,137.6,137.61,137.565,137.58,137.51,136.44,,,,,,,,,,,,,,,,,,,,,,,,,,,,,,,,,,,,,,,,,,,,,,,,,,,,1260,1775.95
1786554060,137.59,137.59,137.57,137.59,137.51,136.44,,,,,,,,,,,,,,,,,,,,,,,,,,,,,,,,,,,,,,,,,,,,,,,,,,,,716,1779.8
1786554120,137.595,137.62,137.585,137.62,137.51,136.44,,,,,,,,,,,,,,,,,,,,,,,,,,,,,,,,,,,,,,,,,,,,,,,,,,,,1540,1802.25
1786554180,137.61,137.61,137.58,137.6,137.51,136.44,,,,,,,,,,,,,,,,,,,,,,,,,,,,,,,,,,,,,,,,,,,,,,,,,,,,714,1832.95
1786554240,137.6,137.6,137.56,137.57,137.51,136.44,,,,,,,,,,,,,,,,,,,,,,,,,,,,,,,,,,,,,,,,,,,,,,,,,,,,1263,1819.5
1786554300,137.56,137.56,137.53,137.53,137.51,136.44,,,,,,,,,,,,,,,,,,,,,,,,,,,,,,,,,,,,,,,,,,,,,,,,,,,,1208,1733.2
1786554360,137.55,137.585,137.55,137.56,137.51,136.44,,,,,,,,,,,,,,,,,,,,,,,,,,,,,,,,,,,,,,,,,,,,,,,,,,,,491,1628.2
1786554420,137.57,137.6,137.57,137.6,137.51,136.44,,,,,,,,,,,,,,,,,,,,,,,,,,,,,,,,,,,,,,,,,,,,,,,,,,,,631,1577.5
1786554480,137.59,137.6,137.58,137.58,137.51,136.44,,,,,,,,,,,,,,,,,,,,,,,,,,,,,,,,,,,,,,,,,,,,,,,,,,,,462,1515.8
1786554540,137.58,137.58,137.56,137.56,137.51,136.44,,,,,,,,,,,,,,,,,,,,,,,,,,,,,,,,,,,,,,,,,,,,,,,,,,,,709,1535.35
1786554600,137.555,137.58,137.555,137.57,137.51,136.44,,,,,,,,,,,,,,,,,,,,,,,,,,,,,,,,,,,,,,,,,,,,,,,,,,,,815,1512.7
1786554660,137.58,137.64,137.58,137.61,137.51,136.44,,,,,,,,,,,,,,,,,,,,,,,,,,,,,,,,,,,,,,,,,,,,,,,,,,,,965,1514.5
1786554720,137.6,137.63,137.56,137.57,137.51,136.44,,,,,,,,,,,,,,,,,,,,,,,,,,,,,,,,,,,,,,,,,,,,,,,,,,,,1333,1563.3
1786554780,137.58,137.59,137.57,137.58,137.51,136.44,,,,,,,,,,,,,,,,,,,,,,,,,,,,,,,,,,,,,,,,,,,,,,,,,,,,496,1461.85
1786554840,137.58,137.58,137.56,137.56,137.51,136.44,,,,,,,,,,,,,,,,,,,,,,,,,,,,,,,,,,,,,,,,,,,,,,,,,,,,626,1452.75
1786554900,137.55,137.55,137.49,137.49,137.51,136.44,,,,,,,,,,,,,,,,,,,,,,,,,,,,,,,,,,,,,,,,,,,,,,,,,,,,1173,1468.45
1786554960,137.5,137.52,137.5,137.5,137.51,136.44,,,,,,,,,,,,,,,,,,,,,,,,,,,,,,,,,,,,,,,,,,,,,,,,,,,,561,1417.9
1786555020,137.5,137.53,137.5,137.525,137.51,136.44,,,,,,,,,,,,,,,,,,,,,,,,,,,,,,,,,,,,,,,,,,,,,,,,,,,,682,872.5
1786555080,137.52,137.54,137.51,137.53,137.51,136.44,,,,,,,,,,,,,,,,,,,,,,,,,,,,,,,,,,,,,,,,,,,,,,,,,,,,2240,932.3
1786555140,137.53,137.55,137.53,137.54,137.51,136.44,,,,,,,,,,,,,,,,,,,,,,,,,,,,,,,,,,,,,,,,,,,,,,,,,,,,188,903.65
1786555200,137.55,137.57,137.53,137.53,137.51,136.44,,,,,,,,,,,,,,,,,,,,,,,,,,,,,,,,,,,,,,,,,,,,,,,,,,,,1012,891.25
1786555260,137.52,137.535,137.49,137.535,137.51,136.44,,,,,,,,,,,,,,,,,,,,,,,,,,,,,,,,,,,,,,,,,,,,,,,,,,,,3047,1007.8
1786555320,137.53,137.555,137.52,137.54,137.51,136.44,,,,,,,,,,,,,,,,,,,,,,,,,,,,,,,,,,,,,,,,,,,,,,,,,,,,1413,1001.45
1786555380,137.54,137.62,137.54,137.62,137.51,136.44,,,,,,,,,,,,,,,,,,,,,,,,,,,,,,,,,,,,,,,,,,,,,,,,,,,,1259,1028.7
1786555440,137.62,137.65,137.62,137.635,137.51,136.44,,,,,,,,,,,,,,,,,,,,,,,,,,,,,,,,,,,,,,,,,,,,,,,,,,,,741,1002.6
1786555500,137.65,137.655,137.63,137.64,137.51,136.44,,,,,,,,,,,,,,,,,,,,,,,,,,,,,,,,,,,,,,,,,,,,,,,,,,,,2061,1045.25
1786555560,137.65,137.69,137.65,137.69,137.51,136.44,,,,,,,,,,,,,,,,,,,,,,,,,,,,,,,,,,,,,,,,,,,,,,,,,,,,1359,1088.65
1786555620,137.7,137.71,137.67,137.7,137.51,136.44,,,,,,,,,,,,,,,,,,,,,,,,,,,,,,,,,,,,,,,,,,,,,,,,,,,,412,1077.7
1786555680,137.7,137.72,137.68,137.72,137.51,136.44,,,,,,,,,,,,,,,,,,,,,,,,,,,,,,,,,,,,,,,,,,,,,,,,,,,,943,1101.75
1786555740,137.73,137.74,137.72,137.72,137.51,136.44,,,,,,,,,,,,,,,,,,,,,,,,,,,,,,,,,,,,,,,,,,,,,,,,,,,,1121,1122.35
1786555800,137.72,137.725,137.68,137.69,137.51,136.44,,,,,,,,,,,,,,,,,,,,,,,,,,,,,,,,,,,,,,,,,,,,,,,,,,,,1560,1159.6
1786555860,137.71,137.74,137.71,137.74,137.51,136.44,,,,,,,,,,,,,,,,,,,,,,,,,,,,,,,,,,,,,,,,,,,,,,,,,,,,7887,1505.7
1786555920,137.735,137.74,137.69,137.69,137.51,136.44,,,,,,,,,,,,,,,,,,,,,,,,,,,,,,,,,,,,,,,,,,,,,,,,,,,,1483,1513.2
1786555980,137.68,137.68,137.57,137.58,137.51,136.44,,,,,,,,,,,,,,,,,,,,,,,,,,,,,,,,,,,,,,,,,,,,,,,,,,,,1568,1566.8
1786556040,137.59,137.59,137.58,137.59,137.51,136.44,,,,,,,,,,,,,,,,,,,,,,,,,,,,,,,,,,,,,,,,,,,,,,,,,,,,277,1549.35
1786556100,137.56,137.56,137.44,137.44,137.51,136.44,,,,,,,,,,,,,,,,,,,,,,,,,,,,,,,,,,,,,,,,,,,,,,,,,,,,486,1515
1786556160,137.46,137.52,137.46,137.52,137.51,136.44,,,,,,,,,,,,,,,,,,,,,,,,,,,,,,,,,,,,,,,,,,,,,,,,,,,,552,1514.55
1786556220,137.51,137.55,137.5,137.54,137.51,136.44,,,,,,,,,,,,,,,,,,,,,,,,,,,,,,,,,,,,,,,,,,,,,,,,,,,,1329,1546.9
1786556280,137.53,137.53,137.49,137.49,137.51,136.44,,,,,,,,,,,,,,,,,,,,,,,,,,,,,,,,,,,,,,,,,,,,,,,,,,,,592,1464.5
1786556340,137.47,137.495,137.44,137.48,137.51,136.44,,,,,,,,,,,,,,,,,,,,,,,,,,,,,,,,,,,,,,,,,,,,,,,,,,,,1242,1517.2
1786556400,137.5,137.51,137.45,137.51,137.51,136.44,,,,,,,,,,,,,,,,,,,,,,,,,,,,,,,,,,,,,,,,,,,,,,,,,,,,1907,1561.95
1786556460,137.5,137.5,137.48,137.5,137.51,136.44,,,,,,,,,,,,,,,,,,,,,,,,,,,,,,,,,,,,,,,,,,,,,,,,,,,,560,1437.6
1786556520,137.5,137.51,137.48,137.5,137.51,136.44,,,,,,,,,,,,,,,,,,,,,,,,,,,,,,,,,,,,,,,,,,,,,,,,,,,,308,1382.35
1786556580,137.49,137.49,137.48,137.49,137.51,136.44,,,,,,,,,,,,,,,,,,,,,,,,,,,,,,,,,,,,,,,,,,,,,,,,,,,,358,1337.3
1786556640,137.48,137.5,137.46,137.5,137.51,136.44,,,,,,,,,,,,,,,,,,,,,,,,,,,,,,,,,,,,,,,,,,,,,,,,,,,,954,1347.95
1786556700,137.5,137.55,137.5,137.54,137.51,136.44,,,,,,,,,,,,,,,,,,,,,,,,,,,,,,,,,,,,,,,,,,,,,,,,,,,,1396,1314.7
1786556760,137.55,137.62,137.55,137.57,137.51,136.44,,,,,,,,,,,,,,,,,,,,,,,,,,,,,,,,,,,,,,,,,,,,,,,,,,,,963,1294.9
1786556820,137.57,137.58,137.56,137.58,137.51,136.44,,,,,,,,,,,,,,,,,,,,,,,,,,,,,,,,,,,,,,,,,,,,,,,,,,,,1491,1348.85
1786556880,137.57,137.57,137.49,137.55,137.51,136.44,,,,,,,,,,,,,,,,,,,,,,,,,,,,,,,,,,,,,,,,,,,,,,,,,,,,1759,1389.65
1786556940,137.57,137.58,137.56,137.57,137.51,136.44,,,,,,,,,,,,,,,,,,,,,,,,,,,,,,,,,,,,,,,,,,,,,,,,,,,,499,1358.55
1786557000,137.565,137.57,137.55,137.55,137.51,136.44,,,,,,,,,,,,,,,,,,,,,,,,,,,,,,,,,,,,,,,,,,,,,,,,,,,,403,1300.7
1786557060,137.55,137.59,137.55,137.56,137.51,136.44,,,,,,,,,,,,,,,,,,,,,,,,,,,,,,,,,,,,,,,,,,,,,,,,,,,,2248,1018.75
1786557120,137.57,137.59,137.57,137.58,137.51,136.44,,,,,,,,,,,,,,,,,,,,,,,,,,,,,,,,,,,,,,,,,,,,,,,,,,,,227,955.95
1786557180,137.59,137.6,137.55,137.55,137.51,136.44,,,,,,,,,,,,,,,,,,,,,,,,,,,,,,,,,,,,,,,,,,,,,,,,,,,,817,918.4
1786557240,137.54,137.57,137.5,137.5,137.51,136.44,,,,,,,,,,,,,,,,,,,,,,,,,,,,,,,,,,,,,,,,,,,,,,,,,,,,1878,998.45
1786557300,137.5,137.5,137.46,137.49,137.51,136.44,,,,,,,,,,,,,,,,,,,,,,,,,,,,,,,,,,,,,,,,,,,,,,,,,,,,468,997.55
1786557360,137.48,137.54,137.47,137.525,137.51,136.44,,,,,,,,,,,,,,,,,,,,,,,,,,,,,,,,,,,,,,,,,,,,,,,,,,,,711,1005.5
1786557420,137.54,137.62,137.54,137.62,137.51,136.44,,,,,,,,,,,,,,,,,,,,,,,,,,,,,,,,,,,,,,,,,,,,,,,,,,,,368,957.45
1786557480,137.62,137.68,137.62,137.66,137.51,136.44,,,,,,,,,,,,,,,,,,,,,,,,,,,,,,,,,,,,,,,,,,,,,,,,,,,,2670,1061.35
1786557540,137.65,137.65,137.6,137.6,137.51,136.44,,,,,,,,,,,,,,,,,,,,,,,,,,,,,,,,,,,,,,,,,,,,,,,,,,,,543,1026.4
1786557600,137.59,137.61,137.57,137.57,137.51,136.44,,,,,,,,,,,,,,,,,,,,,,,,,,,,,,,,,,,,,,,,,,,,,,,,,,,,2560,1059.05
1786557660,137.58,137.61,137.58,137.61,137.51,136.44,,,,,,,,,,,,,,,,,,,,,,,,,,,,,,,,,,,,,,,,,,,,,,,,,,,,348,1048.45
1786557720,137.62,137.63,137.61,137.61,137.51,136.44,,,,,,,,,,,,,,,,,,,,,,,,,,,,,,,,,,,,,,,,,,,,,,,,,,,,706,1068.35
1786557780,137.61,137.61,137.55,137.55,137.51,136.44,,,,,,,,,,,,,,,,,,,,,,,,,,,,,,,,,,,,,,,,,,,,,,,,,,,,1511,1126
1786557840,137.56,137.56,137.495,137.5,137.51,136.44,,,,,,,,,,,,,,,,,,,,,,,,,,,,,,,,,,,,,,,,,,,,,,,,,,,,373,1096.95
1786557900,137.49,137.58,137.48,137.58,137.51,136.44,,,,,,,,,,,,,,,,,,,,,,,,,,,,,,,,,,,,,,,,,,,,,,,,,,,,1328,1093.55
1786557960,137.57,137.65,137.57,137.62,137.51,136.44,,,,,,,,,,,,,,,,,,,,,,,,,,,,,,,,,,,,,,,,,,,,,,,,,,,,916,1091.2
1786558020,137.62,137.66,137.62,137.66,137.51,136.44,,,,,,,,,,,,,,,,,,,,,,,,,,,,,,,,,,,,,,,,,,,,,,,,,,,,117,1022.5
1786558080,137.67,137.69,137.65,137.65,137.51,136.44,,,,,,,,,,,,,,,,,,,,,,,,,,,,,,,,,,,,,,,,,,,,,,,,,,,,1979,1033.5
1786558140,137.65,137.65,137.53,137.58,137.51,136.44,,,,,,,,,,,,,,,,,,,,,,,,,,,,,,,,,,,,,,,,,,,,,,,,,,,,3806,1198.85
1786558200,137.51,137.52,137.5,137.5,137.51,136.44,,,,,,,,,,,,,,,,,,,,,,,,,,,,,,,,,,,,,,,,,,,,,,,,,,,,901,1223.75
1786558260,137.51,137.56,137.51,137.51,137.51,136.44,,,,,,,,,,,,,,,,,,,,,,,,,,,,,,,,,,,,,,,,,,,,,,,,,,,,2469,1234.8
1786558320,137.495,137.52,137.48,137.51,137.51,136.44,,,,,,,,,,,,,,,,,,,,,,,,,,,,,,,,,,,,,,,,,,,,,,,,,,,,4399,1443.4
1786558380,137.55,137.62,137.54,137.61,137.51,136.44,,,,,,,,,,,,,,,,,,,,,,,,,,,,,,,,,,,,,,,,,,,,,,,,,,,,1182,1461.65
1786558440,137.62,137.63,137.62,137.63,137.51,136.44,,,,,,,,,,,,,,,,,,,,,,,,,,,,,,,,,,,,,,,,,,,,,,,,,,,,308,1383.15
1786558500,137.62,137.62,137.58,137.6,137.51,136.44,,,,,,,,,,,,,,,,,,,,,,,,,,,,,,,,,,,,,,,,,,,,,,,,,,,,2378,1478.65
1786558560,137.6,137.6,137.53,137.56,137.51,136.44,,,,,,,,,,,,,,,,,,,,,,,,,,,,,,,,,,,,,,,,,,,,,,,,,,,,1128,1499.5
1786558620,137.56,137.59,137.55,137.59,137.51,136.44,,,,,,,,,,,,,,,,,,,,,,,,,,,,,,,,,,,,,,,,,,,,,,,,,,,,725,1517.35
1786558680,137.59,137.59,137.55,137.58,137.51,136.44,,,,,,,,,,,,,,,,,,,,,,,,,,,,,,,,,,,,,,,,,,,,,,,,,,,,1240,1445.85
1786558740,137.58,137.64,137.58,137.64,137.51,136.44,,,,,,,,,,,,,,,,,,,,,,,,,,,,,,,,,,,,,,,,,,,,,,,,,,,,1317,1484.55
1786558800,137.64,137.7,137.64,137.69,137.51,136.44,,,,,,,,,,,,,,,,,,,,,,,,,,,,,,,,,,,,,,,,,,,,,,,,,,,,1359,1424.5
1786558860,137.68,137.68,137.66,137.66,137.51,136.44,,,,,,,,,,,,,,,,,,,,,,,,,,,,,,,,,,,,,,,,,,,,,,,,,,,,1579,1486.05
1786558920,137.66,137.66,137.62,137.62,137.51,136.44,,,,,,,,,,,,,,,,,,,,,,,,,,,,,,,,,,,,,,,,,,,,,,,,,,,,827,1492.1
1786558980,137.62,137.64,137.62,137.63,137.51,136.44,,,,,,,,,,,,,,,,,,,,,,,,,,,,,,,,,,,,,,,,,,,,,,,,,,,,1118,1472.45
1786559040,137.625,137.63,137.62,137.63,137.51,136.44,,,,,,,,,,,,,,,,,,,,,,,,,,,,,,,,,,,,,,,,,,,,,,,,,,,,296,1468.6
1786559100,137.64,137.67,137.63,137.67,137.51,136.44,,,,,,,,,,,,,,,,,,,,,,,,,,,,,,,,,,,,,,,,,,,,,,,,,,,,805,1442.45
1786559160,137.67,137.67,137.61,137.65,137.51,136.44,,,,,,,,,,,,,,,,,,,,,,,,,,,,,,,,,,,,,,,,,,,,,,,,,,,,2214,1507.35
1786559220,137.67,137.71,137.66,137.71,137.51,136.44,,,,,,,,,,,,,,,,,,,,,,,,,,,,,,,,,,,,,,,,,,,,,,,,,,,,185,1510.75
1786559280,137.71,137.71,137.67,137.68,137.51,136.44,,,,,,,,,,,,,,,,,,,,,,,,,,,,,,,,,,,,,,,,,,,,,,,,,,,,533,1438.45
1786559340,137.67,137.68,137.65,137.65,137.51,136.44,,,,,,,,,,,,,,,,,,,,,,,,,,,,,,,,,,,,,,,,,,,,,,,,,,,,1375,1316.9
1786559400,137.65,137.68,137.65,137.67,137.51,136.44,,,,,,,,,,,,,,,,,,,,,,,,,,,,,,,,,,,,,,,,,,,,,,,,,,,,319,1287.8
1786559460,137.66,137.74,137.66,137.72,137.51,136.44,,,,,,,,,,,,,,,,,,,,,,,,,,,,,,,,,,,,,,,,,,,,,,,,,,,,4756,1402.15
1786559520,137.72,137.79,137.705,137.79,137.51,136.44,,,,,,,,,,,,,,,,,,,,,,,,,,,,,,,,,,,,,,,,,,,,,,,,,,,,1783,1271.35
1786559580,137.81,137.81,137.75,137.76,137.51,136.44,,,,,,,,,,,,,,,,,,,,,,,,,,,,,,,,,,,,,,,,,,,,,,,,,,,,1662,1295.35
1786559640,137.78,137.805,137.78,137.78,137.51,136.44,,,,,,,,,,,,,,,,,,,,,,,,,,,,,,,,,,,,,,,,,,,,,,,,,,,,992,1329.55
1786559700,137.8,137.83,137.8,137.81,137.51,136.44,,,,,,,,,,,,,,,,,,,,,,,,,,,,,,,,,,,,,,,,,,,,,,,,,,,,1500,1285.65
1786559760,137.8,137.865,137.8,137.86,137.51,136.44,,,,,,,,,,,,,,,,,,,,,,,,,,,,,,,,,,,,,,,,,,,,,,,,,,,,1219,1290.2
1786559820,137.86,137.865,137.805,137.805,137.51,136.44,,,,,,,,,,,,,,,,,,,,,,,,,,,,,,,,,,,,,,,,,,,,,,,,,,,,2004,1354.15
1786559880,137.78,137.8,137.75,137.78,137.51,136.44,,,,,,,,,,,,,,,,,,,,,,,,,,,,,,,,,,,,,,,,,,,,,,,,,,,,1265,1355.4
1786559940,137.77,137.77,137.75,137.75,137.51,136.44,,,,,,,,,,,,,,,,,,,,,,,,,,,,,,,,,,,,,,,,,,,,,,,,,,,,557,1317.4
1786560000,137.765,137.765,137.71,137.75,137.51,136.44,,,,,,,,,,,,,,,,,,,,,,,,,,,,,,,,,,,,,,,,,,,,,,,,,,,,1634,1331.15
1786560060,137.745,137.8,137.73,137.75,137.51,136.44,,,,,,,,,,,,,,,,,,,,,,,,,,,,,,,,,,,,,,,,,,,,,,,,,,,,1904,1347.4
1786560120,137.76,137.82,137.76,137.82,137.51,136.44,,,,,,,,,,,,,,,,,,,,,,,,,,,,,,,,,,,,,,,,,,,,,,,,,,,,724,1342.25
1786560180,137.82,137.85,137.82,137.85,137.51,136.44,,,,,,,,,,,,,,,,,,,,,,,,,,,,,,,,,,,,,,,,,,,,,,,,,,,,1003,1336.5
1786560240,137.85,137.85,137.8,137.81,137.51,136.44,,,,,,,,,,,,,,,,,,,,,,,,,,,,,,,,,,,,,,,,,,,,,,,,,,,,2420,1442.7
1786560300,137.81,137.82,137.8,137.8,137.51,136.44,,,,,,,,,,,,,,,,,,,,,,,,,,,,,,,,,,,,,,,,,,,,,,,,,,,,516,1428.25
1786560360,137.81,137.83,137.79,137.795,137.51,136.44,,,,,,,,,,,,,,,,,,,,,,,,,,,,,,,,,,,,,,,,,,,,,,,,,,,,2276,1431.35
1786560420,137.79,137.81,137.78,137.805,137.51,136.44,,,,,,,,,,,,,,,,,,,,,,,,,,,,,,,,,,,,,,,,,,,,,,,,,,,,1379,1491.05
1786560480,137.805,137.85,137.8,137.85,137.51,136.44,,,,,,,,,,,,,,,,,,,,,,,,,,,,,,,,,,,,,,,,,,,,,,,,,,,,2585,1593.65
1786560540,137.85,137.86,137.84,137.845,137.51,136.44,,,,,,,,,,,,,,,,,,,,,,,,,,,,,,,,,,,,,,,,,,,,,,,,,,,,1112,1580.5
1786560600,137.84,137.86,137.83,137.83,137.51,136.44,,,,,,,,,,,,,,,,,,,,,,,,,,,,,,,,,,,,,,,,,,,,,,,,,,,,1516,1640.35
1786560660,137.82,137.84,137.81,137.84,137.51,136.44,,,,,,,,,,,,,,,,,,,,,,,,,,,,,,,,,,,,,,,,,,,,,,,,,,,,1568,1480.95
1786560720,137.83,137.83,137.8,137.83,137.51,136.44,,,,,,,,,,,,,,,,,,,,,,,,,,,,,,,,,,,,,,,,,,,,,,,,,,,,1146,1449.1
1786560780,137.83,137.84,137.81,137.82,137.51,136.44,,,,,,,,,,,,,,,,,,,,,,,,,,,,,,,,,,,,,,,,,,,,,,,,,,,,2178,1474.9
1786560840,137.83,137.84,137.82,137.82,137.51,136.44,,,,,,,,,,,,,,,,,,,,,,,,,,,,,,,,,,,,,,,,,,,,,,,,,,,,1272,1488.9
1786560900,137.82,137.83,137.82,137.83,137.51,136.44,,,,,,,,,,,,,,,,,,,,,,,,,,,,,,,,,,,,,,,,,,,,,,,,,,,,1409,1484.35
1786560960,137.83,137.85,137.82,137.85,137.51,136.44,,,,,,,,,,,,,,,,,,,,,,,,,,,,,,,,,,,,,,,,,,,,,,,,,,,,1530,1499.9
1786561020,137.84,137.84,137.79,137.8,137.51,136.44,,,,,,,,,,,,,,,,,,,,,,,,,,,,,,,,,,,,,,,,,,,,,,,,,,,,1151,1457.25
1786561080,137.81,137.84,137.8,137.82,137.51,136.44,,,,,,,,,,,,,,,,,,,,,,,,,,,,,,,,,,,,,,,,,,,,,,,,,,,,2514,1519.7
1786561140,137.83,137.83,137.8,137.8,137.51,136.44,,,,,,,,,,,,,,,,,,,,,,,,,,,,,,,,,,,,,,,,,,,,,,,,,,,,1039,1543.8
1786561200,137.8,137.86,137.8,137.86,137.51,136.44,,,,,,,,,,,,,,,,,,,,,,,,,,,,,,,,,,,,,,,,,,,,,,,,,,,,1775,1550.85
1786561260,137.86,137.86,137.82,137.86,137.51,136.44,,,,,,,,,,,,,,,,,,,,,,,,,,,,,,,,,,,,,,,,,,,,,,,,,,,,1021,1506.7
1786561320,137.88,137.95,137.88,137.94,137.51,136.44,,,,,,,,,,,,,,,,,,,,,,,,,,,,,,,,,,,,,,,,,,,,,,,,,,,,2167,1578.85
1786561380,137.92,137.92,137.88,137.88,137.51,136.44,,,,,,,,,,,,,,,,,,,,,,,,,,,,,,,,,,,,,,,,,,,,,,,,,,,,1042,1580.8
1786561440,137.88,137.895,137.87,137.89,137.51,136.44,,,,,,,,,,,,,,,,,,,,,,,,,,,,,,,,,,,,,,,,,,,,,,,,,,,,1568,1538.2
1786561500,137.89,137.91,137.88,137.91,137.51,136.44,,,,,,,,,,,,,,,,,,,,,,,,,,,,,,,,,,,,,,,,,,,,,,,,,,,,2548,1639.8
1786561560,137.91,137.93,137.91,137.915,137.51,136.44,,,,,,,,,,,,,,,,,,,,,,,,,,,,,,,,,,,,,,,,,,,,,,,,,,,,1649,1608.45
1786561620,137.91,137.935,137.91,137.92,137.51,136.44,,,,,,,,,,,,,,,,,,,,,,,,,,,,,,,,,,,,,,,,,,,,,,,,,,,,1362,1607.6
1786561680,137.92,137.945,137.89,137.945,137.51,136.44,,,,,,,,,,,,,,,,,,,,,,,,,,,,,,,,,,,,,,,,,,,,,,,,,,,,928,1524.75
1786561740,137.94,137.96,137.93,137.96,137.51,136.44,,,,,,,,,,,,,,,,,,,,,,,,,,,,,,,,,,,,,,,,,,,,,,,,,,,,851,1511.7
1786561800,137.96,137.97,137.91,137.92,137.51,136.44,,,,,,,,,,,,,,,,,,,,,,,,,,,,,,,,,,,,,,,,,,,,,,,,,,,,4852,1678.5
1786561860,137.91,137.95,137.88,137.925,137.51,136.44,,,,,,,,,,,,,,,,,,,,,,,,,,,,,,,,,,,,,,,,,,,,,,,,,,,,2084,1704.3
1786561920,137.92,137.95,137.9,137.95,137.51,136.44,,,,,,,,,,,,,,,,,,,,,,,,,,,,,,,,,,,,,,,,,,,,,,,,,,,,2169,1755.45
1786561980,137.96,137.96,137.92,137.92,137.51,136.44,,,,,,,,,,,,,,,,,,,,,,,,,,,,,,,,,,,,,,,,,,,,,,,,,,,,871,1690.1
1786562040,137.9,137.9,137.81,137.815,137.51,136.44,,,,,,,,,,,,,,,,,,,,,,,,,,,,,,,,,,,,,,,,,,,,,,,,,,,,1065,1679.75
1786562100,137.83,137.85,137.82,137.82,137.51,136.44,,,,,,,,,,,,,,,,,,,,,,,,,,,,,,,,,,,,,,,,,,,,,,,,,,,,535,1636.05
1786562160,137.83,137.915,137.83,137.91,137.51,136.44,,,,,,,,,,,,,,,,,,,,,,,,,,,,,,,,,,,,,,,,,,,,,,,,,,,,519,1585.5
1786562220,137.91,137.94,137.91,137.94,137.51,136.44,,,,,,,,,,,,,,,,,,,,,,,,,,,,,,,,,,,,,,,,,,,,,,,,,,,,1539,1604.9
1786562280,137.96,137.99,137.95,137.99,137.51,136.44,,,,,,,,,,,,,,,,,,,,,,,,,,,,,,,,,,,,,,,,,,,,,,,,,,,,504,1504.4
1786562340,137.99,137.99,137.94,137.95,137.51,136.44,,,,,,,,,,,,,,,,,,,,,,,,,,,,,,,,,,,,,,,,,,,,,,,,,,,,348,1469.85
1786562400,137.97,137.97,137.915,137.93,137.51,136.44,,,,,,,,,,,,,,,,,,,,,,,,,,,,,,,,,,,,,,,,,,,,,,,,,,,,355,1398.85
1786562460,137.92,137.92,137.87,137.89,137.51,136.44,,,,,,,,,,,,,,,,,,,,,,,,,,,,,,,,,,,,,,,,,,,,,,,,,,,,678,1381.7
1786562520,137.9,137.91,137.89,137.91,137.51,136.44,,,,,,,,,,,,,,,,,,,,,,,,,,,,,,,,,,,,,,,,,,,,,,,,,,,,603,1303.5
1786562580,137.92,137.94,137.87,137.89,137.51,136.44,,,,,,,,,,,,,,,,,,,,,,,,,,,,,,,,,,,,,,,,,,,,,,,,,,,,428,1272.8
1786562640,137.91,137.92,137.89,137.89,137.51,136.44,,,,,,,,,,,,,,,,,,,,,,,,,,,,,,,,,,,,,,,,,,,,,,,,,,,,496,1219.2
1786562700,137.89,137.91,137.82,137.82,137.51,136.44,,,,,,,,,,,,,,,,,,,,,,,,,,,,,,,,,,,,,,,,,,,,,,,,,,,,1340,1158.8
1786562760,137.82,137.82,137.8,137.8,137.51,136.44,,,,,,,,,,,,,,,,,,,,,,,,,,,,,,,,,,,,,,,,,,,,,,,,,,,,1539,1153.3
1786562820,137.81,137.85,137.8,137.83,137.51,136.44,,,,,,,,,,,,,,,,,,,,,,,,,,,,,,,,,,,,,,,,,,,,,,,,,,,,973,1133.85
1786562880,137.82,137.88,137.8,137.875,137.51,136.44,,,,,,,,,,,,,,,,,,,,,,,,,,,,,,,,,,,,,,,,,,,,,,,,,,,,1487,1161.8
1786562940,137.86,137.87,137.83,137.84,137.51,136.44,,,,,,,,,,,,,,,,,,,,,,,,,,,,,,,,,,,,,,,,,,,,,,,,,,,,525,1145.5
1786563000,137.86,137.88,137.84,137.88,137.51,136.44,,,,,,,,,,,,,,,,,,,,,,,,,,,,,,,,,,,,,,,,,,,,,,,,,,,,1093,957.55
1786563060,137.89,137.99,137.88,137.99,137.51,136.44,,,,,,,,,,,,,,,,,,,,,,,,,,,,,,,,,,,,,,,,,,,,,,,,,,,,1734,940.05
1786563120,138,138.08,138,138.08,137.51,136.44,,,,,,,,,,,,,,,,,,,,,,,,,,,,,,,,,,,,,,,,,,,,,,,,,,,,8548,1259
1786563180,138.105,138.105,138.055,138.07,137.51,136.44,,,,,,,,,,,,,,,,,,,,,,,,,,,,,,,,,,,,,,,,,,,,,,,,,,,,659,1248.4
1786563240,138.07,138.1,138.045,138.1,137.51,136.44,,,,,,,,,,,,,,,,,,,,,,,,,,,,,,,,,,,,,,,,,,,,,,,,,,,,2278,1309.05
1786563300,138.08,138.1,137.99,138.02,137.51,136.44,,,,,,,,,,,,,,,,,,,,,,,,,,,,,,,,,,,,,,,,,,,,,,,,,,,,2911,1427.85
1786563360,138.04,138.04,137.97,138.01,137.51,136.44,,,,,,,,,,,,,,,,,,,,,,,,,,,,,,,,,,,,,,,,,,,,,,,,,,,,1753,1489.55
1786563420,138.02,138.03,137.995,138.01,137.51,136.44,,,,,,,,,,,,,,,,,,,,,,,,,,,,,,,,,,,,,,,,,,,,,,,,,,,,2163,1520.75
1786563480,138.02,138.05,138.02,138.03,137.51,136.44,,,,,,,,,,,,,,,,,,,,,,,,,,,,,,,,,,,,,,,,,,,,,,,,,,,,2498,1620.45
1786563540,138.04,138.08,138.03,138.075,137.51,136.44,,,,,,,,,,,,,,,,,,,,,,,,,,,,,,,,,,,,,,,,,,,,,,,,,,,,1483,1677.2
1786563600,138.07,138.09,138.03,138.06,137.51,136.44,,,,,,,,,,,,,,,,,,,,,,,,,,,,,,,,,,,,,,,,,,,,,,,,,,,,2036,1761.25
1786563660,138.05,138.06,137.96,137.96,137.51,136.44,,,,,,,,,,,,,,,,,,,,,,,,,,,,,,,,,,,,,,,,,,,,,,,,,,,,637,1759.2
1786563720,137.9,137.91,137.88,137.88,137.51,136.44,,,,,,,,,,,,,,,,,,,,,,,,,,,,,,,,,,,,,,,,,,,,,,,,,,,,965,1777.3
1786563780,137.87,137.92,137.845,137.91,137.51,136.44,,,,,,,,,,,,,,,,,,,,,,,,,,,,,,,,,,,,,,,,,,,,,,,,,,,,1196,1815.7
1786563840,137.92,137.93,137.87,137.92,137.51,136.44,,,,,,,,,,,,,,,,,,,,,,,,,,,,,,,,,,,,,,,,,,,,,,,,,,,,1237,1852.75
1786563900,137.92,137.97,137.89,137.91,137.51,136.44,,,,,,,,,,,,,,,,,,,,,,,,,,,,,,,,,,,,,,,,,,,,,,,,,,,,2158,1893.65
1786563960,137.9,137.9,137.84,137.87,137.51,136.44,,,,,,,,,,,,,,,,,,,,,,,,,,,,,,,,,,,,,,,,,,,,,,,,,,,,1003,1866.85
1786564020,137.86,137.88,137.83,137.87,137.51,136.44,,,,,,,,,,,,,,,,,,,,,,,,,,,,,,,,,,,,,,,,,,,,,,,,,,,,3855,2010.95
1786564080,137.88,137.95,137.88,137.91,137.51,136.44,,,,,,,,,,,,,,,,,,,,,,,,,,,,,,,,,,,,,,,,,,,,,,,,,,,,2927,2082.95
1786564140,137.91,137.93,137.88,137.885,137.51,136.44,,,,,,,,,,,,,,,,,,,,,,,,,,,,,,,,,,,,,,,,,,,,,,,,,,,,2021,2157.75
1786564200,137.88,137.88,137.67,137.76,137.51,136.44,,,,,,,,,,,,,,,,,,,,,,,,,,,,,,,,,,,,,,,,,,,,,,,,,,,,16406,2923.4
1786564260,137.77,137.86,137.77,137.81,137.51,136.44,,,,,,,,,,,,,,,,,,,,,,,,,,,,,,,,,,,,,,,,,,,,,,,,,,,,7029,3188.15
1786564320,137.82,137.82,137.71,137.72,137.51,136.44,,,,,,,,,,,,,,,,,,,,,,,,,,,,,,,,,,,,,,,,,,,,,,,,,,,,2017,2861.6
1786564380,137.7,137.75,137.69,137.73,137.51,136.44,,,,,,,,,,,,,,,,,,,,,,,,,,,,,,,,,,,,,,,,,,,,,,,,,,,,4526,3054.95
1786564440,137.72,137.74,137.62,137.62,137.51,136.44,,,,,,,,,,,,,,,,,,,,,,,,,,,,,,,,,,,,,,,,,,,,,,,,,,,,16192,3750.65
1786564500,137.64,137.66,137.53,137.61,137.51,136.44,,,,,,,,,,,,,,,,,,,,,,,,,,,,,,,,,,,,,,,,,,,,,,,,,,,,11232,4166.7
1786564560,137.61,137.65,137.53,137.56,137.51,136.44,,,,,,,,,,,,,,,,,,,,,,,,,,,,,,,,,,,,,,,,,,,,,,,,,,,,5236,4340.85
1786564620,137.55,137.57,137.5,137.55,137.51,136.44,,,,,,,,,,,,,,,,,,,,,,,,,,,,,,,,,,,,,,,,,,,,,,,,,,,,7294,4597.4
1786564680,137.56,137.58,137.49,137.56,137.51,136.44,,,,,,,,,,,,,,,,,,,,,,,,,,,,,,,,,,,,,,,,,,,,,,,,,,,,17215,5333.25
1786564740,137.58,137.68,137.525,137.57,137.51,136.44,,,1,17,1,1786542300000,137.57,137.51,136.44,1.0699999999999932,0.22230910700508702,0.7196336410554693,0.4361416006396702,1,1786542360000,2,0,,,,0,0,0,0,0,,,,0,0,0,0,0,,,,0,0,0,0,0,,,,0,0,0,0,,-1,17,29624,6740.3
1786627800,138.29,138.29,138.02,138.02,138.29,138.02,,,,,,,,,,,,,,,,,,,,,,,,,,,,,,,,,,,,,,,,,,,,,,,,,,,,506,6663.8
1786627860,138.34,138.93,138.34,138.47,138.93,138.02,,,,,,,,,,,,,,,,,,,,,,,,,,,,,,,,,,,,,,,,,,,,,,,,,,,,8628,7063.35
1786627920,138.445,138.59,137.93,138.05,138.93,137.93,,,,,,,,,,,,,,,,,,,,,,,,,,,,,,,,,,,,,,,,,,,,,,,,,,,,7399,7385.05
1786627980,137.99,137.99,137.8,137.94,138.93,137.8,,,,,,,,,,,,,,,,,,,,,,,,,,,,,,,,,,,,,,,,,,,,,,,,,,,,1090,7379.75
1786628040,137.96,137.96,137.66,137.73,138.93,137.66,,,,,,,,,,,,,,,,,,,,,,,,,,,,,,,,,,,,,,,,,,,,,,,,,,,,3630,7499.4
1786628100,137.76,137.83,137.49,137.53,138.93,137.49,,,,,,,,,,,,,,,,,,,,,,,,,,,,,,,,,,,,,,,,,,,,,,,,,,,,3822,7582.6
1786628160,137.52,137.68,137.3,137.31,138.93,137.3,,,,,,,,,,,,,,,,,,,,,,,,,,,,,,,,,,,,,,,,,,,,,,,,,,,,1609,7612.9
1786628220,137.34,137.53,137.21,137.44,138.93,137.21,,,,,,,,,,,,,,,,,,,,,,,,,,,,,,,,,,,,,,,,,,,,,,,,,,,,1472,7493.75
1786628280,137.48,137.49,137.11,137.41,138.93,137.11,,,,,,,,,,,,,,,,,,,,,,,,,,,,,,,,,,,,,,,,,,,,,,,,,,,,2414,7468.1
1786628340,137.43,137.54,137.35,137.43,138.93,137.11,,,,,,,,,,,,,,,,,,,,,,,,,,,,,,,,,,,,,,,,,,,,,,,,,,,,5119,7623
1786628400,137.54,137.61,137.46,137.61,138.93,137.11,,,,,,,,,,,,,,,,,,,,,,,,,,,,,,,,,,,,,,,,,,,,,,,,,,,,926,6849
1786628460,137.49,137.955,137.49,137.955,138.93,137.11,,,,,,,,,,,,,,,,,,,,,,,,,,,,,,,,,,,,,,,,,,,,,,,,,,,,3925,6693.8
1786628520,137.92,137.94,137.78,137.94,138.93,137.11,,,,,,,,,,,,,,,,,,,,,,,,,,,,,,,,,,,,,,,,,,,,,,,,,,,,3262,6756.05
1786628580,137.84,137.92,137.84,137.84,138.93,137.11,,,,,,,,,,,,,,,,,,,,,,,,,,,,,,,,,,,,,,,,,,,,,,,,,,,,1944,6626.95
1786628640,137.81,138,137.78,138,138.93,137.11,,,,,,,,,,,,,,,,,,,,,,,,,,,,,,,,,,,,,,,,,,,,,,,,,,,,4004,6017.55
1786628700,138.01,138.32,138.01,138.19,138.93,137.11,,,,,,,,,,,,,,,,,,,,,,,,,,,,,,,,,,,,,,,,,,,,,,,,,,,,8502,5881.05
1786628760,138.2,138.43,138.18,138.36,138.93,137.11,,,,,,,,,,,,,,,,,,,,,,,,,,,,,,,,,,,,,,,,,,,,,,,,,,,,1839,5711.2
1786628820,138.37,138.6,138.3,138.51,138.93,137.11,,,,,,,,,,,,,,,,,,,,,,,,,,,,,,,,,,,,,,,,,,,,,,,,,,,,7039,5698.45
1786628880,138.57,138.6,138.19,138.19,138.93,137.11,,,,,,,,,,,,,,,,,,,,,,,,,,,,,,,,,,,,,,,,,,,,,,,,,,,,5825,5128.95
1786628940,138.18,138.18,137.93,138.02,138.93,137.11,,,,,,,,,,,,,,,,,,,,,,,,,,,,,,,,,,,,,,,,,,,,,,,,,,,,6143,3954.9
1786629000,137.97,137.97,137.675,137.72,138.93,137.11,,,,,,,,,,,,,,,,,,,,,,,,,,,,,,,,,,,,,,,,,,,,,,,,,,,,3295,4094.35
1786629060,137.7,137.75,137.56,137.72,138.93,137.11,,,,,,,,,,,,,,,,,,,,,,,,,,,,,,,,,,,,,,,,,,,,,,,,,,,,2246,3775.25
1786629120,137.7,137.76,137.6,137.67,138.93,137.11,,,,,,,,,,,,,,,,,,,,,,,,,,,,,,,,,,,,,,,,,,,,,,,,,,,,8519,3831.25
1786629180,137.645,137.8,137.61,137.73,138.93,137.11,,,,,,,,,,,,,,,,,,,,,,,,,,,,,,,,,,,,,,,,,,,,,,,,,,,,3716,3962.55
1786629240,137.79,137.97,137.7,137.7,138.93,137.11,,,,,,,,,,,,,,,,,,,,,,,,,,,,,,,,,,,,,,,,,,,,,,,,,,,,1767,3869.4
1786629300,137.705,137.725,137.53,137.725,138.93,137.11,,,,,,,,,,,,,,,,,,,,,,,,,,,,,,,,,,,,,,,,,,,,,,,,,,,,1816,3769.1
1786629360,137.725,137.77,137.59,137.77,138.93,137.11,,,,,,,,,,,,,,,,,,,,,,,,,,,,,,,,,,,,,,,,,,,,,,,,,,,,2727,3825
1786629420,137.8,137.91,137.8,137.81,138.93,137.11,,,,,,,,,,,,,,,,,,,,,,,,,,,,,,,,,,,,,,,,,,,,,,,,,,,,1240,3813.4
1786629480,137.9,137.92,137.83,137.83,138.93,137.11,,,,,,,,,,,,,,,,,,,,,,,,,,,,,,,,,,,,,,,,,,,,,,,,,,,,1460,3765.7
1786629540,137.82,137.92,137.8,137.9,138.93,137.11,,,,,,,,,,,,,,,,,,,,,,,,,,,,,,,,,,,,,,,,,,,,,,,,,,,,1678,3593.65
1786629600,137.91,137.97,137.87,137.96,138.93,137.11,,,,,,,,,,,,,,,,,,,,,,,,,,,,,,,,,,,,,,,,,,,,,,,,,,,,2025,3648.6
1786629660,137.95,137.95,137.7,137.82,138.93,137.11,,,,,,,,,,,,,,,,,,,,,,,,,,,,,,,,,,,,,,,,,,,,,,,,,,,,4463,3675.5
1786629720,137.88,137.98,137.84,137.98,138.93,137.11,,,,,,,,,,,,,,,,,,,,,,,,,,,,,,,,,,,,,,,,,,,,,,,,,,,,1347,3579.75
1786629780,137.96,138.03,137.9,137.98,138.93,137.11,,,,,,,,,,,,,,,,,,,,,,,,,,,,,,,,,,,,,,,,,,,,,,,,,,,,3666,3665.85
1786629840,138.03,138.07,138.01,138.07,138.93,137.11,,,,,,,,,,,,,,,,,,,,,,,,,,,,,,,,,,,,,,,,,,,,,,,,,,,,1695,3550.4
1786629900,138.1,138.15,137.92,137.92,138.93,137.11,,,,,,,,,,,,,,,,,,,,,,,,,,,,,,,,,,,,,,,,,,,,,,,,,,,,1516,3201.1
1786629960,137.9,137.92,137.88,137.88,138.93,137.11,,,,,,,,,,,,,,,,,,,,,,,,,,,,,,,,,,,,,,,,,,,,,,,,,,,,1142,3166.25
1786630020,137.86,137.88,137.73,137.78,138.93,137.11,,,,,,,,,,,,,,,,,,,,,,,,,,,,,,,,,,,,,,,,,,,,,,,,,,,,2784,2953.5
1786630080,137.81,137.83,137.7,137.76,138.93,137.11,,,,,,,,,,,,,,,,,,,,,,,,,,,,,,,,,,,,,,,,,,,,,,,,,,,,3180,2821.25
1786630140,137.78,137.94,137.78,137.93,138.93,137.11,,,,,,,,,,,,,,,,,,,,,,,,,,,,,,,,,,,,,,,,,,,,,,,,,,,,2350,2631.6
1786630200,137.87,137.87,137.78,137.78,138.93,137.11,,,,,,,,,,,,,,,,,,,,,,,,,,,,,,,,,,,,,,,,,,,,,,,,,,,,3411,2637.4
1786630260,137.77,137.8,137.64,137.79,138.93,137.11,,,,,,,,,,,,,,,,,,,,,,,,,,,,,,,,,,,,,,,,,,,,,,,,,,,,968,2573.5
1786630320,137.79,137.79,137.64,137.64,138.93,137.11,,,,,,,,,,,,,,,,,,,,,,,,,,,,,,,,,,,,,,,,,,,,,,,,,,,,1261,2210.6
1786630380,137.69,137.91,137.69,137.91,138.93,137.11,,,,,,,,,,,,,,,,,,,,,,,,,,,,,,,,,,,,,,,,,,,,,,,,,,,,1477,2098.65
1786630440,137.92,137.92,137.83,137.83,138.93,137.11,,,,,,,,,,,,,,,,,,,,,,,,,,,,,,,,,,,,,,,,,,,,,,,,,,,,546,2037.6
1786630500,137.87,138.03,137.87,137.99,138.93,137.11,,,,,,,,,,,,,,,,,,,,,,,,,,,,,,,,,,,,,,,,,,,,,,,,,,,,623,1977.95
1786630560,137.97,137.97,137.93,137.97,138.93,137.11,,,,,,,,,,,,,,,,,,,,,,,,,,,,,,,,,,,,,,,,,,,,,,,,,,,,1544,1918.8
1786630620,137.93,138.01,137.8,138.01,138.93,137.11,,,,,,,,,,,,,,,,,,,,,,,,,,,,,,,,,,,,,,,,,,,,,,,,,,,,1651,1939.35
1786630680,138.025,138.2,138.025,138.18,138.93,137.11,,,,,,,,,,,,,,,,,,,,,,,,,,,,,,,,,,,,,,,,,,,,,,,,,,,,2211,1976.9
1786630740,138.2,138.3,138.2,138.3,138.93,137.11,,,,,,,,,,,,,,,,,,,,,,,,,,,,,,,,,,,,,,,,,,,,,,,,,,,,389,1912.45
1786630800,138.29,138.41,138.29,138.41,138.93,137.11,,,,,,,,,,,,,,,,,,,,,,,,,,,,,,,,,,,,,,,,,,,,,,,,,,,,2660,1944.2
1786630860,138.42,138.7,138.42,138.7,138.93,137.11,,,,,,,,,,,,,,,,,,,,,,,,,,,,,,,,,,,,,,,,,,,,,,,,,,,,11405,2291.3
1786630920,138.7,138.78,138.7,138.77,138.93,137.11,,,,,,,,,,,,,,,,,,,,,,,,,,,,,,,,,,,,,,,,,,,,,,,,,,,,2299,2338.9
1786630980,138.76,138.82,138.7,138.705,138.93,137.11,,,,,,,,,,,,,,,,,,,,,,,,,,,,,,,,,,,,,,,,,,,,,,,,,,,,6006,2455.9
1786631040,138.7,138.78,138.7,138.75,138.93,137.11,,,,,,,,,,,,,,,,,,,,,,,,,,,,,,,,,,,,,,,,,,,,,,,,,,,,3584,2550.35
1786631100,138.77,138.825,138.72,138.825,138.93,137.11,,,,,,,,,,,,,,,,,,,,,,,,,,,,,,,,,,,,,,,,,,,,,,,,,,,,1477,2548.4
1786631160,138.84,138.9,138.79,138.84,138.93,137.11,,,,,,,,,,,,,,,,,,,,,,,,,,,,,,,,,,,,,,,,,,,,,,,,,,,,1846,2583.6
1786631220,138.87,138.93,138.85,138.9,138.93,137.11,,,,,,,,,,,,,,,,,,,,,,,,,,,,,,,,,,,,,,,,,,,,,,,,,,,,5621,2725.45
1786631280,138.88,138.94,138.88,138.92,138.93,137.11,,,,,,,,,,,,,,,,,,,,,,,,,,,,,,,,,,,,,,,,,,,,,,,,,,,,1419,2637.4
1786631340,138.91,139.03,138.91,138.93,138.93,137.11,,,,,,,,,,,,,,,,,,,,,,,,,,,,,,,,,,,,,,,,,,,,,,,,,,,,10209,3030.35
1786631400,138.94,138.94,138.79,138.84,138.93,137.11,,,,,,,,,,,,,,,,,,,,,,,,,,,,,,,,,,,,,,,,,,,,,,,,,,,,2564,2988
1786631460,138.82,138.82,138.7,138.73,138.93,137.11,,,,,,,,,,,,,,,,,,,,,,,,,,,,,,,,,,,,,,,,,,,,,,,,,,,,1899,3034.55
1786631520,138.78,138.88,138.78,138.88,138.93,137.11,,,,,,,,,,,,,,,,,,,,,,,,,,,,,,,,,,,,,,,,,,,,,,,,,,,,914,3017.2
1786631580,138.85,138.88,138.7,138.7,138.93,137.11,,,,,,,,,,,,,,,,,,,,,,,,,,,,,,,,,,,,,,,,,,,,,,,,,,,,1689,3027.8
1786631640,138.74,138.795,138.73,138.77,138.93,137.11,,,,,,,,,,,,,,,,,,,,,,,,,,,,,,,,,,,,,,,,,,,,,,,,,,,,1759,3088.45
1786631700,138.77,138.81,138.72,138.81,138.93,137.11,,,,,,,,,,,,,,,,,,,,,,,,,,,,,,,,,,,,,,,,,,,,,,,,,,,,943,3104.45
1786631760,138.75,138.89,138.75,138.825,138.93,137.11,,,,,,,,,,,,,,,,,,,,,,,,,,,,,,,,,,,,,,,,,,,,,,,,,,,,868,3070.65
1786631820,138.8,138.8,138.62,138.625,138.93,137.11,,,,,,,,,,,,,,,,,,,,,,,,,,,,,,,,,,,,,,,,,,,,,,,,,,,,2484,3112.3
1786631880,138.64,138.64,138.555,138.61,138.93,137.11,,,,,,,,,,,,,,,,,,,,,,,,,,,,,,,,,,,,,,,,,,,,,,,,,,,,1563,3079.9
1786631940,138.62,138.63,138.57,138.61,138.93,137.11,,,,,,,,,,,,,,,,,,,,,,,,,,,,,,,,,,,,,,,,,,,,,,,,,,,,355,3078.2
1786632000,138.6,138.61,138.38,138.38,138.93,137.11,,,,,,,,,,,,,,,,,,,,,,,,,,,,,,,,,,,,,,,,,,,,,,,,,,,,3574,3123.9
1786632060,138.42,138.54,138.42,138.54,138.93,137.11,,,,,,,,,,,,,,,,,,,,,,,,,,,,,,,,,,,,,,,,,,,,,,,,,,,,514,2579.35
1786632120,138.55,138.62,138.51,138.57,138.93,137.11,,,,,,,,,,,,,,,,,,,,,,,,,,,,,,,,,,,,,,,,,,,,,,,,,,,,1894,2559.1
1786632180,138.62,138.62,138.47,138.49,138.93,137.11,,,,,,,,,,,,,,,,,,,,,,,,,,,,,,,,,,,,,,,,,,,,,,,,,,,,1423,2329.95
1786632240,138.495,138.51,138.42,138.45,138.93,137.11,,,,,,,,,,,,,,,,,,,,,,,,,,,,,,,,,,,,,,,,,,,,,,,,,,,,2874,2294.45
1786632300,138.44,138.48,138.35,138.45,138.93,137.11,,,,,,,,,,,,,,,,,,,,,,,,,,,,,,,,,,,,,,,,,,,,,,,,,,,,5384,2489.8
1786632360,138.36,138.47,138.36,138.47,138.93,137.11,,,,,,,,,,,,,,,,,,,,,,,,,,,,,,,,,,,,,,,,,,,,,,,,,,,,952,2445.1
1786632420,138.46,138.52,138.42,138.52,138.93,137.11,,,,,,,,,,,,,,,,,,,,,,,,,,,,,,,,,,,,,,,,,,,,,,,,,,,,1378,2232.95
1786632480,138.54,138.57,138.31,138.34,138.93,137.11,,,,,,,,,,,,,,,,,,,,,,,,,,,,,,,,,,,,,,,,,,,,,,,,,,,,5081,2416.05
1786632540,138.33,138.37,138.24,138.32,138.93,137.11,,,,,,,,,,,,,,,,,,,,,,,,,,,,,,,,,,,,,,,,,,,,,,,,,,,,4234,2117.3
1786632600,138.36,138.4,138.305,138.305,138.93,137.11,,,,,,,,,,,,,,,,,,,,,,,,,,,,,,,,,,,,,,,,,,,,,,,,,,,,1841,2081.15
1786632660,138.33,138.37,138.33,138.34,138.93,137.11,,,,,,,,,,,,,,,,,,,,,,,,,,,,,,,,,,,,,,,,,,,,,,,,,,,,1612,2066.8
1786632720,138.32,138.32,138.1,138.1,138.93,137.11,,,,,,,,,,,,,,,,,,,,,,,,,,,,,,,,,,,,,,,,,,,,,,,,,,,,2250,2133.6
1786632780,138.07,138.14,137.98,138.06,138.93,137.11,,,,,,,,,,,,,,,,,,,,,,,,,,,,,,,,,,,,,,,,,,,,,,,,,,,,1413,2119.8
1786632840,138.08,138.25,138.08,138.25,138.93,137.11,,,,,,,,,,,,,,,,,,,,,,,,,,,,,,,,,,,,,,,,,,,,,,,,,,,,211,2042.4
1786632900,138.23,138.24,138.13,138.17,138.93,137.11,,,,,,,,,,,,,,,,,,,,,,,,,,,,,,,,,,,,,,,,,,,,,,,,,,,,2695,2130
1786632960,138.14,138.22,138.07,138.07,138.93,137.11,,,,,,,,,,,,,,,,,,,,,,,,,,,,,,,,,,,,,,,,,,,,,,,,,,,,2837,2228.45
1786633020,138.05,138.2,138.05,138.2,138.93,137.11,,,,,,,,,,,,,,,,,,,,,,,,,,,,,,,,,,,,,,,,,,,,,,,,,,,,669,2137.7
1786633080,138.2,138.2,138.11,138.2,138.93,137.11,,,,,,,,,,,,,,,,,,,,,,,,,,,,,,,,,,,,,,,,,,,,,,,,,,,,3401,2229.6
1786633140,138.17,138.22,138.14,138.145,138.93,137.11,,,,,,,,,,,,,,,,,,,,,,,,,,,,,,,,,,,,,,,,,,,,,,,,,,,,1577,2290.7
1786633200,138.18,138.35,138.18,138.34,138.93,137.11,,,,,,,,,,,,,,,,,,,,,,,,,,,,,,,,,,,,,,,,,,,,,,,,,,,,2718,2247.9
1786633260,138.28,138.32,138.28,138.32,138.93,137.11,,,,,,,,,,,,,,,,,,,,,,,,,,,,,,,,,,,,,,,,,,,,,,,,,,,,941,2269.25
1786633320,138.33,138.33,138.24,138.27,138.93,137.11,,,,,,,,,,,,,,,,,,,,,,,,,,,,,,,,,,,,,,,,,,,,,,,,,,,,2262,2287.65
1786633380,138.275,138.275,138.15,138.15,138.93,137.11,,,,,,,,,,,,,,,,,,,,,,,,,,,,,,,,,,,,,,,,,,,,,,,,,,,,2652,2349.1
1786633440,138.125,138.13,138,138.01,138.93,137.11,,,,,,,,,,,,,,,,,,,,,,,,,,,,,,,,,,,,,,,,,,,,,,,,,,,,2307,2320.75
1786633500,138.06,138.09,138.03,138.09,138.93,137.11,,,,,,,,,,,,,,,,,,,,,,,,,,,,,,,,,,,,,,,,,,,,,,,,,,,,1102,2106.65
1786633560,138.06,138.13,138.04,138.08,138.93,137.11,,,,,,,,,,,,,,,,,,,,,,,,,,,,,,,,,,,,,,,,,,,,,,,,,,,,2251,2171.6
1786633620,138.08,138.15,138.05,138.05,138.93,137.11,,,,,,,,,,,,,,,,,,,,,,,,,,,,,,,,,,,,,,,,,,,,,,,,,,,,2226,2214
1786633680,138.05,138.06,137.97,138.02,138.93,137.11,,,,,,,,,,,,,,,,,,,,,,,,,,,,,,,,,,,,,,,,,,,,,,,,,,,,1975,2058.7
1786633740,138.03,138.07,138,138.04,138.93,137.11,,,,,,,,,,,,,,,,,,,,,,,,,,,,,,,,,,,,,,,,,,,,,,,,,,,,1032,1898.6
1786633800,138.01,138.01,137.86,137.86,138.93,137.11,,,,,,,,,,,,,,,,,,,,,,,,,,,,,,,,,,,,,,,,,,,,,,,,,,,,746,1843.85
1786633860,137.79,137.88,137.77,137.88,138.93,137.11,,,,,,,,,,,,,,,,,,,,,,,,,,,,,,,,,,,,,,,,,,,,,,,,,,,,763,1801.4
1786633920,137.82,137.86,137.77,137.77,138.93,137.11,,,,,,,,,,,,,,,,,,,,,,,,,,,,,,,,,,,,,,,,,,,,,,,,,,,,1472,1762.5
1786633980,137.71,137.75,137.66,137.68,138.93,137.11,,,,,,,,,,,,,,,,,,,,,,,,,,,,,,,,,,,,,,,,,,,,,,,,,,,,680,1725.85
1786634040,137.68,137.79,137.68,137.71,138.93,137.11,,,,,,,,,,,,,,,,,,,,,,,,,,,,,,,,,,,,,,,,,,,,,,,,,,,,1615,1796.05
1786634100,137.77,137.77,137.69,137.69,138.93,137.11,,,,,,,,,,,,,,,,,,,,,,,,,,,,,,,,,,,,,,,,,,,,,,,,,,,,712,1696.9
1786634160,137.72,137.74,137.6,137.69,138.93,137.11,,,,,,,,,,,,,,,,,,,,,,,,,,,,,,,,,,,,,,,,,,,,,,,,,,,,2315,1670.8
1786634220,137.71,137.77,137.71,137.71,138.93,137.11,,,,,,,,,,,,,,,,,,,,,,,,,,,,,,,,,,,,,,,,,,,,,,,,,,,,1840,1729.35
1786634280,137.69,137.71,137.525,137.525,138.93,137.11,,,,,,,,,,,,,,,,,,,,,,,,,,,,,,,,,,,,,,,,,,,,,,,,,,,,1940,1656.3
1786634340,137.55,137.64,137.5,137.64,138.93,137.11,,,,,,,,,,,,,,,,,,,,,,,,,,,,,,,,,,,,,,,,,,,,,,,,,,,,1003,1627.6
1786634400,137.66,137.69,137.63,137.69,138.93,137.11,,,,,,,,,,,,,,,,,,,,,,,,,,,,,,,,,,,,,,,,,,,,,,,,,,,,1259,1554.65
1786634460,137.65,137.72,137.61,137.66,138.93,137.11,,,,,,,,,,,,,,,,,,,,,,,,,,,,,,,,,,,,,,,,,,,,,,,,,,,,1025,1558.85
1786634520,137.68,137.77,137.66,137.71,138.93,137.11,,,,,,,,,,,,,,,,,,,,,,,,,,,,,,,,,,,,,,,,,,,,,,,,,,,,1643,1527.9
1786634580,137.7,137.77,137.59,137.67,138.93,137.11,,,,,,,,,,,,,,,,,,,,,,,,,,,,,,,,,,,,,,,,,,,,,,,,,,,,2661,1528.35
1786634640,137.66,137.76,137.66,137.68,138.93,137.11,,,,,,,,,,,,,,,,,,,,,,,,,,,,,,,,,,,,,,,,,,,,,,,,,,,,557,1440.85
1786634700,137.77,137.77,137.65,137.71,138.93,137.11,,,,,,,,,,,,,,,,,,,,,,,,,,,,,,,,,,,,,,,,,,,,,,,,,,,,1368,1454.15
1786634760,137.72,137.77,137.705,137.77,138.93,137.11,,,,,,,,,,,,,,,,,,,,,,,,,,,,,,,,,,,,,,,,,,,,,,,,,,,,829,1383.05
1786634820,137.8,137.83,137.73,137.76,138.93,137.11,,,,,,,,,,,,,,,,,,,,,,,,,,,,,,,,,,,,,,,,,,,,,,,,,,,,5400,1541.75
1786634880,137.76,137.76,137.61,137.64,138.93,137.11,,,,,,,,,,,,,,,,,,,,,,,,,,,,,,,,,,,,,,,,,,,,,,,,,,,,882,1487.1
1786634940,137.64,137.7,137.59,137.7,138.93,137.11,,,,,,,,,,,,,,,,,,,,,,,,,,,,,,,,,,,,,,,,,,,,,,,,,,,,179,1444.45
1786635000,137.68,137.69,137.64,137.68,138.93,137.11,,,,,,,,,,,,,,,,,,,,,,,,,,,,,,,,,,,,,,,,,,,,,,,,,,,,1074,1460.85
1786635060,137.7,137.805,137.7,137.79,138.93,137.11,,,,,,,,,,,,,,,,,,,,,,,,,,,,,,,,,,,,,,,,,,,,,,,,,,,,1336,1489.5
1786635120,137.775,137.85,137.72,137.81,138.93,137.11,,,,,,,,,,,,,,,,,,,,,,,,,,,,,,,,,,,,,,,,,,,,,,,,,,,,3081,1569.95
1786635180,137.81,137.855,137.72,137.72,138.93,137.11,,,,,,,,,,,,,,,,,,,,,,,,,,,,,,,,,,,,,,,,,,,,,,,,,,,,1910,1631.45
1786635240,137.73,137.78,137.7,137.78,138.93,137.11,,,,,,,,,,,,,,,,,,,,,,,,,,,,,,,,,,,,,,,,,,,,,,,,,,,,579,1579.65
1786635300,137.78,137.81,137.78,137.79,138.93,137.11,,,,,,,,,,,,,,,,,,,,,,,,,,,,,,,,,,,,,,,,,,,,,,,,,,,,1304,1609.25
1786635360,137.8,138.02,137.8,138.02,138.93,137.11,,,,,,,,,,,,,,,,,,,,,,,,,,,,,,,,,,,,,,,,,,,,,,,,,,,,11287,2057.85
1786635420,138.01,138.02,137.97,138.01,138.93,137.11,,,,,,,,,,,,,,,,,,,,,,,,,,,,,,,,,,,,,,,,,,,,,,,,,,,,2189,2075.3
1786635480,138.01,138.01,137.94,137.97,138.93,137.11,,,,,,,,,,,,,,,,,,,,,,,,,,,,,,,,,,,,,,,,,,,,,,,,,,,,2032,2079.9
1786635540,137.975,137.975,137.92,137.95,138.93,137.11,,,,,,,,,,,,,,,,,,,,,,,,,,,,,,,,,,,,,,,,,,,,,,,,,,,,2337,2146.6
1786635600,137.95,137.97,137.95,137.95,138.93,137.11,,,,,,,,,,,,,,,,,,,,,,,,,,,,,,,,,,,,,,,,,,,,,,,,,,,,2480,2207.65
1786635660,137.98,138.11,137.97,138.11,138.93,137.11,,,,,,,,,,,,,,,,,,,,,,,,,,,,,,,,,,,,,,,,,,,,,,,,,,,,3950,2353.9
1786635720,138.19,138.19,138.14,138.15,138.93,137.11,,,,,,,,,,,,,,,,,,,,,,,,,,,,,,,,,,,,,,,,,,,,,,,,,,,,4364,2489.95
1786635780,138.12,138.14,138.08,138.08,138.93,137.11,,,,,,,,,,,,,,,,,,,,,,,,,,,,,,,,,,,,,,,,,,,,,,,,,,,,1669,2440.35
1786635840,138.05,138.06,137.98,137.98,138.93,137.11,,,,,,,,,,,,,,,,,,,,,,,,,,,,,,,,,,,,,,,,,,,,,,,,,,,,2504,2537.7
1786635900,137.97,138.02,137.97,138.02,138.93,137.11,,,,,,,,,,,,,,,,,,,,,,,,,,,,,,,,,,,,,,,,,,,,,,,,,,,,750,2506.8
1786635960,138.03,138.11,138.03,138.11,138.93,137.11,,,,,,,,,,,,,,,,,,,,,,,,,,,,,,,,,,,,,,,,,,,,,,,,,,,,204,2475.55
1786636020,138.12,138.14,138.08,138.1,138.93,137.11,,,,,,,,,,,,,,,,,,,,,,,,,,,,,,,,,,,,,,,,,,,,,,,,,,,,3202,2365.65
1786636080,138.12,138.13,138.05,138.05,138.93,137.11,,,,,,,,,,,,,,,,,,,,,,,,,,,,,,,,,,,,,,,,,,,,,,,,,,,,1006,2371.85
1786636140,138.02,138.04,138.02,138.035,138.93,137.11,,,,,,,,,,,,,,,,,,,,,,,,,,,,,,,,,,,,,,,,,,,,,,,,,,,,355,2380.65
1786636200,138.04,138.1,138.04,138.1,138.93,137.11,,,,,,,,,,,,,,,,,,,,,,,,,,,,,,,,,,,,,,,,,,,,,,,,,,,,1514,2402.65
1786636260,138.085,138.085,138.04,138.05,138.93,137.11,,,,,,,,,,,,,,,,,,,,,,,,,,,,,,,,,,,,,,,,,,,,,,,,,,,,1089,2390.3
1786636320,138.055,138.06,137.99,138,138.93,137.11,,,,,,,,,,,,,,,,,,,,,,,,,,,,,,,,,,,,,,,,,,,,,,,,,,,,1887,2330.6
1786636380,137.975,138.01,137.95,137.96,138.93,137.11,,,,,,,,,,,,,,,,,,,,,,,,,,,,,,,,,,,,,,,,,,,,,,,,,,,,560,2263.1
1786636440,137.96,137.96,137.9,137.9,138.93,137.11,,,,,,,,,,,,,,,,,,,,,,,,,,,,,,,,,,,,,,,,,,,,,,,,,,,,1146,2291.45
1786636500,137.92,137.975,137.91,137.975,138.93,137.11,,,,,,,,,,,,,,,,,,,,,,,,,,,,,,,,,,,,,,,,,,,,,,,,,,,,992,2275.85
1786636560,137.985,138.06,137.98,138.06,138.93,137.11,,,,,,,,,,,,,,,,,,,,,,,,,,,,,,,,,,,,,,,,,,,,,,,,,,,,10663,2244.65
1786636620,138.07,138.08,138.06,138.06,138.93,137.11,,,,,,,,,,,,,,,,,,,,,,,,,,,,,,,,,,,,,,,,,,,,,,,,,,,,1617,2216.05
1786636680,138.05,138.05,138.03,138.04,138.93,137.11,,,,,,,,,,,,,,,,,,,,,,,,,,,,,,,,,,,,,,,,,,,,,,,,,,,,4138,2321.35
1786636740,138.03,138.03,137.95,137.955,138.93,137.11,,,,,,,,,,,,,,,,,,,,,,,,,,,,,,,,,,,,,,,,,,,,,,,,,,,,17523,3080.65
1786636800,137.955,138.06,137.955,138.06,138.93,137.11,,,,,,,,,,,,,,,,,,,,,,,,,,,,,,,,,,,,,,,,,,,,,,,,,,,,744,2993.85
1786636860,138.07,138.07,138.01,138.04,138.93,137.11,,,,,,,,,,,,,,,,,,,,,,,,,,,,,,,,,,,,,,,,,,,,,,,,,,,,510,2821.85
1786636920,138.06,138.06,138.01,138.03,138.93,137.11,,,,,,,,,,,,,,,,,,,,,,,,,,,,,,,,,,,,,,,,,,,,,,,,,,,,446,2625.95
1786636980,138.05,138.08,138.01,138.03,138.93,137.11,,,,,,,,,,,,,,,,,,,,,,,,,,,,,,,,,,,,,,,,,,,,,,,,,,,,911,2588.05
1786637040,138.015,138.04,138.015,138.04,138.93,137.11,,,,,,,,,,,,,,,,,,,,,,,,,,,,,,,,,,,,,,,,,,,,,,,,,,,,114,2468.55
1786637100,138.1,138.18,138.1,138.15,138.93,137.11,,,,,,,,,,,,,,,,,,,,,,,,,,,,,,,,,,,,,,,,,,,,,,,,,,,,1584,2510.25
1786637160,138.16,138.24,138.16,138.24,138.93,137.11,,,,,,,,,,,,,,,,,,,,,,,,,,,,,,,,,,,,,,,,,,,,,,,,,,,,852,2542.65
1786637220,138.2,138.3,138.2,138.25,138.93,137.11,,,,,,,,,,,,,,,,,,,,,,,,,,,,,,,,,,,,,,,,,,,,,,,,,,,,2482,2506.65
1786637280,138.23,138.23,138.195,138.195,138.93,137.11,,,,,,,,,,,,,,,,,,,,,,,,,,,,,,,,,,,,,,,,,,,,,,,,,,,,789,2495.8
1786637340,138.18,138.18,138.1,138.11,138.93,137.11,,,,,,,,,,,,,,,,,,,,,,,,,,,,,,,,,,,,,,,,,,,,,,,,,,,,876,2521.85
1786637400,138.1,138.1,138.05,138.05,138.93,137.11,,,,,,,,,,,,,,,,,,,,,,,,,,,,,,,,,,,,,,,,,,,,,,,,,,,,1470,2519.65
1786637460,138.07,138.12,138.07,138.1,138.93,137.11,,,,,,,,,,,,,,,,,,,,,,,,,,,,,,,,,,,,,,,,,,,,,,,,,,,,1138,2522.1
1786637520,138.08,138.09,137.88,137.89,138.93,137.11,,,,,,,,,,,,,,,,,,,,,,,,,,,,,,,,,,,,,,,,,,,,,,,,,,,,4012,2628.35
1786637580,137.93,137.95,137.87,137.89,138.93,137.11,,,,,,,,,,,,,,,,,,,,,,,,,,,,,,,,,,,,,,,,,,,,,,,,,,,,1103,2655.5
1786637640,137.87,137.87,137.815,137.87,138.93,137.11,,,,,,,,,,,,,,,,,,,,,,,,,,,,,,,,,,,,,,,,,,,,,,,,,,,,1244,2660.4
1786637700,137.91,138.09,137.91,138.05,138.93,137.11,,,,,,,,,,,,,,,,,,,,,,,,,,,,,,,,,,,,,,,,,,,,,,,,,,,,3261,2773.85
1786637760,138.07,138.08,138.03,138.04,138.93,137.11,,,,,,,,,,,,,,,,,,,,,,,,,,,,,,,,,,,,,,,,,,,,,,,,,,,,2678,2374.6
1786637820,138.02,138.03,138,138.03,138.93,137.11,,,,,,,,,,,,,,,,,,,,,,,,,,,,,,,,,,,,,,,,,,,,,,,,,,,,1166,2352.05
1786637880,138.03,138.03,137.99,137.99,138.93,137.11,,,,,,,,,,,,,,,,,,,,,,,,,,,,,,,,,,,,,,,,,,,,,,,,,,,,1896,2239.95
1786637940,138.01,138.025,138.01,138.025,138.93,137.11,,,,,,,,,,,,,,,,,,,,,,,,,,,,,,,,,,,,,,,,,,,,,,,,,,,,363,1381.95
1786638000,138.025,138.07,138.02,138.07,138.93,137.11,,,,,,,,,,,,,,,,,,,,,,,,,,,,,,,,,,,,,,,,,,,,,,,,,,,,2629,1476.2
1786638060,138.06,138.105,138.04,138.09,138.93,137.11,,,,,,,,,,,,,,,,,,,,,,,,,,,,,,,,,,,,,,,,,,,,,,,,,,,,1248,1513.1
1786638120,138.11,138.13,138.09,138.1,138.93,137.11,,,,,,,,,,,,,,,,,,,,,,,,,,,,,,,,,,,,,,,,,,,,,,,,,,,,1310,1556.3
1786638180,138.1,138.1,138.07,138.09,138.93,137.11,,,,,,,,,,,,,,,,,,,,,,,,,,,,,,,,,,,,,,,,,,,,,,,,,,,,996,1560.55
1786638240,138.14,138.16,138.13,138.16,138.93,137.11,,,,,,,,,,,,,,,,,,,,,,,,,,,,,,,,,,,,,,,,,,,,,,,,,,,,1710,1640.35
1786638300,138.16,138.24,138.16,138.24,138.93,137.11,,,,,,,,,,,,,,,,,,,,,,,,,,,,,,,,,,,,,,,,,,,,,,,,,,,,3409,1731.6
1786638360,138.235,138.26,138.2,138.22,138.93,137.11,,,,,,,,,,,,,,,,,,,,,,,,,,,,,,,,,,,,,,,,,,,,,,,,,,,,1162,1747.1
1786638420,138.21,138.29,138.21,138.215,138.93,137.11,,,,,,,,,,,,,,,,,,,,,,,,,,,,,,,,,,,,,,,,,,,,,,,,,,,,4896,1867.8
1786638480,138.27,138.3,138.23,138.26,138.93,137.11,,,,,,,,,,,,,,,,,,,,,,,,,,,,,,,,,,,,,,,,,,,,,,,,,,,,1785,1917.6
1786638540,138.3,138.31,138.27,138.31,138.93,137.11,,,,,,,,,,,,,,,,,,,,,,,,,,,,,,,,,,,,,,,,,,,,,,,,,,,,1310,1939.3
1786638600,138.32,138.36,138.23,138.23,138.93,137.11,,,,,,,,,,,,,,,,,,,,,,,,,,,,,,,,,,,,,,,,,,,,,,,,,,,,1967,1964.15
1786638660,138.31,138.33,138.26,138.265,138.93,137.11,,,,,,,,,,,,,,,,,,,,,,,,,,,,,,,,,,,,,,,,,,,,,,,,,,,,3841,2099.3
1786638720,138.28,138.28,138.18,138.195,138.93,137.11,,,,,,,,,,,,,,,,,,,,,,,,,,,,,,,,,,,,,,,,,,,,,,,,,,,,1673,1982.35
1786638780,138.21,138.27,138.21,138.27,138.93,137.11,,,,,,,,,,,,,,,,,,,,,,,,,,,,,,,,,,,,,,,,,,,,,,,,,,,,1629,2008.65
1786638840,138.27,138.34,138.27,138.33,138.93,137.11,,,,,,,,,,,,,,,,,,,,,,,,,,,,,,,,,,,,,,,,,,,,,,,,,,,,827,1987.8
1786638900,138.3,138.3,138.26,138.26,138.93,137.11,,,,,,,,,,,,,,,,,,,,,,,,,,,,,,,,,,,,,,,,,,,,,,,,,,,,2050,1927.25
1786638960,138.23,138.23,138.19,138.23,138.93,137.11,,,,,,,,,,,,,,,,,,,,,,,,,,,,,,,,,,,,,,,,,,,,,,,,,,,,974,1842.05
1786639020,138.275,138.3,138.26,138.29,138.93,137.11,,,,,,,,,,,,,,,,,,,,,,,,,,,,,,,,,,,,,,,,,,,,,,,,,,,,1441,1855.8
1786639080,138.3,138.3,138.245,138.28,138.93,137.11,,,,,,,,,,,,,,,,,,,,,,,,,,,,,,,,,,,,,,,,,,,,,,,,,,,,1268,1824.4
1786639140,138.31,138.34,138.29,138.34,138.93,137.11,,,,,,,,,,,,,,,,,,,,,,,,,,,,,,,,,,,,,,,,,,,,,,,,,,,,2040,1908.25
1786639200,138.31,138.34,138.31,138.31,138.93,137.11,,,,,,,,,,,,,,,,,,,,,,,,,,,,,,,,,,,,,,,,,,,,,,,,,,,,1130,1833.3
1786639260,138.32,138.41,138.3,138.41,138.93,137.11,,,,,,,,,,,,,,,,,,,,,,,,,,,,,,,,,,,,,,,,,,,,,,,,,,,,869,1814.35
1786639320,138.39,138.44,138.39,138.43,138.93,137.11,,,,,,,,,,,,,,,,,,,,,,,,,,,,,,,,,,,,,,,,,,,,,,,,,,,,2344,1866.05
1786639380,138.47,138.47,138.42,138.44,138.93,137.11,,,,,,,,,,,,,,,,,,,,,,,,,,,,,,,,,,,,,,,,,,,,,,,,,,,,1332,1882.85
1786639440,138.48,138.48,138.44,138.445,138.93,137.11,,,,,,,,,,,,,,,,,,,,,,,,,,,,,,,,,,,,,,,,,,,,,,,,,,,,2561,1925.4
1786639500,138.45,138.47,138.45,138.46,138.93,137.11,,,,,,,,,,,,,,,,,,,,,,,,,,,,,,,,,,,,,,,,,,,,,,,,,,,,1368,1823.35
1786639560,138.4,138.41,138.38,138.38,138.93,137.11,,,,,,,,,,,,,,,,,,,,,,,,,,,,,,,,,,,,,,,,,,,,,,,,,,,,1268,1828.65
1786639620,138.37,138.44,138.37,138.43,138.93,137.11,,,,,,,,,,,,,,,,,,,,,,,,,,,,,,,,,,,,,,,,,,,,,,,,,,,,1730,1670.35
1786639680,138.43,138.43,138.305,138.305,138.93,137.11,,,,,,,,,,,,,,,,,,,,,,,,,,,,,,,,,,,,,,,,,,,,,,,,,,,,3194,1740.8
1786639740,138.31,138.37,138.29,138.3,138.93,137.11,,,,,,,,,,,,,,,,,,,,,,,,,,,,,,,,,,,,,,,,,,,,,,,,,,,,1047,1727.65
1786639800,138.27,138.3,138.25,138.3,138.93,137.11,,,,,,,,,,,,,,,,,,,,,,,,,,,,,,,,,,,,,,,,,,,,,,,,,,,,195,1639.05
1786639860,138.32,138.34,138.28,138.28,138.93,137.11,,,,,,,,,,,,,,,,,,,,,,,,,,,,,,,,,,,,,,,,,,,,,,,,,,,,606,1477.3
1786639920,138.28,138.28,138.27,138.28,138.93,137.11,,,,,,,,,,,,,,,,,,,,,,,,,,,,,,,,,,,,,,,,,,,,,,,,,,,,1043,1445.8
1786639980,138.28,138.29,138.26,138.26,138.93,137.11,,,,,,,,,,,,,,,,,,,,,,,,,,,,,,,,,,,,,,,,,,,,,,,,,,,,2198,1474.25
1786640040,138.25,138.26,138.2,138.2,138.93,137.11,,,,,,,,,,,,,,,,,,,,,,,,,,,,,,,,,,,,,,,,,,,,,,,,,,,,829,1474.35
1786640100,138.19,138.225,138.19,138.225,138.93,137.11,,,,,,,,,,,,,,,,,,,,,,,,,,,,,,,,,,,,,,,,,,,,,,,,,,,,243,1384
1786640160,138.24,138.27,138.24,138.255,138.93,137.11,,,,,,,,,,,,,,,,,,,,,,,,,,,,,,,,,,,,,,,,,,,,,,,,,,,,1270,1398.8
1786640220,138.27,138.36,138.27,138.33,138.93,137.11,,,,,,,,,,,,,,,,,,,,,,,,,,,,,,,,,,,,,,,,,,,,,,,,,,,,1989,1426.2
1786640280,138.34,138.34,138.32,138.32,138.93,137.11,,,,,,,,,,,,,,,,,,,,,,,,,,,,,,,,,,,,,,,,,,,,,,,,,,,,410,1383.3
1786640340,138.37,138.38,138.34,138.35,138.93,137.11,,,,,,,,,,,,,,,,,,,,,,,,,,,,,,,,,,,,,,,,,,,,,,,,,,,,1010,1331.8
1786640400,138.335,138.41,138.335,138.39,138.93,137.11,,,,,,,,,,,,,,,,,,,,,,,,,,,,,,,,,,,,,,,,,,,,,,,,,,,,3465,1448.55
1786640460,138.44,138.46,138.44,138.46,138.93,137.11,,,,,,,,,,,,,,,,,,,,,,,,,,,,,,,,,,,,,,,,,,,,,,,,,,,,313,1420.75
1786640520,138.46,138.47,138.43,138.43,138.93,137.11,,,,,,,,,,,,,,,,,,,,,,,,,,,,,,,,,,,,,,,,,,,,,,,,,,,,1290,1368.05
1786640580,138.42,138.42,138.37,138.37,138.93,137.11,,,,,,,,,,,,,,,,,,,,,,,,,,,,,,,,,,,,,,,,,,,,,,,,,,,,1188,1360.85
1786640640,138.375,138.4,138.35,138.38,138.93,137.11,,,,,,,,,,,,,,,,,,,,,,,,,,,,,,,,,,,,,,,,,,,,,,,,,,,,752,1270.4
1786640700,138.39,138.43,138.39,138.43,138.93,137.11,,,,,,,,,,,,,,,,,,,,,,,,,,,,,,,,,,,,,,,,,,,,,,,,,,,,167,1210.35
1786640760,138.425,138.47,138.425,138.47,138.93,137.11,,,,,,,,,,,,,,,,,,,,,,,,,,,,,,,,,,,,,,,,,,,,,,,,,,,,2246,1259.25
1786640820,138.46,138.48,138.46,138.47,138.93,137.11,,,,,,,,,,,,,,,,,,,,,,,,,,,,,,,,,,,,,,,,,,,,,,,,,,,,301,1187.8
1786640880,138.44,138.47,138.41,138.41,138.93,137.11,,,,,,,,,,,,,,,,,,,,,,,,,,,,,,,,,,,,,,,,,,,,,,,,,,,,614,1058.8
1786640940,138.41,138.41,138.35,138.35,138.93,137.11,,,,,,,,,,,,,,,,,,,,,,,,,,,,,,,,,,,,,,,,,,,,,,,,,,,,888,1050.85
1786641000,138.36,138.48,138.35,138.48,138.93,137.11,,,,,,,,,,,,,,,,,,,,,,,,,,,,,,,,,,,,,,,,,,,,,,,,,,,,585,1070.35
1786641060,138.49,138.52,138.43,138.45,138.93,137.11,,,,,,,,,,,,,,,,,,,,,,,,,,,,,,,,,,,,,,,,,,,,,,,,,,,,1781,1129.1
1786641120,138.43,138.45,138.37,138.37,138.93,137.11,,,,,,,,,,,,,,,,,,,,,,,,,,,,,,,,,,,,,,,,,,,,,,,,,,,,3508,1252.35
1786641180,138.42,138.42,138.4,138.405,138.93,137.11,,,,,,,,,,,,,,,,,,,,,,,,,,,,,,,,,,,,,,,,,,,,,,,,,,,,116,1148.25
1786641240,138.44,138.46,138.44,138.45,138.93,137.11,,,,,,,,,,,,,,,,,,,,,,,,,,,,,,,,,,,,,,,,,,,,,,,,,,,,473,1130.45
1786641300,138.48,138.58,138.48,138.56,138.93,137.11,,,,,,,,,,,,,,,,,,,,,,,,,,,,,,,,,,,,,,,,,,,,,,,,,,,,1895,1213.05
1786641360,138.58,138.6,138.56,138.6,138.93,137.11,,,,,,,,,,,,,,,,,,,,,,,,,,,,,,,,,,,,,,,,,,,,,,,,,,,,2273,1263.2
1786641420,138.63,138.63,138.6,138.605,138.93,137.11,,,,,,,,,,,,,,,,,,,,,,,,,,,,,,,,,,,,,,,,,,,,,,,,,,,,277,1177.6
1786641480,138.6,138.605,138.545,138.57,138.93,137.11,,,,,,,,,,,,,,,,,,,,,,,,,,,,,,,,,,,,,,,,,,,,,,,,,,,,1627,1238.45
1786641540,138.6,138.63,138.6,138.61,138.93,137.11,,,,,,,,,,,,,,,,,,,,,,,,,,,,,,,,,,,,,,,,,,,,,,,,,,,,1368,1256.35
1786641600,138.63,138.65,138.6,138.6,138.93,137.11,,,,,,,,,,,,,,,,,,,,,,,,,,,,,,,,,,,,,,,,,,,,,,,,,,,,4094,1287.8
1786641660,138.62,138.64,138.605,138.64,138.93,137.11,,,,,,,,,,,,,,,,,,,,,,,,,,,,,,,,,,,,,,,,,,,,,,,,,,,,398,1292.05
1786641720,138.62,138.64,138.62,138.63,138.93,137.11,,,,,,,,,,,,,,,,,,,,,,,,,,,,,,,,,,,,,,,,,,,,,,,,,,,,1173,1286.2
1786641780,138.63,138.63,138.55,138.63,138.93,137.11,,,,,,,,,,,,,,,,,,,,,,,,,,,,,,,,,,,,,,,,,,,,,,,,,,,,1384,1296
1786641840,138.62,138.63,138.58,138.59,138.93,137.11,,,,,,,,,,,,,,,,,,,,,,,,,,,,,,,,,,,,,,,,,,,,,,,,,,,,2448,1380.8
1786641900,138.6,138.62,138.59,138.59,138.93,137.11,,,,,,,,,,,,,,,,,,,,,,,,,,,,,,,,,,,,,,,,,,,,,,,,,,,,568,1400.85
1786641960,138.59,138.66,138.56,138.56,138.93,137.11,,,,,,,,,,,,,,,,,,,,,,,,,,,,,,,,,,,,,,,,,,,,,,,,,,,,2440,1410.55
1786642020,138.565,138.58,138.32,138.32,138.93,137.11,,,,,,,,,,,,,,,,,,,,,,,,,,,,,,,,,,,,,,,,,,,,,,,,,,,,6795,1735.25
1786642080,138.32,138.33,138.31,138.31,138.93,137.11,,,,,,,,,,,,,,,,,,,,,,,,,,,,,,,,,,,,,,,,,,,,,,,,,,,,539,1731.5
1786642140,138.3,138.3,138.19,138.2,138.93,137.11,,,,,,,,,,,,,,,,,,,,,,,,,,,,,,,,,,,,,,,,,,,,,,,,,,,,2891,1831.65
1786642200,138.21,138.265,138.19,138.265,138.93,137.11,,,,,,,,,,,,,,,,,,,,,,,,,,,,,,,,,,,,,,,,,,,,,,,,,,,,1368,1870.8
1786642260,138.2,138.2,138.16,138.18,138.93,137.11,,,,,,,,,,,,,,,,,,,,,,,,,,,,,,,,,,,,,,,,,,,,,,,,,,,,728,1818.15
1786642320,138.155,138.26,138.13,138.13,138.93,137.11,,,,,,,,,,,,,,,,,,,,,,,,,,,,,,,,,,,,,,,,,,,,,,,,,,,,6100,1947.75
1786642380,138.165,138.19,138.08,138.09,138.93,137.11,,,,,,,,,,,,,,,,,,,,,,,,,,,,,,,,,,,,,,,,,,,,,,,,,,,,1722,2028.05
1786642440,138.08,138.08,138.06,138.07,138.93,137.11,,,,,,,,,,,,,,,,,,,,,,,,,,,,,,,,,,,,,,,,,,,,,,,,,,,,954,2052.1
1786642500,138.06,138.06,137.98,137.99,138.93,137.11,,,,,,,,,,,,,,,,,,,,,,,,,,,,,,,,,,,,,,,,,,,,,,,,,,,,1348,2024.75
1786642560,137.96,138.08,137.96,138.02,138.93,137.11,,,,,,,,,,,,,,,,,,,,,,,,,,,,,,,,,,,,,,,,,,,,,,,,,,,,467,1934.45
1786642620,138.02,138.02,137.88,137.88,138.93,137.11,,,,,,,,,,,,,,,,,,,,,,,,,,,,,,,,,,,,,,,,,,,,,,,,,,,,2360,2038.6
1786642680,137.87,138,137.87,137.94,138.93,137.11,,,,,,,,,,,,,,,,,,,,,,,,,,,,,,,,,,,,,,,,,,,,,,,,,,,,682,1991.35
1786642740,138,138.12,138,138.12,138.93,137.11,,,,,,,,,,,,,,,,,,,,,,,,,,,,,,,,,,,,,,,,,,,,,,,,,,,,123,1929.1
1786642800,138.25,138.39,138.25,138.355,138.93,137.11,,,,,,,,,,,,,,,,,,,,,,,,,,,,,,,,,,,,,,,,,,,,,,,,,,,,3264,1887.6
1786642860,138.35,138.46,138.34,138.46,138.93,137.11,,,,,,,,,,,,,,,,,,,,,,,,,,,,,,,,,,,,,,,,,,,,,,,,,,,,6270,2181.2
1786642920,138.46,138.54,138.46,138.53,138.93,137.11,,,,,,,,,,,,,,,,,,,,,,,,,,,,,,,,,,,,,,,,,,,,,,,,,,,,973,2171.2
1786642980,138.51,138.52,138.42,138.49,138.93,137.11,,,,,,,,,,,,,,,,,,,,,,,,,,,,,,,,,,,,,,,,,,,,,,,,,,,,5859,2394.95
1786643040,138.51,138.51,138.47,138.47,138.93,137.11,,,,,,,,,,,,,,,,,,,,,,,,,,,,,,,,,,,,,,,,,,,,,,,,,,,,1742,2359.65
1786643100,138.48,138.54,138.48,138.49,138.93,137.11,,,,,,,,,,,,,,,,,,,,,,,,,,,,,,,,,,,,,,,,,,,,,,,,,,,,1477,2405.1
1786643160,138.47,138.51,138.47,138.51,138.93,137.11,,,,,,,,,,,,,,,,,,,,,,,,,,,,,,,,,,,,,,,,,,,,,,,,,,,,375,2301.85
1786643220,138.49,138.55,138.49,138.55,138.93,137.11,,,,,,,,,,,,,,,,,,,,,,,,,,,,,,,,,,,,,,,,,,,,,,,,,,,,725,1998.35
1786643280,138.53,138.55,138.52,138.52,138.93,137.11,,,,,,,,,,,,,,,,,,,,,,,,,,,,,,,,,,,,,,,,,,,,,,,,,,,,1620,2052.4
1786643340,138.535,138.535,138.51,138.51,138.93,137.11,,,,,,,,,,,,,,,,,,,,,,,,,,,,,,,,,,,,,,,,,,,,,,,,,,,,198,1917.75
1786643400,138.47,138.55,138.45,138.55,138.93,137.11,,,,,,,,,,,,,,,,,,,,,,,,,,,,,,,,,,,,,,,,,,,,,,,,,,,,1101,1904.4
1786643460,138.57,138.59,138.57,138.57,138.93,137.11,,,,,,,,,,,,,,,,,,,,,,,,,,,,,,,,,,,,,,,,,,,,,,,,,,,,2252,1980.6
1786643520,138.58,138.63,138.58,138.62,138.93,137.11,,,,,,,,,,,,,,,,,,,,,,,,,,,,,,,,,,,,,,,,,,,,,,,,,,,,1933,1772.25
1786643580,138.63,138.63,138.63,138.63,138.93,137.11,,,,,,,,,,,,,,,,,,,,,,,,,,,,,,,,,,,,,,,,,,,,,,,,,,,,113,1691.8
1786643640,138.61,138.67,138.61,138.67,138.93,137.11,,,,,,,,,,,,,,,,,,,,,,,,,,,,,,,,,,,,,,,,,,,,,,,,,,,,985,1693.35
1786643700,138.68,138.68,138.61,138.61,138.93,137.11,,,,,,,,,,,,,,,,,,,,,,,,,,,,,,,,,,,,,,,,,,,,,,,,,,,,1183,1685.1
1786643760,138.6,138.6,138.6,138.6,138.93,137.11,,,,,,,,,,,,,,,,,,,,,,,,,,,,,,,,,,,,,,,,,,,,,,,,,,,,38,1663.65
1786643820,138.61,138.66,138.61,138.64,138.93,137.11,,,,,,,,,,,,,,,,,,,,,,,,,,,,,,,,,,,,,,,,,,,,,,,,,,,,814,1586.35
1786643880,138.62,138.62,138.59,138.61,138.93,137.11,,,,,,,,,,,,,,,,,,,,,,,,,,,,,,,,,,,,,,,,,,,,,,,,,,,,553,1579.9
1786643940,138.61,138.66,138.6,138.66,138.93,137.11,,,,,,,,,,,,,,,,,,,,,,,,,,,,,,,,,,,,,,,,,,,,,,,,,,,,943,1620.9
1786644000,138.66,138.75,138.66,138.74,138.93,137.11,,,,,,,,,,,,,,,,,,,,,,,,,,,,,,,,,,,,,,,,,,,,,,,,,,,,1609,1538.15
1786644060,138.76,138.78,138.74,138.75,138.93,137.11,,,,,,,,,,,,,,,,,,,,,,,,,,,,,,,,,,,,,,,,,,,,,,,,,,,,728,1261.05
1786644120,138.78,138.81,138.77,138.77,138.93,137.11,,,,,,,,,,,,,,,,,,,,,,,,,,,,,,,,,,,,,,,,,,,,,,,,,,,,133,1219.05
1786644180,138.78,138.83,138.78,138.82,138.93,137.11,,,,,,,,,,,,,,,,,,,,,,,,,,,,,,,,,,,,,,,,,,,,,,,,,,,,2564,1054.3
1786644240,138.79,138.82,138.78,138.82,138.93,137.11,,,,,,,,,,,,,,,,,,,,,,,,,,,,,,,,,,,,,,,,,,,,,,,,,,,,1094,1021.9
1786644300,138.82,138.93,138.82,138.925,138.93,137.11,,,,,,,,,,,,,,,,,,,,,,,,,,,,,,,,,,,,,,,,,,,,,,,,,,,,2061,1051.1
1786644360,138.91,138.91,138.81,138.86,138.93,137.11,,,,,,,,,,,,,,,,,,,,,,,,,,,,,,,,,,,,,,,,,,,,,,,,,,,,790,1071.85
1786644420,138.86,138.86,138.83,138.84,138.93,137.11,,,,,,,,,,,,,,,,,,,,,,,,,,,,,,,,,,,,,,,,,,,,,,,,,,,,471,1059.15
1786644480,138.88,138.95,138.88,138.95,138.93,137.11,,,,,,,,,,,,,,,,,,,,,,,,,,,,,,,,,,,,,,,,,,,,,,,,,,,,165,986.4
1786644540,138.93,138.94,138.84,138.84,138.93,137.11,,,,,,,,,,,,,,,,,,,,,,,,,,,,,,,,,,,,,,,,,,,,,,,,,,,,2982,1125.6
1786644600,138.85,138.865,138.78,138.83,138.93,137.11,,,,,,,,,,,,,,,,,,,,,,,,,,,,,,,,,,,,,,,,,,,,,,,,,,,,1120,1126.55
1786644660,138.82,138.935,138.82,138.93,138.93,137.11,,,,,,,,,,,,,,,,,,,,,,,,,,,,,,,,,,,,,,,,,,,,,,,,,,,,1254,1076.65
1786644720,138.99,139.03,138.98,139.03,138.93,137.11,,,,,,,,,,,,,,,,,,,,,,,,,,,,,,,,,,,,,,,,,,,,,,,,,,,,8730,1416.5
1786644780,139.035,139.05,139.03,139.05,138.93,137.11,,,,,,,,,,,,,,,,,,,,,,,,,,,,,,,,,,,,,,,,,,,,,,,,,,,,1164,1469.05
1786644840,139.01,139.01,138.95,138.95,138.93,137.11,,,,,,,,,,,,,,,,,,,,,,,,,,,,,,,,,,,,,,,,,,,,,,,,,,,,776,1458.6
1786644900,138.97,138.98,138.86,138.86,138.93,137.11,,,,,,,,,,,,,,,,,,,,,,,,,,,,,,,,,,,,,,,,,,,,,,,,,,,,513,1425.1
1786644960,138.82,138.83,138.8,138.83,138.93,137.11,,,,,,,,,,,,,,,,,,,,,,,,,,,,,,,,,,,,,,,,,,,,,,,,,,,,259,1436.15
1786645020,138.83,138.885,138.83,138.83,138.93,137.11,,,,,,,,,,,,,,,,,,,,,,,,,,,,,,,,,,,,,,,,,,,,,,,,,,,,913,1441.1
1786645080,138.82,138.82,138.73,138.74,138.93,137.11,,,,,,,,,,,,,,,,,,,,,,,,,,,,,,,,,,,,,,,,,,,,,,,,,,,,737,1450.3
1786645140,138.7,138.74,138.7,138.74,138.93,137.11,,,,,,,,,,,,,,,,,,,,,,,,,,,,,,,,,,,,,,,,,,,,,,,,,,,,551,1430.7
1786645200,138.74,138.74,138.66,138.68,138.93,137.11,,,,,,,,,,,,,,,,,,,,,,,,,,,,,,,,,,,,,,,,,,,,,,,,,,,,189,1359.7
1786645260,138.67,138.67,138.63,138.63,138.93,137.11,,,,,,,,,,,,,,,,,,,,,,,,,,,,,,,,,,,,,,,,,,,,,,,,,,,,879,1367.25
1786645320,138.605,138.64,138.59,138.64,138.93,137.11,,,,,,,,,,,,,,,,,,,,,,,,,,,,,,,,,,,,,,,,,,,,,,,,,,,,699,1395.55
1786645380,138.615,138.64,138.59,138.62,138.93,137.11,,,,,,,,,,,,,,,,,,,,,,,,,,,,,,,,,,,,,,,,,,,,,,,,,,,,1456,1340.15
1786645440,138.61,138.64,138.58,138.6,138.93,137.11,,,,,,,,,,,,,,,,,,,,,,,,,,,,,,,,,,,,,,,,,,,,,,,,,,,,815,1326.2
1786645500,138.61,138.61,138.53,138.54,138.93,137.11,,,,,,,,,,,,,,,,,,,,,,,,,,,,,,,,,,,,,,,,,,,,,,,,,,,,537,1250
1786645560,138.55,138.6,138.54,138.59,138.93,137.11,,,,,,,,,,,,,,,,,,,,,,,,,,,,,,,,,,,,,,,,,,,,,,,,,,,,1131,1267.05
1786645620,138.61,138.62,138.6,138.615,138.93,137.11,,,,,,,,,,,,,,,,,,,,,,,,,,,,,,,,,,,,,,,,,,,,,,,,,,,,1356,1311.3
1786645680,138.655,138.7,138.63,138.7,138.93,137.11,,,,,,,,,,,,,,,,,,,,,,,,,,,,,,,,,,,,,,,,,,,,,,,,,,,,391,1322.6
1786645740,138.715,138.715,138.69,138.7,138.93,137.11,,,,,,,,,,,,,,,,,,,,,,,,,,,,,,,,,,,,,,,,,,,,,,,,,,,,1716,1259.3
1786645800,138.7,138.745,138.7,138.73,138.93,137.11,,,,,,,,,,,,,,,,,,,,,,,,,,,,,,,,,,,,,,,,,,,,,,,,,,,,841,1245.35
1786645860,138.74,138.74,138.695,138.695,138.93,137.11,,,,,,,,,,,,,,,,,,,,,,,,,,,,,,,,,,,,,,,,,,,,,,,,,,,,378,1201.55
1786645920,138.71,138.71,138.68,138.7,138.93,137.11,,,,,,,,,,,,,,,,,,,,,,,,,,,,,,,,,,,,,,,,,,,,,,,,,,,,505,790.3
1786645980,138.67,138.68,138.63,138.63,138.93,137.11,,,,,,,,,,,,,,,,,,,,,,,,,,,,,,,,,,,,,,,,,,,,,,,,,,,,1841,824.15
1786646040,138.66,138.66,138.61,138.635,138.93,137.11,,,,,,,,,,,,,,,,,,,,,,,,,,,,,,,,,,,,,,,,,,,,,,,,,,,,1002,835.45
1786646100,138.61,138.63,138.61,138.61,138.93,137.11,,,,,,,,,,,,,,,,,,,,,,,,,,,,,,,,,,,,,,,,,,,,,,,,,,,,131,816.35
1786646160,138.63,138.64,138.61,138.61,138.93,137.11,,,,,,,,,,,,,,,,,,,,,,,,,,,,,,,,,,,,,,,,,,,,,,,,,,,,871,846.95
1786646220,138.56,138.56,138.54,138.55,138.93,137.11,,,,,,,,,,,,,,,,,,,,,,,,,,,,,,,,,,,,,,,,,,,,,,,,,,,,176,810.1
1786646280,138.55,138.55,138.49,138.53,138.93,137.11,,,,,,,,,,,,,,,,,,,,,,,,,,,,,,,,,,,,,,,,,,,,,,,,,,,,1059,826.2
1786646340,138.53,138.53,138.48,138.505,138.93,137.11,,,,,,,,,,,,,,,,,,,,,,,,,,,,,,,,,,,,,,,,,,,,,,,,,,,,833,840.3
1786646400,138.48,138.48,138.46,138.48,138.93,137.11,,,,,,,,,,,,,,,,,,,,,,,,,,,,,,,,,,,,,,,,,,,,,,,,,,,,1484,905.05
1786646460,138.47,138.47,138.47,138.47,138.93,137.11,,,,,,,,,,,,,,,,,,,,,,,,,,,,,,,,,,,,,,,,,,,,,,,,,,,,857,903.95
1786646520,138.45,138.47,138.44,138.47,138.93,137.11,,,,,,,,,,,,,,,,,,,,,,,,,,,,,,,,,,,,,,,,,,,,,,,,,,,,481,893.05
1786646580,138.46,138.46,138.44,138.44,138.93,137.11,,,,,,,,,,,,,,,,,,,,,,,,,,,,,,,,,,,,,,,,,,,,,,,,,,,,723,856.4
1786646640,138.44,138.49,138.44,138.48,138.93,137.11,,,,,,,,,,,,,,,,,,,,,,,,,,,,,,,,,,,,,,,,,,,,,,,,,,,,1229,877.1
1786646700,138.47,138.5,138.47,138.49,138.93,137.11,,,,,,,,,,,,,,,,,,,,,,,,,,,,,,,,,,,,,,,,,,,,,,,,,,,,425,871.5
1786646760,138.48,138.51,138.44,138.51,138.93,137.11,,,,,,,,,,,,,,,,,,,,,,,,,,,,,,,,,,,,,,,,,,,,,,,,,,,,640,846.95
1786646820,138.5,138.56,138.5,138.55,138.93,137.11,,,,,,,,,,,,,,,,,,,,,,,,,,,,,,,,,,,,,,,,,,,,,,,,,,,,2345,896.4
1786646880,138.56,138.6,138.56,138.56,138.93,137.11,,,,,,,,,,,,,,,,,,,,,,,,,,,,,,,,,,,,,,,,,,,,,,,,,,,,2744,1014.05
1786646940,138.55,138.55,138.53,138.53,138.93,137.11,,,,,,,,,,,,,,,,,,,,,,,,,,,,,,,,,,,,,,,,,,,,,,,,,,,,208,938.65
1786647000,138.55,138.61,138.55,138.6,138.93,137.11,,,,,,,,,,,,,,,,,,,,,,,,,,,,,,,,,,,,,,,,,,,,,,,,,,,,851,939.15
1786647060,138.58,138.6,138.57,138.6,138.93,137.11,,,,,,,,,,,,,,,,,,,,,,,,,,,,,,,,,,,,,,,,,,,,,,,,,,,,442,942.35
1786647120,138.57,138.6,138.52,138.52,138.93,137.11,,,,,,,,,,,,,,,,,,,,,,,,,,,,,,,,,,,,,,,,,,,,,,,,,,,,967,965.45
1786647180,138.56,138.56,138.53,138.53,138.93,137.11,,,,,,,,,,,,,,,,,,,,,,,,,,,,,,,,,,,,,,,,,,,,,,,,,,,,305,888.65
1786647240,138.54,138.54,138.51,138.51,138.93,137.11,,,,,,,,,,,,,,,,,,,,,,,,,,,,,,,,,,,,,,,,,,,,,,,,,,,,408,858.95
1786647300,138.52,138.52,138.46,138.46,138.93,137.11,,,,,,,,,,,,,,,,,,,,,,,,,,,,,,,,,,,,,,,,,,,,,,,,,,,,316,868.2
1786647360,138.48,138.49,138.39,138.41,138.93,137.11,,,,,,,,,,,,,,,,,,,,,,,,,,,,,,,,,,,,,,,,,,,,,,,,,,,,2254,937.35
1786647420,138.39,138.49,138.38,138.49,138.93,137.11,,,,,,,,,,,,,,,,,,,,,,,,,,,,,,,,,,,,,,,,,,,,,,,,,,,,2008,1028.95
1786647480,138.52,138.52,138.5,138.5,138.93,137.11,,,,,,,,,,,,,,,,,,,,,,,,,,,,,,,,,,,,,,,,,,,,,,,,,,,,17,976.85
1786647540,138.52,138.53,138.5,138.53,138.93,137.11,,,,,,,,,,,,,,,,,,,,,,,,,,,,,,,,,,,,,,,,,,,,,,,,,,,,1437,1007.05
1786647600,138.54,138.63,138.54,138.62,138.93,137.11,,,,,,,,,,,,,,,,,,,,,,,,,,,,,,,,,,,,,,,,,,,,,,,,,,,,1787,1022.2
1786647660,138.66,138.75,138.66,138.75,138.93,137.11,,,,,,,,,,,,,,,,,,,,,,,,,,,,,,,,,,,,,,,,,,,,,,,,,,,,760,1017.35
1786647720,138.71,138.72,138.68,138.72,138.93,137.11,,,,,,,,,,,,,,,,,,,,,,,,,,,,,,,,,,,,,,,,,,,,,,,,,,,,675,1027.05
1786647780,138.72,138.765,138.7,138.71,138.93,137.11,,,,,,,,,,,,,,,,,,,,,,,,,,,,,,,,,,,,,,,,,,,,,,,,,,,,834,1032.6
1786647840,138.72,138.72,138.71,138.72,138.93,137.11,,,,,,,,,,,,,,,,,,,,,,,,,,,,,,,,,,,,,,,,,,,,,,,,,,,,569,999.6
1786647900,138.71,138.73,138.71,138.73,138.93,137.11,,,,,,,,,,,,,,,,,,,,,,,,,,,,,,,,,,,,,,,,,,,,,,,,,,,,897,1023.2
1786647960,138.725,138.725,138.67,138.72,138.93,137.11,,,,,,,,,,,,,,,,,,,,,,,,,,,,,,,,,,,,,,,,,,,,,,,,,,,,945,1038.45
1786648020,138.71,138.73,138.71,138.72,138.93,137.11,,,,,,,,,,,,,,,,,,,,,,,,,,,,,,,,,,,,,,,,,,,,,,,,,,,,179,930.15
1786648080,138.73,138.79,138.73,138.74,138.93,137.11,,,,,,,,,,,,,,,,,,,,,,,,,,,,,,,,,,,,,,,,,,,,,,,,,,,,1183,852.1
1786648140,138.73,138.77,138.69,138.77,138.93,137.11,,,,,,,,,,,,,,,,,,,,,,,,,,,,,,,,,,,,,,,,,,,,,,,,,,,,440,863.7
1786648200,138.77,138.78,138.75,138.77,138.93,137.11,,,,,,,,,,,,,,,,,,,,,,,,,,,,,,,,,,,,,,,,,,,,,,,,,,,,3290,985.65
1786648260,138.77,138.79,138.75,138.75,138.93,137.11,,,,,,,,,,,,,,,,,,,,,,,,,,,,,,,,,,,,,,,,,,,,,,,,,,,,630,995.05
1786648320,138.75,138.75,138.73,138.75,138.93,137.11,,,,,,,,,,,,,,,,,,,,,,,,,,,,,,,,,,,,,,,,,,,,,,,,,,,,206,957
1786648380,138.74,138.74,138.71,138.72,138.93,137.11,,,,,,,,,,,,,,,,,,,,,,,,,,,,,,,,,,,,,,,,,,,,,,,,,,,,257,954.6
1786648440,138.71,138.755,138.695,138.695,138.93,137.11,,,,,,,,,,,,,,,,,,,,,,,,,,,,,,,,,,,,,,,,,,,,,,,,,,,,1947,1031.55
1786648500,138.7,138.76,138.7,138.74,138.93,137.11,,,,,,,,,,,,,,,,,,,,,,,,,,,,,,,,,,,,,,,,,,,,,,,,,,,,764,1053.95
1786648560,138.74,138.785,138.74,138.76,138.93,137.11,,,,,,,,,,,,,,,,,,,,,,,,,,,,,,,,,,,,,,,,,,,,,,,,,,,,615,972
1786648620,138.77,138.81,138.77,138.79,138.93,137.11,,,,,,,,,,,,,,,,,,,,,,,,,,,,,,,,,,,,,,,,,,,,,,,,,,,,291,886.15
1786648680,138.795,138.795,138.755,138.79,138.93,137.11,,,,,,,,,,,,,,,,,,,,,,,,,,,,,,,,,,,,,,,,,,,,,,,,,,,,1593,964.95
1786648740,138.78,138.82,138.78,138.81,138.93,137.11,,,,,,,,,,,,,,,,,,,,,,,,,,,,,,,,,,,,,,,,,,,,,,,,,,,,548,920.5
1786648800,138.82,138.85,138.77,138.78,138.93,137.11,,,,,,,,,,,,,,,,,,,,,,,,,,,,,,,,,,,,,,,,,,,,,,,,,,,,1394,900.85
1786648860,138.81,138.82,138.8,138.82,138.93,137.11,,,,,,,,,,,,,,,,,,,,,,,,,,,,,,,,,,,,,,,,,,,,,,,,,,,,695,897.6
1786648920,138.83,138.86,138.82,138.83,138.93,137.11,,,,,,,,,,,,,,,,,,,,,,,,,,,,,,,,,,,,,,,,,,,,,,,,,,,,1095,918.6
1786648980,138.84,138.84,138.81,138.84,138.93,137.11,,,,,,,,,,,,,,,,,,,,,,,,,,,,,,,,,,,,,,,,,,,,,,,,,,,,956,924.7
1786649040,138.85,138.88,138.85,138.87,138.93,137.11,,,,,,,,,,,,,,,,,,,,,,,,,,,,,,,,,,,,,,,,,,,,,,,,,,,,2188,1005.65
1786649100,138.89,138.9,138.805,138.84,138.93,137.11,,,,,,,,,,,,,,,,,,,,,,,,,,,,,,,,,,,,,,,,,,,,,,,,,,,,4265,1174.05
1786649160,138.85,138.85,138.72,138.72,138.93,137.11,,,,,,,,,,,,,,,,,,,,,,,,,,,,,,,,,,,,,,,,,,,,,,,,,,,,1299,1191.75
1786649220,138.71,138.71,138.69,138.7,138.93,137.11,,,,,,,,,,,,,,,,,,,,,,,,,,,,,,,,,,,,,,,,,,,,,,,,,,,,2834,1324.5
1786649280,138.69,138.765,138.67,138.765,138.93,137.11,,,,,,,,,,,,,,,,,,,,,,,,,,,,,,,,,,,,,,,,,,,,,,,,,,,,981,1314.4
1786649340,138.75,138.78,138.71,138.72,138.93,137.11,,,,,,,,,,,,,,,,,,,,,,,,,,,,,,,,,,,,,,,,,,,,,,,,,,,,1846,1384.7
1786649400,138.73,138.77,138.695,138.76,138.93,137.11,,,,,,,,,,,,,,,,,,,,,,,,,,,,,,,,,,,,,,,,,,,,,,,,,,,,1588,1299.6
1786649460,138.765,138.765,138.72,138.72,138.93,137.11,,,,,,,,,,,,,,,,,,,,,,,,,,,,,,,,,,,,,,,,,,,,,,,,,,,,568,1296.5
1786649520,138.71,138.71,138.57,138.58,138.93,137.11,,,,,,,,,,,,,,,,,,,,,,,,,,,,,,,,,,,,,,,,,,,,,,,,,,,,2587,1415.55
1786649580,138.59,138.62,138.57,138.62,138.93,137.11,,,,,,,,,,,,,,,,,,,,,,,,,,,,,,,,,,,,,,,,,,,,,,,,,,,,743,1439.85
1786649640,138.64,138.66,138.61,138.66,138.93,137.11,,,,,,,,,,,,,,,,,,,,,,,,,,,,,,,,,,,,,,,,,,,,,,,,,,,,1235,1404.25
1786649700,138.66,138.67,138.58,138.58,138.93,137.11,,,,,,,,,,,,,,,,,,,,,,,,,,,,,,,,,,,,,,,,,,,,,,,,,,,,2285,1480.3
1786649760,138.59,138.59,138.51,138.54,138.93,137.11,,,,,,,,,,,,,,,,,,,,,,,,,,,,,,,,,,,,,,,,,,,,,,,,,,,,1284,1513.75
1786649820,138.52,138.555,138.5,138.52,138.93,137.11,,,,,,,,,,,,,,,,,,,,,,,,,,,,,,,,,,,,,,,,,,,,,,,,,,,,4549,1726.65
1786649880,138.53,138.6,138.53,138.6,138.93,137.11,,,,,,,,,,,,,,,,,,,,,,,,,,,,,,,,,,,,,,,,,,,,,,,,,,,,1074,1700.7
1786649940,138.61,138.615,138.575,138.575,138.93,137.11,,,,,,,,,,,,,,,,,,,,,,,,,,,,,,,,,,,,,,,,,,,,,,,,,,,,2405,1793.55
1786650000,138.57,138.65,138.56,138.65,138.93,137.11,,,,,,,,,,,,,,,,,,,,,,,,,,,,,,,,,,,,,,,,,,,,,,,,,,,,1973,1822.5
1786650060,138.61,138.61,138.58,138.58,138.93,137.11,,,,,,,,,,,,,,,,,,,,,,,,,,,,,,,,,,,,,,,,,,,,,,,,,,,,776,1826.55
1786650120,138.59,138.65,138.58,138.59,138.93,137.11,,,,,,,,,,,,,,,,,,,,,,,,,,,,,,,,,,,,,,,,,,,,,,,,,,,,944,1819
1786650180,138.585,138.83,138.57,138.82,138.93,137.11,,,,,,,,,,,,,,,,,,,,,,,,,,,,,,,,,,,,,,,,,,,,,,,,,,,,18139,2678.15
1786650240,138.84,138.84,138.7,138.7,138.93,137.11,,,,,,,,,,,,,,,,,,,,,,,,,,,,,,,,,,,,,,,,,,,,,,,,,,,,1714,2654.45
1786650300,138.72,138.83,138.69,138.78,138.93,137.11,,,,,,,,,,,,,,,,,,,,,,,,,,,,,,,,,,,,,,,,,,,,,,,,,,,,1089,2495.65
1786650360,138.8,138.82,138.72,138.73,138.93,137.11,,,,,,,,,,,,,,,,,,,,,,,,,,,,,,,,,,,,,,,,,,,,,,,,,,,,1630,2512.2
1786650420,138.73,138.76,138.72,138.76,138.93,137.11,,,,,,,,,,,,,,,,,,,,,,,,,,,,,,,,,,,,,,,,,,,,,,,,,,,,1307,2435.85
1786650480,138.74,138.88,138.74,138.87,138.93,137.11,,,,,,,,,,,,,,,,,,,,,,,,,,,,,,,,,,,,,,,,,,,,,,,,,,,,3686,2571.1
1786650540,138.86,138.88,138.82,138.82,138.93,137.11,,,,,,,,,,,,,,,,,,,,,,,,,,,,,,,,,,,,,,,,,,,,,,,,,,,,1060,2531.8
1786650600,138.82,138.84,138.66,138.72,138.93,137.11,,,,,,,,,,,,,,,,,,,,,,,,,,,,,,,,,,,,,,,,,,,,,,,,,,,,3042,2604.5
1786650660,138.72,138.74,138.66,138.74,138.93,137.11,,,,,,,,,,,,,,,,,,,,,,,,,,,,,,,,,,,,,,,,,,,,,,,,,,,,1758,2664
1786650720,138.73,138.93,138.69,138.7,138.93,137.11,,,,,,,,,,,,,,,,,,,,,,,,,,,,,,,,,,,,,,,,,,,,,,,,,,,,10560,3062.65
1786650780,138.69,138.7,138.625,138.69,138.93,137.11,,,,,,,,,,,,,,,,,,,,,,,,,,,,,,,,,,,,,,,,,,,,,,,,,,,,5929,3321.95
1786650840,138.68,138.69,138.575,138.62,138.93,137.11,,,,,,,,,,,,,,,,,,,,,,,,,,,,,,,,,,,,,,,,,,,,,,,,,,,,5041,3512.25
1786650900,138.6,138.72,138.56,138.69,138.93,137.11,,,,,,,,,,,,,,,,,,,,,,,,,,,,,,,,,,,,,,,,,,,,,,,,,,,,7157,3755.85
1786650960,138.69,138.72,138.61,138.61,138.93,137.11,,,,,,,,,,,,,,,,,,,,,,,,,,,,,,,,,,,,,,,,,,,,,,,,,,,,5281,3955.7
1786651020,138.63,138.8,138.63,138.71,138.93,137.11,,,,,,,,,,,,,,,,,,,,,,,,,,,,,,,,,,,,,,,,,,,,,,,,,,,,6420,4049.25
1786651080,138.71,138.75,138.62,138.75,138.93,137.11,,,,,,,,,,,,,,,,,,,,,,,,,,,,,,,,,,,,,,,,,,,,,,,,,,,,8382,4414.65
1786651140,138.75,138.81,138.69,138.73,138.93,137.11,,,1,18,1,1786644480000,138.95,138.93,137.11,1.8199999999999932,0.07063577895544634,0.07196833393308581,0.41021950341849095,0,1786644540000,2,0,,,,0,0,0,0,0,,,,0,0,0,0,0,,,,0,0,0,0,0,,,,0,0,0,0,,-1,18,20137,5301.25
1786714200,138.48,138.88,138.48,138.76,138.88,138.48,,,,,,,,,,,,,,,,,,,,,,,,,,,,,,,,,,,,,,,,,,,,,,,,,,,,14,5203.3
1786714260,138.4,138.8,138.12,138.8,138.88,138.12,,,,,,,,,,,,,,,,,,,,,,,,,,,,,,,,,,,,,,,,,,,,,,,,,,,,2010,5265
1786714320,138.83,138.99,138.43,138.99,138.99,138.12,,,,,,,,,,,,,,,,,,,,,,,,,,,,,,,,,,,,,,,,,,,,,,,,,,,,6733,5554.45
1786714380,138.97,139.05,138.94,138.94,139.05,138.12,,,,,,,,,,,,,,,,,,,,,,,,,,,,,,,,,,,,,,,,,,,,,,,,,,,,1406,4717.8
1786714440,138.93,139.05,138.73,138.865,139.05,138.12,,,,,,,,,,,,,,,,,,,,,,,,,,,,,,,,,,,,,,,,,,,,,,,,,,,,2719,4768.05
1786714500,138.93,138.98,138.745,138.81,139.05,138.12,,,,,,,,,,,,,,,,,,,,,,,,,,,,,,,,,,,,,,,,,,,,,,,,,,,,1412,4784.2
1786714560,138.9,139.02,138.87,138.9,139.05,138.12,,,,,,,,,,,,,,,,,,,,,,,,,,,,,,,,,,,,,,,,,,,,,,,,,,,,3029,4854.15
1786714620,138.93,138.93,138.765,138.93,139.05,138.12,,,,,,,,,,,,,,,,,,,,,,,,,,,,,,,,,,,,,,,,,,,,,,,,,,,,3416,4959.6
1786714680,138.93,139.03,138.88,138.88,139.05,138.12,,,,,,,,,,,,,,,,,,,,,,,,,,,,,,,,,,,,,,,,,,,,,,,,,,,,2053,4877.95
1786714740,138.88,138.88,138.61,138.74,139.05,138.12,,,,,,,,,,,,,,,,,,,,,,,,,,,,,,,,,,,,,,,,,,,,,,,,,,,,2566,4953.25
1786714800,138.59,138.67,138.54,138.6,139.05,138.12,,,,,,,,,,,,,,,,,,,,,,,,,,,,,,,,,,,,,,,,,,,,,,,,,,,,1000,4851.15
1786714860,138.67,138.81,138.63,138.63,139.05,138.12,,,,,,,,,,,,,,,,,,,,,,,,,,,,,,,,,,,,,,,,,,,,,,,,,,,,4643,4995.4
1786714920,138.65,138.96,138.65,138.96,139.05,138.12,,,,,,,,,,,,,,,,,,,,,,,,,,,,,,,,,,,,,,,,,,,,,,,,,,,,2151,4574.95
1786714980,138.99,139.11,138.93,138.95,139.11,138.12,,,,,,,,,,,,,,,,,,,,,,,,,,,,,,,,,,,,,,,,,,,,,,,,,,,,1529,4354.95
1786715040,139.12,139.35,139.05,139.3,139.35,138.12,,,,,,,,,,,,,,,,,,,,,,,,,,,,,,,,,,,,,,,,,,,,,,,,,,,,3071,4256.45
1786715100,139.345,139.5,139.345,139.5,139.35,138.12,,,,,,,,,,,,,,,,,,,,,,,,,,,,,,,,,,,,,,,,,,,,,,,,,,,,4841,4140.65
1786715160,139.5,139.66,139.37,139.4,139.35,138.12,,,,,,,,,,,,,,,,,,,,,,,,,,,,,,,,,,,,,,,,,,,,,,,,,,,,2136,3983.4
1786715220,139.49,139.6,139.49,139.54,139.35,138.12,,,,,,,,,,,,,,,,,,,,,,,,,,,,,,,,,,,,,,,,,,,,,,,,,,,,2584,3791.6
1786715280,139.55,139.56,139.42,139.46,139.35,138.12,,,,,,,,,,,,,,,,,,,,,,,,,,,,,,,,,,,,,,,,,,,,,,,,,,,,3740,3559.5
1786715340,139.46,139.62,139.4,139.47,139.35,138.12,,,,,,,,,,,,,,,,,,,,,,,,,,,,,,,,,,,,,,,,,,,,,,,,,,,,2721,2688.7
1786715400,139.43,139.49,139.39,139.45,139.35,138.12,,,,,,,,,,,,,,,,,,,,,,,,,,,,,,,,,,,,,,,,,,,,,,,,,,,,189,2697.45
1786715460,139.47,139.81,139.47,139.76,139.35,138.12,,,,,,,,,,,,,,,,,,,,,,,,,,,,,,,,,,,,,,,,,,,,,,,,,,,,4548,2824.35
1786715520,139.77,139.81,139.61,139.81,139.35,138.12,,,,,,,,,,,,,,,,,,,,,,,,,,,,,,,,,,,,,,,,,,,,,,,,,,,,485,2511.95
1786715580,139.79,140.28,139.78,140.04,139.35,138.12,,,,,,,,,,,,,,,,,,,,,,,,,,,,,,,,,,,,,,,,,,,,,,,,,,,,22031,3543.2
1786715640,140.1,140.26,140.09,140.14,139.35,138.12,,,,,,,,,,,,,,,,,,,,,,,,,,,,,,,,,,,,,,,,,,,,,,,,,,,,1444,3479.45
1786715700,140.14,140.18,139.94,140.02,139.35,138.12,,,,,,,,,,,,,,,,,,,,,,,,,,,,,,,,,,,,,,,,,,,,,,,,,,,,1026,3460.15
1786715760,140.05,140.05,139.82,139.85,139.35,138.12,,,,,,,,,,,,,,,,,,,,,,,,,,,,,,,,,,,,,,,,,,,,,,,,,,,,1769,3397.15
1786715820,139.85,139.93,139.85,139.9,139.35,138.12,,,,,,,,,,,,,,,,,,,,,,,,,,,,,,,,,,,,,,,,,,,,,,,,,,,,725,3262.6
1786715880,139.845,139.92,139.76,139.82,139.35,138.12,,,,,,,,,,,,,,,,,,,,,,,,,,,,,,,,,,,,,,,,,,,,,,,,,,,,1479,3233.9
1786715940,139.75,139.91,139.7,139.91,139.35,138.12,,,,,,,,,,,,,,,,,,,,,,,,,,,,,,,,,,,,,,,,,,,,,,,,,,,,3456,3278.4
1786716000,139.85,139.95,139.79,139.86,139.35,138.12,,,,,,,,,,,,,,,,,,,,,,,,,,,,,,,,,,,,,,,,,,,,,,,,,,,,1568,3306.8
1786716060,139.87,139.88,139.69,139.7,139.35,138.12,,,,,,,,,,,,,,,,,,,,,,,,,,,,,,,,,,,,,,,,,,,,,,,,,,,,1268,3138.05
1786716120,139.67,139.67,139.56,139.57,139.35,138.12,,,,,,,,,,,,,,,,,,,,,,,,,,,,,,,,,,,,,,,,,,,,,,,,,,,,787,3069.85
1786716180,139.56,139.65,139.56,139.64,139.35,138.12,,,,,,,,,,,,,,,,,,,,,,,,,,,,,,,,,,,,,,,,,,,,,,,,,,,,1929,3089.85
1786716240,139.62,139.67,139.55,139.64,139.35,138.12,,,,,,,,,,,,,,,,,,,,,,,,,,,,,,,,,,,,,,,,,,,,,,,,,,,,1668,3019.7
1786716300,139.63,139.72,139.62,139.72,139.35,138.12,,,,,,,,,,,,,,,,,,,,,,,,,,,,,,,,,,,,,,,,,,,,,,,,,,,,482,2801.75
1786716360,139.66,139.83,139.66,139.76,139.35,138.12,,,,,,,,,,,,,,,,,,,,,,,,,,,,,,,,,,,,,,,,,,,,,,,,,,,,591,2724.5
1786716420,139.785,139.82,139.75,139.82,139.35,138.12,,,,,,,,,,,,,,,,,,,,,,,,,,,,,,,,,,,,,,,,,,,,,,,,,,,,3763,2783.45
1786716480,139.81,139.84,139.78,139.8,139.35,138.12,,,,,,,,,,,,,,,,,,,,,,,,,,,,,,,,,,,,,,,,,,,,,,,,,,,,842,2638.55
1786716540,139.79,139.82,139.64,139.64,139.35,138.12,,,,,,,,,,,,,,,,,,,,,,,,,,,,,,,,,,,,,,,,,,,,,,,,,,,,1699,2587.45
1786716600,139.63,139.72,139.6,139.71,139.35,138.12,,,,,,,,,,,,,,,,,,,,,,,,,,,,,,,,,,,,,,,,,,,,,,,,,,,,1443,2650.15
1786716660,139.71,139.74,139.67,139.73,139.35,138.12,,,,,,,,,,,,,,,,,,,,,,,,,,,,,,,,,,,,,,,,,,,,,,,,,,,,937,2469.6
1786716720,139.72,139.94,139.72,139.83,139.35,138.12,,,,,,,,,,,,,,,,,,,,,,,,,,,,,,,,,,,,,,,,,,,,,,,,,,,,2833,2587
1786716780,139.81,139.81,139.7,139.775,139.35,138.12,,,,,,,,,,,,,,,,,,,,,,,,,,,,,,,,,,,,,,,,,,,,,,,,,,,,1869,1578.9
1786716840,139.73,139.81,139.73,139.755,139.35,138.12,,,,,,,,,,,,,,,,,,,,,,,,,,,,,,,,,,,,,,,,,,,,,,,,,,,,731,1543.25
1786716900,139.74,139.74,139.5,139.5,139.35,138.12,,,,,,,,,,,,,,,,,,,,,,,,,,,,,,,,,,,,,,,,,,,,,,,,,,,,4224,1703.15
1786716960,139.45,139.74,139.445,139.74,139.35,138.12,,,,,,,,,,,,,,,,,,,,,,,,,,,,,,,,,,,,,,,,,,,,,,,,,,,,2422,1735.8
1786717020,139.74,139.74,139.61,139.66,139.35,138.12,,,,,,,,,,,,,,,,,,,,,,,,,,,,,,,,,,,,,,,,,,,,,,,,,,,,1507,1774.9
1786717080,139.6,139.94,139.6,139.91,139.35,138.12,,,,,,,,,,,,,,,,,,,,,,,,,,,,,,,,,,,,,,,,,,,,,,,,,,,,3156,1858.75
1786717140,139.93,139.93,139.79,139.83,139.35,138.12,,,,,,,,,,,,,,,,,,,,,,,,,,,,,,,,,,,,,,,,,,,,,,,,,,,,746,1723.25
1786717200,139.81,139.84,139.6,139.6,139.35,138.12,,,,,,,,,,,,,,,,,,,,,,,,,,,,,,,,,,,,,,,,,,,,,,,,,,,,3164,1803.05
1786717260,139.62,139.71,139.5,139.66,139.35,138.12,,,,,,,,,,,,,,,,,,,,,,,,,,,,,,,,,,,,,,,,,,,,,,,,,,,,5893,2034.3
1786717320,139.65,139.66,139.56,139.6,139.35,138.12,,,,,,,,,,,,,,,,,,,,,,,,,,,,,,,,,,,,,,,,,,,,,,,,,,,,4510,2220.45
1786717380,139.57,139.58,139.505,139.54,139.35,138.12,,,,,,,,,,,,,,,,,,,,,,,,,,,,,,,,,,,,,,,,,,,,,,,,,,,,3855,2316.75
1786717440,139.51,139.51,139.285,139.29,139.35,138.12,,,,,,,,,,,,,,,,,,,,,,,,,,,,,,,,,,,,,,,,,,,,,,,,,,,,2721,2369.4
1786717500,139.29,139.3,139.26,139.3,139.35,138.12,,,,,,,,,,,,,,,,,,,,,,,,,,,,,,,,,,,,,,,,,,,,,,,,,,,,608,2375.7
1786717560,139.29,139.44,139.29,139.36,139.35,138.12,,,,,,,,,,,,,,,,,,,,,,,,,,,,,,,,,,,,,,,,,,,,,,,,,,,,9799,2836.1
1786717620,139.335,139.5,139.32,139.4,139.35,138.12,,,,,,,,,,,,,,,,,,,,,,,,,,,,,,,,,,,,,,,,,,,,,,,,,,,,9147,3105.3
1786717680,139.41,139.43,139.225,139.39,139.35,138.12,,,,,,,,,,,,,,,,,,,,,,,,,,,,,,,,,,,,,,,,,,,,,,,,,,,,3472,3236.8
1786717740,139.41,139.45,139.39,139.43,139.35,138.12,,,,,,,,,,,,,,,,,,,,,,,,,,,,,,,,,,,,,,,,,,,,,,,,,,,,5443,3424
1786717800,139.43,139.46,139.38,139.41,139.35,138.12,,,,,,,,,,,,,,,,,,,,,,,,,,,,,,,,,,,,,,,,,,,,,,,,,,,,2032,3453.45
1786717860,139.4,139.54,139.36,139.49,139.35,138.12,,,,,,,,,,,,,,,,,,,,,,,,,,,,,,,,,,,,,,,,,,,,,,,,,,,,2721,3542.65
1786717920,139.49,139.49,139.44,139.46,139.35,138.12,,,,,,,,,,,,,,,,,,,,,,,,,,,,,,,,,,,,,,,,,,,,,,,,,,,,2230,3512.5
1786717980,139.49,139.605,139.49,139.58,139.35,138.12,,,,,,,,,,,,,,,,,,,,,,,,,,,,,,,,,,,,,,,,,,,,,,,,,,,,1123,3475.2
1786718040,139.57,139.66,139.55,139.59,139.35,138.12,,,,,,,,,,,,,,,,,,,,,,,,,,,,,,,,,,,,,,,,,,,,,,,,,,,,3375,3607.4
1786718100,139.53,139.58,139.5,139.58,139.35,138.12,,,,,,,,,,,,,,,,,,,,,,,,,,,,,,,,,,,,,,,,,,,,,,,,,,,,999,3446.15
1786718160,139.54,139.58,139.47,139.51,139.35,138.12,,,,,,,,,,,,,,,,,,,,,,,,,,,,,,,,,,,,,,,,,,,,,,,,,,,,1427,3396.4
1786718220,139.46,139.46,139.3,139.32,139.35,138.12,,,,,,,,,,,,,,,,,,,,,,,,,,,,,,,,,,,,,,,,,,,,,,,,,,,,3294,3485.75
1786718280,139.33,139.46,139.33,139.44,139.35,138.12,,,,,,,,,,,,,,,,,,,,,,,,,,,,,,,,,,,,,,,,,,,,,,,,,,,,1068,3381.35
1786718340,139.5,139.57,139.5,139.53,139.35,138.12,,,,,,,,,,,,,,,,,,,,,,,,,,,,,,,,,,,,,,,,,,,,,,,,,,,,1668,3427.45
1786718400,139.54,139.58,139.48,139.56,139.35,138.12,,,,,,,,,,,,,,,,,,,,,,,,,,,,,,,,,,,,,,,,,,,,,,,,,,,,1220,3330.25
1786718460,139.615,139.65,139.58,139.64,139.35,138.12,,,,,,,,,,,,,,,,,,,,,,,,,,,,,,,,,,,,,,,,,,,,,,,,,,,,4903,3280.75
1786718520,139.63,139.66,139.63,139.63,139.35,138.12,,,,,,,,,,,,,,,,,,,,,,,,,,,,,,,,,,,,,,,,,,,,,,,,,,,,780,3094.25
1786718580,139.66,139.66,139.62,139.62,139.35,138.12,,,,,,,,,,,,,,,,,,,,,,,,,,,,,,,,,,,,,,,,,,,,,,,,,,,,2416,3022.3
1786718640,139.61,139.61,139.52,139.56,139.35,138.12,,,,,,,,,,,,,,,,,,,,,,,,,,,,,,,,,,,,,,,,,,,,,,,,,,,,1636,2968.05
1786718700,139.53,139.55,139.5,139.55,139.35,138.12,,,,,,,,,,,,,,,,,,,,,,,,,,,,,,,,,,,,,,,,,,,,,,,,,,,,2928,3084.05
1786718760,139.555,139.65,139.555,139.65,139.35,138.12,,,,,,,,,,,,,,,,,,,,,,,,,,,,,,,,,,,,,,,,,,,,,,,,,,,,1476,2667.9
1786718820,139.64,139.7,139.57,139.65,139.35,138.12,,,,,,,,,,,,,,,,,,,,,,,,,,,,,,,,,,,,,,,,,,,,,,,,,,,,4521,2436.6
1786718880,139.67,139.73,139.66,139.72,139.35,138.12,,,,,,,,,,,,,,,,,,,,,,,,,,,,,,,,,,,,,,,,,,,,,,,,,,,,2559,2390.95
1786718940,139.71,139.83,139.71,139.83,139.35,138.12,,,,,,,,,,,,,,,,,,,,,,,,,,,,,,,,,,,,,,,,,,,,,,,,,,,,2407,2239.15
1786719000,139.81,139.81,139.64,139.67,139.35,138.12,,,,,,,,,,,,,,,,,,,,,,,,,,,,,,,,,,,,,,,,,,,,,,,,,,,,2265,2250.8
1786719060,139.68,139.68,139.57,139.57,139.35,138.12,,,,,,,,,,,,,,,,,,,,,,,,,,,,,,,,,,,,,,,,,,,,,,,,,,,,1534,2191.45
1786719120,139.62,139.65,139.6,139.6,139.35,138.12,,,,,,,,,,,,,,,,,,,,,,,,,,,,,,,,,,,,,,,,,,,,,,,,,,,,1832,2171.55
1786719180,139.62,139.65,139.49,139.5,139.35,138.12,,,,,,,,,,,,,,,,,,,,,,,,,,,,,,,,,,,,,,,,,,,,,,,,,,,,1954,2213.1
1786719240,139.51,139.54,139.46,139.48,139.35,138.12,,,,,,,,,,,,,,,,,,,,,,,,,,,,,,,,,,,,,,,,,,,,,,,,,,,,378,2063.25
1786719300,139.51,139.57,139.51,139.57,139.35,138.12,,,,,,,,,,,,,,,,,,,,,,,,,,,,,,,,,,,,,,,,,,,,,,,,,,,,223,2024.45
1786719360,139.6,139.6,139.48,139.49,139.35,138.12,,,,,,,,,,,,,,,,,,,,,,,,,,,,,,,,,,,,,,,,,,,,,,,,,,,,2101,2058.15
1786719420,139.52,139.59,139.52,139.59,139.35,138.12,,,,,,,,,,,,,,,,,,,,,,,,,,,,,,,,,,,,,,,,,,,,,,,,,,,,732,1930.05
1786719480,139.59,139.59,139.56,139.58,139.35,138.12,,,,,,,,,,,,,,,,,,,,,,,,,,,,,,,,,,,,,,,,,,,,,,,,,,,,2745,2013.9
1786719540,139.56,139.57,139.485,139.485,139.35,138.12,,,,,,,,,,,,,,,,,,,,,,,,,,,,,,,,,,,,,,,,,,,,,,,,,,,,1695,2015.25
1786719600,139.45,139.54,139.42,139.53,139.35,138.12,,,,,,,,,,,,,,,,,,,,,,,,,,,,,,,,,,,,,,,,,,,,,,,,,,,,1990,2053.75
1786719660,139.53,139.57,139.5,139.5,139.35,138.12,,,,,,,,,,,,,,,,,,,,,,,,,,,,,,,,,,,,,,,,,,,,,,,,,,,,843,1850.75
1786719720,139.48,139.5,139.48,139.5,139.35,138.12,,,,,,,,,,,,,,,,,,,,,,,,,,,,,,,,,,,,,,,,,,,,,,,,,,,,292,1826.35
1786719780,139.51,139.57,139.5,139.54,139.35,138.12,,,,,,,,,,,,,,,,,,,,,,,,,,,,,,,,,,,,,,,,,,,,,,,,,,,,841,1747.6
1786719840,139.55,139.58,139.45,139.455,139.35,138.12,,,,,,,,,,,,,,,,,,,,,,,,,,,,,,,,,,,,,,,,,,,,,,,,,,,,1967,1764.15
1786719900,139.455,139.49,139.42,139.42,139.35,138.12,,,,,,,,,,,,,,,,,,,,,,,,,,,,,,,,,,,,,,,,,,,,,,,,,,,,2028,1719.15
1786719960,139.395,139.41,139.36,139.39,139.35,138.12,,,,,,,,,,,,,,,,,,,,,,,,,,,,,,,,,,,,,,,,,,,,,,,,,,,,3040,1797.35
1786720020,139.41,139.45,139.4,139.405,139.35,138.12,,,,,,,,,,,,,,,,,,,,,,,,,,,,,,,,,,,,,,,,,,,,,,,,,,,,1574,1650
1786720080,139.39,139.39,139.36,139.37,139.35,138.12,,,,,,,,,,,,,,,,,,,,,,,,,,,,,,,,,,,,,,,,,,,,,,,,,,,,1441,1594.1
1786720140,139.38,139.45,139.38,139.45,139.35,138.12,,,,,,,,,,,,,,,,,,,,,,,,,,,,,,,,,,,,,,,,,,,,,,,,,,,,483,1497.9
1786720200,139.43,139.43,139.37,139.38,139.35,138.12,,,,,,,,,,,,,,,,,,,,,,,,,,,,,,,,,,,,,,,,,,,,,,,,,,,,2071,1488.2
1786720260,139.4,139.5,139.4,139.44,139.35,138.12,,,,,,,,,,,,,,,,,,,,,,,,,,,,,,,,,,,,,,,,,,,,,,,,,,,,2594,1541.2
1786720320,139.43,139.46,139.39,139.46,139.35,138.12,,,,,,,,,,,,,,,,,,,,,,,,,,,,,,,,,,,,,,,,,,,,,,,,,,,,1182,1508.7
1786720380,139.46,139.5,139.43,139.49,139.35,138.12,,,,,,,,,,,,,,,,,,,,,,,,,,,,,,,,,,,,,,,,,,,,,,,,,,,,2009,1511.45
1786720440,139.5,139.505,139.395,139.41,139.35,138.12,,,,,,,,,,,,,,,,,,,,,,,,,,,,,,,,,,,,,,,,,,,,,,,,,,,,2571,1621.1
1786720500,139.42,139.42,139.39,139.41,139.35,138.12,,,,,,,,,,,,,,,,,,,,,,,,,,,,,,,,,,,,,,,,,,,,,,,,,,,,181,1619
1786720560,139.405,139.43,139.39,139.42,139.35,138.12,,,,,,,,,,,,,,,,,,,,,,,,,,,,,,,,,,,,,,,,,,,,,,,,,,,,717,1549.8
1786720620,139.44,139.46,139.42,139.42,139.35,138.12,,,,,,,,,,,,,,,,,,,,,,,,,,,,,,,,,,,,,,,,,,,,,,,,,,,,4742,1750.3
1786720680,139.41,139.5,139.39,139.39,139.35,138.12,,,,,,,,,,,,,,,,,,,,,,,,,,,,,,,,,,,,,,,,,,,,,,,,,,,,1714,1698.75
1786720740,139.4,139.41,139.4,139.41,139.35,138.12,,,,,,,,,,,,,,,,,,,,,,,,,,,,,,,,,,,,,,,,,,,,,,,,,,,,292,1628.6
1786720800,139.42,139.44,139.39,139.39,139.35,138.12,,,,,,,,,,,,,,,,,,,,,,,,,,,,,,,,,,,,,,,,,,,,,,,,,,,,1554,1606.8
1786720860,139.38,139.38,139.29,139.3,139.35,138.12,,,,,,,,,,,,,,,,,,,,,,,,,,,,,,,,,,,,,,,,,,,,,,,,,,,,1673,1648.3
1786720920,139.31,139.35,139.29,139.32,139.35,138.12,,,,,,,,,,,,,,,,,,,,,,,,,,,,,,,,,,,,,,,,,,,,,,,,,,,,3107,1789.05
1786720980,139.35,139.36,139.27,139.28,139.35,138.12,,,,,,,,,,,,,,,,,,,,,,,,,,,,,,,,,,,,,,,,,,,,,,,,,,,,4838,1988.9
1786721040,139.28,139.3,139.26,139.27,139.35,138.12,,,,,,,,,,,,,,,,,,,,,,,,,,,,,,,,,,,,,,,,,,,,,,,,,,,,3283,2054.7
1786721100,139.26,139.29,139.19,139.24,139.35,138.12,,,,,,,,,,,,,,,,,,,,,,,,,,,,,,,,,,,,,,,,,,,,,,,,,,,,5672,2236.9
1786721160,139.245,139.27,139.19,139.23,139.35,138.12,,,,,,,,,,,,,,,,,,,,,,,,,,,,,,,,,,,,,,,,,,,,,,,,,,,,3680,2268.9
1786721220,139.22,139.3,139.2,139.26,139.35,138.12,,,,,,,,,,,,,,,,,,,,,,,,,,,,,,,,,,,,,,,,,,,,,,,,,,,,6596,2520
1786721280,139.27,139.34,139.23,139.3,139.35,138.12,,,,,,,,,,,,,,,,,,,,,,,,,,,,,,,,,,,,,,,,,,,,,,,,,,,,2363,2566.1
1786721340,139.3,139.3,139.17,139.2,139.35,138.12,,,,,,,,,,,,,,,,,,,,,,,,,,,,,,,,,,,,,,,,,,,,,,,,,,,,1137,2598.8
1786721400,139.21,139.26,139.2,139.2,139.35,138.12,,,,,,,,,,,,,,,,,,,,,,,,,,,,,,,,,,,,,,,,,,,,,,,,,,,,3366,2663.55
1786721460,139.18,139.19,139.05,139.06,139.35,138.12,,,,,,,,,,,,,,,,,,,,,,,,,,,,,,,,,,,,,,,,,,,,,,,,,,,,1511,2609.4
1786721520,139.05,139.17,139.05,139.15,139.35,138.12,,,,,,,,,,,,,,,,,,,,,,,,,,,,,,,,,,,,,,,,,,,,,,,,,,,,447,2572.65
1786721580,139.145,139.19,139.1,139.105,139.35,138.12,,,,,,,,,,,,,,,,,,,,,,,,,,,,,,,,,,,,,,,,,,,,,,,,,,,,1882,2566.3
1786721640,139.105,139.105,139.04,139.08,139.35,138.12,,,,,,,,,,,,,,,,,,,,,,,,,,,,,,,,,,,,,,,,,,,,,,,,,,,,1251,2500.3
1786721700,139.07,139.07,139,139.06,139.35,138.12,,,,,,,,,,,,,,,,,,,,,,,,,,,,,,,,,,,,,,,,,,,,,,,,,,,,3176,2650.05
1786721760,139.06,139.08,138.95,138.95,139.35,138.12,,,,,,,,,,,,,,,,,,,,,,,,,,,,,,,,,,,,,,,,,,,,,,,,,,,,1435,2685.95
1786721820,138.94,138.96,138.88,138.95,139.35,138.12,,,,,,,,,,,,,,,,,,,,,,,,,,,,,,,,,,,,,,,,,,,,,,,,,,,,3637,2630.7
1786721880,138.97,138.99,138.94,138.98,139.35,138.12,,,,,,,,,,,,,,,,,,,,,,,,,,,,,,,,,,,,,,,,,,,,,,,,,,,,2466,2668.3
1786721940,138.97,139.01,138.92,139.01,139.35,138.12,,,,,,,,,,,,,,,,,,,,,,,,,,,,,,,,,,,,,,,,,,,,,,,,,,,,4287,2868.05
1786722000,139.01,139.025,138.89,138.89,139.35,138.12,,,,,,,,,,,,,,,,,,,,,,,,,,,,,,,,,,,,,,,,,,,,,,,,,,,,4843,3032.5
1786722060,138.87,138.94,138.86,138.91,139.35,138.12,,,,,,,,,,,,,,,,,,,,,,,,,,,,,,,,,,,,,,,,,,,,,,,,,,,,1681,3032.9
1786722120,138.92,138.92,138.88,138.92,139.35,138.12,,,,,,,,,,,,,,,,,,,,,,,,,,,,,,,,,,,,,,,,,,,,,,,,,,,,1556,2955.35
1786722180,138.93,138.94,138.83,138.83,139.35,138.12,,,,,,,,,,,,,,,,,,,,,,,,,,,,,,,,,,,,,,,,,,,,,,,,,,,,1513,2789.1
1786722240,138.855,138.92,138.855,138.92,139.35,138.12,,,,,,,,,,,,,,,,,,,,,,,,,,,,,,,,,,,,,,,,,,,,,,,,,,,,725,2661.2
1786722300,138.93,138.94,138.91,138.92,139.35,138.12,,,,,,,,,,,,,,,,,,,,,,,,,,,,,,,,,,,,,,,,,,,,,,,,,,,,85,2381.85
1786722360,138.92,138.92,138.91,138.91,139.35,138.12,,,,,,,,,,,,,,,,,,,,,,,,,,,,,,,,,,,,,,,,,,,,,,,,,,,,104,2203.05
1786722420,138.9,138.92,138.84,138.87,139.35,138.12,,,,,,,,,,,,,,,,,,,,,,,,,,,,,,,,,,,,,,,,,,,,,,,,,,,,1936,1970.05
1786722480,138.83,138.88,138.83,138.88,139.35,138.12,,,,,,,,,,,,,,,,,,,,,,,,,,,,,,,,,,,,,,,,,,,,,,,,,,,,284,1866.1
1786722540,138.865,138.87,138.84,138.85,139.35,138.12,,,,,,,,,,,,,,,,,,,,,,,,,,,,,,,,,,,,,,,,,,,,,,,,,,,,2673,1942.9
1786722600,138.85,138.86,138.8,138.8,139.35,138.12,,,,,,,,,,,,,,,,,,,,,,,,,,,,,,,,,,,,,,,,,,,,,,,,,,,,1336,1841.4
1786722660,138.79,138.79,138.67,138.75,139.35,138.12,,,,,,,,,,,,,,,,,,,,,,,,,,,,,,,,,,,,,,,,,,,,,,,,,,,,778,1804.75
1786722720,138.75,138.82,138.73,138.82,139.35,138.12,,,,,,,,,,,,,,,,,,,,,,,,,,,,,,,,,,,,,,,,,,,,,,,,,,,,862,1825.5
1786722780,138.79,138.8,138.79,138.8,139.35,138.12,,,,,,,,,,,,,,,,,,,,,,,,,,,,,,,,,,,,,,,,,,,,,,,,,,,,119,1737.35
1786722840,138.78,138.86,138.675,138.68,139.35,138.12,,,,,,,,,,,,,,,,,,,,,,,,,,,,,,,,,,,,,,,,,,,,,,,,,,,,2309,1790.25
1786722900,138.7,138.73,138.68,138.73,139.35,138.12,,,,,,,,,,,,,,,,,,,,,,,,,,,,,,,,,,,,,,,,,,,,,,,,,,,,2372,1750.05
1786722960,138.72,138.74,138.71,138.72,139.35,138.12,,,,,,,,,,,,,,,,,,,,,,,,,,,,,,,,,,,,,,,,,,,,,,,,,,,,4303,1893.45
1786723020,138.72,138.81,138.72,138.81,139.35,138.12,,,,,,,,,,,,,,,,,,,,,,,,,,,,,,,,,,,,,,,,,,,,,,,,,,,,1156,1769.4
1786723080,138.81,138.87,138.8,138.84,139.35,138.12,,,,,,,,,,,,,,,,,,,,,,,,,,,,,,,,,,,,,,,,,,,,,,,,,,,,3119,1802.05
1786723140,138.83,138.83,138.78,138.78,139.35,138.12,,,,,,,,,,,,,,,,,,,,,,,,,,,,,,,,,,,,,,,,,,,,,,,,,,,,193,1597.35
1786723200,138.81,138.89,138.81,138.88,139.35,138.12,,,,,,,,,,,,,,,,,,,,,,,,,,,,,,,,,,,,,,,,,,,,,,,,,,,,2278,1469.1
1786723260,138.87,139,138.86,138.98,139.35,138.12,,,,,,,,,,,,,,,,,,,,,,,,,,,,,,,,,,,,,,,,,,,,,,,,,,,,913,1430.7
1786723320,138.99,139.04,138.99,138.99,139.35,138.12,,,,,,,,,,,,,,,,,,,,,,,,,,,,,,,,,,,,,,,,,,,,,,,,,,,,1160,1410.9
1786723380,139.01,139.02,138.98,139.01,139.35,138.12,,,,,,,,,,,,,,,,,,,,,,,,,,,,,,,,,,,,,,,,,,,,,,,,,,,,256,1348.05
1786723440,139.03,139.05,138.98,138.98,139.35,138.12,,,,,,,,,,,,,,,,,,,,,,,,,,,,,,,,,,,,,,,,,,,,,,,,,,,,2425,1433.05
1786723500,138.93,138.93,138.87,138.87,139.35,138.12,,,,,,,,,,,,,,,,,,,,,,,,,,,,,,,,,,,,,,,,,,,,,,,,,,,,369,1447.25
1786723560,138.85,138.88,138.83,138.88,139.35,138.12,,,,,,,,,,,,,,,,,,,,,,,,,,,,,,,,,,,,,,,,,,,,,,,,,,,,1023,1493.2
1786723620,138.89,138.9,138.89,138.89,139.35,138.12,,,,,,,,,,,,,,,,,,,,,,,,,,,,,,,,,,,,,,,,,,,,,,,,,,,,22,1397.5
1786723680,138.87,138.92,138.87,138.88,139.35,138.12,,,,,,,,,,,,,,,,,,,,,,,,,,,,,,,,,,,,,,,,,,,,,,,,,,,,174,1392
1786723740,138.86,138.86,138.82,138.86,139.35,138.12,,,,,,,,,,,,,,,,,,,,,,,,,,,,,,,,,,,,,,,,,,,,,,,,,,,,167,1266.7
1786723800,138.87,138.94,138.87,138.89,139.35,138.12,,,,,,,,,,,,,,,,,,,,,,,,,,,,,,,,,,,,,,,,,,,,,,,,,,,,678,1233.8
1786723860,138.89,138.91,138.89,138.91,139.35,138.12,,,,,,,,,,,,,,,,,,,,,,,,,,,,,,,,,,,,,,,,,,,,,,,,,,,,682,1229
1786723920,138.89,138.9,138.89,138.9,139.35,138.12,,,,,,,,,,,,,,,,,,,,,,,,,,,,,,,,,,,,,,,,,,,,,,,,,,,,112,1191.5
1786723980,138.9,138.95,138.9,138.95,139.35,138.12,,,,,,,,,,,,,,,,,,,,,,,,,,,,,,,,,,,,,,,,,,,,,,,,,,,,355,1203.3
1786724040,138.95,138.97,138.94,138.97,139.35,138.12,,,,,,,,,,,,,,,,,,,,,,,,,,,,,,,,,,,,,,,,,,,,,,,,,,,,897,1132.7
1786724100,138.98,139.01,138.94,138.97,139.35,138.12,,,,,,,,,,,,,,,,,,,,,,,,,,,,,,,,,,,,,,,,,,,,,,,,,,,,253,1026.75
1786724160,138.99,139.02,138.96,139.02,139.35,138.12,,,,,,,,,,,,,,,,,,,,,,,,,,,,,,,,,,,,,,,,,,,,,,,,,,,,1889,906.05
1786724220,139.025,139.11,139.025,139.1,139.35,138.12,,,,,,,,,,,,,,,,,,,,,,,,,,,,,,,,,,,,,,,,,,,,,,,,,,,,202,858.35
1786724280,139.09,139.09,139.06,139.08,139.35,138.12,,,,,,,,,,,,,,,,,,,,,,,,,,,,,,,,,,,,,,,,,,,,,,,,,,,,682,736.5
1786724340,139.09,139.11,139.01,139.01,139.35,138.12,,,,,,,,,,,,,,,,,,,,,,,,,,,,,,,,,,,,,,,,,,,,,,,,,,,,911,772.4
1786724400,139,139,139,139,139.35,138.12,,,,,,,,,,,,,,,,,,,,,,,,,,,,,,,,,,,,,,,,,,,,,,,,,,,,1922,754.6
1786724460,139.02,139.02,138.92,138.93,139.35,138.12,,,,,,,,,,,,,,,,,,,,,,,,,,,,,,,,,,,,,,,,,,,,,,,,,,,,1670,792.45
1786724520,138.935,138.95,138.9,138.9,139.35,138.12,,,,,,,,,,,,,,,,,,,,,,,,,,,,,,,,,,,,,,,,,,,,,,,,,,,,740,771.45
1786724580,138.89,138.9,138.865,138.89,139.35,138.12,,,,,,,,,,,,,,,,,,,,,,,,,,,,,,,,,,,,,,,,,,,,,,,,,,,,1848,851.05
1786724640,138.86,138.86,138.81,138.84,139.35,138.12,,,,,,,,,,,,,,,,,,,,,,,,,,,,,,,,,,,,,,,,,,,,,,,,,,,,2047,832.15
1786724700,138.83,138.84,138.79,138.79,139.35,138.12,,,,,,,,,,,,,,,,,,,,,,,,,,,,,,,,,,,,,,,,,,,,,,,,,,,,1259,876.65
1786724760,138.81,138.81,138.69,138.69,139.35,138.12,,,,,,,,,,,,,,,,,,,,,,,,,,,,,,,,,,,,,,,,,,,,,,,,,,,,2740,962.5
1786724820,138.67,138.67,138.665,138.665,139.35,138.12,,,,,,,,,,,,,,,,,,,,,,,,,,,,,,,,,,,,,,,,,,,,,,,,,,,,133,968.05
1786724880,138.65,138.67,138.63,138.64,139.35,138.12,,,,,,,,,,,,,,,,,,,,,,,,,,,,,,,,,,,,,,,,,,,,,,,,,,,,2145,1066.6
1786724940,138.63,138.67,138.63,138.66,139.35,138.12,,,,,,,,,,,,,,,,,,,,,,,,,,,,,,,,,,,,,,,,,,,,,,,,,,,,1730,1144.75
1786725000,138.66,138.72,138.66,138.72,139.35,138.12,,,,,,,,,,,,,,,,,,,,,,,,,,,,,,,,,,,,,,,,,,,,,,,,,,,,1071,1164.4
1786725060,138.735,138.74,138.71,138.71,139.35,138.12,,,,,,,,,,,,,,,,,,,,,,,,,,,,,,,,,,,,,,,,,,,,,,,,,,,,99,1135.25
1786725120,138.69,138.69,138.64,138.65,139.35,138.12,,,,,,,,,,,,,,,,,,,,,,,,,,,,,,,,,,,,,,,,,,,,,,,,,,,,1933,1226.3
1786725180,138.64,138.66,138.64,138.66,139.35,138.12,,,,,,,,,,,,,,,,,,,,,,,,,,,,,,,,,,,,,,,,,,,,,,,,,,,,1639,1290.5
1786725240,138.66,138.67,138.62,138.63,139.35,138.12,,,,,,,,,,,,,,,,,,,,,,,,,,,,,,,,,,,,,,,,,,,,,,,,,,,,1548,1323.05
1786725300,138.63,138.65,138.6,138.64,139.35,138.12,,,,,,,,,,,,,,,,,,,,,,,,,,,,,,,,,,,,,,,,,,,,,,,,,,,,2248,1422.8
1786725360,138.61,138.63,138.6,138.63,139.35,138.12,,,,,,,,,,,,,,,,,,,,,,,,,,,,,,,,,,,,,,,,,,,,,,,,,,,,921,1374.4
1786725420,138.64,138.65,138.61,138.63,139.35,138.12,,,,,,,,,,,,,,,,,,,,,,,,,,,,,,,,,,,,,,,,,,,,,,,,,,,,1843,1456.45
1786725480,138.645,138.71,138.63,138.71,139.35,138.12,,,,,,,,,,,,,,,,,,,,,,,,,,,,,,,,,,,,,,,,,,,,,,,,,,,,2395,1542.1
1786725540,138.68,138.77,138.67,138.765,139.35,138.12,,,,,,,,,,,,,,,,,,,,,,,,,,,,,,,,,,,,,,,,,,,,,,,,,,,,1437,1568.4
1786725600,138.73,138.74,138.68,138.74,139.35,138.12,,,,,,,,,,,,,,,,,,,,,,,,,,,,,,,,,,,,,,,,,,,,,,,,,,,,1015,1523.05
1786725660,138.72,138.72,138.7,138.7,139.35,138.12,,,,,,,,,,,,,,,,,,,,,,,,,,,,,,,,,,,,,,,,,,,,,,,,,,,,295,1454.3
1786725720,138.71,138.76,138.71,138.74,139.35,138.12,,,,,,,,,,,,,,,,,,,,,,,,,,,,,,,,,,,,,,,,,,,,,,,,,,,,141,1424.35
1786725780,138.77,138.77,138.75,138.75,139.35,138.12,,,,,,,,,,,,,,,,,,,,,,,,,,,,,,,,,,,,,,,,,,,,,,,,,,,,530,1358.45
1786725840,138.74,138.74,138.73,138.73,139.35,138.12,,,,,,,,,,,,,,,,,,,,,,,,,,,,,,,,,,,,,,,,,,,,,,,,,,,,654,1288.8
1786725900,138.72,138.72,138.66,138.7,139.35,138.12,,,,,,,,,,,,,,,,,,,,,,,,,,,,,,,,,,,,,,,,,,,,,,,,,,,,927,1272.2
1786725960,138.66,138.66,138.6,138.6,139.35,138.12,,,,,,,,,,,,,,,,,,,,,,,,,,,,,,,,,,,,,,,,,,,,,,,,,,,,764,1173.4
1786726020,138.63,138.69,138.63,138.69,139.35,138.12,,,,,,,,,,,,,,,,,,,,,,,,,,,,,,,,,,,,,,,,,,,,,,,,,,,,389,1186.2
1786726080,138.69,138.715,138.66,138.7,139.35,138.12,,,,,,,,,,,,,,,,,,,,,,,,,,,,,,,,,,,,,,,,,,,,,,,,,,,,263,1092.1
1786726140,138.72,138.73,138.69,138.69,139.35,138.12,,,,,,,,,,,,,,,,,,,,,,,,,,,,,,,,,,,,,,,,,,,,,,,,,,,,270,1019.1
1786726200,138.69,138.69,138.6,138.6,139.35,138.12,,,,,,,,,,,,,,,,,,,,,,,,,,,,,,,,,,,,,,,,,,,,,,,,,,,,355,983.3
1786726260,138.62,138.64,138.61,138.64,139.35,138.12,,,,,,,,,,,,,,,,,,,,,,,,,,,,,,,,,,,,,,,,,,,,,,,,,,,,564,1006.55
1786726320,138.63,138.68,138.63,138.66,139.35,138.12,,,,,,,,,,,,,,,,,,,,,,,,,,,,,,,,,,,,,,,,,,,,,,,,,,,,650,942.4
1786726380,138.66,138.66,138.64,138.64,139.35,138.12,,,,,,,,,,,,,,,,,,,,,,,,,,,,,,,,,,,,,,,,,,,,,,,,,,,,121,866.5
1786726440,138.64,138.65,138.62,138.65,139.35,138.12,,,,,,,,,,,,,,,,,,,,,,,,,,,,,,,,,,,,,,,,,,,,,,,,,,,,984,838.3
1786726500,138.67,138.68,138.62,138.62,139.35,138.12,,,,,,,,,,,,,,,,,,,,,,,,,,,,,,,,,,,,,,,,,,,,,,,,,,,,128,732.3
1786726560,138.63,138.65,138.63,138.65,139.35,138.12,,,,,,,,,,,,,,,,,,,,,,,,,,,,,,,,,,,,,,,,,,,,,,,,,,,,858,729.15
1786726620,138.64,138.64,138.63,138.63,139.35,138.12,,,,,,,,,,,,,,,,,,,,,,,,,,,,,,,,,,,,,,,,,,,,,,,,,,,,176,645.8
1786726680,138.63,138.63,138.6,138.6,139.35,138.12,,,,,,,,,,,,,,,,,,,,,,,,,,,,,,,,,,,,,,,,,,,,,,,,,,,,1099,581
1786726740,138.6,138.62,138.57,138.58,139.35,138.12,,,,,,,,,,,,,,,,,,,,,,,,,,,,,,,,,,,,,,,,,,,,,,,,,,,,700,544.15
1786726800,138.57,138.64,138.57,138.64,139.35,138.12,,,,,,,,,,,,,,,,,,,,,,,,,,,,,,,,,,,,,,,,,,,,,,,,,,,,704,528.6
1786726860,138.64,138.66,138.59,138.6,139.35,138.12,,,,,,,,,,,,,,,,,,,,,,,,,,,,,,,,,,,,,,,,,,,,,,,,,,,,522,539.95
1786726920,138.62,138.72,138.62,138.67,139.35,138.12,,,,,,,,,,,,,,,,,,,,,,,,,,,,,,,,,,,,,,,,,,,,,,,,,,,,1444,605.1
1786726980,138.67,138.67,138.63,138.63,139.35,138.12,,,,,,,,,,,,,,,,,,,,,,,,,,,,,,,,,,,,,,,,,,,,,,,,,,,,1017,629.45
1786727040,138.63,138.63,138.62,138.63,139.35,138.12,,,,,,,,,,,,,,,,,,,,,,,,,,,,,,,,,,,,,,,,,,,,,,,,,,,,482,620.85
1786727100,138.63,138.68,138.63,138.65,139.35,138.12,,,,,,,,,,,,,,,,,,,,,,,,,,,,,,,,,,,,,,,,,,,,,,,,,,,,1523,650.65
1786727160,138.64,138.66,138.62,138.62,139.35,138.12,,,,,,,,,,,,,,,,,,,,,,,,,,,,,,,,,,,,,,,,,,,,,,,,,,,,22,613.55
1786727220,138.65,138.66,138.65,138.65,139.35,138.12,,,,,,,,,,,,,,,,,,,,,,,,,,,,,,,,,,,,,,,,,,,,,,,,,,,,428,615.5
1786727280,138.65,138.66,138.63,138.66,139.35,138.12,,,,,,,,,,,,,,,,,,,,,,,,,,,,,,,,,,,,,,,,,,,,,,,,,,,,235,614.1
1786727340,138.66,138.66,138.65,138.655,139.35,138.12,,,,,,,,,,,,,,,,,,,,,,,,,,,,,,,,,,,,,,,,,,,,,,,,,,,,629,632.05
1786727400,138.67,138.67,138.64,138.65,139.35,138.12,,,,,,,,,,,,,,,,,,,,,,,,,,,,,,,,,,,,,,,,,,,,,,,,,,,,702,649.4
1786727460,138.66,138.68,138.65,138.67,139.35,138.12,,,,,,,,,,,,,,,,,,,,,,,,,,,,,,,,,,,,,,,,,,,,,,,,,,,,579,650.15
1786727520,138.66,138.72,138.64,138.72,139.35,138.12,,,,,,,,,,,,,,,,,,,,,,,,,,,,,,,,,,,,,,,,,,,,,,,,,,,,2508,743.05
1786727580,138.72,138.73,138.66,138.66,139.35,138.12,,,,,,,,,,,,,,,,,,,,,,,,,,,,,,,,,,,,,,,,,,,,,,,,,,,,839,778.95
1786727640,138.69,138.72,138.69,138.72,139.35,138.12,,,,,,,,,,,,,,,,,,,,,,,,,,,,,,,,,,,,,,,,,,,,,,,,,,,,248,742.15
1786727700,138.72,138.75,138.72,138.735,139.35,138.12,,,,,,,,,,,,,,,,,,,,,,,,,,,,,,,,,,,,,,,,,,,,,,,,,,,,1101,790.8
1786727760,138.72,138.73,138.7,138.73,139.35,138.12,,,,,,,,,,,,,,,,,,,,,,,,,,,,,,,,,,,,,,,,,,,,,,,,,,,,1132,804.5
1786727820,138.74,138.88,138.74,138.86,139.35,138.12,,,,,,,,,,,,,,,,,,,,,,,,,,,,,,,,,,,,,,,,,,,,,,,,,,,,1645,877.95
1786727880,138.85,138.9,138.85,138.9,139.35,138.12,,,,,,,,,,,,,,,,,,,,,,,,,,,,,,,,,,,,,,,,,,,,,,,,,,,,48,825.4
1786727940,138.88,138.88,138.88,138.88,139.35,138.12,,,,,,,,,,,,,,,,,,,,,,,,,,,,,,,,,,,,,,,,,,,,,,,,,,,,5,790.65
1786728000,138.88,138.9,138.88,138.9,139.35,138.12,,,,,,,,,,,,,,,,,,,,,,,,,,,,,,,,,,,,,,,,,,,,,,,,,,,,326,771.75
1786728060,138.9,138.9,138.87,138.89,139.35,138.12,,,,,,,,,,,,,,,,,,,,,,,,,,,,,,,,,,,,,,,,,,,,,,,,,,,,292,760.25
1786728120,138.885,138.93,138.885,138.91,139.35,138.12,,,,,,,,,,,,,,,,,,,,,,,,,,,,,,,,,,,,,,,,,,,,,,,,,,,,1288,752.45
1786728180,138.9,138.94,138.89,138.94,139.35,138.12,,,,,,,,,,,,,,,,,,,,,,,,,,,,,,,,,,,,,,,,,,,,,,,,,,,,2531,828.15
1786728240,138.92,138.93,138.91,138.91,139.35,138.12,,,,,,,,,,,,,,,,,,,,,,,,,,,,,,,,,,,,,,,,,,,,,,,,,,,,1141,861.1
1786728300,138.92,138.92,138.87,138.9,139.35,138.12,,,,,,,,,,,,,,,,,,,,,,,,,,,,,,,,,,,,,,,,,,,,,,,,,,,,1419,855.9
1786728360,138.89,138.92,138.88,138.92,139.35,138.12,,,,,,,,,,,,,,,,,,,,,,,,,,,,,,,,,,,,,,,,,,,,,,,,,,,,650,887.3
1786728420,138.92,138.92,138.92,138.92,139.35,138.12,,,,,,,,,,,,,,,,,,,,,,,,,,,,,,,,,,,,,,,,,,,,,,,,,,,,14,866.6
1786728480,138.91,138.91,138.9,138.9,139.35,138.12,,,,,,,,,,,,,,,,,,,,,,,,,,,,,,,,,,,,,,,,,,,,,,,,,,,,154,862.55
1786728540,138.93,139,138.93,138.98,139.35,138.12,,,,,,,,,,,,,,,,,,,,,,,,,,,,,,,,,,,,,,,,,,,,,,,,,,,,965,879.35
1786728600,138.97,138.99,138.96,138.96,139.35,138.12,,,,,,,,,,,,,,,,,,,,,,,,,,,,,,,,,,,,,,,,,,,,,,,,,,,,2037,946.1
1786728660,138.95,138.95,138.89,138.91,139.35,138.12,,,,,,,,,,,,,,,,,,,,,,,,,,,,,,,,,,,,,,,,,,,,,,,,,,,,2541,1044.2
1786728720,138.92,138.96,138.92,138.93,139.35,138.12,,,,,,,,,,,,,,,,,,,,,,,,,,,,,,,,,,,,,,,,,,,,,,,,,,,,1508,994.2
1786728780,138.92,138.92,138.82,138.84,139.35,138.12,,,,,,,,,,,,,,,,,,,,,,,,,,,,,,,,,,,,,,,,,,,,,,,,,,,,4781,1191.3
1786728840,138.84,138.84,138.81,138.84,139.35,138.12,,,,,,,,,,,,,,,,,,,,,,,,,,,,,,,,,,,,,,,,,,,,,,,,,,,,209,1189.35
1786728900,138.84,138.84,138.8,138.8,139.35,138.12,,,,,,,,,,,,,,,,,,,,,,,,,,,,,,,,,,,,,,,,,,,,,,,,,,,,305,1149.55
1786728960,138.84,138.84,138.79,138.79,139.35,138.12,,,,,,,,,,,,,,,,,,,,,,,,,,,,,,,,,,,,,,,,,,,,,,,,,,,,1337,1159.8
1786729020,138.78,138.79,138.73,138.73,139.35,138.12,,,,,,,,,,,,,,,,,,,,,,,,,,,,,,,,,,,,,,,,,,,,,,,,,,,,242,1089.65
1786729080,138.72,138.72,138.69,138.69,139.35,138.12,,,,,,,,,,,,,,,,,,,,,,,,,,,,,,,,,,,,,,,,,,,,,,,,,,,,239,1099.2
1786729140,138.68,138.7,138.68,138.695,139.35,138.12,,,,,,,,,,,,,,,,,,,,,,,,,,,,,,,,,,,,,,,,,,,,,,,,,,,,568,1127.35
1786729200,138.7,138.71,138.61,138.65,139.35,138.12,,,,,,,,,,,,,,,,,,,,,,,,,,,,,,,,,,,,,,,,,,,,,,,,,,,,8880,1555.05
1786729260,138.65,138.69,138.62,138.69,139.35,138.12,,,,,,,,,,,,,,,,,,,,,,,,,,,,,,,,,,,,,,,,,,,,,,,,,,,,405,1560.7
1786729320,138.7,138.7,138.65,138.66,139.35,138.12,,,,,,,,,,,,,,,,,,,,,,,,,,,,,,,,,,,,,,,,,,,,,,,,,,,,451,1518.85
1786729380,138.65,138.7,138.64,138.7,139.35,138.12,,,,,,,,,,,,,,,,,,,,,,,,,,,,,,,,,,,,,,,,,,,,,,,,,,,,317,1408.15
1786729440,138.71,138.77,138.71,138.75,139.35,138.12,,,,,,,,,,,,,,,,,,,,,,,,,,,,,,,,,,,,,,,,,,,,,,,,,,,,2486,1475.4
1786729500,138.77,138.835,138.77,138.81,139.35,138.12,,,,,,,,,,,,,,,,,,,,,,,,,,,,,,,,,,,,,,,,,,,,,,,,,,,,2785,1543.7
1786729560,138.82,138.86,138.82,138.86,139.35,138.12,,,,,,,,,,,,,,,,,,,,,,,,,,,,,,,,,,,,,,,,,,,,,,,,,,,,60,1514.2
1786729620,138.88,138.93,138.87,138.87,139.35,138.12,,,,,,,,,,,,,,,,,,,,,,,,,,,,,,,,,,,,,,,,,,,,,,,,,,,,233,1525.15
1786729680,138.85,138.85,138.84,138.84,139.35,138.12,,,,,,,,,,,,,,,,,,,,,,,,,,,,,,,,,,,,,,,,,,,,,,,,,,,,152,1525.05
1786729740,138.85,138.87,138.83,138.87,139.35,138.12,,,,,,,,,,,,,,,,,,,,,,,,,,,,,,,,,,,,,,,,,,,,,,,,,,,,1040,1528.8
1786729800,138.84,138.915,138.84,138.915,139.35,138.12,,,,,,,,,,,,,,,,,,,,,,,,,,,,,,,,,,,,,,,,,,,,,,,,,,,,141,1434
1786729860,138.92,138.94,138.9,138.905,139.35,138.12,,,,,,,,,,,,,,,,,,,,,,,,,,,,,,,,,,,,,,,,,,,,,,,,,,,,1783,1396.1
1786729920,138.9,138.91,138.88,138.88,139.35,138.12,,,,,,,,,,,,,,,,,,,,,,,,,,,,,,,,,,,,,,,,,,,,,,,,,,,,621,1351.75
1786729980,138.87,138.92,138.86,138.87,139.35,138.12,,,,,,,,,,,,,,,,,,,,,,,,,,,,,,,,,,,,,,,,,,,,,,,,,,,,2572,1241.3
1786730040,138.885,138.91,138.86,138.91,139.35,138.12,,,,,,,,,,,,,,,,,,,,,,,,,,,,,,,,,,,,,,,,,,,,,,,,,,,,2460,1353.85
1786730100,138.93,138.94,138.92,138.92,139.35,138.12,,,,,,,,,,,,,,,,,,,,,,,,,,,,,,,,,,,,,,,,,,,,,,,,,,,,160,1346.6
1786730160,138.92,138.94,138.91,138.915,139.35,138.12,,,,,,,,,,,,,,,,,,,,,,,,,,,,,,,,,,,,,,,,,,,,,,,,,,,,2310,1395.25
1786730220,138.93,138.95,138.92,138.92,139.35,138.12,,,,,,,,,,,,,,,,,,,,,,,,,,,,,,,,,,,,,,,,,,,,,,,,,,,,410,1403.65
1786730280,138.93,138.95,138.925,138.95,139.35,138.12,,,,,,,,,,,,,,,,,,,,,,,,,,,,,,,,,,,,,,,,,,,,,,,,,,,,126,1398
1786730340,138.95,138.96,138.91,138.91,139.35,138.12,,,,,,,,,,,,,,,,,,,,,,,,,,,,,,,,,,,,,,,,,,,,,,,,,,,,383,1388.75
1786730400,138.91,138.91,138.855,138.9,139.35,138.12,,,,,,,,,,,,,,,,,,,,,,,,,,,,,,,,,,,,,,,,,,,,,,,,,,,,616,975.55
1786730460,138.91,138.97,138.91,138.95,139.35,138.12,,,,,,,,,,,,,,,,,,,,,,,,,,,,,,,,,,,,,,,,,,,,,,,,,,,,5033,1206.95
1786730520,138.96,138.98,138.96,138.97,139.35,138.12,,,,,,,,,,,,,,,,,,,,,,,,,,,,,,,,,,,,,,,,,,,,,,,,,,,,31,1185.95
1786730580,138.98,138.98,138.97,138.97,139.35,138.12,,,,,,,,,,,,,,,,,,,,,,,,,,,,,,,,,,,,,,,,,,,,,,,,,,,,84,1174.3
1786730640,138.96,138.96,138.92,138.93,139.35,138.12,,,,,,,,,,,,,,,,,,,,,,,,,,,,,,,,,,,,,,,,,,,,,,,,,,,,3461,1223.05
1786730700,138.95,138.95,138.9,138.94,139.35,138.12,,,,,,,,,,,,,,,,,,,,,,,,,,,,,,,,,,,,,,,,,,,,,,,,,,,,578,1112.7
1786730760,138.93,138.98,138.93,138.94,139.35,138.12,,,,,,,,,,,,,,,,,,,,,,,,,,,,,,,,,,,,,,,,,,,,,,,,,,,,1747,1197.05
1786730820,138.94,138.99,138.94,138.97,139.35,138.12,,,,,,,,,,,,,,,,,,,,,,,,,,,,,,,,,,,,,,,,,,,,,,,,,,,,1119,1241.35
1786730880,138.98,139.03,138.98,139.01,139.35,138.12,,,,,,,,,,,,,,,,,,,,,,,,,,,,,,,,,,,,,,,,,,,,,,,,,,,,1580,1312.75
1786730940,139.01,139.01,138.96,138.96,139.35,138.12,,,,,,,,,,,,,,,,,,,,,,,,,,,,,,,,,,,,,,,,,,,,,,,,,,,,1011,1311.3
1786731000,139,139.05,139,139.04,139.35,138.12,,,,,,,,,,,,,,,,,,,,,,,,,,,,,,,,,,,,,,,,,,,,,,,,,,,,4366,1522.55
1786731060,139.03,139.03,139,139,139.35,138.12,,,,,,,,,,,,,,,,,,,,,,,,,,,,,,,,,,,,,,,,,,,,,,,,,,,,654,1466.1
1786731120,138.99,139.01,138.96,139.01,139.35,138.12,,,,,,,,,,,,,,,,,,,,,,,,,,,,,,,,,,,,,,,,,,,,,,,,,,,,2508,1560.45
1786731180,139.01,139.04,138.98,139.03,139.35,138.12,,,,,,,,,,,,,,,,,,,,,,,,,,,,,,,,,,,,,,,,,,,,,,,,,,,,1806,1522.15
1786731240,139.04,139.06,139.03,139.05,139.35,138.12,,,,,,,,,,,,,,,,,,,,,,,,,,,,,,,,,,,,,,,,,,,,,,,,,,,,1123,1455.3
1786731300,139.05,139.09,139.05,139.09,139.35,138.12,,,,,,,,,,,,,,,,,,,,,,,,,,,,,,,,,,,,,,,,,,,,,,,,,,,,262,1460.4
1786731360,139.08,139.09,139.05,139.09,139.35,138.12,,,,,,,,,,,,,,,,,,,,,,,,,,,,,,,,,,,,,,,,,,,,,,,,,,,,2021,1445.95
1786731420,139.09,139.09,139.05,139.05,139.35,138.12,,,,,,,,,,,,,,,,,,,,,,,,,,,,,,,,,,,,,,,,,,,,,,,,,,,,1596,1505.25
1786731480,139.065,139.11,139.05,139.05,139.35,138.12,,,,,,,,,,,,,,,,,,,,,,,,,,,,,,,,,,,,,,,,,,,,,,,,,,,,2169,1607.4
1786731540,139.04,139.04,139.02,139.04,139.35,138.12,,,,,,,,,,,,,,,,,,,,,,,,,,,,,,,,,,,,,,,,,,,,,,,,,,,,1544,1665.45
1786731600,139.04,139.06,139,139,139.35,138.12,,,,,,,,,,,,,,,,,,,,,,,,,,,,,,,,,,,,,,,,,,,,,,,,,,,,2768,1773.05
1786731660,139,139.03,139,139.01,139.35,138.12,,,,,,,,,,,,,,,,,,,,,,,,,,,,,,,,,,,,,,,,,,,,,,,,,,,,1266,1584.7
1786731720,139,139.02,138.98,138.98,139.35,138.12,,,,,,,,,,,,,,,,,,,,,,,,,,,,,,,,,,,,,,,,,,,,,,,,,,,,2878,1727.05
1786731780,138.99,139,138.99,139,139.35,138.12,,,,,,,,,,,,,,,,,,,,,,,,,,,,,,,,,,,,,,,,,,,,,,,,,,,,248,1735.25
1786731840,139,139.03,139,139.02,139.35,138.12,,,,,,,,,,,,,,,,,,,,,,,,,,,,,,,,,,,,,,,,,,,,,,,,,,,,1493,1636.85
1786731900,139.04,139.08,139.04,139.08,139.35,138.12,,,,,,,,,,,,,,,,,,,,,,,,,,,,,,,,,,,,,,,,,,,,,,,,,,,,301,1623
1786731960,139.09,139.145,139.08,139.14,139.35,138.12,,,,,,,,,,,,,,,,,,,,,,,,,,,,,,,,,,,,,,,,,,,,,,,,,,,,1486,1609.95
1786732020,139.135,139.23,139.135,139.23,139.35,138.12,,,,,,,,,,,,,,,,,,,,,,,,,,,,,,,,,,,,,,,,,,,,,,,,,,,,542,1581.1
1786732080,139.24,139.24,139.19,139.19,139.35,138.12,,,,,,,,,,,,,,,,,,,,,,,,,,,,,,,,,,,,,,,,,,,,,,,,,,,,525,1528.35
1786732140,139.22,139.29,139.21,139.29,139.35,138.12,,,,,,,,,,,,,,,,,,,,,,,,,,,,,,,,,,,,,,,,,,,,,,,,,,,,1660,1560.8
1786732200,139.28,139.35,139.25,139.29,139.35,138.12,,,,,,,,,,,,,,,,,,,,,,,,,,,,,,,,,,,,,,,,,,,,,,,,,,,,2571,1471.05
1786732260,139.28,139.3,139.28,139.28,139.35,138.12,,,,,,,,,,,,,,,,,,,,,,,,,,,,,,,,,,,,,,,,,,,,,,,,,,,,499,1463.3
1786732320,139.28,139.28,139.24,139.26,139.35,138.12,,,,,,,,,,,,,,,,,,,,,,,,,,,,,,,,,,,,,,,,,,,,,,,,,,,,1001,1387.95
1786732380,139.23,139.23,139.23,139.23,139.35,138.12,,,,,,,,,,,,,,,,,,,,,,,,,,,,,,,,,,,,,,,,,,,,,,,,,,,,814,1338.35
1786732440,139.21,139.21,139.16,139.16,139.35,138.12,,,,,,,,,,,,,,,,,,,,,,,,,,,,,,,,,,,,,,,,,,,,,,,,,,,,793,1321.85
1786732500,139.17,139.18,139.16,139.16,139.35,138.12,,,,,,,,,,,,,,,,,,,,,,,,,,,,,,,,,,,,,,,,,,,,,,,,,,,,1042,1360.85
1786732560,139.16,139.16,139.13,139.14,139.35,138.12,,,,,,,,,,,,,,,,,,,,,,,,,,,,,,,,,,,,,,,,,,,,,,,,,,,,2125,1366.05
1786732620,139.13,139.13,139.11,139.11,139.35,138.12,,,,,,,,,,,,,,,,,,,,,,,,,,,,,,,,,,,,,,,,,,,,,,,,,,,,1132,1342.85
1786732680,139.14,139.14,139.11,139.11,139.35,138.12,,,,,,,,,,,,,,,,,,,,,,,,,,,,,,,,,,,,,,,,,,,,,,,,,,,,535,1261.15
1786732740,139.1,139.11,139.1,139.1,139.35,138.12,,,,,,,,,,,,,,,,,,,,,,,,,,,,,,,,,,,,,,,,,,,,,,,,,,,,1663,1267.1
1786732800,139.09,139.09,139.04,139.07,139.35,138.12,,,,,,,,,,,,,,,,,,,,,,,,,,,,,,,,,,,,,,,,,,,,,,,,,,,,3333,1295.35
1786732860,139.065,139.09,139.04,139.07,139.35,138.12,,,,,,,,,,,,,,,,,,,,,,,,,,,,,,,,,,,,,,,,,,,,,,,,,,,,3410,1402.55
1786732920,139.09,139.21,139.09,139.14,139.35,138.12,,,,,,,,,,,,,,,,,,,,,,,,,,,,,,,,,,,,,,,,,,,,,,,,,,,,3443,1430.8
1786732980,139.14,139.14,139.12,139.12,139.35,138.12,,,,,,,,,,,,,,,,,,,,,,,,,,,,,,,,,,,,,,,,,,,,,,,,,,,,188,1427.8
1786733040,139.11,139.22,139.11,139.21,139.35,138.12,,,,,,,,,,,,,,,,,,,,,,,,,,,,,,,,,,,,,,,,,,,,,,,,,,,,2180,1462.15
1786733100,139.22,139.23,139.2,139.21,139.35,138.12,,,,,,,,,,,,,,,,,,,,,,,,,,,,,,,,,,,,,,,,,,,,,,,,,,,,884,1491.3
1786733160,139.21,139.21,139.16,139.17,139.35,138.12,,,,,,,,,,,,,,,,,,,,,,,,,,,,,,,,,,,,,,,,,,,,,,,,,,,,1366,1485.3
1786733220,139.21,139.25,139.21,139.24,139.35,138.12,,,,,,,,,,,,,,,,,,,,,,,,,,,,,,,,,,,,,,,,,,,,,,,,,,,,2190,1567.7
1786733280,139.25,139.27,139.25,139.26,139.35,138.12,,,,,,,,,,,,,,,,,,,,,,,,,,,,,,,,,,,,,,,,,,,,,,,,,,,,925,1587.7
1786733340,139.26,139.26,139.2,139.245,139.35,138.12,,,,,,,,,,,,,,,,,,,,,,,,,,,,,,,,,,,,,,,,,,,,,,,,,,,,1641,1586.75
1786733400,139.26,139.26,139.18,139.21,139.35,138.12,,,,,,,,,,,,,,,,,,,,,,,,,,,,,,,,,,,,,,,,,,,,,,,,,,,,2743,1595.35
1786733460,139.22,139.26,139.22,139.25,139.35,138.12,,,,,,,,,,,,,,,,,,,,,,,,,,,,,,,,,,,,,,,,,,,,,,,,,,,,1064,1623.6
1786733520,139.23,139.23,139.21,139.21,139.35,138.12,,,,,,,,,,,,,,,,,,,,,,,,,,,,,,,,,,,,,,,,,,,,,,,,,,,,774,1612.25
1786733580,139.21,139.23,139.2,139.22,139.35,138.12,,,,,,,,,,,,,,,,,,,,,,,,,,,,,,,,,,,,,,,,,,,,,,,,,,,,689,1606
1786733640,139.23,139.24,139.22,139.22,139.35,138.12,,,,,,,,,,,,,,,,,,,,,,,,,,,,,,,,,,,,,,,,,,,,,,,,,,,,1178,1625.25
1786733700,139.2,139.2,139.17,139.17,139.35,138.12,,,,,,,,,,,,,,,,,,,,,,,,,,,,,,,,,,,,,,,,,,,,,,,,,,,,1143,1630.3
1786733760,139.17,139.19,139.17,139.19,139.35,138.12,,,,,,,,,,,,,,,,,,,,,,,,,,,,,,,,,,,,,,,,,,,,,,,,,,,,2704,1659.25
1786733820,139.17,139.18,139.16,139.16,139.35,138.12,,,,,,,,,,,,,,,,,,,,,,,,,,,,,,,,,,,,,,,,,,,,,,,,,,,,1013,1653.3
1786733880,139.16,139.16,139.14,139.14,139.35,138.12,,,,,,,,,,,,,,,,,,,,,,,,,,,,,,,,,,,,,,,,,,,,,,,,,,,,605,1656.8
1786733940,139.13,139.16,139.12,139.16,139.35,138.12,,,,,,,,,,,,,,,,,,,,,,,,,,,,,,,,,,,,,,,,,,,,,,,,,,,,1038,1625.55
1786734000,139.15,139.18,139.1,139.11,139.35,138.12,,,,,,,,,,,,,,,,,,,,,,,,,,,,,,,,,,,,,,,,,,,,,,,,,,,,2323,1575.05
1786734060,139.1,139.19,139.1,139.17,139.35,138.12,,,,,,,,,,,,,,,,,,,,,,,,,,,,,,,,,,,,,,,,,,,,,,,,,,,,2628,1535.95
1786734120,139.17,139.17,139.12,139.12,139.35,138.12,,,,,,,,,,,,,,,,,,,,,,,,,,,,,,,,,,,,,,,,,,,,,,,,,,,,323,1379.95
1786734180,139.11,139.11,139.06,139.07,139.35,138.12,,,,,,,,,,,,,,,,,,,,,,,,,,,,,,,,,,,,,,,,,,,,,,,,,,,,666,1403.85
1786734240,139.05,139.05,138.96,138.98,139.35,138.12,,,,,,,,,,,,,,,,,,,,,,,,,,,,,,,,,,,,,,,,,,,,,,,,,,,,993,1344.5
1786734300,138.96,138.99,138.94,138.97,139.35,138.12,,,,,,,,,,,,,,,,,,,,,,,,,,,,,,,,,,,,,,,,,,,,,,,,,,,,4877,1544.15
1786734360,138.98,139,138.95,139,139.35,138.12,,,,,,,,,,,,,,,,,,,,,,,,,,,,,,,,,,,,,,,,,,,,,,,,,,,,1215,1536.6
1786734420,139.01,139.02,139,139,139.35,138.12,,,,,,,,,,,,,,,,,,,,,,,,,,,,,,,,,,,,,,,,,,,,,,,,,,,,2456,1549.9
1786734480,139.01,139.04,139,139,139.35,138.12,,,,,,,,,,,,,,,,,,,,,,,,,,,,,,,,,,,,,,,,,,,,,,,,,,,,1937,1600.5
1786734540,139.02,139.04,138.99,139.01,139.35,138.12,,,,,,,,,,,,,,,,,,,,,,,,,,,,,,,,,,,,,,,,,,,,,,,,,,,,1798,1608.35
1786734600,139.02,139.02,138.98,139.02,139.35,138.12,,,,,,,,,,,,,,,,,,,,,,,,,,,,,,,,,,,,,,,,,,,,,,,,,,,,1756,1559
1786734660,139.025,139.04,139.02,139.02,139.35,138.12,,,,,,,,,,,,,,,,,,,,,,,,,,,,,,,,,,,,,,,,,,,,,,,,,,,,715,1541.55
1786734720,139.03,139.06,139.02,139.02,139.35,138.12,,,,,,,,,,,,,,,,,,,,,,,,,,,,,,,,,,,,,,,,,,,,,,,,,,,,2455,1625.6
1786734780,139.02,139.02,138.97,138.97,139.35,138.12,,,,,,,,,,,,,,,,,,,,,,,,,,,,,,,,,,,,,,,,,,,,,,,,,,,,531,1617.7
1786734840,138.98,138.98,138.94,138.96,139.35,138.12,,,,,,,,,,,,,,,,,,,,,,,,,,,,,,,,,,,,,,,,,,,,,,,,,,,,2110,1664.3
1786734900,138.98,138.99,138.98,138.98,139.35,138.12,,,,,,,,,,,,,,,,,,,,,,,,,,,,,,,,,,,,,,,,,,,,,,,,,,,,1300,1672.15
1786734960,138.97,139,138.96,138.97,139.35,138.12,,,,,,,,,,,,,,,,,,,,,,,,,,,,,,,,,,,,,,,,,,,,,,,,,,,,3515,1712.7
1786735020,138.98,138.98,138.96,138.97,139.35,138.12,,,,,,,,,,,,,,,,,,,,,,,,,,,,,,,,,,,,,,,,,,,,,,,,,,,,685,1696.3
1786735080,138.97,139.02,138.93,139.015,139.35,138.12,,,,,,,,,,,,,,,,,,,,,,,,,,,,,,,,,,,,,,,,,,,,,,,,,,,,6506,1991.35
1786735140,139,139,138.94,138.94,139.35,138.12,,,,,,,,,,,,,,,,,,,,,,,,,,,,,,,,,,,,,,,,,,,,,,,,,,,,1697,2024.3
1786735200,138.93,139.03,138.93,139.03,139.35,138.12,,,,,,,,,,,,,,,,,,,,,,,,,,,,,,,,,,,,,,,,,,,,,,,,,,,,3375,2076.9
1786735260,139.01,139.04,138.95,139.04,139.35,138.12,,,,,,,,,,,,,,,,,,,,,,,,,,,,,,,,,,,,,,,,,,,,,,,,,,,,2698,2080.4
1786735320,139.04,139.1,139.04,139.1,139.35,138.12,,,,,,,,,,,,,,,,,,,,,,,,,,,,,,,,,,,,,,,,,,,,,,,,,,,,519,2090.2
1786735380,139.1,139.17,139.1,139.17,139.35,138.12,,,,,,,,,,,,,,,,,,,,,,,,,,,,,,,,,,,,,,,,,,,,,,,,,,,,974,2105.6
1786735440,139.18,139.2,139.18,139.19,139.35,138.12,,,,,,,,,,,,,,,,,,,,,,,,,,,,,,,,,,,,,,,,,,,,,,,,,,,,3153,2213.6
1786735500,139.18,139.19,139.13,139.15,139.35,138.12,,,,,,,,,,,,,,,,,,,,,,,,,,,,,,,,,,,,,,,,,,,,,,,,,,,,3298,2134.65
1786735560,139.15,139.18,139.15,139.18,139.35,138.12,,,,,,,,,,,,,,,,,,,,,,,,,,,,,,,,,,,,,,,,,,,,,,,,,,,,1427,2145.25
1786735620,139.18,139.24,139.16,139.17,139.35,138.12,,,,,,,,,,,,,,,,,,,,,,,,,,,,,,,,,,,,,,,,,,,,,,,,,,,,3577,2201.3
1786735680,139.16,139.18,139.14,139.14,139.35,138.12,,,,,,,,,,,,,,,,,,,,,,,,,,,,,,,,,,,,,,,,,,,,,,,,,,,,4344,2321.65
1786735740,139.14,139.15,139.09,139.09,139.35,138.12,,,,,,,,,,,,,,,,,,,,,,,,,,,,,,,,,,,,,,,,,,,,,,,,,,,,995,2281.5
1786735800,139.1,139.13,139.07,139.08,139.35,138.12,,,,,,,,,,,,,,,,,,,,,,,,,,,,,,,,,,,,,,,,,,,,,,,,,,,,5580,2472.7
1786735860,139.09,139.12,139.08,139.11,139.35,138.12,,,,,,,,,,,,,,,,,,,,,,,,,,,,,,,,,,,,,,,,,,,,,,,,,,,,3279,2600.9
1786735920,139.11,139.18,139.11,139.18,139.35,138.12,,,,,,,,,,,,,,,,,,,,,,,,,,,,,,,,,,,,,,,,,,,,,,,,,,,,1587,2557.5
1786735980,139.19,139.235,139.18,139.185,139.35,138.12,,,,,,,,,,,,,,,,,,,,,,,,,,,,,,,,,,,,,,,,,,,,,,,,,,,,3150,2688.45
1786736040,139.185,139.2,139.16,139.18,139.35,138.12,,,,,,,,,,,,,,,,,,,,,,,,,,,,,,,,,,,,,,,,,,,,,,,,,,,,3270,2746.45
1786736100,139.17,139.22,139.13,139.14,139.35,138.12,,,,,,,,,,,,,,,,,,,,,,,,,,,,,,,,,,,,,,,,,,,,,,,,,,,,1706,2766.75
1786736160,139.12,139.16,139.11,139.16,139.35,138.12,,,,,,,,,,,,,,,,,,,,,,,,,,,,,,,,,,,,,,,,,,,,,,,,,,,,2653,2723.65
1786736220,139.13,139.15,139.09,139.14,139.35,138.12,,,,,,,,,,,,,,,,,,,,,,,,,,,,,,,,,,,,,,,,,,,,,,,,,,,,1954,2787.1
1786736280,139.13,139.13,139.07,139.07,139.35,138.12,,,,,,,,,,,,,,,,,,,,,,,,,,,,,,,,,,,,,,,,,,,,,,,,,,,,2080,2565.8
1786736340,139.08,139.14,139.08,139.14,139.35,138.12,,,,,,,,,,,,,,,,,,,,,,,,,,,,,,,,,,,,,,,,,,,,,,,,,,,,296,2495.75
1786736400,139.14,139.21,139.12,139.21,139.35,138.12,,,,,,,,,,,,,,,,,,,,,,,,,,,,,,,,,,,,,,,,,,,,,,,,,,,,1121,2383.05
1786736460,139.19,139.19,139.16,139.16,139.35,138.12,,,,,,,,,,,,,,,,,,,,,,,,,,,,,,,,,,,,,,,,,,,,,,,,,,,,1374,2316.85
1786736520,139.19,139.19,139.15,139.19,139.35,138.12,,,,,,,,,,,,,,,,,,,,,,,,,,,,,,,,,,,,,,,,,,,,,,,,,,,,4699,2525.85
1786736580,139.17,139.2,139.17,139.185,139.35,138.12,,,,,,,,,,,,,,,,,,,,,,,,,,,,,,,,,,,,,,,,,,,,,,,,,,,,917,2523
1786736640,139.2,139.2,139.01,139.04,139.35,138.12,,,,,,,,,,,,,,,,,,,,,,,,,,,,,,,,,,,,,,,,,,,,,,,,,,,,3061,2518.4
1786736700,139.02,139.07,138.99,138.99,139.35,138.12,,,,,,,,,,,,,,,,,,,,,,,,,,,,,,,,,,,,,,,,,,,,,,,,,,,,2517,2479.35
1786736760,139.02,139.05,139,139.01,139.35,138.12,,,,,,,,,,,,,,,,,,,,,,,,,,,,,,,,,,,,,,,,,,,,,,,,,,,,621,2439.05
1786736820,139.02,139.07,138.99,139.07,139.35,138.12,,,,,,,,,,,,,,,,,,,,,,,,,,,,,,,,,,,,,,,,,,,,,,,,,,,,2188,2369.6
1786736880,139.09,139.11,139.06,139.09,139.35,138.12,,,,,,,,,,,,,,,,,,,,,,,,,,,,,,,,,,,,,,,,,,,,,,,,,,,,1124,2208.6
1786736940,139.1,139.13,139.08,139.08,139.35,138.12,,,,,,,,,,,,,,,,,,,,,,,,,,,,,,,,,,,,,,,,,,,,,,,,,,,,925,2205.1
1786737000,139.07,139.12,139.04,139.12,139.35,138.12,,,,,,,,,,,,,,,,,,,,,,,,,,,,,,,,,,,,,,,,,,,,,,,,,,,,7452,2298.7
1786737060,139.13,139.15,139.1,139.11,139.35,138.12,,,,,,,,,,,,,,,,,,,,,,,,,,,,,,,,,,,,,,,,,,,,,,,,,,,,1342,2201.85
1786737120,139.11,139.13,139.08,139.13,139.35,138.12,,,,,,,,,,,,,,,,,,,,,,,,,,,,,,,,,,,,,,,,,,,,,,,,,,,,2437,2244.35
1786737180,139.13,139.17,139.13,139.16,139.35,138.12,,,,,,,,,,,,,,,,,,,,,,,,,,,,,,,,,,,,,,,,,,,,,,,,,,,,6025,2388.1
1786737240,139.16,139.22,139.13,139.19,139.35,138.12,,,,,,,,,,,,,,,,,,,,,,,,,,,,,,,,,,,,,,,,,,,,,,,,,,,,7502,2599.7
1786737300,139.19,139.24,139.11,139.19,139.35,138.12,,,,,,,,,,,,,,,,,,,,,,,,,,,,,,,,,,,,,,,,,,,,,,,,,,,,3984,2713.6
1786737360,139.2,139.32,139.14,139.32,139.35,138.12,,,,,,,,,,,,,,,,,,,,,,,,,,,,,,,,,,,,,,,,,,,,,,,,,,,,3735,2767.7
1786737420,139.31,139.38,139.16,139.165,139.35,138.12,,,,,,,,,,,,,,,,,,,,,,,,,,,,,,,,,,,,,,,,,,,,,,,,,,,,6567,2998.35
1786737480,139.18,139.27,139.15,139.15,139.35,138.12,,,,,,,,,,,,,,,,,,,,,,,,,,,,,,,,,,,,,,,,,,,,,,,,,,,,9491,3368.9
1786737540,139.16,139.34,139.14,139.33,139.35,138.12,,,1,19,1,1786715100000,139.5,139.35,138.12,1.2299999999999898,0.22298645261344058,0.5591397849462374,0.6666666666666715,1,1786715160000,1,0,,,,0,0,0,0,0,,,,0,0,0,0,0,,,,0,0,0,0,0,,,,0,0,0,0,,-1,19,34205,5064.35
1786973400,139.11,139.69,138.985,139.69,139.69,138.985,,,,,,,,,,,,,,,,,,,,,,,,,,,,,,,,,,,,,,,,,,,,,,,,,,,,119,5014.25
1786973460,139.53,139.83,139.28,139.28,139.83,138.985,,,,,,,,,,,,,,,,,,,,,,,,,,,,,,,,,,,,,,,,,,,,,,,,,,,,1914,5041.25
1786973520,139.13,139.13,138.65,138.66,139.83,138.65,,,,,,,,,,,,,,,,,,,,,,,,,,,,,,,,,,,,,,,,,,,,,,,,,,,,961,4854.35
1786973580,138.68,138.72,138.535,138.6,139.83,138.535,,,,,,,,,,,,,,,,,,,,,,,,,,,,,,,,,,,,,,,,,,,,,,,,,,,,2806,4948.8
1786973640,138.5,138.5,138.2,138.28,139.83,138.2,,,,,,,,,,,,,,,,,,,,,,,,,,,,,,,,,,,,,,,,,,,,,,,,,,,,2685,4930
1786973700,138.4,138.75,138.385,138.55,139.83,138.2,,,,,,,,,,,,,,,,,,,,,,,,,,,,,,,,,,,,,,,,,,,,,,,,,,,,2552,4931.75
1786973760,138.48,138.82,138.38,138.82,139.83,138.2,,,,,,,,,,,,,,,,,,,,,,,,,,,,,,,,,,,,,,,,,,,,,,,,,,,,2728,5037.1
1786973820,138.86,139.16,138.86,139.16,139.83,138.2,,,,,,,,,,,,,,,,,,,,,,,,,,,,,,,,,,,,,,,,,,,,,,,,,,,,2450,5050.2
1786973880,139.24,139.65,139.24,139.58,139.83,138.2,,,,,,,,,,,,,,,,,,,,,,,,,,,,,,,,,,,,,,,,,,,,,,,,,,,,3295,5158.75
1786973940,139.54,139.72,139.505,139.54,139.83,138.2,,,,,,,,,,,,,,,,,,,,,,,,,,,,,,,,,,,,,,,,,,,,,,,,,,,,3080,5266.5
1786974000,139.53,139.65,139.48,139.59,139.83,138.2,,,,,,,,,,,,,,,,,,,,,,,,,,,,,,,,,,,,,,,,,,,,,,,,,,,,3337,5060.75
1786974060,139.56,139.9,139.52,139.86,139.9,138.2,,,,,,,,,,,,,,,,,,,,,,,,,,,,,,,,,,,,,,,,,,,,,,,,,,,,1666,5076.95
1786974120,139.88,140.24,139.88,140.18,140.24,138.2,,,,,,,,,,,,,,,,,,,,,,,,,,,,,,,,,,,,,,,,,,,,,,,,,,,,3325,5121.35
1786974180,140.16,140.47,140.15,140.34,140.47,138.2,,,,,,,,,,,,,,,,,,,,,,,,,,,,,,,,,,,,,,,,,,,,,,,,,,,,3345,4987.35
1786974240,140.36,140.53,140.28,140.46,140.53,138.2,,,,,,,,,,,,,,,,,,,,,,,,,,,,,,,,,,,,,,,,,,,,,,,,,,,,4643,4844.4
1786974300,140.395,140.67,140.33,140.51,140.53,138.2,,,,,,,,,,,,,,,,,,,,,,,,,,,,,,,,,,,,,,,,,,,,,,,,,,,,2671,4778.75
1786974360,140.62,140.62,140.41,140.41,140.53,138.2,,,,,,,,,,,,,,,,,,,,,,,,,,,,,,,,,,,,,,,,,,,,,,,,,,,,2898,4736.9
1786974420,140.44,140.79,140.39,140.73,140.53,138.2,,,,,,,,,,,,,,,,,,,,,,,,,,,,,,,,,,,,,,,,,,,,,,,,,,,,2119,4514.5
1786974480,140.74,140.88,140.72,140.86,140.53,138.2,,,,,,,,,,,,,,,,,,,,,,,,,,,,,,,,,,,,,,,,,,,,,,,,,,,,3028,4191.35
1786974540,140.82,140.82,140.53,140.67,140.53,138.2,,,,,,,,,,,,,,,,,,,,,,,,,,,,,,,,,,,,,,,,,,,,,,,,,,,,3948,2678.5
1786974600,140.66,140.67,140.37,140.37,140.53,138.2,,,,,,,,,,,,,,,,,,,,,,,,,,,,,,,,,,,,,,,,,,,,,,,,,,,,2224,2783.75
1786974660,140.33,140.34,140.06,140.08,140.53,138.2,,,,,,,,,,,,,,,,,,,,,,,,,,,,,,,,,,,,,,,,,,,,,,,,,,,,2676,2821.85
1786974720,140.1,140.165,139.94,139.96,140.53,138.2,,,,,,,,,,,,,,,,,,,,,,,,,,,,,,,,,,,,,,,,,,,,,,,,,,,,3217,2934.65
1786974780,139.97,140.09,139.95,139.97,140.53,138.2,,,,,,,,,,,,,,,,,,,,,,,,,,,,,,,,,,,,,,,,,,,,,,,,,,,,4926,3040.65
1786974840,139.96,140.05,139.9,140.05,140.53,138.2,,,,,,,,,,,,,,,,,,,,,,,,,,,,,,,,,,,,,,,,,,,,,,,,,,,,3873,3100.05
1786974900,140.07,140.1,139.97,139.985,140.53,138.2,,,,,,,,,,,,,,,,,,,,,,,,,,,,,,,,,,,,,,,,,,,,,,,,,,,,672,3006.05
1786974960,140.01,140.16,139.97,140.06,140.53,138.2,,,,,,,,,,,,,,,,,,,,,,,,,,,,,,,,,,,,,,,,,,,,,,,,,,,,2929,3016.1
1786975020,140.02,140.06,139.97,140.06,140.53,138.2,,,,,,,,,,,,,,,,,,,,,,,,,,,,,,,,,,,,,,,,,,,,,,,,,,,,1236,2955.4
1786975080,140.04,140.07,140.01,140.07,140.53,138.2,,,,,,,,,,,,,,,,,,,,,,,,,,,,,,,,,,,,,,,,,,,,,,,,,,,,539,2817.6
1786975140,140.1,140.19,139.95,139.99,140.53,138.2,,,,,,,,,,,,,,,,,,,,,,,,,,,,,,,,,,,,,,,,,,,,,,,,,,,,5346,2930.9
1786975200,139.95,140.12,139.94,140.09,140.53,138.2,,,,,,,,,,,,,,,,,,,,,,,,,,,,,,,,,,,,,,,,,,,,,,,,,,,,2441,2886.1
1786975260,140.1,140.21,140.09,140.09,140.53,138.2,,,,,,,,,,,,,,,,,,,,,,,,,,,,,,,,,,,,,,,,,,,,,,,,,,,,1305,2868.05
1786975320,140.08,140.16,140.02,140.02,140.53,138.2,,,,,,,,,,,,,,,,,,,,,,,,,,,,,,,,,,,,,,,,,,,,,,,,,,,,603,2731.95
1786975380,140.055,140.14,140.02,140.14,140.53,138.2,,,,,,,,,,,,,,,,,,,,,,,,,,,,,,,,,,,,,,,,,,,,,,,,,,,,1608,2645.1
1786975440,140.2,140.2,139.88,139.88,140.53,138.2,,,,,,,,,,,,,,,,,,,,,,,,,,,,,,,,,,,,,,,,,,,,,,,,,,,,1252,2475.55
1786975500,139.91,140,139.91,140,140.53,138.2,,,,,,,,,,,,,,,,,,,,,,,,,,,,,,,,,,,,,,,,,,,,,,,,,,,,650,2374.5
1786975560,140.03,140.07,139.99,140.03,140.53,138.2,,,,,,,,,,,,,,,,,,,,,,,,,,,,,,,,,,,,,,,,,,,,,,,,,,,,1483,2303.75
1786975620,140.02,140.3,140.02,140.29,140.53,138.2,,,,,,,,,,,,,,,,,,,,,,,,,,,,,,,,,,,,,,,,,,,,,,,,,,,,2839,2339.75
1786975680,140.31,140.38,140.16,140.21,140.53,138.2,,,,,,,,,,,,,,,,,,,,,,,,,,,,,,,,,,,,,,,,,,,,,,,,,,,,6261,2501.4
1786975740,140.18,140.25,140.07,140.09,140.53,138.2,,,,,,,,,,,,,,,,,,,,,,,,,,,,,,,,,,,,,,,,,,,,,,,,,,,,854,2346.7
1786975800,140.15,140.15,140.09,140.12,140.53,138.2,,,,,,,,,,,,,,,,,,,,,,,,,,,,,,,,,,,,,,,,,,,,,,,,,,,,1433,2307.15
1786975860,140.13,140.16,140.09,140.15,140.53,138.2,,,,,,,,,,,,,,,,,,,,,,,,,,,,,,,,,,,,,,,,,,,,,,,,,,,,1448,2245.75
1786975920,140.15,140.17,140.02,140.02,140.53,138.2,,,,,,,,,,,,,,,,,,,,,,,,,,,,,,,,,,,,,,,,,,,,,,,,,,,,3485,2259.15
1786975980,140.02,140.07,139.99,140.01,140.53,138.2,,,,,,,,,,,,,,,,,,,,,,,,,,,,,,,,,,,,,,,,,,,,,,,,,,,,474,2036.55
1786976040,139.99,140.02,139.94,139.97,140.53,138.2,,,,,,,,,,,,,,,,,,,,,,,,,,,,,,,,,,,,,,,,,,,,,,,,,,,,515,1868.65
1786976100,139.95,139.98,139.79,139.8,140.53,138.2,,,,,,,,,,,,,,,,,,,,,,,,,,,,,,,,,,,,,,,,,,,,,,,,,,,,1075,1888.8
1786976160,139.81,139.84,139.7,139.72,140.53,138.2,,,,,,,,,,,,,,,,,,,,,,,,,,,,,,,,,,,,,,,,,,,,,,,,,,,,1520,1818.35
1786976220,139.71,139.71,139.575,139.595,140.53,138.2,,,,,,,,,,,,,,,,,,,,,,,,,,,,,,,,,,,,,,,,,,,,,,,,,,,,5287,2020.9
1786976280,139.6,139.6,139.57,139.59,140.53,138.2,,,,,,,,,,,,,,,,,,,,,,,,,,,,,,,,,,,,,,,,,,,,,,,,,,,,786,2033.25
1786976340,139.56,139.66,139.475,139.65,140.53,138.2,,,,,,,,,,,,,,,,,,,,,,,,,,,,,,,,,,,,,,,,,,,,,,,,,,,,4797,2005.8
1786976400,139.67,139.76,139.62,139.62,140.53,138.2,,,,,,,,,,,,,,,,,,,,,,,,,,,,,,,,,,,,,,,,,,,,,,,,,,,,420,1904.75
1786976460,139.64,139.69,139.57,139.6,140.53,138.2,,,,,,,,,,,,,,,,,,,,,,,,,,,,,,,,,,,,,,,,,,,,,,,,,,,,3613,2020.15
1786976520,139.59,139.6,139.54,139.57,140.53,138.2,,,,,,,,,,,,,,,,,,,,,,,,,,,,,,,,,,,,,,,,,,,,,,,,,,,,2168,2098.4
1786976580,139.59,139.67,139.57,139.6,140.53,138.2,,,,,,,,,,,,,,,,,,,,,,,,,,,,,,,,,,,,,,,,,,,,,,,,,,,,828,2059.4
1786976640,139.6,139.6,139.55,139.59,140.53,138.2,,,,,,,,,,,,,,,,,,,,,,,,,,,,,,,,,,,,,,,,,,,,,,,,,,,,727,2033.15
1786976700,139.57,139.62,139.39,139.39,140.53,138.2,,,,,,,,,,,,,,,,,,,,,,,,,,,,,,,,,,,,,,,,,,,,,,,,,,,,2323,2116.8
1786976760,139.355,139.4,139.25,139.26,140.53,138.2,,,,,,,,,,,,,,,,,,,,,,,,,,,,,,,,,,,,,,,,,,,,,,,,,,,,2512,2168.25
1786976820,139.23,139.26,139.2,139.255,140.53,138.2,,,,,,,,,,,,,,,,,,,,,,,,,,,,,,,,,,,,,,,,,,,,,,,,,,,,1723,2112.45
1786976880,139.325,139.41,139.3,139.41,140.53,138.2,,,,,,,,,,,,,,,,,,,,,,,,,,,,,,,,,,,,,,,,,,,,,,,,,,,,535,1826.15
1786976940,139.4,139.4,139.31,139.34,140.53,138.2,,,,,,,,,,,,,,,,,,,,,,,,,,,,,,,,,,,,,,,,,,,,,,,,,,,,1158,1841.35
1786977000,139.35,139.41,139.3,139.41,140.53,138.2,,,,,,,,,,,,,,,,,,,,,,,,,,,,,,,,,,,,,,,,,,,,,,,,,,,,565,1797.95
1786977060,139.42,139.45,139.36,139.36,140.53,138.2,,,,,,,,,,,,,,,,,,,,,,,,,,,,,,,,,,,,,,,,,,,,,,,,,,,,665,1758.8
1786977120,139.31,139.34,139.14,139.14,140.53,138.2,,,,,,,,,,,,,,,,,,,,,,,,,,,,,,,,,,,,,,,,,,,,,,,,,,,,706,1619.85
1786977180,139.16,139.23,139.16,139.23,140.53,138.2,,,,,,,,,,,,,,,,,,,,,,,,,,,,,,,,,,,,,,,,,,,,,,,,,,,,129,1602.6
1786977240,139.2,139.28,139.2,139.28,140.53,138.2,,,,,,,,,,,,,,,,,,,,,,,,,,,,,,,,,,,,,,,,,,,,,,,,,,,,1815,1667.6
1786977300,139.28,139.32,139.15,139.2,140.53,138.2,,,,,,,,,,,,,,,,,,,,,,,,,,,,,,,,,,,,,,,,,,,,,,,,,,,,4605,1844.1
1786977360,139.19,139.31,139.17,139.17,140.53,138.2,,,,,,,,,,,,,,,,,,,,,,,,,,,,,,,,,,,,,,,,,,,,,,,,,,,,1245,1830.35
1786977420,139.14,139.14,138.98,139,140.53,138.2,,,,,,,,,,,,,,,,,,,,,,,,,,,,,,,,,,,,,,,,,,,,,,,,,,,,983,1615.15
1786977480,139.04,139.07,138.96,138.98,140.53,138.2,,,,,,,,,,,,,,,,,,,,,,,,,,,,,,,,,,,,,,,,,,,,,,,,,,,,1692,1660.45
1786977540,138.96,139.02,138.885,139,140.53,138.2,,,,,,,,,,,,,,,,,,,,,,,,,,,,,,,,,,,,,,,,,,,,,,,,,,,,1913,1516.25
1786977600,139.03,139.04,138.92,138.92,140.53,138.2,,,,,,,,,,,,,,,,,,,,,,,,,,,,,,,,,,,,,,,,,,,,,,,,,,,,1359,1563.2
1786977660,138.88,138.95,138.88,138.88,140.53,138.2,,,,,,,,,,,,,,,,,,,,,,,,,,,,,,,,,,,,,,,,,,,,,,,,,,,,890,1427.05
1786977720,138.89,138.94,138.8,138.94,140.53,138.2,,,,,,,,,,,,,,,,,,,,,,,,,,,,,,,,,,,,,,,,,,,,,,,,,,,,565,1346.9
1786977780,138.91,138.97,138.905,138.96,140.53,138.2,,,,,,,,,,,,,,,,,,,,,,,,,,,,,,,,,,,,,,,,,,,,,,,,,,,,1189,1364.95
1786977840,138.95,138.95,138.85,138.89,140.53,138.2,,,,,,,,,,,,,,,,,,,,,,,,,,,,,,,,,,,,,,,,,,,,,,,,,,,,1168,1387
1786977900,138.91,138.96,138.86,138.86,140.53,138.2,,,,,,,,,,,,,,,,,,,,,,,,,,,,,,,,,,,,,,,,,,,,,,,,,,,,373,1289.5
1786977960,138.86,138.86,138.78,138.83,140.53,138.2,,,,,,,,,,,,,,,,,,,,,,,,,,,,,,,,,,,,,,,,,,,,,,,,,,,,1060,1216.9
1786978020,138.89,139.11,138.89,139.08,140.53,138.2,,,,,,,,,,,,,,,,,,,,,,,,,,,,,,,,,,,,,,,,,,,,,,,,,,,,1151,1188.3
1786978080,139.08,139.2,139.08,139.2,140.53,138.2,,,,,,,,,,,,,,,,,,,,,,,,,,,,,,,,,,,,,,,,,,,,,,,,,,,,401,1181.6
1786978140,139.21,139.215,139.19,139.19,140.53,138.2,,,,,,,,,,,,,,,,,,,,,,,,,,,,,,,,,,,,,,,,,,,,,,,,,,,,727,1160.05
1786978200,139.12,139.12,139.07,139.11,140.53,138.2,,,,,,,,,,,,,,,,,,,,,,,,,,,,,,,,,,,,,,,,,,,,,,,,,,,,603,1161.95
1786978260,139.11,139.2,139.08,139.08,140.53,138.2,,,,,,,,,,,,,,,,,,,,,,,,,,,,,,,,,,,,,,,,,,,,,,,,,,,,822,1169.8
1786978320,139.09,139.11,138.99,138.99,140.53,138.2,,,,,,,,,,,,,,,,,,,,,,,,,,,,,,,,,,,,,,,,,,,,,,,,,,,,369,1152.95
1786978380,138.98,139.01,138.955,138.98,140.53,138.2,,,,,,,,,,,,,,,,,,,,,,,,,,,,,,,,,,,,,,,,,,,,,,,,,,,,1384,1215.7
1786978440,139,139.07,138.94,138.94,140.53,138.2,,,,,,,,,,,,,,,,,,,,,,,,,,,,,,,,,,,,,,,,,,,,,,,,,,,,1138,1181.85
1786978500,138.96,138.98,138.86,138.95,140.53,138.2,,,,,,,,,,,,,,,,,,,,,,,,,,,,,,,,,,,,,,,,,,,,,,,,,,,,858,994.5
1786978560,138.95,138.95,138.87,138.93,140.53,138.2,,,,,,,,,,,,,,,,,,,,,,,,,,,,,,,,,,,,,,,,,,,,,,,,,,,,756,970.05
1786978620,138.91,138.91,138.79,138.79,140.53,138.2,,,,,,,,,,,,,,,,,,,,,,,,,,,,,,,,,,,,,,,,,,,,,,,,,,,,1284,985.1
1786978680,138.8,138.88,138.8,138.88,140.53,138.2,,,,,,,,,,,,,,,,,,,,,,,,,,,,,,,,,,,,,,,,,,,,,,,,,,,,663,933.65
1786978740,138.87,138.935,138.87,138.93,140.53,138.2,,,,,,,,,,,,,,,,,,,,,,,,,,,,,,,,,,,,,,,,,,,,,,,,,,,,1535,914.75
1786978800,138.94,138.97,138.92,138.97,140.53,138.2,,,,,,,,,,,,,,,,,,,,,,,,,,,,,,,,,,,,,,,,,,,,,,,,,,,,995,896.55
1786978860,139.035,139.19,139.03,139.19,140.53,138.2,,,,,,,,,,,,,,,,,,,,,,,,,,,,,,,,,,,,,,,,,,,,,,,,,,,,1130,908.55
1786978920,139.23,139.23,139.1,139.1,140.53,138.2,,,,,,,,,,,,,,,,,,,,,,,,,,,,,,,,,,,,,,,,,,,,,,,,,,,,729,916.75
1786978980,139.1,139.12,138.98,139.05,140.53,138.2,,,,,,,,,,,,,,,,,,,,,,,,,,,,,,,,,,,,,,,,,,,,,,,,,,,,1804,947.5
1786979040,139.13,139.13,139.1,139.1,140.53,138.2,,,,,,,,,,,,,,,,,,,,,,,,,,,,,,,,,,,,,,,,,,,,,,,,,,,,407,909.45
1786979100,139.11,139.11,139.04,139.05,140.53,138.2,,,,,,,,,,,,,,,,,,,,,,,,,,,,,,,,,,,,,,,,,,,,,,,,,,,,922,936.9
1786979160,139.06,139.07,138.86,139.04,140.53,138.2,,,,,,,,,,,,,,,,,,,,,,,,,,,,,,,,,,,,,,,,,,,,,,,,,,,,5058,1136.8
1786979220,139.02,139.11,139.01,139.11,140.53,138.2,,,,,,,,,,,,,,,,,,,,,,,,,,,,,,,,,,,,,,,,,,,,,,,,,,,,629,1110.7
1786979280,139.15,139.19,139.13,139.13,140.53,138.2,,,,,,,,,,,,,,,,,,,,,,,,,,,,,,,,,,,,,,,,,,,,,,,,,,,,1976,1189.45
1786979340,139.15,139.18,139.12,139.12,140.53,138.2,,,,,,,,,,,,,,,,,,,,,,,,,,,,,,,,,,,,,,,,,,,,,,,,,,,,866,1196.4
1786979400,139.14,139.14,139.07,139.08,140.53,138.2,,,,,,,,,,,,,,,,,,,,,,,,,,,,,,,,,,,,,,,,,,,,,,,,,,,,2874,1309.95
1786979460,139.1,139.11,139.09,139.09,140.53,138.2,,,,,,,,,,,,,,,,,,,,,,,,,,,,,,,,,,,,,,,,,,,,,,,,,,,,557,1296.7
1786979520,139.12,139.14,139.03,139.09,140.53,138.2,,,,,,,,,,,,,,,,,,,,,,,,,,,,,,,,,,,,,,,,,,,,,,,,,,,,2092,1382.85
1786979580,139.07,139.19,139.07,139.18,140.53,138.2,,,,,,,,,,,,,,,,,,,,,,,,,,,,,,,,,,,,,,,,,,,,,,,,,,,,301,1328.7
1786979640,139.15,139.16,139.12,139.15,140.53,138.2,,,,,,,,,,,,,,,,,,,,,,,,,,,,,,,,,,,,,,,,,,,,,,,,,,,,1082,1325.9
1786979700,139.12,139.16,139.08,139.12,140.53,138.2,,,,,,,,,,,,,,,,,,,,,,,,,,,,,,,,,,,,,,,,,,,,,,,,,,,,692,1317.6
1786979760,139.12,139.12,139.08,139.08,140.53,138.2,,,,,,,,,,,,,,,,,,,,,,,,,,,,,,,,,,,,,,,,,,,,,,,,,,,,262,1292.9
1786979820,139.07,139.12,139.045,139.06,140.53,138.2,,,,,,,,,,,,,,,,,,,,,,,,,,,,,,,,,,,,,,,,,,,,,,,,,,,,1500,1303.7
1786979880,139.07,139.13,139.03,139.12,140.53,138.2,,,,,,,,,,,,,,,,,,,,,,,,,,,,,,,,,,,,,,,,,,,,,,,,,,,,1439,1342.5
1786979940,139.1,139.1,139.07,139.075,140.53,138.2,,,,,,,,,,,,,,,,,,,,,,,,,,,,,,,,,,,,,,,,,,,,,,,,,,,,218,1276.65
1786980000,139.1,139.16,139.09,139.16,140.53,138.2,,,,,,,,,,,,,,,,,,,,,,,,,,,,,,,,,,,,,,,,,,,,,,,,,,,,707,1262.25
1786980060,139.16,139.38,139.16,139.38,140.53,138.2,,,,,,,,,,,,,,,,,,,,,,,,,,,,,,,,,,,,,,,,,,,,,,,,,,,,618,1236.65
1786980120,139.38,139.38,139.36,139.38,140.53,138.2,,,,,,,,,,,,,,,,,,,,,,,,,,,,,,,,,,,,,,,,,,,,,,,,,,,,244,1212.4
1786980180,139.4,139.46,139.39,139.39,140.53,138.2,,,,,,,,,,,,,,,,,,,,,,,,,,,,,,,,,,,,,,,,,,,,,,,,,,,,980,1171.2
1786980240,139.39,139.44,139.33,139.33,140.53,138.2,,,,,,,,,,,,,,,,,,,,,,,,,,,,,,,,,,,,,,,,,,,,,,,,,,,,903,1196
1786980300,139.32,139.33,139.21,139.22,140.53,138.2,,,,,,,,,,,,,,,,,,,,,,,,,,,,,,,,,,,,,,,,,,,,,,,,,,,,434,1171.6
1786980360,139.2,139.27,139.18,139.2,140.53,138.2,,,,,,,,,,,,,,,,,,,,,,,,,,,,,,,,,,,,,,,,,,,,,,,,,,,,1263,981.85
1786980420,139.235,139.235,139.11,139.135,140.53,138.2,,,,,,,,,,,,,,,,,,,,,,,,,,,,,,,,,,,,,,,,,,,,,,,,,,,,689,984.85
1786980480,139.12,139.12,139.09,139.12,140.53,138.2,,,,,,,,,,,,,,,,,,,,,,,,,,,,,,,,,,,,,,,,,,,,,,,,,,,,325,902.3
1786980540,139.09,139.1,139.05,139.08,140.53,138.2,,,,,,,,,,,,,,,,,,,,,,,,,,,,,,,,,,,,,,,,,,,,,,,,,,,,523,885.15
1786980600,139.07,139.07,138.92,138.93,140.53,138.2,,,,,,,,,,,,,,,,,,,,,,,,,,,,,,,,,,,,,,,,,,,,,,,,,,,,1336,808.25
1786980660,138.95,138.95,138.885,138.885,140.53,138.2,,,,,,,,,,,,,,,,,,,,,,,,,,,,,,,,,,,,,,,,,,,,,,,,,,,,1470,853.9
1786980720,138.9,138.91,138.84,138.87,140.53,138.2,,,,,,,,,,,,,,,,,,,,,,,,,,,,,,,,,,,,,,,,,,,,,,,,,,,,3388,918.7
1786980780,138.83,138.85,138.78,138.83,140.53,138.2,,,,,,,,,,,,,,,,,,,,,,,,,,,,,,,,,,,,,,,,,,,,,,,,,,,,1077,957.5
1786980840,138.85,138.86,138.82,138.83,140.53,138.2,,,,,,,,,,,,,,,,,,,,,,,,,,,,,,,,,,,,,,,,,,,,,,,,,,,,292,918
1786980900,138.87,138.92,138.835,138.835,140.53,138.2,,,,,,,,,,,,,,,,,,,,,,,,,,,,,,,,,,,,,,,,,,,,,,,,,,,,227,894.75
1786980960,138.8,138.8,138.665,138.67,140.53,138.2,,,,,,,,,,,,,,,,,,,,,,,,,,,,,,,,,,,,,,,,,,,,,,,,,,,,2537,1008.5
1786981020,138.65,138.68,138.635,138.675,140.53,138.2,,,,,,,,,,,,,,,,,,,,,,,,,,,,,,,,,,,,,,,,,,,,,,,,,,,,441,955.55
1786981080,138.64,138.665,138.63,138.63,140.53,138.2,,,,,,,,,,,,,,,,,,,,,,,,,,,,,,,,,,,,,,,,,,,,,,,,,,,,493,908.25
1786981140,138.64,138.76,138.64,138.715,140.53,138.2,,,,,,,,,,,,,,,,,,,,,,,,,,,,,,,,,,,,,,,,,,,,,,,,,,,,1230,958.85
1786981200,138.73,138.76,138.65,138.65,140.53,138.2,,,,,,,,,,,,,,,,,,,,,,,,,,,,,,,,,,,,,,,,,,,,,,,,,,,,1214,984.2
1786981260,138.66,138.69,138.61,138.61,140.53,138.2,,,,,,,,,,,,,,,,,,,,,,,,,,,,,,,,,,,,,,,,,,,,,,,,,,,,678,987.2
1786981320,138.63,138.65,138.625,138.65,140.53,138.2,,,,,,,,,,,,,,,,,,,,,,,,,,,,,,,,,,,,,,,,,,,,,,,,,,,,449,997.45
1786981380,138.66,138.71,138.64,138.68,140.53,138.2,,,,,,,,,,,,,,,,,,,,,,,,,,,,,,,,,,,,,,,,,,,,,,,,,,,,530,974.95
1786981440,138.65,138.66,138.61,138.66,140.53,138.2,,,,,,,,,,,,,,,,,,,,,,,,,,,,,,,,,,,,,,,,,,,,,,,,,,,,261,942.85
1786981500,138.66,138.66,138.63,138.66,140.53,138.2,,,,,,,,,,,,,,,,,,,,,,,,,,,,,,,,,,,,,,,,,,,,,,,,,,,,314,936.85
1786981560,138.66,138.68,138.66,138.68,140.53,138.2,,,,,,,,,,,,,,,,,,,,,,,,,,,,,,,,,,,,,,,,,,,,,,,,,,,,3,873.85
1786981620,138.69,138.7,138.63,138.64,140.53,138.2,,,,,,,,,,,,,,,,,,,,,,,,,,,,,,,,,,,,,,,,,,,,,,,,,,,,307,854.75
1786981680,138.67,138.69,138.65,138.66,140.53,138.2,,,,,,,,,,,,,,,,,,,,,,,,,,,,,,,,,,,,,,,,,,,,,,,,,,,,293,853.15
1786981740,138.63,138.675,138.63,138.67,140.53,138.2,,,,,,,,,,,,,,,,,,,,,,,,,,,,,,,,,,,,,,,,,,,,,,,,,,,,225,838.25
1786981800,138.65,138.65,138.58,138.63,140.53,138.2,,,,,,,,,,,,,,,,,,,,,,,,,,,,,,,,,,,,,,,,,,,,,,,,,,,,363,789.6
1786981860,138.65,138.67,138.61,138.62,140.53,138.2,,,,,,,,,,,,,,,,,,,,,,,,,,,,,,,,,,,,,,,,,,,,,,,,,,,,475,739.85
1786981920,138.59,138.62,138.55,138.62,140.53,138.2,,,,,,,,,,,,,,,,,,,,,,,,,,,,,,,,,,,,,,,,,,,,,,,,,,,,246,582.75
1786981980,138.66,138.69,138.64,138.685,140.53,138.2,,,,,,,,,,,,,,,,,,,,,,,,,,,,,,,,,,,,,,,,,,,,,,,,,,,,322,545
1786982040,138.73,138.74,138.7,138.7,140.53,138.2,,,,,,,,,,,,,,,,,,,,,,,,,,,,,,,,,,,,,,,,,,,,,,,,,,,,458,553.3
1786982100,138.74,138.8,138.72,138.8,140.53,138.2,,,,,,,,,,,,,,,,,,,,,,,,,,,,,,,,,,,,,,,,,,,,,,,,,,,,99,546.9
1786982160,138.8,138.8,138.78,138.79,140.53,138.2,,,,,,,,,,,,,,,,,,,,,,,,,,,,,,,,,,,,,,,,,,,,,,,,,,,,227,431.4
1786982220,138.77,138.78,138.75,138.76,140.53,138.2,,,,,,,,,,,,,,,,,,,,,,,,,,,,,,,,,,,,,,,,,,,,,,,,,,,,178,418.25
1786982280,138.76,138.79,138.75,138.77,140.53,138.2,,,,,,,,,,,,,,,,,,,,,,,,,,,,,,,,,,,,,,,,,,,,,,,,,,,,162,401.7
1786982340,138.79,138.79,138.68,138.68,140.53,138.2,,,,,,,,,,,,,,,,,,,,,,,,,,,,,,,,,,,,,,,,,,,,,,,,,,,,1222,401.3
1786982400,138.7,138.78,138.64,138.78,140.53,138.2,,,,,,,,,,,,,,,,,,,,,,,,,,,,,,,,,,,,,,,,,,,,,,,,,,,,1499,415.55
1786982460,138.81,138.86,138.8,138.84,140.53,138.2,,,,,,,,,,,,,,,,,,,,,,,,,,,,,,,,,,,,,,,,,,,,,,,,,,,,739,418.6
1786982520,138.8,138.81,138.78,138.8,140.53,138.2,,,,,,,,,,,,,,,,,,,,,,,,,,,,,,,,,,,,,,,,,,,,,,,,,,,,433,417.8
1786982580,138.84,138.89,138.84,138.865,140.53,138.2,,,,,,,,,,,,,,,,,,,,,,,,,,,,,,,,,,,,,,,,,,,,,,,,,,,,875,435.05
1786982640,138.86,138.88,138.84,138.84,140.53,138.2,,,,,,,,,,,,,,,,,,,,,,,,,,,,,,,,,,,,,,,,,,,,,,,,,,,,365,440.25
1786982700,138.84,138.98,138.84,138.98,140.53,138.2,,,,,,,,,,,,,,,,,,,,,,,,,,,,,,,,,,,,,,,,,,,,,,,,,,,,903,469.7
1786982760,138.97,139.03,138.96,139.03,140.53,138.2,,,,,,,,,,,,,,,,,,,,,,,,,,,,,,,,,,,,,,,,,,,,,,,,,,,,2186,578.85
1786982820,139.01,139.03,138.94,138.98,140.53,138.2,,,,,,,,,,,,,,,,,,,,,,,,,,,,,,,,,,,,,,,,,,,,,,,,,,,,874,607.2
1786982880,138.96,139.03,138.96,139,140.53,138.2,,,,,,,,,,,,,,,,,,,,,,,,,,,,,,,,,,,,,,,,,,,,,,,,,,,,292,607.15
1786982940,139.02,139.07,139.02,139.04,140.53,138.2,,,,,,,,,,,,,,,,,,,,,,,,,,,,,,,,,,,,,,,,,,,,,,,,,,,,742,633
1786983000,139.04,139.17,139.04,139.15,140.53,138.2,,,,,,,,,,,,,,,,,,,,,,,,,,,,,,,,,,,,,,,,,,,,,,,,,,,,1787,704.2
1786983060,139.21,139.21,139.21,139.21,140.53,138.2,,,,,,,,,,,,,,,,,,,,,,,,,,,,,,,,,,,,,,,,,,,,,,,,,,,,12,681.05
1786983120,139.19,139.2,139.17,139.17,140.53,138.2,,,,,,,,,,,,,,,,,,,,,,,,,,,,,,,,,,,,,,,,,,,,,,,,,,,,196,678.55
1786983180,139.17,139.19,139.1,139.14,140.53,138.2,,,,,,,,,,,,,,,,,,,,,,,,,,,,,,,,,,,,,,,,,,,,,,,,,,,,1335,729.2
1786983240,139.11,139.11,139.06,139.11,140.53,138.2,,,,,,,,,,,,,,,,,,,,,,,,,,,,,,,,,,,,,,,,,,,,,,,,,,,,371,724.85
1786983300,139.12,139.15,139.11,139.11,140.53,138.2,,,,,,,,,,,,,,,,,,,,,,,,,,,,,,,,,,,,,,,,,,,,,,,,,,,,627,751.25
1786983360,139.14,139.15,139.135,139.15,140.53,138.2,,,,,,,,,,,,,,,,,,,,,,,,,,,,,,,,,,,,,,,,,,,,,,,,,,,,277,753.75
1786983420,139.13,139.16,139.13,139.14,140.53,138.2,,,,,,,,,,,,,,,,,,,,,,,,,,,,,,,,,,,,,,,,,,,,,,,,,,,,2920,890.85
1786983480,139.16,139.16,139.08,139.08,140.53,138.2,,,,,,,,,,,,,,,,,,,,,,,,,,,,,,,,,,,,,,,,,,,,,,,,,,,,794,922.45
1786983540,139.08,139.11,139.07,139.08,140.53,138.2,,,,,,,,,,,,,,,,,,,,,,,,,,,,,,,,,,,,,,,,,,,,,,,,,,,,259,874.3
1786983600,139.05,139.09,139.05,139.09,140.53,138.2,,,,,,,,,,,,,,,,,,,,,,,,,,,,,,,,,,,,,,,,,,,,,,,,,,,,193,809
1786983660,139.09,139.15,139.09,139.15,140.53,138.2,,,,,,,,,,,,,,,,,,,,,,,,,,,,,,,,,,,,,,,,,,,,,,,,,,,,416,792.85
1786983720,139.13,139.15,139.11,139.12,140.53,138.2,,,,,,,,,,,,,,,,,,,,,,,,,,,,,,,,,,,,,,,,,,,,,,,,,,,,341,788.25
1786983780,139.095,139.12,139.07,139.12,140.53,138.2,,,,,,,,,,,,,,,,,,,,,,,,,,,,,,,,,,,,,,,,,,,,,,,,,,,,450,767
1786983840,139.11,139.11,139.06,139.06,140.53,138.2,,,,,,,,,,,,,,,,,,,,,,,,,,,,,,,,,,,,,,,,,,,,,,,,,,,,124,754.95
1786983900,139.06,139.06,139.03,139.03,140.53,138.2,,,,,,,,,,,,,,,,,,,,,,,,,,,,,,,,,,,,,,,,,,,,,,,,,,,,378,728.7
1786983960,139.03,139.05,139.03,139.05,140.53,138.2,,,,,,,,,,,,,,,,,,,,,,,,,,,,,,,,,,,,,,,,,,,,,,,,,,,,89,623.85
1786984020,139.08,139.08,139.02,139.02,140.53,138.2,,,,,,,,,,,,,,,,,,,,,,,,,,,,,,,,,,,,,,,,,,,,,,,,,,,,447,602.5
1786984080,139.01,139.01,138.96,138.97,140.53,138.2,,,,,,,,,,,,,,,,,,,,,,,,,,,,,,,,,,,,,,,,,,,,,,,,,,,,719,623.85
1786984140,138.965,138.965,138.92,138.92,140.53,138.2,,,,,,,,,,,,,,,,,,,,,,,,,,,,,,,,,,,,,,,,,,,,,,,,,,,,858,629.65
1786984200,138.94,138.95,138.91,138.91,140.53,138.2,,,,,,,,,,,,,,,,,,,,,,,,,,,,,,,,,,,,,,,,,,,,,,,,,,,,387,559.65
1786984260,138.91,138.91,138.83,138.83,140.53,138.2,,,,,,,,,,,,,,,,,,,,,,,,,,,,,,,,,,,,,,,,,,,,,,,,,,,,242,571.15
1786984320,138.79,138.79,138.685,138.685,140.53,138.2,,,,,,,,,,,,,,,,,,,,,,,,,,,,,,,,,,,,,,,,,,,,,,,,,,,,619,592.3
1786984380,138.7,138.74,138.68,138.7,140.53,138.2,,,,,,,,,,,,,,,,,,,,,,,,,,,,,,,,,,,,,,,,,,,,,,,,,,,,587,554.9
1786984440,138.71,138.71,138.585,138.585,140.53,138.2,,,,,,,,,,,,,,,,,,,,,,,,,,,,,,,,,,,,,,,,,,,,,,,,,,,,278,550.25
1786984500,138.61,138.79,138.61,138.72,140.53,138.2,,,,,,,,,,,,,,,,,,,,,,,,,,,,,,,,,,,,,,,,,,,,,,,,,,,,1127,575.25
1786984560,138.715,138.74,138.71,138.71,140.53,138.2,,,,,,,,,,,,,,,,,,,,,,,,,,,,,,,,,,,,,,,,,,,,,,,,,,,,816,602.2
1786984620,138.7,138.7,138.58,138.64,140.53,138.2,,,,,,,,,,,,,,,,,,,,,,,,,,,,,,,,,,,,,,,,,,,,,,,,,,,,662,489.3
1786984680,138.65,138.73,138.65,138.73,140.53,138.2,,,,,,,,,,,,,,,,,,,,,,,,,,,,,,,,,,,,,,,,,,,,,,,,,,,,307,464.95
1786984740,138.75,138.78,138.75,138.77,140.53,138.2,,,,,,,,,,,,,,,,,,,,,,,,,,,,,,,,,,,,,,,,,,,,,,,,,,,,696,486.8
1786984800,138.8,138.81,138.8,138.81,140.53,138.2,,,,,,,,,,,,,,,,,,,,,,,,,,,,,,,,,,,,,,,,,,,,,,,,,,,,48,479.55
1786984860,138.85,138.88,138.85,138.88,140.53,138.2,,,,,,,,,,,,,,,,,,,,,,,,,,,,,,,,,,,,,,,,,,,,,,,,,,,,345,476
1786984920,138.87,138.87,138.79,138.79,140.53,138.2,,,,,,,,,,,,,,,,,,,,,,,,,,,,,,,,,,,,,,,,,,,,,,,,,,,,1009,509.4
1786984980,138.79,138.79,138.77,138.77,140.53,138.2,,,,,,,,,,,,,,,,,,,,,,,,,,,,,,,,,,,,,,,,,,,,,,,,,,,,225,498.15
1786985040,138.77,138.84,138.74,138.79,140.53,138.2,,,,,,,,,,,,,,,,,,,,,,,,,,,,,,,,,,,,,,,,,,,,,,,,,,,,6994,841.65
1786985100,138.83,138.86,138.8,138.8,140.53,138.2,,,,,,,,,,,,,,,,,,,,,,,,,,,,,,,,,,,,,,,,,,,,,,,,,,,,6917,1168.6
1786985160,138.78,138.78,138.75,138.75,140.53,138.2,,,,,,,,,,,,,,,,,,,,,,,,,,,,,,,,,,,,,,,,,,,,,,,,,,,,520,1190.15
1786985220,138.75,138.75,138.66,138.69,140.53,138.2,,,,,,,,,,,,,,,,,,,,,,,,,,,,,,,,,,,,,,,,,,,,,,,,,,,,727,1204.15
1786985280,138.68,138.695,138.68,138.695,140.53,138.2,,,,,,,,,,,,,,,,,,,,,,,,,,,,,,,,,,,,,,,,,,,,,,,,,,,,26,1169.5
1786985340,138.71,138.72,138.69,138.69,140.53,138.2,,,,,,,,,,,,,,,,,,,,,,,,,,,,,,,,,,,,,,,,,,,,,,,,,,,,568,1155
1786985400,138.72,138.72,138.7,138.7,140.53,138.2,,,,,,,,,,,,,,,,,,,,,,,,,,,,,,,,,,,,,,,,,,,,,,,,,,,,212,1146.25
1786985460,138.71,138.71,138.65,138.65,140.53,138.2,,,,,,,,,,,,,,,,,,,,,,,,,,,,,,,,,,,,,,,,,,,,,,,,,,,,441,1156.2
1786985520,138.67,138.69,138.62,138.64,140.53,138.2,,,,,,,,,,,,,,,,,,,,,,,,,,,,,,,,,,,,,,,,,,,,,,,,,,,,305,1140.5
1786985580,138.63,138.66,138.6,138.6,140.53,138.2,,,,,,,,,,,,,,,,,,,,,,,,,,,,,,,,,,,,,,,,,,,,,,,,,,,,736,1147.95
1786985640,138.59,138.66,138.57,138.66,140.53,138.2,,,,,,,,,,,,,,,,,,,,,,,,,,,,,,,,,,,,,,,,,,,,,,,,,,,,922,1180.15
1786985700,138.66,138.66,138.61,138.61,140.53,138.2,,,,,,,,,,,,,,,,,,,,,,,,,,,,,,,,,,,,,,,,,,,,,,,,,,,,832,1165.4
1786985760,138.59,138.63,138.57,138.6,140.53,138.2,,,,,,,,,,,,,,,,,,,,,,,,,,,,,,,,,,,,,,,,,,,,,,,,,,,,1892,1219.2
1786985820,138.61,138.63,138.61,138.61,140.53,138.2,,,,,,,,,,,,,,,,,,,,,,,,,,,,,,,,,,,,,,,,,,,,,,,,,,,,888,1230.5
1786985880,138.59,138.64,138.57,138.64,140.53,138.2,,,,,,,,,,,,,,,,,,,,,,,,,,,,,,,,,,,,,,,,,,,,,,,,,,,,2491,1339.7
1786985940,138.63,138.64,138.59,138.62,140.53,138.2,,,,,,,,,,,,,,,,,,,,,,,,,,,,,,,,,,,,,,,,,,,,,,,,,,,,1328,1371.3
1786986000,138.6,138.6,138.57,138.58,140.53,138.2,,,,,,,,,,,,,,,,,,,,,,,,,,,,,,,,,,,,,,,,,,,,,,,,,,,,346,1386.2
1786986060,138.6,138.64,138.58,138.6,140.53,138.2,,,,,,,,,,,,,,,,,,,,,,,,,,,,,,,,,,,,,,,,,,,,,,,,,,,,607,1399.3
1786986120,138.65,138.65,138.64,138.64,140.53,138.2,,,,,,,,,,,,,,,,,,,,,,,,,,,,,,,,,,,,,,,,,,,,,,,,,,,,277,1362.7
1786986180,138.65,138.65,138.6,138.62,140.53,138.2,,,,,,,,,,,,,,,,,,,,,,,,,,,,,,,,,,,,,,,,,,,,,,,,,,,,402,1371.55
1786986240,138.65,138.66,138.65,138.65,140.53,138.2,,,,,,,,,,,,,,,,,,,,,,,,,,,,,,,,,,,,,,,,,,,,,,,,,,,,456,1044.65
1786986300,138.68,138.7,138.67,138.69,140.53,138.2,,,,,,,,,,,,,,,,,,,,,,,,,,,,,,,,,,,,,,,,,,,,,,,,,,,,758,736.7
1786986360,138.69,138.72,138.68,138.72,140.53,138.2,,,,,,,,,,,,,,,,,,,,,,,,,,,,,,,,,,,,,,,,,,,,,,,,,,,,737,747.55
1786986420,138.71,138.73,138.675,138.68,140.53,138.2,,,,,,,,,,,,,,,,,,,,,,,,,,,,,,,,,,,,,,,,,,,,,,,,,,,,1540,788.2
1786986480,138.71,138.72,138.69,138.7,140.53,138.2,,,,,,,,,,,,,,,,,,,,,,,,,,,,,,,,,,,,,,,,,,,,,,,,,,,,228,798.3
1786986540,138.7,138.85,138.67,138.85,140.53,138.2,,,,,,,,,,,,,,,,,,,,,,,,,,,,,,,,,,,,,,,,,,,,,,,,,,,,5429,1041.35
1786986600,138.9,138.93,138.9,138.925,140.53,138.2,,,,,,,,,,,,,,,,,,,,,,,,,,,,,,,,,,,,,,,,,,,,,,,,,,,,5080,1284.75
1786986660,138.92,139,138.9,139,140.53,138.2,,,,,,,,,,,,,,,,,,,,,,,,,,,,,,,,,,,,,,,,,,,,,,,,,,,,3861,1455.75
1786986720,139.02,139.02,139.02,139.02,140.53,138.2,,,,,,,,,,,,,,,,,,,,,,,,,,,,,,,,,,,,,,,,,,,,,,,,,,,,131,1447.05
1786986780,139.01,139.01,138.99,139,140.53,138.2,,,,,,,,,,,,,,,,,,,,,,,,,,,,,,,,,,,,,,,,,,,,,,,,,,,,1294,1474.95
1786986840,139,139.055,139,139.05,140.53,138.2,,,,,,,,,,,,,,,,,,,,,,,,,,,,,,,,,,,,,,,,,,,,,,,,,,,,823,1470
1786986900,139.055,139.1,139.055,139.08,140.53,138.2,,,,,,,,,,,,,,,,,,,,,,,,,,,,,,,,,,,,,,,,,,,,,,,,,,,,727,1464.75
1786986960,139.11,139.135,139.08,139.13,140.53,138.2,,,,,,,,,,,,,,,,,,,,,,,,,,,,,,,,,,,,,,,,,,,,,,,,,,,,6605,1700.4
1786987020,139.12,139.18,139.12,139.16,140.53,138.2,,,,,,,,,,,,,,,,,,,,,,,,,,,,,,,,,,,,,,,,,,,,,,,,,,,,3083,1810.15
1786987080,139.18,139.21,139.18,139.18,140.53,138.2,,,,,,,,,,,,,,,,,,,,,,,,,,,,,,,,,,,,,,,,,,,,,,,,,,,,1537,1762.45
1786987140,139.165,139.18,139.13,139.18,140.53,138.2,,,,,,,,,,,,,,,,,,,,,,,,,,,,,,,,,,,,,,,,,,,,,,,,,,,,3939,1893
1786987200,139.195,139.25,139.18,139.23,140.53,138.2,,,,,,,,,,,,,,,,,,,,,,,,,,,,,,,,,,,,,,,,,,,,,,,,,,,,4017,2076.55
1786987260,139.23,139.24,139.13,139.13,140.53,138.2,,,,,,,,,,,,,,,,,,,,,,,,,,,,,,,,,,,,,,,,,,,,,,,,,,,,1152,2103.8
1786987320,139.13,139.235,139.13,139.23,140.53,138.2,,,,,,,,,,,,,,,,,,,,,,,,,,,,,,,,,,,,,,,,,,,,,,,,,,,,771,2128.5
1786987380,139.22,139.25,139.17,139.19,140.53,138.2,,,,,,,,,,,,,,,,,,,,,,,,,,,,,,,,,,,,,,,,,,,,,,,,,,,,4269,2321.85
1786987440,139.19,139.19,139.12,139.12,140.53,138.2,,,,,,,,,,,,,,,,,,,,,,,,,,,,,,,,,,,,,,,,,,,,,,,,,,,,427,2320.4
1786987500,139.095,139.12,139.045,139.05,140.53,138.2,,,,,,,,,,,,,,,,,,,,,,,,,,,,,,,,,,,,,,,,,,,,,,,,,,,,2256,2395.3
1786987560,139.03,139.06,139.01,139.05,140.53,138.2,,,,,,,,,,,,,,,,,,,,,,,,,,,,,,,,,,,,,,,,,,,,,,,,,,,,491,2383
1786987620,139.04,139.06,139.02,139.06,140.53,138.2,,,,,,,,,,,,,,,,,,,,,,,,,,,,,,,,,,,,,,,,,,,,,,,,,,,,570,2334.5
1786987680,139.06,139.1,139,139,140.53,138.2,,,,,,,,,,,,,,,,,,,,,,,,,,,,,,,,,,,,,,,,,,,,,,,,,,,,748,2360.5
1786987740,139,139,138.94,138.96,140.53,138.2,,,,,,,,,,,,,,,,,,,,,,,,,,,,,,,,,,,,,,,,,,,,,,,,,,,,290,2103.55
1786987800,139,139.04,138.89,138.94,140.53,138.2,,,,,,,,,,,,,,,,,,,,,,,,,,,,,,,,,,,,,,,,,,,,,,,,,,,,3645,2031.8
1786987860,138.93,138.93,138.84,138.87,140.53,138.2,,,,,,,,,,,,,,,,,,,,,,,,,,,,,,,,,,,,,,,,,,,,,,,,,,,,342,1855.85
1786987920,138.9,138.94,138.82,138.83,140.53,138.2,,,,,,,,,,,,,,,,,,,,,,,,,,,,,,,,,,,,,,,,,,,,,,,,,,,,961,1897.35
1786987980,138.82,138.83,138.81,138.82,140.53,138.2,,,,,,,,,,,,,,,,,,,,,,,,,,,,,,,,,,,,,,,,,,,,,,,,,,,,418,1853.55
1786988040,138.82,138.86,138.75,138.75,140.53,138.2,,,,,,,,,,,,,,,,,,,,,,,,,,,,,,,,,,,,,,,,,,,,,,,,,,,,1195,1872.15
1786988100,138.745,138.75,138.69,138.72,140.53,138.2,,,,,,,,,,,,,,,,,,,,,,,,,,,,,,,,,,,,,,,,,,,,,,,,,,,,877,1879.65
1786988160,138.7,138.71,138.67,138.67,140.53,138.2,,,,,,,,,,,,,,,,,,,,,,,,,,,,,,,,,,,,,,,,,,,,,,,,,,,,287,1563.75
1786988220,138.68,138.69,138.62,138.62,140.53,138.2,,,,,,,,,,,,,,,,,,,,,,,,,,,,,,,,,,,,,,,,,,,,,,,,,,,,1046,1461.9
1786988280,138.59,138.59,138.59,138.59,140.53,138.2,,,,,,,,,,,,,,,,,,,,,,,,,,,,,,,,,,,,,,,,,,,,,,,,,,,,71,1388.6
1786988340,138.62,138.69,138.61,138.64,140.53,138.2,,,,,,,,,,,,,,,,,,,,,,,,,,,,,,,,,,,,,,,,,,,,,,,,,,,,5740,1478.65
1786988400,138.6,138.65,138.58,138.6,140.53,138.2,,,,,,,,,,,,,,,,,,,,,,,,,,,,,,,,,,,,,,,,,,,,,,,,,,,,703,1312.95
1786988460,138.58,138.59,138.58,138.59,140.53,138.2,,,,,,,,,,,,,,,,,,,,,,,,,,,,,,,,,,,,,,,,,,,,,,,,,,,,110,1260.85
1786988520,138.64,138.77,138.64,138.75,140.53,138.2,,,,,,,,,,,,,,,,,,,,,,,,,,,,,,,,,,,,,,,,,,,,,,,,,,,,597,1252.15
1786988580,138.75,138.84,138.75,138.78,140.53,138.2,,,,,,,,,,,,,,,,,,,,,,,,,,,,,,,,,,,,,,,,,,,,,,,,,,,,251,1051.25
1786988640,138.73,138.82,138.73,138.81,140.53,138.2,,,,,,,,,,,,,,,,,,,,,,,,,,,,,,,,,,,,,,,,,,,,,,,,,,,,407,1050.25
1786988700,138.83,138.83,138.81,138.81,140.53,138.2,,,,,,,,,,,,,,,,,,,,,,,,,,,,,,,,,,,,,,,,,,,,,,,,,,,,368,955.85
1786988760,138.81,138.81,138.79,138.79,140.53,138.2,,,,,,,,,,,,,,,,,,,,,,,,,,,,,,,,,,,,,,,,,,,,,,,,,,,,83,935.45
1786988820,138.81,138.85,138.81,138.85,140.53,138.2,,,,,,,,,,,,,,,,,,,,,,,,,,,,,,,,,,,,,,,,,,,,,,,,,,,,255,919.7
1786988880,138.865,138.87,138.83,138.83,140.53,138.2,,,,,,,,,,,,,,,,,,,,,,,,,,,,,,,,,,,,,,,,,,,,,,,,,,,,512,907.9
1786988940,138.83,138.84,138.81,138.81,140.53,138.2,,,,,,,,,,,,,,,,,,,,,,,,,,,,,,,,,,,,,,,,,,,,,,,,,,,,287,907.75
1786989000,138.82,138.83,138.76,138.78,140.53,138.2,,,,,,,,,,,,,,,,,,,,,,,,,,,,,,,,,,,,,,,,,,,,,,,,,,,,404,745.7
1786989060,138.75,138.76,138.74,138.74,140.53,138.2,,,,,,,,,,,,,,,,,,,,,,,,,,,,,,,,,,,,,,,,,,,,,,,,,,,,382,747.7
1786989120,138.715,138.78,138.715,138.75,140.53,138.2,,,,,,,,,,,,,,,,,,,,,,,,,,,,,,,,,,,,,,,,,,,,,,,,,,,,962,747.75
1786989180,138.76,138.79,138.76,138.79,140.53,138.2,,,,,,,,,,,,,,,,,,,,,,,,,,,,,,,,,,,,,,,,,,,,,,,,,,,,163,735
1786989240,138.79,138.82,138.77,138.77,140.53,138.2,,,,,,,,,,,,,,,,,,,,,,,,,,,,,,,,,,,,,,,,,,,,,,,,,,,,1450,747.75
1786989300,138.79,138.79,138.76,138.79,140.53,138.2,,,,,,,,,,,,,,,,,,,,,,,,,,,,,,,,,,,,,,,,,,,,,,,,,,,,1118,759.8
1786989360,138.8,138.8,138.76,138.78,140.53,138.2,,,,,,,,,,,,,,,,,,,,,,,,,,,,,,,,,,,,,,,,,,,,,,,,,,,,449,767.9
1786989420,138.77,138.77,138.75,138.76,140.53,138.2,,,,,,,,,,,,,,,,,,,,,,,,,,,,,,,,,,,,,,,,,,,,,,,,,,,,619,746.55
1786989480,138.755,138.82,138.755,138.78,140.53,138.2,,,,,,,,,,,,,,,,,,,,,,,,,,,,,,,,,,,,,,,,,,,,,,,,,,,,843,785.15
1786989540,138.76,138.78,138.76,138.77,140.53,138.2,,,,,,,,,,,,,,,,,,,,,,,,,,,,,,,,,,,,,,,,,,,,,,,,,,,,170,506.65
1786989600,138.76,138.78,138.74,138.74,140.53,138.2,,,,,,,,,,,,,,,,,,,,,,,,,,,,,,,,,,,,,,,,,,,,,,,,,,,,1312,537.1
1786989660,138.77,138.77,138.73,138.735,140.53,138.2,,,,,,,,,,,,,,,,,,,,,,,,,,,,,,,,,,,,,,,,,,,,,,,,,,,,252,544.2
1786989720,138.75,138.75,138.68,138.72,140.53,138.2,,,,,,,,,,,,,,,,,,,,,,,,,,,,,,,,,,,,,,,,,,,,,,,,,,,,1190,573.85
1786989780,138.73,138.74,138.7,138.74,140.53,138.2,,,,,,,,,,,,,,,,,,,,,,,,,,,,,,,,,,,,,,,,,,,,,,,,,,,,428,582.7
1786989840,138.76,138.79,138.73,138.79,140.53,138.2,,,,,,,,,,,,,,,,,,,,,,,,,,,,,,,,,,,,,,,,,,,,,,,,,,,,783,601.5
1786989900,138.78,138.78,138.74,138.74,140.53,138.2,,,,,,,,,,,,,,,,,,,,,,,,,,,,,,,,,,,,,,,,,,,,,,,,,,,,701,618.15
1786989960,138.79,138.79,138.78,138.78,140.53,138.2,,,,,,,,,,,,,,,,,,,,,,,,,,,,,,,,,,,,,,,,,,,,,,,,,,,,340,631
1786990020,138.76,138.76,138.72,138.75,140.53,138.2,,,,,,,,,,,,,,,,,,,,,,,,,,,,,,,,,,,,,,,,,,,,,,,,,,,,1364,686.45
1786990080,138.76,138.77,138.75,138.75,140.53,138.2,,,,,,,,,,,,,,,,,,,,,,,,,,,,,,,,,,,,,,,,,,,,,,,,,,,,739,697.8
1786990140,138.755,138.8,138.71,138.73,140.53,138.2,,,,,,,,,,,,,,,,,,,,,,,,,,,,,,,,,,,,,,,,,,,,,,,,,,,,1675,767.2
1786990200,138.74,138.78,138.71,138.77,140.53,138.2,,,,,,,,,,,,,,,,,,,,,,,,,,,,,,,,,,,,,,,,,,,,,,,,,,,,1092,801.6
1786990260,138.77,138.81,138.65,138.73,140.53,138.2,,,,,,,,,,,,,,,,,,,,,,,,,,,,,,,,,,,,,,,,,,,,,,,,,,,,1716,868.3
1786990320,138.77,138.81,138.67,138.67,140.53,138.2,,,,,,,,,,,,,,,,,,,,,,,,,,,,,,,,,,,,,,,,,,,,,,,,,,,,2674,953.9
1786990380,138.66,138.66,138.46,138.5,140.53,138.2,,,,,,,,,,,,,,,,,,,,,,,,,,,,,,,,,,,,,,,,,,,,,,,,,,,,15462,1718.85
1786990440,138.52,138.6,138.49,138.55,140.53,138.2,,,,,,,,,,,,,,,,,,,,,,,,,,,,,,,,,,,,,,,,,,,,,,,,,,,,2695,1781.1
1786990500,138.57,138.62,138.56,138.585,140.53,138.2,,,,,,,,,,,,,,,,,,,,,,,,,,,,,,,,,,,,,,,,,,,,,,,,,,,,2474,1848.9
1786990560,138.62,138.78,138.62,138.75,140.53,138.2,,,,,,,,,,,,,,,,,,,,,,,,,,,,,,,,,,,,,,,,,,,,,,,,,,,,1409,1896.9
1786990620,138.77,138.8,138.75,138.75,140.53,138.2,,,,,,,,,,,,,,,,,,,,,,,,,,,,,,,,,,,,,,,,,,,,,,,,,,,,392,1885.55
1786990680,138.78,138.78,138.67,138.67,140.53,138.2,,,,,,,,,,,,,,,,,,,,,,,,,,,,,,,,,,,,,,,,,,,,,,,,,,,,744,1880.6
1786990740,138.64,138.69,138.64,138.66,140.53,138.2,,,,,,,,,,,,,,,,,,,,,,,,,,,,,,,,,,,,,,,,,,,,,,,,,,,,1486,1946.4
1786990800,138.68,138.69,138.59,138.62,140.53,138.2,,,,,,,,,,,,,,,,,,,,,,,,,,,,,,,,,,,,,,,,,,,,,,,,,,,,772,1919.4
1786990860,138.66,138.7,138.65,138.69,140.53,138.2,,,,,,,,,,,,,,,,,,,,,,,,,,,,,,,,,,,,,,,,,,,,,,,,,,,,930,1953.3
1786990920,138.67,138.71,138.65,138.69,140.53,138.2,,,,,,,,,,,,,,,,,,,,,,,,,,,,,,,,,,,,,,,,,,,,,,,,,,,,899,1938.75
1786990980,138.69,138.73,138.68,138.73,140.53,138.2,,,,,,,,,,,,,,,,,,,,,,,,,,,,,,,,,,,,,,,,,,,,,,,,,,,,1112,1972.95
1786991040,138.75,138.76,138.75,138.76,140.53,138.2,,,,,,,,,,,,,,,,,,,,,,,,,,,,,,,,,,,,,,,,,,,,,,,,,,,,326,1950.1
1786991100,138.8,138.86,138.8,138.82,140.53,138.2,,,,,,,,,,,,,,,,,,,,,,,,,,,,,,,,,,,,,,,,,,,,,,,,,,,,804,1955.25
1786991160,138.81,138.81,138.76,138.775,140.53,138.2,,,,,,,,,,,,,,,,,,,,,,,,,,,,,,,,,,,,,,,,,,,,,,,,,,,,657,1971.1
1786991220,138.78,138.79,138.75,138.78,140.53,138.2,,,,,,,,,,,,,,,,,,,,,,,,,,,,,,,,,,,,,,,,,,,,,,,,,,,,708,1938.3
1786991280,138.77,138.83,138.77,138.78,140.53,138.2,,,,,,,,,,,,,,,,,,,,,,,,,,,,,,,,,,,,,,,,,,,,,,,,,,,,1630,1982.85
1786991340,138.78,138.83,138.76,138.83,140.53,138.2,,,,,,,,,,,,,,,,,,,,,,,,,,,,,,,,,,,,,,,,,,,,,,,,,,,,1555,1976.85
1786991400,138.79,138.81,138.68,138.695,140.53,138.2,,,,,,,,,,,,,,,,,,,,,,,,,,,,,,,,,,,,,,,,,,,,,,,,,,,,1214,1982.95
1786991460,138.71,138.73,138.68,138.68,140.53,138.2,,,,,,,,,,,,,,,,,,,,,,,,,,,,,,,,,,,,,,,,,,,,,,,,,,,,369,1915.6
1786991520,138.71,138.71,138.6,138.6,140.53,138.2,,,,,,,,,,,,,,,,,,,,,,,,,,,,,,,,,,,,,,,,,,,,,,,,,,,,738,1818.8
1786991580,138.57,138.63,138.57,138.59,140.53,138.2,,,,,,,,,,,,,,,,,,,,,,,,,,,,,,,,,,,,,,,,,,,,,,,,,,,,1172,1104.3
1786991640,138.59,138.64,138.59,138.62,140.53,138.2,,,,,,,,,,,,,,,,,,,,,,,,,,,,,,,,,,,,,,,,,,,,,,,,,,,,723,1005.7
1786991700,138.62,138.67,138.62,138.67,140.53,138.2,,,,,,,,,,,,,,,,,,,,,,,,,,,,,,,,,,,,,,,,,,,,,,,,,,,,884,926.2
1786991760,138.65,138.65,138.61,138.62,140.53,138.2,,,,,,,,,,,,,,,,,,,,,,,,,,,,,,,,,,,,,,,,,,,,,,,,,,,,684,889.95
1786991820,138.61,138.7,138.6,138.69,140.53,138.2,,,,,,,,,,,,,,,,,,,,,,,,,,,,,,,,,,,,,,,,,,,,,,,,,,,,2625,1001.6
1786991880,138.74,138.74,138.72,138.73,140.53,138.2,,,,,,,,,,,,,,,,,,,,,,,,,,,,,,,,,,,,,,,,,,,,,,,,,,,,525,990.65
1786991940,138.76,138.79,138.76,138.77,140.53,138.2,,,,,,,,,,,,,,,,,,,,,,,,,,,,,,,,,,,,,,,,,,,,,,,,,,,,1619,997.3
1786992000,138.73,138.74,138.73,138.74,140.53,138.2,,,,,,,,,,,,,,,,,,,,,,,,,,,,,,,,,,,,,,,,,,,,,,,,,,,,308,974.1
1786992060,138.74,138.75,138.69,138.705,140.53,138.2,,,,,,,,,,,,,,,,,,,,,,,,,,,,,,,,,,,,,,,,,,,,,,,,,,,,1538,1004.5
1786992120,138.7,138.76,138.7,138.74,140.53,138.2,,,,,,,,,,,,,,,,,,,,,,,,,,,,,,,,,,,,,,,,,,,,,,,,,,,,537,986.4
1786992180,138.77,138.78,138.74,138.74,140.53,138.2,,,,,,,,,,,,,,,,,,,,,,,,,,,,,,,,,,,,,,,,,,,,,,,,,,,,1236,992.6
1786992240,138.72,138.73,138.71,138.71,140.53,138.2,,,,,,,,,,,,,,,,,,,,,,,,,,,,,,,,,,,,,,,,,,,,,,,,,,,,753,1013.95
1786992300,138.72,138.86,138.72,138.83,140.53,138.2,,,,,,,,,,,,,,,,,,,,,,,,,,,,,,,,,,,,,,,,,,,,,,,,,,,,1448,1046.15
1786992360,138.84,138.84,138.84,138.84,140.53,138.2,,,,,,,,,,,,,,,,,,,,,,,,,,,,,,,,,,,,,,,,,,,,,,,,,,,,88,1017.7
1786992420,138.85,138.96,138.85,138.96,140.53,138.2,,,,,,,,,,,,,,,,,,,,,,,,,,,,,,,,,,,,,,,,,,,,,,,,,,,,891,1026.85
1786992480,138.93,138.97,138.91,138.97,140.53,138.2,,,,,,,,,,,,,,,,,,,,,,,,,,,,,,,,,,,,,,,,,,,,,,,,,,,,1041,997.4
1786992540,138.98,138.98,138.95,138.95,140.53,138.2,,,,,,,,,,,,,,,,,,,,,,,,,,,,,,,,,,,,,,,,,,,,,,,,,,,,295,934.4
1786992600,138.95,138.95,138.9,138.91,140.53,138.2,,,,,,,,,,,,,,,,,,,,,,,,,,,,,,,,,,,,,,,,,,,,,,,,,,,,1317,939.55
1786992660,138.89,138.9,138.84,138.84,140.53,138.2,,,,,,,,,,,,,,,,,,,,,,,,,,,,,,,,,,,,,,,,,,,,,,,,,,,,500,946.1
1786992720,138.82,138.84,138.8,138.83,140.53,138.2,,,,,,,,,,,,,,,,,,,,,,,,,,,,,,,,,,,,,,,,,,,,,,,,,,,,1348,976.6
1786992780,138.84,138.91,138.84,138.91,140.53,138.2,,,,,,,,,,,,,,,,,,,,,,,,,,,,,,,,,,,,,,,,,,,,,,,,,,,,390,937.5
1786992840,138.89,138.9,138.87,138.88,140.53,138.2,,,,,,,,,,,,,,,,,,,,,,,,,,,,,,,,,,,,,,,,,,,,,,,,,,,,256,914.15
1786992900,138.86,138.88,138.85,138.87,140.53,138.2,,,,,,,,,,,,,,,,,,,,,,,,,,,,,,,,,,,,,,,,,,,,,,,,,,,,1240,931.95
1786992960,138.85,138.88,138.85,138.88,140.53,138.2,,,,,,,,,,,,,,,,,,,,,,,,,,,,,,,,,,,,,,,,,,,,,,,,,,,,258,910.65
1786993020,138.87,138.92,138.87,138.92,140.53,138.2,,,,,,,,,,,,,,,,,,,,,,,,,,,,,,,,,,,,,,,,,,,,,,,,,,,,5005,1029.65
1786993080,138.93,138.94,138.84,138.85,140.53,138.2,,,,,,,,,,,,,,,,,,,,,,,,,,,,,,,,,,,,,,,,,,,,,,,,,,,,7935,1400.15
1786993140,138.84,138.87,138.83,138.85,140.53,138.2,,,,,,,,,,,,,,,,,,,,,,,,,,,,,,,,,,,,,,,,,,,,,,,,,,,,852,1361.8
1786993200,138.84,138.91,138.84,138.85,140.53,138.2,,,,,,,,,,,,,,,,,,,,,,,,,,,,,,,,,,,,,,,,,,,,,,,,,,,,916,1392.2
1786993260,138.88,138.91,138.84,138.87,140.53,138.2,,,,,,,,,,,,,,,,,,,,,,,,,,,,,,,,,,,,,,,,,,,,,,,,,,,,903,1360.45
1786993320,138.85,138.88,138.85,138.88,140.53,138.2,,,,,,,,,,,,,,,,,,,,,,,,,,,,,,,,,,,,,,,,,,,,,,,,,,,,270,1347.1
1786993380,138.89,138.94,138.87,138.94,140.53,138.2,,,,,,,,,,,,,,,,,,,,,,,,,,,,,,,,,,,,,,,,,,,,,,,,,,,,762,1323.4
1786993440,138.94,138.945,138.93,138.93,140.53,138.2,,,,,,,,,,,,,,,,,,,,,,,,,,,,,,,,,,,,,,,,,,,,,,,,,,,,378,1304.65
1786993500,138.95,138.95,138.935,138.935,140.53,138.2,,,,,,,,,,,,,,,,,,,,,,,,,,,,,,,,,,,,,,,,,,,,,,,,,,,,282,1246.35
1786993560,138.92,138.92,138.88,138.89,140.53,138.2,,,,,,,,,,,,,,,,,,,,,,,,,,,,,,,,,,,,,,,,,,,,,,,,,,,,888,1286.35
1786993620,138.9,138.9,138.84,138.86,140.53,138.2,,,,,,,,,,,,,,,,,,,,,,,,,,,,,,,,,,,,,,,,,,,,,,,,,,,,629,1273.25
1786993680,138.85,138.85,138.82,138.83,140.53,138.2,,,,,,,,,,,,,,,,,,,,,,,,,,,,,,,,,,,,,,,,,,,,,,,,,,,,799,1261.15
1786993740,138.84,138.84,138.83,138.83,140.53,138.2,,,,,,,,,,,,,,,,,,,,,,,,,,,,,,,,,,,,,,,,,,,,,,,,,,,,186,1255.7
1786993800,138.835,138.88,138.79,138.79,140.53,138.2,,,,,,,,,,,,,,,,,,,,,,,,,,,,,,,,,,,,,,,,,,,,,,,,,,,,2552,1317.45
1786993860,138.8,138.83,138.77,138.77,140.53,138.2,,,,,,,,,,,,,,,,,,,,,,,,,,,,,,,,,,,,,,,,,,,,,,,,,,,,1217,1353.3
1786993920,138.78,138.78,138.72,138.72,140.53,138.2,,,,,,,,,,,,,,,,,,,,,,,,,,,,,,,,,,,,,,,,,,,,,,,,,,,,1126,1342.2
1786993980,138.71,138.71,138.67,138.68,140.53,138.2,,,,,,,,,,,,,,,,,,,,,,,,,,,,,,,,,,,,,,,,,,,,,,,,,,,,836,1364.5
1786994040,138.66,138.66,138.63,138.63,140.53,138.2,,,,,,,,,,,,,,,,,,,,,,,,,,,,,,,,,,,,,,,,,,,,,,,,,,,,457,1374.55
1786994100,138.62,138.7,138.6,138.69,140.53,138.2,,,,,,,,,,,,,,,,,,,,,,,,,,,,,,,,,,,,,,,,,,,,,,,,,,,,2092,1417.15
1786994160,138.67,138.72,138.67,138.72,140.53,138.2,,,,,,,,,,,,,,,,,,,,,,,,,,,,,,,,,,,,,,,,,,,,,,,,,,,,823,1445.4
1786994220,138.72,138.73,138.7,138.73,140.53,138.2,,,,,,,,,,,,,,,,,,,,,,,,,,,,,,,,,,,,,,,,,,,,,,,,,,,,1421,1266.2
1786994280,138.74,138.77,138.73,138.76,140.53,138.2,,,,,,,,,,,,,,,,,,,,,,,,,,,,,,,,,,,,,,,,,,,,,,,,,,,,815,910.2
1786994340,138.78,138.84,138.73,138.73,140.53,138.2,,,,,,,,,,,,,,,,,,,,,,,,,,,,,,,,,,,,,,,,,,,,,,,,,,,,1711,953.15
1786994400,138.75,138.77,138.7,138.72,140.53,138.2,,,,,,,,,,,,,,,,,,,,,,,,,,,,,,,,,,,,,,,,,,,,,,,,,,,,1340,974.35
1786994460,138.73,138.73,138.6,138.63,140.53,138.2,,,,,,,,,,,,,,,,,,,,,,,,,,,,,,,,,,,,,,,,,,,,,,,,,,,,1405,999.45
1786994520,138.63,138.65,138.6,138.645,140.53,138.2,,,,,,,,,,,,,,,,,,,,,,,,,,,,,,,,,,,,,,,,,,,,,,,,,,,,1277,1049.8
1786994580,138.66,138.66,138.56,138.6,140.53,138.2,,,,,,,,,,,,,,,,,,,,,,,,,,,,,,,,,,,,,,,,,,,,,,,,,,,,2469,1135.15
1786994640,138.62,138.67,138.62,138.64,140.53,138.2,,,,,,,,,,,,,,,,,,,,,,,,,,,,,,,,,,,,,,,,,,,,,,,,,,,,1698,1201.15
1786994700,138.62,138.675,138.62,138.63,140.53,138.2,,,,,,,,,,,,,,,,,,,,,,,,,,,,,,,,,,,,,,,,,,,,,,,,,,,,823,1228.2
1786994760,138.64,138.66,138.62,138.62,140.53,138.2,,,,,,,,,,,,,,,,,,,,,,,,,,,,,,,,,,,,,,,,,,,,,,,,,,,,549,1211.25
1786994820,138.63,138.65,138.61,138.65,140.53,138.2,,,,,,,,,,,,,,,,,,,,,,,,,,,,,,,,,,,,,,,,,,,,,,,,,,,,702,1214.9
1786994880,138.655,138.68,138.65,138.68,140.53,138.2,,,,,,,,,,,,,,,,,,,,,,,,,,,,,,,,,,,,,,,,,,,,,,,,,,,,1192,1234.55
1786994940,138.67,138.67,138.57,138.57,140.53,138.2,,,,,,,,,,,,,,,,,,,,,,,,,,,,,,,,,,,,,,,,,,,,,,,,,,,,1922,1321.35
1786995000,138.58,138.61,138.34,138.4,140.53,138.2,,,,,,,,,,,,,,,,,,,,,,,,,,,,,,,,,,,,,,,,,,,,,,,,,,,,6599,1523.7
1786995060,138.42,138.53,138.41,138.46,140.53,138.2,,,,,,,,,,,,,,,,,,,,,,,,,,,,,,,,,,,,,,,,,,,,,,,,,,,,4539,1689.8
1786995120,138.45,138.48,138.38,138.4,140.53,138.2,,,,,,,,,,,,,,,,,,,,,,,,,,,,,,,,,,,,,,,,,,,,,,,,,,,,4001,1833.55
1786995180,138.38,138.39,138.28,138.36,140.53,138.2,,,,,,,,,,,,,,,,,,,,,,,,,,,,,,,,,,,,,,,,,,,,,,,,,,,,4883,2035.9
1786995240,138.38,138.48,138.38,138.47,140.53,138.2,,,,,,,,,,,,,,,,,,,,,,,,,,,,,,,,,,,,,,,,,,,,,,,,,,,,946,2060.35
1786995300,138.47,138.49,138.39,138.4,140.53,138.2,,,,,,,,,,,,,,,,,,,,,,,,,,,,,,,,,,,,,,,,,,,,,,,,,,,,2329,2072.2
1786995360,138.39,138.42,138.34,138.41,140.53,138.2,,,,,,,,,,,,,,,,,,,,,,,,,,,,,,,,,,,,,,,,,,,,,,,,,,,,842,2073.15
1786995420,138.42,138.45,138.24,138.26,140.53,138.2,,,,,,,,,,,,,,,,,,,,,,,,,,,,,,,,,,,,,,,,,,,,,,,,,,,,10514,2527.8
1786995480,138.28,138.38,138.28,138.36,140.53,138.2,,,,,,,,,,,,,,,,,,,,,,,,,,,,,,,,,,,,,,,,,,,,,,,,,,,,2201,2597.1
1786995540,138.37,138.37,138.21,138.29,140.53,138.2,,,,,,,,,,,,,,,,,,,,,,,,,,,,,,,,,,,,,,,,,,,,,,,,,,,,7042,2863.65
1786995600,138.29,138.29,138.11,138.19,140.53,138.2,,,,,,,,,,,,,,,,,,,,,,,,,,,,,,,,,,,,,,,,,,,,,,,,,,,,7889,3191.1
1786995660,138.19,138.22,138.1,138.12,140.53,138.2,,,,,,,,,,,,,,,,,,,,,,,,,,,,,,,,,,,,,,,,,,,,,,,,,,,,1097,3175.7
1786995720,138.08,138.08,137.91,137.91,140.53,138.2,,,,,,,,,,,,,,,,,,,,,,,,,,,,,,,,,,,,,,,,,,,,,,,,,,,,2676,3245.65
1786995780,137.9,137.93,137.82,137.89,140.53,138.2,,,,,,,,,,,,,,,,,,,,,,,,,,,,,,,,,,,,,,,,,,,,,,,,,,,,4938,3369.1
1786995840,137.91,137.91,137.83,137.85,140.53,138.2,,,,,,,,,,,,,,,,,,,,,,,,,,,,,,,,,,,,,,,,,,,,,,,,,,,,3161,3442.25
1786995900,137.835,137.93,137.8,137.93,140.53,138.2,,,,,,,,,,,,,,,,,,,,,,,,,,,,,,,,,,,,,,,,,,,,,,,,,,,,2333,3517.75
1786995960,137.93,138.02,137.93,138.02,140.53,138.2,,,,,,,,,,,,,,,,,,,,,,,,,,,,,,,,,,,,,,,,,,,,,,,,,,,,2177,3599.15
1786996020,138.02,138.115,137.99,138.115,140.53,138.2,,,,,,,,,,,,,,,,,,,,,,,,,,,,,,,,,,,,,,,,,,,,,,,,,,,,5148,3821.45
1786996080,138.15,138.43,138.14,138.43,140.53,138.2,,,,,,,,,,,,,,,,,,,,,,,,,,,,,,,,,,,,,,,,,,,,,,,,,,,,9723,4248
1786996140,138.48,138.55,138.35,138.35,140.53,138.2,,,,,,,,,,,,,,,,,,,,,,,,,,,,,,,,,,,,,,,,,,,,,,,,,,,,5700,4436.9
1786996200,138.32,138.465,138.29,138.46,140.53,138.2,,,,,,,,,,,,,,,,,,,,,,,,,,,,,,,,,,,,,,,,,,,,,,,,,,,,8863,4550.1
1786996260,138.44,138.48,138.41,138.47,140.53,138.2,,,,,,,,,,,,,,,,,,,,,,,,,,,,,,,,,,,,,,,,,,,,,,,,,,,,4452,4545.75
1786996320,138.46,138.49,138.44,138.46,140.53,138.2,,,,,,,,,,,,,,,,,,,,,,,,,,,,,,,,,,,,,,,,,,,,,,,,,,,,3130,4502.2
1786996380,138.48,138.65,138.48,138.59,140.53,138.2,,,,,,,,,,,,,,,,,,,,,,,,,,,,,,,,,,,,,,,,,,,,,,,,,,,,4401,4478.1
1786996440,138.59,138.66,138.57,138.57,140.53,138.2,,,,,,,,,,,,,,,,,,,,,,,,,,,,,,,,,,,,,,,,,,,,,,,,,,,,4325,4647.05
1786996500,138.57,138.57,138.38,138.38,140.53,138.2,,,,,,,,,,,,,,,,,,,,,,,,,,,,,,,,,,,,,,,,,,,,,,,,,,,,8962,4978.7
1786996560,138.41,138.41,138.34,138.39,140.53,138.2,,,,,,,,,,,,,,,,,,,,,,,,,,,,,,,,,,,,,,,,,,,,,,,,,,,,4006,5136.9
1786996620,138.4,138.53,138.37,138.53,140.53,138.2,,,,,,,,,,,,,,,,,,,,,,,,,,,,,,,,,,,,,,,,,,,,,,,,,,,,6941,4958.25
1786996680,138.53,138.665,138.5,138.66,140.53,138.2,,,,,,,,,,,,,,,,,,,,,,,,,,,,,,,,,,,,,,,,,,,,,,,,,,,,19858,5841.1
1786996740,138.65,138.655,138.44,138.5,140.53,138.2,,,1,20,1,1786974420000,140.73,140.53,138.2,2.3300000000000125,0.28616575123937116,0.1065870816457086,2.082000994812747,2,1786974540000,2,0,,,,0,0,0,0,0,,,,0,0,0,0,0,,,,0,0,0,0,0,,,,0,0,0,0,,-1,20,29528,6965.4
1787059800,137.55,137.815,136.84,137.41,137.815,136.84,,,,,,,,,,,,,,,,,,,,,,,,,,,,,,,,,,,,,,,,,,,,,,,,,,,,3569,6749.4
1787059860,137.66,137.92,137.38,137.87,137.92,136.84,,,,,,,,,,,,,,,,,,,,,,,,,,,,,,,,,,,,,,,,,,,,,,,,,,,,1859,6787.5
1787059920,137.93,138.27,137.93,138.01,138.27,136.84,,,,,,,,,,,,,,,,,,,,,,,,,,,,,,,,,,,,,,,,,,,,,,,,,,,,927,6700.05
1787059980,137.91,137.91,137.69,137.8,138.27,136.84,,,,,,,,,,,,,,,,,,,,,,,,,,,,,,,,,,,,,,,,,,,,,,,,,,,,2279,6567.1
1787060040,137.78,137.84,137.54,137.74,138.27,136.84,,,,,,,,,,,,,,,,,,,,,,,,,,,,,,,,,,,,,,,,,,,,,,,,,,,,10853,6951.7
1787060100,137.75,138.12,137.75,137.91,138.27,136.84,,,,,,,,,,,,,,,,,,,,,,,,,,,,,,,,,,,,,,,,,,,,,,,,,,,,3603,7015.2
1787060160,137.96,137.98,137.675,137.675,138.27,136.84,,,,,,,,,,,,,,,,,,,,,,,,,,,,,,,,,,,,,,,,,,,,,,,,,,,,1849,6998.8
1787060220,137.715,137.84,137.5,137.5,138.27,136.84,,,,,,,,,,,,,,,,,,,,,,,,,,,,,,,,,,,,,,,,,,,,,,,,,,,,4985,6990.65
1787060280,137.68,138.05,137.68,138.05,138.27,136.84,,,,,,,,,,,,,,,,,,,,,,,,,,,,,,,,,,,,,,,,,,,,,,,,,,,,1668,6587.9
1787060340,138.12,138.13,137.92,137.995,138.27,136.84,,,,,,,,,,,,,,,,,,,,,,,,,,,,,,,,,,,,,,,,,,,,,,,,,,,,1130,6359.4
1787060400,137.995,137.995,137.39,137.5,138.27,136.84,,,,,,,,,,,,,,,,,,,,,,,,,,,,,,,,,,,,,,,,,,,,,,,,,,,,2377,6035.1
1787060460,137.39,137.5,137.36,137.43,138.27,136.84,,,,,,,,,,,,,,,,,,,,,,,,,,,,,,,,,,,,,,,,,,,,,,,,,,,,881,5856.55
1787060520,137.47,137.71,137.45,137.66,138.27,136.84,,,,,,,,,,,,,,,,,,,,,,,,,,,,,,,,,,,,,,,,,,,,,,,,,,,,1050,5752.55
1787060580,137.6,137.62,137.6,137.62,138.27,136.84,,,,,,,,,,,,,,,,,,,,,,,,,,,,,,,,,,,,,,,,,,,,,,,,,,,,325,5548.75
1787060640,137.57,137.67,137.545,137.545,138.27,136.84,,,,,,,,,,,,,,,,,,,,,,,,,,,,,,,,,,,,,,,,,,,,,,,,,,,,1486,5406.8
1787060700,137.51,137.51,137.3,137.47,138.27,136.84,,,,,,,,,,,,,,,,,,,,,,,,,,,,,,,,,,,,,,,,,,,,,,,,,,,,2712,5094.3
1787060760,137.5,137.53,137.34,137.34,138.27,136.84,,,,,,,,,,,,,,,,,,,,,,,,,,,,,,,,,,,,,,,,,,,,,,,,,,,,384,4913.2
1787060820,137.36,137.64,137.36,137.62,138.27,136.84,,,,,,,,,,,,,,,,,,,,,,,,,,,,,,,,,,,,,,,,,,,,,,,,,,,,1728,4652.55
1787060880,137.57,137.61,137.52,137.61,138.27,136.84,,,,,,,,,,,,,,,,,,,,,,,,,,,,,,,,,,,,,,,,,,,,,,,,,,,,551,3687.2
1787060940,137.51,137.59,137.41,137.44,138.27,136.84,,,,,,,,,,,,,,,,,,,,,,,,,,,,,,,,,,,,,,,,,,,,,,,,,,,,1310,2276.3
1787061000,137.32,137.55,137.32,137.53,138.27,136.84,,,,,,,,,,,,,,,,,,,,,,,,,,,,,,,,,,,,,,,,,,,,,,,,,,,,1354,2165.55
1787061060,137.46,137.54,137.41,137.54,138.27,136.84,,,,,,,,,,,,,,,,,,,,,,,,,,,,,,,,,,,,,,,,,,,,,,,,,,,,992,2122.2
1787061120,137.52,137.62,137.44,137.55,138.27,136.84,,,,,,,,,,,,,,,,,,,,,,,,,,,,,,,,,,,,,,,,,,,,,,,,,,,,825,2117.1
1787061180,137.555,137.63,137.49,137.49,138.27,136.84,,,,,,,,,,,,,,,,,,,,,,,,,,,,,,,,,,,,,,,,,,,,,,,,,,,,1046,2055.45
1787061240,137.55,137.56,137.43,137.51,138.27,136.84,,,,,,,,,,,,,,,,,,,,,,,,,,,,,,,,,,,,,,,,,,,,,,,,,,,,713,1548.45
1787061300,137.57,137.58,137.42,137.51,138.27,136.84,,,,,,,,,,,,,,,,,,,,,,,,,,,,,,,,,,,,,,,,,,,,,,,,,,,,732,1404.9
1787061360,137.55,137.76,137.55,137.7,138.27,136.84,,,,,,,,,,,,,,,,,,,,,,,,,,,,,,,,,,,,,,,,,,,,,,,,,,,,2574,1441.15
1787061420,137.61,137.78,137.61,137.76,138.27,136.84,,,,,,,,,,,,,,,,,,,,,,,,,,,,,,,,,,,,,,,,,,,,,,,,,,,,869,1235.35
1787061480,137.77,137.89,137.75,137.89,138.27,136.84,,,,,,,,,,,,,,,,,,,,,,,,,,,,,,,,,,,,,,,,,,,,,,,,,,,,1796,1241.75
1787061540,137.87,137.87,137.62,137.74,138.27,136.84,,,,,,,,,,,,,,,,,,,,,,,,,,,,,,,,,,,,,,,,,,,,,,,,,,,,3910,1380.75
1787061600,137.71,137.75,137.52,137.74,138.27,136.84,,,,,,,,,,,,,,,,,,,,,,,,,,,,,,,,,,,,,,,,,,,,,,,,,,,,3023,1413.05
1787061660,137.74,137.74,137.56,137.63,138.27,136.84,,,,,,,,,,,,,,,,,,,,,,,,,,,,,,,,,,,,,,,,,,,,,,,,,,,,1850,1461.5
1787061720,137.66,137.74,137.63,137.67,138.27,136.84,,,,,,,,,,,,,,,,,,,,,,,,,,,,,,,,,,,,,,,,,,,,,,,,,,,,1330,1475.5
1787061780,137.71,137.76,137.67,137.67,138.27,136.84,,,,,,,,,,,,,,,,,,,,,,,,,,,,,,,,,,,,,,,,,,,,,,,,,,,,1057,1512.1
1787061840,137.65,137.85,137.63,137.83,138.27,136.84,,,,,,,,,,,,,,,,,,,,,,,,,,,,,,,,,,,,,,,,,,,,,,,,,,,,3078,1591.7
1787061900,137.87,137.87,137.68,137.68,138.27,136.84,,,,,,,,,,,,,,,,,,,,,,,,,,,,,,,,,,,,,,,,,,,,,,,,,,,,2043,1558.25
1787061960,137.7,137.74,137.615,137.64,138.27,136.84,,,,,,,,,,,,,,,,,,,,,,,,,,,,,,,,,,,,,,,,,,,,,,,,,,,,1605,1619.3
1787062020,137.67,137.71,137.64,137.67,138.27,136.84,,,,,,,,,,,,,,,,,,,,,,,,,,,,,,,,,,,,,,,,,,,,,,,,,,,,937,1579.75
1787062080,137.64,137.83,137.56,137.79,138.27,136.84,,,,,,,,,,,,,,,,,,,,,,,,,,,,,,,,,,,,,,,,,,,,,,,,,,,,3707,1737.55
1787062140,137.78,137.79,137.72,137.77,138.27,136.84,,,,,,,,,,,,,,,,,,,,,,,,,,,,,,,,,,,,,,,,,,,,,,,,,,,,1225,1733.3
1787062200,137.74,137.76,137.6,137.68,138.27,136.84,,,,,,,,,,,,,,,,,,,,,,,,,,,,,,,,,,,,,,,,,,,,,,,,,,,,1959,1763.55
1787062260,137.66,137.66,137.51,137.51,138.27,136.84,,,,,,,,,,,,,,,,,,,,,,,,,,,,,,,,,,,,,,,,,,,,,,,,,,,,1947,1811.3
1787062320,137.49,137.69,137.4,137.65,138.27,136.84,,,,,,,,,,,,,,,,,,,,,,,,,,,,,,,,,,,,,,,,,,,,,,,,,,,,2961,1918.1
1787062380,137.62,137.66,137.56,137.58,138.27,136.84,,,,,,,,,,,,,,,,,,,,,,,,,,,,,,,,,,,,,,,,,,,,,,,,,,,,1089,1920.25
1787062440,137.65,137.68,137.53,137.545,138.27,136.84,,,,,,,,,,,,,,,,,,,,,,,,,,,,,,,,,,,,,,,,,,,,,,,,,,,,1454,1957.3
1787062500,137.58,137.59,137.36,137.52,138.27,136.84,,,,,,,,,,,,,,,,,,,,,,,,,,,,,,,,,,,,,,,,,,,,,,,,,,,,2077,2024.55
1787062560,137.51,137.58,137.46,137.55,138.27,136.84,,,,,,,,,,,,,,,,,,,,,,,,,,,,,,,,,,,,,,,,,,,,,,,,,,,,969,1944.3
1787062620,137.58,137.63,137.48,137.585,138.27,136.84,,,,,,,,,,,,,,,,,,,,,,,,,,,,,,,,,,,,,,,,,,,,,,,,,,,,941,1947.9
1787062680,137.56,137.65,137.54,137.6,138.27,136.84,,,,,,,,,,,,,,,,,,,,,,,,,,,,,,,,,,,,,,,,,,,,,,,,,,,,2470,1981.6
1787062740,137.59,137.59,137.45,137.47,138.27,136.84,,,,,,,,,,,,,,,,,,,,,,,,,,,,,,,,,,,,,,,,,,,,,,,,,,,,2188,1895.5
1787062800,137.45,137.51,137.33,137.5,138.27,136.84,,,,,,,,,,,,,,,,,,,,,,,,,,,,,,,,,,,,,,,,,,,,,,,,,,,,1790,1833.85
1787062860,137.51,137.515,137.4,137.4,138.27,136.84,,,,,,,,,,,,,,,,,,,,,,,,,,,,,,,,,,,,,,,,,,,,,,,,,,,,891,1785.9
1787062920,137.42,137.55,137.34,137.38,138.27,136.84,,,,,,,,,,,,,,,,,,,,,,,,,,,,,,,,,,,,,,,,,,,,,,,,,,,,6770,2057.9
1787062980,137.37,137.38,137.28,137.29,138.27,136.84,,,,,,,,,,,,,,,,,,,,,,,,,,,,,,,,,,,,,,,,,,,,,,,,,,,,781,2044.1
1787063040,137.27,137.45,137.24,137.45,138.27,136.84,,,,,,,,,,,,,,,,,,,,,,,,,,,,,,,,,,,,,,,,,,,,,,,,,,,,2991,2039.75
1787063100,137.44,137.44,137.36,137.42,138.27,136.84,,,,,,,,,,,,,,,,,,,,,,,,,,,,,,,,,,,,,,,,,,,,,,,,,,,,1743,2024.75
1787063160,137.41,137.43,137.37,137.38,138.27,136.84,,,,,,,,,,,,,,,,,,,,,,,,,,,,,,,,,,,,,,,,,,,,,,,,,,,,1424,2015.7
1787063220,137.39,137.46,137.35,137.36,138.27,136.84,,,,,,,,,,,,,,,,,,,,,,,,,,,,,,,,,,,,,,,,,,,,,,,,,,,,2445,2091.1
1787063280,137.37,137.42,137.37,137.4,138.27,136.84,,,,,,,,,,,,,,,,,,,,,,,,,,,,,,,,,,,,,,,,,,,,,,,,,,,,1041,1957.8
1787063340,137.46,137.46,137.27,137.27,138.27,136.84,,,,,,,,,,,,,,,,,,,,,,,,,,,,,,,,,,,,,,,,,,,,,,,,,,,,1891,1991.1
1787063400,137.25,137.53,137.25,137.53,138.27,136.84,,,,,,,,,,,,,,,,,,,,,,,,,,,,,,,,,,,,,,,,,,,,,,,,,,,,4089,2097.6
1787063460,137.53,137.53,137.405,137.405,138.27,136.84,,,,,,,,,,,,,,,,,,,,,,,,,,,,,,,,,,,,,,,,,,,,,,,,,,,,748,2037.65
1787063520,137.4,137.54,137.4,137.54,138.27,136.84,,,,,,,,,,,,,,,,,,,,,,,,,,,,,,,,,,,,,,,,,,,,,,,,,,,,2081,1993.65
1787063580,137.59,137.59,137.47,137.5,138.27,136.84,,,,,,,,,,,,,,,,,,,,,,,,,,,,,,,,,,,,,,,,,,,,,,,,,,,,962,1987.3
1787063640,137.48,137.5,137.38,137.38,138.27,136.84,,,,,,,,,,,,,,,,,,,,,,,,,,,,,,,,,,,,,,,,,,,,,,,,,,,,1908,2010
1787063700,137.3,137.33,137.2,137.21,138.27,136.84,,,,,,,,,,,,,,,,,,,,,,,,,,,,,,,,,,,,,,,,,,,,,,,,,,,,2316,2021.95
1787063760,137.195,137.41,137.195,137.41,138.27,136.84,,,,,,,,,,,,,,,,,,,,,,,,,,,,,,,,,,,,,,,,,,,,,,,,,,,,1944,2070.7
1787063820,137.445,137.47,137.39,137.43,138.27,136.84,,,,,,,,,,,,,,,,,,,,,,,,,,,,,,,,,,,,,,,,,,,,,,,,,,,,5051,2276.2
1787063880,137.39,137.39,137.22,137.32,138.27,136.84,,,,,,,,,,,,,,,,,,,,,,,,,,,,,,,,,,,,,,,,,,,,,,,,,,,,9443,2624.85
1787063940,137.32,137.32,137.15,137.25,138.27,136.84,,,,,,,,,,,,,,,,,,,,,,,,,,,,,,,,,,,,,,,,,,,,,,,,,,,,3680,2699.45
1787064000,137.28,137.3,137.13,137.24,138.27,136.84,,,,,,,,,,,,,,,,,,,,,,,,,,,,,,,,,,,,,,,,,,,,,,,,,,,,2130,2716.45
1787064060,137.23,137.32,137.14,137.14,138.27,136.84,,,,,,,,,,,,,,,,,,,,,,,,,,,,,,,,,,,,,,,,,,,,,,,,,,,,715,2707.65
1787064120,137.15,137.19,137.11,137.11,138.27,136.84,,,,,,,,,,,,,,,,,,,,,,,,,,,,,,,,,,,,,,,,,,,,,,,,,,,,647,2401.5
1787064180,137.13,137.17,137.11,137.11,138.27,136.84,,,,,,,,,,,,,,,,,,,,,,,,,,,,,,,,,,,,,,,,,,,,,,,,,,,,810,2402.95
1787064240,137.1,137.15,136.9,136.9,138.27,136.84,,,,,,,,,,,,,,,,,,,,,,,,,,,,,,,,,,,,,,,,,,,,,,,,,,,,2128,2359.8
1787064300,136.86,136.87,136.77,136.77,138.27,136.84,,,,,,,,,,,,,,,,,,,,,,,,,,,,,,,,,,,,,,,,,,,,,,,,,,,,1590,2352.15
1787064360,136.77,136.8,136.54,136.56,138.27,136.84,,,,,,,,,,,,,,,,,,,,,,,,,,,,,,,,,,,,,,,,,,,,,,,,,,,,4088,2485.35
1787064420,136.5,136.68,136.49,136.61,138.27,136.84,,,,,,,,,,,,,,,,,,,,,,,,,,,,,,,,,,,,,,,,,,,,,,,,,,,,2193,2472.75
1787064480,136.6,136.78,136.515,136.78,138.27,136.84,,,,,,,,,,,,,,,,,,,,,,,,,,,,,,,,,,,,,,,,,,,,,,,,,,,,4497,2645.55
1787064540,136.78,136.78,136.655,136.725,138.27,136.84,,,,,,,,,,,,,,,,,,,,,,,,,,,,,,,,,,,,,,,,,,,,,,,,,,,,705,2586.25
1787064600,136.74,136.79,136.695,136.74,138.27,136.84,,,,,,,,,,,,,,,,,,,,,,,,,,,,,,,,,,,,,,,,,,,,,,,,,,,,1164,2440
1787064660,136.74,137.015,136.71,137,138.27,136.84,,,,,,,,,,,,,,,,,,,,,,,,,,,,,,,,,,,,,,,,,,,,,,,,,,,,3070,2556.1
1787064720,136.99,136.99,136.76,136.785,138.27,136.84,,,,,,,,,,,,,,,,,,,,,,,,,,,,,,,,,,,,,,,,,,,,,,,,,,,,1578,2530.95
1787064780,136.75,136.79,136.6,136.79,138.27,136.84,,,,,,,,,,,,,,,,,,,,,,,,,,,,,,,,,,,,,,,,,,,,,,,,,,,,2338,2599.75
1787064840,136.76,136.79,136.72,136.73,138.27,136.84,,,,,,,,,,,,,,,,,,,,,,,,,,,,,,,,,,,,,,,,,,,,,,,,,,,,482,2528.45
1787064900,136.72,136.8,136.68,136.79,138.27,136.84,,,,,,,,,,,,,,,,,,,,,,,,,,,,,,,,,,,,,,,,,,,,,,,,,,,,802,2452.75
1787064960,136.81,136.82,136.75,136.75,138.27,136.84,,,,,,,,,,,,,,,,,,,,,,,,,,,,,,,,,,,,,,,,,,,,,,,,,,,,3021,2506.6
1787065020,136.76,136.79,136.64,136.64,138.27,136.84,,,,,,,,,,,,,,,,,,,,,,,,,,,,,,,,,,,,,,,,,,,,,,,,,,,,873,2297.7
1787065080,136.71,136.73,136.67,136.73,138.27,136.84,,,,,,,,,,,,,,,,,,,,,,,,,,,,,,,,,,,,,,,,,,,,,,,,,,,,567,1853.9
1787065140,136.73,136.8,136.7,136.725,138.27,136.84,,,,,,,,,,,,,,,,,,,,,,,,,,,,,,,,,,,,,,,,,,,,,,,,,,,,1536,1746.7
1787065200,136.71,136.73,136.675,136.68,138.27,136.84,,,,,,,,,,,,,,,,,,,,,,,,,,,,,,,,,,,,,,,,,,,,,,,,,,,,754,1677.9
1787065260,136.66,136.715,136.64,136.68,138.27,136.84,,,,,,,,,,,,,,,,,,,,,,,,,,,,,,,,,,,,,,,,,,,,,,,,,,,,2207,1752.5
1787065320,136.69,136.77,136.69,136.76,138.27,136.84,,,,,,,,,,,,,,,,,,,,,,,,,,,,,,,,,,,,,,,,,,,,,,,,,,,,912,1765.75
1787065380,136.77,136.8,136.64,136.8,138.27,136.84,,,,,,,,,,,,,,,,,,,,,,,,,,,,,,,,,,,,,,,,,,,,,,,,,,,,1948,1822.65
1787065440,136.79,136.95,136.79,136.94,138.27,136.84,,,,,,,,,,,,,,,,,,,,,,,,,,,,,,,,,,,,,,,,,,,,,,,,,,,,3262,1879.35
1787065500,136.89,136.98,136.87,136.97,138.27,136.84,,,,,,,,,,,,,,,,,,,,,,,,,,,,,,,,,,,,,,,,,,,,,,,,,,,,827,1841.2
1787065560,136.96,137.05,136.89,136.91,138.27,136.84,,,,,,,,,,,,,,,,,,,,,,,,,,,,,,,,,,,,,,,,,,,,,,,,,,,,675,1670.55
1787065620,136.9,136.91,136.84,136.885,138.27,136.84,,,,,,,,,,,,,,,,,,,,,,,,,,,,,,,,,,,,,,,,,,,,,,,,,,,,341,1577.95
1787065680,136.85,136.85,136.73,136.75,138.27,136.84,,,,,,,,,,,,,,,,,,,,,,,,,,,,,,,,,,,,,,,,,,,,,,,,,,,,700,1388.1
1787065740,136.75,136.77,136.66,136.675,138.27,136.84,,,,,,,,,,,,,,,,,,,,,,,,,,,,,,,,,,,,,,,,,,,,,,,,,,,,1929,1449.3
1787065800,136.66,136.76,136.645,136.66,138.27,136.84,,,,,,,,,,,,,,,,,,,,,,,,,,,,,,,,,,,,,,,,,,,,,,,,,,,,2128,1497.5
1787065860,136.65,136.7,136.595,136.625,138.27,136.84,,,,,,,,,,,,,,,,,,,,,,,,,,,,,,,,,,,,,,,,,,,,,,,,,,,,1124,1400.2
1787065920,136.62,136.84,136.54,136.82,138.27,136.84,,,,,,,,,,,,,,,,,,,,,,,,,,,,,,,,,,,,,,,,,,,,,,,,,,,,5881,1615.35
1787065980,136.79,136.81,136.76,136.77,138.27,136.84,,,,,,,,,,,,,,,,,,,,,,,,,,,,,,,,,,,,,,,,,,,,,,,,,,,,1194,1558.15
1787066040,136.77,136.825,136.735,136.8,138.27,136.84,,,,,,,,,,,,,,,,,,,,,,,,,,,,,,,,,,,,,,,,,,,,,,,,,,,,1605,1614.3
1787066100,136.8,136.8,136.7,136.7,138.27,136.84,,,,,,,,,,,,,,,,,,,,,,,,,,,,,,,,,,,,,,,,,,,,,,,,,,,,1115,1629.95
1787066160,136.72,136.78,136.715,136.73,138.27,136.84,,,,,,,,,,,,,,,,,,,,,,,,,,,,,,,,,,,,,,,,,,,,,,,,,,,,1066,1532.2
1787066220,136.72,136.72,136.65,136.65,138.27,136.84,,,,,,,,,,,,,,,,,,,,,,,,,,,,,,,,,,,,,,,,,,,,,,,,,,,,553,1516.2
1787066280,136.63,136.65,136.58,136.61,138.27,136.84,,,,,,,,,,,,,,,,,,,,,,,,,,,,,,,,,,,,,,,,,,,,,,,,,,,,880,1531.85
1787066340,136.62,136.63,136.49,136.49,138.27,136.84,,,,,,,,,,,,,,,,,,,,,,,,,,,,,,,,,,,,,,,,,,,,,,,,,,,,3720,1641.05
1787066400,136.5,136.62,136.445,136.62,138.27,136.84,,,,,,,,,,,,,,,,,,,,,,,,,,,,,,,,,,,,,,,,,,,,,,,,,,,,1538,1680.25
1787066460,136.58,136.62,136.57,136.62,138.27,136.84,,,,,,,,,,,,,,,,,,,,,,,,,,,,,,,,,,,,,,,,,,,,,,,,,,,,801,1609.95
1787066520,136.58,136.58,136.5,136.57,138.27,136.84,,,,,,,,,,,,,,,,,,,,,,,,,,,,,,,,,,,,,,,,,,,,,,,,,,,,1339,1631.3
1787066580,136.6,136.65,136.59,136.59,138.27,136.84,,,,,,,,,,,,,,,,,,,,,,,,,,,,,,,,,,,,,,,,,,,,,,,,,,,,851,1576.45
1787066640,136.6,136.63,136.6,136.63,138.27,136.84,,,,,,,,,,,,,,,,,,,,,,,,,,,,,,,,,,,,,,,,,,,,,,,,,,,,101,1418.4
1787066700,136.56,136.65,136.53,136.63,138.27,136.84,,,,,,,,,,,,,,,,,,,,,,,,,,,,,,,,,,,,,,,,,,,,,,,,,,,,834,1418.75
1787066760,136.61,136.72,136.61,136.69,138.27,136.84,,,,,,,,,,,,,,,,,,,,,,,,,,,,,,,,,,,,,,,,,,,,,,,,,,,,1075,1438.75
1787066820,136.66,136.66,136.65,136.65,138.27,136.84,,,,,,,,,,,,,,,,,,,,,,,,,,,,,,,,,,,,,,,,,,,,,,,,,,,,79,1425.65
1787066880,136.69,136.75,136.68,136.69,138.27,136.84,,,,,,,,,,,,,,,,,,,,,,,,,,,,,,,,,,,,,,,,,,,,,,,,,,,,1164,1448.85
1787066940,136.69,136.7,136.64,136.65,138.27,136.84,,,,,,,,,,,,,,,,,,,,,,,,,,,,,,,,,,,,,,,,,,,,,,,,,,,,400,1372.4
1787067000,136.68,136.79,136.68,136.78,138.27,136.84,,,,,,,,,,,,,,,,,,,,,,,,,,,,,,,,,,,,,,,,,,,,,,,,,,,,1038,1317.9
1787067060,136.79,136.79,136.74,136.785,138.27,136.84,,,,,,,,,,,,,,,,,,,,,,,,,,,,,,,,,,,,,,,,,,,,,,,,,,,,492,1286.3
1787067120,136.78,136.96,136.78,136.82,138.27,136.84,,,,,,,,,,,,,,,,,,,,,,,,,,,,,,,,,,,,,,,,,,,,,,,,,,,,686,1026.55
1787067180,136.88,136.93,136.83,136.9,138.27,136.84,,,,,,,,,,,,,,,,,,,,,,,,,,,,,,,,,,,,,,,,,,,,,,,,,,,,97,971.7
1787067240,136.89,136.97,136.89,136.94,138.27,136.84,,,,,,,,,,,,,,,,,,,,,,,,,,,,,,,,,,,,,,,,,,,,,,,,,,,,296,906.25
1787067300,136.915,136.93,136.81,136.91,138.27,136.84,,,,,,,,,,,,,,,,,,,,,,,,,,,,,,,,,,,,,,,,,,,,,,,,,,,,2233,962.15
1787067360,136.93,137.02,136.92,136.98,138.27,136.84,,,,,,,,,,,,,,,,,,,,,,,,,,,,,,,,,,,,,,,,,,,,,,,,,,,,2267,1022.2
1787067420,137,137.135,136.98,137.08,138.27,136.84,,,,,,,,,,,,,,,,,,,,,,,,,,,,,,,,,,,,,,,,,,,,,,,,,,,,4363,1212.7
1787067480,137.09,137.09,137.04,137.07,138.27,136.84,,,,,,,,,,,,,,,,,,,,,,,,,,,,,,,,,,,,,,,,,,,,,,,,,,,,330,1185.2
1787067540,137.06,137.26,137,137.24,138.27,136.84,,,,,,,,,,,,,,,,,,,,,,,,,,,,,,,,,,,,,,,,,,,,,,,,,,,,2082,1103.3
1787067600,137.2,137.2,137.075,137.13,138.27,136.84,,,,,,,,,,,,,,,,,,,,,,,,,,,,,,,,,,,,,,,,,,,,,,,,,,,,1953,1124.05
1787067660,137.14,137.25,137.14,137.25,138.27,136.84,,,,,,,,,,,,,,,,,,,,,,,,,,,,,,,,,,,,,,,,,,,,,,,,,,,,2259,1196.95
1787067720,137.26,137.42,137.22,137.23,138.27,136.84,,,,,,,,,,,,,,,,,,,,,,,,,,,,,,,,,,,,,,,,,,,,,,,,,,,,3607,1310.35
1787067780,137.22,137.22,137.12,137.17,138.27,136.84,,,,,,,,,,,,,,,,,,,,,,,,,,,,,,,,,,,,,,,,,,,,,,,,,,,,749,1305.25
1787067840,137.21,137.22,137.17,137.17,138.27,136.84,,,,,,,,,,,,,,,,,,,,,,,,,,,,,,,,,,,,,,,,,,,,,,,,,,,,163,1308.35
1787067900,137.16,137.23,137.16,137.19,138.27,136.84,,,,,,,,,,,,,,,,,,,,,,,,,,,,,,,,,,,,,,,,,,,,,,,,,,,,326,1282.95
1787067960,137.24,137.32,137.24,137.305,138.27,136.84,,,,,,,,,,,,,,,,,,,,,,,,,,,,,,,,,,,,,,,,,,,,,,,,,,,,2997,1379.05
1787068020,137.34,137.4,137.3,137.34,138.27,136.84,,,,,,,,,,,,,,,,,,,,,,,,,,,,,,,,,,,,,,,,,,,,,,,,,,,,1191,1434.65
1787068080,137.39,137.405,137.34,137.36,138.27,136.84,,,,,,,,,,,,,,,,,,,,,,,,,,,,,,,,,,,,,,,,,,,,,,,,,,,,901,1421.5
1787068140,137.36,137.36,137.28,137.28,138.27,136.84,,,,,,,,,,,,,,,,,,,,,,,,,,,,,,,,,,,,,,,,,,,,,,,,,,,,238,1413.4
1787068200,137.26,137.28,137.25,137.28,138.27,136.84,,,,,,,,,,,,,,,,,,,,,,,,,,,,,,,,,,,,,,,,,,,,,,,,,,,,771,1400.05
1787068260,137.25,137.3,137.22,137.22,138.27,136.84,,,,,,,,,,,,,,,,,,,,,,,,,,,,,,,,,,,,,,,,,,,,,,,,,,,,984,1424.65
1787068320,137.24,137.27,137.17,137.19,138.27,136.84,,,,,,,,,,,,,,,,,,,,,,,,,,,,,,,,,,,,,,,,,,,,,,,,,,,,11707,1975.7
1787068380,137.21,137.34,137.2,137.24,138.27,136.84,,,,,,,,,,,,,,,,,,,,,,,,,,,,,,,,,,,,,,,,,,,,,,,,,,,,7177,2329.7
1787068440,137.24,137.27,137.22,137.22,138.27,136.84,,,,,,,,,,,,,,,,,,,,,,,,,,,,,,,,,,,,,,,,,,,,,,,,,,,,385,2334.15
1787068500,137.2,137.21,137.12,137.16,138.27,136.84,,,,,,,,,,,,,,,,,,,,,,,,,,,,,,,,,,,,,,,,,,,,,,,,,,,,14507,2947.85
1787068560,137.18,137.2,137.13,137.19,138.27,136.84,,,,,,,,,,,,,,,,,,,,,,,,,,,,,,,,,,,,,,,,,,,,,,,,,,,,275,2848.25
1787068620,137.17,137.19,137.13,137.15,138.27,136.84,,,,,,,,,,,,,,,,,,,,,,,,,,,,,,,,,,,,,,,,,,,,,,,,,,,,131,2636.65
1787068680,137.15,137.18,137.14,137.15,138.27,136.84,,,,,,,,,,,,,,,,,,,,,,,,,,,,,,,,,,,,,,,,,,,,,,,,,,,,397,2640
1787068740,137.15,137.2,137.15,137.2,138.27,136.84,,,,,,,,,,,,,,,,,,,,,,,,,,,,,,,,,,,,,,,,,,,,,,,,,,,,218,2546.8
1787068800,137.18,137.25,137.17,137.25,138.27,136.84,,,,,,,,,,,,,,,,,,,,,,,,,,,,,,,,,,,,,,,,,,,,,,,,,,,,634,2480.85
1787068860,137.25,137.28,137.2,137.2,138.27,136.84,,,,,,,,,,,,,,,,,,,,,,,,,,,,,,,,,,,,,,,,,,,,,,,,,,,,1689,2452.35
1787068920,137.21,137.305,137.21,137.25,138.27,136.84,,,,,,,,,,,,,,,,,,,,,,,,,,,,,,,,,,,,,,,,,,,,,,,,,,,,2421,2393.05
1787068980,137.25,137.29,137.23,137.25,138.27,136.84,,,,,,,,,,,,,,,,,,,,,,,,,,,,,,,,,,,,,,,,,,,,,,,,,,,,724,2391.8
1787069040,137.265,137.3,137.265,137.3,138.27,136.84,,,,,,,,,,,,,,,,,,,,,,,,,,,,,,,,,,,,,,,,,,,,,,,,,,,,355,2401.4
1787069100,137.28,137.35,137.28,137.35,138.27,136.84,,,,,,,,,,,,,,,,,,,,,,,,,,,,,,,,,,,,,,,,,,,,,,,,,,,,644,2417.3
1787069160,137.34,137.34,137.23,137.26,138.27,136.84,,,,,,,,,,,,,,,,,,,,,,,,,,,,,,,,,,,,,,,,,,,,,,,,,,,,537,2294.3
1787069220,137.23,137.23,137.17,137.175,138.27,136.84,,,,,,,,,,,,,,,,,,,,,,,,,,,,,,,,,,,,,,,,,,,,,,,,,,,,354,2252.45
1787069280,137.17,137.17,137.17,137.17,138.27,136.84,,,,,,,,,,,,,,,,,,,,,,,,,,,,,,,,,,,,,,,,,,,,,,,,,,,,100,2212.4
1787069340,137.16,137.17,137.13,137.14,138.27,136.84,,,,,,,,,,,,,,,,,,,,,,,,,,,,,,,,,,,,,,,,,,,,,,,,,,,,557,2228.35
1787069400,137.15,137.26,137.15,137.235,138.27,136.84,,,,,,,,,,,,,,,,,,,,,,,,,,,,,,,,,,,,,,,,,,,,,,,,,,,,612,2220.4
1787069460,137.23,137.24,137.2,137.22,138.27,136.84,,,,,,,,,,,,,,,,,,,,,,,,,,,,,,,,,,,,,,,,,,,,,,,,,,,,824,2212.4
1787069520,137.2,137.23,137.2,137.2,138.27,136.84,,,,,,,,,,,,,,,,,,,,,,,,,,,,,,,,,,,,,,,,,,,,,,,,,,,,537,1653.9
1787069580,137.21,137.21,137.07,137.08,138.27,136.84,,,,,,,,,,,,,,,,,,,,,,,,,,,,,,,,,,,,,,,,,,,,,,,,,,,,691,1329.6
1787069640,137.12,137.24,137.12,137.21,138.27,136.84,,,,,,,,,,,,,,,,,,,,,,,,,,,,,,,,,,,,,,,,,,,,,,,,,,,,295,1325.1
1787069700,137.25,137.3,137.2,137.21,138.27,136.84,,,,,,,,,,,,,,,,,,,,,,,,,,,,,,,,,,,,,,,,,,,,,,,,,,,,3840,791.75
1787069760,137.21,137.25,137.21,137.24,138.27,136.84,,,,,,,,,,,,,,,,,,,,,,,,,,,,,,,,,,,,,,,,,,,,,,,,,,,,105,783.25
1787069820,137.21,137.21,137.17,137.21,138.27,136.84,,,,,,,,,,,,,,,,,,,,,,,,,,,,,,,,,,,,,,,,,,,,,,,,,,,,1096,831.5
1787069880,137.21,137.23,137.19,137.23,138.27,136.84,,,,,,,,,,,,,,,,,,,,,,,,,,,,,,,,,,,,,,,,,,,,,,,,,,,,1085,865.9
1787069940,137.19,137.24,137.19,137.24,138.27,136.84,,,,,,,,,,,,,,,,,,,,,,,,,,,,,,,,,,,,,,,,,,,,,,,,,,,,923,901.15
1787070000,137.26,137.27,137.23,137.26,138.27,136.84,,,,,,,,,,,,,,,,,,,,,,,,,,,,,,,,,,,,,,,,,,,,,,,,,,,,602,899.55
1787070060,137.22,137.28,137.21,137.28,138.27,136.84,,,,,,,,,,,,,,,,,,,,,,,,,,,,,,,,,,,,,,,,,,,,,,,,,,,,801,855.15
1787070120,137.28,137.43,137.28,137.43,138.27,136.84,,,,,,,,,,,,,,,,,,,,,,,,,,,,,,,,,,,,,,,,,,,,,,,,,,,,3503,909.25
1787070180,137.42,137.42,137.33,137.35,138.27,136.84,,,,,,,,,,,,,,,,,,,,,,,,,,,,,,,,,,,,,,,,,,,,,,,,,,,,871,916.6
1787070240,137.36,137.37,137.35,137.37,138.27,136.84,,,,,,,,,,,,,,,,,,,,,,,,,,,,,,,,,,,,,,,,,,,,,,,,,,,,206,909.15
1787070300,137.375,137.39,137.33,137.34,138.27,136.84,,,,,,,,,,,,,,,,,,,,,,,,,,,,,,,,,,,,,,,,,,,,,,,,,,,,956,924.75
1787070360,137.33,137.33,137.29,137.29,138.27,136.84,,,,,,,,,,,,,,,,,,,,,,,,,,,,,,,,,,,,,,,,,,,,,,,,,,,,455,920.65
1787070420,137.28,137.28,137.28,137.28,138.27,136.84,,,,,,,,,,,,,,,,,,,,,,,,,,,,,,,,,,,,,,,,,,,,,,,,,,,,151,910.5
1787070480,137.26,137.29,137.25,137.29,138.27,136.84,,,,,,,,,,,,,,,,,,,,,,,,,,,,,,,,,,,,,,,,,,,,,,,,,,,,580,934.5
1787070540,137.28,137.28,137.21,137.215,138.27,136.84,,,,,,,,,,,,,,,,,,,,,,,,,,,,,,,,,,,,,,,,,,,,,,,,,,,,603,936.8
1787070600,137.215,137.27,137.215,137.23,138.27,136.84,,,,,,,,,,,,,,,,,,,,,,,,,,,,,,,,,,,,,,,,,,,,,,,,,,,,901,951.25
1787070660,137.25,137.25,137.18,137.19,138.27,136.84,,,,,,,,,,,,,,,,,,,,,,,,,,,,,,,,,,,,,,,,,,,,,,,,,,,,472,933.65
1787070720,137.18,137.21,137.18,137.21,138.27,136.84,,,,,,,,,,,,,,,,,,,,,,,,,,,,,,,,,,,,,,,,,,,,,,,,,,,,419,927.75
1787070780,137.21,137.23,137.21,137.225,138.27,136.84,,,,,,,,,,,,,,,,,,,,,,,,,,,,,,,,,,,,,,,,,,,,,,,,,,,,313,908.85
1787070840,137.24,137.31,137.24,137.24,138.27,136.84,,,,,,,,,,,,,,,,,,,,,,,,,,,,,,,,,,,,,,,,,,,,,,,,,,,,1080,948.1
1787070900,137.24,137.28,137.235,137.24,138.27,136.84,,,,,,,,,,,,,,,,,,,,,,,,,,,,,,,,,,,,,,,,,,,,,,,,,,,,309,771.55
1787070960,137.24,137.24,137.2,137.2,138.27,136.84,,,,,,,,,,,,,,,,,,,,,,,,,,,,,,,,,,,,,,,,,,,,,,,,,,,,330,782.8
1787071020,137.23,137.295,137.23,137.28,138.27,136.84,,,,,,,,,,,,,,,,,,,,,,,,,,,,,,,,,,,,,,,,,,,,,,,,,,,,1330,794.5
1787071080,137.27,137.27,137.24,137.26,138.27,136.84,,,,,,,,,,,,,,,,,,,,,,,,,,,,,,,,,,,,,,,,,,,,,,,,,,,,419,761.2
1787071140,137.26,137.27,137.23,137.23,138.27,136.84,,,,,,,,,,,,,,,,,,,,,,,,,,,,,,,,,,,,,,,,,,,,,,,,,,,,546,742.35
1787071200,137.19,137.25,137.185,137.25,138.27,136.84,,,,,,,,,,,,,,,,,,,,,,,,,,,,,,,,,,,,,,,,,,,,,,,,,,,,1669,795.7
1787071260,137.26,137.32,137.26,137.295,138.27,136.84,,,,,,,,,,,,,,,,,,,,,,,,,,,,,,,,,,,,,,,,,,,,,,,,,,,,1364,823.85
1787071320,137.28,137.29,137.27,137.29,138.27,136.84,,,,,,,,,,,,,,,,,,,,,,,,,,,,,,,,,,,,,,,,,,,,,,,,,,,,384,667.9
1787071380,137.3,137.32,137.3,137.3,138.27,136.84,,,,,,,,,,,,,,,,,,,,,,,,,,,,,,,,,,,,,,,,,,,,,,,,,,,,233,636
1787071440,137.32,137.38,137.32,137.34,138.27,136.84,,,,,,,,,,,,,,,,,,,,,,,,,,,,,,,,,,,,,,,,,,,,,,,,,,,,555,653.45
1787071500,137.38,137.38,137.325,137.325,138.27,136.84,,,,,,,,,,,,,,,,,,,,,,,,,,,,,,,,,,,,,,,,,,,,,,,,,,,,83,609.8
1787071560,137.32,137.36,137.32,137.36,138.27,136.84,,,,,,,,,,,,,,,,,,,,,,,,,,,,,,,,,,,,,,,,,,,,,,,,,,,,1173,645.7
1787071620,137.34,137.37,137.34,137.365,138.27,136.84,,,,,,,,,,,,,,,,,,,,,,,,,,,,,,,,,,,,,,,,,,,,,,,,,,,,310,653.65
1787071680,137.38,137.45,137.38,137.45,138.27,136.84,,,,,,,,,,,,,,,,,,,,,,,,,,,,,,,,,,,,,,,,,,,,,,,,,,,,1075,678.4
1787071740,137.44,137.49,137.42,137.43,138.27,136.84,,,,,,,,,,,,,,,,,,,,,,,,,,,,,,,,,,,,,,,,,,,,,,,,,,,,1723,734.4
1787071800,137.44,137.46,137.42,137.43,138.27,136.84,,,,,,,,,,,,,,,,,,,,,,,,,,,,,,,,,,,,,,,,,,,,,,,,,,,,1064,742.55
1787071860,137.46,137.46,137.41,137.41,138.27,136.84,,,,,,,,,,,,,,,,,,,,,,,,,,,,,,,,,,,,,,,,,,,,,,,,,,,,712,754.55
1787071920,137.41,137.44,137.41,137.44,138.27,136.84,,,,,,,,,,,,,,,,,,,,,,,,,,,,,,,,,,,,,,,,,,,,,,,,,,,,504,758.8
1787071980,137.42,137.45,137.42,137.45,138.27,136.84,,,,,,,,,,,,,,,,,,,,,,,,,,,,,,,,,,,,,,,,,,,,,,,,,,,,252,755.75
1787072040,137.44,137.455,137.44,137.455,138.27,136.84,,,,,,,,,,,,,,,,,,,,,,,,,,,,,,,,,,,,,,,,,,,,,,,,,,,,649,734.2
1787072100,137.44,137.44,137.4,137.42,138.27,136.84,,,,,,,,,,,,,,,,,,,,,,,,,,,,,,,,,,,,,,,,,,,,,,,,,,,,579,747.7
1787072160,137.39,137.43,137.39,137.39,138.27,136.84,,,,,,,,,,,,,,,,,,,,,,,,,,,,,,,,,,,,,,,,,,,,,,,,,,,,892,775.8
1787072220,137.38,137.39,137.31,137.35,138.27,136.84,,,,,,,,,,,,,,,,,,,,,,,,,,,,,,,,,,,,,,,,,,,,,,,,,,,,828,750.7
1787072280,137.36,137.36,137.24,137.24,138.27,136.84,,,,,,,,,,,,,,,,,,,,,,,,,,,,,,,,,,,,,,,,,,,,,,,,,,,,627,761.1
1787072340,137.27,137.32,137.27,137.28,138.27,136.84,,,,,,,,,,,,,,,,,,,,,,,,,,,,,,,,,,,,,,,,,,,,,,,,,,,,633,765.45
1787072400,137.275,137.275,137.225,137.225,138.27,136.84,,,,,,,,,,,,,,,,,,,,,,,,,,,,,,,,,,,,,,,,,,,,,,,,,,,,164,690.2
1787072460,137.26,137.27,137.22,137.22,138.27,136.84,,,,,,,,,,,,,,,,,,,,,,,,,,,,,,,,,,,,,,,,,,,,,,,,,,,,1155,679.75
1787072520,137.21,137.31,137.19,137.29,138.27,136.84,,,,,,,,,,,,,,,,,,,,,,,,,,,,,,,,,,,,,,,,,,,,,,,,,,,,1140,717.55
1787072580,137.29,137.33,137.29,137.33,138.27,136.84,,,,,,,,,,,,,,,,,,,,,,,,,,,,,,,,,,,,,,,,,,,,,,,,,,,,203,716.05
1787072640,137.33,137.36,137.32,137.36,138.27,136.84,,,,,,,,,,,,,,,,,,,,,,,,,,,,,,,,,,,,,,,,,,,,,,,,,,,,574,717
1787072700,137.355,137.4,137.34,137.38,138.27,136.84,,,,,,,,,,,,,,,,,,,,,,,,,,,,,,,,,,,,,,,,,,,,,,,,,,,,839,754.8
1787072760,137.36,137.365,137.32,137.36,138.27,136.84,,,,,,,,,,,,,,,,,,,,,,,,,,,,,,,,,,,,,,,,,,,,,,,,,,,,2164,804.35
1787072820,137.34,137.35,137.33,137.335,138.27,136.84,,,,,,,,,,,,,,,,,,,,,,,,,,,,,,,,,,,,,,,,,,,,,,,,,,,,411,809.4
1787072880,137.36,137.4,137.36,137.39,138.27,136.84,,,,,,,,,,,,,,,,,,,,,,,,,,,,,,,,,,,,,,,,,,,,,,,,,,,,3023,906.8
1787072940,137.4,137.42,137.38,137.39,138.27,136.84,,,,,,,,,,,,,,,,,,,,,,,,,,,,,,,,,,,,,,,,,,,,,,,,,,,,1913,916.3
1787073000,137.395,137.44,137.38,137.44,138.27,136.84,,,,,,,,,,,,,,,,,,,,,,,,,,,,,,,,,,,,,,,,,,,,,,,,,,,,686,897.4
1787073060,137.46,137.47,137.39,137.39,138.27,136.84,,,,,,,,,,,,,,,,,,,,,,,,,,,,,,,,,,,,,,,,,,,,,,,,,,,,563,889.95
1787073120,137.38,137.42,137.38,137.39,138.27,136.84,,,,,,,,,,,,,,,,,,,,,,,,,,,,,,,,,,,,,,,,,,,,,,,,,,,,1029,916.2
1787073180,137.39,137.42,137.39,137.42,138.27,136.84,,,,,,,,,,,,,,,,,,,,,,,,,,,,,,,,,,,,,,,,,,,,,,,,,,,,52,906.2
1787073240,137.41,137.41,137.35,137.38,138.27,136.84,,,,,,,,,,,,,,,,,,,,,,,,,,,,,,,,,,,,,,,,,,,,,,,,,,,,262,886.85
1787073300,137.39,137.43,137.39,137.425,138.27,136.84,,,,,,,,,,,,,,,,,,,,,,,,,,,,,,,,,,,,,,,,,,,,,,,,,,,,486,882.2
1787073360,137.4,137.4,137.35,137.385,138.27,136.84,,,,,,,,,,,,,,,,,,,,,,,,,,,,,,,,,,,,,,,,,,,,,,,,,,,,230,849.1
1787073420,137.38,137.41,137.38,137.4,138.27,136.84,,,,,,,,,,,,,,,,,,,,,,,,,,,,,,,,,,,,,,,,,,,,,,,,,,,,493,832.35
1787073480,137.43,137.45,137.4,137.4,138.27,136.84,,,,,,,,,,,,,,,,,,,,,,,,,,,,,,,,,,,,,,,,,,,,,,,,,,,,610,831.5
1787073540,137.4,137.4,137.35,137.35,138.27,136.84,,,,,,,,,,,,,,,,,,,,,,,,,,,,,,,,,,,,,,,,,,,,,,,,,,,,309,815.3
1787073600,137.35,137.36,137.34,137.36,138.27,136.84,,,,,,,,,,,,,,,,,,,,,,,,,,,,,,,,,,,,,,,,,,,,,,,,,,,,743,844.25
1787073660,137.4,137.45,137.39,137.44,138.27,136.84,,,,,,,,,,,,,,,,,,,,,,,,,,,,,,,,,,,,,,,,,,,,,,,,,,,,585,815.75
1787073720,137.44,137.45,137.43,137.445,138.27,136.84,,,,,,,,,,,,,,,,,,,,,,,,,,,,,,,,,,,,,,,,,,,,,,,,,,,,239,770.7
1787073780,137.44,137.45,137.42,137.42,138.27,136.84,,,,,,,,,,,,,,,,,,,,,,,,,,,,,,,,,,,,,,,,,,,,,,,,,,,,505,785.8
1787073840,137.405,137.44,137.4,137.43,138.27,136.84,,,,,,,,,,,,,,,,,,,,,,,,,,,,,,,,,,,,,,,,,,,,,,,,,,,,157,764.95
1787073900,137.42,137.42,137.38,137.4,138.27,136.84,,,,,,,,,,,,,,,,,,,,,,,,,,,,,,,,,,,,,,,,,,,,,,,,,,,,218,733.9
1787073960,137.42,137.43,137.4,137.42,138.27,136.84,,,,,,,,,,,,,,,,,,,,,,,,,,,,,,,,,,,,,,,,,,,,,,,,,,,,249,638.15
1787074020,137.42,137.44,137.41,137.41,138.27,136.84,,,,,,,,,,,,,,,,,,,,,,,,,,,,,,,,,,,,,,,,,,,,,,,,,,,,450,640.1
1787074080,137.41,137.42,137.41,137.42,138.27,136.84,,,,,,,,,,,,,,,,,,,,,,,,,,,,,,,,,,,,,,,,,,,,,,,,,,,,247,501.3
1787074140,137.41,137.41,137.38,137.39,138.27,136.84,,,,,,,,,,,,,,,,,,,,,,,,,,,,,,,,,,,,,,,,,,,,,,,,,,,,760,443.65
1787074200,137.38,137.39,137.38,137.38,138.27,136.84,,,,,,,,,,,,,,,,,,,,,,,,,,,,,,,,,,,,,,,,,,,,,,,,,,,,273,423
1787074260,137.37,137.4,137.36,137.4,138.27,136.84,,,,,,,,,,,,,,,,,,,,,,,,,,,,,,,,,,,,,,,,,,,,,,,,,,,,335,411.6
1787074320,137.4,137.43,137.33,137.33,138.27,136.84,,,,,,,,,,,,,,,,,,,,,,,,,,,,,,,,,,,,,,,,,,,,,,,,,,,,1260,423.15
1787074380,137.32,137.38,137.32,137.38,138.27,136.84,,,,,,,,,,,,,,,,,,,,,,,,,,,,,,,,,,,,,,,,,,,,,,,,,,,,1044,472.75
1787074440,137.4,137.48,137.39,137.39,138.27,136.84,,,,,,,,,,,,,,,,,,,,,,,,,,,,,,,,,,,,,,,,,,,,,,,,,,,,1629,541.1
1787074500,137.36,137.36,137.3,137.33,138.27,136.84,,,,,,,,,,,,,,,,,,,,,,,,,,,,,,,,,,,,,,,,,,,,,,,,,,,,1716,602.6
1787074560,137.34,137.34,137.32,137.33,138.27,136.84,,,,,,,,,,,,,,,,,,,,,,,,,,,,,,,,,,,,,,,,,,,,,,,,,,,,71,594.65
1787074620,137.34,137.35,137.33,137.35,138.27,136.84,,,,,,,,,,,,,,,,,,,,,,,,,,,,,,,,,,,,,,,,,,,,,,,,,,,,339,586.95
1787074680,137.37,137.37,137.31,137.33,138.27,136.84,,,,,,,,,,,,,,,,,,,,,,,,,,,,,,,,,,,,,,,,,,,,,,,,,,,,361,574.5
1787074740,137.35,137.35,137.29,137.29,138.27,136.84,,,,,,,,,,,,,,,,,,,,,,,,,,,,,,,,,,,,,,,,,,,,,,,,,,,,300,574.05
1787074800,137.29,137.29,137.25,137.25,138.27,136.84,,,,,,,,,,,,,,,,,,,,,,,,,,,,,,,,,,,,,,,,,,,,,,,,,,,,53,539.55
1787074860,137.24,137.31,137.24,137.31,138.27,136.84,,,,,,,,,,,,,,,,,,,,,,,,,,,,,,,,,,,,,,,,,,,,,,,,,,,,114,516
1787074920,137.32,137.33,137.315,137.33,138.27,136.84,,,,,,,,,,,,,,,,,,,,,,,,,,,,,,,,,,,,,,,,,,,,,,,,,,,,156,511.85
1787074980,137.33,137.34,137.31,137.34,138.27,136.84,,,,,,,,,,,,,,,,,,,,,,,,,,,,,,,,,,,,,,,,,,,,,,,,,,,,134,493.3
1787075040,137.32,137.38,137.31,137.38,138.27,136.84,,,,,,,,,,,,,,,,,,,,,,,,,,,,,,,,,,,,,,,,,,,,,,,,,,,,1600,565.45
1787075100,137.35,137.35,137.35,137.35,138.27,136.84,,,,,,,,,,,,,,,,,,,,,,,,,,,,,,,,,,,,,,,,,,,,,,,,,,,,10,555.05
1787075160,137.305,137.305,137.28,137.29,138.27,136.84,,,,,,,,,,,,,,,,,,,,,,,,,,,,,,,,,,,,,,,,,,,,,,,,,,,,898,587.5
1787075220,137.31,137.32,137.29,137.32,138.27,136.84,,,,,,,,,,,,,,,,,,,,,,,,,,,,,,,,,,,,,,,,,,,,,,,,,,,,159,572.95
1787075280,137.29,137.31,137.28,137.3,138.27,136.84,,,,,,,,,,,,,,,,,,,,,,,,,,,,,,,,,,,,,,,,,,,,,,,,,,,,390,580.1
1787075340,137.33,137.34,137.28,137.3,138.27,136.84,,,,,,,,,,,,,,,,,,,,,,,,,,,,,,,,,,,,,,,,,,,,,,,,,,,,259,555.05
1787075400,137.3,137.33,137.3,137.3,138.27,136.84,,,,,,,,,,,,,,,,,,,,,,,,,,,,,,,,,,,,,,,,,,,,,,,,,,,,143,548.55
1787075460,137.25,137.3,137.25,137.28,138.27,136.84,,,,,,,,,,,,,,,,,,,,,,,,,,,,,,,,,,,,,,,,,,,,,,,,,,,,522,557.9
1787075520,137.275,137.32,137.26,137.32,138.27,136.84,,,,,,,,,,,,,,,,,,,,,,,,,,,,,,,,,,,,,,,,,,,,,,,,,,,,1376,563.7
1787075580,137.32,137.375,137.315,137.37,138.27,136.84,,,,,,,,,,,,,,,,,,,,,,,,,,,,,,,,,,,,,,,,,,,,,,,,,,,,796,551.3
1787075640,137.37,137.38,137.31,137.31,138.27,136.84,,,,,,,,,,,,,,,,,,,,,,,,,,,,,,,,,,,,,,,,,,,,,,,,,,,,297,484.7
1787075700,137.31,137.33,137.295,137.33,138.27,136.84,,,,,,,,,,,,,,,,,,,,,,,,,,,,,,,,,,,,,,,,,,,,,,,,,,,,638,430.8
1787075760,137.33,137.34,137.32,137.32,138.27,136.84,,,,,,,,,,,,,,,,,,,,,,,,,,,,,,,,,,,,,,,,,,,,,,,,,,,,391,446.8
1787075820,137.26,137.26,137.21,137.21,138.27,136.84,,,,,,,,,,,,,,,,,,,,,,,,,,,,,,,,,,,,,,,,,,,,,,,,,,,,246,442.15
1787075880,137.19,137.19,137.16,137.16,138.27,136.84,,,,,,,,,,,,,,,,,,,,,,,,,,,,,,,,,,,,,,,,,,,,,,,,,,,,498,449
1787075940,137.18,137.18,137.1,137.1,138.27,136.84,,,,,,,,,,,,,,,,,,,,,,,,,,,,,,,,,,,,,,,,,,,,,,,,,,,,1253,496.65
1787076000,137.07,137.14,137.07,137.1,138.27,136.84,,,,,,,,,,,,,,,,,,,,,,,,,,,,,,,,,,,,,,,,,,,,,,,,,,,,1302,559.1
1787076060,137.09,137.09,137.01,137.03,138.27,136.84,,,,,,,,,,,,,,,,,,,,,,,,,,,,,,,,,,,,,,,,,,,,,,,,,,,,1111,608.95
1787076120,137.06,137.12,137.02,137.04,138.27,136.84,,,,,,,,,,,,,,,,,,,,,,,,,,,,,,,,,,,,,,,,,,,,,,,,,,,,578,630.05
1787076180,137.03,137.07,137.02,137.02,138.27,136.84,,,,,,,,,,,,,,,,,,,,,,,,,,,,,,,,,,,,,,,,,,,,,,,,,,,,1616,704.15
1787076240,137.03,137.07,137.025,137.05,138.27,136.84,,,,,,,,,,,,,,,,,,,,,,,,,,,,,,,,,,,,,,,,,,,,,,,,,,,,1684,708.35
1787076300,137.06,137.07,137.02,137.02,138.27,136.84,,,,,,,,,,,,,,,,,,,,,,,,,,,,,,,,,,,,,,,,,,,,,,,,,,,,1112,763.45
1787076360,137,137.03,136.96,136.97,138.27,136.84,,,,,,,,,,,,,,,,,,,,,,,,,,,,,,,,,,,,,,,,,,,,,,,,,,,,1407,788.9
1787076420,136.97,137,136.94,137,138.27,136.84,,,,,,,,,,,,,,,,,,,,,,,,,,,,,,,,,,,,,,,,,,,,,,,,,,,,1446,853.25
1787076480,136.97,136.98,136.93,136.93,138.27,136.84,,,,,,,,,,,,,,,,,,,,,,,,,,,,,,,,,,,,,,,,,,,,,,,,,,,,536,860.55
1787076540,136.92,136.965,136.91,136.965,138.27,136.84,,,,,,,,,,,,,,,,,,,,,,,,,,,,,,,,,,,,,,,,,,,,,,,,,,,,1859,940.55
1787076600,136.98,137.03,136.98,137,138.27,136.84,,,,,,,,,,,,,,,,,,,,,,,,,,,,,,,,,,,,,,,,,,,,,,,,,,,,828,974.8
1787076660,137,137.06,137,137.06,138.27,136.84,,,,,,,,,,,,,,,,,,,,,,,,,,,,,,,,,,,,,,,,,,,,,,,,,,,,839,990.65
1787076720,137.04,137.095,137.04,137.095,138.27,136.84,,,,,,,,,,,,,,,,,,,,,,,,,,,,,,,,,,,,,,,,,,,,,,,,,,,,1162,979.95
1787076780,137.1,137.24,137.1,137.24,138.27,136.84,,,,,,,,,,,,,,,,,,,,,,,,,,,,,,,,,,,,,,,,,,,,,,,,,,,,756,977.95
1787076840,137.26,137.29,137.24,137.25,138.27,136.84,,,,,,,,,,,,,,,,,,,,,,,,,,,,,,,,,,,,,,,,,,,,,,,,,,,,602,993.2
1787076900,137.24,137.29,137.24,137.29,138.27,136.84,,,,,,,,,,,,,,,,,,,,,,,,,,,,,,,,,,,,,,,,,,,,,,,,,,,,777,1000.15
1787076960,137.28,137.33,137.28,137.32,138.27,136.84,,,,,,,,,,,,,,,,,,,,,,,,,,,,,,,,,,,,,,,,,,,,,,,,,,,,1201,1040.65
1787077020,137.31,137.36,137.3,137.34,138.27,136.84,,,,,,,,,,,,,,,,,,,,,,,,,,,,,,,,,,,,,,,,,,,,,,,,,,,,2325,1144.6
1787077080,137.38,137.4,137.31,137.31,138.27,136.84,,,,,,,,,,,,,,,,,,,,,,,,,,,,,,,,,,,,,,,,,,,,,,,,,,,,598,1149.6
1787077140,137.34,137.38,137.29,137.345,138.27,136.84,,,,,,,,,,,,,,,,,,,,,,,,,,,,,,,,,,,,,,,,,,,,,,,,,,,,1735,1173.7
1787077200,137.325,137.325,137.27,137.27,138.27,136.84,,,,,,,,,,,,,,,,,,,,,,,,,,,,,,,,,,,,,,,,,,,,,,,,,,,,791,1148.15
1787077260,137.27,137.28,137.26,137.27,138.27,136.84,,,,,,,,,,,,,,,,,,,,,,,,,,,,,,,,,,,,,,,,,,,,,,,,,,,,360,1110.6
1787077320,137.28,137.29,137.25,137.25,138.27,136.84,,,,,,,,,,,,,,,,,,,,,,,,,,,,,,,,,,,,,,,,,,,,,,,,,,,,923,1127.85
1787077380,137.25,137.27,137.23,137.25,138.27,136.84,,,,,,,,,,,,,,,,,,,,,,,,,,,,,,,,,,,,,,,,,,,,,,,,,,,,818,1087.95
1787077440,137.245,137.245,137.17,137.17,138.27,136.84,,,,,,,,,,,,,,,,,,,,,,,,,,,,,,,,,,,,,,,,,,,,,,,,,,,,678,1037.65
1787077500,137.17,137.17,137.15,137.17,138.27,136.84,,,,,,,,,,,,,,,,,,,,,,,,,,,,,,,,,,,,,,,,,,,,,,,,,,,,935,1028.8
1787077560,137.19,137.19,137.13,137.19,138.27,136.84,,,,,,,,,,,,,,,,,,,,,,,,,,,,,,,,,,,,,,,,,,,,,,,,,,,,776,997.25
1787077620,137.19,137.23,137.18,137.22,138.27,136.84,,,,,,,,,,,,,,,,,,,,,,,,,,,,,,,,,,,,,,,,,,,,,,,,,,,,747,962.3
1787077680,137.22,137.24,137.21,137.23,138.27,136.84,,,,,,,,,,,,,,,,,,,,,,,,,,,,,,,,,,,,,,,,,,,,,,,,,,,,238,947.4
1787077740,137.24,137.24,137.22,137.22,138.27,136.84,,,,,,,,,,,,,,,,,,,,,,,,,,,,,,,,,,,,,,,,,,,,,,,,,,,,311,870
1787077800,137.24,137.25,137.21,137.21,138.27,136.84,,,,,,,,,,,,,,,,,,,,,,,,,,,,,,,,,,,,,,,,,,,,,,,,,,,,1934,925.3
1787077860,137.22,137.27,137.22,137.27,138.27,136.84,,,,,,,,,,,,,,,,,,,,,,,,,,,,,,,,,,,,,,,,,,,,,,,,,,,,502,908.45
1787077920,137.26,137.32,137.24,137.32,138.27,136.84,,,,,,,,,,,,,,,,,,,,,,,,,,,,,,,,,,,,,,,,,,,,,,,,,,,,2884,994.55
1787077980,137.33,137.355,137.245,137.245,138.27,136.84,,,,,,,,,,,,,,,,,,,,,,,,,,,,,,,,,,,,,,,,,,,,,,,,,,,,642,988.85
1787078040,137.21,137.255,137.21,137.255,138.27,136.84,,,,,,,,,,,,,,,,,,,,,,,,,,,,,,,,,,,,,,,,,,,,,,,,,,,,324,974.95
1787078100,137.27,137.31,137.26,137.29,138.27,136.84,,,,,,,,,,,,,,,,,,,,,,,,,,,,,,,,,,,,,,,,,,,,,,,,,,,,1295,1000.85
1787078160,137.28,137.325,137.28,137.325,138.27,136.84,,,,,,,,,,,,,,,,,,,,,,,,,,,,,,,,,,,,,,,,,,,,,,,,,,,,425,962.05
1787078220,137.3,137.36,137.29,137.36,138.27,136.84,,,,,,,,,,,,,,,,,,,,,,,,,,,,,,,,,,,,,,,,,,,,,,,,,,,,1548,923.2
1787078280,137.36,137.36,137.34,137.34,138.27,136.84,,,,,,,,,,,,,,,,,,,,,,,,,,,,,,,,,,,,,,,,,,,,,,,,,,,,1155,951.05
1787078340,137.32,137.32,137.28,137.28,138.27,136.84,,,,,,,,,,,,,,,,,,,,,,,,,,,,,,,,,,,,,,,,,,,,,,,,,,,,1108,919.7
1787078400,137.29,137.3,137.28,137.28,138.27,136.84,,,,,,,,,,,,,,,,,,,,,,,,,,,,,,,,,,,,,,,,,,,,,,,,,,,,525,906.4
1787078460,137.27,137.29,137.24,137.29,138.27,136.84,,,,,,,,,,,,,,,,,,,,,,,,,,,,,,,,,,,,,,,,,,,,,,,,,,,,380,907.4
1787078520,137.3,137.33,137.28,137.325,138.27,136.84,,,,,,,,,,,,,,,,,,,,,,,,,,,,,,,,,,,,,,,,,,,,,,,,,,,,929,907.7
1787078580,137.31,137.36,137.31,137.355,138.27,136.84,,,,,,,,,,,,,,,,,,,,,,,,,,,,,,,,,,,,,,,,,,,,,,,,,,,,798,906.7
1787078640,137.37,137.37,137.33,137.355,138.27,136.84,,,,,,,,,,,,,,,,,,,,,,,,,,,,,,,,,,,,,,,,,,,,,,,,,,,,483,896.95
1787078700,137.41,137.44,137.41,137.42,138.27,136.84,,,,,,,,,,,,,,,,,,,,,,,,,,,,,,,,,,,,,,,,,,,,,,,,,,,,299,865.15
1787078760,137.43,137.52,137.43,137.515,138.27,136.84,,,,,,,,,,,,,,,,,,,,,,,,,,,,,,,,,,,,,,,,,,,,,,,,,,,,2858,969.25
1787078820,137.51,137.58,137.5,137.58,138.27,136.84,,,,,,,,,,,,,,,,,,,,,,,,,,,,,,,,,,,,,,,,,,,,,,,,,,,,1806,1022.2
1787078880,137.58,137.58,137.57,137.575,138.27,136.84,,,,,,,,,,,,,,,,,,,,,,,,,,,,,,,,,,,,,,,,,,,,,,,,,,,,322,1026.4
1787078940,137.58,137.58,137.54,137.56,138.27,136.84,,,,,,,,,,,,,,,,,,,,,,,,,,,,,,,,,,,,,,,,,,,,,,,,,,,,398,1030.75
1787079000,137.55,137.55,137.51,137.51,138.27,136.84,,,,,,,,,,,,,,,,,,,,,,,,,,,,,,,,,,,,,,,,,,,,,,,,,,,,501,959.1
1787079060,137.49,137.5,137.47,137.5,138.27,136.84,,,,,,,,,,,,,,,,,,,,,,,,,,,,,,,,,,,,,,,,,,,,,,,,,,,,429,955.45
1787079120,137.47,137.47,137.43,137.44,138.27,136.84,,,,,,,,,,,,,,,,,,,,,,,,,,,,,,,,,,,,,,,,,,,,,,,,,,,,626,842.55
1787079180,137.44,137.45,137.44,137.45,138.27,136.84,,,,,,,,,,,,,,,,,,,,,,,,,,,,,,,,,,,,,,,,,,,,,,,,,,,,70,813.95
1787079240,137.45,137.49,137.45,137.47,138.27,136.84,,,,,,,,,,,,,,,,,,,,,,,,,,,,,,,,,,,,,,,,,,,,,,,,,,,,999,847.7
1787079300,137.47,137.47,137.39,137.39,138.27,136.84,,,,,,,,,,,,,,,,,,,,,,,,,,,,,,,,,,,,,,,,,,,,,,,,,,,,1695,867.7
1787079360,137.39,137.43,137.39,137.39,138.27,136.84,,,,,,,,,,,,,,,,,,,,,,,,,,,,,,,,,,,,,,,,,,,,,,,,,,,,1314,912.15
1787079420,137.38,137.38,137.33,137.34,138.27,136.84,,,,,,,,,,,,,,,,,,,,,,,,,,,,,,,,,,,,,,,,,,,,,,,,,,,,855,877.5
1787079480,137.33,137.33,137.3,137.3,138.27,136.84,,,,,,,,,,,,,,,,,,,,,,,,,,,,,,,,,,,,,,,,,,,,,,,,,,,,772,858.35
1787079540,137.31,137.32,137.31,137.31,138.27,136.84,,,,,,,,,,,,,,,,,,,,,,,,,,,,,,,,,,,,,,,,,,,,,,,,,,,,414,823.65
1787079600,137.3,137.31,137.25,137.29,138.27,136.84,,,,,,,,,,,,,,,,,,,,,,,,,,,,,,,,,,,,,,,,,,,,,,,,,,,,744,834.6
1787079660,137.34,137.39,137.33,137.39,138.27,136.84,,,,,,,,,,,,,,,,,,,,,,,,,,,,,,,,,,,,,,,,,,,,,,,,,,,,651,848.15
1787079720,137.37,137.39,137.35,137.35,138.27,136.84,,,,,,,,,,,,,,,,,,,,,,,,,,,,,,,,,,,,,,,,,,,,,,,,,,,,769,840.15
1787079780,137.34,137.37,137.335,137.37,138.27,136.84,,,,,,,,,,,,,,,,,,,,,,,,,,,,,,,,,,,,,,,,,,,,,,,,,,,,1098,855.15
1787079840,137.36,137.37,137.32,137.32,138.27,136.84,,,,,,,,,,,,,,,,,,,,,,,,,,,,,,,,,,,,,,,,,,,,,,,,,,,,1122,887.1
1787079900,137.31,137.31,137.23,137.23,138.27,136.84,,,,,,,,,,,,,,,,,,,,,,,,,,,,,,,,,,,,,,,,,,,,,,,,,,,,777,911
1787079960,137.23,137.29,137.23,137.29,138.27,136.84,,,,,,,,,,,,,,,,,,,,,,,,,,,,,,,,,,,,,,,,,,,,,,,,,,,,186,777.4
1787080020,137.3,137.33,137.3,137.31,138.27,136.84,,,,,,,,,,,,,,,,,,,,,,,,,,,,,,,,,,,,,,,,,,,,,,,,,,,,501,712.15
1787080080,137.32,137.37,137.32,137.35,138.27,136.84,,,,,,,,,,,,,,,,,,,,,,,,,,,,,,,,,,,,,,,,,,,,,,,,,,,,661,729.1
1787080140,137.34,137.34,137.28,137.295,138.27,136.84,,,,,,,,,,,,,,,,,,,,,,,,,,,,,,,,,,,,,,,,,,,,,,,,,,,,1008,759.6
1787080200,137.29,137.33,137.28,137.31,138.27,136.84,,,,,,,,,,,,,,,,,,,,,,,,,,,,,,,,,,,,,,,,,,,,,,,,,,,,1702,819.65
1787080260,137.32,137.32,137.22,137.22,138.27,136.84,,,,,,,,,,,,,,,,,,,,,,,,,,,,,,,,,,,,,,,,,,,,,,,,,,,,1299,863.15
1787080320,137.2,137.23,137.17,137.23,138.27,136.84,,,,,,,,,,,,,,,,,,,,,,,,,,,,,,,,,,,,,,,,,,,,,,,,,,,,342,848.95
1787080380,137.23,137.3,137.23,137.295,138.27,136.84,,,,,,,,,,,,,,,,,,,,,,,,,,,,,,,,,,,,,,,,,,,,,,,,,,,,331,862
1787080440,137.28,137.32,137.26,137.32,138.27,136.84,,,,,,,,,,,,,,,,,,,,,,,,,,,,,,,,,,,,,,,,,,,,,,,,,,,,584,841.25
1787080500,137.34,137.38,137.34,137.38,138.27,136.84,,,,,,,,,,,,,,,,,,,,,,,,,,,,,,,,,,,,,,,,,,,,,,,,,,,,27,757.85
1787080560,137.365,137.42,137.34,137.36,138.27,136.84,,,,,,,,,,,,,,,,,,,,,,,,,,,,,,,,,,,,,,,,,,,,,,,,,,,,1911,787.7
1787080620,137.37,137.43,137.37,137.4,138.27,136.84,,,,,,,,,,,,,,,,,,,,,,,,,,,,,,,,,,,,,,,,,,,,,,,,,,,,263,758.1
1787080680,137.39,137.4,137.36,137.4,138.27,136.84,,,,,,,,,,,,,,,,,,,,,,,,,,,,,,,,,,,,,,,,,,,,,,,,,,,,383,738.65
1787080740,137.41,137.43,137.38,137.38,138.27,136.84,,,,,,,,,,,,,,,,,,,,,,,,,,,,,,,,,,,,,,,,,,,,,,,,,,,,443,740.1
1787080800,137.37,137.43,137.35,137.43,138.27,136.84,,,,,,,,,,,,,,,,,,,,,,,,,,,,,,,,,,,,,,,,,,,,,,,,,,,,1769,791.35
1787080860,137.42,137.42,137.39,137.41,138.27,136.84,,,,,,,,,,,,,,,,,,,,,,,,,,,,,,,,,,,,,,,,,,,,,,,,,,,,1438,830.7
1787080920,137.41,137.51,137.41,137.5,138.27,136.84,,,,,,,,,,,,,,,,,,,,,,,,,,,,,,,,,,,,,,,,,,,,,,,,,,,,2027,893.6
1787080980,137.5,137.52,137.48,137.49,138.27,136.84,,,,,,,,,,,,,,,,,,,,,,,,,,,,,,,,,,,,,,,,,,,,,,,,,,,,2612,969.3
1787081040,137.49,137.53,137.49,137.53,138.27,136.84,,,,,,,,,,,,,,,,,,,,,,,,,,,,,,,,,,,,,,,,,,,,,,,,,,,,1688,997.6
1787081100,137.54,137.565,137.51,137.51,138.27,136.84,,,,,,,,,,,,,,,,,,,,,,,,,,,,,,,,,,,,,,,,,,,,,,,,,,,,865,1002
1787081160,137.5,137.59,137.495,137.59,138.27,136.84,,,,,,,,,,,,,,,,,,,,,,,,,,,,,,,,,,,,,,,,,,,,,,,,,,,,788,1032.1
1787081220,137.61,137.72,137.6,137.705,138.27,136.84,,,,,,,,,,,,,,,,,,,,,,,,,,,,,,,,,,,,,,,,,,,,,,,,,,,,1725,1093.3
1787081280,137.69,137.7,137.65,137.7,138.27,136.84,,,,,,,,,,,,,,,,,,,,,,,,,,,,,,,,,,,,,,,,,,,,,,,,,,,,1309,1125.7
1787081340,137.7,137.74,137.66,137.67,138.27,136.84,,,,,,,,,,,,,,,,,,,,,,,,,,,,,,,,,,,,,,,,,,,,,,,,,,,,3242,1237.4
1787081400,137.66,137.665,137.59,137.65,138.27,136.84,,,,,,,,,,,,,,,,,,,,,,,,,,,,,,,,,,,,,,,,,,,,,,,,,,,,2402,1272.4
1787081460,137.65,137.71,137.65,137.67,138.27,136.84,,,,,,,,,,,,,,,,,,,,,,,,,,,,,,,,,,,,,,,,,,,,,,,,,,,,3084,1361.65
1787081520,137.67,137.75,137.66,137.73,138.27,136.84,,,,,,,,,,,,,,,,,,,,,,,,,,,,,,,,,,,,,,,,,,,,,,,,,,,,4743,1581.7
1787081580,137.73,137.79,137.72,137.79,138.27,136.84,,,,,,,,,,,,,,,,,,,,,,,,,,,,,,,,,,,,,,,,,,,,,,,,,,,,1210,1625.65
1787081640,137.81,137.83,137.785,137.79,138.27,136.84,,,,,,,,,,,,,,,,,,,,,,,,,,,,,,,,,,,,,,,,,,,,,,,,,,,,1556,1674.25
1787081700,137.795,137.81,137.76,137.78,138.27,136.84,,,,,,,,,,,,,,,,,,,,,,,,,,,,,,,,,,,,,,,,,,,,,,,,,,,,3939,1869.85
1787081760,137.78,137.88,137.78,137.83,138.27,136.84,,,,,,,,,,,,,,,,,,,,,,,,,,,,,,,,,,,,,,,,,,,,,,,,,,,,1396,1844.1
1787081820,137.83,137.865,137.83,137.85,138.27,136.84,,,,,,,,,,,,,,,,,,,,,,,,,,,,,,,,,,,,,,,,,,,,,,,,,,,,944,1878.15
1787081880,137.85,137.895,137.82,137.89,138.27,136.84,,,,,,,,,,,,,,,,,,,,,,,,,,,,,,,,,,,,,,,,,,,,,,,,,,,,2339,1975.95
1787081940,137.89,137.92,137.76,137.77,138.27,136.84,,,,,,,,,,,,,,,,,,,,,,,,,,,,,,,,,,,,,,,,,,,,,,,,,,,,2179,2062.75
1787082000,137.76,137.82,137.76,137.8,138.27,136.84,,,,,,,,,,,,,,,,,,,,,,,,,,,,,,,,,,,,,,,,,,,,,,,,,,,,1176,2033.1
1787082060,137.8,137.84,137.75,137.84,138.27,136.84,,,,,,,,,,,,,,,,,,,,,,,,,,,,,,,,,,,,,,,,,,,,,,,,,,,,4014,2161.9
1787082120,137.84,137.9,137.84,137.9,138.27,136.84,,,,,,,,,,,,,,,,,,,,,,,,,,,,,,,,,,,,,,,,,,,,,,,,,,,,1715,2146.3
1787082180,137.91,137.91,137.84,137.89,138.27,136.84,,,,,,,,,,,,,,,,,,,,,,,,,,,,,,,,,,,,,,,,,,,,,,,,,,,,1442,2087.8
1787082240,137.89,137.91,137.87,137.91,138.27,136.84,,,,,,,,,,,,,,,,,,,,,,,,,,,,,,,,,,,,,,,,,,,,,,,,,,,,1276,2067.2
1787082300,137.9,137.97,137.89,137.95,138.27,136.84,,,,,,,,,,,,,,,,,,,,,,,,,,,,,,,,,,,,,,,,,,,,,,,,,,,,2275,2137.7
1787082360,137.92,137.93,137.87,137.91,138.27,136.84,,,,,,,,,,,,,,,,,,,,,,,,,,,,,,,,,,,,,,,,,,,,,,,,,,,,1741,2185.35
1787082420,137.92,137.92,137.78,137.79,138.27,136.84,,,,,,,,,,,,,,,,,,,,,,,,,,,,,,,,,,,,,,,,,,,,,,,,,,,,4046,2301.4
1787082480,137.8,137.8,137.71,137.77,138.27,136.84,,,,,,,,,,,,,,,,,,,,,,,,,,,,,,,,,,,,,,,,,,,,,,,,,,,,6650,2568.45
1787082540,137.79,137.8,137.7,137.76,138.27,136.84,,,,,,,,,,,,,,,,,,,,,,,,,,,,,,,,,,,,,,,,,,,,,,,,,,,,6665,2739.6
1787082600,137.76,137.84,137.68,137.74,138.27,136.84,,,,,,,,,,,,,,,,,,,,,,,,,,,,,,,,,,,,,,,,,,,,,,,,,,,,6875,2963.25
1787082660,137.75,137.77,137.68,137.68,138.27,136.84,,,,,,,,,,,,,,,,,,,,,,,,,,,,,,,,,,,,,,,,,,,,,,,,,,,,2544,2936.25
1787082720,137.67,137.72,137.63,137.64,138.27,136.84,,,,,,,,,,,,,,,,,,,,,,,,,,,,,,,,,,,,,,,,,,,,,,,,,,,,5298,2964
1787082780,137.65,137.675,137.61,137.66,138.27,136.84,,,,,,,,,,,,,,,,,,,,,,,,,,,,,,,,,,,,,,,,,,,,,,,,,,,,4114,3109.2
1787082840,137.64,137.67,137.56,137.65,138.27,136.84,,,,,,,,,,,,,,,,,,,,,,,,,,,,,,,,,,,,,,,,,,,,,,,,,,,,4817,3272.25
1787082900,137.65,137.76,137.57,137.72,138.27,136.84,,,,,,,,,,,,,,,,,,,,,,,,,,,,,,,,,,,,,,,,,,,,,,,,,,,,7184,3434.5
1787082960,137.7,137.72,137.585,137.585,138.27,136.84,,,,,,,,,,,,,,,,,,,,,,,,,,,,,,,,,,,,,,,,,,,,,,,,,,,,6686,3699
1787083020,137.6,137.63,137.53,137.53,138.27,136.84,,,,,,,,,,,,,,,,,,,,,,,,,,,,,,,,,,,,,,,,,,,,,,,,,,,,18108,4557.2
1787083080,137.54,137.66,137.53,137.65,138.27,136.84,,,,,,,,,,,,,,,,,,,,,,,,,,,,,,,,,,,,,,,,,,,,,,,,,,,,17771,5328.8
1787083140,137.64,137.72,137.58,137.68,138.27,136.84,,,1,21,-1,1787064300000,136.77,138.27,136.84,1.4300000000000068,0.15239129672352636,0.23762521020692914,0.8773853915332227,2,1787064660000,2,1,1787064600000,136.74,65.62054536580119,1,0,0,2,0,,,,0,0,0,0,0,,,,0,0,0,0,0,,,,0,0,0,0,,-1,21,24698,6454.75
1787146200,137.99,137.99,137.35,137.53,137.99,137.35,,,,,,,,,,,,,,,,,,,,,,,,,,,,,,,,,,,,,,,,,,,,,,,,,,,,1522,6472.05
1787146260,137.18,137.25,136.62,136.62,137.99,136.62,,,,,,,,,,,,,,,,,,,,,,,,,,,,,,,,,,,,,,,,,,,,,,,,,,,,4447,6493.7
1787146320,136.6,136.675,136.47,136.55,137.99,136.47,,,,,,,,,,,,,,,,,,,,,,,,,,,,,,,,,,,,,,,,,,,,,,,,,,,,4640,6639.95
1787146380,136.58,137.1,136.58,137.1,137.99,136.47,,,,,,,,,,,,,,,,,,,,,,,,,,,,,,,,,,,,,,,,,,,,,,,,,,,,3132,6724.45
1787146440,137.06,137.18,136.92,137.01,137.99,136.47,,,,,,,,,,,,,,,,,,,,,,,,,,,,,,,,,,,,,,,,,,,,,,,,,,,,2026,6761.95
1787146500,136.75,136.85,136.61,136.83,137.99,136.47,,,,,,,,,,,,,,,,,,,,,,,,,,,,,,,,,,,,,,,,,,,,,,,,,,,,5161,6906.25
1787146560,136.83,136.83,136.07,136.4,137.99,136.07,,,,,,,,,,,,,,,,,,,,,,,,,,,,,,,,,,,,,,,,,,,,,,,,,,,,5576,7098
1787146620,136.31,136.34,136.105,136.27,137.99,136.07,,,,,,,,,,,,,,,,,,,,,,,,,,,,,,,,,,,,,,,,,,,,,,,,,,,,6624,7226.9
1787146680,136.265,136.41,136.11,136.17,137.99,136.07,,,,,,,,,,,,,,,,,,,,,,,,,,,,,,,,,,,,,,,,,,,,,,,,,,,,5684,7178.6
1787146740,136.12,136.24,136.03,136.2,137.99,136.03,,,,,,,,,,,,,,,,,,,,,,,,,,,,,,,,,,,,,,,,,,,,,,,,,,,,1544,6922.55
1787146800,136.23,136.23,135.91,135.97,137.99,135.91,,,,,,,,,,,,,,,,,,,,,,,,,,,,,,,,,,,,,,,,,,,,,,,,,,,,9926,7075.1
1787146860,136,136.32,136,136.32,137.99,135.91,,,,,,,,,,,,,,,,,,,,,,,,,,,,,,,,,,,,,,,,,,,,,,,,,,,,1332,7014.5
1787146920,136.34,136.4,136.11,136.19,137.99,135.91,,,,,,,,,,,,,,,,,,,,,,,,,,,,,,,,,,,,,,,,,,,,,,,,,,,,3244,6911.8
1787146980,136.22,136.63,136.22,136.63,137.99,135.91,,,,,,,,,,,,,,,,,,,,,,,,,,,,,,,,,,,,,,,,,,,,,,,,,,,,2764,6844.3
1787147040,136.52,136.77,136.5,136.6,137.99,135.91,,,,,,,,,,,,,,,,,,,,,,,,,,,,,,,,,,,,,,,,,,,,,,,,,,,,4747,6840.8
1787147100,136.64,136.8,136.61,136.64,137.99,135.91,,,,,,,,,,,,,,,,,,,,,,,,,,,,,,,,,,,,,,,,,,,,,,,,,,,,2792,6621.2
1787147160,136.69,136.69,136.37,136.39,137.99,135.91,,,,,,,,,,,,,,,,,,,,,,,,,,,,,,,,,,,,,,,,,,,,,,,,,,,,1835,6378.65
1787147220,136.32,136.32,136.045,136.045,137.99,135.91,,,,,,,,,,,,,,,,,,,,,,,,,,,,,,,,,,,,,,,,,,,,,,,,,,,,2893,5617.9
1787147280,136,136.01,135.58,135.58,137.99,135.91,,,,,,,,,,,,,,,,,,,,,,,,,,,,,,,,,,,,,,,,,,,,,,,,,,,,6212,5039.95
1787147340,135.59,135.89,135.585,135.71,137.99,135.91,,,,,,,,,,,,,,,,,,,,,,,,,,,,,,,,,,,,,,,,,,,,,,,,,,,,2719,3941
1787147400,135.74,135.85,135.6,135.74,137.99,135.91,,,,,,,,,,,,,,,,,,,,,,,,,,,,,,,,,,,,,,,,,,,,,,,,,,,,4243,4077.05
1787147460,135.84,135.84,135.51,135.7,137.99,135.91,,,,,,,,,,,,,,,,,,,,,,,,,,,,,,,,,,,,,,,,,,,,,,,,,,,,2883,3998.85
1787147520,135.76,135.9,135.7,135.9,137.99,135.91,,,,,,,,,,,,,,,,,,,,,,,,,,,,,,,,,,,,,,,,,,,,,,,,,,,,365,3785.1
1787147580,135.85,135.9,135.72,135.82,137.99,135.91,,,,,,,,,,,,,,,,,,,,,,,,,,,,,,,,,,,,,,,,,,,,,,,,,,,,621,3659.55
1787147640,135.82,135.82,135.66,135.755,137.99,135.91,,,,,,,,,,,,,,,,,,,,,,,,,,,,,,,,,,,,,,,,,,,,,,,,,,,,1143,3615.4
1787147700,135.78,136.19,135.75,136.17,137.99,135.91,,,,,,,,,,,,,,,,,,,,,,,,,,,,,,,,,,,,,,,,,,,,,,,,,,,,766,3395.65
1787147760,136.2,136.56,136.2,136.54,137.99,135.91,,,,,,,,,,,,,,,,,,,,,,,,,,,,,,,,,,,,,,,,,,,,,,,,,,,,1132,3173.45
1787147820,136.51,136.51,136.43,136.43,137.99,135.91,,,,,,,,,,,,,,,,,,,,,,,,,,,,,,,,,,,,,,,,,,,,,,,,,,,,1291,2906.8
1787147880,136.39,136.43,136.32,136.32,137.99,135.91,,,,,,,,,,,,,,,,,,,,,,,,,,,,,,,,,,,,,,,,,,,,,,,,,,,,1904,2717.8
1787147940,136.31,136.43,136.29,136.4,137.99,135.91,,,,,,,,,,,,,,,,,,,,,,,,,,,,,,,,,,,,,,,,,,,,,,,,,,,,1434,2712.3
1787148000,136.4,136.41,136.24,136.26,137.99,135.91,,,,,,,,,,,,,,,,,,,,,,,,,,,,,,,,,,,,,,,,,,,,,,,,,,,,1799,2305.95
1787148060,136.32,136.34,136.24,136.28,137.99,135.91,,,,,,,,,,,,,,,,,,,,,,,,,,,,,,,,,,,,,,,,,,,,,,,,,,,,692,2273.95
1787148120,136.37,136.37,135.88,135.88,137.99,135.91,,,,,,,,,,,,,,,,,,,,,,,,,,,,,,,,,,,,,,,,,,,,,,,,,,,,2439,2233.7
1787148180,135.86,135.99,135.86,135.92,137.99,135.91,,,,,,,,,,,,,,,,,,,,,,,,,,,,,,,,,,,,,,,,,,,,,,,,,,,,8326,2511.8
1787148240,135.92,136.1,135.92,136.03,137.99,135.91,,,,,,,,,,,,,,,,,,,,,,,,,,,,,,,,,,,,,,,,,,,,,,,,,,,,1103,2329.6
1787148300,136.02,136.22,136.02,136.045,137.99,135.91,,,,,,,,,,,,,,,,,,,,,,,,,,,,,,,,,,,,,,,,,,,,,,,,,,,,1832,2281.6
1787148360,136.07,136.13,136.04,136.04,137.99,135.91,,,,,,,,,,,,,,,,,,,,,,,,,,,,,,,,,,,,,,,,,,,,,,,,,,,,1340,2256.85
1787148420,136.1,136.11,135.96,136.09,137.99,135.91,,,,,,,,,,,,,,,,,,,,,,,,,,,,,,,,,,,,,,,,,,,,,,,,,,,,1854,2204.9
1787148480,136.11,136.11,135.96,136.01,137.99,135.91,,,,,,,,,,,,,,,,,,,,,,,,,,,,,,,,,,,,,,,,,,,,,,,,,,,,2305,2009.55
1787148540,135.975,135.99,135.86,135.955,137.99,135.91,,,,,,,,,,,,,,,,,,,,,,,,,,,,,,,,,,,,,,,,,,,,,,,,,,,,2692,2008.2
1787148600,135.98,136,135.68,135.84,137.99,135.91,,,,,,,,,,,,,,,,,,,,,,,,,,,,,,,,,,,,,,,,,,,,,,,,,,,,7783,2185.2
1787148660,135.81,135.84,135.52,135.56,137.99,135.91,,,,,,,,,,,,,,,,,,,,,,,,,,,,,,,,,,,,,,,,,,,,,,,,,,,,3682,2225.15
1787148720,135.58,135.74,135.56,135.65,137.99,135.91,,,,,,,,,,,,,,,,,,,,,,,,,,,,,,,,,,,,,,,,,,,,,,,,,,,,4419,2427.85
1787148780,135.645,135.71,135.495,135.55,137.99,135.91,,,,,,,,,,,,,,,,,,,,,,,,,,,,,,,,,,,,,,,,,,,,,,,,,,,,8496,2821.6
1787148840,135.56,135.62,135.31,135.335,137.99,135.91,,,,,,,,,,,,,,,,,,,,,,,,,,,,,,,,,,,,,,,,,,,,,,,,,,,,9468,3237.85
1787148900,135.33,135.37,135.23,135.28,137.99,135.91,,,,,,,,,,,,,,,,,,,,,,,,,,,,,,,,,,,,,,,,,,,,,,,,,,,,3133,3356.2
1787148960,135.32,135.6,135.32,135.56,137.99,135.91,,,,,,,,,,,,,,,,,,,,,,,,,,,,,,,,,,,,,,,,,,,,,,,,,,,,4340,3516.6
1787149020,135.56,135.58,135.44,135.49,137.99,135.91,,,,,,,,,,,,,,,,,,,,,,,,,,,,,,,,,,,,,,,,,,,,,,,,,,,,1649,3534.5
1787149080,135.5,135.68,135.45,135.66,137.99,135.91,,,,,,,,,,,,,,,,,,,,,,,,,,,,,,,,,,,,,,,,,,,,,,,,,,,,599,3469.25
1787149140,135.67,135.72,135.39,135.51,137.99,135.91,,,,,,,,,,,,,,,,,,,,,,,,,,,,,,,,,,,,,,,,,,,,,,,,,,,,2747,3534.9
1787149200,135.53,135.7,135.49,135.63,137.99,135.91,,,,,,,,,,,,,,,,,,,,,,,,,,,,,,,,,,,,,,,,,,,,,,,,,,,,2346,3562.25
1787149260,135.7,135.71,135.38,135.42,137.99,135.91,,,,,,,,,,,,,,,,,,,,,,,,,,,,,,,,,,,,,,,,,,,,,,,,,,,,4819,3768.6
1787149320,135.45,135.45,135.22,135.22,137.99,135.91,,,,,,,,,,,,,,,,,,,,,,,,,,,,,,,,,,,,,,,,,,,,,,,,,,,,3308,3812.05
1787149380,135.22,135.27,135.16,135.21,137.99,135.91,,,,,,,,,,,,,,,,,,,,,,,,,,,,,,,,,,,,,,,,,,,,,,,,,,,,1801,3485.8
1787149440,135.23,135.41,135.23,135.32,137.99,135.91,,,,,,,,,,,,,,,,,,,,,,,,,,,,,,,,,,,,,,,,,,,,,,,,,,,,2940,3577.65
1787149500,135.34,135.41,135.12,135.245,137.99,135.91,,,,,,,,,,,,,,,,,,,,,,,,,,,,,,,,,,,,,,,,,,,,,,,,,,,,3256,3648.85
1787149560,135.21,135.35,135.21,135.35,137.99,135.91,,,,,,,,,,,,,,,,,,,,,,,,,,,,,,,,,,,,,,,,,,,,,,,,,,,,6530,3908.35
1787149620,135.38,135.45,135.34,135.38,137.99,135.91,,,,,,,,,,,,,,,,,,,,,,,,,,,,,,,,,,,,,,,,,,,,,,,,,,,,2661,3948.7
1787149680,135.405,135.43,135.35,135.39,137.99,135.91,,,,,,,,,,,,,,,,,,,,,,,,,,,,,,,,,,,,,,,,,,,,,,,,,,,,3622,4014.55
1787149740,135.4,135.47,135.29,135.29,137.99,135.91,,,,,,,,,,,,,,,,,,,,,,,,,,,,,,,,,,,,,,,,,,,,,,,,,,,,1565,3958.2
1787149800,135.285,135.29,135.13,135.17,137.99,135.91,,,,,,,,,,,,,,,,,,,,,,,,,,,,,,,,,,,,,,,,,,,,,,,,,,,,4066,3772.35
1787149860,135.17,135.32,135.06,135.28,137.99,135.91,,,,,,,,,,,,,,,,,,,,,,,,,,,,,,,,,,,,,,,,,,,,,,,,,,,,4647,3820.6
1787149920,135.32,135.34,135,135,137.99,135.91,,,,,,,,,,,,,,,,,,,,,,,,,,,,,,,,,,,,,,,,,,,,,,,,,,,,4707,3835
1787149980,135.02,135.26,135.005,135.26,137.99,135.91,,,,,,,,,,,,,,,,,,,,,,,,,,,,,,,,,,,,,,,,,,,,,,,,,,,,3432,3581.8
1787150040,135.21,135.21,135.05,135.09,137.99,135.91,,,,,,,,,,,,,,,,,,,,,,,,,,,,,,,,,,,,,,,,,,,,,,,,,,,,1633,3190.05
1787150100,135.12,135.34,135.11,135.325,137.99,135.91,,,,,,,,,,,,,,,,,,,,,,,,,,,,,,,,,,,,,,,,,,,,,,,,,,,,1951,3130.95
1787150160,135.37,135.37,135.25,135.25,137.99,135.91,,,,,,,,,,,,,,,,,,,,,,,,,,,,,,,,,,,,,,,,,,,,,,,,,,,,1502,2989.05
1787150220,135.25,135.29,135.2,135.23,137.99,135.91,,,,,,,,,,,,,,,,,,,,,,,,,,,,,,,,,,,,,,,,,,,,,,,,,,,,1427,2977.95
1787150280,135.28,135.45,135.28,135.3,137.99,135.91,,,,,,,,,,,,,,,,,,,,,,,,,,,,,,,,,,,,,,,,,,,,,,,,,,,,2843,3090.15
1787150340,135.32,135.5,135.28,135.46,137.99,135.91,,,,,,,,,,,,,,,,,,,,,,,,,,,,,,,,,,,,,,,,,,,,,,,,,,,,2299,3067.75
1787150400,135.46,135.51,135.38,135.38,137.99,135.91,,,,,,,,,,,,,,,,,,,,,,,,,,,,,,,,,,,,,,,,,,,,,,,,,,,,1256,3013.25
1787150460,135.38,135.4,135.23,135.25,137.99,135.91,,,,,,,,,,,,,,,,,,,,,,,,,,,,,,,,,,,,,,,,,,,,,,,,,,,,1086,2826.6
1787150520,135.22,135.24,135.14,135.195,137.99,135.91,,,,,,,,,,,,,,,,,,,,,,,,,,,,,,,,,,,,,,,,,,,,,,,,,,,,1455,2733.95
1787150580,135.15,135.16,135.05,135.05,137.99,135.91,,,,,,,,,,,,,,,,,,,,,,,,,,,,,,,,,,,,,,,,,,,,,,,,,,,,3321,2809.95
1787150640,135.07,135.12,135.03,135.035,137.99,135.91,,,,,,,,,,,,,,,,,,,,,,,,,,,,,,,,,,,,,,,,,,,,,,,,,,,,2828,2804.35
1787150700,135.02,135.02,134.9,134.94,137.99,135.91,,,,,,,,,,,,,,,,,,,,,,,,,,,,,,,,,,,,,,,,,,,,,,,,,,,,17297,3506.4
1787150760,134.93,134.94,134.7,134.74,137.99,135.91,,,,,,,,,,,,,,,,,,,,,,,,,,,,,,,,,,,,,,,,,,,,,,,,,,,,3653,3362.55
1787150820,134.69,134.77,134.62,134.77,137.99,135.91,,,,,,,,,,,,,,,,,,,,,,,,,,,,,,,,,,,,,,,,,,,,,,,,,,,,2726,3365.8
1787150880,134.76,134.81,134.72,134.77,137.99,135.91,,,,,,,,,,,,,,,,,,,,,,,,,,,,,,,,,,,,,,,,,,,,,,,,,,,,2307,3300.05
1787150940,134.76,134.76,134.46,134.5,137.99,135.91,,,,,,,,,,,,,,,,,,,,,,,,,,,,,,,,,,,,,,,,,,,,,,,,,,,,11826,3813.1
1787151000,134.52,134.54,134.39,134.39,137.99,135.91,,,,,,,,,,,,,,,,,,,,,,,,,,,,,,,,,,,,,,,,,,,,,,,,,,,,1302,3674.9
1787151060,134.38,134.52,134.34,134.46,137.99,135.91,,,,,,,,,,,,,,,,,,,,,,,,,,,,,,,,,,,,,,,,,,,,,,,,,,,,3406,3612.85
1787151120,134.49,134.67,134.42,134.59,137.99,135.91,,,,,,,,,,,,,,,,,,,,,,,,,,,,,,,,,,,,,,,,,,,,,,,,,,,,1424,3448.7
1787151180,134.61,134.65,134.58,134.58,137.99,135.91,,,,,,,,,,,,,,,,,,,,,,,,,,,,,,,,,,,,,,,,,,,,,,,,,,,,1112,3332.7
1787151240,134.64,134.64,134.3,134.31,137.99,135.91,,,,,,,,,,,,,,,,,,,,,,,,,,,,,,,,,,,,,,,,,,,,,,,,,,,,2250,3363.55
1787151300,134.25,134.32,134.22,134.32,137.99,135.91,,,,,,,,,,,,,,,,,,,,,,,,,,,,,,,,,,,,,,,,,,,,,,,,,,,,2573,3394.65
1787151360,134.34,134.42,134.32,134.42,137.99,135.91,,,,,,,,,,,,,,,,,,,,,,,,,,,,,,,,,,,,,,,,,,,,,,,,,,,,858,3362.45
1787151420,134.41,134.45,134.31,134.32,137.99,135.91,,,,,,,,,,,,,,,,,,,,,,,,,,,,,,,,,,,,,,,,,,,,,,,,,,,,1255,3353.85
1787151480,134.3,134.31,134.17,134.28,137.99,135.91,,,,,,,,,,,,,,,,,,,,,,,,,,,,,,,,,,,,,,,,,,,,,,,,,,,,5396,3481.5
1787151540,134.31,134.52,134.31,134.5,137.99,135.91,,,,,,,,,,,,,,,,,,,,,,,,,,,,,,,,,,,,,,,,,,,,,,,,,,,,4920,3612.55
1787151600,134.47,134.59,134.44,134.47,137.99,135.91,,,,,,,,,,,,,,,,,,,,,,,,,,,,,,,,,,,,,,,,,,,,,,,,,,,,8485,3974
1787151660,134.54,134.66,134.48,134.63,137.99,135.91,,,,,,,,,,,,,,,,,,,,,,,,,,,,,,,,,,,,,,,,,,,,,,,,,,,,4213,4130.35
1787151720,134.655,134.79,134.63,134.63,137.99,135.91,,,,,,,,,,,,,,,,,,,,,,,,,,,,,,,,,,,,,,,,,,,,,,,,,,,,6594,4387.3
1787151780,134.65,134.78,134.65,134.73,137.99,135.91,,,,,,,,,,,,,,,,,,,,,,,,,,,,,,,,,,,,,,,,,,,,,,,,,,,,5082,4475.35
1787151840,134.76,134.815,134.75,134.78,137.99,135.91,,,,,,,,,,,,,,,,,,,,,,,,,,,,,,,,,,,,,,,,,,,,,,,,,,,,4245,4546.2
1787151900,134.75,134.81,134.61,134.66,137.99,135.91,,,,,,,,,,,,,,,,,,,,,,,,,,,,,,,,,,,,,,,,,,,,,,,,,,,,4609,3911.8
1787151960,134.66,134.75,134.58,134.58,137.99,135.91,,,,,,,,,,,,,,,,,,,,,,,,,,,,,,,,,,,,,,,,,,,,,,,,,,,,4722,3965.25
1787152020,134.58,134.65,134.55,134.55,137.99,135.91,,,,,,,,,,,,,,,,,,,,,,,,,,,,,,,,,,,,,,,,,,,,,,,,,,,,119,3834.9
1787152080,134.53,134.6,134.36,134.44,137.99,135.91,,,,,,,,,,,,,,,,,,,,,,,,,,,,,,,,,,,,,,,,,,,,,,,,,,,,3887,3913.9
1787152140,134.43,134.52,134.29,134.29,137.99,135.91,,,,,,,,,,,,,,,,,,,,,,,,,,,,,,,,,,,,,,,,,,,,,,,,,,,,1425,3393.85
1787152200,134.28,134.38,134.18,134.38,137.99,135.91,,,,,,,,,,,,,,,,,,,,,,,,,,,,,,,,,,,,,,,,,,,,,,,,,,,,2585,3458
1787152260,134.37,134.48,134.34,134.48,137.99,135.91,,,,,,,,,,,,,,,,,,,,,,,,,,,,,,,,,,,,,,,,,,,,,,,,,,,,3214,3448.4
1787152320,134.465,134.64,134.45,134.64,137.99,135.91,,,,,,,,,,,,,,,,,,,,,,,,,,,,,,,,,,,,,,,,,,,,,,,,,,,,2753,3514.85
1787152380,134.61,134.625,134.5,134.5,137.99,135.91,,,,,,,,,,,,,,,,,,,,,,,,,,,,,,,,,,,,,,,,,,,,,,,,,,,,3440,3631.25
1787152440,134.525,134.54,134.47,134.51,137.99,135.91,,,,,,,,,,,,,,,,,,,,,,,,,,,,,,,,,,,,,,,,,,,,,,,,,,,,3739,3705.7
1787152500,134.46,134.46,134.27,134.31,137.99,135.91,,,,,,,,,,,,,,,,,,,,,,,,,,,,,,,,,,,,,,,,,,,,,,,,,,,,1572,3655.65
1787152560,134.33,134.38,134.275,134.3,137.99,135.91,,,,,,,,,,,,,,,,,,,,,,,,,,,,,,,,,,,,,,,,,,,,,,,,,,,,724,3648.95
1787152620,134.31,134.31,134.18,134.2,137.99,135.91,,,,,,,,,,,,,,,,,,,,,,,,,,,,,,,,,,,,,,,,,,,,,,,,,,,,5917,3882.05
1787152680,134.22,134.25,134.14,134.14,137.99,135.91,,,,,,,,,,,,,,,,,,,,,,,,,,,,,,,,,,,,,,,,,,,,,,,,,,,,3453,3784.9
1787152740,134.15,134.15,133.86,133.9,137.99,135.91,,,,,,,,,,,,,,,,,,,,,,,,,,,,,,,,,,,,,,,,,,,,,,,,,,,,13108,4194.3
1787152800,133.92,133.96,133.86,133.96,137.99,135.91,,,,,,,,,,,,,,,,,,,,,,,,,,,,,,,,,,,,,,,,,,,,,,,,,,,,920,3816.05
1787152860,133.97,134.11,133.95,134.03,137.99,135.91,,,,,,,,,,,,,,,,,,,,,,,,,,,,,,,,,,,,,,,,,,,,,,,,,,,,1488,3679.8
1787152920,134.01,134.16,134.01,134.16,137.99,135.91,,,,,,,,,,,,,,,,,,,,,,,,,,,,,,,,,,,,,,,,,,,,,,,,,,,,1561,3428.15
1787152980,134.16,134.18,134.06,134.09,137.99,135.91,,,,,,,,,,,,,,,,,,,,,,,,,,,,,,,,,,,,,,,,,,,,,,,,,,,,1346,3241.35
1787153040,134.04,134.04,133.75,133.75,137.99,135.91,,,,,,,,,,,,,,,,,,,,,,,,,,,,,,,,,,,,,,,,,,,,,,,,,,,,4948,3276.5
1787153100,133.74,133.8,133.7,133.8,137.99,135.91,,,,,,,,,,,,,,,,,,,,,,,,,,,,,,,,,,,,,,,,,,,,,,,,,,,,1594,3125.75
1787153160,133.8,133.81,133.735,133.77,137.99,135.91,,,,,,,,,,,,,,,,,,,,,,,,,,,,,,,,,,,,,,,,,,,,,,,,,,,,1880,2983.65
1787153220,133.79,133.82,133.78,133.82,137.99,135.91,,,,,,,,,,,,,,,,,,,,,,,,,,,,,,,,,,,,,,,,,,,,,,,,,,,,669,3011.15
1787153280,133.83,133.88,133.73,133.78,137.99,135.91,,,,,,,,,,,,,,,,,,,,,,,,,,,,,,,,,,,,,,,,,,,,,,,,,,,,3000,2966.8
1787153340,133.79,133.85,133.76,133.83,137.99,135.91,,,,,,,,,,,,,,,,,,,,,,,,,,,,,,,,,,,,,,,,,,,,,,,,,,,,110,2901.05
1787153400,133.85,133.96,133.85,133.96,137.99,135.91,,,,,,,,,,,,,,,,,,,,,,,,,,,,,,,,,,,,,,,,,,,,,,,,,,,,729,2808.25
1787153460,133.97,133.98,133.91,133.98,137.99,135.91,,,,,,,,,,,,,,,,,,,,,,,,,,,,,,,,,,,,,,,,,,,,,,,,,,,,403,2667.7
1787153520,133.97,133.98,133.9,133.9,137.99,135.91,,,,,,,,,,,,,,,,,,,,,,,,,,,,,,,,,,,,,,,,,,,,,,,,,,,,388,2549.45
1787153580,133.89,133.89,133.76,133.76,137.99,135.91,,,,,,,,,,,,,,,,,,,,,,,,,,,,,,,,,,,,,,,,,,,,,,,,,,,,2060,2480.45
1787153640,133.77,133.77,133.62,133.65,137.99,135.91,,,,,,,,,,,,,,,,,,,,,,,,,,,,,,,,,,,,,,,,,,,,,,,,,,,,1759,2381.45
1787153700,133.66,133.87,133.66,133.77,137.99,135.91,,,,,,,,,,,,,,,,,,,,,,,,,,,,,,,,,,,,,,,,,,,,,,,,,,,,3405,2473.1
1787153760,133.82,133.83,133.77,133.77,137.99,135.91,,,,,,,,,,,,,,,,,,,,,,,,,,,,,,,,,,,,,,,,,,,,,,,,,,,,604,2467.1
1787153820,133.75,133.79,133.75,133.77,137.99,135.91,,,,,,,,,,,,,,,,,,,,,,,,,,,,,,,,,,,,,,,,,,,,,,,,,,,,700,2206.25
1787153880,133.79,133.87,133.72,133.72,137.99,135.91,,,,,,,,,,,,,,,,,,,,,,,,,,,,,,,,,,,,,,,,,,,,,,,,,,,,2271,2147.15
1787153940,133.74,133.74,133.59,133.6,137.99,135.91,,,,,,,,,,,,,,,,,,,,,,,,,,,,,,,,,,,,,,,,,,,,,,,,,,,,1173,1550.4
1787154000,133.62,133.64,133.45,133.45,137.99,135.91,,,,,,,,,,,,,,,,,,,,,,,,,,,,,,,,,,,,,,,,,,,,,,,,,,,,2599,1634.35
1787154060,133.47,133.48,133.42,133.46,137.99,135.91,,,,,,,,,,,,,,,,,,,,,,,,,,,,,,,,,,,,,,,,,,,,,,,,,,,,1899,1654.9
1787154120,133.46,133.72,133.44,133.7,137.99,135.91,,,,,,,,,,,,,,,,,,,,,,,,,,,,,,,,,,,,,,,,,,,,,,,,,,,,3424,1748.05
1787154180,133.66,133.66,133.58,133.58,137.99,135.91,,,,,,,,,,,,,,,,,,,,,,,,,,,,,,,,,,,,,,,,,,,,,,,,,,,,385,1700
1787154240,133.54,133.64,133.54,133.62,137.99,135.91,,,,,,,,,,,,,,,,,,,,,,,,,,,,,,,,,,,,,,,,,,,,,,,,,,,,935,1499.35
1787154300,133.64,133.69,133.64,133.69,137.99,135.91,,,,,,,,,,,,,,,,,,,,,,,,,,,,,,,,,,,,,,,,,,,,,,,,,,,,1001,1469.7
1787154360,133.72,133.81,133.67,133.67,137.99,135.91,,,,,,,,,,,,,,,,,,,,,,,,,,,,,,,,,,,,,,,,,,,,,,,,,,,,2000,1475.7
1787154420,133.67,133.67,133.6,133.64,137.99,135.91,,,,,,,,,,,,,,,,,,,,,,,,,,,,,,,,,,,,,,,,,,,,,,,,,,,,744,1479.45
1787154480,133.63,133.78,133.58,133.75,137.99,135.91,,,,,,,,,,,,,,,,,,,,,,,,,,,,,,,,,,,,,,,,,,,,,,,,,,,,2681,1463.5
1787154540,133.77,133.85,133.67,133.7,137.99,135.91,,,,,,,,,,,,,,,,,,,,,,,,,,,,,,,,,,,,,,,,,,,,,,,,,,,,5406,1728.3
1787154600,133.67,133.81,133.67,133.81,137.99,135.91,,,,,,,,,,,,,,,,,,,,,,,,,,,,,,,,,,,,,,,,,,,,,,,,,,,,1079,1745.8
1787154660,133.82,133.85,133.79,133.79,137.99,135.91,,,,,,,,,,,,,,,,,,,,,,,,,,,,,,,,,,,,,,,,,,,,,,,,,,,,994,1775.35
1787154720,133.79,133.82,133.72,133.73,137.99,135.91,,,,,,,,,,,,,,,,,,,,,,,,,,,,,,,,,,,,,,,,,,,,,,,,,,,,1817,1846.8
1787154780,133.69,133.69,133.61,133.675,137.99,135.91,,,,,,,,,,,,,,,,,,,,,,,,,,,,,,,,,,,,,,,,,,,,,,,,,,,,1163,1801.95
1787154840,133.64,133.64,133.57,133.6,137.99,135.91,,,,,,,,,,,,,,,,,,,,,,,,,,,,,,,,,,,,,,,,,,,,,,,,,,,,1033,1765.65
1787154900,133.57,133.7,133.57,133.67,137.99,135.91,,,,,,,,,,,,,,,,,,,,,,,,,,,,,,,,,,,,,,,,,,,,,,,,,,,,1732,1682
1787154960,133.695,133.79,133.695,133.77,137.99,135.91,,,,,,,,,,,,,,,,,,,,,,,,,,,,,,,,,,,,,,,,,,,,,,,,,,,,1849,1744.25
1787155020,133.76,133.77,133.69,133.76,137.99,135.91,,,,,,,,,,,,,,,,,,,,,,,,,,,,,,,,,,,,,,,,,,,,,,,,,,,,1044,1761.45
1787155080,133.77,133.77,133.69,133.69,137.99,135.91,,,,,,,,,,,,,,,,,,,,,,,,,,,,,,,,,,,,,,,,,,,,,,,,,,,,1334,1714.6
1787155140,133.71,133.76,133.68,133.71,137.99,135.91,,,,,,,,,,,,,,,,,,,,,,,,,,,,,,,,,,,,,,,,,,,,,,,,,,,,2049,1758.4
1787155200,133.72,133.82,133.68,133.82,137.99,135.91,,,,,,,,,,,,,,,,,,,,,,,,,,,,,,,,,,,,,,,,,,,,,,,,,,,,2450,1750.95
1787155260,133.82,133.91,133.81,133.88,137.99,135.91,,,,,,,,,,,,,,,,,,,,,,,,,,,,,,,,,,,,,,,,,,,,,,,,,,,,2893,1800.65
1787155320,133.91,134.02,133.82,134.02,137.99,135.91,,,,,,,,,,,,,,,,,,,,,,,,,,,,,,,,,,,,,,,,,,,,,,,,,,,,4935,1876.2
1787155380,134.03,134.23,134.01,134.2,137.99,135.91,,,,,,,,,,,,,,,,,,,,,,,,,,,,,,,,,,,,,,,,,,,,,,,,,,,,2839,1998.9
1787155440,134.2,134.47,134.2,134.47,137.99,135.91,,,,,,,,,,,,,,,,,,,,,,,,,,,,,,,,,,,,,,,,,,,,,,,,,,,,4900,2197.15
1787155500,134.45,134.48,134.39,134.4,137.99,135.91,,,,,,,,,,,,,,,,,,,,,,,,,,,,,,,,,,,,,,,,,,,,,,,,,,,,3341,2314.15
1787155560,134.39,134.4,134.37,134.37,137.99,135.91,,,,,,,,,,,,,,,,,,,,,,,,,,,,,,,,,,,,,,,,,,,,,,,,,,,,97,2219
1787155620,134.39,134.45,134.35,134.45,137.99,135.91,,,,,,,,,,,,,,,,,,,,,,,,,,,,,,,,,,,,,,,,,,,,,,,,,,,,1577,2260.65
1787155680,134.48,134.55,134.48,134.485,137.99,135.91,,,,,,,,,,,,,,,,,,,,,,,,,,,,,,,,,,,,,,,,,,,,,,,,,,,,2565,2254.85
1787155740,134.49,134.73,134.49,134.73,137.99,135.91,,,,,,,,,,,,,,,,,,,,,,,,,,,,,,,,,,,,,,,,,,,,,,,,,,,,10639,2516.5
1787155800,134.74,134.94,134.72,134.94,137.99,135.91,,,,,,,,,,,,,,,,,,,,,,,,,,,,,,,,,,,,,,,,,,,,,,,,,,,,1785,2551.8
1787155860,134.94,134.98,134.87,134.89,137.99,135.91,,,,,,,,,,,,,,,,,,,,,,,,,,,,,,,,,,,,,,,,,,,,,,,,,,,,4588,2731.5
1787155920,134.89,134.99,134.86,134.99,137.99,135.91,,,,,,,,,,,,,,,,,,,,,,,,,,,,,,,,,,,,,,,,,,,,,,,,,,,,2339,2757.6
1787155980,134.99,135,134.8,134.82,137.99,135.91,,,,,,,,,,,,,,,,,,,,,,,,,,,,,,,,,,,,,,,,,,,,,,,,,,,,5870,2992.95
1787156040,134.78,134.8,134.65,134.65,137.99,135.91,,,,,,,,,,,,,,,,,,,,,,,,,,,,,,,,,,,,,,,,,,,,,,,,,,,,661,2974.35
1787156100,134.65,134.73,134.58,134.7,137.99,135.91,,,,,,,,,,,,,,,,,,,,,,,,,,,,,,,,,,,,,,,,,,,,,,,,,,,,5044,3139.95
1787156160,134.7,134.7,134.56,134.6,137.99,135.91,,,,,,,,,,,,,,,,,,,,,,,,,,,,,,,,,,,,,,,,,,,,,,,,,,,,635,3079.25
1787156220,134.57,134.57,134.45,134.45,137.99,135.91,,,,,,,,,,,,,,,,,,,,,,,,,,,,,,,,,,,,,,,,,,,,,,,,,,,,759,3065
1787156280,134.46,134.46,134.37,134.37,137.99,135.91,,,,,,,,,,,,,,,,,,,,,,,,,,,,,,,,,,,,,,,,,,,,,,,,,,,,1152,3055.9
1787156340,134.43,134.43,134.32,134.4,137.99,135.91,,,,,,,,,,,,,,,,,,,,,,,,,,,,,,,,,,,,,,,,,,,,,,,,,,,,1334,3020.15
1787156400,134.37,134.37,134.29,134.34,137.99,135.91,,,,,,,,,,,,,,,,,,,,,,,,,,,,,,,,,,,,,,,,,,,,,,,,,,,,8268,3311.05
1787156460,134.3,134.31,134.25,134.265,137.99,135.91,,,,,,,,,,,,,,,,,,,,,,,,,,,,,,,,,,,,,,,,,,,,,,,,,,,,1859,3259.35
1787156520,134.25,134.28,134.22,134.22,137.99,135.91,,,,,,,,,,,,,,,,,,,,,,,,,,,,,,,,,,,,,,,,,,,,,,,,,,,,1598,3092.5
1787156580,134.21,134.22,134.12,134.18,137.99,135.91,,,,,,,,,,,,,,,,,,,,,,,,,,,,,,,,,,,,,,,,,,,,,,,,,,,,4945,3197.8
1787156640,134.19,134.21,134.16,134.18,137.99,135.91,,,,,,,,,,,,,,,,,,,,,,,,,,,,,,,,,,,,,,,,,,,,,,,,,,,,2861,3095.85
1787156700,134.17,134.23,134.16,134.2,137.99,135.91,,,,,,,,,,,,,,,,,,,,,,,,,,,,,,,,,,,,,,,,,,,,,,,,,,,,4657,3161.65
1787156760,134.17,134.23,134.17,134.22,137.99,135.91,,,,,,,,,,,,,,,,,,,,,,,,,,,,,,,,,,,,,,,,,,,,,,,,,,,,348,3174.2
1787156820,134.21,134.21,134.18,134.18,137.99,135.91,,,,,,,,,,,,,,,,,,,,,,,,,,,,,,,,,,,,,,,,,,,,,,,,,,,,691,3129.9
1787156880,134.17,134.23,134.15,134.15,137.99,135.91,,,,,,,,,,,,,,,,,,,,,,,,,,,,,,,,,,,,,,,,,,,,,,,,,,,,8977,3450.5
1787156940,134.12,134.12,134.07,134.07,137.99,135.91,,,,,,,,,,,,,,,,,,,,,,,,,,,,,,,,,,,,,,,,,,,,,,,,,,,,2267,3031.9
1787157000,134.04,134.04,133.95,134,137.99,135.91,,,,,,,,,,,,,,,,,,,,,,,,,,,,,,,,,,,,,,,,,,,,,,,,,,,,2102,3047.75
1787157060,133.99,134.02,133.96,133.97,137.99,135.91,,,,,,,,,,,,,,,,,,,,,,,,,,,,,,,,,,,,,,,,,,,,,,,,,,,,468,2841.75
1787157120,133.96,133.96,133.91,133.91,137.99,135.91,,,,,,,,,,,,,,,,,,,,,,,,,,,,,,,,,,,,,,,,,,,,,,,,,,,,1310,2790.3
1787157180,133.93,133.96,133.93,133.955,137.99,135.91,,,,,,,,,,,,,,,,,,,,,,,,,,,,,,,,,,,,,,,,,,,,,,,,,,,,601,2526.85
1787157240,133.96,134.015,133.88,133.95,137.99,135.91,,,,,,,,,,,,,,,,,,,,,,,,,,,,,,,,,,,,,,,,,,,,,,,,,,,,4212,2704.4
1787157300,133.9,133.91,133.84,133.86,137.99,135.91,,,,,,,,,,,,,,,,,,,,,,,,,,,,,,,,,,,,,,,,,,,,,,,,,,,,6392,2771.8
1787157360,133.83,133.91,133.8,133.91,137.99,135.91,,,,,,,,,,,,,,,,,,,,,,,,,,,,,,,,,,,,,,,,,,,,,,,,,,,,2440,2862.05
1787157420,133.94,134.08,133.94,134.07,137.99,135.91,,,,,,,,,,,,,,,,,,,,,,,,,,,,,,,,,,,,,,,,,,,,,,,,,,,,1222,2885.2
1787157480,134.09,134.11,134.03,134.04,137.99,135.91,,,,,,,,,,,,,,,,,,,,,,,,,,,,,,,,,,,,,,,,,,,,,,,,,,,,3999,3027.55
1787157540,134.04,134.115,134.04,134.08,137.99,135.91,,,,,,,,,,,,,,,,,,,,,,,,,,,,,,,,,,,,,,,,,,,,,,,,,,,,518,2986.75
1787157600,134.08,134.1,134.06,134.1,137.99,135.91,,,,,,,,,,,,,,,,,,,,,,,,,,,,,,,,,,,,,,,,,,,,,,,,,,,,966,2621.65
1787157660,134.04,134.09,134.03,134.08,137.99,135.91,,,,,,,,,,,,,,,,,,,,,,,,,,,,,,,,,,,,,,,,,,,,,,,,,,,,1785,2617.95
1787157720,134.08,134.09,134.01,134.03,137.99,135.91,,,,,,,,,,,,,,,,,,,,,,,,,,,,,,,,,,,,,,,,,,,,,,,,,,,,2175,2646.8
1787157780,134.04,134.05,134,134.05,137.99,135.91,,,,,,,,,,,,,,,,,,,,,,,,,,,,,,,,,,,,,,,,,,,,,,,,,,,,1034,2451.25
1787157840,134.03,134.04,134.01,134.01,137.99,135.91,,,,,,,,,,,,,,,,,,,,,,,,,,,,,,,,,,,,,,,,,,,,,,,,,,,,333,2324.85
1787157900,134.01,134.04,133.99,134.01,137.99,135.91,,,,,,,,,,,,,,,,,,,,,,,,,,,,,,,,,,,,,,,,,,,,,,,,,,,,1546,2169.3
1787157960,134.01,134.08,134,134,137.99,135.91,,,,,,,,,,,,,,,,,,,,,,,,,,,,,,,,,,,,,,,,,,,,,,,,,,,,1570,2230.4
1787158020,134,134,133.94,133.94,137.99,135.91,,,,,,,,,,,,,,,,,,,,,,,,,,,,,,,,,,,,,,,,,,,,,,,,,,,,2990,2345.35
1787158080,133.95,134.05,133.94,134.05,137.99,135.91,,,,,,,,,,,,,,,,,,,,,,,,,,,,,,,,,,,,,,,,,,,,,,,,,,,,1170,1955
1787158140,134.05,134.05,133.97,133.98,137.99,135.91,,,,,,,,,,,,,,,,,,,,,,,,,,,,,,,,,,,,,,,,,,,,,,,,,,,,805,1881.9
1787158200,133.95,133.96,133.85,133.85,137.99,135.91,,,,,,,,,,,,,,,,,,,,,,,,,,,,,,,,,,,,,,,,,,,,,,,,,,,,570,1805.3
1787158260,133.84,133.91,133.84,133.91,137.99,135.91,,,,,,,,,,,,,,,,,,,,,,,,,,,,,,,,,,,,,,,,,,,,,,,,,,,,1099,1836.85
1787158320,133.89,133.94,133.88,133.92,137.99,135.91,,,,,,,,,,,,,,,,,,,,,,,,,,,,,,,,,,,,,,,,,,,,,,,,,,,,198,1781.25
1787158380,133.92,133.92,133.78,133.78,137.99,135.91,,,,,,,,,,,,,,,,,,,,,,,,,,,,,,,,,,,,,,,,,,,,,,,,,,,,1677,1835.05
1787158440,133.79,133.83,133.79,133.82,137.99,135.91,,,,,,,,,,,,,,,,,,,,,,,,,,,,,,,,,,,,,,,,,,,,,,,,,,,,325,1640.7
1787158500,133.77,133.78,133.74,133.78,137.99,135.91,,,,,,,,,,,,,,,,,,,,,,,,,,,,,,,,,,,,,,,,,,,,,,,,,,,,721,1357.15
1787158560,133.77,133.78,133.76,133.78,137.99,135.91,,,,,,,,,,,,,,,,,,,,,,,,,,,,,,,,,,,,,,,,,,,,,,,,,,,,401,1255.2
1787158620,133.77,133.785,133.75,133.76,137.99,135.91,,,,,,,,,,,,,,,,,,,,,,,,,,,,,,,,,,,,,,,,,,,,,,,,,,,,1704,1279.3
1787158680,133.76,133.78,133.76,133.78,137.99,135.91,,,,,,,,,,,,,,,,,,,,,,,,,,,,,,,,,,,,,,,,,,,,,,,,,,,,825,1120.6
1787158740,133.77,133.79,133.73,133.73,137.99,135.91,,,,,,,,,,,,,,,,,,,,,,,,,,,,,,,,,,,,,,,,,,,,,,,,,,,,1200,1154.7
1787158800,133.72,133.75,133.7,133.75,137.99,135.91,,,,,,,,,,,,,,,,,,,,,,,,,,,,,,,,,,,,,,,,,,,,,,,,,,,,3062,1259.5
1787158860,133.75,133.8,133.73,133.79,137.99,135.91,,,,,,,,,,,,,,,,,,,,,,,,,,,,,,,,,,,,,,,,,,,,,,,,,,,,552,1197.85
1787158920,133.79,133.84,133.785,133.79,137.99,135.91,,,,,,,,,,,,,,,,,,,,,,,,,,,,,,,,,,,,,,,,,,,,,,,,,,,,1019,1140.05
1787158980,133.78,133.78,133.74,133.77,137.99,135.91,,,,,,,,,,,,,,,,,,,,,,,,,,,,,,,,,,,,,,,,,,,,,,,,,,,,865,1131.6
1787159040,133.79,133.85,133.78,133.84,137.99,135.91,,,,,,,,,,,,,,,,,,,,,,,,,,,,,,,,,,,,,,,,,,,,,,,,,,,,1081,1169
1787159100,133.86,133.99,133.86,133.97,137.99,135.91,,,,,,,,,,,,,,,,,,,,,,,,,,,,,,,,,,,,,,,,,,,,,,,,,,,,1165,1149.95
1787159160,133.97,133.98,133.89,133.9,137.99,135.91,,,,,,,,,,,,,,,,,,,,,,,,,,,,,,,,,,,,,,,,,,,,,,,,,,,,3463,1244.6
1787159220,133.9,133.9,133.86,133.86,137.99,135.91,,,,,,,,,,,,,,,,,,,,,,,,,,,,,,,,,,,,,,,,,,,,,,,,,,,,553,1122.75
1787159280,133.85,133.85,133.8,133.85,137.99,135.91,,,,,,,,,,,,,,,,,,,,,,,,,,,,,,,,,,,,,,,,,,,,,,,,,,,,2587,1193.6
1787159340,133.83,133.95,133.82,133.94,137.99,135.91,,,,,,,,,,,,,,,,,,,,,,,,,,,,,,,,,,,,,,,,,,,,,,,,,,,,1830,1244.85
1787159400,133.96,134.03,133.96,134.03,137.99,135.91,,,,,,,,,,,,,,,,,,,,,,,,,,,,,,,,,,,,,,,,,,,,,,,,,,,,242,1228.45
1787159460,134.025,134.03,133.98,134.03,137.99,135.91,,,,,,,,,,,,,,,,,,,,,,,,,,,,,,,,,,,,,,,,,,,,,,,,,,,,1486,1247.8
1787159520,134.02,134.03,134,134.03,137.99,135.91,,,,,,,,,,,,,,,,,,,,,,,,,,,,,,,,,,,,,,,,,,,,,,,,,,,,364,1256.1
1787159580,134.025,134.04,133.98,133.98,137.99,135.91,,,,,,,,,,,,,,,,,,,,,,,,,,,,,,,,,,,,,,,,,,,,,,,,,,,,3339,1339.2
1787159640,133.98,134.07,133.98,134.03,137.99,135.91,,,,,,,,,,,,,,,,,,,,,,,,,,,,,,,,,,,,,,,,,,,,,,,,,,,,2302,1438.05
1787159700,134.01,134.04,134,134.03,137.99,135.91,,,,,,,,,,,,,,,,,,,,,,,,,,,,,,,,,,,,,,,,,,,,,,,,,,,,921,1448.05
1787159760,134.04,134.08,134.02,134.07,137.99,135.91,,,,,,,,,,,,,,,,,,,,,,,,,,,,,,,,,,,,,,,,,,,,,,,,,,,,1259,1490.95
1787159820,134.08,134.1,133.99,133.99,137.99,135.91,,,,,,,,,,,,,,,,,,,,,,,,,,,,,,,,,,,,,,,,,,,,,,,,,,,,1981,1504.8
1787159880,134.01,134.04,133.95,133.95,137.99,135.91,,,,,,,,,,,,,,,,,,,,,,,,,,,,,,,,,,,,,,,,,,,,,,,,,,,,938,1510.45
1787159940,133.95,133.96,133.91,133.94,137.99,135.91,,,,,,,,,,,,,,,,,,,,,,,,,,,,,,,,,,,,,,,,,,,,,,,,,,,,1598,1530.35
1787160000,133.94,133.955,133.865,133.865,137.99,135.91,,,,,,,,,,,,,,,,,,,,,,,,,,,,,,,,,,,,,,,,,,,,,,,,,,,,1705,1462.5
1787160060,133.86,133.87,133.81,133.86,137.99,135.91,,,,,,,,,,,,,,,,,,,,,,,,,,,,,,,,,,,,,,,,,,,,,,,,,,,,816,1475.7
1787160120,133.85,133.89,133.85,133.88,137.99,135.91,,,,,,,,,,,,,,,,,,,,,,,,,,,,,,,,,,,,,,,,,,,,,,,,,,,,1476,1498.55
1787160180,133.88,133.92,133.88,133.91,137.99,135.91,,,,,,,,,,,,,,,,,,,,,,,,,,,,,,,,,,,,,,,,,,,,,,,,,,,,917,1501.15
1787160240,133.91,133.94,133.88,133.89,137.99,135.91,,,,,,,,,,,,,,,,,,,,,,,,,,,,,,,,,,,,,,,,,,,,,,,,,,,,1039,1499.05
1787160300,133.9,133.95,133.9,133.93,137.99,135.91,,,,,,,,,,,,,,,,,,,,,,,,,,,,,,,,,,,,,,,,,,,,,,,,,,,,120,1446.8
1787160360,133.91,133.91,133.88,133.88,137.99,135.91,,,,,,,,,,,,,,,,,,,,,,,,,,,,,,,,,,,,,,,,,,,,,,,,,,,,354,1291.35
1787160420,133.87,133.87,133.86,133.86,137.99,135.91,,,,,,,,,,,,,,,,,,,,,,,,,,,,,,,,,,,,,,,,,,,,,,,,,,,,58,1266.6
1787160480,133.88,133.96,133.88,133.94,137.99,135.91,,,,,,,,,,,,,,,,,,,,,,,,,,,,,,,,,,,,,,,,,,,,,,,,,,,,950,1184.75
1787160540,133.95,133.95,133.88,133.88,137.99,135.91,,,,,,,,,,,,,,,,,,,,,,,,,,,,,,,,,,,,,,,,,,,,,,,,,,,,684,1127.45
1787160600,133.87,133.92,133.87,133.92,137.99,135.91,,,,,,,,,,,,,,,,,,,,,,,,,,,,,,,,,,,,,,,,,,,,,,,,,,,,541,1142.4
1787160660,133.91,133.91,133.86,133.9,137.99,135.91,,,,,,,,,,,,,,,,,,,,,,,,,,,,,,,,,,,,,,,,,,,,,,,,,,,,1001,1118.15
1787160720,133.86,133.86,133.78,133.8,137.99,135.91,,,,,,,,,,,,,,,,,,,,,,,,,,,,,,,,,,,,,,,,,,,,,,,,,,,,1103,1155.1
1787160780,133.82,133.91,133.82,133.9,137.99,135.91,,,,,,,,,,,,,,,,,,,,,,,,,,,,,,,,,,,,,,,,,,,,,,,,,,,,1111,1043.7
1787160840,133.91,133.93,133.89,133.89,137.99,135.91,,,,,,,,,,,,,,,,,,,,,,,,,,,,,,,,,,,,,,,,,,,,,,,,,,,,571,957.15
1787160900,133.87,133.87,133.83,133.83,137.99,135.91,,,,,,,,,,,,,,,,,,,,,,,,,,,,,,,,,,,,,,,,,,,,,,,,,,,,135,917.85
1787160960,133.85,133.89,133.85,133.89,137.99,135.91,,,,,,,,,,,,,,,,,,,,,,,,,,,,,,,,,,,,,,,,,,,,,,,,,,,,1286,919.2
1787161020,133.87,133.88,133.8,133.8,137.99,135.91,,,,,,,,,,,,,,,,,,,,,,,,,,,,,,,,,,,,,,,,,,,,,,,,,,,,137,827
1787161080,133.81,133.81,133.75,133.75,137.99,135.91,,,,,,,,,,,,,,,,,,,,,,,,,,,,,,,,,,,,,,,,,,,,,,,,,,,,245,792.35
1787161140,133.78,133.78,133.69,133.7,137.99,135.91,,,,,,,,,,,,,,,,,,,,,,,,,,,,,,,,,,,,,,,,,,,,,,,,,,,,1255,775.2
1787161200,133.71,133.78,133.71,133.76,137.99,135.91,,,,,,,,,,,,,,,,,,,,,,,,,,,,,,,,,,,,,,,,,,,,,,,,,,,,925,736.2
1787161260,133.78,133.78,133.69,133.71,137.99,135.91,,,,,,,,,,,,,,,,,,,,,,,,,,,,,,,,,,,,,,,,,,,,,,,,,,,,337,712.25
1787161320,133.72,133.77,133.7,133.73,137.99,135.91,,,,,,,,,,,,,,,,,,,,,,,,,,,,,,,,,,,,,,,,,,,,,,,,,,,,1680,722.45
1787161380,133.73,133.76,133.73,133.73,137.99,135.91,,,,,,,,,,,,,,,,,,,,,,,,,,,,,,,,,,,,,,,,,,,,,,,,,,,,376,695.4
1787161440,133.73,133.735,133.64,133.64,137.99,135.91,,,,,,,,,,,,,,,,,,,,,,,,,,,,,,,,,,,,,,,,,,,,,,,,,,,,1021,694.5
1787161500,133.63,133.68,133.61,133.68,137.99,135.91,,,,,,,,,,,,,,,,,,,,,,,,,,,,,,,,,,,,,,,,,,,,,,,,,,,,679,722.45
1787161560,133.72,133.72,133.61,133.67,137.99,135.91,,,,,,,,,,,,,,,,,,,,,,,,,,,,,,,,,,,,,,,,,,,,,,,,,,,,1317,770.6
1787161620,133.62,133.69,133.6,133.67,137.99,135.91,,,,,,,,,,,,,,,,,,,,,,,,,,,,,,,,,,,,,,,,,,,,,,,,,,,,2871,911.25
1787161680,133.66,133.79,133.62,133.79,137.99,135.91,,,,,,,,,,,,,,,,,,,,,,,,,,,,,,,,,,,,,,,,,,,,,,,,,,,,2831,1005.3
1787161740,133.75,133.77,133.69,133.695,137.99,135.91,,,,,,,,,,,,,,,,,,,,,,,,,,,,,,,,,,,,,,,,,,,,,,,,,,,,1202,1031.2
1787161800,133.68,133.7,133.67,133.67,137.99,135.91,,,,,,,,,,,,,,,,,,,,,,,,,,,,,,,,,,,,,,,,,,,,,,,,,,,,1508,1079.55
1787161860,133.69,133.69,133.62,133.65,137.99,135.91,,,,,,,,,,,,,,,,,,,,,,,,,,,,,,,,,,,,,,,,,,,,,,,,,,,,1815,1120.25
1787161920,133.64,133.645,133.6,133.615,137.99,135.91,,,,,,,,,,,,,,,,,,,,,,,,,,,,,,,,,,,,,,,,,,,,,,,,,,,,3507,1240.45
1787161980,133.615,133.67,133.61,133.62,137.99,135.91,,,,,,,,,,,,,,,,,,,,,,,,,,,,,,,,,,,,,,,,,,,,,,,,,,,,3445,1357.15
1787162040,133.62,133.66,133.57,133.57,137.99,135.91,,,,,,,,,,,,,,,,,,,,,,,,,,,,,,,,,,,,,,,,,,,,,,,,,,,,2881,1472.65
1787162100,133.59,133.62,133.59,133.6,137.99,135.91,,,,,,,,,,,,,,,,,,,,,,,,,,,,,,,,,,,,,,,,,,,,,,,,,,,,2333,1582.55
1787162160,133.61,133.63,133.61,133.615,137.99,135.91,,,,,,,,,,,,,,,,,,,,,,,,,,,,,,,,,,,,,,,,,,,,,,,,,,,,791,1557.8
1787162220,133.65,133.65,133.64,133.64,137.99,135.91,,,,,,,,,,,,,,,,,,,,,,,,,,,,,,,,,,,,,,,,,,,,,,,,,,,,501,1576
1787162280,133.65,133.655,133.54,133.57,137.99,135.91,,,,,,,,,,,,,,,,,,,,,,,,,,,,,,,,,,,,,,,,,,,,,,,,,,,,1906,1659.05
1787162340,133.57,133.57,133.57,133.57,137.99,135.91,,,,,,,,,,,,,,,,,,,,,,,,,,,,,,,,,,,,,,,,,,,,,,,,,,,,20,1597.3
1787162400,133.565,133.62,133.54,133.56,137.99,135.91,,,,,,,,,,,,,,,,,,,,,,,,,,,,,,,,,,,,,,,,,,,,,,,,,,,,3065,1704.3
1787162460,133.55,133.62,133.55,133.6,137.99,135.91,,,,,,,,,,,,,,,,,,,,,,,,,,,,,,,,,,,,,,,,,,,,,,,,,,,,3758,1875.35
1787162520,133.58,133.74,133.58,133.73,137.99,135.91,,,,,,,,,,,,,,,,,,,,,,,,,,,,,,,,,,,,,,,,,,,,,,,,,,,,3292,1955.95
1787162580,133.75,133.8,133.74,133.755,137.99,135.91,,,,,,,,,,,,,,,,,,,,,,,,,,,,,,,,,,,,,,,,,,,,,,,,,,,,854,1979.85
1787162640,133.73,133.73,133.62,133.64,137.99,135.91,,,,,,,,,,,,,,,,,,,,,,,,,,,,,,,,,,,,,,,,,,,,,,,,,,,,97,1933.65
1787162700,133.58,133.58,133.51,133.535,137.99,135.91,,,,,,,,,,,,,,,,,,,,,,,,,,,,,,,,,,,,,,,,,,,,,,,,,,,,998,1949.6
1787162760,133.52,133.52,133.44,133.47,137.99,135.91,,,,,,,,,,,,,,,,,,,,,,,,,,,,,,,,,,,,,,,,,,,,,,,,,,,,4636,2115.55
1787162820,133.43,133.48,133.38,133.48,137.99,135.91,,,,,,,,,,,,,,,,,,,,,,,,,,,,,,,,,,,,,,,,,,,,,,,,,,,,2320,2088
1787162880,133.48,133.49,133.445,133.445,137.99,135.91,,,,,,,,,,,,,,,,,,,,,,,,,,,,,,,,,,,,,,,,,,,,,,,,,,,,311,1962
1787162940,133.47,133.48,133.43,133.44,137.99,135.91,,,,,,,,,,,,,,,,,,,,,,,,,,,,,,,,,,,,,,,,,,,,,,,,,,,,461,1924.95
1787163000,133.49,133.54,133.47,133.51,137.99,135.91,,,,,,,,,,,,,,,,,,,,,,,,,,,,,,,,,,,,,,,,,,,,,,,,,,,,926,1895.85
1787163060,133.52,133.56,133.5,133.54,137.99,135.91,,,,,,,,,,,,,,,,,,,,,,,,,,,,,,,,,,,,,,,,,,,,,,,,,,,,737,1841.95
1787163120,133.53,133.53,133.43,133.46,137.99,135.91,,,,,,,,,,,,,,,,,,,,,,,,,,,,,,,,,,,,,,,,,,,,,,,,,,,,916,1712.4
1787163180,133.46,133.48,133.35,133.35,137.99,135.91,,,,,,,,,,,,,,,,,,,,,,,,,,,,,,,,,,,,,,,,,,,,,,,,,,,,1391,1609.7
1787163240,133.34,133.34,133.29,133.325,137.99,135.91,,,,,,,,,,,,,,,,,,,,,,,,,,,,,,,,,,,,,,,,,,,,,,,,,,,,3394,1635.35
1787163300,133.33,133.36,133.2,133.25,137.99,135.91,,,,,,,,,,,,,,,,,,,,,,,,,,,,,,,,,,,,,,,,,,,,,,,,,,,,2317,1634.55
1787163360,133.27,133.3,133.23,133.28,137.99,135.91,,,,,,,,,,,,,,,,,,,,,,,,,,,,,,,,,,,,,,,,,,,,,,,,,,,,1346,1662.3
1787163420,133.31,133.35,133.31,133.35,137.99,135.91,,,,,,,,,,,,,,,,,,,,,,,,,,,,,,,,,,,,,,,,,,,,,,,,,,,,2124,1743.45
1787163480,133.37,133.43,133.37,133.39,137.99,135.91,,,,,,,,,,,,,,,,,,,,,,,,,,,,,,,,,,,,,,,,,,,,,,,,,,,,1097,1703
1787163540,133.395,133.48,133.395,133.48,137.99,135.91,,,,,,,,,,,,,,,,,,,,,,,,,,,,,,,,,,,,,,,,,,,,,,,,,,,,2265,1815.25
1787163600,133.49,133.53,133.48,133.53,137.99,135.91,,,,,,,,,,,,,,,,,,,,,,,,,,,,,,,,,,,,,,,,,,,,,,,,,,,,1216,1722.8
1787163660,133.55,133.57,133.53,133.57,137.99,135.91,,,,,,,,,,,,,,,,,,,,,,,,,,,,,,,,,,,,,,,,,,,,,,,,,,,,1684,1619.1
1787163720,133.58,133.6,133.47,133.49,137.99,135.91,,,,,,,,,,,,,,,,,,,,,,,,,,,,,,,,,,,,,,,,,,,,,,,,,,,,339,1471.45
1787163780,133.5,133.52,133.47,133.5,137.99,135.91,,,,,,,,,,,,,,,,,,,,,,,,,,,,,,,,,,,,,,,,,,,,,,,,,,,,1216,1489.55
1787163840,133.49,133.5,133.44,133.44,137.99,135.91,,,,,,,,,,,,,,,,,,,,,,,,,,,,,,,,,,,,,,,,,,,,,,,,,,,,1870,1578.2
1787163900,133.4,133.43,133.37,133.43,137.99,135.91,,,,,,,,,,,,,,,,,,,,,,,,,,,,,,,,,,,,,,,,,,,,,,,,,,,,1498,1603.2
1787163960,133.425,133.425,133.28,133.28,137.99,135.91,,,,,,,,,,,,,,,,,,,,,,,,,,,,,,,,,,,,,,,,,,,,,,,,,,,,2450,1493.9
1787164020,133.28,133.3,133.165,133.165,137.99,135.91,,,,,,,,,,,,,,,,,,,,,,,,,,,,,,,,,,,,,,,,,,,,,,,,,,,,1855,1470.65
1787164080,133.15,133.22,133.15,133.2,137.99,135.91,,,,,,,,,,,,,,,,,,,,,,,,,,,,,,,,,,,,,,,,,,,,,,,,,,,,2194,1564.8
1787164140,133.21,133.27,133.18,133.26,137.99,135.91,,,,,,,,,,,,,,,,,,,,,,,,,,,,,,,,,,,,,,,,,,,,,,,,,,,,3341,1708.8
1787164200,133.26,133.34,133.24,133.27,137.99,135.91,,,,,,,,,,,,,,,,,,,,,,,,,,,,,,,,,,,,,,,,,,,,,,,,,,,,3280,1826.5
1787164260,133.27,133.3,133.26,133.3,137.99,135.91,,,,,,,,,,,,,,,,,,,,,,,,,,,,,,,,,,,,,,,,,,,,,,,,,,,,1658,1872.55
1787164320,133.31,133.32,133.3,133.3,137.99,135.91,,,,,,,,,,,,,,,,,,,,,,,,,,,,,,,,,,,,,,,,,,,,,,,,,,,,390,1846.25
1787164380,133.32,133.38,133.32,133.37,137.99,135.91,,,,,,,,,,,,,,,,,,,,,,,,,,,,,,,,,,,,,,,,,,,,,,,,,,,,2818,1917.6
1787164440,133.37,133.39,133.37,133.37,137.99,135.91,,,,,,,,,,,,,,,,,,,,,,,,,,,,,,,,,,,,,,,,,,,,,,,,,,,,1601,1827.95
1787164500,133.36,133.4,133.36,133.4,137.99,135.91,,,,,,,,,,,,,,,,,,,,,,,,,,,,,,,,,,,,,,,,,,,,,,,,,,,,1174,1770.8
1787164560,133.38,133.41,133.36,133.36,137.99,135.91,,,,,,,,,,,,,,,,,,,,,,,,,,,,,,,,,,,,,,,,,,,,,,,,,,,,756,1741.3
1787164620,133.34,133.34,133.29,133.29,137.99,135.91,,,,,,,,,,,,,,,,,,,,,,,,,,,,,,,,,,,,,,,,,,,,,,,,,,,,1042,1687.2
1787164680,133.29,133.29,133.25,133.26,137.99,135.91,,,,,,,,,,,,,,,,,,,,,,,,,,,,,,,,,,,,,,,,,,,,,,,,,,,,955,1680.1
1787164740,133.27,133.29,133.23,133.24,137.99,135.91,,,,,,,,,,,,,,,,,,,,,,,,,,,,,,,,,,,,,,,,,,,,,,,,,,,,1905,1662.1
1787164800,133.23,133.29,133.23,133.255,137.99,135.91,,,,,,,,,,,,,,,,,,,,,,,,,,,,,,,,,,,,,,,,,,,,,,,,,,,,1370,1669.8
1787164860,133.25,133.25,133.17,133.17,137.99,135.91,,,,,,,,,,,,,,,,,,,,,,,,,,,,,,,,,,,,,,,,,,,,,,,,,,,,926,1631.9
1787164920,133.18,133.2,133.14,133.165,137.99,135.91,,,,,,,,,,,,,,,,,,,,,,,,,,,,,,,,,,,,,,,,,,,,,,,,,,,,1342,1682.05
1787164980,133.15,133.16,133.09,133.13,137.99,135.91,,,,,,,,,,,,,,,,,,,,,,,,,,,,,,,,,,,,,,,,,,,,,,,,,,,,3709,1806.7
1787165040,133.14,133.14,133.1,133.14,137.99,135.91,,,,,,,,,,,,,,,,,,,,,,,,,,,,,,,,,,,,,,,,,,,,,,,,,,,,1173,1771.85
1787165100,133.145,133.22,133.13,133.2,137.99,135.91,,,,,,,,,,,,,,,,,,,,,,,,,,,,,,,,,,,,,,,,,,,,,,,,,,,,3564,1875.15
1787165160,133.19,133.21,133.16,133.2,137.99,135.91,,,,,,,,,,,,,,,,,,,,,,,,,,,,,,,,,,,,,,,,,,,,,,,,,,,,1169,1811.1
1787165220,133.15,133.18,133.125,133.18,137.99,135.91,,,,,,,,,,,,,,,,,,,,,,,,,,,,,,,,,,,,,,,,,,,,,,,,,,,,2333,1835
1787165280,133.18,133.22,133.07,133.07,137.99,135.91,,,,,,,,,,,,,,,,,,,,,,,,,,,,,,,,,,,,,,,,,,,,,,,,,,,,4767,1963.65
1787165340,133.06,133.15,133.06,133.13,137.99,135.91,,,,,,,,,,,,,,,,,,,,,,,,,,,,,,,,,,,,,,,,,,,,,,,,,,,,1552,1874.2
1787165400,133.14,133.22,133.14,133.21,137.99,135.91,,,,,,,,,,,,,,,,,,,,,,,,,,,,,,,,,,,,,,,,,,,,,,,,,,,,4949,1957.65
1787165460,133.21,133.21,133.13,133.15,137.99,135.91,,,,,,,,,,,,,,,,,,,,,,,,,,,,,,,,,,,,,,,,,,,,,,,,,,,,1958,1972.65
1787165520,133.14,133.14,133.02,133.02,137.99,135.91,,,,,,,,,,,,,,,,,,,,,,,,,,,,,,,,,,,,,,,,,,,,,,,,,,,,2397,2073
1787165580,133.01,133.01,132.95,133,137.99,135.91,,,,,,,,,,,,,,,,,,,,,,,,,,,,,,,,,,,,,,,,,,,,,,,,,,,,9318,2398
1787165640,132.995,133.02,132.87,132.88,137.99,135.91,,,,,,,,,,,,,,,,,,,,,,,,,,,,,,,,,,,,,,,,,,,,,,,,,,,,5140,2574.95
1787165700,132.89,132.91,132.845,132.9,137.99,135.91,,,,,,,,,,,,,,,,,,,,,,,,,,,,,,,,,,,,,,,,,,,,,,,,,,,,3269,2679.7
1787165760,132.88,132.89,132.755,132.755,137.99,135.91,,,,,,,,,,,,,,,,,,,,,,,,,,,,,,,,,,,,,,,,,,,,,,,,,,,,2457,2764.75
1787165820,132.755,132.81,132.75,132.79,137.99,135.91,,,,,,,,,,,,,,,,,,,,,,,,,,,,,,,,,,,,,,,,,,,,,,,,,,,,3252,2875.25
1787165880,132.785,132.905,132.785,132.895,137.99,135.91,,,,,,,,,,,,,,,,,,,,,,,,,,,,,,,,,,,,,,,,,,,,,,,,,,,,4220,3038.5
1787165940,132.89,132.89,132.815,132.83,137.99,135.91,,,,,,,,,,,,,,,,,,,,,,,,,,,,,,,,,,,,,,,,,,,,,,,,,,,,3104,3098.45
1787166000,132.81,132.85,132.785,132.85,137.99,135.91,,,,,,,,,,,,,,,,,,,,,,,,,,,,,,,,,,,,,,,,,,,,,,,,,,,,6332,3346.55
1787166060,132.85,132.89,132.81,132.88,137.99,135.91,,,,,,,,,,,,,,,,,,,,,,,,,,,,,,,,,,,,,,,,,,,,,,,,,,,,3714,3485.95
1787166120,132.9,132.935,132.69,132.69,137.99,135.91,,,,,,,,,,,,,,,,,,,,,,,,,,,,,,,,,,,,,,,,,,,,,,,,,,,,6152,3726.45
1787166180,132.69,132.73,132.655,132.73,137.99,135.91,,,,,,,,,,,,,,,,,,,,,,,,,,,,,,,,,,,,,,,,,,,,,,,,,,,,7096,3895.8
1787166240,132.73,132.77,132.71,132.72,137.99,135.91,,,,,,,,,,,,,,,,,,,,,,,,,,,,,,,,,,,,,,,,,,,,,,,,,,,,2668,3970.55
1787166300,132.72,132.73,132.68,132.695,137.99,135.91,,,,,,,,,,,,,,,,,,,,,,,,,,,,,,,,,,,,,,,,,,,,,,,,,,,,3839,3984.3
1787166360,132.705,132.8,132.705,132.78,137.99,135.91,,,,,,,,,,,,,,,,,,,,,,,,,,,,,,,,,,,,,,,,,,,,,,,,,,,,4149,4133.3
1787166420,132.78,132.81,132.72,132.81,137.99,135.91,,,,,,,,,,,,,,,,,,,,,,,,,,,,,,,,,,,,,,,,,,,,,,,,,,,,3934,4213.35
1787166480,132.83,132.93,132.815,132.89,137.99,135.91,,,,,,,,,,,,,,,,,,,,,,,,,,,,,,,,,,,,,,,,,,,,,,,,,,,,2084,4079.2
1787166540,132.88,132.88,132.82,132.84,137.99,135.91,,,,,,,,,,,,,,,,,,,,,,,,,,,,,,,,,,,,,,,,,,,,,,,,,,,,2359,4119.55
1787166600,132.825,132.99,132.825,132.97,137.99,135.91,,,,,,,,,,,,,,,,,,,,,,,,,,,,,,,,,,,,,,,,,,,,,,,,,,,,3662,4055.2
1787166660,132.97,133,132.93,132.95,137.99,135.91,,,,,,,,,,,,,,,,,,,,,,,,,,,,,,,,,,,,,,,,,,,,,,,,,,,,4632,4188.9
1787166720,132.96,133.04,132.93,132.95,137.99,135.91,,,,,,,,,,,,,,,,,,,,,,,,,,,,,,,,,,,,,,,,,,,,,,,,,,,,2394,4188.75
1787166780,132.96,133.03,132.96,133,137.99,135.91,,,,,,,,,,,,,,,,,,,,,,,,,,,,,,,,,,,,,,,,,,,,,,,,,,,,2189,3832.3
1787166840,132.97,132.97,132.92,132.96,137.99,135.91,,,,,,,,,,,,,,,,,,,,,,,,,,,,,,,,,,,,,,,,,,,,,,,,,,,,2796,3715.1
1787166900,132.965,132.98,132.91,132.91,137.99,135.91,,,,,,,,,,,,,,,,,,,,,,,,,,,,,,,,,,,,,,,,,,,,,,,,,,,,1611,3632.2
1787166960,132.92,132.92,132.8,132.8,137.99,135.91,,,,,,,,,,,,,,,,,,,,,,,,,,,,,,,,,,,,,,,,,,,,,,,,,,,,1102,3564.45
1787167020,132.81,132.87,132.81,132.83,137.99,135.91,,,,,,,,,,,,,,,,,,,,,,,,,,,,,,,,,,,,,,,,,,,,,,,,,,,,2612,3532.45
1787167080,132.84,132.87,132.83,132.85,137.99,135.91,,,,,,,,,,,,,,,,,,,,,,,,,,,,,,,,,,,,,,,,,,,,,,,,,,,,3039,3473.4
1787167140,132.86,132.91,132.82,132.89,137.99,135.91,,,,,,,,,,,,,,,,,,,,,,,,,,,,,,,,,,,,,,,,,,,,,,,,,,,,1675,3401.95
1787167200,132.9,133,132.89,132.92,137.99,135.91,,,,,,,,,,,,,,,,,,,,,,,,,,,,,,,,,,,,,,,,,,,,,,,,,,,,4102,3290.45
1787167260,132.94,132.95,132.84,132.84,137.99,135.91,,,,,,,,,,,,,,,,,,,,,,,,,,,,,,,,,,,,,,,,,,,,,,,,,,,,4240,3316.75
1787167320,132.84,132.91,132.82,132.91,137.99,135.91,,,,,,,,,,,,,,,,,,,,,,,,,,,,,,,,,,,,,,,,,,,,,,,,,,,,4963,3257.3
1787167380,132.9,132.99,132.9,132.99,137.99,135.91,,,,,,,,,,,,,,,,,,,,,,,,,,,,,,,,,,,,,,,,,,,,,,,,,,,,7181,3261.55
1787167440,132.99,133,132.91,132.93,137.99,135.91,,,,,,,,,,,,,,,,,,,,,,,,,,,,,,,,,,,,,,,,,,,,,,,,,,,,13516,3803.95
1787167500,132.93,133.03,132.89,133.02,137.99,135.91,,,,,,,,,,,,,,,,,,,,,,,,,,,,,,,,,,,,,,,,,,,,,,,,,,,,7381,3981.05
1787167560,133.01,133.15,133.01,133.1,137.99,135.91,,,,,,,,,,,,,,,,,,,,,,,,,,,,,,,,,,,,,,,,,,,,,,,,,,,,6082,4077.7
1787167620,133.11,133.13,133.07,133.13,137.99,135.91,,,,,,,,,,,,,,,,,,,,,,,,,,,,,,,,,,,,,,,,,,,,,,,,,,,,2857,4023.85
1787167680,133.14,133.15,133.07,133.12,137.99,135.91,,,,,,,,,,,,,,,,,,,,,,,,,,,,,,,,,,,,,,,,,,,,,,,,,,,,4014,4120.35
1787167740,133.09,133.09,133,133.04,137.99,135.91,,,,,,,,,,,,,,,,,,,,,,,,,,,,,,,,,,,,,,,,,,,,,,,,,,,,3242,4164.5
1787167800,133.07,133.17,133.05,133.12,137.99,135.91,,,,,,,,,,,,,,,,,,,,,,,,,,,,,,,,,,,,,,,,,,,,,,,,,,,,7534,4358.1
1787167860,133.12,133.12,133.02,133.05,137.99,135.91,,,,,,,,,,,,,,,,,,,,,,,,,,,,,,,,,,,,,,,,,,,,,,,,,,,,4314,4342.2
1787167920,133.06,133.14,133,133.14,137.99,135.91,,,,,,,,,,,,,,,,,,,,,,,,,,,,,,,,,,,,,,,,,,,,,,,,,,,,3611,4403.05
1787167980,133.12,133.24,133.06,133.13,137.99,135.91,,,,,,,,,,,,,,,,,,,,,,,,,,,,,,,,,,,,,,,,,,,,,,,,,,,,2300,4408.6
1787168040,133.15,133.22,133,133.015,137.99,135.91,,,,,,,,,,,,,,,,,,,,,,,,,,,,,,,,,,,,,,,,,,,,,,,,,,,,3036,4420.6
1787168100,132.99,133.01,132.88,132.89,137.99,135.91,,,,,,,,,,,,,,,,,,,,,,,,,,,,,,,,,,,,,,,,,,,,,,,,,,,,3271,4503.6
1787168160,132.9,132.9,132.74,132.74,137.99,135.91,,,,,,,,,,,,,,,,,,,,,,,,,,,,,,,,,,,,,,,,,,,,,,,,,,,,3391,4618.05
1787168220,132.75,132.76,132.67,132.72,137.99,135.91,,,,,,,,,,,,,,,,,,,,,,,,,,,,,,,,,,,,,,,,,,,,,,,,,,,,4442,4709.55
1787168280,132.73,132.75,132.66,132.7,137.99,135.91,,,,,,,,,,,,,,,,,,,,,,,,,,,,,,,,,,,,,,,,,,,,,,,,,,,,13545,5234.85
1787168340,132.68,132.7,132.6,132.64,137.99,135.91,,,,,,,,,,,,,,,,,,,,,,,,,,,,,,,,,,,,,,,,,,,,,,,,,,,,15280,5915.1
1787168400,132.63,132.71,132.57,132.59,137.99,135.91,,,,,,,,,,,,,,,,,,,,,,,,,,,,,,,,,,,,,,,,,,,,,,,,,,,,4526,5936.3
1787168460,132.57,132.57,132.365,132.44,137.99,135.91,,,,,,,,,,,,,,,,,,,,,,,,,,,,,,,,,,,,,,,,,,,,,,,,,,,,12284,6338.5
1787168520,132.43,132.53,132.43,132.52,137.99,135.91,,,,,,,,,,,,,,,,,,,,,,,,,,,,,,,,,,,,,,,,,,,,,,,,,,,,9082,6544.45
1787168580,132.52,132.54,132.48,132.52,137.99,135.91,,,,,,,,,,,,,,,,,,,,,,,,,,,,,,,,,,,,,,,,,,,,,,,,,,,,7628,6566.8
1787168640,132.53,132.62,132.5,132.62,137.99,135.91,,,,,,,,,,,,,,,,,,,,,,,,,,,,,,,,,,,,,,,,,,,,,,,,,,,,5692,6175.6
1787168700,132.62,132.76,132.615,132.74,137.99,135.91,,,,,,,,,,,,,,,,,,,,,,,,,,,,,,,,,,,,,,,,,,,,,,,,,,,,8189,6216
1787168760,132.71,132.87,132.69,132.86,137.99,135.91,,,,,,,,,,,,,,,,,,,,,,,,,,,,,,,,,,,,,,,,,,,,,,,,,,,,3520,6087.9
1787168820,132.89,132.98,132.86,132.95,137.99,135.91,,,,,,,,,,,,,,,,,,,,,,,,,,,,,,,,,,,,,,,,,,,,,,,,,,,,1979,6044
1787168880,132.94,132.97,132.83,132.85,137.99,135.91,,,,,,,,,,,,,,,,,,,,,,,,,,,,,,,,,,,,,,,,,,,,,,,,,,,,5339,6110.25
1787168940,132.86,132.86,132.7,132.74,137.99,135.91,,,,,,,,,,,,,,,,,,,,,,,,,,,,,,,,,,,,,,,,,,,,,,,,,,,,6196,6257.95
1787169000,132.73,132.88,132.715,132.77,137.99,135.91,,,,,,,,,,,,,,,,,,,,,,,,,,,,,,,,,,,,,,,,,,,,,,,,,,,,11092,6435.85
1787169060,132.78,132.84,132.73,132.84,137.99,135.91,,,,,,,,,,,,,,,,,,,,,,,,,,,,,,,,,,,,,,,,,,,,,,,,,,,,5632,6501.75
1787169120,132.83,132.87,132.81,132.85,137.99,135.91,,,,,,,,,,,,,,,,,,,,,,,,,,,,,,,,,,,,,,,,,,,,,,,,,,,,5992,6620.8
1787169180,132.85,132.93,132.85,132.9,137.99,135.91,,,,,,,,,,,,,,,,,,,,,,,,,,,,,,,,,,,,,,,,,,,,,,,,,,,,5473,6779.45
1787169240,132.89,133,132.88,132.98,137.99,135.91,,,,,,,,,,,,,,,,,,,,,,,,,,,,,,,,,,,,,,,,,,,,,,,,,,,,6696,6962.45
1787169300,132.99,133.04,132.96,132.97,137.99,135.91,,,,,,,,,,,,,,,,,,,,,,,,,,,,,,,,,,,,,,,,,,,,,,,,,,,,9995,7298.65
1787169360,132.97,132.98,132.94,132.96,137.99,135.91,,,,,,,,,,,,,,,,,,,,,,,,,,,,,,,,,,,,,,,,,,,,,,,,,,,,10105,7634.35
1787169420,132.96,133,132.82,132.84,137.99,135.91,,,,,,,,,,,,,,,,,,,,,,,,,,,,,,,,,,,,,,,,,,,,,,,,,,,,11824,8003.45
1787169480,132.84,132.91,132.82,132.91,137.99,135.91,,,,,,,,,,,,,,,,,,,,,,,,,,,,,,,,,,,,,,,,,,,,,,,,,,,,10931,7872.75
1787169540,132.92,132.97,132.85,132.89,137.99,135.91,,,1,22,-1,1787147280000,135.58,137.99,135.91,2.0800000000000125,0.30389660824904446,2.371293701135863,0.7228204749963045,2,1787147340000,1,0,,,,0,0,0,0,0,,,,0,0,0,0,0,,,,0,0,0,0,0,,,,0,0,0,0,,-1,22,20963,8156.9
1787232600,132.51,132.785,132.5,132.52,132.785,132.5,,,,,,,,,,,,,,,,,,,,,,,,,,,,,,,,,,,,,,,,,,,,,,,,,,,,17,7931.45
1787232660,132.49,132.73,132.49,132.73,132.785,132.49,,,,,,,,,,,,,,,,,,,,,,,,,,,,,,,,,,,,,,,,,,,,,,,,,,,,1902,7412.35
1787232720,132.41,132.86,132.33,132.8,132.86,132.33,,,,,,,,,,,,,,,,,,,,,,,,,,,,,,,,,,,,,,,,,,,,,,,,,,,,6836,7300.05
1787232780,132.85,132.92,132.5,132.575,132.92,132.33,,,,,,,,,,,,,,,,,,,,,,,,,,,,,,,,,,,,,,,,,,,,,,,,,,,,3285,7082.9
1787232840,132.55,132.88,132.43,132.585,132.92,132.33,,,,,,,,,,,,,,,,,,,,,,,,,,,,,,,,,,,,,,,,,,,,,,,,,,,,17147,7655.65
1787232900,132.56,132.71,132.17,132.56,132.92,132.17,,,,,,,,,,,,,,,,,,,,,,,,,,,,,,,,,,,,,,,,,,,,,,,,,,,,12293,7860.85
1787232960,132.56,132.83,132.45,132.45,132.92,132.17,,,,,,,,,,,,,,,,,,,,,,,,,,,,,,,,,,,,,,,,,,,,,,,,,,,,2859,7827.8
1787233020,132.48,132.5,132.39,132.39,132.92,132.17,,,,,,,,,,,,,,,,,,,,,,,,,,,,,,,,,,,,,,,,,,,,,,,,,,,,1863,7822
1787233080,132.33,132.355,132.12,132.25,132.92,132.12,,,,,,,,,,,,,,,,,,,,,,,,,,,,,,,,,,,,,,,,,,,,,,,,,,,,5160,7813.05
1787233140,132.22,132.31,131.83,132.08,132.92,131.83,,,,,,,,,,,,,,,,,,,,,,,,,,,,,,,,,,,,,,,,,,,,,,,,,,,,9298,7968.15
1787233200,132,132.07,131.92,132.06,132.92,131.83,,,,,,,,,,,,,,,,,,,,,,,,,,,,,,,,,,,,,,,,,,,,,,,,,,,,2884,7557.75
1787233260,132.05,132.05,131.56,131.67,132.92,131.56,,,,,,,,,,,,,,,,,,,,,,,,,,,,,,,,,,,,,,,,,,,,,,,,,,,,5554,7553.85
1787233320,131.69,131.92,131.66,131.79,132.92,131.56,,,,,,,,,,,,,,,,,,,,,,,,,,,,,,,,,,,,,,,,,,,,,,,,,,,,1446,7326.55
1787233380,131.81,132.09,131.81,132.09,132.92,131.56,,,,,,,,,,,,,,,,,,,,,,,,,,,,,,,,,,,,,,,,,,,,,,,,,,,,676,7086.7
1787233440,132.08,132.09,131.66,131.66,132.92,131.56,,,,,,,,,,,,,,,,,,,,,,,,,,,,,,,,,,,,,,,,,,,,,,,,,,,,3292,6916.5
1787233500,131.65,131.65,131.56,131.6,132.92,131.56,,,,,,,,,,,,,,,,,,,,,,,,,,,,,,,,,,,,,,,,,,,,,,,,,,,,451,6439.3
1787233560,131.57,131.76,131.39,131.76,132.92,131.56,,,,,,,,,,,,,,,,,,,,,,,,,,,,,,,,,,,,,,,,,,,,,,,,,,,,1932,6030.65
1787233620,131.8,131.92,131.79,131.83,132.92,131.56,,,,,,,,,,,,,,,,,,,,,,,,,,,,,,,,,,,,,,,,,,,,,,,,,,,,2293,5554.1
1787233680,131.84,131.84,131.75,131.77,132.92,131.56,,,,,,,,,,,,,,,,,,,,,,,,,,,,,,,,,,,,,,,,,,,,,,,,,,,,1291,5072.1
1787233740,131.83,132.115,131.75,132.115,132.92,131.56,,,,,,,,,,,,,,,,,,,,,,,,,,,,,,,,,,,,,,,,,,,,,,,,,,,,2759,4161.9
1787233800,132.11,132.28,132.08,132.16,132.92,131.56,,,,,,,,,,,,,,,,,,,,,,,,,,,,,,,,,,,,,,,,,,,,,,,,,,,,2070,4264.55
1787233860,132.16,132.26,132,132,132.92,131.56,,,,,,,,,,,,,,,,,,,,,,,,,,,,,,,,,,,,,,,,,,,,,,,,,,,,1398,4239.35
1787233920,131.98,132.12,131.95,132.12,132.92,131.56,,,,,,,,,,,,,,,,,,,,,,,,,,,,,,,,,,,,,,,,,,,,,,,,,,,,686,3931.85
1787233980,132.12,132.215,132.09,132.14,132.92,131.56,,,,,,,,,,,,,,,,,,,,,,,,,,,,,,,,,,,,,,,,,,,,,,,,,,,,1289,3832.05
1787234040,132.17,132.27,132.09,132.27,132.92,131.56,,,,,,,,,,,,,,,,,,,,,,,,,,,,,,,,,,,,,,,,,,,,,,,,,,,,1386,3044
1787234100,132.2,132.22,132.11,132.22,132.92,131.56,,,,,,,,,,,,,,,,,,,,,,,,,,,,,,,,,,,,,,,,,,,,,,,,,,,,688,2463.75
1787234160,132.21,132.21,131.885,131.885,132.92,131.56,,,,,,,,,,,,,,,,,,,,,,,,,,,,,,,,,,,,,,,,,,,,,,,,,,,,1195,2380.55
1787234220,131.885,131.94,131.78,131.78,132.92,131.56,,,,,,,,,,,,,,,,,,,,,,,,,,,,,,,,,,,,,,,,,,,,,,,,,,,,2029,2388.85
1787234280,131.75,131.82,131.71,131.81,132.92,131.56,,,,,,,,,,,,,,,,,,,,,,,,,,,,,,,,,,,,,,,,,,,,,,,,,,,,1932,2227.45
1787234340,131.82,131.87,131.795,131.82,132.92,131.56,,,,,,,,,,,,,,,,,,,,,,,,,,,,,,,,,,,,,,,,,,,,,,,,,,,,809,1803
1787234400,131.87,131.97,131.77,131.8,132.92,131.56,,,,,,,,,,,,,,,,,,,,,,,,,,,,,,,,,,,,,,,,,,,,,,,,,,,,1226,1720.1
1787234460,131.75,131.93,131.75,131.83,132.92,131.56,,,,,,,,,,,,,,,,,,,,,,,,,,,,,,,,,,,,,,,,,,,,,,,,,,,,637,1474.25
1787234520,131.82,131.89,131.72,131.78,132.92,131.56,,,,,,,,,,,,,,,,,,,,,,,,,,,,,,,,,,,,,,,,,,,,,,,,,,,,2378,1520.85
1787234580,131.8,131.99,131.74,131.99,132.92,131.56,,,,,,,,,,,,,,,,,,,,,,,,,,,,,,,,,,,,,,,,,,,,,,,,,,,,11662,2070.15
1787234640,131.97,132.07,131.94,131.985,132.92,131.56,,,,,,,,,,,,,,,,,,,,,,,,,,,,,,,,,,,,,,,,,,,,,,,,,,,,6549,2233
1787234700,132.02,132.06,131.92,131.92,132.92,131.56,,,,,,,,,,,,,,,,,,,,,,,,,,,,,,,,,,,,,,,,,,,,,,,,,,,,982,2259.55
1787234760,131.96,132.03,131.94,131.94,132.92,131.56,,,,,,,,,,,,,,,,,,,,,,,,,,,,,,,,,,,,,,,,,,,,,,,,,,,,1295,2227.7
1787234820,131.95,132.04,131.93,132.01,132.92,131.56,,,,,,,,,,,,,,,,,,,,,,,,,,,,,,,,,,,,,,,,,,,,,,,,,,,,1213,2173.7
1787234880,132.035,132.04,131.85,131.85,132.92,131.56,,,,,,,,,,,,,,,,,,,,,,,,,,,,,,,,,,,,,,,,,,,,,,,,,,,,1251,2171.7
1787234940,131.87,132.08,131.87,132.03,132.92,131.56,,,,,,,,,,,,,,,,,,,,,,,,,,,,,,,,,,,,,,,,,,,,,,,,,,,,1181,2092.8
1787235000,132.07,132.07,131.975,131.975,132.92,131.56,,,,,,,,,,,,,,,,,,,,,,,,,,,,,,,,,,,,,,,,,,,,,,,,,,,,380,2008.3
1787235060,132.03,132.14,132.03,132.05,132.92,131.56,,,,,,,,,,,,,,,,,,,,,,,,,,,,,,,,,,,,,,,,,,,,,,,,,,,,1578,2017.3
1787235120,132.07,132.07,131.98,131.99,132.92,131.56,,,,,,,,,,,,,,,,,,,,,,,,,,,,,,,,,,,,,,,,,,,,,,,,,,,,918,2028.9
1787235180,132.055,132.055,131.95,131.98,132.92,131.56,,,,,,,,,,,,,,,,,,,,,,,,,,,,,,,,,,,,,,,,,,,,,,,,,,,,1147,2021.8
1787235240,132.045,132.38,132.045,132.25,132.92,131.56,,,,,,,,,,,,,,,,,,,,,,,,,,,,,,,,,,,,,,,,,,,,,,,,,,,,5890,2247
1787235300,132.28,132.36,132.2,132.28,132.92,131.56,,,,,,,,,,,,,,,,,,,,,,,,,,,,,,,,,,,,,,,,,,,,,,,,,,,,941,2259.65
1787235360,132.26,132.26,132.09,132.11,132.92,131.56,,,,,,,,,,,,,,,,,,,,,,,,,,,,,,,,,,,,,,,,,,,,,,,,,,,,2564,2328.1
1787235420,132.085,132.085,132.01,132.05,132.92,131.56,,,,,,,,,,,,,,,,,,,,,,,,,,,,,,,,,,,,,,,,,,,,,,,,,,,,2487,2351
1787235480,132.02,132.1,132.01,132.05,132.92,131.56,,,,,,,,,,,,,,,,,,,,,,,,,,,,,,,,,,,,,,,,,,,,,,,,,,,,1579,2333.35
1787235540,132.05,132.05,131.86,131.86,132.92,131.56,,,,,,,,,,,,,,,,,,,,,,,,,,,,,,,,,,,,,,,,,,,,,,,,,,,,8978,2741.8
1787235600,131.83,132.11,131.8,132.11,132.92,131.56,,,,,,,,,,,,,,,,,,,,,,,,,,,,,,,,,,,,,,,,,,,,,,,,,,,,3075,2834.25
1787235660,132.02,132.02,131.94,131.945,132.92,131.56,,,,,,,,,,,,,,,,,,,,,,,,,,,,,,,,,,,,,,,,,,,,,,,,,,,,225,2813.65
1787235720,131.945,132.21,131.945,132.19,132.92,131.56,,,,,,,,,,,,,,,,,,,,,,,,,,,,,,,,,,,,,,,,,,,,,,,,,,,,1788,2784.15
1787235780,132.17,132.47,132.17,132.47,132.92,131.56,,,,,,,,,,,,,,,,,,,,,,,,,,,,,,,,,,,,,,,,,,,,,,,,,,,,1303,2266.2
1787235840,132.45,132.49,132.36,132.46,132.92,131.56,,,,,,,,,,,,,,,,,,,,,,,,,,,,,,,,,,,,,,,,,,,,,,,,,,,,1289,2003.2
1787235900,132.65,132.65,132.53,132.62,132.92,131.56,,,,,,,,,,,,,,,,,,,,,,,,,,,,,,,,,,,,,,,,,,,,,,,,,,,,501,1979.15
1787235960,132.63,132.64,132.54,132.54,132.92,131.56,,,,,,,,,,,,,,,,,,,,,,,,,,,,,,,,,,,,,,,,,,,,,,,,,,,,615,1945.15
1787236020,132.5,132.5,132.39,132.42,132.92,131.56,,,,,,,,,,,,,,,,,,,,,,,,,,,,,,,,,,,,,,,,,,,,,,,,,,,,222,1895.6
1787236080,132.56,132.59,132.5,132.505,132.92,131.56,,,,,,,,,,,,,,,,,,,,,,,,,,,,,,,,,,,,,,,,,,,,,,,,,,,,482,1857.15
1787236140,132.53,132.565,132.51,132.51,132.92,131.56,,,,,,,,,,,,,,,,,,,,,,,,,,,,,,,,,,,,,,,,,,,,,,,,,,,,1022,1849.2
1787236200,132.5,132.5,132.39,132.39,132.92,131.56,,,,,,,,,,,,,,,,,,,,,,,,,,,,,,,,,,,,,,,,,,,,,,,,,,,,508,1855.6
1787236260,132.48,132.49,132.42,132.45,132.92,131.56,,,,,,,,,,,,,,,,,,,,,,,,,,,,,,,,,,,,,,,,,,,,,,,,,,,,3502,1951.8
1787236320,132.52,132.55,132.44,132.51,132.92,131.56,,,,,,,,,,,,,,,,,,,,,,,,,,,,,,,,,,,,,,,,,,,,,,,,,,,,1245,1968.15
1787236380,132.55,132.585,132.48,132.585,132.92,131.56,,,,,,,,,,,,,,,,,,,,,,,,,,,,,,,,,,,,,,,,,,,,,,,,,,,,805,1951.05
1787236440,132.56,132.62,132.53,132.54,132.92,131.56,,,,,,,,,,,,,,,,,,,,,,,,,,,,,,,,,,,,,,,,,,,,,,,,,,,,1384,1725.75
1787236500,132.54,132.62,132.45,132.62,132.92,131.56,,,,,,,,,,,,,,,,,,,,,,,,,,,,,,,,,,,,,,,,,,,,,,,,,,,,1419,1749.65
1787236560,132.59,132.61,132.515,132.57,132.92,131.56,,,,,,,,,,,,,,,,,,,,,,,,,,,,,,,,,,,,,,,,,,,,,,,,,,,,1293,1686.1
1787236620,132.55,132.63,132.48,132.48,132.92,131.56,,,,,,,,,,,,,,,,,,,,,,,,,,,,,,,,,,,,,,,,,,,,,,,,,,,,1854,1654.45
1787236680,132.43,132.57,132.41,132.53,132.92,131.56,,,,,,,,,,,,,,,,,,,,,,,,,,,,,,,,,,,,,,,,,,,,,,,,,,,,3076,1729.3
1787236740,132.58,132.58,132.48,132.48,132.92,131.56,,,,,,,,,,,,,,,,,,,,,,,,,,,,,,,,,,,,,,,,,,,,,,,,,,,,382,1299.5
1787236800,132.47,132.49,132.46,132.48,132.92,131.56,,,,,,,,,,,,,,,,,,,,,,,,,,,,,,,,,,,,,,,,,,,,,,,,,,,,203,1155.9
1787236860,132.455,132.455,132.39,132.39,132.92,131.56,,,,,,,,,,,,,,,,,,,,,,,,,,,,,,,,,,,,,,,,,,,,,,,,,,,,316,1160.45
1787236920,132.46,132.595,132.38,132.57,132.92,131.56,,,,,,,,,,,,,,,,,,,,,,,,,,,,,,,,,,,,,,,,,,,,,,,,,,,,4213,1281.7
1787236980,132.53,132.67,132.52,132.58,132.92,131.56,,,,,,,,,,,,,,,,,,,,,,,,,,,,,,,,,,,,,,,,,,,,,,,,,,,,6130,1523.05
1787237040,132.61,132.73,132.55,132.58,132.92,131.56,,,,,,,,,,,,,,,,,,,,,,,,,,,,,,,,,,,,,,,,,,,,,,,,,,,,2877,1602.45
1787237100,132.59,132.59,132.58,132.59,132.92,131.56,,,,,,,,,,,,,,,,,,,,,,,,,,,,,,,,,,,,,,,,,,,,,,,,,,,,213,1588.05
1787237160,132.53,132.56,132.5,132.56,132.92,131.56,,,,,,,,,,,,,,,,,,,,,,,,,,,,,,,,,,,,,,,,,,,,,,,,,,,,1072,1610.9
1787237220,132.56,132.59,132.53,132.53,132.92,131.56,,,,,,,,,,,,,,,,,,,,,,,,,,,,,,,,,,,,,,,,,,,,,,,,,,,,392,1619.4
1787237280,132.58,132.58,132.54,132.545,132.92,131.56,,,,,,,,,,,,,,,,,,,,,,,,,,,,,,,,,,,,,,,,,,,,,,,,,,,,271,1608.85
1787237340,132.535,132.535,132.42,132.51,132.92,131.56,,,,,,,,,,,,,,,,,,,,,,,,,,,,,,,,,,,,,,,,,,,,,,,,,,,,1122,1613.85
1787237400,132.53,132.55,132.52,132.55,132.92,131.56,,,,,,,,,,,,,,,,,,,,,,,,,,,,,,,,,,,,,,,,,,,,,,,,,,,,474,1612.15
1787237460,132.61,132.71,132.59,132.71,132.92,131.56,,,,,,,,,,,,,,,,,,,,,,,,,,,,,,,,,,,,,,,,,,,,,,,,,,,,1224,1498.25
1787237520,132.74,132.82,132.74,132.82,132.92,131.56,,,,,,,,,,,,,,,,,,,,,,,,,,,,,,,,,,,,,,,,,,,,,,,,,,,,478,1459.9
1787237580,132.86,132.95,132.86,132.95,132.92,131.56,,,,,,,,,,,,,,,,,,,,,,,,,,,,,,,,,,,,,,,,,,,,,,,,,,,,377,1438.5
1787237640,132.95,132.95,132.79,132.83,132.92,131.56,,,,,,,,,,,,,,,,,,,,,,,,,,,,,,,,,,,,,,,,,,,,,,,,,,,,866,1412.6
1787237700,132.82,132.83,132.79,132.83,132.92,131.56,,,,,,,,,,,,,,,,,,,,,,,,,,,,,,,,,,,,,,,,,,,,,,,,,,,,227,1353
1787237760,132.82,132.82,132.73,132.73,132.92,131.56,,,,,,,,,,,,,,,,,,,,,,,,,,,,,,,,,,,,,,,,,,,,,,,,,,,,314,1304.05
1787237820,132.76,132.775,132.72,132.775,132.92,131.56,,,,,,,,,,,,,,,,,,,,,,,,,,,,,,,,,,,,,,,,,,,,,,,,,,,,228,1222.75
1787237880,132.75,132.75,132.68,132.68,132.92,131.56,,,,,,,,,,,,,,,,,,,,,,,,,,,,,,,,,,,,,,,,,,,,,,,,,,,,761,1107
1787237940,132.68,132.71,132.65,132.69,132.92,131.56,,,,,,,,,,,,,,,,,,,,,,,,,,,,,,,,,,,,,,,,,,,,,,,,,,,,256,1100.7
1787238000,132.7,132.79,132.7,132.74,132.92,131.56,,,,,,,,,,,,,,,,,,,,,,,,,,,,,,,,,,,,,,,,,,,,,,,,,,,,1163,1148.7
1787238060,132.76,132.87,132.76,132.85,132.92,131.56,,,,,,,,,,,,,,,,,,,,,,,,,,,,,,,,,,,,,,,,,,,,,,,,,,,,2273,1246.55
1787238120,132.87,132.89,132.83,132.83,132.92,131.56,,,,,,,,,,,,,,,,,,,,,,,,,,,,,,,,,,,,,,,,,,,,,,,,,,,,894,1080.6
1787238180,132.9,133,132.9,133,132.92,131.56,,,,,,,,,,,,,,,,,,,,,,,,,,,,,,,,,,,,,,,,,,,,,,,,,,,,1051,826.65
1787238240,133.02,133.04,132.9,132.9,132.92,131.56,,,,,,,,,,,,,,,,,,,,,,,,,,,,,,,,,,,,,,,,,,,,,,,,,,,,1088,737.2
1787238300,132.9,132.905,132.82,132.85,132.92,131.56,,,,,,,,,,,,,,,,,,,,,,,,,,,,,,,,,,,,,,,,,,,,,,,,,,,,871,770.1
1787238360,132.82,132.82,132.73,132.77,132.92,131.56,,,,,,,,,,,,,,,,,,,,,,,,,,,,,,,,,,,,,,,,,,,,,,,,,,,,1017,767.35
1787238420,132.79,132.84,132.71,132.71,132.92,131.56,,,,,,,,,,,,,,,,,,,,,,,,,,,,,,,,,,,,,,,,,,,,,,,,,,,,540,774.75
1787238480,132.61,132.61,132.53,132.53,132.92,131.56,,,,,,,,,,,,,,,,,,,,,,,,,,,,,,,,,,,,,,,,,,,,,,,,,,,,593,790.85
1787238540,132.5,132.5,132.39,132.42,132.92,131.56,,,,,,,,,,,,,,,,,,,,,,,,,,,,,,,,,,,,,,,,,,,,,,,,,,,,645,767
1787238600,132.44,132.44,132.21,132.21,132.92,131.56,,,,,,,,,,,,,,,,,,,,,,,,,,,,,,,,,,,,,,,,,,,,,,,,,,,,1398,813.2
1787238660,132.22,132.24,132.12,132.19,132.92,131.56,,,,,,,,,,,,,,,,,,,,,,,,,,,,,,,,,,,,,,,,,,,,,,,,,,,,1362,820.1
1787238720,132.18,132.29,132.06,132.28,132.92,131.56,,,,,,,,,,,,,,,,,,,,,,,,,,,,,,,,,,,,,,,,,,,,,,,,,,,,1448,868.6
1787238780,132.27,132.32,132.17,132.24,132.92,131.56,,,,,,,,,,,,,,,,,,,,,,,,,,,,,,,,,,,,,,,,,,,,,,,,,,,,864,892.95
1787238840,132.27,132.3,132.12,132.21,132.92,131.56,,,,,,,,,,,,,,,,,,,,,,,,,,,,,,,,,,,,,,,,,,,,,,,,,,,,10100,1354.65
1787238900,132.2,132.2,132.11,132.14,132.92,131.56,,,,,,,,,,,,,,,,,,,,,,,,,,,,,,,,,,,,,,,,,,,,,,,,,,,,3011,1493.85
1787238960,132.17,132.22,132.16,132.18,132.92,131.56,,,,,,,,,,,,,,,,,,,,,,,,,,,,,,,,,,,,,,,,,,,,,,,,,,,,1668,1561.55
1787239020,132.21,132.21,132.1,132.14,132.92,131.56,,,,,,,,,,,,,,,,,,,,,,,,,,,,,,,,,,,,,,,,,,,,,,,,,,,,3654,1732.85
1787239080,132.12,132.12,132.06,132.105,132.92,131.56,,,,,,,,,,,,,,,,,,,,,,,,,,,,,,,,,,,,,,,,,,,,,,,,,,,,563,1722.95
1787239140,132.1,132.15,132.09,132.11,132.92,131.56,,,,,,,,,,,,,,,,,,,,,,,,,,,,,,,,,,,,,,,,,,,,,,,,,,,,518,1736.05
1787239200,132.08,132.08,132.01,132.06,132.92,131.56,,,,,,,,,,,,,,,,,,,,,,,,,,,,,,,,,,,,,,,,,,,,,,,,,,,,495,1702.65
1787239260,132.07,132.085,132.02,132.02,132.92,131.56,,,,,,,,,,,,,,,,,,,,,,,,,,,,,,,,,,,,,,,,,,,,,,,,,,,,220,1600
1787239320,132.01,132.09,132.01,132.06,132.92,131.56,,,,,,,,,,,,,,,,,,,,,,,,,,,,,,,,,,,,,,,,,,,,,,,,,,,,1133,1611.95
1787239380,132.07,132.09,132.03,132.03,132.92,131.56,,,,,,,,,,,,,,,,,,,,,,,,,,,,,,,,,,,,,,,,,,,,,,,,,,,,559,1587.35
1787239440,132,132.11,132,132.11,132.92,131.56,,,,,,,,,,,,,,,,,,,,,,,,,,,,,,,,,,,,,,,,,,,,,,,,,,,,300,1547.95
1787239500,132.08,132.08,132.08,132.08,132.92,131.56,,,,,,,,,,,,,,,,,,,,,,,,,,,,,,,,,,,,,,,,,,,,,,,,,,,,100,1509.4
1787239560,132.07,132.07,131.99,132.06,132.92,131.56,,,,,,,,,,,,,,,,,,,,,,,,,,,,,,,,,,,,,,,,,,,,,,,,,,,,3330,1625.05
1787239620,132.04,132.06,132.02,132.04,132.92,131.56,,,,,,,,,,,,,,,,,,,,,,,,,,,,,,,,,,,,,,,,,,,,,,,,,,,,129,1604.5
1787239680,132.08,132.08,131.93,131.96,132.92,131.56,,,,,,,,,,,,,,,,,,,,,,,,,,,,,,,,,,,,,,,,,,,,,,,,,,,,15851,2367.4
1787239740,131.98,132.01,131.96,131.97,132.92,131.56,,,,,,,,,,,,,,,,,,,,,,,,,,,,,,,,,,,,,,,,,,,,,,,,,,,,237,2347
1787239800,131.93,131.975,131.88,131.9,132.92,131.56,,,,,,,,,,,,,,,,,,,,,,,,,,,,,,,,,,,,,,,,,,,,,,,,,,,,1009,2327.55
1787239860,131.88,131.88,131.74,131.76,132.92,131.56,,,,,,,,,,,,,,,,,,,,,,,,,,,,,,,,,,,,,,,,,,,,,,,,,,,,1996,2359.25
1787239920,131.82,131.82,131.8,131.81,132.92,131.56,,,,,,,,,,,,,,,,,,,,,,,,,,,,,,,,,,,,,,,,,,,,,,,,,,,,390,2306.35
1787239980,131.79,131.79,131.71,131.75,132.92,131.56,,,,,,,,,,,,,,,,,,,,,,,,,,,,,,,,,,,,,,,,,,,,,,,,,,,,751,2300.7
1787240040,131.74,131.83,131.73,131.79,132.92,131.56,,,,,,,,,,,,,,,,,,,,,,,,,,,,,,,,,,,,,,,,,,,,,,,,,,,,770,1834.2
1787240100,131.78,131.82,131.76,131.76,132.92,131.56,,,,,,,,,,,,,,,,,,,,,,,,,,,,,,,,,,,,,,,,,,,,,,,,,,,,733,1720.3
1787240160,131.72,131.725,131.685,131.685,132.92,131.56,,,,,,,,,,,,,,,,,,,,,,,,,,,,,,,,,,,,,,,,,,,,,,,,,,,,1250,1699.4
1787240220,131.68,131.735,131.67,131.68,132.92,131.56,,,,,,,,,,,,,,,,,,,,,,,,,,,,,,,,,,,,,,,,,,,,,,,,,,,,805,1556.95
1787240280,131.68,131.72,131.65,131.695,132.92,131.56,,,,,,,,,,,,,,,,,,,,,,,,,,,,,,,,,,,,,,,,,,,,,,,,,,,,4858,1771.7
1787240340,131.67,131.67,131.63,131.63,132.92,131.56,,,,,,,,,,,,,,,,,,,,,,,,,,,,,,,,,,,,,,,,,,,,,,,,,,,,400,1765.8
1787240400,131.66,131.68,131.63,131.63,132.92,131.56,,,,,,,,,,,,,,,,,,,,,,,,,,,,,,,,,,,,,,,,,,,,,,,,,,,,658,1773.95
1787240460,131.64,131.64,131.54,131.59,132.92,131.56,,,,,,,,,,,,,,,,,,,,,,,,,,,,,,,,,,,,,,,,,,,,,,,,,,,,934,1809.65
1787240520,131.59,131.59,131.53,131.54,132.92,131.56,,,,,,,,,,,,,,,,,,,,,,,,,,,,,,,,,,,,,,,,,,,,,,,,,,,,1074,1806.7
1787240580,131.52,131.53,131.44,131.44,132.92,131.56,,,,,,,,,,,,,,,,,,,,,,,,,,,,,,,,,,,,,,,,,,,,,,,,,,,,434,1800.45
1787240640,131.43,131.45,131.39,131.39,132.92,131.56,,,,,,,,,,,,,,,,,,,,,,,,,,,,,,,,,,,,,,,,,,,,,,,,,,,,635,1817.2
1787240700,131.42,131.56,131.42,131.56,132.92,131.56,,,,,,,,,,,,,,,,,,,,,,,,,,,,,,,,,,,,,,,,,,,,,,,,,,,,4096,2017
1787240760,131.54,131.57,131.48,131.54,132.92,131.56,,,,,,,,,,,,,,,,,,,,,,,,,,,,,,,,,,,,,,,,,,,,,,,,,,,,499,1875.45
1787240820,131.5,131.52,131.45,131.45,132.92,131.56,,,,,,,,,,,,,,,,,,,,,,,,,,,,,,,,,,,,,,,,,,,,,,,,,,,,571,1897.55
1787240880,131.475,131.475,131.41,131.44,132.92,131.56,,,,,,,,,,,,,,,,,,,,,,,,,,,,,,,,,,,,,,,,,,,,,,,,,,,,1716,1190.8
1787240940,131.46,131.52,131.45,131.45,132.92,131.56,,,,,,,,,,,,,,,,,,,,,,,,,,,,,,,,,,,,,,,,,,,,,,,,,,,,824,1220.15
1787241000,131.42,131.52,131.41,131.52,132.92,131.56,,,,,,,,,,,,,,,,,,,,,,,,,,,,,,,,,,,,,,,,,,,,,,,,,,,,620,1200.7
1787241060,131.52,131.58,131.49,131.58,132.92,131.56,,,,,,,,,,,,,,,,,,,,,,,,,,,,,,,,,,,,,,,,,,,,,,,,,,,,2028,1202.3
1787241120,131.605,131.63,131.59,131.63,132.92,131.56,,,,,,,,,,,,,,,,,,,,,,,,,,,,,,,,,,,,,,,,,,,,,,,,,,,,758,1220.7
1787241180,131.625,131.63,131.6,131.63,132.92,131.56,,,,,,,,,,,,,,,,,,,,,,,,,,,,,,,,,,,,,,,,,,,,,,,,,,,,658,1216.05
1787241240,131.64,131.64,131.47,131.495,132.92,131.56,,,,,,,,,,,,,,,,,,,,,,,,,,,,,,,,,,,,,,,,,,,,,,,,,,,,2127,1283.9
1787241300,131.52,131.66,131.52,131.66,132.92,131.56,,,,,,,,,,,,,,,,,,,,,,,,,,,,,,,,,,,,,,,,,,,,,,,,,,,,980,1296.25
1787241360,131.64,131.66,131.64,131.66,132.92,131.56,,,,,,,,,,,,,,,,,,,,,,,,,,,,,,,,,,,,,,,,,,,,,,,,,,,,377,1252.6
1787241420,131.64,131.64,131.59,131.6,132.92,131.56,,,,,,,,,,,,,,,,,,,,,,,,,,,,,,,,,,,,,,,,,,,,,,,,,,,,956,1260.15
1787241480,131.62,131.64,131.58,131.64,132.92,131.56,,,,,,,,,,,,,,,,,,,,,,,,,,,,,,,,,,,,,,,,,,,,,,,,,,,,503,1042.4
1787241540,131.62,131.62,131.59,131.59,132.92,131.56,,,,,,,,,,,,,,,,,,,,,,,,,,,,,,,,,,,,,,,,,,,,,,,,,,,,226,1033.7
1787241600,131.59,131.59,131.45,131.5,132.92,131.56,,,,,,,,,,,,,,,,,,,,,,,,,,,,,,,,,,,,,,,,,,,,,,,,,,,,1247,1063.15
1787241660,131.49,131.49,131.47,131.48,132.92,131.56,,,,,,,,,,,,,,,,,,,,,,,,,,,,,,,,,,,,,,,,,,,,,,,,,,,,138,1023.35
1787241720,131.51,131.57,131.495,131.57,132.92,131.56,,,,,,,,,,,,,,,,,,,,,,,,,,,,,,,,,,,,,,,,,,,,,,,,,,,,1083,1023.8
1787241780,131.55,131.57,131.5,131.5,132.92,131.56,,,,,,,,,,,,,,,,,,,,,,,,,,,,,,,,,,,,,,,,,,,,,,,,,,,,768,1040.5
1787241840,131.54,131.57,131.54,131.54,132.92,131.56,,,,,,,,,,,,,,,,,,,,,,,,,,,,,,,,,,,,,,,,,,,,,,,,,,,,104,1013.95
1787241900,131.535,131.535,131.47,131.5,132.92,131.56,,,,,,,,,,,,,,,,,,,,,,,,,,,,,,,,,,,,,,,,,,,,,,,,,,,,39,811.1
1787241960,131.51,131.54,131.51,131.54,132.92,131.56,,,,,,,,,,,,,,,,,,,,,,,,,,,,,,,,,,,,,,,,,,,,,,,,,,,,590,815.65
1787242020,131.54,131.555,131.52,131.555,132.92,131.56,,,,,,,,,,,,,,,,,,,,,,,,,,,,,,,,,,,,,,,,,,,,,,,,,,,,216,797.9
1787242080,131.57,131.64,131.535,131.63,132.92,131.56,,,,,,,,,,,,,,,,,,,,,,,,,,,,,,,,,,,,,,,,,,,,,,,,,,,,1402,782.2
1787242140,131.62,131.7,131.59,131.59,132.92,131.56,,,,,,,,,,,,,,,,,,,,,,,,,,,,,,,,,,,,,,,,,,,,,,,,,,,,1560,819
1787242200,131.59,131.59,131.53,131.53,132.92,131.56,,,,,,,,,,,,,,,,,,,,,,,,,,,,,,,,,,,,,,,,,,,,,,,,,,,,418,808.9
1787242260,131.51,131.53,131.49,131.53,132.92,131.56,,,,,,,,,,,,,,,,,,,,,,,,,,,,,,,,,,,,,,,,,,,,,,,,,,,,161,715.55
1787242320,131.5,131.59,131.495,131.55,132.92,131.56,,,,,,,,,,,,,,,,,,,,,,,,,,,,,,,,,,,,,,,,,,,,,,,,,,,,2040,779.65
1787242380,131.53,131.54,131.51,131.54,132.92,131.56,,,,,,,,,,,,,,,,,,,,,,,,,,,,,,,,,,,,,,,,,,,,,,,,,,,,334,763.45
1787242440,131.55,131.56,131.54,131.56,132.92,131.56,,,,,,,,,,,,,,,,,,,,,,,,,,,,,,,,,,,,,,,,,,,,,,,,,,,,196,666.9
1787242500,131.58,131.62,131.57,131.61,132.92,131.56,,,,,,,,,,,,,,,,,,,,,,,,,,,,,,,,,,,,,,,,,,,,,,,,,,,,379,636.85
1787242560,131.58,131.58,131.58,131.58,132.92,131.56,,,,,,,,,,,,,,,,,,,,,,,,,,,,,,,,,,,,,,,,,,,,,,,,,,,,1,618.05
1787242620,131.55,131.55,131.535,131.54,132.92,131.56,,,,,,,,,,,,,,,,,,,,,,,,,,,,,,,,,,,,,,,,,,,,,,,,,,,,547,597.6
1787242680,131.54,131.57,131.51,131.56,132.92,131.56,,,,,,,,,,,,,,,,,,,,,,,,,,,,,,,,,,,,,,,,,,,,,,,,,,,,252,585.05
1787242740,131.57,131.59,131.56,131.56,132.92,131.56,,,,,,,,,,,,,,,,,,,,,,,,,,,,,,,,,,,,,,,,,,,,,,,,,,,,579,602.7
1787242800,131.58,131.67,131.58,131.67,132.92,131.56,,,,,,,,,,,,,,,,,,,,,,,,,,,,,,,,,,,,,,,,,,,,,,,,,,,,781,579.4
1787242860,131.675,131.675,131.64,131.645,132.92,131.56,,,,,,,,,,,,,,,,,,,,,,,,,,,,,,,,,,,,,,,,,,,,,,,,,,,,269,585.95
1787242920,131.665,131.665,131.655,131.655,132.92,131.56,,,,,,,,,,,,,,,,,,,,,,,,,,,,,,,,,,,,,,,,,,,,,,,,,,,,89,536.25
1787242980,131.655,131.675,131.65,131.675,132.92,131.56,,,,,,,,,,,,,,,,,,,,,,,,,,,,,,,,,,,,,,,,,,,,,,,,,,,,326,514.15
1787243040,131.66,131.72,131.66,131.68,132.92,131.56,,,,,,,,,,,,,,,,,,,,,,,,,,,,,,,,,,,,,,,,,,,,,,,,,,,,398,528.85
1787243100,131.69,131.715,131.66,131.715,132.92,131.56,,,,,,,,,,,,,,,,,,,,,,,,,,,,,,,,,,,,,,,,,,,,,,,,,,,,627,558.25
1787243160,131.715,131.715,131.68,131.685,132.92,131.56,,,,,,,,,,,,,,,,,,,,,,,,,,,,,,,,,,,,,,,,,,,,,,,,,,,,692,563.35
1787243220,131.685,131.71,131.685,131.69,132.92,131.56,,,,,,,,,,,,,,,,,,,,,,,,,,,,,,,,,,,,,,,,,,,,,,,,,,,,420,573.55
1787243280,131.68,131.68,131.64,131.66,132.92,131.56,,,,,,,,,,,,,,,,,,,,,,,,,,,,,,,,,,,,,,,,,,,,,,,,,,,,379,522.4
1787243340,131.7,131.73,131.66,131.66,132.92,131.56,,,,,,,,,,,,,,,,,,,,,,,,,,,,,,,,,,,,,,,,,,,,,,,,,,,,575,473.15
1787243400,131.66,131.67,131.62,131.665,132.92,131.56,,,,,,,,,,,,,,,,,,,,,,,,,,,,,,,,,,,,,,,,,,,,,,,,,,,,750,489.75
1787243460,131.67,131.76,131.65,131.75,132.92,131.56,,,,,,,,,,,,,,,,,,,,,,,,,,,,,,,,,,,,,,,,,,,,,,,,,,,,841,523.75
1787243520,131.76,131.765,131.72,131.72,132.92,131.56,,,,,,,,,,,,,,,,,,,,,,,,,,,,,,,,,,,,,,,,,,,,,,,,,,,,363,439.9
1787243580,131.73,131.79,131.73,131.79,132.92,131.56,,,,,,,,,,,,,,,,,,,,,,,,,,,,,,,,,,,,,,,,,,,,,,,,,,,,1683,507.35
1787243640,131.81,131.81,131.74,131.74,132.92,131.56,,,,,,,,,,,,,,,,,,,,,,,,,,,,,,,,,,,,,,,,,,,,,,,,,,,,627,528.9
1787243700,131.7,131.7,131.67,131.67,132.92,131.56,,,,,,,,,,,,,,,,,,,,,,,,,,,,,,,,,,,,,,,,,,,,,,,,,,,,377,528.8
1787243760,131.71,131.81,131.71,131.78,132.92,131.56,,,,,,,,,,,,,,,,,,,,,,,,,,,,,,,,,,,,,,,,,,,,,,,,,,,,2075,632.5
1787243820,131.81,131.85,131.81,131.83,132.92,131.56,,,,,,,,,,,,,,,,,,,,,,,,,,,,,,,,,,,,,,,,,,,,,,,,,,,,223,616.3
1787243880,131.84,131.89,131.84,131.87,132.92,131.56,,,,,,,,,,,,,,,,,,,,,,,,,,,,,,,,,,,,,,,,,,,,,,,,,,,,1004,653.9
1787243940,131.855,131.9,131.855,131.9,132.92,131.56,,,,,,,,,,,,,,,,,,,,,,,,,,,,,,,,,,,,,,,,,,,,,,,,,,,,7,625.3
1787244000,131.92,132.02,131.92,132.02,132.92,131.56,,,,,,,,,,,,,,,,,,,,,,,,,,,,,,,,,,,,,,,,,,,,,,,,,,,,685,620.5
1787244060,132.04,132.055,131.96,131.96,132.92,131.56,,,,,,,,,,,,,,,,,,,,,,,,,,,,,,,,,,,,,,,,,,,,,,,,,,,,261,620.1
1787244120,131.95,131.96,131.94,131.96,132.92,131.56,,,,,,,,,,,,,,,,,,,,,,,,,,,,,,,,,,,,,,,,,,,,,,,,,,,,150,623.15
1787244180,131.97,131.98,131.88,131.88,132.92,131.56,,,,,,,,,,,,,,,,,,,,,,,,,,,,,,,,,,,,,,,,,,,,,,,,,,,,621,637.9
1787244240,131.92,131.93,131.92,131.92,132.92,131.56,,,,,,,,,,,,,,,,,,,,,,,,,,,,,,,,,,,,,,,,,,,,,,,,,,,,11,618.55
1787244300,131.93,131.93,131.89,131.89,132.92,131.56,,,,,,,,,,,,,,,,,,,,,,,,,,,,,,,,,,,,,,,,,,,,,,,,,,,,188,596.6
1787244360,131.92,131.96,131.88,131.88,132.92,131.56,,,,,,,,,,,,,,,,,,,,,,,,,,,,,,,,,,,,,,,,,,,,,,,,,,,,1232,623.6
1787244420,131.87,131.92,131.87,131.88,132.92,131.56,,,,,,,,,,,,,,,,,,,,,,,,,,,,,,,,,,,,,,,,,,,,,,,,,,,,629,634.05
1787244480,131.87,131.89,131.87,131.89,132.92,131.56,,,,,,,,,,,,,,,,,,,,,,,,,,,,,,,,,,,,,,,,,,,,,,,,,,,,209,625.55
1787244540,131.88,131.885,131.85,131.87,132.92,131.56,,,,,,,,,,,,,,,,,,,,,,,,,,,,,,,,,,,,,,,,,,,,,,,,,,,,1773,685.45
1787244600,131.87,131.935,131.87,131.87,132.92,131.56,,,,,,,,,,,,,,,,,,,,,,,,,,,,,,,,,,,,,,,,,,,,,,,,,,,,661,681
1787244660,131.86,131.86,131.81,131.81,132.92,131.56,,,,,,,,,,,,,,,,,,,,,,,,,,,,,,,,,,,,,,,,,,,,,,,,,,,,662,672.05
1787244720,131.79,131.8,131.75,131.76,132.92,131.56,,,,,,,,,,,,,,,,,,,,,,,,,,,,,,,,,,,,,,,,,,,,,,,,,,,,600,683.9
1787244780,131.74,131.74,131.71,131.71,132.92,131.56,,,,,,,,,,,,,,,,,,,,,,,,,,,,,,,,,,,,,,,,,,,,,,,,,,,,658,632.65
1787244840,131.69,131.71,131.64,131.64,132.92,131.56,,,,,,,,,,,,,,,,,,,,,,,,,,,,,,,,,,,,,,,,,,,,,,,,,,,,357,619.15
1787244900,131.64,131.65,131.62,131.63,132.92,131.56,,,,,,,,,,,,,,,,,,,,,,,,,,,,,,,,,,,,,,,,,,,,,,,,,,,,630,631.8
1787244960,131.66,131.72,131.66,131.68,132.92,131.56,,,,,,,,,,,,,,,,,,,,,,,,,,,,,,,,,,,,,,,,,,,,,,,,,,,,1175,586.8
1787245020,131.66,131.675,131.66,131.675,132.92,131.56,,,,,,,,,,,,,,,,,,,,,,,,,,,,,,,,,,,,,,,,,,,,,,,,,,,,278,589.55
1787245080,131.65,131.66,131.65,131.655,132.92,131.56,,,,,,,,,,,,,,,,,,,,,,,,,,,,,,,,,,,,,,,,,,,,,,,,,,,,180,548.35
1787245140,131.69,131.73,131.69,131.72,132.92,131.56,,,,,,,,,,,,,,,,,,,,,,,,,,,,,,,,,,,,,,,,,,,,,,,,,,,,1427,619.35
1787245200,131.73,131.79,131.71,131.79,132.92,131.56,,,,,,,,,,,,,,,,,,,,,,,,,,,,,,,,,,,,,,,,,,,,,,,,,,,,609,615.55
1787245260,131.74,131.75,131.65,131.66,132.92,131.56,,,,,,,,,,,,,,,,,,,,,,,,,,,,,,,,,,,,,,,,,,,,,,,,,,,,1209,662.95
1787245320,131.69,131.69,131.66,131.69,132.92,131.56,,,,,,,,,,,,,,,,,,,,,,,,,,,,,,,,,,,,,,,,,,,,,,,,,,,,928,701.85
1787245380,131.69,131.745,131.68,131.68,132.92,131.56,,,,,,,,,,,,,,,,,,,,,,,,,,,,,,,,,,,,,,,,,,,,,,,,,,,,1362,738.9
1787245440,131.68,131.68,131.67,131.67,132.92,131.56,,,,,,,,,,,,,,,,,,,,,,,,,,,,,,,,,,,,,,,,,,,,,,,,,,,,366,756.65
1787245500,131.67,131.73,131.66,131.715,132.92,131.56,,,,,,,,,,,,,,,,,,,,,,,,,,,,,,,,,,,,,,,,,,,,,,,,,,,,1022,798.35
1787245560,131.71,131.71,131.66,131.66,132.92,131.56,,,,,,,,,,,,,,,,,,,,,,,,,,,,,,,,,,,,,,,,,,,,,,,,,,,,1972,835.35
1787245620,131.68,131.68,131.645,131.645,132.92,131.56,,,,,,,,,,,,,,,,,,,,,,,,,,,,,,,,,,,,,,,,,,,,,,,,,,,,815,844.65
1787245680,131.68,131.68,131.66,131.66,132.92,131.56,,,,,,,,,,,,,,,,,,,,,,,,,,,,,,,,,,,,,,,,,,,,,,,,,,,,720,870.2
1787245740,131.68,131.72,131.67,131.7,132.92,131.56,,,,,,,,,,,,,,,,,,,,,,,,,,,,,,,,,,,,,,,,,,,,,,,,,,,,697,816.4
1787245800,131.71,131.71,131.64,131.645,132.92,131.56,,,,,,,,,,,,,,,,,,,,,,,,,,,,,,,,,,,,,,,,,,,,,,,,,,,,494,808.05
1787245860,131.64,131.65,131.63,131.63,132.92,131.56,,,,,,,,,,,,,,,,,,,,,,,,,,,,,,,,,,,,,,,,,,,,,,,,,,,,455,797.7
1787245920,131.68,131.68,131.67,131.68,132.92,131.56,,,,,,,,,,,,,,,,,,,,,,,,,,,,,,,,,,,,,,,,,,,,,,,,,,,,607,798.05
1787245980,131.67,131.675,131.62,131.62,132.92,131.56,,,,,,,,,,,,,,,,,,,,,,,,,,,,,,,,,,,,,,,,,,,,,,,,,,,,1568,843.55
1787246040,131.62,131.65,131.61,131.63,132.92,131.56,,,,,,,,,,,,,,,,,,,,,,,,,,,,,,,,,,,,,,,,,,,,,,,,,,,,1727,912.05
1787246100,131.61,131.63,131.58,131.59,132.92,131.56,,,,,,,,,,,,,,,,,,,,,,,,,,,,,,,,,,,,,,,,,,,,,,,,,,,,686,914.85
1787246160,131.58,131.58,131.55,131.55,132.92,131.56,,,,,,,,,,,,,,,,,,,,,,,,,,,,,,,,,,,,,,,,,,,,,,,,,,,,314,871.8
1787246220,131.53,131.56,131.51,131.56,132.92,131.56,,,,,,,,,,,,,,,,,,,,,,,,,,,,,,,,,,,,,,,,,,,,,,,,,,,,1017,908.75
1787246280,131.555,131.57,131.53,131.53,132.92,131.56,,,,,,,,,,,,,,,,,,,,,,,,,,,,,,,,,,,,,,,,,,,,,,,,,,,,661,932.8
1787246340,131.535,131.54,131.47,131.49,132.92,131.56,,,,,,,,,,,,,,,,,,,,,,,,,,,,,,,,,,,,,,,,,,,,,,,,,,,,1457,934.3
1787246400,131.47,131.48,131.36,131.41,132.92,131.56,,,,,,,,,,,,,,,,,,,,,,,,,,,,,,,,,,,,,,,,,,,,,,,,,,,,3716,1089.65
1787246460,131.4,131.45,131.4,131.45,132.92,131.56,,,,,,,,,,,,,,,,,,,,,,,,,,,,,,,,,,,,,,,,,,,,,,,,,,,,653,1061.85
1787246520,131.48,131.51,131.48,131.48,132.92,131.56,,,,,,,,,,,,,,,,,,,,,,,,,,,,,,,,,,,,,,,,,,,,,,,,,,,,1739,1102.4
1787246580,131.495,131.53,131.49,131.51,132.92,131.56,,,,,,,,,,,,,,,,,,,,,,,,,,,,,,,,,,,,,,,,,,,,,,,,,,,,1007,1084.65
1787246640,131.55,131.615,131.55,131.6,132.92,131.56,,,,,,,,,,,,,,,,,,,,,,,,,,,,,,,,,,,,,,,,,,,,,,,,,,,,668,1099.75
1787246700,131.59,131.615,131.58,131.59,132.92,131.56,,,,,,,,,,,,,,,,,,,,,,,,,,,,,,,,,,,,,,,,,,,,,,,,,,,,2142,1155.75
1787246760,131.57,131.59,131.57,131.57,132.92,131.56,,,,,,,,,,,,,,,,,,,,,,,,,,,,,,,,,,,,,,,,,,,,,,,,,,,,350,1074.65
1787246820,131.58,131.58,131.55,131.57,132.92,131.56,,,,,,,,,,,,,,,,,,,,,,,,,,,,,,,,,,,,,,,,,,,,,,,,,,,,520,1059.9
1787246880,131.57,131.58,131.56,131.56,132.92,131.56,,,,,,,,,,,,,,,,,,,,,,,,,,,,,,,,,,,,,,,,,,,,,,,,,,,,552,1051.5
1787246940,131.55,131.58,131.54,131.57,132.92,131.56,,,,,,,,,,,,,,,,,,,,,,,,,,,,,,,,,,,,,,,,,,,,,,,,,,,,976,1065.45
1787247000,131.57,131.59,131.56,131.59,132.92,131.56,,,,,,,,,,,,,,,,,,,,,,,,,,,,,,,,,,,,,,,,,,,,,,,,,,,,290,1055.25
1787247060,131.62,131.62,131.59,131.6,132.92,131.56,,,,,,,,,,,,,,,,,,,,,,,,,,,,,,,,,,,,,,,,,,,,,,,,,,,,454,1055.2
1787247120,131.56,131.58,131.53,131.53,132.92,131.56,,,,,,,,,,,,,,,,,,,,,,,,,,,,,,,,,,,,,,,,,,,,,,,,,,,,776,1063.65
1787247180,131.5,131.57,131.48,131.53,132.92,131.56,,,,,,,,,,,,,,,,,,,,,,,,,,,,,,,,,,,,,,,,,,,,,,,,,,,,2760,1123.25
1787247240,131.52,131.52,131.43,131.46,132.92,131.56,,,,,,,,,,,,,,,,,,,,,,,,,,,,,,,,,,,,,,,,,,,,,,,,,,,,2485,1161.15
1787247300,131.46,131.49,131.45,131.46,132.92,131.56,,,,,,,,,,,,,,,,,,,,,,,,,,,,,,,,,,,,,,,,,,,,,,,,,,,,1148,1184.25
1787247360,131.47,131.47,131.43,131.43,132.92,131.56,,,,,,,,,,,,,,,,,,,,,,,,,,,,,,,,,,,,,,,,,,,,,,,,,,,,976,1217.35
1787247420,131.44,131.44,131.38,131.38,132.92,131.56,,,,,,,,,,,,,,,,,,,,,,,,,,,,,,,,,,,,,,,,,,,,,,,,,,,,365,1184.75
1787247480,131.41,131.41,131.35,131.38,132.92,131.56,,,,,,,,,,,,,,,,,,,,,,,,,,,,,,,,,,,,,,,,,,,,,,,,,,,,92,1156.3
1787247540,131.4,131.41,131.4,131.405,132.92,131.56,,,,,,,,,,,,,,,,,,,,,,,,,,,,,,,,,,,,,,,,,,,,,,,,,,,,477,1107.3
1787247600,131.41,131.41,131.38,131.38,132.92,131.56,,,,,,,,,,,,,,,,,,,,,,,,,,,,,,,,,,,,,,,,,,,,,,,,,,,,1002,971.6
1787247660,131.4,131.44,131.4,131.405,132.92,131.56,,,,,,,,,,,,,,,,,,,,,,,,,,,,,,,,,,,,,,,,,,,,,,,,,,,,457,961.8
1787247720,131.405,131.405,131.38,131.39,132.92,131.56,,,,,,,,,,,,,,,,,,,,,,,,,,,,,,,,,,,,,,,,,,,,,,,,,,,,591,904.4
1787247780,131.38,131.38,131.33,131.36,132.92,131.56,,,,,,,,,,,,,,,,,,,,,,,,,,,,,,,,,,,,,,,,,,,,,,,,,,,,443,876.2
1787247840,131.34,131.39,131.34,131.36,132.92,131.56,,,,,,,,,,,,,,,,,,,,,,,,,,,,,,,,,,,,,,,,,,,,,,,,,,,,296,857.6
1787247900,131.34,131.35,131.3,131.35,132.92,131.56,,,,,,,,,,,,,,,,,,,,,,,,,,,,,,,,,,,,,,,,,,,,,,,,,,,,640,782.5
1787247960,131.34,131.4,131.33,131.38,132.92,131.56,,,,,,,,,,,,,,,,,,,,,,,,,,,,,,,,,,,,,,,,,,,,,,,,,,,,1359,832.95
1787248020,131.37,131.4,131.37,131.4,132.92,131.56,,,,,,,,,,,,,,,,,,,,,,,,,,,,,,,,,,,,,,,,,,,,,,,,,,,,192,816.55
1787248080,131.41,131.41,131.36,131.37,132.92,131.56,,,,,,,,,,,,,,,,,,,,,,,,,,,,,,,,,,,,,,,,,,,,,,,,,,,,2285,903.2
1787248140,131.36,131.37,131.34,131.36,132.92,131.56,,,,,,,,,,,,,,,,,,,,,,,,,,,,,,,,,,,,,,,,,,,,,,,,,,,,307,869.75
1787248200,131.35,131.35,131.33,131.33,132.92,131.56,,,,,,,,,,,,,,,,,,,,,,,,,,,,,,,,,,,,,,,,,,,,,,,,,,,,1049,907.7
1787248260,131.32,131.35,131.32,131.35,132.92,131.56,,,,,,,,,,,,,,,,,,,,,,,,,,,,,,,,,,,,,,,,,,,,,,,,,,,,496,909.8
1787248320,131.35,131.41,131.35,131.4,132.92,131.56,,,,,,,,,,,,,,,,,,,,,,,,,,,,,,,,,,,,,,,,,,,,,,,,,,,,2246,983.3
1787248380,131.39,131.43,131.38,131.42,132.92,131.56,,,,,,,,,,,,,,,,,,,,,,,,,,,,,,,,,,,,,,,,,,,,,,,,,,,,791,884.85
1787248440,131.42,131.44,131.395,131.415,132.92,131.56,,,,,,,,,,,,,,,,,,,,,,,,,,,,,,,,,,,,,,,,,,,,,,,,,,,,832,802.2
1787248500,131.41,131.5,131.37,131.5,132.92,131.56,,,,,,,,,,,,,,,,,,,,,,,,,,,,,,,,,,,,,,,,,,,,,,,,,,,,909,790.25
1787248560,131.47,131.475,131.45,131.475,132.92,131.56,,,,,,,,,,,,,,,,,,,,,,,,,,,,,,,,,,,,,,,,,,,,,,,,,,,,406,761.75
1787248620,131.47,131.54,131.46,131.54,132.92,131.56,,,,,,,,,,,,,,,,,,,,,,,,,,,,,,,,,,,,,,,,,,,,,,,,,,,,852,786.1
1787248680,131.56,131.6,131.53,131.53,132.92,131.56,,,,,,,,,,,,,,,,,,,,,,,,,,,,,,,,,,,,,,,,,,,,,,,,,,,,446,803.8
1787248740,131.54,131.62,131.54,131.56,132.92,131.56,,,,,,,,,,,,,,,,,,,,,,,,,,,,,,,,,,,,,,,,,,,,,,,,,,,,1996,879.75
1787248800,131.55,131.56,131.48,131.48,132.92,131.56,,,,,,,,,,,,,,,,,,,,,,,,,,,,,,,,,,,,,,,,,,,,,,,,,,,,441,851.7
1787248860,131.51,131.61,131.49,131.53,132.92,131.56,,,,,,,,,,,,,,,,,,,,,,,,,,,,,,,,,,,,,,,,,,,,,,,,,,,,1374,897.55
1787248920,131.515,131.56,131.49,131.54,132.92,131.56,,,,,,,,,,,,,,,,,,,,,,,,,,,,,,,,,,,,,,,,,,,,,,,,,,,,1226,929.3
1787248980,131.56,131.59,131.55,131.59,132.92,131.56,,,,,,,,,,,,,,,,,,,,,,,,,,,,,,,,,,,,,,,,,,,,,,,,,,,,479,931.1
1787249040,131.6,131.63,131.6,131.62,132.92,131.56,,,,,,,,,,,,,,,,,,,,,,,,,,,,,,,,,,,,,,,,,,,,,,,,,,,,692,950.9
1787249100,131.61,131.615,131.55,131.58,132.92,131.56,,,,,,,,,,,,,,,,,,,,,,,,,,,,,,,,,,,,,,,,,,,,,,,,,,,,1529,995.35
1787249160,131.56,131.57,131.53,131.53,132.92,131.56,,,,,,,,,,,,,,,,,,,,,,,,,,,,,,,,,,,,,,,,,,,,,,,,,,,,373,946.05
1787249220,131.55,131.55,131.48,131.48,132.92,131.56,,,,,,,,,,,,,,,,,,,,,,,,,,,,,,,,,,,,,,,,,,,,,,,,,,,,890,980.95
1787249280,131.49,131.49,131.44,131.48,132.92,131.56,,,,,,,,,,,,,,,,,,,,,,,,,,,,,,,,,,,,,,,,,,,,,,,,,,,,1088,921.1
1787249340,131.49,131.52,131.48,131.48,132.92,131.56,,,,,,,,,,,,,,,,,,,,,,,,,,,,,,,,,,,,,,,,,,,,,,,,,,,,520,931.75
1787249400,131.47,131.48,131.43,131.43,132.92,131.56,,,,,,,,,,,,,,,,,,,,,,,,,,,,,,,,,,,,,,,,,,,,,,,,,,,,410,899.8
1787249460,131.44,131.49,131.44,131.46,132.92,131.56,,,,,,,,,,,,,,,,,,,,,,,,,,,,,,,,,,,,,,,,,,,,,,,,,,,,1049,927.45
1787249520,131.46,131.48,131.45,131.45,132.92,131.56,,,,,,,,,,,,,,,,,,,,,,,,,,,,,,,,,,,,,,,,,,,,,,,,,,,,693,849.8
1787249580,131.45,131.46,131.42,131.43,132.92,131.56,,,,,,,,,,,,,,,,,,,,,,,,,,,,,,,,,,,,,,,,,,,,,,,,,,,,964,858.45
1787249640,131.44,131.44,131.35,131.38,132.92,131.56,,,,,,,,,,,,,,,,,,,,,,,,,,,,,,,,,,,,,,,,,,,,,,,,,,,,2178,925.75
1787249700,131.38,131.4,131.36,131.37,132.92,131.56,,,,,,,,,,,,,,,,,,,,,,,,,,,,,,,,,,,,,,,,,,,,,,,,,,,,1294,945
1787249760,131.37,131.38,131.28,131.29,132.92,131.56,,,,,,,,,,,,,,,,,,,,,,,,,,,,,,,,,,,,,,,,,,,,,,,,,,,,910,970.2
1787249820,131.31,131.38,131.31,131.37,132.92,131.56,,,,,,,,,,,,,,,,,,,,,,,,,,,,,,,,,,,,,,,,,,,,,,,,,,,,1055,980.35
1787249880,131.38,131.39,131.36,131.36,132.92,131.56,,,,,,,,,,,,,,,,,,,,,,,,,,,,,,,,,,,,,,,,,,,,,,,,,,,,695,992.8
1787249940,131.36,131.415,131.36,131.37,132.92,131.56,,,,,,,,,,,,,,,,,,,,,,,,,,,,,,,,,,,,,,,,,,,,,,,,,,,,726,929.3
1787250000,131.37,131.4,131.36,131.37,132.92,131.56,,,,,,,,,,,,,,,,,,,,,,,,,,,,,,,,,,,,,,,,,,,,,,,,,,,,1313,972.9
1787250060,131.35,131.36,131.31,131.34,132.92,131.56,,,,,,,,,,,,,,,,,,,,,,,,,,,,,,,,,,,,,,,,,,,,,,,,,,,,924,950.4
1787250120,131.33,131.35,131.31,131.31,132.92,131.56,,,,,,,,,,,,,,,,,,,,,,,,,,,,,,,,,,,,,,,,,,,,,,,,,,,,551,916.65
1787250180,131.32,131.35,131.3,131.34,132.92,131.56,,,,,,,,,,,,,,,,,,,,,,,,,,,,,,,,,,,,,,,,,,,,,,,,,,,,1557,970.55
1787250240,131.34,131.34,131.31,131.32,132.92,131.56,,,,,,,,,,,,,,,,,,,,,,,,,,,,,,,,,,,,,,,,,,,,,,,,,,,,607,966.3
1787250300,131.3,131.31,131.245,131.27,132.92,131.56,,,,,,,,,,,,,,,,,,,,,,,,,,,,,,,,,,,,,,,,,,,,,,,,,,,,7407,1260.2
1787250360,131.27,131.29,131.24,131.24,132.92,131.56,,,,,,,,,,,,,,,,,,,,,,,,,,,,,,,,,,,,,,,,,,,,,,,,,,,,133,1248.2
1787250420,131.24,131.24,131.19,131.19,132.92,131.56,,,,,,,,,,,,,,,,,,,,,,,,,,,,,,,,,,,,,,,,,,,,,,,,,,,,354,1221.4
1787250480,131.2,131.25,131.18,131.22,132.92,131.56,,,,,,,,,,,,,,,,,,,,,,,,,,,,,,,,,,,,,,,,,,,,,,,,,,,,1821,1258.05
1787250540,131.23,131.25,131.22,131.22,132.92,131.56,,,,,,,,,,,,,,,,,,,,,,,,,,,,,,,,,,,,,,,,,,,,,,,,,,,,632,1263.65
1787250600,131.22,131.25,131.2,131.24,132.92,131.56,,,,,,,,,,,,,,,,,,,,,,,,,,,,,,,,,,,,,,,,,,,,,,,,,,,,559,1271.1
1787250660,131.22,131.25,131.21,131.23,132.92,131.56,,,,,,,,,,,,,,,,,,,,,,,,,,,,,,,,,,,,,,,,,,,,,,,,,,,,662,1251.75
1787250720,131.22,131.22,131.17,131.18,132.92,131.56,,,,,,,,,,,,,,,,,,,,,,,,,,,,,,,,,,,,,,,,,,,,,,,,,,,,525,1243.35
1787250780,131.17,131.17,131.03,131.03,132.92,131.56,,,,,,,,,,,,,,,,,,,,,,,,,,,,,,,,,,,,,,,,,,,,,,,,,,,,3138,1352.05
1787250840,131.03,131.05,131.01,131.03,132.92,131.56,,,,,,,,,,,,,,,,,,,,,,,,,,,,,,,,,,,,,,,,,,,,,,,,,,,,362,1261.25
1787250900,131.02,131.04,131.01,131.02,132.92,131.56,,,,,,,,,,,,,,,,,,,,,,,,,,,,,,,,,,,,,,,,,,,,,,,,,,,,1971,1295.1
1787250960,131.02,131.1,130.99,131.07,132.92,131.56,,,,,,,,,,,,,,,,,,,,,,,,,,,,,,,,,,,,,,,,,,,,,,,,,,,,5267,1512.95
1787251020,131.08,131.09,130.97,131.01,132.92,131.56,,,,,,,,,,,,,,,,,,,,,,,,,,,,,,,,,,,,,,,,,,,,,,,,,,,,1213,1520.85
1787251080,131.01,131.02,130.97,131.02,132.92,131.56,,,,,,,,,,,,,,,,,,,,,,,,,,,,,,,,,,,,,,,,,,,,,,,,,,,,1017,1536.95
1787251140,131.02,131.02,130.97,130.97,132.92,131.56,,,,,,,,,,,,,,,,,,,,,,,,,,,,,,,,,,,,,,,,,,,,,,,,,,,,536,1527.45
1787251200,130.97,130.97,130.9,130.91,132.92,131.56,,,,,,,,,,,,,,,,,,,,,,,,,,,,,,,,,,,,,,,,,,,,,,,,,,,,1050,1514.3
1787251260,130.92,130.925,130.91,130.91,132.92,131.56,,,,,,,,,,,,,,,,,,,,,,,,,,,,,,,,,,,,,,,,,,,,,,,,,,,,430,1489.6
1787251320,130.94,130.97,130.92,130.92,132.92,131.56,,,,,,,,,,,,,,,,,,,,,,,,,,,,,,,,,,,,,,,,,,,,,,,,,,,,842,1504.15
1787251380,130.94,130.97,130.92,130.92,132.92,131.56,,,,,,,,,,,,,,,,,,,,,,,,,,,,,,,,,,,,,,,,,,,,,,,,,,,,521,1452.35
1787251440,130.9,130.925,130.88,130.89,132.92,131.56,,,,,,,,,,,,,,,,,,,,,,,,,,,,,,,,,,,,,,,,,,,,,,,,,,,,413,1442.65
1787251500,130.89,130.91,130.87,130.91,132.92,131.56,,,,,,,,,,,,,,,,,,,,,,,,,,,,,,,,,,,,,,,,,,,,,,,,,,,,1025,1123.55
1787251560,130.91,130.91,130.84,130.85,132.92,131.56,,,,,,,,,,,,,,,,,,,,,,,,,,,,,,,,,,,,,,,,,,,,,,,,,,,,1060,1169.9
1787251620,130.85,130.875,130.82,130.87,132.92,131.56,,,,,,,,,,,,,,,,,,,,,,,,,,,,,,,,,,,,,,,,,,,,,,,,,,,,1593,1231.85
1787251680,130.86,130.87,130.84,130.85,132.92,131.56,,,,,,,,,,,,,,,,,,,,,,,,,,,,,,,,,,,,,,,,,,,,,,,,,,,,723,1176.95
1787251740,130.85,130.85,130.79,130.82,132.92,131.56,,,,,,,,,,,,,,,,,,,,,,,,,,,,,,,,,,,,,,,,,,,,,,,,,,,,923,1191.5
1787251800,130.81,130.85,130.79,130.82,132.92,131.56,,,,,,,,,,,,,,,,,,,,,,,,,,,,,,,,,,,,,,,,,,,,,,,,,,,,914,1209.25
1787251860,130.815,130.86,130.79,130.8,132.92,131.56,,,,,,,,,,,,,,,,,,,,,,,,,,,,,,,,,,,,,,,,,,,,,,,,,,,,1449,1248.6
1787251920,130.785,130.785,130.71,130.71,132.92,131.56,,,,,,,,,,,,,,,,,,,,,,,,,,,,,,,,,,,,,,,,,,,,,,,,,,,,974,1271.05
1787251980,130.71,130.73,130.7,130.71,132.92,131.56,,,,,,,,,,,,,,,,,,,,,,,,,,,,,,,,,,,,,,,,,,,,,,,,,,,,823,1155.3
1787252040,130.7,130.73,130.7,130.71,132.92,131.56,,,,,,,,,,,,,,,,,,,,,,,,,,,,,,,,,,,,,,,,,,,,,,,,,,,,842,1179.3
1787252100,130.7,130.74,130.67,130.74,132.92,131.56,,,,,,,,,,,,,,,,,,,,,,,,,,,,,,,,,,,,,,,,,,,,,,,,,,,,1281,1144.8
1787252160,130.75,130.76,130.73,130.74,132.92,131.56,,,,,,,,,,,,,,,,,,,,,,,,,,,,,,,,,,,,,,,,,,,,,,,,,,,,2102,986.55
1787252220,130.75,130.79,130.75,130.79,132.92,131.56,,,,,,,,,,,,,,,,,,,,,,,,,,,,,,,,,,,,,,,,,,,,,,,,,,,,1191,985.45
1787252280,130.79,130.795,130.72,130.75,132.92,131.56,,,,,,,,,,,,,,,,,,,,,,,,,,,,,,,,,,,,,,,,,,,,,,,,,,,,1383,1003.75
1787252340,130.74,130.785,130.72,130.785,132.92,131.56,,,,,,,,,,,,,,,,,,,,,,,,,,,,,,,,,,,,,,,,,,,,,,,,,,,,2769,1115.4
1787252400,130.78,130.81,130.65,130.65,132.92,131.56,,,,,,,,,,,,,,,,,,,,,,,,,,,,,,,,,,,,,,,,,,,,,,,,,,,,2743,1200.05
1787252460,130.66,130.705,130.66,130.67,132.92,131.56,,,,,,,,,,,,,,,,,,,,,,,,,,,,,,,,,,,,,,,,,,,,,,,,,,,,1466,1251.85
1787252520,130.68,130.73,130.68,130.72,132.92,131.56,,,,,,,,,,,,,,,,,,,,,,,,,,,,,,,,,,,,,,,,,,,,,,,,,,,,1400,1279.75
1787252580,130.72,130.73,130.68,130.68,132.92,131.56,,,,,,,,,,,,,,,,,,,,,,,,,,,,,,,,,,,,,,,,,,,,,,,,,,,,460,1276.7
1787252640,130.72,130.73,130.64,130.7,132.92,131.56,,,,,,,,,,,,,,,,,,,,,,,,,,,,,,,,,,,,,,,,,,,,,,,,,,,,2366,1374.35
1787252700,130.69,130.73,130.68,130.71,132.92,131.56,,,,,,,,,,,,,,,,,,,,,,,,,,,,,,,,,,,,,,,,,,,,,,,,,,,,825,1364.35
1787252760,130.71,130.72,130.67,130.72,132.92,131.56,,,,,,,,,,,,,,,,,,,,,,,,,,,,,,,,,,,,,,,,,,,,,,,,,,,,1283,1375.5
1787252820,130.73,130.73,130.63,130.63,132.92,131.56,,,,,,,,,,,,,,,,,,,,,,,,,,,,,,,,,,,,,,,,,,,,,,,,,,,,2140,1402.85
1787252880,130.62,130.68,130.6,130.63,132.92,131.56,,,,,,,,,,,,,,,,,,,,,,,,,,,,,,,,,,,,,,,,,,,,,,,,,,,,3707,1552.05
1787252940,130.63,130.67,130.63,130.63,132.92,131.56,,,,,,,,,,,,,,,,,,,,,,,,,,,,,,,,,,,,,,,,,,,,,,,,,,,,1337,1572.75
1787253000,130.64,130.645,130.62,130.62,132.92,131.56,,,,,,,,,,,,,,,,,,,,,,,,,,,,,,,,,,,,,,,,,,,,,,,,,,,,755,1564.8
1787253060,130.62,130.715,130.62,130.7,132.92,131.56,,,,,,,,,,,,,,,,,,,,,,,,,,,,,,,,,,,,,,,,,,,,,,,,,,,,1205,1552.6
1787253120,130.71,130.71,130.63,130.63,132.92,131.56,,,,,,,,,,,,,,,,,,,,,,,,,,,,,,,,,,,,,,,,,,,,,,,,,,,,754,1541.6
1787253180,130.62,130.71,130.62,130.69,132.92,131.56,,,,,,,,,,,,,,,,,,,,,,,,,,,,,,,,,,,,,,,,,,,,,,,,,,,,501,1525.5
1787253240,130.71,130.71,130.67,130.67,132.92,131.56,,,,,,,,,,,,,,,,,,,,,,,,,,,,,,,,,,,,,,,,,,,,,,,,,,,,682,1517.5
1787253300,130.67,130.73,130.66,130.68,132.92,131.56,,,,,,,,,,,,,,,,,,,,,,,,,,,,,,,,,,,,,,,,,,,,,,,,,,,,2255,1566.2
1787253360,130.69,130.74,130.68,130.69,132.92,131.56,,,,,,,,,,,,,,,,,,,,,,,,,,,,,,,,,,,,,,,,,,,,,,,,,,,,950,1508.6
1787253420,130.68,130.68,130.59,130.59,132.92,131.56,,,,,,,,,,,,,,,,,,,,,,,,,,,,,,,,,,,,,,,,,,,,,,,,,,,,829,1490.5
1787253480,130.6,130.66,130.6,130.65,132.92,131.56,,,,,,,,,,,,,,,,,,,,,,,,,,,,,,,,,,,,,,,,,,,,,,,,,,,,1509,1496.8
1787253540,130.66,130.675,130.6,130.62,132.92,131.56,,,,,,,,,,,,,,,,,,,,,,,,,,,,,,,,,,,,,,,,,,,,,,,,,,,,492,1382.95
1787253600,130.64,130.67,130.57,130.57,132.92,131.56,,,,,,,,,,,,,,,,,,,,,,,,,,,,,,,,,,,,,,,,,,,,,,,,,,,,1863,1338.95
1787253660,130.58,130.59,130.56,130.58,132.92,131.56,,,,,,,,,,,,,,,,,,,,,,,,,,,,,,,,,,,,,,,,,,,,,,,,,,,,973,1314.3
1787253720,130.59,130.63,130.57,130.63,132.92,131.56,,,,,,,,,,,,,,,,,,,,,,,,,,,,,,,,,,,,,,,,,,,,,,,,,,,,2901,1389.35
1787253780,130.63,130.66,130.6,130.61,132.92,131.56,,,,,,,,,,,,,,,,,,,,,,,,,,,,,,,,,,,,,,,,,,,,,,,,,,,,2422,1487.45
1787253840,130.59,130.65,130.58,130.58,132.92,131.56,,,,,,,,,,,,,,,,,,,,,,,,,,,,,,,,,,,,,,,,,,,,,,,,,,,,1257,1432
1787253900,130.56,130.66,130.56,130.61,132.92,131.56,,,,,,,,,,,,,,,,,,,,,,,,,,,,,,,,,,,,,,,,,,,,,,,,,,,,1405,1461
1787253960,130.6,130.61,130.55,130.56,132.92,131.56,,,,,,,,,,,,,,,,,,,,,,,,,,,,,,,,,,,,,,,,,,,,,,,,,,,,1094,1451.55
1787254020,130.55,130.565,130.53,130.54,132.92,131.56,,,,,,,,,,,,,,,,,,,,,,,,,,,,,,,,,,,,,,,,,,,,,,,,,,,,1378,1413.45
1787254080,130.54,130.54,130.48,130.48,132.92,131.56,,,,,,,,,,,,,,,,,,,,,,,,,,,,,,,,,,,,,,,,,,,,,,,,,,,,3276,1391.9
1787254140,130.48,130.48,130.44,130.46,132.92,131.56,,,,,,,,,,,,,,,,,,,,,,,,,,,,,,,,,,,,,,,,,,,,,,,,,,,,1764,1413.25
1787254200,130.47,130.48,130.39,130.44,132.92,131.56,,,,,,,,,,,,,,,,,,,,,,,,,,,,,,,,,,,,,,,,,,,,,,,,,,,,3207,1535.85
1787254260,130.43,130.45,130.36,130.38,132.92,131.56,,,,,,,,,,,,,,,,,,,,,,,,,,,,,,,,,,,,,,,,,,,,,,,,,,,,2062,1578.7
1787254320,130.39,130.39,130.36,130.38,132.92,131.56,,,,,,,,,,,,,,,,,,,,,,,,,,,,,,,,,,,,,,,,,,,,,,,,,,,,3115,1696.75
1787254380,130.375,130.405,130.35,130.35,132.92,131.56,,,,,,,,,,,,,,,,,,,,,,,,,,,,,,,,,,,,,,,,,,,,,,,,,,,,1419,1742.65
1787254440,130.36,130.38,130.33,130.34,132.92,131.56,,,,,,,,,,,,,,,,,,,,,,,,,,,,,,,,,,,,,,,,,,,,,,,,,,,,1832,1800.15
1787254500,130.35,130.35,130.25,130.27,132.92,131.56,,,,,,,,,,,,,,,,,,,,,,,,,,,,,,,,,,,,,,,,,,,,,,,,,,,,2734,1824.1
1787254560,130.3,130.31,130.23,130.26,132.92,131.56,,,,,,,,,,,,,,,,,,,,,,,,,,,,,,,,,,,,,,,,,,,,,,,,,,,,1503,1851.75
1787254620,130.24,130.28,130.2,130.2,132.92,131.56,,,,,,,,,,,,,,,,,,,,,,,,,,,,,,,,,,,,,,,,,,,,,,,,,,,,701,1845.35
1787254680,130.21,130.31,130.21,130.31,132.92,131.56,,,,,,,,,,,,,,,,,,,,,,,,,,,,,,,,,,,,,,,,,,,,,,,,,,,,622,1801
1787254740,130.32,130.33,130.27,130.28,132.92,131.56,,,,,,,,,,,,,,,,,,,,,,,,,,,,,,,,,,,,,,,,,,,,,,,,,,,,7558,2154.3
1787254800,130.27,130.31,130.19,130.27,132.92,131.56,,,,,,,,,,,,,,,,,,,,,,,,,,,,,,,,,,,,,,,,,,,,,,,,,,,,1753,2148.8
1787254860,130.28,130.28,130.21,130.21,132.92,131.56,,,,,,,,,,,,,,,,,,,,,,,,,,,,,,,,,,,,,,,,,,,,,,,,,,,,1299,2165.1
1787254920,130.21,130.28,130.16,130.28,132.92,131.56,,,,,,,,,,,,,,,,,,,,,,,,,,,,,,,,,,,,,,,,,,,,,,,,,,,,3557,2197.9
1787254980,130.29,130.36,130.29,130.29,132.92,131.56,,,,,,,,,,,,,,,,,,,,,,,,,,,,,,,,,,,,,,,,,,,,,,,,,,,,1962,2174.9
1787255040,130.3,130.3,130.2,130.23,132.92,131.56,,,,,,,,,,,,,,,,,,,,,,,,,,,,,,,,,,,,,,,,,,,,,,,,,,,,1783,2201.2
1787255100,130.22,130.255,130.11,130.155,132.92,131.56,,,,,,,,,,,,,,,,,,,,,,,,,,,,,,,,,,,,,,,,,,,,,,,,,,,,4178,2339.85
1787255160,130.15,130.17,130.07,130.08,132.92,131.56,,,,,,,,,,,,,,,,,,,,,,,,,,,,,,,,,,,,,,,,,,,,,,,,,,,,4214,2495.85
1787255220,130.06,130.19,130.06,130.19,132.92,131.56,,,,,,,,,,,,,,,,,,,,,,,,,,,,,,,,,,,,,,,,,,,,,,,,,,,,3236,2588.75
1787255280,130.2,130.2,130.14,130.14,132.92,131.56,,,,,,,,,,,,,,,,,,,,,,,,,,,,,,,,,,,,,,,,,,,,,,,,,,,,1522,2501.05
1787255340,130.17,130.2,130.085,130.11,132.92,131.56,,,,,,,,,,,,,,,,,,,,,,,,,,,,,,,,,,,,,,,,,,,,,,,,,,,,2677,2546.7
1787255400,130.11,130.12,130,130.05,132.92,131.56,,,,,,,,,,,,,,,,,,,,,,,,,,,,,,,,,,,,,,,,,,,,,,,,,,,,10356,2904.15
1787255460,130.06,130.07,130,130.07,132.92,131.56,,,,,,,,,,,,,,,,,,,,,,,,,,,,,,,,,,,,,,,,,,,,,,,,,,,,3532,2977.65
1787255520,130.09,130.12,130,130.1,132.92,131.56,,,,,,,,,,,,,,,,,,,,,,,,,,,,,,,,,,,,,,,,,,,,,,,,,,,,5615,3102.65
1787255580,130.1,130.19,130.05,130.17,132.92,131.56,,,,,,,,,,,,,,,,,,,,,,,,,,,,,,,,,,,,,,,,,,,,,,,,,,,,2846,3174
1787255640,130.16,130.19,130.085,130.16,132.92,131.56,,,,,,,,,,,,,,,,,,,,,,,,,,,,,,,,,,,,,,,,,,,,,,,,,,,,7995,3482.15
1787255700,130.16,130.19,130.02,130.06,132.92,131.56,,,,,,,,,,,,,,,,,,,,,,,,,,,,,,,,,,,,,,,,,,,,,,,,,,,,7679,3729.4
1787255760,130.07,130.11,130,130,132.92,131.56,,,,,,,,,,,,,,,,,,,,,,,,,,,,,,,,,,,,,,,,,,,,,,,,,,,,8140,4061.25
1787255820,130.01,130.02,129.92,129.95,132.92,131.56,,,,,,,,,,,,,,,,,,,,,,,,,,,,,,,,,,,,,,,,,,,,,,,,,,,,8545,4453.45
1787255880,129.945,129.945,129.82,129.87,132.92,131.56,,,,,,,,,,,,,,,,,,,,,,,,,,,,,,,,,,,,,,,,,,,,,,,,,,,,13262,5085.45
1787255940,129.89,129.9,129.62,129.7,132.92,131.56,,,1,23,1,1787237580000,132.95,132.92,131.56,1.3599999999999852,0.11879040686112756,0.06769462203836285,2.5047010154193186,2,1787237640000,2,0,,,,0,0,0,0,0,,,,0,0,0,0,0,,,,0,0,0,0,0,,,,0,0,0,0,,-1,23,30405,6227.8
1787319000,131.25,131.505,130.69,130.69,131.505,130.69,,,,,,,,,,,,,,,,,,,,,,,,,,,,,,,,,,,,,,,,,,,,,,,,,,,,5696,6424.95
1787319060,130.72,131.5,130.71,131.395,131.505,130.69,,,,,,,,,,,,,,,,,,,,,,,,,,,,,,,,,,,,,,,,,,,,,,,,,,,,2798,6499.9
1787319120,131.37,131.45,131,131.01,131.505,130.69,,,,,,,,,,,,,,,,,,,,,,,,,,,,,,,,,,,,,,,,,,,,,,,,,,,,9353,6789.7
1787319180,130.93,131.28,130.8,130.86,131.505,130.69,,,,,,,,,,,,,,,,,,,,,,,,,,,,,,,,,,,,,,,,,,,,,,,,,,,,5915,6987.35
1787319240,130.92,131.04,130.83,130.88,131.505,130.69,,,,,,,,,,,,,,,,,,,,,,,,,,,,,,,,,,,,,,,,,,,,,,,,,,,,2843,7040.35
1787319300,130.87,130.87,130.65,130.87,131.505,130.65,,,,,,,,,,,,,,,,,,,,,,,,,,,,,,,,,,,,,,,,,,,,,,,,,,,,2696,6966.25
1787319360,130.92,131,130.8,130.91,131.505,130.65,,,,,,,,,,,,,,,,,,,,,,,,,,,,,,,,,,,,,,,,,,,,,,,,,,,,2588,6884.95
1787319420,130.8,130.99,130.69,130.69,131.505,130.65,,,,,,,,,,,,,,,,,,,,,,,,,,,,,,,,,,,,,,,,,,,,,,,,,,,,6684,7057.35
1787319480,130.7,130.73,130.58,130.66,131.505,130.58,,,,,,,,,,,,,,,,,,,,,,,,,,,,,,,,,,,,,,,,,,,,,,,,,,,,1837,7073.1
1787319540,130.62,130.62,130.5,130.615,131.505,130.5,,,,,,,,,,,,,,,,,,,,,,,,,,,,,,,,,,,,,,,,,,,,,,,,,,,,2285,7053.5
1787319600,130.63,130.975,130.62,130.95,131.505,130.5,,,,,,,,,,,,,,,,,,,,,,,,,,,,,,,,,,,,,,,,,,,,,,,,,,,,1425,6606.95
1787319660,130.95,131.03,130.88,131.03,131.505,130.5,,,,,,,,,,,,,,,,,,,,,,,,,,,,,,,,,,,,,,,,,,,,,,,,,,,,1259,6493.3
1787319720,131.025,131.14,130.895,131.14,131.505,130.5,,,,,,,,,,,,,,,,,,,,,,,,,,,,,,,,,,,,,,,,,,,,,,,,,,,,3861,6405.6
1787319780,131.16,131.5,131.16,131.4,131.505,130.5,,,,,,,,,,,,,,,,,,,,,,,,,,,,,,,,,,,,,,,,,,,,,,,,,,,,8635,6695.05
1787319840,131.35,131.51,131.35,131.45,131.51,130.5,,,,,,,,,,,,,,,,,,,,,,,,,,,,,,,,,,,,,,,,,,,,,,,,,,,,1587,6374.65
1787319900,131.45,131.715,131.43,131.68,131.51,130.5,,,,,,,,,,,,,,,,,,,,,,,,,,,,,,,,,,,,,,,,,,,,,,,,,,,,3940,6187.7
1787319960,131.67,131.83,131.65,131.83,131.51,130.5,,,,,,,,,,,,,,,,,,,,,,,,,,,,,,,,,,,,,,,,,,,,,,,,,,,,2404,5900.9
1787320020,131.815,131.82,131.61,131.62,131.51,130.5,,,,,,,,,,,,,,,,,,,,,,,,,,,,,,,,,,,,,,,,,,,,,,,,,,,,2826,5614.95
1787320080,131.7,131.97,131.7,131.97,131.51,130.5,,,,,,,,,,,,,,,,,,,,,,,,,,,,,,,,,,,,,,,,,,,,,,,,,,,,2464,5075.05
1787320140,131.91,131.95,131.71,131.81,131.51,130.5,,,,,,,,,,,,,,,,,,,,,,,,,,,,,,,,,,,,,,,,,,,,,,,,,,,,5046,3807.1
1787320200,131.8,131.92,131.78,131.85,131.51,130.5,,,,,,,,,,,,,,,,,,,,,,,,,,,,,,,,,,,,,,,,,,,,,,,,,,,,1702,3607.4
1787320260,131.86,131.93,131.76,131.84,131.51,130.5,,,,,,,,,,,,,,,,,,,,,,,,,,,,,,,,,,,,,,,,,,,,,,,,,,,,1489,3541.95
1787320320,131.8,131.94,131.78,131.92,131.51,130.5,,,,,,,,,,,,,,,,,,,,,,,,,,,,,,,,,,,,,,,,,,,,,,,,,,,,1248,3136.7
1787320380,131.905,131.95,131.81,131.88,131.51,130.5,,,,,,,,,,,,,,,,,,,,,,,,,,,,,,,,,,,,,,,,,,,,,,,,,,,,4261,3054
1787320440,131.87,131.96,131.82,131.83,131.51,130.5,,,,,,,,,,,,,,,,,,,,,,,,,,,,,,,,,,,,,,,,,,,,,,,,,,,,3581,3090.9
1787320500,131.91,132.19,131.91,132.04,131.51,130.5,,,,,,,,,,,,,,,,,,,,,,,,,,,,,,,,,,,,,,,,,,,,,,,,,,,,8324,3372.3
1787320560,132.02,132.06,131.92,132.06,131.51,130.5,,,,,,,,,,,,,,,,,,,,,,,,,,,,,,,,,,,,,,,,,,,,,,,,,,,,1112,3298.5
1787320620,132.08,132.11,132.03,132.07,131.51,130.5,,,,,,,,,,,,,,,,,,,,,,,,,,,,,,,,,,,,,,,,,,,,,,,,,,,,898,3009.2
1787320680,132.08,132.08,131.86,132.04,131.51,130.5,,,,,,,,,,,,,,,,,,,,,,,,,,,,,,,,,,,,,,,,,,,,,,,,,,,,1229,2978.8
1787320740,131.99,132.1,131.92,131.92,131.51,130.5,,,,,,,,,,,,,,,,,,,,,,,,,,,,,,,,,,,,,,,,,,,,,,,,,,,,2104,2969.75
1787320800,132.03,132.18,132.03,132.15,131.51,130.5,,,,,,,,,,,,,,,,,,,,,,,,,,,,,,,,,,,,,,,,,,,,,,,,,,,,2500,3023.5
1787320860,132.16,132.25,132.13,132.22,131.51,130.5,,,,,,,,,,,,,,,,,,,,,,,,,,,,,,,,,,,,,,,,,,,,,,,,,,,,6217,3271.4
1787320920,132.21,132.21,132.075,132.1,131.51,130.5,,,,,,,,,,,,,,,,,,,,,,,,,,,,,,,,,,,,,,,,,,,,,,,,,,,,1406,3148.65
1787320980,132.14,132.24,132.1,132.13,131.51,130.5,,,,,,,,,,,,,,,,,,,,,,,,,,,,,,,,,,,,,,,,,,,,,,,,,,,,4139,2923.85
1787321040,132.13,132.14,131.99,132,131.51,130.5,,,,,,,,,,,,,,,,,,,,,,,,,,,,,,,,,,,,,,,,,,,,,,,,,,,,2147,2951.85
1787321100,132.02,132.065,131.88,131.92,131.51,130.5,,,,,,,,,,,,,,,,,,,,,,,,,,,,,,,,,,,,,,,,,,,,,,,,,,,,1972,2853.45
1787321160,131.88,131.88,131.75,131.83,131.51,130.5,,,,,,,,,,,,,,,,,,,,,,,,,,,,,,,,,,,,,,,,,,,,,,,,,,,,854,2775.95
1787321220,131.85,131.93,131.75,131.85,131.51,130.5,,,,,,,,,,,,,,,,,,,,,,,,,,,,,,,,,,,,,,,,,,,,,,,,,,,,1307,2700
1787321280,131.845,131.845,131.71,131.71,131.51,130.5,,,,,,,,,,,,,,,,,,,,,,,,,,,,,,,,,,,,,,,,,,,,,,,,,,,,855,2619.55
1787321340,131.7,131.81,131.66,131.78,131.51,130.5,,,,,,,,,,,,,,,,,,,,,,,,,,,,,,,,,,,,,,,,,,,,,,,,,,,,725,2403.5
1787321400,131.79,131.79,131.58,131.58,131.51,130.5,,,,,,,,,,,,,,,,,,,,,,,,,,,,,,,,,,,,,,,,,,,,,,,,,,,,3860,2511.4
1787321460,131.57,131.63,131.5,131.5,131.51,130.5,,,,,,,,,,,,,,,,,,,,,,,,,,,,,,,,,,,,,,,,,,,,,,,,,,,,2882,2581.05
1787321520,131.5,131.59,131.47,131.58,131.51,130.5,,,,,,,,,,,,,,,,,,,,,,,,,,,,,,,,,,,,,,,,,,,,,,,,,,,,994,2568.35
1787321580,131.5,131.5,131.41,131.45,131.51,130.5,,,,,,,,,,,,,,,,,,,,,,,,,,,,,,,,,,,,,,,,,,,,,,,,,,,,1552,2432.9
1787321640,131.49,131.49,131.42,131.42,131.51,130.5,,,,,,,,,,,,,,,,,,,,,,,,,,,,,,,,,,,,,,,,,,,,,,,,,,,,1006,2304.15
1787321700,131.42,131.42,131.26,131.39,131.51,130.5,,,,,,,,,,,,,,,,,,,,,,,,,,,,,,,,,,,,,,,,,,,,,,,,,,,,3094,2042.65
1787321760,131.38,131.38,131.31,131.35,131.51,130.5,,,,,,,,,,,,,,,,,,,,,,,,,,,,,,,,,,,,,,,,,,,,,,,,,,,,2069,2090.5
1787321820,131.37,131.37,131.195,131.33,131.51,130.5,,,,,,,,,,,,,,,,,,,,,,,,,,,,,,,,,,,,,,,,,,,,,,,,,,,,1072,2099.2
1787321880,131.35,131.4,131.28,131.28,131.51,130.5,,,,,,,,,,,,,,,,,,,,,,,,,,,,,,,,,,,,,,,,,,,,,,,,,,,,759,2075.7
1787321940,131.26,131.32,131.24,131.3,131.51,130.5,,,,,,,,,,,,,,,,,,,,,,,,,,,,,,,,,,,,,,,,,,,,,,,,,,,,880,2014.5
1787322000,131.33,131.39,131.29,131.34,131.51,130.5,,,,,,,,,,,,,,,,,,,,,,,,,,,,,,,,,,,,,,,,,,,,,,,,,,,,5746,2176.8
1787322060,131.37,131.47,131.37,131.47,131.51,130.5,,,,,,,,,,,,,,,,,,,,,,,,,,,,,,,,,,,,,,,,,,,,,,,,,,,,509,1891.4
1787322120,131.51,131.6,131.51,131.59,131.51,130.5,,,,,,,,,,,,,,,,,,,,,,,,,,,,,,,,,,,,,,,,,,,,,,,,,,,,1635,1902.85
1787322180,131.59,131.59,131.41,131.42,131.51,130.5,,,,,,,,,,,,,,,,,,,,,,,,,,,,,,,,,,,,,,,,,,,,,,,,,,,,1689,1780.35
1787322240,131.44,131.475,131.415,131.415,131.51,130.5,,,,,,,,,,,,,,,,,,,,,,,,,,,,,,,,,,,,,,,,,,,,,,,,,,,,1062,1726.1
1787322300,131.45,131.48,131.42,131.44,131.51,130.5,,,,,,,,,,,,,,,,,,,,,,,,,,,,,,,,,,,,,,,,,,,,,,,,,,,,785,1666.75
1787322360,131.41,131.48,131.39,131.39,131.51,130.5,,,,,,,,,,,,,,,,,,,,,,,,,,,,,,,,,,,,,,,,,,,,,,,,,,,,1696,1708.85
1787322420,131.355,131.39,131.31,131.36,131.51,130.5,,,,,,,,,,,,,,,,,,,,,,,,,,,,,,,,,,,,,,,,,,,,,,,,,,,,5151,1901.05
1787322480,131.36,131.42,131.33,131.41,131.51,130.5,,,,,,,,,,,,,,,,,,,,,,,,,,,,,,,,,,,,,,,,,,,,,,,,,,,,3155,2016.05
1787322540,131.425,131.46,131.38,131.43,131.51,130.5,,,,,,,,,,,,,,,,,,,,,,,,,,,,,,,,,,,,,,,,,,,,,,,,,,,,3294,2144.5
1787322600,131.4,131.4,131.32,131.32,131.51,130.5,,,,,,,,,,,,,,,,,,,,,,,,,,,,,,,,,,,,,,,,,,,,,,,,,,,,2317,2067.35
1787322660,131.33,131.39,131.31,131.37,131.51,130.5,,,,,,,,,,,,,,,,,,,,,,,,,,,,,,,,,,,,,,,,,,,,,,,,,,,,1174,1981.95
1787322720,131.36,131.36,131.275,131.32,131.51,130.5,,,,,,,,,,,,,,,,,,,,,,,,,,,,,,,,,,,,,,,,,,,,,,,,,,,,607,1962.6
1787322780,131.29,131.32,131.175,131.2,131.51,130.5,,,,,,,,,,,,,,,,,,,,,,,,,,,,,,,,,,,,,,,,,,,,,,,,,,,,1611,1965.55
1787322840,131.22,131.22,131.17,131.17,131.51,130.5,,,,,,,,,,,,,,,,,,,,,,,,,,,,,,,,,,,,,,,,,,,,,,,,,,,,465,1938.5
1787322900,131.13,131.23,131.13,131.19,131.51,130.5,,,,,,,,,,,,,,,,,,,,,,,,,,,,,,,,,,,,,,,,,,,,,,,,,,,,715,1819.55
1787322960,131.16,131.16,130.91,130.91,131.51,130.5,,,,,,,,,,,,,,,,,,,,,,,,,,,,,,,,,,,,,,,,,,,,,,,,,,,,7117,2071.95
1787323020,130.915,130.93,130.855,130.91,131.51,130.5,,,,,,,,,,,,,,,,,,,,,,,,,,,,,,,,,,,,,,,,,,,,,,,,,,,,1059,2071.3
1787323080,130.85,130.94,130.79,130.94,131.51,130.5,,,,,,,,,,,,,,,,,,,,,,,,,,,,,,,,,,,,,,,,,,,,,,,,,,,,784,2072.55
1787323140,130.96,130.97,130.92,130.93,131.51,130.5,,,,,,,,,,,,,,,,,,,,,,,,,,,,,,,,,,,,,,,,,,,,,,,,,,,,543,2055.7
1787323200,130.95,130.98,130.91,130.98,131.51,130.5,,,,,,,,,,,,,,,,,,,,,,,,,,,,,,,,,,,,,,,,,,,,,,,,,,,,1363,1836.55
1787323260,130.97,130.97,130.8,130.83,131.51,130.5,,,,,,,,,,,,,,,,,,,,,,,,,,,,,,,,,,,,,,,,,,,,,,,,,,,,1823,1902.25
1787323320,130.82,130.89,130.82,130.83,131.51,130.5,,,,,,,,,,,,,,,,,,,,,,,,,,,,,,,,,,,,,,,,,,,,,,,,,,,,3187,1979.85
1787323380,130.83,130.89,130.79,130.86,131.51,130.5,,,,,,,,,,,,,,,,,,,,,,,,,,,,,,,,,,,,,,,,,,,,,,,,,,,,877,1939.25
1787323440,130.835,130.9,130.79,130.83,131.51,130.5,,,,,,,,,,,,,,,,,,,,,,,,,,,,,,,,,,,,,,,,,,,,,,,,,,,,1995,1985.9
1787323500,130.83,130.84,130.64,130.64,131.51,130.5,,,,,,,,,,,,,,,,,,,,,,,,,,,,,,,,,,,,,,,,,,,,,,,,,,,,1814,2037.35
1787323560,130.63,130.71,130.63,130.65,131.51,130.5,,,,,,,,,,,,,,,,,,,,,,,,,,,,,,,,,,,,,,,,,,,,,,,,,,,,875,1996.3
1787323620,130.62,130.68,130.56,130.68,131.51,130.5,,,,,,,,,,,,,,,,,,,,,,,,,,,,,,,,,,,,,,,,,,,,,,,,,,,,2036,1840.55
1787323680,130.74,130.85,130.71,130.8,131.51,130.5,,,,,,,,,,,,,,,,,,,,,,,,,,,,,,,,,,,,,,,,,,,,,,,,,,,,1020,1733.8
1787323740,130.8,130.86,130.78,130.86,131.51,130.5,,,,,,,,,,,,,,,,,,,,,,,,,,,,,,,,,,,,,,,,,,,,,,,,,,,,908,1614.5
1787323800,130.85,130.89,130.8,130.85,131.51,130.5,,,,,,,,,,,,,,,,,,,,,,,,,,,,,,,,,,,,,,,,,,,,,,,,,,,,708,1534.05
1787323860,130.88,130.89,130.82,130.82,131.51,130.5,,,,,,,,,,,,,,,,,,,,,,,,,,,,,,,,,,,,,,,,,,,,,,,,,,,,826,1516.65
1787323920,130.82,130.84,130.7,130.7,131.51,130.5,,,,,,,,,,,,,,,,,,,,,,,,,,,,,,,,,,,,,,,,,,,,,,,,,,,,883,1530.45
1787323980,130.67,130.69,130.64,130.68,131.51,130.5,,,,,,,,,,,,,,,,,,,,,,,,,,,,,,,,,,,,,,,,,,,,,,,,,,,,711,1485.45
1787324040,130.65,130.65,130.56,130.58,131.51,130.5,,,,,,,,,,,,,,,,,,,,,,,,,,,,,,,,,,,,,,,,,,,,,,,,,,,,302,1477.3
1787324100,130.58,130.66,130.54,130.66,131.51,130.5,,,,,,,,,,,,,,,,,,,,,,,,,,,,,,,,,,,,,,,,,,,,,,,,,,,,538,1468.45
1787324160,130.66,130.72,130.66,130.72,131.51,130.5,,,,,,,,,,,,,,,,,,,,,,,,,,,,,,,,,,,,,,,,,,,,,,,,,,,,1025,1163.85
1787324220,130.69,130.73,130.68,130.68,131.51,130.5,,,,,,,,,,,,,,,,,,,,,,,,,,,,,,,,,,,,,,,,,,,,,,,,,,,,191,1120.45
1787324280,130.71,130.76,130.69,130.72,131.51,130.5,,,,,,,,,,,,,,,,,,,,,,,,,,,,,,,,,,,,,,,,,,,,,,,,,,,,493,1105.9
1787324340,130.72,130.78,130.7,130.78,131.51,130.5,,,,,,,,,,,,,,,,,,,,,,,,,,,,,,,,,,,,,,,,,,,,,,,,,,,,595,1108.5
1787324400,130.74,130.74,130.59,130.62,131.51,130.5,,,,,,,,,,,,,,,,,,,,,,,,,,,,,,,,,,,,,,,,,,,,,,,,,,,,968,1088.75
1787324460,130.63,130.65,130.615,130.63,131.51,130.5,,,,,,,,,,,,,,,,,,,,,,,,,,,,,,,,,,,,,,,,,,,,,,,,,,,,1180,1056.6
1787324520,130.625,130.84,130.625,130.78,131.51,130.5,,,,,,,,,,,,,,,,,,,,,,,,,,,,,,,,,,,,,,,,,,,,,,,,,,,,6336,1214.05
1787324580,130.79,130.87,130.76,130.87,131.51,130.5,,,,,,,,,,,,,,,,,,,,,,,,,,,,,,,,,,,,,,,,,,,,,,,,,,,,1051,1222.75
1787324640,130.84,130.84,130.78,130.82,131.51,130.5,,,,,,,,,,,,,,,,,,,,,,,,,,,,,,,,,,,,,,,,,,,,,,,,,,,,238,1134.9
1787324700,130.81,130.89,130.81,130.89,131.51,130.5,,,,,,,,,,,,,,,,,,,,,,,,,,,,,,,,,,,,,,,,,,,,,,,,,,,,808,1084.6
1787324760,130.93,130.95,130.88,130.89,131.51,130.5,,,,,,,,,,,,,,,,,,,,,,,,,,,,,,,,,,,,,,,,,,,,,,,,,,,,616,1071.65
1787324820,130.9,131.03,130.825,131.03,131.51,130.5,,,,,,,,,,,,,,,,,,,,,,,,,,,,,,,,,,,,,,,,,,,,,,,,,,,,1697,1054.7
1787324880,131.01,131.01,130.98,130.99,131.51,130.5,,,,,,,,,,,,,,,,,,,,,,,,,,,,,,,,,,,,,,,,,,,,,,,,,,,,686,1038
1787324940,130.96,131.04,130.96,131.04,131.51,130.5,,,,,,,,,,,,,,,,,,,,,,,,,,,,,,,,,,,,,,,,,,,,,,,,,,,,870,1036.1
1787325000,131.07,131.12,131.025,131.025,131.51,130.5,,,,,,,,,,,,,,,,,,,,,,,,,,,,,,,,,,,,,,,,,,,,,,,,,,,,2220,1111.7
1787325060,131.04,131.055,130.94,131,131.51,130.5,,,,,,,,,,,,,,,,,,,,,,,,,,,,,,,,,,,,,,,,,,,,,,,,,,,,1111,1125.95
1787325120,130.99,131,130.92,130.92,131.51,130.5,,,,,,,,,,,,,,,,,,,,,,,,,,,,,,,,,,,,,,,,,,,,,,,,,,,,692,1116.4
1787325180,130.9,130.97,130.9,130.96,131.51,130.5,,,,,,,,,,,,,,,,,,,,,,,,,,,,,,,,,,,,,,,,,,,,,,,,,,,,816,1121.65
1787325240,130.93,130.93,130.875,130.875,131.51,130.5,,,,,,,,,,,,,,,,,,,,,,,,,,,,,,,,,,,,,,,,,,,,,,,,,,,,242,1118.65
1787325300,130.89,130.9,130.83,130.83,131.51,130.5,,,,,,,,,,,,,,,,,,,,,,,,,,,,,,,,,,,,,,,,,,,,,,,,,,,,614,1122.45
1787325360,130.82,130.92,130.805,130.87,131.51,130.5,,,,,,,,,,,,,,,,,,,,,,,,,,,,,,,,,,,,,,,,,,,,,,,,,,,,1101,1126.25
1787325420,130.85,130.9,130.85,130.9,131.51,130.5,,,,,,,,,,,,,,,,,,,,,,,,,,,,,,,,,,,,,,,,,,,,,,,,,,,,1053,1169.35
1787325480,130.92,130.96,130.89,130.89,131.51,130.5,,,,,,,,,,,,,,,,,,,,,,,,,,,,,,,,,,,,,,,,,,,,,,,,,,,,1243,1206.85
1787325540,130.89,130.89,130.79,130.79,131.51,130.5,,,,,,,,,,,,,,,,,,,,,,,,,,,,,,,,,,,,,,,,,,,,,,,,,,,,180,1186.1
1787325600,130.76,130.79,130.76,130.76,131.51,130.5,,,,,,,,,,,,,,,,,,,,,,,,,,,,,,,,,,,,,,,,,,,,,,,,,,,,426,1159
1787325660,130.79,130.8,130.71,130.72,131.51,130.5,,,,,,,,,,,,,,,,,,,,,,,,,,,,,,,,,,,,,,,,,,,,,,,,,,,,821,1141.05
1787325720,130.74,130.81,130.74,130.8,131.51,130.5,,,,,,,,,,,,,,,,,,,,,,,,,,,,,,,,,,,,,,,,,,,,,,,,,,,,1076,878.05
1787325780,130.83,130.85,130.76,130.775,131.51,130.5,,,,,,,,,,,,,,,,,,,,,,,,,,,,,,,,,,,,,,,,,,,,,,,,,,,,498,850.4
1787325840,130.8,130.81,130.74,130.785,131.51,130.5,,,,,,,,,,,,,,,,,,,,,,,,,,,,,,,,,,,,,,,,,,,,,,,,,,,,1131,895.05
1787325900,130.8,130.8,130.76,130.76,131.51,130.5,,,,,,,,,,,,,,,,,,,,,,,,,,,,,,,,,,,,,,,,,,,,,,,,,,,,722,890.75
1787325960,130.74,130.75,130.7,130.75,131.51,130.5,,,,,,,,,,,,,,,,,,,,,,,,,,,,,,,,,,,,,,,,,,,,,,,,,,,,539,886.9
1787326020,130.77,130.79,130.76,130.76,131.51,130.5,,,,,,,,,,,,,,,,,,,,,,,,,,,,,,,,,,,,,,,,,,,,,,,,,,,,859,845
1787326080,130.77,130.93,130.77,130.93,131.51,130.5,,,,,,,,,,,,,,,,,,,,,,,,,,,,,,,,,,,,,,,,,,,,,,,,,,,,3211,971.25
1787326140,130.94,130.98,130.92,130.98,131.51,130.5,,,,,,,,,,,,,,,,,,,,,,,,,,,,,,,,,,,,,,,,,,,,,,,,,,,,1686,1012.05
1787326200,131.01,131.01,130.96,130.96,131.51,130.5,,,,,,,,,,,,,,,,,,,,,,,,,,,,,,,,,,,,,,,,,,,,,,,,,,,,161,909.1
1787326260,130.95,131.005,130.9,130.92,131.51,130.5,,,,,,,,,,,,,,,,,,,,,,,,,,,,,,,,,,,,,,,,,,,,,,,,,,,,725,889.8
1787326320,130.95,131.09,130.95,131.09,131.51,130.5,,,,,,,,,,,,,,,,,,,,,,,,,,,,,,,,,,,,,,,,,,,,,,,,,,,,649,887.65
1787326380,131.07,131.07,131.04,131.05,131.51,130.5,,,,,,,,,,,,,,,,,,,,,,,,,,,,,,,,,,,,,,,,,,,,,,,,,,,,241,858.9
1787326440,131.04,131.08,131.03,131.08,131.51,130.5,,,,,,,,,,,,,,,,,,,,,,,,,,,,,,,,,,,,,,,,,,,,,,,,,,,,1269,910.25
1787326500,131.09,131.12,131.065,131.09,131.51,130.5,,,,,,,,,,,,,,,,,,,,,,,,,,,,,,,,,,,,,,,,,,,,,,,,,,,,1153,937.2
1787326560,131.13,131.16,131.12,131.14,131.51,130.5,,,,,,,,,,,,,,,,,,,,,,,,,,,,,,,,,,,,,,,,,,,,,,,,,,,,1297,947
1787326620,131.15,131.15,131.05,131.05,131.51,130.5,,,,,,,,,,,,,,,,,,,,,,,,,,,,,,,,,,,,,,,,,,,,,,,,,,,,352,911.95
1787326680,131.02,131.04,130.97,131,131.51,130.5,,,,,,,,,,,,,,,,,,,,,,,,,,,,,,,,,,,,,,,,,,,,,,,,,,,,3784,1039
1787326740,130.985,131.1,130.985,131.085,131.51,130.5,,,,,,,,,,,,,,,,,,,,,,,,,,,,,,,,,,,,,,,,,,,,,,,,,,,,866,1073.3
1787326800,131.11,131.11,131.07,131.07,131.51,130.5,,,,,,,,,,,,,,,,,,,,,,,,,,,,,,,,,,,,,,,,,,,,,,,,,,,,163,1060.15
1787326860,131.09,131.09,130.98,130.98,131.51,130.5,,,,,,,,,,,,,,,,,,,,,,,,,,,,,,,,,,,,,,,,,,,,,,,,,,,,3844,1211.3
1787326920,131,131.02,130.99,130.99,131.51,130.5,,,,,,,,,,,,,,,,,,,,,,,,,,,,,,,,,,,,,,,,,,,,,,,,,,,,970,1206
1787326980,130.97,131.06,130.95,131.05,131.51,130.5,,,,,,,,,,,,,,,,,,,,,,,,,,,,,,,,,,,,,,,,,,,,,,,,,,,,2391,1300.65
1787327040,131.07,131.13,131.07,131.1,131.51,130.5,,,,,,,,,,,,,,,,,,,,,,,,,,,,,,,,,,,,,,,,,,,,,,,,,,,,1055,1296.85
1787327100,131.13,131.16,131.11,131.11,131.51,130.5,,,,,,,,,,,,,,,,,,,,,,,,,,,,,,,,,,,,,,,,,,,,,,,,,,,,1592,1340.35
1787327160,131.1,131.1,131.07,131.08,131.51,130.5,,,,,,,,,,,,,,,,,,,,,,,,,,,,,,,,,,,,,,,,,,,,,,,,,,,,441,1335.45
1787327220,131.11,131.125,131.08,131.08,131.51,130.5,,,,,,,,,,,,,,,,,,,,,,,,,,,,,,,,,,,,,,,,,,,,,,,,,,,,622,1323.6
1787327280,131.07,131.07,131.03,131.03,131.51,130.5,,,,,,,,,,,,,,,,,,,,,,,,,,,,,,,,,,,,,,,,,,,,,,,,,,,,2234,1274.75
1787327340,131.02,131.05,131,131.05,131.51,130.5,,,,,,,,,,,,,,,,,,,,,,,,,,,,,,,,,,,,,,,,,,,,,,,,,,,,625,1221.7
1787327400,131.06,131.09,131.05,131.05,131.51,130.5,,,,,,,,,,,,,,,,,,,,,,,,,,,,,,,,,,,,,,,,,,,,,,,,,,,,1268,1277.05
1787327460,131.08,131.08,131.06,131.07,131.51,130.5,,,,,,,,,,,,,,,,,,,,,,,,,,,,,,,,,,,,,,,,,,,,,,,,,,,,458,1263.7
1787327520,131.05,131.09,131.05,131.09,131.51,130.5,,,,,,,,,,,,,,,,,,,,,,,,,,,,,,,,,,,,,,,,,,,,,,,,,,,,463,1254.4
1787327580,131.1,131.1,131.05,131.05,131.51,130.5,,,,,,,,,,,,,,,,,,,,,,,,,,,,,,,,,,,,,,,,,,,,,,,,,,,,440,1264.35
1787327640,131.04,131.04,130.95,130.95,131.51,130.5,,,,,,,,,,,,,,,,,,,,,,,,,,,,,,,,,,,,,,,,,,,,,,,,,,,,858,1243.8
1787327700,130.96,130.97,130.89,130.89,131.51,130.5,,,,,,,,,,,,,,,,,,,,,,,,,,,,,,,,,,,,,,,,,,,,,,,,,,,,1416,1256.95
1787327760,130.93,130.95,130.87,130.87,131.51,130.5,,,,,,,,,,,,,,,,,,,,,,,,,,,,,,,,,,,,,,,,,,,,,,,,,,,,947,1239.45
1787327820,130.84,130.845,130.77,130.77,131.51,130.5,,,,,,,,,,,,,,,,,,,,,,,,,,,,,,,,,,,,,,,,,,,,,,,,,,,,724,1258.05
1787327880,130.78,130.78,130.62,130.62,131.51,130.5,,,,,,,,,,,,,,,,,,,,,,,,,,,,,,,,,,,,,,,,,,,,,,,,,,,,1043,1121
1787327940,130.63,130.63,130.56,130.58,131.51,130.5,,,,,,,,,,,,,,,,,,,,,,,,,,,,,,,,,,,,,,,,,,,,,,,,,,,,285,1091.95
1787328000,130.56,130.59,130.55,130.57,131.51,130.5,,,,,,,,,,,,,,,,,,,,,,,,,,,,,,,,,,,,,,,,,,,,,,,,,,,,1880,1177.8
1787328060,130.57,130.63,130.55,130.63,131.51,130.5,,,,,,,,,,,,,,,,,,,,,,,,,,,,,,,,,,,,,,,,,,,,,,,,,,,,1602,1065.7
1787328120,130.61,130.61,130.55,130.61,131.51,130.5,,,,,,,,,,,,,,,,,,,,,,,,,,,,,,,,,,,,,,,,,,,,,,,,,,,,882,1061.3
1787328180,130.64,130.7,130.64,130.67,131.51,130.5,,,,,,,,,,,,,,,,,,,,,,,,,,,,,,,,,,,,,,,,,,,,,,,,,,,,286,956.05
1787328240,130.67,130.73,130.67,130.71,131.51,130.5,,,,,,,,,,,,,,,,,,,,,,,,,,,,,,,,,,,,,,,,,,,,,,,,,,,,1686,987.6
1787328300,130.7,130.7,130.66,130.66,131.51,130.5,,,,,,,,,,,,,,,,,,,,,,,,,,,,,,,,,,,,,,,,,,,,,,,,,,,,424,929.2
1787328360,130.61,130.62,130.55,130.57,131.51,130.5,,,,,,,,,,,,,,,,,,,,,,,,,,,,,,,,,,,,,,,,,,,,,,,,,,,,3049,1059.6
1787328420,130.59,130.655,130.59,130.62,131.51,130.5,,,,,,,,,,,,,,,,,,,,,,,,,,,,,,,,,,,,,,,,,,,,,,,,,,,,3119,1184.45
1787328480,130.63,130.66,130.62,130.63,131.51,130.5,,,,,,,,,,,,,,,,,,,,,,,,,,,,,,,,,,,,,,,,,,,,,,,,,,,,1553,1150.4
1787328540,130.65,130.65,130.54,130.57,131.51,130.5,,,,,,,,,,,,,,,,,,,,,,,,,,,,,,,,,,,,,,,,,,,,,,,,,,,,3510,1294.65
1787328600,130.565,130.59,130.55,130.57,131.51,130.5,,,,,,,,,,,,,,,,,,,,,,,,,,,,,,,,,,,,,,,,,,,,,,,,,,,,800,1271.25
1787328660,130.61,130.655,130.61,130.62,131.51,130.5,,,,,,,,,,,,,,,,,,,,,,,,,,,,,,,,,,,,,,,,,,,,,,,,,,,,1180,1307.35
1787328720,130.62,130.62,130.6,130.61,131.51,130.5,,,,,,,,,,,,,,,,,,,,,,,,,,,,,,,,,,,,,,,,,,,,,,,,,,,,2860,1427.2
1787328780,130.63,130.66,130.63,130.63,131.51,130.5,,,,,,,,,,,,,,,,,,,,,,,,,,,,,,,,,,,,,,,,,,,,,,,,,,,,572,1433.8
1787328840,130.62,130.62,130.57,130.57,131.51,130.5,,,,,,,,,,,,,,,,,,,,,,,,,,,,,,,,,,,,,,,,,,,,,,,,,,,,372,1409.5
1787328900,130.56,130.58,130.55,130.58,131.51,130.5,,,,,,,,,,,,,,,,,,,,,,,,,,,,,,,,,,,,,,,,,,,,,,,,,,,,874,1382.4
1787328960,130.58,130.6,130.56,130.58,131.51,130.5,,,,,,,,,,,,,,,,,,,,,,,,,,,,,,,,,,,,,,,,,,,,,,,,,,,,262,1348.15
1787329020,130.6,130.61,130.53,130.59,131.51,130.5,,,,,,,,,,,,,,,,,,,,,,,,,,,,,,,,,,,,,,,,,,,,,,,,,,,,1727,1398.3
1787329080,130.61,130.61,130.48,130.48,131.51,130.5,,,,,,,,,,,,,,,,,,,,,,,,,,,,,,,,,,,,,,,,,,,,,,,,,,,,3129,1502.6
1787329140,130.48,130.49,130.47,130.47,131.51,130.5,,,,,,,,,,,,,,,,,,,,,,,,,,,,,,,,,,,,,,,,,,,,,,,,,,,,819,1529.3
1787329200,130.49,130.51,130.46,130.46,131.51,130.5,,,,,,,,,,,,,,,,,,,,,,,,,,,,,,,,,,,,,,,,,,,,,,,,,,,,383,1454.45
1787329260,130.49,130.72,130.49,130.56,131.51,130.5,,,,,,,,,,,,,,,,,,,,,,,,,,,,,,,,,,,,,,,,,,,,,,,,,,,,2364,1492.55
1787329320,130.55,130.6,130.55,130.56,131.51,130.5,,,,,,,,,,,,,,,,,,,,,,,,,,,,,,,,,,,,,,,,,,,,,,,,,,,,1362,1516.55
1787329380,130.57,130.57,130.55,130.55,131.51,130.5,,,,,,,,,,,,,,,,,,,,,,,,,,,,,,,,,,,,,,,,,,,,,,,,,,,,688,1536.65
1787329440,130.59,130.59,130.5,130.56,131.51,130.5,,,,,,,,,,,,,,,,,,,,,,,,,,,,,,,,,,,,,,,,,,,,,,,,,,,,1317,1518.2
1787329500,130.59,130.6,130.59,130.59,131.51,130.5,,,,,,,,,,,,,,,,,,,,,,,,,,,,,,,,,,,,,,,,,,,,,,,,,,,,226,1508.3
1787329560,130.585,130.68,130.57,130.68,131.51,130.5,,,,,,,,,,,,,,,,,,,,,,,,,,,,,,,,,,,,,,,,,,,,,,,,,,,,797,1395.7
1787329620,130.75,130.79,130.75,130.77,131.51,130.5,,,,,,,,,,,,,,,,,,,,,,,,,,,,,,,,,,,,,,,,,,,,,,,,,,,,476,1263.55
1787329680,130.78,130.84,130.78,130.83,131.51,130.5,,,,,,,,,,,,,,,,,,,,,,,,,,,,,,,,,,,,,,,,,,,,,,,,,,,,1220,1246.9
1787329740,130.84,130.895,130.79,130.81,131.51,130.5,,,,,,,,,,,,,,,,,,,,,,,,,,,,,,,,,,,,,,,,,,,,,,,,,,,,1056,1124.2
1787329800,130.77,130.77,130.73,130.75,131.51,130.5,,,,,,,,,,,,,,,,,,,,,,,,,,,,,,,,,,,,,,,,,,,,,,,,,,,,410,1104.7
1787329860,130.78,130.8,130.73,130.79,131.51,130.5,,,,,,,,,,,,,,,,,,,,,,,,,,,,,,,,,,,,,,,,,,,,,,,,,,,,1209,1106.15
1787329920,130.76,130.78,130.76,130.78,131.51,130.5,,,,,,,,,,,,,,,,,,,,,,,,,,,,,,,,,,,,,,,,,,,,,,,,,,,,16,963.95
1787329980,130.77,130.82,130.77,130.815,131.51,130.5,,,,,,,,,,,,,,,,,,,,,,,,,,,,,,,,,,,,,,,,,,,,,,,,,,,,927,981.7
1787330040,130.82,130.82,130.67,130.71,131.51,130.5,,,,,,,,,,,,,,,,,,,,,,,,,,,,,,,,,,,,,,,,,,,,,,,,,,,,3938,1160
1787330100,130.68,130.68,130.63,130.64,131.51,130.5,,,,,,,,,,,,,,,,,,,,,,,,,,,,,,,,,,,,,,,,,,,,,,,,,,,,984,1165.5
1787330160,130.67,130.745,130.66,130.745,131.51,130.5,,,,,,,,,,,,,,,,,,,,,,,,,,,,,,,,,,,,,,,,,,,,,,,,,,,,885,1196.65
1787330220,130.79,130.79,130.78,130.79,131.51,130.5,,,,,,,,,,,,,,,,,,,,,,,,,,,,,,,,,,,,,,,,,,,,,,,,,,,,581,1139.35
1787330280,130.805,130.805,130.71,130.74,131.51,130.5,,,,,,,,,,,,,,,,,,,,,,,,,,,,,,,,,,,,,,,,,,,,,,,,,,,,699,1017.85
1787330340,130.74,130.74,130.73,130.74,131.51,130.5,,,,,,,,,,,,,,,,,,,,,,,,,,,,,,,,,,,,,,,,,,,,,,,,,,,,85,981.15
1787330400,130.72,130.76,130.71,130.75,131.51,130.5,,,,,,,,,,,,,,,,,,,,,,,,,,,,,,,,,,,,,,,,,,,,,,,,,,,,1272,1025.6
1787330460,130.73,130.81,130.73,130.8,131.51,130.5,,,,,,,,,,,,,,,,,,,,,,,,,,,,,,,,,,,,,,,,,,,,,,,,,,,,1355,975.15
1787330520,130.76,130.79,130.74,130.79,131.51,130.5,,,,,,,,,,,,,,,,,,,,,,,,,,,,,,,,,,,,,,,,,,,,,,,,,,,,294,921.75
1787330580,130.74,130.75,130.68,130.68,131.51,130.5,,,,,,,,,,,,,,,,,,,,,,,,,,,,,,,,,,,,,,,,,,,,,,,,,,,,359,905.3
1787330640,130.66,130.67,130.66,130.66,131.51,130.5,,,,,,,,,,,,,,,,,,,,,,,,,,,,,,,,,,,,,,,,,,,,,,,,,,,,310,854.95
1787330700,130.64,130.66,130.61,130.61,131.51,130.5,,,,,,,,,,,,,,,,,,,,,,,,,,,,,,,,,,,,,,,,,,,,,,,,,,,,1096,898.45
1787330760,130.62,130.62,130.57,130.58,131.51,130.5,,,,,,,,,,,,,,,,,,,,,,,,,,,,,,,,,,,,,,,,,,,,,,,,,,,,962,906.7
1787330820,130.56,130.57,130.55,130.55,131.51,130.5,,,,,,,,,,,,,,,,,,,,,,,,,,,,,,,,,,,,,,,,,,,,,,,,,,,,869,926.35
1787330880,130.58,130.61,130.58,130.59,131.51,130.5,,,,,,,,,,,,,,,,,,,,,,,,,,,,,,,,,,,,,,,,,,,,,,,,,,,,1547,942.7
1787330940,130.595,130.67,130.595,130.65,131.51,130.5,,,,,,,,,,,,,,,,,,,,,,,,,,,,,,,,,,,,,,,,,,,,,,,,,,,,362,908
1787331000,130.635,130.64,130.57,130.61,131.51,130.5,,,,,,,,,,,,,,,,,,,,,,,,,,,,,,,,,,,,,,,,,,,,,,,,,,,,1539,964.45
1787331060,130.61,130.62,130.58,130.615,131.51,130.5,,,,,,,,,,,,,,,,,,,,,,,,,,,,,,,,,,,,,,,,,,,,,,,,,,,,455,926.75
1787331120,130.63,130.68,130.63,130.675,131.51,130.5,,,,,,,,,,,,,,,,,,,,,,,,,,,,,,,,,,,,,,,,,,,,,,,,,,,,843,968.1
1787331180,130.65,130.65,130.65,130.65,131.51,130.5,,,,,,,,,,,,,,,,,,,,,,,,,,,,,,,,,,,,,,,,,,,,,,,,,,,,8,922.15
1787331240,130.64,130.66,130.59,130.59,131.51,130.5,,,,,,,,,,,,,,,,,,,,,,,,,,,,,,,,,,,,,,,,,,,,,,,,,,,,1045,777.5
1787331300,130.59,130.59,130.5,130.52,131.51,130.5,,,,,,,,,,,,,,,,,,,,,,,,,,,,,,,,,,,,,,,,,,,,,,,,,,,,792,767.9
1787331360,130.525,130.55,130.5,130.5,131.51,130.5,,,,,,,,,,,,,,,,,,,,,,,,,,,,,,,,,,,,,,,,,,,,,,,,,,,,1448,796.05
1787331420,130.5,130.5,130.49,130.5,131.51,130.5,,,,,,,,,,,,,,,,,,,,,,,,,,,,,,,,,,,,,,,,,,,,,,,,,,,,714,802.7
1787331480,130.51,130.51,130.48,130.5,131.51,130.5,,,,,,,,,,,,,,,,,,,,,,,,,,,,,,,,,,,,,,,,,,,,,,,,,,,,1373,836.4
1787331540,130.48,130.49,130.45,130.49,131.51,130.5,,,,,,,,,,,,,,,,,,,,,,,,,,,,,,,,,,,,,,,,,,,,,,,,,,,,846,874.45
1787331600,130.49,130.52,130.49,130.52,131.51,130.5,,,,,,,,,,,,,,,,,,,,,,,,,,,,,,,,,,,,,,,,,,,,,,,,,,,,987,860.2
1787331660,130.54,130.56,130.52,130.53,131.51,130.5,,,,,,,,,,,,,,,,,,,,,,,,,,,,,,,,,,,,,,,,,,,,,,,,,,,,396,812.25
1787331720,130.54,130.54,130.42,130.48,131.51,130.5,,,,,,,,,,,,,,,,,,,,,,,,,,,,,,,,,,,,,,,,,,,,,,,,,,,,1761,885.6
1787331780,130.48,130.48,130.45,130.48,131.51,130.5,,,,,,,,,,,,,,,,,,,,,,,,,,,,,,,,,,,,,,,,,,,,,,,,,,,,393,887.3
1787331840,130.5,130.52,130.43,130.43,131.51,130.5,,,,,,,,,,,,,,,,,,,,,,,,,,,,,,,,,,,,,,,,,,,,,,,,,,,,572,900.4
1787331900,130.435,130.46,130.435,130.44,131.51,130.5,,,,,,,,,,,,,,,,,,,,,,,,,,,,,,,,,,,,,,,,,,,,,,,,,,,,718,881.5
1787331960,130.44,130.44,130.39,130.41,131.51,130.5,,,,,,,,,,,,,,,,,,,,,,,,,,,,,,,,,,,,,,,,,,,,,,,,,,,,552,861
1787332020,130.43,130.49,130.43,130.46,131.51,130.5,,,,,,,,,,,,,,,,,,,,,,,,,,,,,,,,,,,,,,,,,,,,,,,,,,,,1476,891.35
1787332080,130.45,130.49,130.4,130.44,131.51,130.5,,,,,,,,,,,,,,,,,,,,,,,,,,,,,,,,,,,,,,,,,,,,,,,,,,,,1593,893.65
1787332140,130.44,130.45,130.44,130.44,131.51,130.5,,,,,,,,,,,,,,,,,,,,,,,,,,,,,,,,,,,,,,,,,,,,,,,,,,,,678,909.45
1787332200,130.43,130.44,130.42,130.42,131.51,130.5,,,,,,,,,,,,,,,,,,,,,,,,,,,,,,,,,,,,,,,,,,,,,,,,,,,,677,866.35
1787332260,130.41,130.41,130.4,130.41,131.51,130.5,,,,,,,,,,,,,,,,,,,,,,,,,,,,,,,,,,,,,,,,,,,,,,,,,,,,316,859.4
1787332320,130.42,130.45,130.42,130.43,131.51,130.5,,,,,,,,,,,,,,,,,,,,,,,,,,,,,,,,,,,,,,,,,,,,,,,,,,,,409,837.7
1787332380,130.43,130.44,130.35,130.35,131.51,130.5,,,,,,,,,,,,,,,,,,,,,,,,,,,,,,,,,,,,,,,,,,,,,,,,,,,,339,854.25
1787332440,130.36,130.44,130.36,130.44,131.51,130.5,,,,,,,,,,,,,,,,,,,,,,,,,,,,,,,,,,,,,,,,,,,,,,,,,,,,485,826.25
1787332500,130.45,130.49,130.43,130.49,131.51,130.5,,,,,,,,,,,,,,,,,,,,,,,,,,,,,,,,,,,,,,,,,,,,,,,,,,,,1919,882.6
1787332560,130.48,130.48,130.4,130.42,131.51,130.5,,,,,,,,,,,,,,,,,,,,,,,,,,,,,,,,,,,,,,,,,,,,,,,,,,,,1080,864.2
1787332620,130.44,130.48,130.44,130.48,131.51,130.5,,,,,,,,,,,,,,,,,,,,,,,,,,,,,,,,,,,,,,,,,,,,,,,,,,,,838,870.4
1787332680,130.47,130.5,130.46,130.47,131.51,130.5,,,,,,,,,,,,,,,,,,,,,,,,,,,,,,,,,,,,,,,,,,,,,,,,,,,,542,828.85
1787332740,130.49,130.52,130.49,130.51,131.51,130.5,,,,,,,,,,,,,,,,,,,,,,,,,,,,,,,,,,,,,,,,,,,,,,,,,,,,1164,844.75
1787332800,130.52,130.54,130.5,130.52,131.51,130.5,,,,,,,,,,,,,,,,,,,,,,,,,,,,,,,,,,,,,,,,,,,,,,,,,,,,1346,862.7
1787332860,130.53,130.59,130.5,130.58,131.51,130.5,,,,,,,,,,,,,,,,,,,,,,,,,,,,,,,,,,,,,,,,,,,,,,,,,,,,1407,913.25
1787332920,130.58,130.61,130.57,130.61,131.51,130.5,,,,,,,,,,,,,,,,,,,,,,,,,,,,,,,,,,,,,,,,,,,,,,,,,,,,613,855.85
1787332980,130.63,130.64,130.585,130.59,131.51,130.5,,,,,,,,,,,,,,,,,,,,,,,,,,,,,,,,,,,,,,,,,,,,,,,,,,,,696,871
1787333040,130.6,130.62,130.6,130.62,131.51,130.5,,,,,,,,,,,,,,,,,,,,,,,,,,,,,,,,,,,,,,,,,,,,,,,,,,,,202,852.5
1787333100,130.61,130.67,130.61,130.67,131.51,130.5,,,,,,,,,,,,,,,,,,,,,,,,,,,,,,,,,,,,,,,,,,,,,,,,,,,,378,835.5
1787333160,130.67,130.7,130.66,130.66,131.51,130.5,,,,,,,,,,,,,,,,,,,,,,,,,,,,,,,,,,,,,,,,,,,,,,,,,,,,1110,863.4
1787333220,130.66,130.66,130.62,130.65,131.51,130.5,,,,,,,,,,,,,,,,,,,,,,,,,,,,,,,,,,,,,,,,,,,,,,,,,,,,1313,855.25
1787333280,130.64,130.66,130.63,130.64,131.51,130.5,,,,,,,,,,,,,,,,,,,,,,,,,,,,,,,,,,,,,,,,,,,,,,,,,,,,929,822.05
1787333340,130.62,130.64,130.61,130.62,131.51,130.5,,,,,,,,,,,,,,,,,,,,,,,,,,,,,,,,,,,,,,,,,,,,,,,,,,,,1288,852.55
1787333400,130.62,130.65,130.62,130.63,131.51,130.5,,,,,,,,,,,,,,,,,,,,,,,,,,,,,,,,,,,,,,,,,,,,,,,,,,,,559,846.65
1787333460,130.64,130.65,130.6,130.63,131.51,130.5,,,,,,,,,,,,,,,,,,,,,,,,,,,,,,,,,,,,,,,,,,,,,,,,,,,,1004,881.05
1787333520,130.63,130.66,130.61,130.63,131.51,130.5,,,,,,,,,,,,,,,,,,,,,,,,,,,,,,,,,,,,,,,,,,,,,,,,,,,,2970,1009.1
1787333580,130.66,130.66,130.59,130.59,131.51,130.5,,,,,,,,,,,,,,,,,,,,,,,,,,,,,,,,,,,,,,,,,,,,,,,,,,,,312,1007.75
1787333640,130.62,130.7,130.61,130.67,131.51,130.5,,,,,,,,,,,,,,,,,,,,,,,,,,,,,,,,,,,,,,,,,,,,,,,,,,,,2700,1118.5
1787333700,130.69,130.69,130.68,130.68,131.51,130.5,,,,,,,,,,,,,,,,,,,,,,,,,,,,,,,,,,,,,,,,,,,,,,,,,,,,258,1035.45
1787333760,130.69,130.74,130.68,130.71,131.51,130.5,,,,,,,,,,,,,,,,,,,,,,,,,,,,,,,,,,,,,,,,,,,,,,,,,,,,1360,1049.45
1787333820,130.7,130.7,130.64,130.64,131.51,130.5,,,,,,,,,,,,,,,,,,,,,,,,,,,,,,,,,,,,,,,,,,,,,,,,,,,,492,1032.15
1787333880,130.63,130.64,130.6,130.6,131.51,130.5,,,,,,,,,,,,,,,,,,,,,,,,,,,,,,,,,,,,,,,,,,,,,,,,,,,,2046,1107.35
1787333940,130.61,130.66,130.58,130.66,131.51,130.5,,,,,,,,,,,,,,,,,,,,,,,,,,,,,,,,,,,,,,,,,,,,,,,,,,,,1916,1144.95
1787334000,130.68,130.77,130.68,130.77,131.51,130.5,,,,,,,,,,,,,,,,,,,,,,,,,,,,,,,,,,,,,,,,,,,,,,,,,,,,1035,1129.4
1787334060,130.78,130.86,130.76,130.86,131.51,130.5,,,,,,,,,,,,,,,,,,,,,,,,,,,,,,,,,,,,,,,,,,,,,,,,,,,,1135,1115.8
1787334120,130.84,130.84,130.76,130.79,131.51,130.5,,,,,,,,,,,,,,,,,,,,,,,,,,,,,,,,,,,,,,,,,,,,,,,,,,,,240,1097.15
1787334180,130.76,130.78,130.75,130.77,131.51,130.5,,,,,,,,,,,,,,,,,,,,,,,,,,,,,,,,,,,,,,,,,,,,,,,,,,,,767,1100.7
1787334240,130.765,130.79,130.72,130.74,131.51,130.5,,,,,,,,,,,,,,,,,,,,,,,,,,,,,,,,,,,,,,,,,,,,,,,,,,,,772,1129.2
1787334300,130.76,130.82,130.76,130.82,131.51,130.5,,,,,,,,,,,,,,,,,,,,,,,,,,,,,,,,,,,,,,,,,,,,,,,,,,,,164,1118.5
1787334360,130.84,130.87,130.82,130.83,131.51,130.5,,,,,,,,,,,,,,,,,,,,,,,,,,,,,,,,,,,,,,,,,,,,,,,,,,,,4084,1267.2
1787334420,130.89,131.03,130.89,131.025,131.51,130.5,,,,,,,,,,,,,,,,,,,,,,,,,,,,,,,,,,,,,,,,,,,,,,,,,,,,2771,1340.1
1787334480,131.03,131.1,131.03,131.1,131.51,130.5,,,,,,,,,,,,,,,,,,,,,,,,,,,,,,,,,,,,,,,,,,,,,,,,,,,,1172,1352.25
1787334540,131.12,131.14,131.05,131.11,131.51,130.5,,,,,,,,,,,,,,,,,,,,,,,,,,,,,,,,,,,,,,,,,,,,,,,,,,,,1128,1344.25
1787334600,131.09,131.12,131.07,131.12,131.51,130.5,,,,,,,,,,,,,,,,,,,,,,,,,,,,,,,,,,,,,,,,,,,,,,,,,,,,791,1355.85
1787334660,131.12,131.12,131.07,131.07,131.51,130.5,,,,,,,,,,,,,,,,,,,,,,,,,,,,,,,,,,,,,,,,,,,,,,,,,,,,302,1320.75
1787334720,131.06,131.06,130.99,130.99,131.51,130.5,,,,,,,,,,,,,,,,,,,,,,,,,,,,,,,,,,,,,,,,,,,,,,,,,,,,1416,1243.05
1787334780,131,131.02,131,131.01,131.51,130.5,,,,,,,,,,,,,,,,,,,,,,,,,,,,,,,,,,,,,,,,,,,,,,,,,,,,782,1266.55
1787334840,130.99,130.99,130.94,130.955,131.51,130.5,,,,,,,,,,,,,,,,,,,,,,,,,,,,,,,,,,,,,,,,,,,,,,,,,,,,424,1152.75
1787334900,130.96,130.97,130.94,130.94,131.51,130.5,,,,,,,,,,,,,,,,,,,,,,,,,,,,,,,,,,,,,,,,,,,,,,,,,,,,839,1181.8
1787334960,130.95,131.02,130.95,131.02,131.51,130.5,,,,,,,,,,,,,,,,,,,,,,,,,,,,,,,,,,,,,,,,,,,,,,,,,,,,1725,1200.05
1787335020,131,131.02,130.98,130.98,131.51,130.5,,,,,,,,,,,,,,,,,,,,,,,,,,,,,,,,,,,,,,,,,,,,,,,,,,,,734,1212.15
1787335080,130.97,131.03,130.97,131.03,131.51,130.5,,,,,,,,,,,,,,,,,,,,,,,,,,,,,,,,,,,,,,,,,,,,,,,,,,,,1166,1168.15
1787335140,131.04,131.09,131.04,131.05,131.51,130.5,,,,,,,,,,,,,,,,,,,,,,,,,,,,,,,,,,,,,,,,,,,,,,,,,,,,639,1104.3
1787335200,131.06,131.08,131.04,131.08,131.51,130.5,,,,,,,,,,,,,,,,,,,,,,,,,,,,,,,,,,,,,,,,,,,,,,,,,,,,537,1079.4
1787335260,131.08,131.15,131.08,131.1,131.51,130.5,,,,,,,,,,,,,,,,,,,,,,,,,,,,,,,,,,,,,,,,,,,,,,,,,,,,759,1060.6
1787335320,131.08,131.09,131.07,131.09,131.51,130.5,,,,,,,,,,,,,,,,,,,,,,,,,,,,,,,,,,,,,,,,,,,,,,,,,,,,48,1051
1787335380,131.09,131.09,131.06,131.06,131.51,130.5,,,,,,,,,,,,,,,,,,,,,,,,,,,,,,,,,,,,,,,,,,,,,,,,,,,,203,1022.8
1787335440,131.04,131.06,131.04,131.04,131.51,130.5,,,,,,,,,,,,,,,,,,,,,,,,,,,,,,,,,,,,,,,,,,,,,,,,,,,,615,1014.95
1787335500,131.06,131.06,131.03,131.03,131.51,130.5,,,,,,,,,,,,,,,,,,,,,,,,,,,,,,,,,,,,,,,,,,,,,,,,,,,,785,1046
1787335560,131.03,131.07,131.03,131.04,131.51,130.5,,,,,,,,,,,,,,,,,,,,,,,,,,,,,,,,,,,,,,,,,,,,,,,,,,,,967,890.15
1787335620,131.04,131.15,131.03,131.14,131.51,130.5,,,,,,,,,,,,,,,,,,,,,,,,,,,,,,,,,,,,,,,,,,,,,,,,,,,,655,784.35
1787335680,131.15,131.19,131.15,131.19,131.51,130.5,,,,,,,,,,,,,,,,,,,,,,,,,,,,,,,,,,,,,,,,,,,,,,,,,,,,298,740.65
1787335740,131.2,131.24,131.2,131.2,131.51,130.5,,,,,,,,,,,,,,,,,,,,,,,,,,,,,,,,,,,,,,,,,,,,,,,,,,,,830,725.75
1787335800,131.13,131.13,131.08,131.1,131.51,130.5,,,,,,,,,,,,,,,,,,,,,,,,,,,,,,,,,,,,,,,,,,,,,,,,,,,,516,712
1787335860,131.11,131.16,131.11,131.14,131.51,130.5,,,,,,,,,,,,,,,,,,,,,,,,,,,,,,,,,,,,,,,,,,,,,,,,,,,,574,725.6
1787335920,131.15,131.17,131.12,131.12,131.51,130.5,,,,,,,,,,,,,,,,,,,,,,,,,,,,,,,,,,,,,,,,,,,,,,,,,,,,1463,727.95
1787335980,131.17,131.29,131.17,131.28,131.51,130.5,,,,,,,,,,,,,,,,,,,,,,,,,,,,,,,,,,,,,,,,,,,,,,,,,,,,1537,765.7
1787336040,131.24,131.25,131.16,131.18,131.51,130.5,,,,,,,,,,,,,,,,,,,,,,,,,,,,,,,,,,,,,,,,,,,,,,,,,,,,1123,800.65
1787336100,131.21,131.3,131.21,131.27,131.51,130.5,,,,,,,,,,,,,,,,,,,,,,,,,,,,,,,,,,,,,,,,,,,,,,,,,,,,1943,855.85
1787336160,131.2,131.22,131.19,131.21,131.51,130.5,,,,,,,,,,,,,,,,,,,,,,,,,,,,,,,,,,,,,,,,,,,,,,,,,,,,260,782.6
1787336220,131.21,131.265,131.21,131.25,131.51,130.5,,,,,,,,,,,,,,,,,,,,,,,,,,,,,,,,,,,,,,,,,,,,,,,,,,,,1487,820.25
1787336280,131.22,131.29,131.21,131.29,131.51,130.5,,,,,,,,,,,,,,,,,,,,,,,,,,,,,,,,,,,,,,,,,,,,,,,,,,,,498,786.85
1787336340,131.26,131.28,131.25,131.28,131.51,130.5,,,,,,,,,,,,,,,,,,,,,,,,,,,,,,,,,,,,,,,,,,,,,,,,,,,,373,773.55
1787336400,131.28,131.28,131.25,131.25,131.51,130.5,,,,,,,,,,,,,,,,,,,,,,,,,,,,,,,,,,,,,,,,,,,,,,,,,,,,1057,799.55
1787336460,131.28,131.31,131.26,131.31,131.51,130.5,,,,,,,,,,,,,,,,,,,,,,,,,,,,,,,,,,,,,,,,,,,,,,,,,,,,789,801.05
1787336520,131.32,131.34,131.315,131.315,131.51,130.5,,,,,,,,,,,,,,,,,,,,,,,,,,,,,,,,,,,,,,,,,,,,,,,,,,,,380,817.65
1787336580,131.3,131.31,131.3,131.31,131.51,130.5,,,,,,,,,,,,,,,,,,,,,,,,,,,,,,,,,,,,,,,,,,,,,,,,,,,,48,809.9
1787336640,131.33,131.39,131.33,131.39,131.51,130.5,,,,,,,,,,,,,,,,,,,,,,,,,,,,,,,,,,,,,,,,,,,,,,,,,,,,606,809.45
1787336700,131.38,131.38,131.35,131.37,131.51,130.5,,,,,,,,,,,,,,,,,,,,,,,,,,,,,,,,,,,,,,,,,,,,,,,,,,,,612,800.8
1787336760,131.36,131.39,131.36,131.38,131.51,130.5,,,,,,,,,,,,,,,,,,,,,,,,,,,,,,,,,,,,,,,,,,,,,,,,,,,,514,778.15
1787336820,131.38,131.39,131.36,131.36,131.51,130.5,,,,,,,,,,,,,,,,,,,,,,,,,,,,,,,,,,,,,,,,,,,,,,,,,,,,438,767.3
1787336880,131.35,131.41,131.35,131.4,131.51,130.5,,,,,,,,,,,,,,,,,,,,,,,,,,,,,,,,,,,,,,,,,,,,,,,,,,,,2383,871.55
1787336940,131.42,131.42,131.38,131.4,131.51,130.5,,,,,,,,,,,,,,,,,,,,,,,,,,,,,,,,,,,,,,,,,,,,,,,,,,,,191,839.6
1787337000,131.39,131.39,131.36,131.38,131.51,130.5,,,,,,,,,,,,,,,,,,,,,,,,,,,,,,,,,,,,,,,,,,,,,,,,,,,,469,837.25
1787337060,131.385,131.415,131.385,131.4,131.51,130.5,,,,,,,,,,,,,,,,,,,,,,,,,,,,,,,,,,,,,,,,,,,,,,,,,,,,431,830.1
1787337120,131.41,131.43,131.38,131.41,131.51,130.5,,,,,,,,,,,,,,,,,,,,,,,,,,,,,,,,,,,,,,,,,,,,,,,,,,,,781,796
1787337180,131.43,131.43,131.41,131.43,131.51,130.5,,,,,,,,,,,,,,,,,,,,,,,,,,,,,,,,,,,,,,,,,,,,,,,,,,,,381,738.2
1787337240,131.44,131.48,131.44,131.48,131.51,130.5,,,,,,,,,,,,,,,,,,,,,,,,,,,,,,,,,,,,,,,,,,,,,,,,,,,,1459,755
1787337300,131.48,131.53,131.48,131.48,131.51,130.5,,,,,,,,,,,,,,,,,,,,,,,,,,,,,,,,,,,,,,,,,,,,,,,,,,,,1592,737.45
1787337360,131.46,131.53,131.44,131.48,131.51,130.5,,,,,,,,,,,,,,,,,,,,,,,,,,,,,,,,,,,,,,,,,,,,,,,,,,,,1574,803.15
1787337420,131.49,131.5,131.46,131.46,131.51,130.5,,,,,,,,,,,,,,,,,,,,,,,,,,,,,,,,,,,,,,,,,,,,,,,,,,,,573,757.45
1787337480,131.46,131.53,131.45,131.52,131.51,130.5,,,,,,,,,,,,,,,,,,,,,,,,,,,,,,,,,,,,,,,,,,,,,,,,,,,,1029,784
1787337540,131.53,131.54,131.48,131.48,131.51,130.5,,,,,,,,,,,,,,,,,,,,,,,,,,,,,,,,,,,,,,,,,,,,,,,,,,,,604,795.55
1787337600,131.49,131.51,131.46,131.46,131.51,130.5,,,,,,,,,,,,,,,,,,,,,,,,,,,,,,,,,,,,,,,,,,,,,,,,,,,,490,767.2
1787337660,131.51,131.54,131.5,131.525,131.51,130.5,,,,,,,,,,,,,,,,,,,,,,,,,,,,,,,,,,,,,,,,,,,,,,,,,,,,613,758.4
1787337720,131.56,131.62,131.56,131.61,131.51,130.5,,,,,,,,,,,,,,,,,,,,,,,,,,,,,,,,,,,,,,,,,,,,,,,,,,,,532,766
1787337780,131.62,131.66,131.62,131.66,131.51,130.5,,,,,,,,,,,,,,,,,,,,,,,,,,,,,,,,,,,,,,,,,,,,,,,,,,,,631,795.15
1787337840,131.67,131.69,131.61,131.61,131.51,130.5,,,,,,,,,,,,,,,,,,,,,,,,,,,,,,,,,,,,,,,,,,,,,,,,,,,,1100,819.85
1787337900,131.605,131.605,131.6,131.605,131.51,130.5,,,,,,,,,,,,,,,,,,,,,,,,,,,,,,,,,,,,,,,,,,,,,,,,,,,,333,805.9
1787337960,131.6,131.6,131.54,131.54,131.51,130.5,,,,,,,,,,,,,,,,,,,,,,,,,,,,,,,,,,,,,,,,,,,,,,,,,,,,1520,856.2
1787338020,131.55,131.55,131.52,131.54,131.51,130.5,,,,,,,,,,,,,,,,,,,,,,,,,,,,,,,,,,,,,,,,,,,,,,,,,,,,1018,885.2
1787338080,131.55,131.56,131.51,131.51,131.51,130.5,,,,,,,,,,,,,,,,,,,,,,,,,,,,,,,,,,,,,,,,,,,,,,,,,,,,398,785.95
1787338140,131.52,131.53,131.51,131.52,131.51,130.5,,,,,,,,,,,,,,,,,,,,,,,,,,,,,,,,,,,,,,,,,,,,,,,,,,,,225,787.65
1787338200,131.5,131.535,131.48,131.48,131.51,130.5,,,,,,,,,,,,,,,,,,,,,,,,,,,,,,,,,,,,,,,,,,,,,,,,,,,,35,765.95
1787338260,131.47,131.47,131.45,131.45,131.51,130.5,,,,,,,,,,,,,,,,,,,,,,,,,,,,,,,,,,,,,,,,,,,,,,,,,,,,77,748.25
1787338320,131.46,131.52,131.46,131.52,131.51,130.5,,,,,,,,,,,,,,,,,,,,,,,,,,,,,,,,,,,,,,,,,,,,,,,,,,,,947,756.55
1787338380,131.53,131.54,131.52,131.53,131.51,130.5,,,,,,,,,,,,,,,,,,,,,,,,,,,,,,,,,,,,,,,,,,,,,,,,,,,,961,785.55
1787338440,131.52,131.54,131.51,131.51,131.51,130.5,,,,,,,,,,,,,,,,,,,,,,,,,,,,,,,,,,,,,,,,,,,,,,,,,,,,820,753.6
1787338500,131.52,131.52,131.5,131.52,131.51,130.5,,,,,,,,,,,,,,,,,,,,,,,,,,,,,,,,,,,,,,,,,,,,,,,,,,,,324,690.2
1787338560,131.525,131.54,131.485,131.5,131.51,130.5,,,,,,,,,,,,,,,,,,,,,,,,,,,,,,,,,,,,,,,,,,,,,,,,,,,,1744,698.7
1787338620,131.49,131.51,131.46,131.47,131.51,130.5,,,,,,,,,,,,,,,,,,,,,,,,,,,,,,,,,,,,,,,,,,,,,,,,,,,,813,710.7
1787338680,131.49,131.51,131.49,131.5,131.51,130.5,,,,,,,,,,,,,,,,,,,,,,,,,,,,,,,,,,,,,,,,,,,,,,,,,,,,1770,747.75
1787338740,131.5,131.535,131.48,131.52,131.51,130.5,,,,,,,,,,,,,,,,,,,,,,,,,,,,,,,,,,,,,,,,,,,,,,,,,,,,2091,822.1
1787338800,131.53,131.59,131.53,131.59,131.51,130.5,,,,,,,,,,,,,,,,,,,,,,,,,,,,,,,,,,,,,,,,,,,,,,,,,,,,1133,854.25
1787338860,131.59,131.61,131.56,131.61,131.51,130.5,,,,,,,,,,,,,,,,,,,,,,,,,,,,,,,,,,,,,,,,,,,,,,,,,,,,1069,877.05
1787338920,131.61,131.62,131.56,131.57,131.51,130.5,,,,,,,,,,,,,,,,,,,,,,,,,,,,,,,,,,,,,,,,,,,,,,,,,,,,2362,968.55
1787338980,131.58,131.6,131.56,131.57,131.51,130.5,,,,,,,,,,,,,,,,,,,,,,,,,,,,,,,,,,,,,,,,,,,,,,,,,,,,855,979.75
1787339040,131.59,131.6,131.56,131.57,131.51,130.5,,,,,,,,,,,,,,,,,,,,,,,,,,,,,,,,,,,,,,,,,,,,,,,,,,,,795,964.5
1787339100,131.58,131.59,131.51,131.55,131.51,130.5,,,,,,,,,,,,,,,,,,,,,,,,,,,,,,,,,,,,,,,,,,,,,,,,,,,,1153,1005.5
1787339160,131.56,131.57,131.51,131.51,131.51,130.5,,,,,,,,,,,,,,,,,,,,,,,,,,,,,,,,,,,,,,,,,,,,,,,,,,,,817,970.35
1787339220,131.5,131.57,131.49,131.57,131.51,130.5,,,,,,,,,,,,,,,,,,,,,,,,,,,,,,,,,,,,,,,,,,,,,,,,,,,,1170,977.95
1787339280,131.58,131.62,131.51,131.52,131.51,130.5,,,,,,,,,,,,,,,,,,,,,,,,,,,,,,,,,,,,,,,,,,,,,,,,,,,,424,979.25
1787339340,131.51,131.51,131.46,131.46,131.51,130.5,,,,,,,,,,,,,,,,,,,,,,,,,,,,,,,,,,,,,,,,,,,,,,,,,,,,302,983.1
1787339400,131.48,131.53,131.47,131.51,131.51,130.5,,,,,,,,,,,,,,,,,,,,,,,,,,,,,,,,,,,,,,,,,,,,,,,,,,,,963,1029.5
1787339460,131.54,131.54,131.47,131.47,131.51,130.5,,,,,,,,,,,,,,,,,,,,,,,,,,,,,,,,,,,,,,,,,,,,,,,,,,,,512,1051.25
1787339520,131.465,131.495,131.44,131.495,131.51,130.5,,,,,,,,,,,,,,,,,,,,,,,,,,,,,,,,,,,,,,,,,,,,,,,,,,,,1669,1087.35
1787339580,131.5,131.51,131.45,131.49,131.51,130.5,,,,,,,,,,,,,,,,,,,,,,,,,,,,,,,,,,,,,,,,,,,,,,,,,,,,1514,1115
1787339640,131.51,131.535,131.5,131.51,131.51,130.5,,,,,,,,,,,,,,,,,,,,,,,,,,,,,,,,,,,,,,,,,,,,,,,,,,,,732,1110.6
1787339700,131.51,131.51,131.47,131.47,131.51,130.5,,,,,,,,,,,,,,,,,,,,,,,,,,,,,,,,,,,,,,,,,,,,,,,,,,,,708,1129.8
1787339760,131.49,131.55,131.49,131.52,131.51,130.5,,,,,,,,,,,,,,,,,,,,,,,,,,,,,,,,,,,,,,,,,,,,,,,,,,,,1261,1105.65
1787339820,131.54,131.56,131.54,131.56,131.51,130.5,,,,,,,,,,,,,,,,,,,,,,,,,,,,,,,,,,,,,,,,,,,,,,,,,,,,628,1096.4
1787339880,131.56,131.59,131.52,131.57,131.51,130.5,,,,,,,,,,,,,,,,,,,,,,,,,,,,,,,,,,,,,,,,,,,,,,,,,,,,2041,1109.95
1787339940,131.57,131.6,131.57,131.58,131.51,130.5,,,,,,,,,,,,,,,,,,,,,,,,,,,,,,,,,,,,,,,,,,,,,,,,,,,,606,1035.7
1787340000,131.58,131.62,131.58,131.59,131.51,130.5,,,,,,,,,,,,,,,,,,,,,,,,,,,,,,,,,,,,,,,,,,,,,,,,,,,,1871,1072.6
1787340060,131.59,131.6,131.515,131.55,131.51,130.5,,,,,,,,,,,,,,,,,,,,,,,,,,,,,,,,,,,,,,,,,,,,,,,,,,,,388,1038.55
1787340120,131.57,131.62,131.57,131.59,131.51,130.5,,,,,,,,,,,,,,,,,,,,,,,,,,,,,,,,,,,,,,,,,,,,,,,,,,,,999,970.4
1787340180,131.58,131.58,131.57,131.57,131.51,130.5,,,,,,,,,,,,,,,,,,,,,,,,,,,,,,,,,,,,,,,,,,,,,,,,,,,,835,969.4
1787340240,131.55,131.56,131.52,131.55,131.51,130.5,,,,,,,,,,,,,,,,,,,,,,,,,,,,,,,,,,,,,,,,,,,,,,,,,,,,1597,1009.5
1787340300,131.53,131.53,131.49,131.505,131.51,130.5,,,,,,,,,,,,,,,,,,,,,,,,,,,,,,,,,,,,,,,,,,,,,,,,,,,,1643,1034
1787340360,131.53,131.53,131.42,131.42,131.51,130.5,,,,,,,,,,,,,,,,,,,,,,,,,,,,,,,,,,,,,,,,,,,,,,,,,,,,1436,1064.95
1787340420,131.42,131.46,131.42,131.43,131.51,130.5,,,,,,,,,,,,,,,,,,,,,,,,,,,,,,,,,,,,,,,,,,,,,,,,,,,,1026,1057.75
1787340480,131.43,131.53,131.43,131.51,131.51,130.5,,,,,,,,,,,,,,,,,,,,,,,,,,,,,,,,,,,,,,,,,,,,,,,,,,,,2932,1183.15
1787340540,131.52,131.55,131.5,131.54,131.51,130.5,,,,,,,,,,,,,,,,,,,,,,,,,,,,,,,,,,,,,,,,,,,,,,,,,,,,1397,1237.9
1787340600,131.54,131.57,131.48,131.48,131.51,130.5,,,,,,,,,,,,,,,,,,,,,,,,,,,,,,,,,,,,,,,,,,,,,,,,,,,,4829,1431.2
1787340660,131.49,131.53,131.47,131.53,131.51,130.5,,,,,,,,,,,,,,,,,,,,,,,,,,,,,,,,,,,,,,,,,,,,,,,,,,,,1194,1465.3
1787340720,131.52,131.6,131.52,131.57,131.51,130.5,,,,,,,,,,,,,,,,,,,,,,,,,,,,,,,,,,,,,,,,,,,,,,,,,,,,6445,1704.1
1787340780,131.56,131.6,131.53,131.58,131.51,130.5,,,,,,,,,,,,,,,,,,,,,,,,,,,,,,,,,,,,,,,,,,,,,,,,,,,,1490,1702.9
1787340840,131.59,131.59,131.5,131.5,131.51,130.5,,,,,,,,,,,,,,,,,,,,,,,,,,,,,,,,,,,,,,,,,,,,,,,,,,,,1002,1716.4
1787340900,131.51,131.51,131.435,131.44,131.51,130.5,,,,,,,,,,,,,,,,,,,,,,,,,,,,,,,,,,,,,,,,,,,,,,,,,,,,2321,1797.05
1787340960,131.44,131.47,131.4,131.42,131.51,130.5,,,,,,,,,,,,,,,,,,,,,,,,,,,,,,,,,,,,,,,,,,,,,,,,,,,,1591,1813.55
1787341020,131.44,131.45,131.4,131.44,131.51,130.5,,,,,,,,,,,,,,,,,,,,,,,,,,,,,,,,,,,,,,,,,,,,,,,,,,,,1051,1834.7
1787341080,131.445,131.47,131.43,131.44,131.51,130.5,,,,,,,,,,,,,,,,,,,,,,,,,,,,,,,,,,,,,,,,,,,,,,,,,,,,1478,1806.55
1787341140,131.435,131.465,131.4,131.465,131.51,130.5,,,,,,,,,,,,,,,,,,,,,,,,,,,,,,,,,,,,,,,,,,,,,,,,,,,,1462,1849.35
1787341200,131.45,131.47,131.42,131.44,131.51,130.5,,,,,,,,,,,,,,,,,,,,,,,,,,,,,,,,,,,,,,,,,,,,,,,,,,,,910,1801.3
1787341260,131.43,131.435,131.4,131.41,131.51,130.5,,,,,,,,,,,,,,,,,,,,,,,,,,,,,,,,,,,,,,,,,,,,,,,,,,,,697,1816.75
1787341320,131.42,131.42,131.37,131.39,131.51,130.5,,,,,,,,,,,,,,,,,,,,,,,,,,,,,,,,,,,,,,,,,,,,,,,,,,,,1546,1844.1
1787341380,131.38,131.42,131.345,131.37,131.51,130.5,,,,,,,,,,,,,,,,,,,,,,,,,,,,,,,,,,,,,,,,,,,,,,,,,,,,2601,1932.4
1787341440,131.36,131.39,131.34,131.36,131.51,130.5,,,,,,,,,,,,,,,,,,,,,,,,,,,,,,,,,,,,,,,,,,,,,,,,,,,,1353,1920.2
1787341500,131.36,131.41,131.34,131.36,131.51,130.5,,,,,,,,,,,,,,,,,,,,,,,,,,,,,,,,,,,,,,,,,,,,,,,,,,,,2943,1985.2
1787341560,131.36,131.36,131.29,131.29,131.51,130.5,,,,,,,,,,,,,,,,,,,,,,,,,,,,,,,,,,,,,,,,,,,,,,,,,,,,924,1959.6
1787341620,131.3,131.34,131.27,131.33,131.51,130.5,,,,,,,,,,,,,,,,,,,,,,,,,,,,,,,,,,,,,,,,,,,,,,,,,,,,3292,2072.9
1787341680,131.335,131.4,131.335,131.35,131.51,130.5,,,,,,,,,,,,,,,,,,,,,,,,,,,,,,,,,,,,,,,,,,,,,,,,,,,,1414,1997
1787341740,131.37,131.4,131.34,131.37,131.51,130.5,,,,,,,,,,,,,,,,,,,,,,,,,,,,,,,,,,,,,,,,,,,,,,,,,,,,1801,2017.2
1787341800,131.36,131.39,131.3,131.32,131.51,130.5,,,,,,,,,,,,,,,,,,,,,,,,,,,,,,,,,,,,,,,,,,,,,,,,,,,,4477,1999.6
1787341860,131.35,131.43,131.32,131.33,131.51,130.5,,,,,,,,,,,,,,,,,,,,,,,,,,,,,,,,,,,,,,,,,,,,,,,,,,,,3888,2134.3
1787341920,131.32,131.4,131.29,131.34,131.51,130.5,,,,,,,,,,,,,,,,,,,,,,,,,,,,,,,,,,,,,,,,,,,,,,,,,,,,15729,2598.5
1787341980,131.34,131.34,131.25,131.255,131.51,130.5,,,,,,,,,,,,,,,,,,,,,,,,,,,,,,,,,,,,,,,,,,,,,,,,,,,,2394,2643.7
1787342040,131.255,131.325,131.255,131.3,131.51,130.5,,,,,,,,,,,,,,,,,,,,,,,,,,,,,,,,,,,,,,,,,,,,,,,,,,,,1566,2671.9
1787342100,131.3,131.36,131.24,131.34,131.51,130.5,,,,,,,,,,,,,,,,,,,,,,,,,,,,,,,,,,,,,,,,,,,,,,,,,,,,2206,2666.15
1787342160,131.33,131.36,131.29,131.35,131.51,130.5,,,,,,,,,,,,,,,,,,,,,,,,,,,,,,,,,,,,,,,,,,,,,,,,,,,,3859,2779.55
1787342220,131.35,131.44,131.33,131.435,131.51,130.5,,,,,,,,,,,,,,,,,,,,,,,,,,,,,,,,,,,,,,,,,,,,,,,,,,,,4124,2933.2
1787342280,131.44,131.56,131.43,131.55,131.51,130.5,,,,,,,,,,,,,,,,,,,,,,,,,,,,,,,,,,,,,,,,,,,,,,,,,,,,8218,3270.2
1787342340,131.55,131.68,131.55,131.67,131.51,130.5,,,,,,,,,,,,,,,,,,,,,,,,,,,,,,,,,,,,,,,,,,,,,,,,,,,,17018,4048
1787578200,131.385,131.385,131.1,131.17,131.385,131.1,,,,,,,,,,,,,,,,,,,,,,,,,,,,,,,,,,,,,,,,,,,,,,,,,,,,302,4017.6
1787578260,131.29,131.69,131.11,131.69,131.69,131.1,,,,,,,,,,,,,,,,,,,,,,,,,,,,,,,,,,,,,,,,,,,,,,,,,,,,2895,4127.5
1787578320,131.61,132.19,131.61,132.19,132.19,131.1,,,,,,,,,,,,,,,,,,,,,,,,,,,,,,,,,,,,,,,,,,,,,,,,,,,,3279,4214.15
1787578380,132.13,132.13,131.83,131.98,132.19,131.1,,,,,,,,,,,,,,,,,,,,,,,,,,,,,,,,,,,,,,,,,,,,,,,,,,,,2616,4214.9
1787578440,131.9,132.1,131.88,132.07,132.19,131.1,,,,,,,,,,,,,,,,,,,,,,,,,,,,,,,,,,,,,,,,,,,,,,,,,,,,940,4194.25
1787578500,131.97,132.13,131.79,132.11,132.19,131.1,,,,,,,,,,,,,,,,,,,,,,,,,,,,,,,,,,,,,,,,,,,,,,,,,,,,1019,4098.05
1787578560,131.98,132.07,131.8,132.07,132.19,131.1,,,,,,,,,,,,,,,,,,,,,,,,,,,,,,,,,,,,,,,,,,,,,,,,,,,,3238,4213.75
1787578620,132.05,132.05,131.45,131.45,132.19,131.1,,,,,,,,,,,,,,,,,,,,,,,,,,,,,,,,,,,,,,,,,,,,,,,,,,,,793,4088.8
1787578680,131.56,131.9,131.56,131.9,132.19,131.1,,,,,,,,,,,,,,,,,,,,,,,,,,,,,,,,,,,,,,,,,,,,,,,,,,,,8034,4419.8
1787578740,131.9,131.93,131.75,131.75,132.19,131.1,,,,,,,,,,,,,,,,,,,,,,,,,,,,,,,,,,,,,,,,,,,,,,,,,,,,1250,4392.25
1787578800,131.68,131.68,131.56,131.66,132.19,131.1,,,,,,,,,,,,,,,,,,,,,,,,,,,,,,,,,,,,,,,,,,,,,,,,,,,,914,4214.1
1787578860,131.55,131.73,131.45,131.73,132.19,131.1,,,,,,,,,,,,,,,,,,,,,,,,,,,,,,,,,,,,,,,,,,,,,,,,,,,,5181,4278.75
1787578920,131.75,131.83,131.74,131.75,132.19,131.1,,,,,,,,,,,,,,,,,,,,,,,,,,,,,,,,,,,,,,,,,,,,,,,,,,,,1137,3549.15
1787578980,131.68,131.85,131.66,131.85,132.19,131.1,,,,,,,,,,,,,,,,,,,,,,,,,,,,,,,,,,,,,,,,,,,,,,,,,,,,521,3455.5
1787579040,131.76,131.84,131.61,131.65,132.19,131.1,,,,,,,,,,,,,,,,,,,,,,,,,,,,,,,,,,,,,,,,,,,,,,,,,,,,1036,3429
1787579100,131.68,131.84,131.65,131.73,132.19,131.1,,,,,,,,,,,,,,,,,,,,,,,,,,,,,,,,,,,,,,,,,,,,,,,,,,,,1226,3380
1787579160,131.8,132.08,131.8,132.03,132.19,131.1,,,,,,,,,,,,,,,,,,,,,,,,,,,,,,,,,,,,,,,,,,,,,,,,,,,,1228,3248.45
1787579220,132.04,132.35,132,132.32,132.19,131.1,,,,,,,,,,,,,,,,,,,,,,,,,,,,,,,,,,,,,,,,,,,,,,,,,,,,2007,3142.6
1787579280,132.285,132.38,132.17,132.23,132.19,131.1,,,,,,,,,,,,,,,,,,,,,,,,,,,,,,,,,,,,,,,,,,,,,,,,,,,,1470,2805.2
1787579340,132.22,132.29,132.13,132.29,132.19,131.1,,,,,,,,,,,,,,,,,,,,,,,,,,,,,,,,,,,,,,,,,,,,,,,,,,,,840,1996.3
1787579400,132.29,132.34,132.17,132.32,132.19,131.1,,,,,,,,,,,,,,,,,,,,,,,,,,,,,,,,,,,,,,,,,,,,,,,,,,,,1226,2042.5
1787579460,132.36,132.52,132.21,132.21,132.19,131.1,,,,,,,,,,,,,,,,,,,,,,,,,,,,,,,,,,,,,,,,,,,,,,,,,,,,1924,1993.95
1787579520,132.26,132.46,132.26,132.29,132.19,131.1,,,,,,,,,,,,,,,,,,,,,,,,,,,,,,,,,,,,,,,,,,,,,,,,,,,,650,1862.5
1787579580,132.32,132.41,132.3,132.41,132.19,131.1,,,,,,,,,,,,,,,,,,,,,,,,,,,,,,,,,,,,,,,,,,,,,,,,,,,,656,1764.5
1787579640,132.35,132.6,132.26,132.6,132.19,131.1,,,,,,,,,,,,,,,,,,,,,,,,,,,,,,,,,,,,,,,,,,,,,,,,,,,,793,1757.15
1787579700,132.55,132.62,132.4,132.62,132.19,131.1,,,,,,,,,,,,,,,,,,,,,,,,,,,,,,,,,,,,,,,,,,,,,,,,,,,,2519,1832.15
1787579760,132.55,132.56,132.31,132.31,132.19,131.1,,,,,,,,,,,,,,,,,,,,,,,,,,,,,,,,,,,,,,,,,,,,,,,,,,,,760,1708.25
1787579820,132.31,132.4,132.31,132.345,132.19,131.1,,,,,,,,,,,,,,,,,,,,,,,,,,,,,,,,,,,,,,,,,,,,,,,,,,,,974,1717.3
1787579880,132.345,132.48,132.34,132.37,132.19,131.1,,,,,,,,,,,,,,,,,,,,,,,,,,,,,,,,,,,,,,,,,,,,,,,,,,,,794,1355.3
1787579940,132.33,132.33,132.13,132.13,132.19,131.1,,,,,,,,,,,,,,,,,,,,,,,,,,,,,,,,,,,,,,,,,,,,,,,,,,,,337,1309.65
1787580000,132.21,132.23,132.1,132.13,132.19,131.1,,,,,,,,,,,,,,,,,,,,,,,,,,,,,,,,,,,,,,,,,,,,,,,,,,,,2890,1408.45
1787580060,132.14,132.17,132.1,132.15,132.19,131.1,,,,,,,,,,,,,,,,,,,,,,,,,,,,,,,,,,,,,,,,,,,,,,,,,,,,1095,1204.15
1787580120,132.11,132.11,131.86,131.94,132.19,131.1,,,,,,,,,,,,,,,,,,,,,,,,,,,,,,,,,,,,,,,,,,,,,,,,,,,,2232,1258.9
1787580180,131.94,131.95,131.82,131.82,132.19,131.1,,,,,,,,,,,,,,,,,,,,,,,,,,,,,,,,,,,,,,,,,,,,,,,,,,,,948,1280.25
1787580240,131.9,131.9,131.71,131.71,132.19,131.1,,,,,,,,,,,,,,,,,,,,,,,,,,,,,,,,,,,,,,,,,,,,,,,,,,,,1403,1298.6
1787580300,131.71,132.06,131.69,132.06,132.19,131.1,,,,,,,,,,,,,,,,,,,,,,,,,,,,,,,,,,,,,,,,,,,,,,,,,,,,1049,1289.75
1787580360,132.01,132.05,131.94,131.94,132.19,131.1,,,,,,,,,,,,,,,,,,,,,,,,,,,,,,,,,,,,,,,,,,,,,,,,,,,,1283,1292.5
1787580420,131.92,132.03,131.92,131.95,132.19,131.1,,,,,,,,,,,,,,,,,,,,,,,,,,,,,,,,,,,,,,,,,,,,,,,,,,,,700,1227.15
1787580480,131.98,132.03,131.98,132.03,132.19,131.1,,,,,,,,,,,,,,,,,,,,,,,,,,,,,,,,,,,,,,,,,,,,,,,,,,,,503,1178.8
1787580540,131.99,132.04,131.89,131.98,132.19,131.1,,,,,,,,,,,,,,,,,,,,,,,,,,,,,,,,,,,,,,,,,,,,,,,,,,,,1959,1234.75
1787580600,131.955,132.06,131.955,132.06,132.19,131.1,,,,,,,,,,,,,,,,,,,,,,,,,,,,,,,,,,,,,,,,,,,,,,,,,,,,405,1193.7
1787580660,132.08,132.08,131.96,131.965,132.19,131.1,,,,,,,,,,,,,,,,,,,,,,,,,,,,,,,,,,,,,,,,,,,,,,,,,,,,1293,1162.15
1787580720,131.95,132.01,131.94,131.94,132.19,131.1,,,,,,,,,,,,,,,,,,,,,,,,,,,,,,,,,,,,,,,,,,,,,,,,,,,,1739,1216.6
1787580780,131.94,132.1,131.86,132.1,132.19,131.1,,,,,,,,,,,,,,,,,,,,,,,,,,,,,,,,,,,,,,,,,,,,,,,,,,,,1568,1262.2
1787580840,132.17,132.195,132.12,132.14,132.19,131.1,,,,,,,,,,,,,,,,,,,,,,,,,,,,,,,,,,,,,,,,,,,,,,,,,,,,751,1260.1
1787580900,132.12,132.12,132,132.07,132.19,131.1,,,,,,,,,,,,,,,,,,,,,,,,,,,,,,,,,,,,,,,,,,,,,,,,,,,,2726,1270.45
1787580960,132.055,132.12,132.055,132.06,132.19,131.1,,,,,,,,,,,,,,,,,,,,,,,,,,,,,,,,,,,,,,,,,,,,,,,,,,,,635,1264.2
1787581020,132.11,132.13,131.92,131.92,132.19,131.1,,,,,,,,,,,,,,,,,,,,,,,,,,,,,,,,,,,,,,,,,,,,,,,,,,,,745,1252.75
1787581080,131.9,131.9,131.795,131.86,132.19,131.1,,,,,,,,,,,,,,,,,,,,,,,,,,,,,,,,,,,,,,,,,,,,,,,,,,,,1967,1311.4
1787581140,131.84,131.84,131.65,131.72,132.19,131.1,,,,,,,,,,,,,,,,,,,,,,,,,,,,,,,,,,,,,,,,,,,,,,,,,,,,877,1338.4
1787581200,131.75,131.96,131.75,131.96,132.19,131.1,,,,,,,,,,,,,,,,,,,,,,,,,,,,,,,,,,,,,,,,,,,,,,,,,,,,143,1201.05
1787581260,131.98,132.07,131.85,132.07,132.19,131.1,,,,,,,,,,,,,,,,,,,,,,,,,,,,,,,,,,,,,,,,,,,,,,,,,,,,1651,1228.85
1787581320,132.05,132.05,131.93,131.93,132.19,131.1,,,,,,,,,,,,,,,,,,,,,,,,,,,,,,,,,,,,,,,,,,,,,,,,,,,,347,1134.6
1787581380,131.92,131.97,131.85,131.87,132.19,131.1,,,,,,,,,,,,,,,,,,,,,,,,,,,,,,,,,,,,,,,,,,,,,,,,,,,,447,1109.55
1787581440,131.92,131.97,131.84,131.84,132.19,131.1,,,,,,,,,,,,,,,,,,,,,,,,,,,,,,,,,,,,,,,,,,,,,,,,,,,,570,1067.9
1787581500,131.81,131.93,131.8,131.91,132.19,131.1,,,,,,,,,,,,,,,,,,,,,,,,,,,,,,,,,,,,,,,,,,,,,,,,,,,,823,1056.6
1787581560,131.88,132,131.88,131.96,132.19,131.1,,,,,,,,,,,,,,,,,,,,,,,,,,,,,,,,,,,,,,,,,,,,,,,,,,,,376,1011.25
1787581620,131.99,132.05,131.93,131.93,132.19,131.1,,,,,,,,,,,,,,,,,,,,,,,,,,,,,,,,,,,,,,,,,,,,,,,,,,,,1838,1068.15
1787581680,131.94,131.98,131.88,131.97,132.19,131.1,,,,,,,,,,,,,,,,,,,,,,,,,,,,,,,,,,,,,,,,,,,,,,,,,,,,1604,1123.2
1787581740,131.94,131.94,131.81,131.82,132.19,131.1,,,,,,,,,,,,,,,,,,,,,,,,,,,,,,,,,,,,,,,,,,,,,,,,,,,,655,1058
1787581800,131.84,131.975,131.84,131.94,132.19,131.1,,,,,,,,,,,,,,,,,,,,,,,,,,,,,,,,,,,,,,,,,,,,,,,,,,,,1109,1093.2
1787581860,131.955,132.01,131.955,131.96,132.19,131.1,,,,,,,,,,,,,,,,,,,,,,,,,,,,,,,,,,,,,,,,,,,,,,,,,,,,1011,1079.1
1787581920,132.03,132.07,132.01,132.07,132.19,131.1,,,,,,,,,,,,,,,,,,,,,,,,,,,,,,,,,,,,,,,,,,,,,,,,,,,,800,1032.15
1787581980,132.07,132.16,132.01,132.01,132.19,131.1,,,,,,,,,,,,,,,,,,,,,,,,,,,,,,,,,,,,,,,,,,,,,,,,,,,,1351,1021.3
1787582040,132.02,132.04,131.87,131.88,132.19,131.1,,,,,,,,,,,,,,,,,,,,,,,,,,,,,,,,,,,,,,,,,,,,,,,,,,,,720,1019.75
1787582100,131.91,131.95,131.825,131.83,132.19,131.1,,,,,,,,,,,,,,,,,,,,,,,,,,,,,,,,,,,,,,,,,,,,,,,,,,,,1558,961.35
1787582160,131.83,131.84,131.7,131.76,132.19,131.1,,,,,,,,,,,,,,,,,,,,,,,,,,,,,,,,,,,,,,,,,,,,,,,,,,,,1503,1004.75
1787582220,131.76,131.8,131.68,131.68,132.19,131.1,,,,,,,,,,,,,,,,,,,,,,,,,,,,,,,,,,,,,,,,,,,,,,,,,,,,943,1014.65
1787582280,131.69,131.72,131.65,131.68,132.19,131.1,,,,,,,,,,,,,,,,,,,,,,,,,,,,,,,,,,,,,,,,,,,,,,,,,,,,531,942.85
1787582340,131.65,131.735,131.61,131.71,132.19,131.1,,,,,,,,,,,,,,,,,,,,,,,,,,,,,,,,,,,,,,,,,,,,,,,,,,,,1425,970.25
1787582400,131.66,131.79,131.65,131.76,132.19,131.1,,,,,,,,,,,,,,,,,,,,,,,,,,,,,,,,,,,,,,,,,,,,,,,,,,,,335,979.85
1787582460,131.71,131.78,131.71,131.75,132.19,131.1,,,,,,,,,,,,,,,,,,,,,,,,,,,,,,,,,,,,,,,,,,,,,,,,,,,,710,932.8
1787582520,131.73,131.75,131.67,131.7,132.19,131.1,,,,,,,,,,,,,,,,,,,,,,,,,,,,,,,,,,,,,,,,,,,,,,,,,,,,1720,1001.45
1787582580,131.74,131.78,131.64,131.64,132.19,131.1,,,,,,,,,,,,,,,,,,,,,,,,,,,,,,,,,,,,,,,,,,,,,,,,,,,,504,1004.3
1787582640,131.655,131.71,131.6,131.61,132.19,131.1,,,,,,,,,,,,,,,,,,,,,,,,,,,,,,,,,,,,,,,,,,,,,,,,,,,,1278,1039.7
1787582700,131.55,131.6,131.52,131.56,132.19,131.1,,,,,,,,,,,,,,,,,,,,,,,,,,,,,,,,,,,,,,,,,,,,,,,,,,,,1188,1057.95
1787582760,131.58,131.63,131.53,131.59,132.19,131.1,,,,,,,,,,,,,,,,,,,,,,,,,,,,,,,,,,,,,,,,,,,,,,,,,,,,571,1067.7
1787582820,131.63,131.84,131.63,131.84,132.19,131.1,,,,,,,,,,,,,,,,,,,,,,,,,,,,,,,,,,,,,,,,,,,,,,,,,,,,1211,1036.35
1787582880,131.83,131.96,131.81,131.96,132.19,131.1,,,,,,,,,,,,,,,,,,,,,,,,,,,,,,,,,,,,,,,,,,,,,,,,,,,,476,979.95
1787582940,131.97,132.08,131.95,132.07,132.19,131.1,,,,,,,,,,,,,,,,,,,,,,,,,,,,,,,,,,,,,,,,,,,,,,,,,,,,1885,1041.45
1787583000,132,132,131.96,131.96,132.19,131.1,,,,,,,,,,,,,,,,,,,,,,,,,,,,,,,,,,,,,,,,,,,,,,,,,,,,747,1023.35
1787583060,131.905,131.95,131.89,131.91,132.19,131.1,,,,,,,,,,,,,,,,,,,,,,,,,,,,,,,,,,,,,,,,,,,,,,,,,,,,579,1001.75
1787583120,131.89,131.98,131.87,131.91,132.19,131.1,,,,,,,,,,,,,,,,,,,,,,,,,,,,,,,,,,,,,,,,,,,,,,,,,,,,405,982
1787583180,131.93,131.96,131.92,131.96,132.19,131.1,,,,,,,,,,,,,,,,,,,,,,,,,,,,,,,,,,,,,,,,,,,,,,,,,,,,311,930
1787583240,131.9,131.92,131.89,131.92,132.19,131.1,,,,,,,,,,,,,,,,,,,,,,,,,,,,,,,,,,,,,,,,,,,,,,,,,,,,415,914.75
1787583300,131.91,131.93,131.87,131.93,132.19,131.1,,,,,,,,,,,,,,,,,,,,,,,,,,,,,,,,,,,,,,,,,,,,,,,,,,,,994,886.55
1787583360,131.93,131.935,131.85,131.91,132.19,131.1,,,,,,,,,,,,,,,,,,,,,,,,,,,,,,,,,,,,,,,,,,,,,,,,,,,,485,835.65
1787583420,131.9,131.93,131.86,131.87,132.19,131.1,,,,,,,,,,,,,,,,,,,,,,,,,,,,,,,,,,,,,,,,,,,,,,,,,,,,442,810.6
1787583480,131.89,131.93,131.8,131.84,132.19,131.1,,,,,,,,,,,,,,,,,,,,,,,,,,,,,,,,,,,,,,,,,,,,,,,,,,,,773,822.7
1787583540,131.85,131.85,131.82,131.84,132.19,131.1,,,,,,,,,,,,,,,,,,,,,,,,,,,,,,,,,,,,,,,,,,,,,,,,,,,,366,769.75
1787583600,131.86,131.885,131.76,131.84,132.19,131.1,,,,,,,,,,,,,,,,,,,,,,,,,,,,,,,,,,,,,,,,,,,,,,,,,,,,1369,821.45
1787583660,131.86,131.86,131.8,131.83,132.19,131.1,,,,,,,,,,,,,,,,,,,,,,,,,,,,,,,,,,,,,,,,,,,,,,,,,,,,457,808.8
1787583720,131.85,131.93,131.85,131.9,132.19,131.1,,,,,,,,,,,,,,,,,,,,,,,,,,,,,,,,,,,,,,,,,,,,,,,,,,,,367,741.15
1787583780,131.88,131.88,131.75,131.75,132.19,131.1,,,,,,,,,,,,,,,,,,,,,,,,,,,,,,,,,,,,,,,,,,,,,,,,,,,,1388,785.35
1787583840,131.76,131.905,131.76,131.87,132.19,131.1,,,,,,,,,,,,,,,,,,,,,,,,,,,,,,,,,,,,,,,,,,,,,,,,,,,,560,749.45
1787583900,131.88,131.92,131.835,131.87,132.19,131.1,,,,,,,,,,,,,,,,,,,,,,,,,,,,,,,,,,,,,,,,,,,,,,,,,,,,863,733.2
1787583960,131.86,131.94,131.86,131.91,132.19,131.1,,,,,,,,,,,,,,,,,,,,,,,,,,,,,,,,,,,,,,,,,,,,,,,,,,,,719,740.6
1787584020,131.86,131.89,131.78,131.83,132.19,131.1,,,,,,,,,,,,,,,,,,,,,,,,,,,,,,,,,,,,,,,,,,,,,,,,,,,,676,713.85
1787584080,131.86,131.86,131.79,131.79,132.19,131.1,,,,,,,,,,,,,,,,,,,,,,,,,,,,,,,,,,,,,,,,,,,,,,,,,,,,77,693.9
1787584140,131.79,131.83,131.77,131.8,132.19,131.1,,,,,,,,,,,,,,,,,,,,,,,,,,,,,,,,,,,,,,,,,,,,,,,,,,,,466,622.95
1787584200,131.7,131.8,131.7,131.78,132.19,131.1,,,,,,,,,,,,,,,,,,,,,,,,,,,,,,,,,,,,,,,,,,,,,,,,,,,,831,627.15
1787584260,131.74,131.79,131.73,131.79,132.19,131.1,,,,,,,,,,,,,,,,,,,,,,,,,,,,,,,,,,,,,,,,,,,,,,,,,,,,74,601.9
1787584320,131.78,131.9,131.75,131.9,132.19,131.1,,,,,,,,,,,,,,,,,,,,,,,,,,,,,,,,,,,,,,,,,,,,,,,,,,,,1207,642
1787584380,131.94,131.975,131.895,131.895,132.19,131.1,,,,,,,,,,,,,,,,,,,,,,,,,,,,,,,,,,,,,,,,,,,,,,,,,,,,1304,691.65
1787584440,131.89,131.96,131.89,131.93,132.19,131.1,,,,,,,,,,,,,,,,,,,,,,,,,,,,,,,,,,,,,,,,,,,,,,,,,,,,677,704.75
1787584500,131.92,131.94,131.83,131.83,132.19,131.1,,,,,,,,,,,,,,,,,,,,,,,,,,,,,,,,,,,,,,,,,,,,,,,,,,,,537,681.9
1787584560,131.81,131.84,131.77,131.79,132.19,131.1,,,,,,,,,,,,,,,,,,,,,,,,,,,,,,,,,,,,,,,,,,,,,,,,,,,,904,702.85
1787584620,131.74,131.74,131.74,131.74,132.19,131.1,,,,,,,,,,,,,,,,,,,,,,,,,,,,,,,,,,,,,,,,,,,,,,,,,,,,291,695.3
1787584680,131.77,131.79,131.73,131.73,132.19,131.1,,,,,,,,,,,,,,,,,,,,,,,,,,,,,,,,,,,,,,,,,,,,,,,,,,,,930,703.15
1787584740,131.73,131.8,131.73,131.75,132.19,131.1,,,,,,,,,,,,,,,,,,,,,,,,,,,,,,,,,,,,,,,,,,,,,,,,,,,,415,705.6
1787584800,131.74,131.74,131.69,131.71,132.19,131.1,,,,,,,,,,,,,,,,,,,,,,,,,,,,,,,,,,,,,,,,,,,,,,,,,,,,196,646.95
1787584860,131.7,131.79,131.7,131.79,132.19,131.1,,,,,,,,,,,,,,,,,,,,,,,,,,,,,,,,,,,,,,,,,,,,,,,,,,,,809,664.55
1787584920,131.77,131.78,131.755,131.78,132.19,131.1,,,,,,,,,,,,,,,,,,,,,,,,,,,,,,,,,,,,,,,,,,,,,,,,,,,,327,662.55
1787584980,131.82,131.935,131.82,131.9,132.19,131.1,,,,,,,,,,,,,,,,,,,,,,,,,,,,,,,,,,,,,,,,,,,,,,,,,,,,1378,662.05
1787585040,131.95,131.98,131.94,131.98,132.19,131.1,,,,,,,,,,,,,,,,,,,,,,,,,,,,,,,,,,,,,,,,,,,,,,,,,,,,183,643.2
1787585100,131.99,132,131.92,131.99,132.19,131.1,,,,,,,,,,,,,,,,,,,,,,,,,,,,,,,,,,,,,,,,,,,,,,,,,,,,474,623.75
1787585160,131.99,132.05,131.99,132,132.19,131.1,,,,,,,,,,,,,,,,,,,,,,,,,,,,,,,,,,,,,,,,,,,,,,,,,,,,1733,674.45
1787585220,132,132.05,131.98,132.05,132.19,131.1,,,,,,,,,,,,,,,,,,,,,,,,,,,,,,,,,,,,,,,,,,,,,,,,,,,,598,670.55
1787585280,132.06,132.08,131.95,131.95,132.19,131.1,,,,,,,,,,,,,,,,,,,,,,,,,,,,,,,,,,,,,,,,,,,,,,,,,,,,969,715.15
1787585340,131.97,132.09,131.95,132.09,132.19,131.1,,,,,,,,,,,,,,,,,,,,,,,,,,,,,,,,,,,,,,,,,,,,,,,,,,,,3174,850.55
1787585400,132.09,132.13,132.05,132.13,132.19,131.1,,,,,,,,,,,,,,,,,,,,,,,,,,,,,,,,,,,,,,,,,,,,,,,,,,,,1240,871
1787585460,132.16,132.16,132.11,132.155,132.19,131.1,,,,,,,,,,,,,,,,,,,,,,,,,,,,,,,,,,,,,,,,,,,,,,,,,,,,576,896.1
1787585520,132.14,132.14,131.93,131.93,132.19,131.1,,,,,,,,,,,,,,,,,,,,,,,,,,,,,,,,,,,,,,,,,,,,,,,,,,,,1017,886.6
1787585580,131.92,131.97,131.92,131.96,132.19,131.1,,,,,,,,,,,,,,,,,,,,,,,,,,,,,,,,,,,,,,,,,,,,,,,,,,,,1199,881.35
1787585640,131.96,132.01,131.93,132.01,132.19,131.1,,,,,,,,,,,,,,,,,,,,,,,,,,,,,,,,,,,,,,,,,,,,,,,,,,,,679,881.45
1787585700,132,132.01,131.95,131.97,132.19,131.1,,,,,,,,,,,,,,,,,,,,,,,,,,,,,,,,,,,,,,,,,,,,,,,,,,,,1337,921.45
1787585760,131.96,131.96,131.94,131.94,132.19,131.1,,,,,,,,,,,,,,,,,,,,,,,,,,,,,,,,,,,,,,,,,,,,,,,,,,,,176,885.05
1787585820,131.965,132.05,131.9,132.05,132.19,131.1,,,,,,,,,,,,,,,,,,,,,,,,,,,,,,,,,,,,,,,,,,,,,,,,,,,,3587,1049.85
1787585880,132.06,132.08,131.94,131.94,132.19,131.1,,,,,,,,,,,,,,,,,,,,,,,,,,,,,,,,,,,,,,,,,,,,,,,,,,,,618,1034.25
1787585940,131.92,132,131.89,132,132.19,131.1,,,,,,,,,,,,,,,,,,,,,,,,,,,,,,,,,,,,,,,,,,,,,,,,,,,,528,1039.9
1787586000,131.98,132.05,131.96,132.02,132.19,131.1,,,,,,,,,,,,,,,,,,,,,,,,,,,,,,,,,,,,,,,,,,,,,,,,,,,,958,1078
1787586060,132.025,132.025,131.93,131.93,132.19,131.1,,,,,,,,,,,,,,,,,,,,,,,,,,,,,,,,,,,,,,,,,,,,,,,,,,,,539,1064.5
1787586120,131.97,131.99,131.9,131.96,132.19,131.1,,,,,,,,,,,,,,,,,,,,,,,,,,,,,,,,,,,,,,,,,,,,,,,,,,,,748,1085.55
1787586180,131.97,131.99,131.93,131.93,132.19,131.1,,,,,,,,,,,,,,,,,,,,,,,,,,,,,,,,,,,,,,,,,,,,,,,,,,,,297,1031.5
1787586240,131.93,132.02,131.89,132,132.19,131.1,,,,,,,,,,,,,,,,,,,,,,,,,,,,,,,,,,,,,,,,,,,,,,,,,,,,1393,1092
1787586300,132.08,132.14,132.08,132.14,132.19,131.1,,,,,,,,,,,,,,,,,,,,,,,,,,,,,,,,,,,,,,,,,,,,,,,,,,,,326,1084.6
1787586360,132.15,132.15,132.08,132.08,132.19,131.1,,,,,,,,,,,,,,,,,,,,,,,,,,,,,,,,,,,,,,,,,,,,,,,,,,,,335,1014.7
1787586420,132.09,132.09,132,132.05,132.19,131.1,,,,,,,,,,,,,,,,,,,,,,,,,,,,,,,,,,,,,,,,,,,,,,,,,,,,541,1011.85
1787586480,132.07,132.08,132.03,132.03,132.19,131.1,,,,,,,,,,,,,,,,,,,,,,,,,,,,,,,,,,,,,,,,,,,,,,,,,,,,280,977.4
1787586540,131.97,132,131.93,131.93,132.19,131.1,,,,,,,,,,,,,,,,,,,,,,,,,,,,,,,,,,,,,,,,,,,,,,,,,,,,252,831.3
1787586600,131.95,132.04,131.95,132.03,132.19,131.1,,,,,,,,,,,,,,,,,,,,,,,,,,,,,,,,,,,,,,,,,,,,,,,,,,,,296,784.1
1787586660,132.03,132.03,132.03,132.03,132.19,131.1,,,,,,,,,,,,,,,,,,,,,,,,,,,,,,,,,,,,,,,,,,,,,,,,,,,,16,756.1
1787586720,132.05,132.14,132.05,132.14,132.19,131.1,,,,,,,,,,,,,,,,,,,,,,,,,,,,,,,,,,,,,,,,,,,,,,,,,,,,842,747.35
1787586780,132.11,132.11,132.05,132.05,132.19,131.1,,,,,,,,,,,,,,,,,,,,,,,,,,,,,,,,,,,,,,,,,,,,,,,,,,,,418,708.3
1787586840,132.06,132.06,131.97,131.97,132.19,131.1,,,,,,,,,,,,,,,,,,,,,,,,,,,,,,,,,,,,,,,,,,,,,,,,,,,,562,702.45
1787586900,132.01,132.05,132.01,132.05,132.19,131.1,,,,,,,,,,,,,,,,,,,,,,,,,,,,,,,,,,,,,,,,,,,,,,,,,,,,266,648.9
1787586960,132.06,132.09,132.06,132.06,132.19,131.1,,,,,,,,,,,,,,,,,,,,,,,,,,,,,,,,,,,,,,,,,,,,,,,,,,,,934,686.8
1787587020,132.04,132.05,131.99,132.02,132.19,131.1,,,,,,,,,,,,,,,,,,,,,,,,,,,,,,,,,,,,,,,,,,,,,,,,,,,,649,539.9
1787587080,132.04,132.07,132.04,132.05,132.19,131.1,,,,,,,,,,,,,,,,,,,,,,,,,,,,,,,,,,,,,,,,,,,,,,,,,,,,1415,579.75
1787587140,132.02,132.06,132.02,132.06,132.19,131.1,,,,,,,,,,,,,,,,,,,,,,,,,,,,,,,,,,,,,,,,,,,,,,,,,,,,109,558.8
1787587200,132.07,132.12,132.07,132.08,132.19,131.1,,,,,,,,,,,,,,,,,,,,,,,,,,,,,,,,,,,,,,,,,,,,,,,,,,,,2340,627.9
1787587260,132.07,132.24,132.07,132.24,132.19,131.1,,,,,,,,,,,,,,,,,,,,,,,,,,,,,,,,,,,,,,,,,,,,,,,,,,,,735,637.7
1787587320,132.22,132.22,132.03,132.18,132.19,131.1,,,,,,,,,,,,,,,,,,,,,,,,,,,,,,,,,,,,,,,,,,,,,,,,,,,,4173,808.95
1787587380,132.18,132.18,132.13,132.13,132.19,131.1,,,,,,,,,,,,,,,,,,,,,,,,,,,,,,,,,,,,,,,,,,,,,,,,,,,,558,822
1787587440,132.075,132.075,131.98,132.03,132.19,131.1,,,,,,,,,,,,,,,,,,,,,,,,,,,,,,,,,,,,,,,,,,,,,,,,,,,,1479,826.3
1787587500,132,132,131.98,131.98,132.19,131.1,,,,,,,,,,,,,,,,,,,,,,,,,,,,,,,,,,,,,,,,,,,,,,,,,,,,13,810.65
1787587560,131.97,131.97,131.93,131.935,132.19,131.1,,,,,,,,,,,,,,,,,,,,,,,,,,,,,,,,,,,,,,,,,,,,,,,,,,,,332,810.5
1787587620,131.96,131.96,131.93,131.96,132.19,131.1,,,,,,,,,,,,,,,,,,,,,,,,,,,,,,,,,,,,,,,,,,,,,,,,,,,,537,810.3
1787587680,131.92,131.94,131.92,131.93,132.19,131.1,,,,,,,,,,,,,,,,,,,,,,,,,,,,,,,,,,,,,,,,,,,,,,,,,,,,47,798.65
1787587740,131.94,131.98,131.92,131.92,132.19,131.1,,,,,,,,,,,,,,,,,,,,,,,,,,,,,,,,,,,,,,,,,,,,,,,,,,,,748,823.45
1787587800,131.94,131.94,131.88,131.89,132.19,131.1,,,,,,,,,,,,,,,,,,,,,,,,,,,,,,,,,,,,,,,,,,,,,,,,,,,,578,837.55
1787587860,131.87,131.88,131.8,131.8,132.19,131.1,,,,,,,,,,,,,,,,,,,,,,,,,,,,,,,,,,,,,,,,,,,,,,,,,,,,832,878.35
1787587920,131.79,131.84,131.79,131.83,132.19,131.1,,,,,,,,,,,,,,,,,,,,,,,,,,,,,,,,,,,,,,,,,,,,,,,,,,,,351,853.8
1787587980,131.81,131.87,131.78,131.87,132.19,131.1,,,,,,,,,,,,,,,,,,,,,,,,,,,,,,,,,,,,,,,,,,,,,,,,,,,,532,859.5
1787588040,131.86,131.87,131.82,131.87,132.19,131.1,,,,,,,,,,,,,,,,,,,,,,,,,,,,,,,,,,,,,,,,,,,,,,,,,,,,673,865.05
1787588100,131.86,131.91,131.855,131.86,132.19,131.1,,,,,,,,,,,,,,,,,,,,,,,,,,,,,,,,,,,,,,,,,,,,,,,,,,,,536,878.55
1787588160,131.87,131.92,131.85,131.88,132.19,131.1,,,,,,,,,,,,,,,,,,,,,,,,,,,,,,,,,,,,,,,,,,,,,,,,,,,,805,872.1
1787588220,131.9,132,131.9,132,132.19,131.1,,,,,,,,,,,,,,,,,,,,,,,,,,,,,,,,,,,,,,,,,,,,,,,,,,,,2964,987.85
1787588280,132.02,132.02,131.96,132,132.19,131.1,,,,,,,,,,,,,,,,,,,,,,,,,,,,,,,,,,,,,,,,,,,,,,,,,,,,305,932.35
1787588340,131.99,131.99,131.95,131.95,132.19,131.1,,,,,,,,,,,,,,,,,,,,,,,,,,,,,,,,,,,,,,,,,,,,,,,,,,,,685,961.15
1787588400,131.95,131.95,131.91,131.91,132.19,131.1,,,,,,,,,,,,,,,,,,,,,,,,,,,,,,,,,,,,,,,,,,,,,,,,,,,,256,856.95
1787588460,131.92,131.93,131.915,131.915,132.19,131.1,,,,,,,,,,,,,,,,,,,,,,,,,,,,,,,,,,,,,,,,,,,,,,,,,,,,84,824.4
1787588520,131.92,131.94,131.92,131.94,132.19,131.1,,,,,,,,,,,,,,,,,,,,,,,,,,,,,,,,,,,,,,,,,,,,,,,,,,,,167,624.1
1787588580,131.9,131.9,131.83,131.83,132.19,131.1,,,,,,,,,,,,,,,,,,,,,,,,,,,,,,,,,,,,,,,,,,,,,,,,,,,,808,636.6
1787588640,131.82,131.82,131.81,131.82,132.19,131.1,,,,,,,,,,,,,,,,,,,,,,,,,,,,,,,,,,,,,,,,,,,,,,,,,,,,87,567
1787588700,131.78,131.87,131.77,131.87,132.19,131.1,,,,,,,,,,,,,,,,,,,,,,,,,,,,,,,,,,,,,,,,,,,,,,,,,,,,477,590.2
1787588760,131.83,131.86,131.83,131.84,132.19,131.1,,,,,,,,,,,,,,,,,,,,,,,,,,,,,,,,,,,,,,,,,,,,,,,,,,,,402,593.7
1787588820,131.85,131.9,131.85,131.89,132.19,131.1,,,,,,,,,,,,,,,,,,,,,,,,,,,,,,,,,,,,,,,,,,,,,,,,,,,,320,582.85
1787588880,131.895,131.94,131.89,131.905,132.19,131.1,,,,,,,,,,,,,,,,,,,,,,,,,,,,,,,,,,,,,,,,,,,,,,,,,,,,645,612.75
1787588940,131.9,131.92,131.86,131.86,132.19,131.1,,,,,,,,,,,,,,,,,,,,,,,,,,,,,,,,,,,,,,,,,,,,,,,,,,,,456,598.15
1787589000,131.84,131.86,131.81,131.82,132.19,131.1,,,,,,,,,,,,,,,,,,,,,,,,,,,,,,,,,,,,,,,,,,,,,,,,,,,,522,595.35
1787589060,131.835,131.835,131.8,131.8,132.19,131.1,,,,,,,,,,,,,,,,,,,,,,,,,,,,,,,,,,,,,,,,,,,,,,,,,,,,43,555.9
1787589120,131.78,131.78,131.7,131.71,132.19,131.1,,,,,,,,,,,,,,,,,,,,,,,,,,,,,,,,,,,,,,,,,,,,,,,,,,,,777,577.2
1787589180,131.72,131.75,131.69,131.71,132.19,131.1,,,,,,,,,,,,,,,,,,,,,,,,,,,,,,,,,,,,,,,,,,,,,,,,,,,,1432,622.2
1787589240,131.72,131.77,131.71,131.77,132.19,131.1,,,,,,,,,,,,,,,,,,,,,,,,,,,,,,,,,,,,,,,,,,,,,,,,,,,,781,627.6
1787589300,131.78,131.81,131.78,131.79,132.19,131.1,,,,,,,,,,,,,,,,,,,,,,,,,,,,,,,,,,,,,,,,,,,,,,,,,,,,470,624.3
1787589360,131.8,131.8,131.75,131.76,132.19,131.1,,,,,,,,,,,,,,,,,,,,,,,,,,,,,,,,,,,,,,,,,,,,,,,,,,,,276,597.85
1787589420,131.76,131.78,131.72,131.77,132.19,131.1,,,,,,,,,,,,,,,,,,,,,,,,,,,,,,,,,,,,,,,,,,,,,,,,,,,,1544,526.85
1787589480,131.76,131.76,131.68,131.7,132.19,131.1,,,,,,,,,,,,,,,,,,,,,,,,,,,,,,,,,,,,,,,,,,,,,,,,,,,,1663,594.75
1787589540,131.72,131.72,131.68,131.68,132.19,131.1,,,,,,,,,,,,,,,,,,,,,,,,,,,,,,,,,,,,,,,,,,,,,,,,,,,,308,575.9
1787589600,131.7,131.72,131.7,131.7,132.19,131.1,,,,,,,,,,,,,,,,,,,,,,,,,,,,,,,,,,,,,,,,,,,,,,,,,,,,486,587.4
1787589660,131.73,131.77,131.73,131.74,132.19,131.1,,,,,,,,,,,,,,,,,,,,,,,,,,,,,,,,,,,,,,,,,,,,,,,,,,,,998,633.1
1787589720,131.74,131.74,131.69,131.69,132.19,131.1,,,,,,,,,,,,,,,,,,,,,,,,,,,,,,,,,,,,,,,,,,,,,,,,,,,,472,648.35
1787589780,131.7,131.73,131.7,131.73,132.19,131.1,,,,,,,,,,,,,,,,,,,,,,,,,,,,,,,,,,,,,,,,,,,,,,,,,,,,93,612.6
1787589840,131.72,131.76,131.72,131.72,132.19,131.1,,,,,,,,,,,,,,,,,,,,,,,,,,,,,,,,,,,,,,,,,,,,,,,,,,,,632,639.85
1787589900,131.72,131.74,131.72,131.74,132.19,131.1,,,,,,,,,,,,,,,,,,,,,,,,,,,,,,,,,,,,,,,,,,,,,,,,,,,,48,618.4
1787589960,131.75,131.75,131.69,131.69,132.19,131.1,,,,,,,,,,,,,,,,,,,,,,,,,,,,,,,,,,,,,,,,,,,,,,,,,,,,205,608.55
1787590020,131.72,131.74,131.72,131.74,132.19,131.1,,,,,,,,,,,,,,,,,,,,,,,,,,,,,,,,,,,,,,,,,,,,,,,,,,,,73,596.2
1787590080,131.75,131.78,131.74,131.74,132.19,131.1,,,,,,,,,,,,,,,,,,,,,,,,,,,,,,,,,,,,,,,,,,,,,,,,,,,,447,586.3
1787590140,131.75,131.81,131.75,131.805,132.19,131.1,,,,,,,,,,,,,,,,,,,,,,,,,,,,,,,,,,,,,,,,,,,,,,,,,,,,454,586.2
1787590200,131.8,131.82,131.8,131.8,132.19,131.1,,,,,,,,,,,,,,,,,,,,,,,,,,,,,,,,,,,,,,,,,,,,,,,,,,,,565,588.35
1787590260,131.81,131.82,131.79,131.8,132.19,131.1,,,,,,,,,,,,,,,,,,,,,,,,,,,,,,,,,,,,,,,,,,,,,,,,,,,,97,591.05
1787590320,131.81,131.87,131.81,131.87,132.19,131.1,,,,,,,,,,,,,,,,,,,,,,,,,,,,,,,,,,,,,,,,,,,,,,,,,,,,283,566.35
1787590380,131.87,131.94,131.87,131.94,132.19,131.1,,,,,,,,,,,,,,,,,,,,,,,,,,,,,,,,,,,,,,,,,,,,,,,,,,,,425,516
1787590440,131.92,131.92,131.86,131.88,132.19,131.1,,,,,,,,,,,,,,,,,,,,,,,,,,,,,,,,,,,,,,,,,,,,,,,,,,,,722,513.05
1787590500,131.87,131.87,131.85,131.85,132.19,131.1,,,,,,,,,,,,,,,,,,,,,,,,,,,,,,,,,,,,,,,,,,,,,,,,,,,,164,497.75
1787590560,131.865,131.865,131.81,131.85,132.19,131.1,,,,,,,,,,,,,,,,,,,,,,,,,,,,,,,,,,,,,,,,,,,,,,,,,,,,779,522.9
1787590620,131.86,131.88,131.85,131.87,132.19,131.1,,,,,,,,,,,,,,,,,,,,,,,,,,,,,,,,,,,,,,,,,,,,,,,,,,,,1192,505.3
1787590680,131.84,131.85,131.82,131.82,132.19,131.1,,,,,,,,,,,,,,,,,,,,,,,,,,,,,,,,,,,,,,,,,,,,,,,,,,,,273,435.8
1787590740,131.82,131.84,131.79,131.84,132.19,131.1,,,,,,,,,,,,,,,,,,,,,,,,,,,,,,,,,,,,,,,,,,,,,,,,,,,,659,453.35
1787590800,131.84,131.84,131.84,131.84,132.19,131.1,,,,,,,,,,,,,,,,,,,,,,,,,,,,,,,,,,,,,,,,,,,,,,,,,,,,15,429.8
1787590860,131.81,131.82,131.81,131.82,132.19,131.1,,,,,,,,,,,,,,,,,,,,,,,,,,,,,,,,,,,,,,,,,,,,,,,,,,,,95,384.65
1787590920,131.82,131.91,131.82,131.91,132.19,131.1,,,,,,,,,,,,,,,,,,,,,,,,,,,,,,,,,,,,,,,,,,,,,,,,,,,,174,369.75
1787590980,131.96,131.96,131.91,131.92,132.19,131.1,,,,,,,,,,,,,,,,,,,,,,,,,,,,,,,,,,,,,,,,,,,,,,,,,,,,205,375.35
1787591040,131.92,131.95,131.92,131.95,132.19,131.1,,,,,,,,,,,,,,,,,,,,,,,,,,,,,,,,,,,,,,,,,,,,,,,,,,,,61,346.8
1787591100,131.95,131.98,131.95,131.98,132.19,131.1,,,,,,,,,,,,,,,,,,,,,,,,,,,,,,,,,,,,,,,,,,,,,,,,,,,,380,363.4
1787591160,131.96,131.99,131.96,131.98,132.19,131.1,,,,,,,,,,,,,,,,,,,,,,,,,,,,,,,,,,,,,,,,,,,,,,,,,,,,827,394.5
1787591220,131.97,132.06,131.97,132.06,132.19,131.1,,,,,,,,,,,,,,,,,,,,,,,,,,,,,,,,,,,,,,,,,,,,,,,,,,,,309,406.3
1787591280,132.07,132.13,132.07,132.12,132.19,131.1,,,,,,,,,,,,,,,,,,,,,,,,,,,,,,,,,,,,,,,,,,,,,,,,,,,,674,417.65
1787591340,132.09,132.09,132.03,132.04,132.19,131.1,,,,,,,,,,,,,,,,,,,,,,,,,,,,,,,,,,,,,,,,,,,,,,,,,,,,492,419.55
1787591400,132.05,132.1,132.05,132.07,132.19,131.1,,,,,,,,,,,,,,,,,,,,,,,,,,,,,,,,,,,,,,,,,,,,,,,,,,,,1224,452.5
1787591460,132.03,132.09,132.02,132.06,132.19,131.1,,,,,,,,,,,,,,,,,,,,,,,,,,,,,,,,,,,,,,,,,,,,,,,,,,,,631,479.2
1787591520,132.07,132.08,132.06,132.08,132.19,131.1,,,,,,,,,,,,,,,,,,,,,,,,,,,,,,,,,,,,,,,,,,,,,,,,,,,,129,471.5
1787591580,132.07,132.07,132.04,132.04,132.19,131.1,,,,,,,,,,,,,,,,,,,,,,,,,,,,,,,,,,,,,,,,,,,,,,,,,,,,210,460.75
1787591640,132.06,132.08,132.02,132.04,132.19,131.1,,,,,,,,,,,,,,,,,,,,,,,,,,,,,,,,,,,,,,,,,,,,,,,,,,,,543,451.8
1787591700,132.01,132.025,131.99,132.025,132.19,131.1,,,,,,,,,,,,,,,,,,,,,,,,,,,,,,,,,,,,,,,,,,,,,,,,,,,,151,451.15
1787591760,132.03,132.03,131.94,132.01,132.19,131.1,,,,,,,,,,,,,,,,,,,,,,,,,,,,,,,,,,,,,,,,,,,,,,,,,,,,475,435.95
1787591820,132,132.02,131.99,131.99,132.19,131.1,,,,,,,,,,,,,,,,,,,,,,,,,,,,,,,,,,,,,,,,,,,,,,,,,,,,443,398.5
1787591880,131.97,131.97,131.9,131.9,132.19,131.1,,,,,,,,,,,,,,,,,,,,,,,,,,,,,,,,,,,,,,,,,,,,,,,,,,,,418,405.75
1787591940,131.87,131.9,131.86,131.86,132.19,131.1,,,,,,,,,,,,,,,,,,,,,,,,,,,,,,,,,,,,,,,,,,,,,,,,,,,,710,408.3
1787592000,131.82,131.85,131.81,131.82,132.19,131.1,,,,,,,,,,,,,,,,,,,,,,,,,,,,,,,,,,,,,,,,,,,,,,,,,,,,259,420.5
1787592060,131.79,131.79,131.7,131.7,132.19,131.1,,,,,,,,,,,,,,,,,,,,,,,,,,,,,,,,,,,,,,,,,,,,,,,,,,,,549,443.2
1787592120,131.7,131.7,131.63,131.7,132.19,131.1,,,,,,,,,,,,,,,,,,,,,,,,,,,,,,,,,,,,,,,,,,,,,,,,,,,,5276,698.3
1787592180,131.67,131.73,131.64,131.64,132.19,131.1,,,,,,,,,,,,,,,,,,,,,,,,,,,,,,,,,,,,,,,,,,,,,,,,,,,,577,716.9
1787592240,131.65,131.69,131.61,131.64,132.19,131.1,,,,,,,,,,,,,,,,,,,,,,,,,,,,,,,,,,,,,,,,,,,,,,,,,,,,288,728.25
1787592300,131.63,131.64,131.59,131.625,132.19,131.1,,,,,,,,,,,,,,,,,,,,,,,,,,,,,,,,,,,,,,,,,,,,,,,,,,,,400,729.25
1787592360,131.635,131.66,131.62,131.66,132.19,131.1,,,,,,,,,,,,,,,,,,,,,,,,,,,,,,,,,,,,,,,,,,,,,,,,,,,,447,710.25
1787592420,131.62,131.645,131.605,131.645,132.19,131.1,,,,,,,,,,,,,,,,,,,,,,,,,,,,,,,,,,,,,,,,,,,,,,,,,,,,305,710.05
1787592480,131.63,131.66,131.61,131.62,132.19,131.1,,,,,,,,,,,,,,,,,,,,,,,,,,,,,,,,,,,,,,,,,,,,,,,,,,,,721,712.4
1787592540,131.64,131.66,131.62,131.625,132.19,131.1,,,,,,,,,,,,,,,,,,,,,,,,,,,,,,,,,,,,,,,,,,,,,,,,,,,,303,702.95
1787592600,131.6,131.6,131.6,131.6,132.19,131.1,,,,,,,,,,,,,,,,,,,,,,,,,,,,,,,,,,,,,,,,,,,,,,,,,,,,9,642.2
1787592660,131.61,131.65,131.61,131.64,132.19,131.1,,,,,,,,,,,,,,,,,,,,,,,,,,,,,,,,,,,,,,,,,,,,,,,,,,,,530,637.15
1787592720,131.66,131.75,131.66,131.73,132.19,131.1,,,,,,,,,,,,,,,,,,,,,,,,,,,,,,,,,,,,,,,,,,,,,,,,,,,,882,674.8
1787592780,131.71,131.72,131.69,131.7,132.19,131.1,,,,,,,,,,,,,,,,,,,,,,,,,,,,,,,,,,,,,,,,,,,,,,,,,,,,959,712.25
1787592840,131.72,131.74,131.65,131.65,132.19,131.1,,,,,,,,,,,,,,,,,,,,,,,,,,,,,,,,,,,,,,,,,,,,,,,,,,,,545,712.35
1787592900,131.61,131.77,131.61,131.68,132.19,131.1,,,,,,,,,,,,,,,,,,,,,,,,,,,,,,,,,,,,,,,,,,,,,,,,,,,,6309,1020.25
1787592960,131.66,131.66,131.66,131.66,132.19,131.1,,,,,,,,,,,,,,,,,,,,,,,,,,,,,,,,,,,,,,,,,,,,,,,,,,,,60,999.5
1787593020,131.66,131.68,131.62,131.63,132.19,131.1,,,,,,,,,,,,,,,,,,,,,,,,,,,,,,,,,,,,,,,,,,,,,,,,,,,,487,1001.7
1787593080,131.63,131.69,131.63,131.69,132.19,131.1,,,,,,,,,,,,,,,,,,,,,,,,,,,,,,,,,,,,,,,,,,,,,,,,,,,,241,992.85
1787593140,131.68,131.68,131.66,131.66,132.19,131.1,,,,,,,,,,,,,,,,,,,,,,,,,,,,,,,,,,,,,,,,,,,,,,,,,,,,419,978.3
1787593200,131.675,131.68,131.65,131.67,132.19,131.1,,,,,,,,,,,,,,,,,,,,,,,,,,,,,,,,,,,,,,,,,,,,,,,,,,,,364,983.55
1787593260,131.645,131.78,131.645,131.77,132.19,131.1,,,,,,,,,,,,,,,,,,,,,,,,,,,,,,,,,,,,,,,,,,,,,,,,,,,,986,1005.4
1787593320,131.75,131.76,131.74,131.75,132.19,131.1,,,,,,,,,,,,,,,,,,,,,,,,,,,,,,,,,,,,,,,,,,,,,,,,,,,,59,744.55
1787593380,131.73,131.74,131.73,131.73,132.19,131.1,,,,,,,,,,,,,,,,,,,,,,,,,,,,,,,,,,,,,,,,,,,,,,,,,,,,427,737.05
1787593440,131.72,131.725,131.645,131.65,132.19,131.1,,,,,,,,,,,,,,,,,,,,,,,,,,,,,,,,,,,,,,,,,,,,,,,,,,,,1471,796.2
1787593500,131.65,131.65,131.61,131.615,132.19,131.1,,,,,,,,,,,,,,,,,,,,,,,,,,,,,,,,,,,,,,,,,,,,,,,,,,,,642,808.3
1787593560,131.6,131.62,131.6,131.62,132.19,131.1,,,,,,,,,,,,,,,,,,,,,,,,,,,,,,,,,,,,,,,,,,,,,,,,,,,,50,788.45
1787593620,131.63,131.65,131.63,131.65,132.19,131.1,,,,,,,,,,,,,,,,,,,,,,,,,,,,,,,,,,,,,,,,,,,,,,,,,,,,289,787.65
1787593680,131.64,131.74,131.64,131.74,132.19,131.1,,,,,,,,,,,,,,,,,,,,,,,,,,,,,,,,,,,,,,,,,,,,,,,,,,,,1283,815.75
1787593740,131.71,131.71,131.64,131.67,132.19,131.1,,,,,,,,,,,,,,,,,,,,,,,,,,,,,,,,,,,,,,,,,,,,,,,,,,,,357,818.45
1787593800,131.69,131.77,131.67,131.75,132.19,131.1,,,,,,,,,,,,,,,,,,,,,,,,,,,,,,,,,,,,,,,,,,,,,,,,,,,,941,865.05
1787593860,131.75,131.78,131.71,131.72,132.19,131.1,,,,,,,,,,,,,,,,,,,,,,,,,,,,,,,,,,,,,,,,,,,,,,,,,,,,6280,1152.55
1787593920,131.71,131.73,131.69,131.71,132.19,131.1,,,,,,,,,,,,,,,,,,,,,,,,,,,,,,,,,,,,,,,,,,,,,,,,,,,,827,1149.8
1787593980,131.72,131.76,131.7,131.72,132.19,131.1,,,,,,,,,,,,,,,,,,,,,,,,,,,,,,,,,,,,,,,,,,,,,,,,,,,,736,1138.65
1787594040,131.73,131.78,131.7,131.78,132.19,131.1,,,,,,,,,,,,,,,,,,,,,,,,,,,,,,,,,,,,,,,,,,,,,,,,,,,,461,1134.45
1787594100,131.8,131.83,131.795,131.83,132.19,131.1,,,,,,,,,,,,,,,,,,,,,,,,,,,,,,,,,,,,,,,,,,,,,,,,,,,,29,820.45
1787594160,131.83,131.885,131.83,131.88,132.19,131.1,,,,,,,,,,,,,,,,,,,,,,,,,,,,,,,,,,,,,,,,,,,,,,,,,,,,1022,868.55
1787594220,131.88,131.93,131.88,131.93,132.19,131.1,,,,,,,,,,,,,,,,,,,,,,,,,,,,,,,,,,,,,,,,,,,,,,,,,,,,242,856.3
1787594280,131.92,131.92,131.895,131.895,132.19,131.1,,,,,,,,,,,,,,,,,,,,,,,,,,,,,,,,,,,,,,,,,,,,,,,,,,,,261,857.3
1787594340,131.88,131.91,131.88,131.91,132.19,131.1,,,,,,,,,,,,,,,,,,,,,,,,,,,,,,,,,,,,,,,,,,,,,,,,,,,,422,857.45
1787594400,131.92,131.97,131.91,131.91,132.19,131.1,,,,,,,,,,,,,,,,,,,,,,,,,,,,,,,,,,,,,,,,,,,,,,,,,,,,757,877.1
1787594460,131.91,131.94,131.88,131.94,132.19,131.1,,,,,,,,,,,,,,,,,,,,,,,,,,,,,,,,,,,,,,,,,,,,,,,,,,,,492,852.4
1787594520,131.95,131.96,131.92,131.955,132.19,131.1,,,,,,,,,,,,,,,,,,,,,,,,,,,,,,,,,,,,,,,,,,,,,,,,,,,,206,859.75
1787594580,131.94,132,131.93,131.97,132.19,131.1,,,,,,,,,,,,,,,,,,,,,,,,,,,,,,,,,,,,,,,,,,,,,,,,,,,,826,879.7
1787594640,131.95,131.96,131.95,131.96,132.19,131.1,,,,,,,,,,,,,,,,,,,,,,,,,,,,,,,,,,,,,,,,,,,,,,,,,,,,35,807.9
1787594700,131.94,131.94,131.9,131.91,132.19,131.1,,,,,,,,,,,,,,,,,,,,,,,,,,,,,,,,,,,,,,,,,,,,,,,,,,,,25,777.05
1787594760,131.93,131.93,131.83,131.83,132.19,131.1,,,,,,,,,,,,,,,,,,,,,,,,,,,,,,,,,,,,,,,,,,,,,,,,,,,,5601,1054.6
1787594820,131.83,131.83,131.77,131.78,132.19,131.1,,,,,,,,,,,,,,,,,,,,,,,,,,,,,,,,,,,,,,,,,,,,,,,,,,,,416,1060.95
1787594880,131.81,131.82,131.81,131.82,132.19,131.1,,,,,,,,,,,,,,,,,,,,,,,,,,,,,,,,,,,,,,,,,,,,,,,,,,,,19,997.75
1787594940,131.82,131.89,131.82,131.89,132.19,131.1,,,,,,,,,,,,,,,,,,,,,,,,,,,,,,,,,,,,,,,,,,,,,,,,,,,,373,998.55
1787595000,131.91,131.93,131.91,131.925,132.19,131.1,,,,,,,,,,,,,,,,,,,,,,,,,,,,,,,,,,,,,,,,,,,,,,,,,,,,69,954.95
1787595060,131.94,131.94,131.88,131.89,132.19,131.1,,,,,,,,,,,,,,,,,,,,,,,,,,,,,,,,,,,,,,,,,,,,,,,,,,,,526,667.25
1787595120,131.93,131.94,131.91,131.92,132.19,131.1,,,,,,,,,,,,,,,,,,,,,,,,,,,,,,,,,,,,,,,,,,,,,,,,,,,,497,650.75
1787595180,131.95,131.985,131.95,131.96,132.19,131.1,,,,,,,,,,,,,,,,,,,,,,,,,,,,,,,,,,,,,,,,,,,,,,,,,,,,244,626.15
1787595240,131.94,132.01,131.94,132.01,132.19,131.1,,,,,,,,,,,,,,,,,,,,,,,,,,,,,,,,,,,,,,,,,,,,,,,,,,,,163,611.25
1787595300,132,132.05,132,132.04,132.19,131.1,,,,,,,,,,,,,,,,,,,,,,,,,,,,,,,,,,,,,,,,,,,,,,,,,,,,364,628
1787595360,132.03,132.09,132.03,132.09,132.19,131.1,,,,,,,,,,,,,,,,,,,,,,,,,,,,,,,,,,,,,,,,,,,,,,,,,,,,112,582.5
1787595420,132.055,132.115,132.055,132.09,132.19,131.1,,,,,,,,,,,,,,,,,,,,,,,,,,,,,,,,,,,,,,,,,,,,,,,,,,,,932,617
1787595480,132.12,132.13,132.1,132.1,132.19,131.1,,,,,,,,,,,,,,,,,,,,,,,,,,,,,,,,,,,,,,,,,,,,,,,,,,,,764,642.15
1787595540,132.09,132.15,132.08,132.15,132.19,131.1,,,,,,,,,,,,,,,,,,,,,,,,,,,,,,,,,,,,,,,,,,,,,,,,,,,,267,634.4
1787595600,132.13,132.16,132.1,132.1,132.19,131.1,,,,,,,,,,,,,,,,,,,,,,,,,,,,,,,,,,,,,,,,,,,,,,,,,,,,233,608.2
1787595660,132.11,132.13,132.1,132.13,132.19,131.1,,,,,,,,,,,,,,,,,,,,,,,,,,,,,,,,,,,,,,,,,,,,,,,,,,,,191,593.15
1787595720,132.12,132.12,132.05,132.055,132.19,131.1,,,,,,,,,,,,,,,,,,,,,,,,,,,,,,,,,,,,,,,,,,,,,,,,,,,,693,617.5
1787595780,132.05,132.06,132.03,132.03,132.19,131.1,,,,,,,,,,,,,,,,,,,,,,,,,,,,,,,,,,,,,,,,,,,,,,,,,,,,526,602.5
1787595840,132.05,132.07,132.04,132.04,132.19,131.1,,,,,,,,,,,,,,,,,,,,,,,,,,,,,,,,,,,,,,,,,,,,,,,,,,,,209,611.2
1787595900,132,132,131.99,131.99,132.19,131.1,,,,,,,,,,,,,,,,,,,,,,,,,,,,,,,,,,,,,,,,,,,,,,,,,,,,257,622.8
1787595960,131.99,132.02,131.99,132,132.19,131.1,,,,,,,,,,,,,,,,,,,,,,,,,,,,,,,,,,,,,,,,,,,,,,,,,,,,79,346.7
1787596020,132.01,132.04,132.01,132.04,132.19,131.1,,,,,,,,,,,,,,,,,,,,,,,,,,,,,,,,,,,,,,,,,,,,,,,,,,,,1020,376.9
1787596080,132.04,132.06,132.02,132.05,132.19,131.1,,,,,,,,,,,,,,,,,,,,,,,,,,,,,,,,,,,,,,,,,,,,,,,,,,,,659,408.9
1787596140,132.07,132.09,132.05,132.07,132.19,131.1,,,,,,,,,,,,,,,,,,,,,,,,,,,,,,,,,,,,,,,,,,,,,,,,,,,,541,417.3
1787596200,132.11,132.13,132.07,132.07,132.19,131.1,,,,,,,,,,,,,,,,,,,,,,,,,,,,,,,,,,,,,,,,,,,,,,,,,,,,457,436.7
1787596260,132.07,132.11,132.05,132.07,132.19,131.1,,,,,,,,,,,,,,,,,,,,,,,,,,,,,,,,,,,,,,,,,,,,,,,,,,,,240,422.4
1787596320,132.07,132.07,132.07,132.07,132.19,131.1,,,,,,,,,,,,,,,,,,,,,,,,,,,,,,,,,,,,,,,,,,,,,,,,,,,,27,398.9
1787596380,132.07,132.07,132.04,132.07,132.19,131.1,,,,,,,,,,,,,,,,,,,,,,,,,,,,,,,,,,,,,,,,,,,,,,,,,,,,447,409.05
1787596440,132.05,132.05,132.03,132.03,132.19,131.1,,,,,,,,,,,,,,,,,,,,,,,,,,,,,,,,,,,,,,,,,,,,,,,,,,,,51,403.45
1787596500,132.01,132.05,132.01,132.04,132.19,131.1,,,,,,,,,,,,,,,,,,,,,,,,,,,,,,,,,,,,,,,,,,,,,,,,,,,,94,389.95
1787596560,132.07,132.08,132.03,132.07,132.19,131.1,,,,,,,,,,,,,,,,,,,,,,,,,,,,,,,,,,,,,,,,,,,,,,,,,,,,289,398.8
1787596620,132.07,132.07,132.06,132.06,132.19,131.1,,,,,,,,,,,,,,,,,,,,,,,,,,,,,,,,,,,,,,,,,,,,,,,,,,,,14,352.9
1787596680,132.08,132.1,132.08,132.09,132.19,131.1,,,,,,,,,,,,,,,,,,,,,,,,,,,,,,,,,,,,,,,,,,,,,,,,,,,,921,360.75
1787596740,132.08,132.13,132.08,132.13,132.19,131.1,,,,,,,,,,,,,,,,,,,,,,,,,,,,,,,,,,,,,,,,,,,,,,,,,,,,404,367.6
1787596800,132.13,132.15,132.13,132.14,132.19,131.1,,,,,,,,,,,,,,,,,,,,,,,,,,,,,,,,,,,,,,,,,,,,,,,,,,,,296,370.75
1787596860,132.14,132.14,132.09,132.12,132.19,131.1,,,,,,,,,,,,,,,,,,,,,,,,,,,,,,,,,,,,,,,,,,,,,,,,,,,,1249,423.65
1787596920,132.13,132.16,132.07,132.16,132.19,131.1,,,,,,,,,,,,,,,,,,,,,,,,,,,,,,,,,,,,,,,,,,,,,,,,,,,,539,415.95
1787596980,132.17,132.2,132.16,132.16,132.19,131.1,,,,,,,,,,,,,,,,,,,,,,,,,,,,,,,,,,,,,,,,,,,,,,,,,,,,724,425.85
1787597040,132.16,132.17,132.14,132.17,132.19,131.1,,,,,,,,,,,,,,,,,,,,,,,,,,,,,,,,,,,,,,,,,,,,,,,,,,,,460,438.4
1787597100,132.14,132.14,132.14,132.14,132.19,131.1,,,,,,,,,,,,,,,,,,,,,,,,,,,,,,,,,,,,,,,,,,,,,,,,,,,,1,425.6
1787597160,132.15,132.15,132.09,132.11,132.19,131.1,,,,,,,,,,,,,,,,,,,,,,,,,,,,,,,,,,,,,,,,,,,,,,,,,,,,211,432.2
1787597220,132.11,132.15,132.11,132.15,132.19,131.1,,,,,,,,,,,,,,,,,,,,,,,,,,,,,,,,,,,,,,,,,,,,,,,,,,,,483,405.35
1787597280,132.14,132.16,132.13,132.16,132.19,131.1,,,,,,,,,,,,,,,,,,,,,,,,,,,,,,,,,,,,,,,,,,,,,,,,,,,,342,389.5
1787597340,132.17,132.22,132.17,132.22,132.19,131.1,,,,,,,,,,,,,,,,,,,,,,,,,,,,,,,,,,,,,,,,,,,,,,,,,,,,402,382.55
1787597400,132.24,132.27,132.19,132.2,132.19,131.1,,,,,,,,,,,,,,,,,,,,,,,,,,,,,,,,,,,,,,,,,,,,,,,,,,,,1362,427.8
1787597460,132.195,132.195,132.15,132.15,132.19,131.1,,,,,,,,,,,,,,,,,,,,,,,,,,,,,,,,,,,,,,,,,,,,,,,,,,,,123,421.95
1787597520,132.18,132.19,132.13,132.13,132.19,131.1,,,,,,,,,,,,,,,,,,,,,,,,,,,,,,,,,,,,,,,,,,,,,,,,,,,,370,439.1
1787597580,132.15,132.15,132.13,132.13,132.19,131.1,,,,,,,,,,,,,,,,,,,,,,,,,,,,,,,,,,,,,,,,,,,,,,,,,,,,79,420.7
1787597640,132.14,132.14,132.13,132.13,132.19,131.1,,,,,,,,,,,,,,,,,,,,,,,,,,,,,,,,,,,,,,,,,,,,,,,,,,,,32,419.75
1787597700,132.14,132.16,132.095,132.16,132.19,131.1,,,,,,,,,,,,,,,,,,,,,,,,,,,,,,,,,,,,,,,,,,,,,,,,,,,,1531,491.6
1787597760,132.17,132.17,132.11,132.11,132.19,131.1,,,,,,,,,,,,,,,,,,,,,,,,,,,,,,,,,,,,,,,,,,,,,,,,,,,,1788,566.55
1787597820,132.13,132.15,132.11,132.12,132.19,131.1,,,,,,,,,,,,,,,,,,,,,,,,,,,,,,,,,,,,,,,,,,,,,,,,,,,,910,611.35
1787597880,132.11,132.115,132.04,132.04,132.19,131.1,,,,,,,,,,,,,,,,,,,,,,,,,,,,,,,,,,,,,,,,,,,,,,,,,,,,1107,620.65
1787597940,132.03,132.04,131.96,131.96,132.19,131.1,,,,,,,,,,,,,,,,,,,,,,,,,,,,,,,,,,,,,,,,,,,,,,,,,,,,905,645.7
1787598000,131.95,131.97,131.92,131.96,132.19,131.1,,,,,,,,,,,,,,,,,,,,,,,,,,,,,,,,,,,,,,,,,,,,,,,,,,,,2475,754.65
1787598060,131.93,132,131.93,132,132.19,131.1,,,,,,,,,,,,,,,,,,,,,,,,,,,,,,,,,,,,,,,,,,,,,,,,,,,,338,709.1
1787598120,131.99,132.02,131.99,131.99,132.19,131.1,,,,,,,,,,,,,,,,,,,,,,,,,,,,,,,,,,,,,,,,,,,,,,,,,,,,1269,745.6
1787598180,131.98,131.98,131.94,131.94,132.19,131.1,,,,,,,,,,,,,,,,,,,,,,,,,,,,,,,,,,,,,,,,,,,,,,,,,,,,231,720.95
1787598240,131.95,131.96,131.93,131.94,132.19,131.1,,,,,,,,,,,,,,,,,,,,,,,,,,,,,,,,,,,,,,,,,,,,,,,,,,,,1671,781.5
1787598300,131.93,131.99,131.93,131.99,132.19,131.1,,,,,,,,,,,,,,,,,,,,,,,,,,,,,,,,,,,,,,,,,,,,,,,,,,,,1345,848.7
1787598360,131.99,131.99,131.92,131.94,132.19,131.1,,,,,,,,,,,,,,,,,,,,,,,,,,,,,,,,,,,,,,,,,,,,,,,,,,,,243,850.3
1787598420,131.94,131.95,131.92,131.92,132.19,131.1,,,,,,,,,,,,,,,,,,,,,,,,,,,,,,,,,,,,,,,,,,,,,,,,,,,,1651,908.7
1787598480,131.92,131.95,131.92,131.94,132.19,131.1,,,,,,,,,,,,,,,,,,,,,,,,,,,,,,,,,,,,,,,,,,,,,,,,,,,,124,897.8
1787598540,131.94,132,131.94,132,132.19,131.1,,,,,,,,,,,,,,,,,,,,,,,,,,,,,,,,,,,,,,,,,,,,,,,,,,,,547,905.05
1787598600,131.99,131.99,131.97,131.97,132.19,131.1,,,,,,,,,,,,,,,,,,,,,,,,,,,,,,,,,,,,,,,,,,,,,,,,,,,,318,852.85
1787598660,131.99,131.99,131.97,131.99,132.19,131.1,,,,,,,,,,,,,,,,,,,,,,,,,,,,,,,,,,,,,,,,,,,,,,,,,,,,720,882.7
1787598720,132.01,132.03,132.01,132.03,132.19,131.1,,,,,,,,,,,,,,,,,,,,,,,,,,,,,,,,,,,,,,,,,,,,,,,,,,,,240,876.2
1787598780,132.045,132.07,132.03,132.05,132.19,131.1,,,,,,,,,,,,,,,,,,,,,,,,,,,,,,,,,,,,,,,,,,,,,,,,,,,,3122,1028.35
1787598840,132.02,132.08,132.02,132.07,132.19,131.1,,,,,,,,,,,,,,,,,,,,,,,,,,,,,,,,,,,,,,,,,,,,,,,,,,,,1042,1078.85
1787598900,132.05,132.07,132.03,132.04,132.19,131.1,,,,,,,,,,,,,,,,,,,,,,,,,,,,,,,,,,,,,,,,,,,,,,,,,,,,878,1046.2
1787598960,132.05,132.06,132.02,132.02,132.19,131.1,,,,,,,,,,,,,,,,,,,,,,,,,,,,,,,,,,,,,,,,,,,,,,,,,,,,470,980.3
1787599020,131.98,132,131.98,132,132.19,131.1,,,,,,,,,,,,,,,,,,,,,,,,,,,,,,,,,,,,,,,,,,,,,,,,,,,,231,946.35
1787599080,132,132.03,132,132.01,132.19,131.1,,,,,,,,,,,,,,,,,,,,,,,,,,,,,,,,,,,,,,,,,,,,,,,,,,,,176,899.8
1787599140,132.01,132.07,132,132.03,132.19,131.1,,,,,,,,,,,,,,,,,,,,,,,,,,,,,,,,,,,,,,,,,,,,,,,,,,,,704,889.75
1787599200,132.02,132.02,132,132,132.19,131.1,,,,,,,,,,,,,,,,,,,,,,,,,,,,,,,,,,,,,,,,,,,,,,,,,,,,505,791.25
1787599260,132,132,131.95,131.95,132.19,131.1,,,,,,,,,,,,,,,,,,,,,,,,,,,,,,,,,,,,,,,,,,,,,,,,,,,,347,791.7
1787599320,131.95,131.95,131.93,131.93,132.19,131.1,,,,,,,,,,,,,,,,,,,,,,,,,,,,,,,,,,,,,,,,,,,,,,,,,,,,498,753.15
1787599380,131.94,131.95,131.85,131.85,132.19,131.1,,,,,,,,,,,,,,,,,,,,,,,,,,,,,,,,,,,,,,,,,,,,,,,,,,,,5002,991.7
1787599440,131.85,131.86,131.815,131.815,132.19,131.1,,,,,,,,,,,,,,,,,,,,,,,,,,,,,,,,,,,,,,,,,,,,,,,,,,,,292,922.75
1787599500,131.82,131.875,131.82,131.875,132.19,131.1,,,,,,,,,,,,,,,,,,,,,,,,,,,,,,,,,,,,,,,,,,,,,,,,,,,,1778,944.4
1787599560,131.875,131.93,131.87,131.87,132.19,131.1,,,,,,,,,,,,,,,,,,,,,,,,,,,,,,,,,,,,,,,,,,,,,,,,,,,,1253,994.9
1787599620,131.82,131.86,131.81,131.86,132.19,131.1,,,,,,,,,,,,,,,,,,,,,,,,,,,,,,,,,,,,,,,,,,,,,,,,,,,,403,932.5
1787599680,131.86,131.9,131.86,131.89,132.19,131.1,,,,,,,,,,,,,,,,,,,,,,,,,,,,,,,,,,,,,,,,,,,,,,,,,,,,1001,976.35
1787599740,131.89,131.89,131.87,131.87,132.19,131.1,,,,,,,,,,,,,,,,,,,,,,,,,,,,,,,,,,,,,,,,,,,,,,,,,,,,1011,999.55
1787599800,131.86,131.87,131.84,131.86,132.19,131.1,,,,,,,,,,,,,,,,,,,,,,,,,,,,,,,,,,,,,,,,,,,,,,,,,,,,1395,1053.4
1787599860,131.9,131.9,131.87,131.89,132.19,131.1,,,,,,,,,,,,,,,,,,,,,,,,,,,,,,,,,,,,,,,,,,,,,,,,,,,,270,1030.9
1787599920,131.91,132,131.91,132,132.19,131.1,,,,,,,,,,,,,,,,,,,,,,,,,,,,,,,,,,,,,,,,,,,,,,,,,,,,1930,1115.4
1787599980,132.02,132.02,131.97,131.97,132.19,131.1,,,,,,,,,,,,,,,,,,,,,,,,,,,,,,,,,,,,,,,,,,,,,,,,,,,,1069,1012.75
1787600040,131.98,131.99,131.9,131.9,132.19,131.1,,,,,,,,,,,,,,,,,,,,,,,,,,,,,,,,,,,,,,,,,,,,,,,,,,,,923,1006.8
1787600100,131.88,131.9,131.82,131.89,132.19,131.1,,,,,,,,,,,,,,,,,,,,,,,,,,,,,,,,,,,,,,,,,,,,,,,,,,,,1521,1038.95
1787600160,131.9,131.9,131.86,131.87,132.19,131.1,,,,,,,,,,,,,,,,,,,,,,,,,,,,,,,,,,,,,,,,,,,,,,,,,,,,504,1040.65
1787600220,131.87,131.88,131.85,131.88,132.19,131.1,,,,,,,,,,,,,,,,,,,,,,,,,,,,,,,,,,,,,,,,,,,,,,,,,,,,1042,1081.2
1787600280,131.89,131.89,131.8,131.815,132.19,131.1,,,,,,,,,,,,,,,,,,,,,,,,,,,,,,,,,,,,,,,,,,,,,,,,,,,,1651,1154.95
1787600340,131.81,131.82,131.77,131.78,132.19,131.1,,,,,,,,,,,,,,,,,,,,,,,,,,,,,,,,,,,,,,,,,,,,,,,,,,,,892,1164.35
1787600400,131.76,131.85,131.76,131.84,132.19,131.1,,,,,,,,,,,,,,,,,,,,,,,,,,,,,,,,,,,,,,,,,,,,,,,,,,,,1458,1212
1787600460,131.85,131.85,131.74,131.745,132.19,131.1,,,,,,,,,,,,,,,,,,,,,,,,,,,,,,,,,,,,,,,,,,,,,,,,,,,,2604,1324.85
1787600520,131.77,131.84,131.77,131.84,132.19,131.1,,,,,,,,,,,,,,,,,,,,,,,,,,,,,,,,,,,,,,,,,,,,,,,,,,,,1196,1359.75
1787600580,131.83,131.83,131.81,131.82,132.19,131.1,,,,,,,,,,,,,,,,,,,,,,,,,,,,,,,,,,,,,,,,,,,,,,,,,,,,608,1140.05
1787600640,131.85,131.85,131.8,131.82,132.19,131.1,,,,,,,,,,,,,,,,,,,,,,,,,,,,,,,,,,,,,,,,,,,,,,,,,,,,769,1163.9
1787600700,131.83,131.85,131.77,131.78,132.19,131.1,,,,,,,,,,,,,,,,,,,,,,,,,,,,,,,,,,,,,,,,,,,,,,,,,,,,976,1123.8
1787600760,131.77,131.8,131.76,131.79,132.19,131.1,,,,,,,,,,,,,,,,,,,,,,,,,,,,,,,,,,,,,,,,,,,,,,,,,,,,1619,1142.1
1787600820,131.77,131.78,131.75,131.77,132.19,131.1,,,,,,,,,,,,,,,,,,,,,,,,,,,,,,,,,,,,,,,,,,,,,,,,,,,,1929,1218.4
1787600880,131.77,131.79,131.74,131.76,132.19,131.1,,,,,,,,,,,,,,,,,,,,,,,,,,,,,,,,,,,,,,,,,,,,,,,,,,,,1036,1220.15
1787600940,131.75,131.75,131.65,131.7,132.19,131.1,,,,,,,,,,,,,,,,,,,,,,,,,,,,,,,,,,,,,,,,,,,,,,,,,,,,2803,1309.75
1787601000,131.67,131.72,131.61,131.63,132.19,131.1,,,,,,,,,,,,,,,,,,,,,,,,,,,,,,,,,,,,,,,,,,,,,,,,,,,,6973,1588.65
1787601060,131.63,131.64,131.54,131.54,132.19,131.1,,,,,,,,,,,,,,,,,,,,,,,,,,,,,,,,,,,,,,,,,,,,,,,,,,,,14072,2278.75
1787601120,131.53,131.55,131.49,131.55,132.19,131.1,,,,,,,,,,,,,,,,,,,,,,,,,,,,,,,,,,,,,,,,,,,,,,,,,,,,8288,2596.65
1787601180,131.57,131.58,131.55,131.58,132.19,131.1,,,,,,,,,,,,,,,,,,,,,,,,,,,,,,,,,,,,,,,,,,,,,,,,,,,,1456,2616
1787601240,131.61,131.69,131.6,131.66,132.19,131.1,,,,,,,,,,,,,,,,,,,,,,,,,,,,,,,,,,,,,,,,,,,,,,,,,,,,3519,2745.8
1787601300,131.67,131.82,131.67,131.8,132.19,131.1,,,,,,,,,,,,,,,,,,,,,,,,,,,,,,,,,,,,,,,,,,,,,,,,,,,,6839,3011.7
1787601360,131.79,131.84,131.76,131.76,132.19,131.1,,,,,,,,,,,,,,,,,,,,,,,,,,,,,,,,,,,,,,,,,,,,,,,,,,,,4157,3194.35
1787601420,131.75,131.76,131.64,131.64,132.19,131.1,,,,,,,,,,,,,,,,,,,,,,,,,,,,,,,,,,,,,,,,,,,,,,,,,,,,5085,3396.5
1787601480,131.65,131.75,131.61,131.75,132.19,131.1,,,,,,,,,,,,,,,,,,,,,,,,,,,,,,,,,,,,,,,,,,,,,,,,,,,,8732,3750.55
1787601540,131.75,131.78,131.57,131.71,132.19,131.1,,,,,,,,,,,,,,,,,,,,,,,,,,,,,,,,,,,,,,,,,,,,,,,,,,,,18151,4613.5
1787664600,132.73,132.73,132.35,132.46,132.73,132.35,,,,,,,,,,,,,,,,,,,,,,,,,,,,,,,,,,,,,,,,,,,,,,,,,,,,23,4541.75
1787664660,132.3,132.42,132.1,132.22,132.73,132.1,,,,,,,,,,,,,,,,,,,,,,,,,,,,,,,,,,,,,,,,,,,,,,,,,,,,4266,4624.85
1787664720,132.25,132.355,132.07,132.07,132.73,132.07,,,,,,,,,,,,,,,,,,,,,,,,,,,,,,,,,,,,,,,,,,,,,,,,,,,,4332,4781.65
1787664780,132.08,132.24,131.8,132.24,132.73,131.8,,,,,,,,,,,,,,,,,,,,,,,,,,,,,,,,,,,,,,,,,,,,,,,,,,,,6039,5053.2
1787664840,132.35,132.375,131.975,131.975,132.73,131.8,,,,,,,,,,,,,,,,,,,,,,,,,,,,,,,,,,,,,,,,,,,,,,,,,,,,4629,5246.2
1787664900,131.92,131.92,131.55,131.67,132.73,131.55,,,,,,,,,,,,,,,,,,,,,,,,,,,,,,,,,,,,,,,,,,,,,,,,,,,,9153,5655.05
1787664960,131.67,131.95,131.55,131.84,132.73,131.55,,,,,,,,,,,,,,,,,,,,,,,,,,,,,,,,,,,,,,,,,,,,,,,,,,,,15177,6332.95
1787665020,131.71,132.35,131.615,132.22,132.73,131.55,,,,,,,,,,,,,,,,,,,,,,,,,,,,,,,,,,,,,,,,,,,,,,,,,,,,13463,6909.65
1787665080,132.24,132.24,131.72,131.72,132.73,131.55,,,,,,,,,,,,,,,,,,,,,,,,,,,,,,,,,,,,,,,,,,,,,,,,,,,,4325,7074.1
1787665140,131.79,132.03,131.79,131.95,132.73,131.55,,,,,,,,,,,,,,,,,,,,,,,,,,,,,,,,,,,,,,,,,,,,,,,,,,,,798,6973.85
1787665200,131.97,132.02,131.68,131.71,132.73,131.55,,,,,,,,,,,,,,,,,,,,,,,,,,,,,,,,,,,,,,,,,,,,,,,,,,,,4193,6834.85
1787665260,131.7,132.15,131.7,132.13,132.73,131.55,,,,,,,,,,,,,,,,,,,,,,,,,,,,,,,,,,,,,,,,,,,,,,,,,,,,1838,6223.15
1787665320,132.13,132.28,132.11,132.28,132.73,131.55,,,,,,,,,,,,,,,,,,,,,,,,,,,,,,,,,,,,,,,,,,,,,,,,,,,,784,5847.95
1787665380,132.32,132.37,132.17,132.17,132.73,131.55,,,,,,,,,,,,,,,,,,,,,,,,,,,,,,,,,,,,,,,,,,,,,,,,,,,,1723,5861.3
1787665440,132.14,132.26,132.12,132.16,132.73,131.55,,,,,,,,,,,,,,,,,,,,,,,,,,,,,,,,,,,,,,,,,,,,,,,,,,,,581,5714.4
1787665500,132.21,132.27,132.05,132.05,132.73,131.55,,,,,,,,,,,,,,,,,,,,,,,,,,,,,,,,,,,,,,,,,,,,,,,,,,,,1431,5444
1787665560,132.03,132.03,131.77,131.79,132.73,131.55,,,,,,,,,,,,,,,,,,,,,,,,,,,,,,,,,,,,,,,,,,,,,,,,,,,,1656,5318.95
1787665620,131.83,131.87,131.71,131.74,132.73,131.55,,,,,,,,,,,,,,,,,,,,,,,,,,,,,,,,,,,,,,,,,,,,,,,,,,,,1802,5154.8
1787665680,131.72,131.73,131.65,131.73,132.73,131.55,,,,,,,,,,,,,,,,,,,,,,,,,,,,,,,,,,,,,,,,,,,,,,,,,,,,626,4749.5
1787665740,131.69,131.705,131.59,131.68,132.73,131.55,,,,,,,,,,,,,,,,,,,,,,,,,,,,,,,,,,,,,,,,,,,,,,,,,,,,1667,3925.3
1787665800,131.72,131.82,131.57,131.71,132.73,131.55,,,,,,,,,,,,,,,,,,,,,,,,,,,,,,,,,,,,,,,,,,,,,,,,,,,,1339,3991.1
1787665860,131.62,131.75,131.62,131.74,132.73,131.55,,,,,,,,,,,,,,,,,,,,,,,,,,,,,,,,,,,,,,,,,,,,,,,,,,,,540,3804.8
1787665920,131.73,131.93,131.68,131.9,132.73,131.55,,,,,,,,,,,,,,,,,,,,,,,,,,,,,,,,,,,,,,,,,,,,,,,,,,,,1140,3645.2
1787665980,131.86,131.91,131.78,131.87,132.73,131.55,,,,,,,,,,,,,,,,,,,,,,,,,,,,,,,,,,,,,,,,,,,,,,,,,,,,2408,3463.65
1787666040,131.83,131.87,131.69,131.76,132.73,131.55,,,,,,,,,,,,,,,,,,,,,,,,,,,,,,,,,,,,,,,,,,,,,,,,,,,,562,3260.3
1787666100,131.82,131.9,131.82,131.87,132.73,131.55,,,,,,,,,,,,,,,,,,,,,,,,,,,,,,,,,,,,,,,,,,,,,,,,,,,,586,2831.95
1787666160,131.92,132.19,131.88,132.15,132.73,131.55,,,,,,,,,,,,,,,,,,,,,,,,,,,,,,,,,,,,,,,,,,,,,,,,,,,,1943,2170.25
1787666220,132.11,132.19,132.095,132.17,132.73,131.55,,,,,,,,,,,,,,,,,,,,,,,,,,,,,,,,,,,,,,,,,,,,,,,,,,,,716,1532.9
1787666280,132.17,132.225,132.09,132.17,132.73,131.55,,,,,,,,,,,,,,,,,,,,,,,,,,,,,,,,,,,,,,,,,,,,,,,,,,,,1123,1372.8
1787666340,132.22,132.39,132.15,132.37,132.73,131.55,,,,,,,,,,,,,,,,,,,,,,,,,,,,,,,,,,,,,,,,,,,,,,,,,,,,5129,1589.35
1787666400,132.375,132.44,132.19,132.3,132.73,131.55,,,,,,,,,,,,,,,,,,,,,,,,,,,,,,,,,,,,,,,,,,,,,,,,,,,,8981,1828.75
1787666460,132.33,132.575,132.29,132.49,132.73,131.55,,,,,,,,,,,,,,,,,,,,,,,,,,,,,,,,,,,,,,,,,,,,,,,,,,,,1758,1824.75
1787666520,132.51,132.58,132.37,132.47,132.73,131.55,,,,,,,,,,,,,,,,,,,,,,,,,,,,,,,,,,,,,,,,,,,,,,,,,,,,2229,1897
1787666580,132.49,132.52,132.24,132.3,132.73,131.55,,,,,,,,,,,,,,,,,,,,,,,,,,,,,,,,,,,,,,,,,,,,,,,,,,,,2371,1929.4
1787666640,132.25,132.25,132.01,132.11,132.73,131.55,,,,,,,,,,,,,,,,,,,,,,,,,,,,,,,,,,,,,,,,,,,,,,,,,,,,3697,2085.2
1787666700,132.1,132.1,131.98,132.09,132.73,131.55,,,,,,,,,,,,,,,,,,,,,,,,,,,,,,,,,,,,,,,,,,,,,,,,,,,,4610,2244.15
1787666760,132.12,132.16,132.05,132.055,132.73,131.55,,,,,,,,,,,,,,,,,,,,,,,,,,,,,,,,,,,,,,,,,,,,,,,,,,,,1966,2259.65
1787666820,132.04,132.1,131.99,131.99,132.73,131.55,,,,,,,,,,,,,,,,,,,,,,,,,,,,,,,,,,,,,,,,,,,,,,,,,,,,1043,2221.7
1787666880,132,132.12,131.99,132.06,132.73,131.55,,,,,,,,,,,,,,,,,,,,,,,,,,,,,,,,,,,,,,,,,,,,,,,,,,,,785,2229.65
1787666940,132.035,132.12,132.02,132.12,132.73,131.55,,,,,,,,,,,,,,,,,,,,,,,,,,,,,,,,,,,,,,,,,,,,,,,,,,,,536,2173.1
1787667000,132.14,132.17,132.07,132.09,132.73,131.55,,,,,,,,,,,,,,,,,,,,,,,,,,,,,,,,,,,,,,,,,,,,,,,,,,,,1099,2161.1
1787667060,132.07,132.16,132.05,132.07,132.73,131.55,,,,,,,,,,,,,,,,,,,,,,,,,,,,,,,,,,,,,,,,,,,,,,,,,,,,548,2161.5
1787667120,132.08,132.16,132.05,132.16,132.73,131.55,,,,,,,,,,,,,,,,,,,,,,,,,,,,,,,,,,,,,,,,,,,,,,,,,,,,439,2126.45
1787667180,132.13,132.15,132.09,132.11,132.73,131.55,,,,,,,,,,,,,,,,,,,,,,,,,,,,,,,,,,,,,,,,,,,,,,,,,,,,455,2028.8
1787667240,132.13,132.335,132.1,132.32,132.73,131.55,,,,,,,,,,,,,,,,,,,,,,,,,,,,,,,,,,,,,,,,,,,,,,,,,,,,2251,2113.25
1787667300,132.32,132.33,132.23,132.31,132.73,131.55,,,,,,,,,,,,,,,,,,,,,,,,,,,,,,,,,,,,,,,,,,,,,,,,,,,,1170,2142.45
1787667360,132.3,132.35,132.27,132.28,132.73,131.55,,,,,,,,,,,,,,,,,,,,,,,,,,,,,,,,,,,,,,,,,,,,,,,,,,,,2931,2191.85
1787667420,132.33,132.33,132.23,132.23,132.73,131.55,,,,,,,,,,,,,,,,,,,,,,,,,,,,,,,,,,,,,,,,,,,,,,,,,,,,959,2204
1787667480,132.21,132.24,132.18,132.23,132.73,131.55,,,,,,,,,,,,,,,,,,,,,,,,,,,,,,,,,,,,,,,,,,,,,,,,,,,,980,2196.85
1787667540,132.22,132.34,132.22,132.27,132.73,131.55,,,,,,,,,,,,,,,,,,,,,,,,,,,,,,,,,,,,,,,,,,,,,,,,,,,,1487,2014.75
1787667600,132.28,132.33,132.28,132.32,132.73,131.55,,,,,,,,,,,,,,,,,,,,,,,,,,,,,,,,,,,,,,,,,,,,,,,,,,,,626,1597
1787667660,132.3,132.32,132.23,132.32,132.73,131.55,,,,,,,,,,,,,,,,,,,,,,,,,,,,,,,,,,,,,,,,,,,,,,,,,,,,2774,1647.8
1787667720,132.32,132.32,132.235,132.26,132.73,131.55,,,,,,,,,,,,,,,,,,,,,,,,,,,,,,,,,,,,,,,,,,,,,,,,,,,,1841,1628.4
1787667780,132.255,132.45,132.255,132.45,132.73,131.55,,,,,,,,,,,,,,,,,,,,,,,,,,,,,,,,,,,,,,,,,,,,,,,,,,,,26694,2844.55
1787667840,132.4,132.48,132.39,132.47,132.73,131.55,,,,,,,,,,,,,,,,,,,,,,,,,,,,,,,,,,,,,,,,,,,,,,,,,,,,389,2679.15
1787667900,132.5,132.52,132.43,132.46,132.73,131.55,,,,,,,,,,,,,,,,,,,,,,,,,,,,,,,,,,,,,,,,,,,,,,,,,,,,451,2471.2
1787667960,132.45,132.48,132.42,132.45,132.73,131.55,,,,,,,,,,,,,,,,,,,,,,,,,,,,,,,,,,,,,,,,,,,,,,,,,,,,1442,2445
1787668020,132.47,132.51,132.44,132.5,132.73,131.55,,,,,,,,,,,,,,,,,,,,,,,,,,,,,,,,,,,,,,,,,,,,,,,,,,,,937,2439.7
1787668080,132.51,132.52,132.41,132.43,132.73,131.55,,,,,,,,,,,,,,,,,,,,,,,,,,,,,,,,,,,,,,,,,,,,,,,,,,,,897,2445.3
1787668140,132.44,132.5,132.44,132.5,132.73,131.55,,,,,,,,,,,,,,,,,,,,,,,,,,,,,,,,,,,,,,,,,,,,,,,,,,,,600,2448.5
1787668200,132.48,132.5,132,132.23,132.73,131.55,,,,,,,,,,,,,,,,,,,,,,,,,,,,,,,,,,,,,,,,,,,,,,,,,,,,20999,3443.5
1787668260,132.245,132.26,132.08,132.15,132.73,131.55,,,,,,,,,,,,,,,,,,,,,,,,,,,,,,,,,,,,,,,,,,,,,,,,,,,,5086,3670.4
1787668320,132.16,132.44,132.16,132.36,132.73,131.55,,,,,,,,,,,,,,,,,,,,,,,,,,,,,,,,,,,,,,,,,,,,,,,,,,,,2177,3757.3
1787668380,132.34,132.37,132.22,132.37,132.73,131.55,,,,,,,,,,,,,,,,,,,,,,,,,,,,,,,,,,,,,,,,,,,,,,,,,,,,1113,3790.2
1787668440,132.35,132.35,132.21,132.28,132.73,131.55,,,,,,,,,,,,,,,,,,,,,,,,,,,,,,,,,,,,,,,,,,,,,,,,,,,,1597,3757.5
1787668500,132.28,132.34,132.26,132.26,132.73,131.55,,,,,,,,,,,,,,,,,,,,,,,,,,,,,,,,,,,,,,,,,,,,,,,,,,,,857,3741.85
1787668560,132.245,132.38,132.245,132.35,132.73,131.55,,,,,,,,,,,,,,,,,,,,,,,,,,,,,,,,,,,,,,,,,,,,,,,,,,,,860,3638.3
1787668620,132.37,132.41,132.215,132.22,132.73,131.55,,,,,,,,,,,,,,,,,,,,,,,,,,,,,,,,,,,,,,,,,,,,,,,,,,,,1247,3652.7
1787668680,132.23,132.31,132.22,132.27,132.73,131.55,,,,,,,,,,,,,,,,,,,,,,,,,,,,,,,,,,,,,,,,,,,,,,,,,,,,1339,3670.65
1787668740,132.29,132.3,132.25,132.3,132.73,131.55,,,,,,,,,,,,,,,,,,,,,,,,,,,,,,,,,,,,,,,,,,,,,,,,,,,,688,3630.7
1787668800,132.29,132.3,132.265,132.3,132.73,131.55,,,,,,,,,,,,,,,,,,,,,,,,,,,,,,,,,,,,,,,,,,,,,,,,,,,,871,3642.95
1787668860,132.3,132.3,132.24,132.265,132.73,131.55,,,,,,,,,,,,,,,,,,,,,,,,,,,,,,,,,,,,,,,,,,,,,,,,,,,,1984,3603.45
1787668920,132.28,132.28,132.14,132.14,132.73,131.55,,,,,,,,,,,,,,,,,,,,,,,,,,,,,,,,,,,,,,,,,,,,,,,,,,,,1018,3562.3
1787668980,132.11,132.15,132.06,132.15,132.73,131.55,,,,,,,,,,,,,,,,,,,,,,,,,,,,,,,,,,,,,,,,,,,,,,,,,,,,688,2262
1787669040,132.15,132.24,132.13,132.15,132.73,131.55,,,,,,,,,,,,,,,,,,,,,,,,,,,,,,,,,,,,,,,,,,,,,,,,,,,,2091,2347.1
1787669100,132.12,132.15,132.1,132.15,132.73,131.55,,,,,,,,,,,,,,,,,,,,,,,,,,,,,,,,,,,,,,,,,,,,,,,,,,,,666,2357.85
1787669160,132.1,132.1,132,132.03,132.73,131.55,,,,,,,,,,,,,,,,,,,,,,,,,,,,,,,,,,,,,,,,,,,,,,,,,,,,510,2311.25
1787669220,132.02,132.07,131.955,131.955,132.73,131.55,,,,,,,,,,,,,,,,,,,,,,,,,,,,,,,,,,,,,,,,,,,,,,,,,,,,818,2305.3
1787669280,131.92,131.96,131.87,131.88,132.73,131.55,,,,,,,,,,,,,,,,,,,,,,,,,,,,,,,,,,,,,,,,,,,,,,,,,,,,802,2300.55
1787669340,131.88,131.93,131.87,131.93,132.73,131.55,,,,,,,,,,,,,,,,,,,,,,,,,,,,,,,,,,,,,,,,,,,,,,,,,,,,219,2281.5
1787669400,131.92,131.94,131.84,131.85,132.73,131.55,,,,,,,,,,,,,,,,,,,,,,,,,,,,,,,,,,,,,,,,,,,,,,,,,,,,306,1246.85
1787669460,131.85,131.85,131.8,131.83,132.73,131.55,,,,,,,,,,,,,,,,,,,,,,,,,,,,,,,,,,,,,,,,,,,,,,,,,,,,673,1026.2
1787669520,131.83,131.91,131.83,131.89,132.73,131.55,,,,,,,,,,,,,,,,,,,,,,,,,,,,,,,,,,,,,,,,,,,,,,,,,,,,208,927.75
1787669580,131.9,132.01,131.89,132,132.73,131.55,,,,,,,,,,,,,,,,,,,,,,,,,,,,,,,,,,,,,,,,,,,,,,,,,,,,1106,927.4
1787669640,132,132.07,131.96,132.04,132.73,131.55,,,,,,,,,,,,,,,,,,,,,,,,,,,,,,,,,,,,,,,,,,,,,,,,,,,,861,890.6
1787669700,132.06,132.1,132.01,132.02,132.73,131.55,,,,,,,,,,,,,,,,,,,,,,,,,,,,,,,,,,,,,,,,,,,,,,,,,,,,1346,915.05
1787669760,132.02,132.12,132.02,132.1,132.73,131.55,,,,,,,,,,,,,,,,,,,,,,,,,,,,,,,,,,,,,,,,,,,,,,,,,,,,1898,966.95
1787669820,132.12,132.23,132.1,132.23,132.73,131.55,,,,,,,,,,,,,,,,,,,,,,,,,,,,,,,,,,,,,,,,,,,,,,,,,,,,1256,967.4
1787669880,132.22,132.25,132.205,132.21,132.73,131.55,,,,,,,,,,,,,,,,,,,,,,,,,,,,,,,,,,,,,,,,,,,,,,,,,,,,973,949.1
1787669940,132.2,132.23,132.2,132.2,132.73,131.55,,,,,,,,,,,,,,,,,,,,,,,,,,,,,,,,,,,,,,,,,,,,,,,,,,,,497,939.55
1787670000,132.21,132.25,132.17,132.25,132.73,131.55,,,,,,,,,,,,,,,,,,,,,,,,,,,,,,,,,,,,,,,,,,,,,,,,,,,,1095,950.75
1787670060,132.23,132.26,132.19,132.24,132.73,131.55,,,,,,,,,,,,,,,,,,,,,,,,,,,,,,,,,,,,,,,,,,,,,,,,,,,,533,878.2
1787670120,132.28,132.395,132.28,132.39,132.73,131.55,,,,,,,,,,,,,,,,,,,,,,,,,,,,,,,,,,,,,,,,,,,,,,,,,,,,1226,888.6
1787670180,132.38,132.38,132.325,132.325,132.73,131.55,,,,,,,,,,,,,,,,,,,,,,,,,,,,,,,,,,,,,,,,,,,,,,,,,,,,1257,917.05
1787670240,132.31,132.35,132.31,132.325,132.73,131.55,,,,,,,,,,,,,,,,,,,,,,,,,,,,,,,,,,,,,,,,,,,,,,,,,,,,723,848.65
1787670300,132.34,132.44,132.34,132.44,132.73,131.55,,,,,,,,,,,,,,,,,,,,,,,,,,,,,,,,,,,,,,,,,,,,,,,,,,,,447,837.7
1787670360,132.44,132.44,132.38,132.39,132.73,131.55,,,,,,,,,,,,,,,,,,,,,,,,,,,,,,,,,,,,,,,,,,,,,,,,,,,,757,850.05
1787670420,132.4,132.5,132.4,132.44,132.73,131.55,,,,,,,,,,,,,,,,,,,,,,,,,,,,,,,,,,,,,,,,,,,,,,,,,,,,1111,864.7
1787670480,132.42,132.5,132.4,132.5,132.73,131.55,,,,,,,,,,,,,,,,,,,,,,,,,,,,,,,,,,,,,,,,,,,,,,,,,,,,533,851.25
1787670540,132.5,132.5,132.48,132.49,132.73,131.55,,,,,,,,,,,,,,,,,,,,,,,,,,,,,,,,,,,,,,,,,,,,,,,,,,,,562,868.4
1787670600,132.5,132.5,132.34,132.34,132.73,131.55,,,,,,,,,,,,,,,,,,,,,,,,,,,,,,,,,,,,,,,,,,,,,,,,,,,,1793,942.75
1787670660,132.36,132.44,132.35,132.41,132.73,131.55,,,,,,,,,,,,,,,,,,,,,,,,,,,,,,,,,,,,,,,,,,,,,,,,,,,,2154,1016.8
1787670720,132.45,132.47,132.32,132.33,132.73,131.55,,,,,,,,,,,,,,,,,,,,,,,,,,,,,,,,,,,,,,,,,,,,,,,,,,,,1210,1066.9
1787670780,132.33,132.34,132.27,132.32,132.73,131.55,,,,,,,,,,,,,,,,,,,,,,,,,,,,,,,,,,,,,,,,,,,,,,,,,,,,1208,1072
1787670840,132.3,132.37,132.26,132.37,132.73,131.55,,,,,,,,,,,,,,,,,,,,,,,,,,,,,,,,,,,,,,,,,,,,,,,,,,,,1655,1111.7
1787670900,132.38,132.395,132.29,132.29,132.73,131.55,,,,,,,,,,,,,,,,,,,,,,,,,,,,,,,,,,,,,,,,,,,,,,,,,,,,1497,1119.25
1787670960,132.33,132.33,132.31,132.31,132.73,131.55,,,,,,,,,,,,,,,,,,,,,,,,,,,,,,,,,,,,,,,,,,,,,,,,,,,,407,1044.7
1787671020,132.32,132.38,132.31,132.38,132.73,131.55,,,,,,,,,,,,,,,,,,,,,,,,,,,,,,,,,,,,,,,,,,,,,,,,,,,,1444,1054.1
1787671080,132.39,132.47,132.39,132.465,132.73,131.55,,,,,,,,,,,,,,,,,,,,,,,,,,,,,,,,,,,,,,,,,,,,,,,,,,,,1058,1058.35
1787671140,132.47,132.54,132.47,132.54,132.73,131.55,,,,,,,,,,,,,,,,,,,,,,,,,,,,,,,,,,,,,,,,,,,,,,,,,,,,753,1071.15
1787671200,132.54,132.54,132.46,132.485,132.73,131.55,,,,,,,,,,,,,,,,,,,,,,,,,,,,,,,,,,,,,,,,,,,,,,,,,,,,1602,1096.5
1787671260,132.5,132.53,132.49,132.53,132.73,131.55,,,,,,,,,,,,,,,,,,,,,,,,,,,,,,,,,,,,,,,,,,,,,,,,,,,,587,1099.2
1787671320,132.53,132.56,132.52,132.52,132.73,131.55,,,,,,,,,,,,,,,,,,,,,,,,,,,,,,,,,,,,,,,,,,,,,,,,,,,,706,1073.2
1787671380,132.53,132.53,132.38,132.38,132.73,131.55,,,,,,,,,,,,,,,,,,,,,,,,,,,,,,,,,,,,,,,,,,,,,,,,,,,,1126,1066.65
1787671440,132.35,132.4,132.35,132.39,132.73,131.55,,,,,,,,,,,,,,,,,,,,,,,,,,,,,,,,,,,,,,,,,,,,,,,,,,,,214,1041.2
1787671500,132.36,132.4,132.35,132.37,132.73,131.55,,,,,,,,,,,,,,,,,,,,,,,,,,,,,,,,,,,,,,,,,,,,,,,,,,,,1184,1078.05
1787671560,132.34,132.35,132.31,132.32,132.73,131.55,,,,,,,,,,,,,,,,,,,,,,,,,,,,,,,,,,,,,,,,,,,,,,,,,,,,580,1069.2
1787671620,132.33,132.33,132.29,132.305,132.73,131.55,,,,,,,,,,,,,,,,,,,,,,,,,,,,,,,,,,,,,,,,,,,,,,,,,,,,909,1059.1
1787671680,132.32,132.34,132.3,132.34,132.73,131.55,,,,,,,,,,,,,,,,,,,,,,,,,,,,,,,,,,,,,,,,,,,,,,,,,,,,456,1055.25
1787671740,132.35,132.35,132.32,132.32,132.73,131.55,,,,,,,,,,,,,,,,,,,,,,,,,,,,,,,,,,,,,,,,,,,,,,,,,,,,526,1053.45
1787671800,132.34,132.39,132.31,132.37,132.73,131.55,,,,,,,,,,,,,,,,,,,,,,,,,,,,,,,,,,,,,,,,,,,,,,,,,,,,1368,1032.2
1787671860,132.37,132.38,132.28,132.34,132.73,131.55,,,,,,,,,,,,,,,,,,,,,,,,,,,,,,,,,,,,,,,,,,,,,,,,,,,,1505,999.75
1787671920,132.32,132.32,132.3,132.3,132.73,131.55,,,,,,,,,,,,,,,,,,,,,,,,,,,,,,,,,,,,,,,,,,,,,,,,,,,,474,962.95
1787671980,132.28,132.375,132.27,132.33,132.73,131.55,,,,,,,,,,,,,,,,,,,,,,,,,,,,,,,,,,,,,,,,,,,,,,,,,,,,2026,1003.85
1787672040,132.31,132.31,132.25,132.275,132.73,131.55,,,,,,,,,,,,,,,,,,,,,,,,,,,,,,,,,,,,,,,,,,,,,,,,,,,,652,953.7
1787672100,132.25,132.37,132.25,132.26,132.73,131.55,,,,,,,,,,,,,,,,,,,,,,,,,,,,,,,,,,,,,,,,,,,,,,,,,,,,5684,1163.05
1787672160,132.25,132.28,132.17,132.21,132.73,131.55,,,,,,,,,,,,,,,,,,,,,,,,,,,,,,,,,,,,,,,,,,,,,,,,,,,,1947,1240.05
1787672220,132.22,132.43,132.22,132.36,132.73,131.55,,,,,,,,,,,,,,,,,,,,,,,,,,,,,,,,,,,,,,,,,,,,,,,,,,,,5772,1456.45
1787672280,132.33,132.39,132.33,132.37,132.73,131.55,,,,,,,,,,,,,,,,,,,,,,,,,,,,,,,,,,,,,,,,,,,,,,,,,,,,1243,1465.7
1787672340,132.36,132.36,132.32,132.34,132.73,131.55,,,,,,,,,,,,,,,,,,,,,,,,,,,,,,,,,,,,,,,,,,,,,,,,,,,,399,1448
1787672400,132.35,132.42,132.35,132.405,132.73,131.55,,,,,,,,,,,,,,,,,,,,,,,,,,,,,,,,,,,,,,,,,,,,,,,,,,,,648,1400.3
1787672460,132.38,132.47,132.38,132.46,132.73,131.55,,,,,,,,,,,,,,,,,,,,,,,,,,,,,,,,,,,,,,,,,,,,,,,,,,,,782,1410.05
1787672520,132.47,132.58,132.47,132.54,132.73,131.55,,,,,,,,,,,,,,,,,,,,,,,,,,,,,,,,,,,,,,,,,,,,,,,,,,,,1364,1442.95
1787672580,132.53,132.53,132.52,132.52,132.73,131.55,,,,,,,,,,,,,,,,,,,,,,,,,,,,,,,,,,,,,,,,,,,,,,,,,,,,89,1391.1
1787672640,132.5,132.6,132.49,132.58,132.73,131.55,,,,,,,,,,,,,,,,,,,,,,,,,,,,,,,,,,,,,,,,,,,,,,,,,,,,2435,1502.15
1787672700,132.59,132.625,132.59,132.625,132.73,131.55,,,,,,,,,,,,,,,,,,,,,,,,,,,,,,,,,,,,,,,,,,,,,,,,,,,,218,1453.85
1787672760,132.62,132.66,132.56,132.66,132.73,131.55,,,,,,,,,,,,,,,,,,,,,,,,,,,,,,,,,,,,,,,,,,,,,,,,,,,,1568,1503.25
1787672820,132.66,132.7,132.64,132.7,132.73,131.55,,,,,,,,,,,,,,,,,,,,,,,,,,,,,,,,,,,,,,,,,,,,,,,,,,,,524,1484
1787672880,132.74,132.77,132.74,132.74,132.73,131.55,,,,,,,,,,,,,,,,,,,,,,,,,,,,,,,,,,,,,,,,,,,,,,,,,,,,2236,1573
1787672940,132.75,132.79,132.74,132.79,132.73,131.55,,,,,,,,,,,,,,,,,,,,,,,,,,,,,,,,,,,,,,,,,,,,,,,,,,,,658,1579.6
1787673000,132.79,132.805,132.76,132.76,132.73,131.55,,,,,,,,,,,,,,,,,,,,,,,,,,,,,,,,,,,,,,,,,,,,,,,,,,,,487,1535.55
1787673060,132.78,132.86,132.78,132.815,132.73,131.55,,,,,,,,,,,,,,,,,,,,,,,,,,,,,,,,,,,,,,,,,,,,,,,,,,,,1697,1545.15
1787673120,132.81,132.82,132.75,132.76,132.73,131.55,,,,,,,,,,,,,,,,,,,,,,,,,,,,,,,,,,,,,,,,,,,,,,,,,,,,1459,1594.4
1787673180,132.74,132.83,132.74,132.8,132.73,131.55,,,,,,,,,,,,,,,,,,,,,,,,,,,,,,,,,,,,,,,,,,,,,,,,,,,,1284,1557.3
1787673240,132.79,132.85,132.77,132.85,132.73,131.55,,,,,,,,,,,,,,,,,,,,,,,,,,,,,,,,,,,,,,,,,,,,,,,,,,,,1547,1602.05
1787673300,132.85,132.92,132.85,132.92,132.73,131.55,,,,,,,,,,,,,,,,,,,,,,,,,,,,,,,,,,,,,,,,,,,,,,,,,,,,584,1347.05
1787673360,132.92,133.01,132.92,133.01,132.73,131.55,,,,,,,,,,,,,,,,,,,,,,,,,,,,,,,,,,,,,,,,,,,,,,,,,,,,2608,1380.1
1787673420,133.01,133.12,133.01,133.12,132.73,131.55,,,,,,,,,,,,,,,,,,,,,,,,,,,,,,,,,,,,,,,,,,,,,,,,,,,,6714,1427.2
1787673480,133.15,133.19,133.135,133.135,132.73,131.55,,,,,,,,,,,,,,,,,,,,,,,,,,,,,,,,,,,,,,,,,,,,,,,,,,,,2924,1511.25
1787673540,133.13,133.14,133.1,133.1,132.73,131.55,,,,,,,,,,,,,,,,,,,,,,,,,,,,,,,,,,,,,,,,,,,,,,,,,,,,990,1540.8
1787673600,133.09,133.16,133.09,133.1,132.73,131.55,,,,,,,,,,,,,,,,,,,,,,,,,,,,,,,,,,,,,,,,,,,,,,,,,,,,489,1532.85
1787673660,133.125,133.14,133.07,133.07,132.73,131.55,,,,,,,,,,,,,,,,,,,,,,,,,,,,,,,,,,,,,,,,,,,,,,,,,,,,1870,1587.25
1787673720,133.09,133.14,133.08,133.08,132.73,131.55,,,,,,,,,,,,,,,,,,,,,,,,,,,,,,,,,,,,,,,,,,,,,,,,,,,,1029,1570.5
1787673780,133.07,133.13,133.04,133.12,132.73,131.55,,,,,,,,,,,,,,,,,,,,,,,,,,,,,,,,,,,,,,,,,,,,,,,,,,,,657,1598.9
1787673840,133.17,133.2,133.14,133.15,132.73,131.55,,,,,,,,,,,,,,,,,,,,,,,,,,,,,,,,,,,,,,,,,,,,,,,,,,,,8567,1905.5
1787673900,133.13,133.13,133.11,133.11,132.73,131.55,,,,,,,,,,,,,,,,,,,,,,,,,,,,,,,,,,,,,,,,,,,,,,,,,,,,356,1912.4
1787673960,133.13,133.13,133.07,133.07,132.73,131.55,,,,,,,,,,,,,,,,,,,,,,,,,,,,,,,,,,,,,,,,,,,,,,,,,,,,811,1874.55
1787674020,133.07,133.11,133.07,133.1,132.73,131.55,,,,,,,,,,,,,,,,,,,,,,,,,,,,,,,,,,,,,,,,,,,,,,,,,,,,603,1878.5
1787674080,133.15,133.15,133.11,133.11,132.73,131.55,,,,,,,,,,,,,,,,,,,,,,,,,,,,,,,,,,,,,,,,,,,,,,,,,,,,624,1797.9
1787674140,133.1,133.1,133.07,133.08,132.73,131.55,,,,,,,,,,,,,,,,,,,,,,,,,,,,,,,,,,,,,,,,,,,,,,,,,,,,814,1805.7
1787674200,133.08,133.11,133.08,133.11,132.73,131.55,,,,,,,,,,,,,,,,,,,,,,,,,,,,,,,,,,,,,,,,,,,,,,,,,,,,909,1826.8
1787674260,133.1,133.12,133.05,133.05,132.73,131.55,,,,,,,,,,,,,,,,,,,,,,,,,,,,,,,,,,,,,,,,,,,,,,,,,,,,607,1772.3
1787674320,133.03,133.04,133,133.03,132.73,131.55,,,,,,,,,,,,,,,,,,,,,,,,,,,,,,,,,,,,,,,,,,,,,,,,,,,,1438,1771.25
1787674380,133.01,133.03,133,133,132.73,131.55,,,,,,,,,,,,,,,,,,,,,,,,,,,,,,,,,,,,,,,,,,,,,,,,,,,,157,1714.9
1787674440,132.99,133.01,132.99,133,132.73,131.55,,,,,,,,,,,,,,,,,,,,,,,,,,,,,,,,,,,,,,,,,,,,,,,,,,,,439,1659.5
1787674500,133,133.04,132.98,132.98,132.73,131.55,,,,,,,,,,,,,,,,,,,,,,,,,,,,,,,,,,,,,,,,,,,,,,,,,,,,1305,1695.55
1787674560,132.98,133.02,132.98,133.02,132.73,131.55,,,,,,,,,,,,,,,,,,,,,,,,,,,,,,,,,,,,,,,,,,,,,,,,,,,,456,1587.95
1787674620,133.02,133.02,132.97,132.97,132.73,131.55,,,,,,,,,,,,,,,,,,,,,,,,,,,,,,,,,,,,,,,,,,,,,,,,,,,,1219,1313.2
1787674680,132.96,132.99,132.95,132.98,132.73,131.55,,,,,,,,,,,,,,,,,,,,,,,,,,,,,,,,,,,,,,,,,,,,,,,,,,,,561,1195.05
1787674740,132.97,132.99,132.95,132.96,132.73,131.55,,,,,,,,,,,,,,,,,,,,,,,,,,,,,,,,,,,,,,,,,,,,,,,,,,,,1265,1208.8
1787674800,132.96,132.96,132.96,132.96,132.73,131.55,,,,,,,,,,,,,,,,,,,,,,,,,,,,,,,,,,,,,,,,,,,,,,,,,,,,58,1187.25
1787674860,132.95,132.96,132.89,132.89,132.73,131.55,,,,,,,,,,,,,,,,,,,,,,,,,,,,,,,,,,,,,,,,,,,,,,,,,,,,771,1132.3
1787674920,132.89,132.9,132.85,132.9,132.73,131.55,,,,,,,,,,,,,,,,,,,,,,,,,,,,,,,,,,,,,,,,,,,,,,,,,,,,1074,1134.55
1787674980,132.89,132.89,132.83,132.83,132.73,131.55,,,,,,,,,,,,,,,,,,,,,,,,,,,,,,,,,,,,,,,,,,,,,,,,,,,,628,1133.1
1787675040,132.85,132.9,132.85,132.9,132.73,131.55,,,,,,,,,,,,,,,,,,,,,,,,,,,,,,,,,,,,,,,,,,,,,,,,,,,,675,738.5
1787675100,132.9,132.91,132.85,132.85,132.73,131.55,,,,,,,,,,,,,,,,,,,,,,,,,,,,,,,,,,,,,,,,,,,,,,,,,,,,1201,780.75
1787675160,132.85,132.9,132.85,132.9,132.73,131.55,,,,,,,,,,,,,,,,,,,,,,,,,,,,,,,,,,,,,,,,,,,,,,,,,,,,607,770.55
1787675220,132.88,132.95,132.88,132.93,132.73,131.55,,,,,,,,,,,,,,,,,,,,,,,,,,,,,,,,,,,,,,,,,,,,,,,,,,,,938,787.3
1787675280,132.92,133.02,132.9,133,132.73,131.55,,,,,,,,,,,,,,,,,,,,,,,,,,,,,,,,,,,,,,,,,,,,,,,,,,,,6991,1105.65
1787675340,133.02,133.02,132.97,132.98,132.73,131.55,,,,,,,,,,,,,,,,,,,,,,,,,,,,,,,,,,,,,,,,,,,,,,,,,,,,307,1080.3
1787675400,132.97,133,132.95,133,132.73,131.55,,,,,,,,,,,,,,,,,,,,,,,,,,,,,,,,,,,,,,,,,,,,,,,,,,,,578,1063.75
1787675460,133.01,133.01,132.99,132.99,132.73,131.55,,,,,,,,,,,,,,,,,,,,,,,,,,,,,,,,,,,,,,,,,,,,,,,,,,,,479,1057.35
1787675520,133,133.04,133,133.03,132.73,131.55,,,,,,,,,,,,,,,,,,,,,,,,,,,,,,,,,,,,,,,,,,,,,,,,,,,,795,1025.2
1787675580,133.02,133.02,132.995,133.01,132.73,131.55,,,,,,,,,,,,,,,,,,,,,,,,,,,,,,,,,,,,,,,,,,,,,,,,,,,,448,1039.75
1787675640,133.02,133.03,133,133,132.73,131.55,,,,,,,,,,,,,,,,,,,,,,,,,,,,,,,,,,,,,,,,,,,,,,,,,,,,605,1048.05
1787675700,133.04,133.06,133.02,133.03,132.73,131.55,,,,,,,,,,,,,,,,,,,,,,,,,,,,,,,,,,,,,,,,,,,,,,,,,,,,416,1003.6
1787675760,133.03,133.05,133.02,133.02,132.73,131.55,,,,,,,,,,,,,,,,,,,,,,,,,,,,,,,,,,,,,,,,,,,,,,,,,,,,497,1005.65
1787675820,133.025,133.025,133.01,133.02,132.73,131.55,,,,,,,,,,,,,,,,,,,,,,,,,,,,,,,,,,,,,,,,,,,,,,,,,,,,611,975.25
1787675880,133.02,133.06,133.02,133.06,132.73,131.55,,,,,,,,,,,,,,,,,,,,,,,,,,,,,,,,,,,,,,,,,,,,,,,,,,,,86,951.5
1787675940,133.07,133.09,133.06,133.08,132.73,131.55,,,,,,,,,,,,,,,,,,,,,,,,,,,,,,,,,,,,,,,,,,,,,,,,,,,,425,909.5
1787676000,133.07,133.11,133.06,133.11,132.73,131.55,,,,,,,,,,,,,,,,,,,,,,,,,,,,,,,,,,,,,,,,,,,,,,,,,,,,2132,1013.2
1787676060,133.11,133.19,133.1,133.19,132.73,131.55,,,,,,,,,,,,,,,,,,,,,,,,,,,,,,,,,,,,,,,,,,,,,,,,,,,,2605,1104.9
1787676120,133.19,133.25,133.19,133.23,132.73,131.55,,,,,,,,,,,,,,,,,,,,,,,,,,,,,,,,,,,,,,,,,,,,,,,,,,,,3745,1238.45
1787676180,133.22,133.22,133.16,133.16,132.73,131.55,,,,,,,,,,,,,,,,,,,,,,,,,,,,,,,,,,,,,,,,,,,,,,,,,,,,1019,1258
1787676240,133.19,133.19,133.16,133.165,132.73,131.55,,,,,,,,,,,,,,,,,,,,,,,,,,,,,,,,,,,,,,,,,,,,,,,,,,,,730,1260.75
1787676300,133.165,133.165,133.12,133.12,132.73,131.55,,,,,,,,,,,,,,,,,,,,,,,,,,,,,,,,,,,,,,,,,,,,,,,,,,,,1048,1253.1
1787676360,133.11,133.16,133.085,133.16,132.73,131.55,,,,,,,,,,,,,,,,,,,,,,,,,,,,,,,,,,,,,,,,,,,,,,,,,,,,465,1246
1787676420,133.15,133.15,133.06,133.06,132.73,131.55,,,,,,,,,,,,,,,,,,,,,,,,,,,,,,,,,,,,,,,,,,,,,,,,,,,,674,1232.8
1787676480,133.08,133.08,133.02,133.04,132.73,131.55,,,,,,,,,,,,,,,,,,,,,,,,,,,,,,,,,,,,,,,,,,,,,,,,,,,,589,912.7
1787676540,133.05,133.08,133.05,133.08,132.73,131.55,,,,,,,,,,,,,,,,,,,,,,,,,,,,,,,,,,,,,,,,,,,,,,,,,,,,283,911.5
1787676600,133.07,133.08,133.04,133.04,132.73,131.55,,,,,,,,,,,,,,,,,,,,,,,,,,,,,,,,,,,,,,,,,,,,,,,,,,,,198,892.5
1787676660,133.02,133.04,132.99,133.04,132.73,131.55,,,,,,,,,,,,,,,,,,,,,,,,,,,,,,,,,,,,,,,,,,,,,,,,,,,,323,884.7
1787676720,133.05,133.065,133.05,133.05,132.73,131.55,,,,,,,,,,,,,,,,,,,,,,,,,,,,,,,,,,,,,,,,,,,,,,,,,,,,557,872.8
1787676780,133.06,133.08,133.06,133.06,132.73,131.55,,,,,,,,,,,,,,,,,,,,,,,,,,,,,,,,,,,,,,,,,,,,,,,,,,,,282,864.5
1787676840,133.05,133.05,133.05,133.05,132.73,131.55,,,,,,,,,,,,,,,,,,,,,,,,,,,,,,,,,,,,,,,,,,,,,,,,,,,,18,835.15
1787676900,133.05,133.09,133.05,133.09,132.73,131.55,,,,,,,,,,,,,,,,,,,,,,,,,,,,,,,,,,,,,,,,,,,,,,,,,,,,635,846.1
1787676960,133.11,133.11,133.09,133.09,132.73,131.55,,,,,,,,,,,,,,,,,,,,,,,,,,,,,,,,,,,,,,,,,,,,,,,,,,,,92,825.85
1787677020,133.09,133.1,133.06,133.06,132.73,131.55,,,,,,,,,,,,,,,,,,,,,,,,,,,,,,,,,,,,,,,,,,,,,,,,,,,,473,818.95
1787677080,133.05,133.08,133.05,133.07,132.73,131.55,,,,,,,,,,,,,,,,,,,,,,,,,,,,,,,,,,,,,,,,,,,,,,,,,,,,125,820.9
1787677140,133.08,133.11,133.08,133.08,132.73,131.55,,,,,,,,,,,,,,,,,,,,,,,,,,,,,,,,,,,,,,,,,,,,,,,,,,,,894,844.35
1787677200,133.06,133.06,133.05,133.05,132.73,131.55,,,,,,,,,,,,,,,,,,,,,,,,,,,,,,,,,,,,,,,,,,,,,,,,,,,,153,745.4
1787677260,133.08,133.12,133.08,133.09,132.73,131.55,,,,,,,,,,,,,,,,,,,,,,,,,,,,,,,,,,,,,,,,,,,,,,,,,,,,987,664.5
1787677320,133.13,133.15,133.115,133.14,132.73,131.55,,,,,,,,,,,,,,,,,,,,,,,,,,,,,,,,,,,,,,,,,,,,,,,,,,,,433,498.9
1787677380,133.17,133.18,133.165,133.165,132.73,131.55,,,,,,,,,,,,,,,,,,,,,,,,,,,,,,,,,,,,,,,,,,,,,,,,,,,,332,464.55
1787677440,133.15,133.15,133.04,133.09,132.73,131.55,,,,,,,,,,,,,,,,,,,,,,,,,,,,,,,,,,,,,,,,,,,,,,,,,,,,493,452.7
1787677500,133.11,133.13,133.09,133.11,132.73,131.55,,,,,,,,,,,,,,,,,,,,,,,,,,,,,,,,,,,,,,,,,,,,,,,,,,,,456,423.1
1787677560,133.11,133.11,133.09,133.1,132.73,131.55,,,,,,,,,,,,,,,,,,,,,,,,,,,,,,,,,,,,,,,,,,,,,,,,,,,,339,416.8
1787677620,133.09,133.095,133.02,133.02,132.73,131.55,,,,,,,,,,,,,,,,,,,,,,,,,,,,,,,,,,,,,,,,,,,,,,,,,,,,1449,455.55
1787677680,133.02,133.02,132.93,132.93,132.73,131.55,,,,,,,,,,,,,,,,,,,,,,,,,,,,,,,,,,,,,,,,,,,,,,,,,,,,644,458.3
1787677740,132.93,133,132.92,133,132.73,131.55,,,,,,,,,,,,,,,,,,,,,,,,,,,,,,,,,,,,,,,,,,,,,,,,,,,,1529,520.6
1787677800,132.98,132.99,132.95,132.97,132.73,131.55,,,,,,,,,,,,,,,,,,,,,,,,,,,,,,,,,,,,,,,,,,,,,,,,,,,,1241,572.75
1787677860,132.97,133.04,132.95,133.04,132.73,131.55,,,,,,,,,,,,,,,,,,,,,,,,,,,,,,,,,,,,,,,,,,,,,,,,,,,,1176,615.4
1787677920,133.03,133.05,133,133.02,132.73,131.55,,,,,,,,,,,,,,,,,,,,,,,,,,,,,,,,,,,,,,,,,,,,,,,,,,,,1131,644.1
1787677980,133.03,133.03,133,133,132.73,131.55,,,,,,,,,,,,,,,,,,,,,,,,,,,,,,,,,,,,,,,,,,,,,,,,,,,,761,668.05
1787678040,133,133.01,132.97,132.98,132.73,131.55,,,,,,,,,,,,,,,,,,,,,,,,,,,,,,,,,,,,,,,,,,,,,,,,,,,,841,709.2
1787678100,132.99,133.01,132.99,133,132.73,131.55,,,,,,,,,,,,,,,,,,,,,,,,,,,,,,,,,,,,,,,,,,,,,,,,,,,,761,715.5
1787678160,133.02,133.03,133.02,133.03,132.73,131.55,,,,,,,,,,,,,,,,,,,,,,,,,,,,,,,,,,,,,,,,,,,,,,,,,,,,194,720.6
1787678220,133.02,133.05,133.015,133.04,132.73,131.55,,,,,,,,,,,,,,,,,,,,,,,,,,,,,,,,,,,,,,,,,,,,,,,,,,,,512,722.55
1787678280,133.05,133.05,132.99,132.99,132.73,131.55,,,,,,,,,,,,,,,,,,,,,,,,,,,,,,,,,,,,,,,,,,,,,,,,,,,,219,727.25
1787678340,133.005,133.02,133,133.02,132.73,131.55,,,,,,,,,,,,,,,,,,,,,,,,,,,,,,,,,,,,,,,,,,,,,,,,,,,,270,696.05
1787678400,133,133,132.94,132.94,132.73,131.55,,,,,,,,,,,,,,,,,,,,,,,,,,,,,,,,,,,,,,,,,,,,,,,,,,,,355,706.15
1787678460,132.93,132.93,132.88,132.9,132.73,131.55,,,,,,,,,,,,,,,,,,,,,,,,,,,,,,,,,,,,,,,,,,,,,,,,,,,,1151,714.35
1787678520,132.91,132.93,132.91,132.93,132.73,131.55,,,,,,,,,,,,,,,,,,,,,,,,,,,,,,,,,,,,,,,,,,,,,,,,,,,,668,726.1
1787678580,132.93,132.93,132.92,132.92,132.73,131.55,,,,,,,,,,,,,,,,,,,,,,,,,,,,,,,,,,,,,,,,,,,,,,,,,,,,146,716.8
1787678640,132.92,132.92,132.9,132.9,132.73,131.55,,,,,,,,,,,,,,,,,,,,,,,,,,,,,,,,,,,,,,,,,,,,,,,,,,,,365,710.4
1787678700,132.89,132.93,132.87,132.93,132.73,131.55,,,,,,,,,,,,,,,,,,,,,,,,,,,,,,,,,,,,,,,,,,,,,,,,,,,,1333,754.25
1787678760,132.92,132.98,132.92,132.98,132.73,131.55,,,,,,,,,,,,,,,,,,,,,,,,,,,,,,,,,,,,,,,,,,,,,,,,,,,,534,764
1787678820,132.99,132.99,132.97,132.99,132.73,131.55,,,,,,,,,,,,,,,,,,,,,,,,,,,,,,,,,,,,,,,,,,,,,,,,,,,,727,727.9
1787678880,132.985,132.985,132.95,132.96,132.73,131.55,,,,,,,,,,,,,,,,,,,,,,,,,,,,,,,,,,,,,,,,,,,,,,,,,,,,498,720.6
1787678940,132.95,132.97,132.94,132.95,132.73,131.55,,,,,,,,,,,,,,,,,,,,,,,,,,,,,,,,,,,,,,,,,,,,,,,,,,,,327,660.5
1787679000,132.95,132.98,132.94,132.98,132.73,131.55,,,,,,,,,,,,,,,,,,,,,,,,,,,,,,,,,,,,,,,,,,,,,,,,,,,,353,616.1
1787679060,132.97,133.05,132.97,133.05,132.73,131.55,,,,,,,,,,,,,,,,,,,,,,,,,,,,,,,,,,,,,,,,,,,,,,,,,,,,302,572.4
1787679120,133.04,133.06,133.02,133.04,132.73,131.55,,,,,,,,,,,,,,,,,,,,,,,,,,,,,,,,,,,,,,,,,,,,,,,,,,,,735,552.6
1787679180,133.03,133.03,133,133.01,132.73,131.55,,,,,,,,,,,,,,,,,,,,,,,,,,,,,,,,,,,,,,,,,,,,,,,,,,,,507,539.9
1787679240,133,133,132.92,132.93,132.73,131.55,,,,,,,,,,,,,,,,,,,,,,,,,,,,,,,,,,,,,,,,,,,,,,,,,,,,1296,562.65
1787679300,132.94,132.94,132.91,132.91,132.73,131.55,,,,,,,,,,,,,,,,,,,,,,,,,,,,,,,,,,,,,,,,,,,,,,,,,,,,210,535.1
1787679360,132.91,132.93,132.91,132.93,132.73,131.55,,,,,,,,,,,,,,,,,,,,,,,,,,,,,,,,,,,,,,,,,,,,,,,,,,,,355,543.15
1787679420,132.93,132.95,132.925,132.925,132.73,131.55,,,,,,,,,,,,,,,,,,,,,,,,,,,,,,,,,,,,,,,,,,,,,,,,,,,,597,547.4
1787679480,132.92,132.94,132.91,132.91,132.73,131.55,,,,,,,,,,,,,,,,,,,,,,,,,,,,,,,,,,,,,,,,,,,,,,,,,,,,285,550.7
1787679540,132.9,132.9,132.9,132.9,132.73,131.55,,,,,,,,,,,,,,,,,,,,,,,,,,,,,,,,,,,,,,,,,,,,,,,,,,,,205,547.45
1787679600,132.91,132.91,132.88,132.88,132.73,131.55,,,,,,,,,,,,,,,,,,,,,,,,,,,,,,,,,,,,,,,,,,,,,,,,,,,,380,548.7
1787679660,132.86,132.89,132.85,132.87,132.73,131.55,,,,,,,,,,,,,,,,,,,,,,,,,,,,,,,,,,,,,,,,,,,,,,,,,,,,1016,541.95
1787679720,132.88,132.89,132.83,132.83,132.73,131.55,,,,,,,,,,,,,,,,,,,,,,,,,,,,,,,,,,,,,,,,,,,,,,,,,,,,380,527.55
1787679780,132.84,132.85,132.82,132.85,132.73,131.55,,,,,,,,,,,,,,,,,,,,,,,,,,,,,,,,,,,,,,,,,,,,,,,,,,,,1312,585.85
1787679840,132.825,132.86,132.81,132.86,132.73,131.55,,,,,,,,,,,,,,,,,,,,,,,,,,,,,,,,,,,,,,,,,,,,,,,,,,,,792,607.2
1787679900,132.87,132.92,132.86,132.865,132.73,131.55,,,,,,,,,,,,,,,,,,,,,,,,,,,,,,,,,,,,,,,,,,,,,,,,,,,,1046,592.85
1787679960,132.87,132.87,132.86,132.87,132.73,131.55,,,,,,,,,,,,,,,,,,,,,,,,,,,,,,,,,,,,,,,,,,,,,,,,,,,,334,582.85
1787680020,132.88,132.935,132.88,132.935,132.73,131.55,,,,,,,,,,,,,,,,,,,,,,,,,,,,,,,,,,,,,,,,,,,,,,,,,,,,771,585.05
1787680080,132.95,132.97,132.92,132.97,132.73,131.55,,,,,,,,,,,,,,,,,,,,,,,,,,,,,,,,,,,,,,,,,,,,,,,,,,,,1254,622.85
1787680140,132.95,132.97,132.95,132.95,132.73,131.55,,,,,,,,,,,,,,,,,,,,,,,,,,,,,,,,,,,,,,,,,,,,,,,,,,,,168,614.9
1787680200,132.95,132.95,132.92,132.92,132.73,131.55,,,,,,,,,,,,,,,,,,,,,,,,,,,,,,,,,,,,,,,,,,,,,,,,,,,,177,606.1
1787680260,132.96,132.97,132.91,132.91,132.73,131.55,,,,,,,,,,,,,,,,,,,,,,,,,,,,,,,,,,,,,,,,,,,,,,,,,,,,961,639.05
1787680320,132.92,132.94,132.92,132.94,132.73,131.55,,,,,,,,,,,,,,,,,,,,,,,,,,,,,,,,,,,,,,,,,,,,,,,,,,,,88,606.7
1787680380,132.94,132.94,132.9,132.9,132.73,131.55,,,,,,,,,,,,,,,,,,,,,,,,,,,,,,,,,,,,,,,,,,,,,,,,,,,,274,595.05
1787680440,132.87,132.87,132.82,132.86,132.73,131.55,,,,,,,,,,,,,,,,,,,,,,,,,,,,,,,,,,,,,,,,,,,,,,,,,,,,1717,616.1
1787680500,132.87,132.9,132.84,132.84,132.73,131.55,,,,,,,,,,,,,,,,,,,,,,,,,,,,,,,,,,,,,,,,,,,,,,,,,,,,617,636.45
1787680560,132.86,132.875,132.86,132.865,132.73,131.55,,,,,,,,,,,,,,,,,,,,,,,,,,,,,,,,,,,,,,,,,,,,,,,,,,,,122,624.8
1787680620,132.87,132.9,132.87,132.89,132.73,131.55,,,,,,,,,,,,,,,,,,,,,,,,,,,,,,,,,,,,,,,,,,,,,,,,,,,,1069,648.4
1787680680,132.88,132.89,132.87,132.87,132.73,131.55,,,,,,,,,,,,,,,,,,,,,,,,,,,,,,,,,,,,,,,,,,,,,,,,,,,,511,659.7
1787680740,132.87,132.87,132.795,132.85,132.73,131.55,,,,,,,,,,,,,,,,,,,,,,,,,,,,,,,,,,,,,,,,,,,,,,,,,,,,2589,778.9
1787680800,132.865,132.87,132.85,132.855,132.73,131.55,,,,,,,,,,,,,,,,,,,,,,,,,,,,,,,,,,,,,,,,,,,,,,,,,,,,100,764.9
1787680860,132.86,132.91,132.86,132.91,132.73,131.55,,,,,,,,,,,,,,,,,,,,,,,,,,,,,,,,,,,,,,,,,,,,,,,,,,,,1376,782.9
1787680920,132.94,132.94,132.92,132.92,132.73,131.55,,,,,,,,,,,,,,,,,,,,,,,,,,,,,,,,,,,,,,,,,,,,,,,,,,,,161,771.95
1787680980,132.91,132.92,132.87,132.88,132.73,131.55,,,,,,,,,,,,,,,,,,,,,,,,,,,,,,,,,,,,,,,,,,,,,,,,,,,,234,718.05
1787681040,132.86,132.87,132.85,132.87,132.73,131.55,,,,,,,,,,,,,,,,,,,,,,,,,,,,,,,,,,,,,,,,,,,,,,,,,,,,63,681.6
1787681100,132.9,132.9,132.85,132.86,132.73,131.55,,,,,,,,,,,,,,,,,,,,,,,,,,,,,,,,,,,,,,,,,,,,,,,,,,,,1004,679.5
1787681160,132.87,132.89,132.87,132.89,132.73,131.55,,,,,,,,,,,,,,,,,,,,,,,,,,,,,,,,,,,,,,,,,,,,,,,,,,,,31,664.35
1787681220,132.88,132.96,132.87,132.93,132.73,131.55,,,,,,,,,,,,,,,,,,,,,,,,,,,,,,,,,,,,,,,,,,,,,,,,,,,,1421,696.85
1787681280,132.91,132.93,132.91,132.93,132.73,131.55,,,,,,,,,,,,,,,,,,,,,,,,,,,,,,,,,,,,,,,,,,,,,,,,,,,,232,645.75
1787681340,132.92,132.94,132.915,132.94,132.73,131.55,,,,,,,,,,,,,,,,,,,,,,,,,,,,,,,,,,,,,,,,,,,,,,,,,,,,471,660.9
1787681400,132.95,132.95,132.92,132.92,132.73,131.55,,,,,,,,,,,,,,,,,,,,,,,,,,,,,,,,,,,,,,,,,,,,,,,,,,,,601,682.1
1787681460,132.91,132.93,132.9,132.92,132.73,131.55,,,,,,,,,,,,,,,,,,,,,,,,,,,,,,,,,,,,,,,,,,,,,,,,,,,,221,645.1
1787681520,132.91,132.965,132.91,132.965,132.73,131.55,,,,,,,,,,,,,,,,,,,,,,,,,,,,,,,,,,,,,,,,,,,,,,,,,,,,1885,734.95
1787681580,132.97,132.98,132.97,132.98,132.73,131.55,,,,,,,,,,,,,,,,,,,,,,,,,,,,,,,,,,,,,,,,,,,,,,,,,,,,122,727.35
1787681640,132.98,132.98,132.96,132.96,132.73,131.55,,,,,,,,,,,,,,,,,,,,,,,,,,,,,,,,,,,,,,,,,,,,,,,,,,,,926,687.8
1787681700,132.93,133.02,132.93,133.02,132.73,131.55,,,,,,,,,,,,,,,,,,,,,,,,,,,,,,,,,,,,,,,,,,,,,,,,,,,,888,701.35
1787681760,133.06,133.06,133.06,133.06,132.73,131.55,,,,,,,,,,,,,,,,,,,,,,,,,,,,,,,,,,,,,,,,,,,,,,,,,,,,57,698.1
1787681820,133.05,133.09,133.04,133.08,132.73,131.55,,,,,,,,,,,,,,,,,,,,,,,,,,,,,,,,,,,,,,,,,,,,,,,,,,,,926,690.95
1787681880,133.065,133.08,133.04,133.04,132.73,131.55,,,,,,,,,,,,,,,,,,,,,,,,,,,,,,,,,,,,,,,,,,,,,,,,,,,,642,697.5
1787681940,133.05,133.06,133.05,133.05,132.73,131.55,,,,,,,,,,,,,,,,,,,,,,,,,,,,,,,,,,,,,,,,,,,,,,,,,,,,163,576.2
1787682000,133.07,133.1,133.07,133.1,132.73,131.55,,,,,,,,,,,,,,,,,,,,,,,,,,,,,,,,,,,,,,,,,,,,,,,,,,,,912,616.8
1787682060,133.105,133.105,133.06,133.06,132.73,131.55,,,,,,,,,,,,,,,,,,,,,,,,,,,,,,,,,,,,,,,,,,,,,,,,,,,,656,580.8
1787682120,133.06,133.06,133.05,133.05,132.73,131.55,,,,,,,,,,,,,,,,,,,,,,,,,,,,,,,,,,,,,,,,,,,,,,,,,,,,42,574.85
1787682180,133.05,133.12,133.03,133.12,132.73,131.55,,,,,,,,,,,,,,,,,,,,,,,,,,,,,,,,,,,,,,,,,,,,,,,,,,,,457,586
1787682240,133.1,133.11,133.09,133.11,132.73,131.55,,,,,,,,,,,,,,,,,,,,,,,,,,,,,,,,,,,,,,,,,,,,,,,,,,,,102,587.95
1787682300,133.12,133.18,133.12,133.18,132.73,131.55,,,,,,,,,,,,,,,,,,,,,,,,,,,,,,,,,,,,,,,,,,,,,,,,,,,,662,570.85
1787682360,133.17,133.19,133.16,133.18,132.73,131.55,,,,,,,,,,,,,,,,,,,,,,,,,,,,,,,,,,,,,,,,,,,,,,,,,,,,1249,631.75
1787682420,133.16,133.16,133.09,133.11,132.73,131.55,,,,,,,,,,,,,,,,,,,,,,,,,,,,,,,,,,,,,,,,,,,,,,,,,,,,953,608.35
1787682480,133.12,133.12,133.11,133.12,132.73,131.55,,,,,,,,,,,,,,,,,,,,,,,,,,,,,,,,,,,,,,,,,,,,,,,,,,,,375,615.5
1787682540,133.13,133.13,133.1,133.1,132.73,131.55,,,,,,,,,,,,,,,,,,,,,,,,,,,,,,,,,,,,,,,,,,,,,,,,,,,,226,603.25
1787682600,133.13,133.13,133.12,133.12,132.73,131.55,,,,,,,,,,,,,,,,,,,,,,,,,,,,,,,,,,,,,,,,,,,,,,,,,,,,25,574.45
1787682660,133.16,133.19,133.16,133.16,132.73,131.55,,,,,,,,,,,,,,,,,,,,,,,,,,,,,,,,,,,,,,,,,,,,,,,,,,,,305,578.65
1787682720,133.17,133.17,133.15,133.17,132.73,131.55,,,,,,,,,,,,,,,,,,,,,,,,,,,,,,,,,,,,,,,,,,,,,,,,,,,,162,492.5
1787682780,133.14,133.21,133.14,133.21,132.73,131.55,,,,,,,,,,,,,,,,,,,,,,,,,,,,,,,,,,,,,,,,,,,,,,,,,,,,612,517
1787682840,133.21,133.21,133.19,133.2,132.73,131.55,,,,,,,,,,,,,,,,,,,,,,,,,,,,,,,,,,,,,,,,,,,,,,,,,,,,246,483
1787682900,133.19,133.19,133.17,133.17,132.73,131.55,,,,,,,,,,,,,,,,,,,,,,,,,,,,,,,,,,,,,,,,,,,,,,,,,,,,36,440.4
1787682960,133.18,133.185,133.14,133.16,132.73,131.55,,,,,,,,,,,,,,,,,,,,,,,,,,,,,,,,,,,,,,,,,,,,,,,,,,,,169,446
1787683020,133.17,133.21,133.17,133.19,132.73,131.55,,,,,,,,,,,,,,,,,,,,,,,,,,,,,,,,,,,,,,,,,,,,,,,,,,,,1228,461.1
1787683080,133.19,133.2,133.17,133.17,132.73,131.55,,,,,,,,,,,,,,,,,,,,,,,,,,,,,,,,,,,,,,,,,,,,,,,,,,,,635,460.75
1787683140,133.18,133.19,133.16,133.16,132.73,131.55,,,,,,,,,,,,,,,,,,,,,,,,,,,,,,,,,,,,,,,,,,,,,,,,,,,,558,480.5
1787683200,133.17,133.19,133.17,133.19,132.73,131.55,,,,,,,,,,,,,,,,,,,,,,,,,,,,,,,,,,,,,,,,,,,,,,,,,,,,26,436.2
1787683260,133.19,133.21,133.18,133.2,132.73,131.55,,,,,,,,,,,,,,,,,,,,,,,,,,,,,,,,,,,,,,,,,,,,,,,,,,,,689,437.85
1787683320,133.21,133.21,133.18,133.18,132.73,131.55,,,,,,,,,,,,,,,,,,,,,,,,,,,,,,,,,,,,,,,,,,,,,,,,,,,,340,452.75
1787683380,133.16,133.18,133.14,133.18,132.73,131.55,,,,,,,,,,,,,,,,,,,,,,,,,,,,,,,,,,,,,,,,,,,,,,,,,,,,238,441.8
1787683440,133.16,133.21,133.16,133.21,132.73,131.55,,,,,,,,,,,,,,,,,,,,,,,,,,,,,,,,,,,,,,,,,,,,,,,,,,,,183,445.85
1787683500,133.21,133.24,133.21,133.23,132.73,131.55,,,,,,,,,,,,,,,,,,,,,,,,,,,,,,,,,,,,,,,,,,,,,,,,,,,,699,447.7
1787683560,133.22,133.3,133.22,133.29,132.73,131.55,,,,,,,,,,,,,,,,,,,,,,,,,,,,,,,,,,,,,,,,,,,,,,,,,,,,6353,702.9
1787683620,133.29,133.32,133.28,133.32,132.73,131.55,,,,,,,,,,,,,,,,,,,,,,,,,,,,,,,,,,,,,,,,,,,,,,,,,,,,1683,739.4
1787683680,133.31,133.33,133.31,133.32,132.73,131.55,,,,,,,,,,,,,,,,,,,,,,,,,,,,,,,,,,,,,,,,,,,,,,,,,,,,536,747.45
1787683740,133.33,133.33,133.27,133.27,132.73,131.55,,,,,,,,,,,,,,,,,,,,,,,,,,,,,,,,,,,,,,,,,,,,,,,,,,,,1229,797.6
1787683800,133.3,133.3,133.25,133.27,132.73,131.55,,,,,,,,,,,,,,,,,,,,,,,,,,,,,,,,,,,,,,,,,,,,,,,,,,,,5045,1048.6
1787683860,133.27,133.32,133.25,133.32,132.73,131.55,,,,,,,,,,,,,,,,,,,,,,,,,,,,,,,,,,,,,,,,,,,,,,,,,,,,26231,2344.9
1787683920,133.31,133.31,133.22,133.27,132.73,131.55,,,,,,,,,,,,,,,,,,,,,,,,,,,,,,,,,,,,,,,,,,,,,,,,,,,,10434,2858.5
1787683980,133.27,133.32,133.27,133.3,132.73,131.55,,,,,,,,,,,,,,,,,,,,,,,,,,,,,,,,,,,,,,,,,,,,,,,,,,,,2719,2963.85
1787684040,133.29,133.29,133.24,133.24,132.73,131.55,,,,,,,,,,,,,,,,,,,,,,,,,,,,,,,,,,,,,,,,,,,,,,,,,,,,2882,3095.65
1787684100,133.26,133.26,133.21,133.21,132.73,131.55,,,,,,,,,,,,,,,,,,,,,,,,,,,,,,,,,,,,,,,,,,,,,,,,,,,,826,3135.15
1787684160,133.23,133.26,133.22,133.23,132.73,131.55,,,,,,,,,,,,,,,,,,,,,,,,,,,,,,,,,,,,,,,,,,,,,,,,,,,,2719,3262.65
1787684220,133.23,133.25,133.2,133.25,132.73,131.55,,,,,,,,,,,,,,,,,,,,,,,,,,,,,,,,,,,,,,,,,,,,,,,,,,,,807,3241.6
1787684280,133.26,133.26,133.24,133.24,132.73,131.55,,,,,,,,,,,,,,,,,,,,,,,,,,,,,,,,,,,,,,,,,,,,,,,,,,,,780,3248.85
1787684340,133.24,133.245,133.17,133.17,132.73,131.55,,,,,,,,,,,,,,,,,,,,,,,,,,,,,,,,,,,,,,,,,,,,,,,,,,,,1335,3287.7
1787684400,133.2,133.22,133.2,133.22,132.73,131.55,,,,,,,,,,,,,,,,,,,,,,,,,,,,,,,,,,,,,,,,,,,,,,,,,,,,283,3300.55
1787684460,133.23,133.23,133.17,133.18,132.73,131.55,,,,,,,,,,,,,,,,,,,,,,,,,,,,,,,,,,,,,,,,,,,,,,,,,,,,1450,3338.6
1787684520,133.17,133.19,133.16,133.17,132.73,131.55,,,,,,,,,,,,,,,,,,,,,,,,,,,,,,,,,,,,,,,,,,,,,,,,,,,,932,3368.2
1787684580,133.19,133.24,133.19,133.2,132.73,131.55,,,,,,,,,,,,,,,,,,,,,,,,,,,,,,,,,,,,,,,,,,,,,,,,,,,,1334,3423
1787684640,133.18,133.18,133.16,133.16,132.73,131.55,,,,,,,,,,,,,,,,,,,,,,,,,,,,,,,,,,,,,,,,,,,,,,,,,,,,398,3433.75
1787684700,133.16,133.24,133.15,133.2,132.73,131.55,,,,,,,,,,,,,,,,,,,,,,,,,,,,,,,,,,,,,,,,,,,,,,,,,,,,1854,3491.5
1787684760,133.2,133.2,133.15,133.16,132.73,131.55,,,,,,,,,,,,,,,,,,,,,,,,,,,,,,,,,,,,,,,,,,,,,,,,,,,,422,3194.95
1787684820,133.15,133.17,133.12,133.12,132.73,131.55,,,,,,,,,,,,,,,,,,,,,,,,,,,,,,,,,,,,,,,,,,,,,,,,,,,,544,3138
1787684880,133.12,133.16,133.12,133.15,132.73,131.55,,,,,,,,,,,,,,,,,,,,,,,,,,,,,,,,,,,,,,,,,,,,,,,,,,,,458,3134.1
1787684940,133.14,133.17,133.11,133.13,132.73,131.55,,,,,,,,,,,,,,,,,,,,,,,,,,,,,,,,,,,,,,,,,,,,,,,,,,,,959,3120.6
1787685000,133.13,133.14,133.12,133.12,132.73,131.55,,,,,,,,,,,,,,,,,,,,,,,,,,,,,,,,,,,,,,,,,,,,,,,,,,,,1087,2922.7
1787685060,133.1,133.1,133.08,133.09,132.73,131.55,,,,,,,,,,,,,,,,,,,,,,,,,,,,,,,,,,,,,,,,,,,,,,,,,,,,809,1651.6
1787685120,133.08,133.11,133.08,133.1,132.73,131.55,,,,,,,,,,,,,,,,,,,,,,,,,,,,,,,,,,,,,,,,,,,,,,,,,,,,1449,1202.35
1787685180,133.12,133.14,133.12,133.13,132.73,131.55,,,,,,,,,,,,,,,,,,,,,,,,,,,,,,,,,,,,,,,,,,,,,,,,,,,,781,1105.45
1787685240,133.12,133.19,133.12,133.19,132.73,131.55,,,,,,,,,,,,,,,,,,,,,,,,,,,,,,,,,,,,,,,,,,,,,,,,,,,,784,1000.55
1787685300,133.2,133.21,133.17,133.2,132.73,131.55,,,,,,,,,,,,,,,,,,,,,,,,,,,,,,,,,,,,,,,,,,,,,,,,,,,,973,1007.9
1787685360,133.2,133.2,133.19,133.19,132.73,131.55,,,,,,,,,,,,,,,,,,,,,,,,,,,,,,,,,,,,,,,,,,,,,,,,,,,,505,897.2
1787685420,133.21,133.21,133.1,133.105,132.73,131.55,,,,,,,,,,,,,,,,,,,,,,,,,,,,,,,,,,,,,,,,,,,,,,,,,,,,1614,937.55
1787685480,133.11,133.13,133.08,133.08,132.73,131.55,,,,,,,,,,,,,,,,,,,,,,,,,,,,,,,,,,,,,,,,,,,,,,,,,,,,819,939.5
1787685540,133.08,133.08,133,133.02,132.73,131.55,,,,,,,,,,,,,,,,,,,,,,,,,,,,,,,,,,,,,,,,,,,,,,,,,,,,1891,967.3
1787685600,133.01,133.11,133.01,133.1,132.73,131.55,,,,,,,,,,,,,,,,,,,,,,,,,,,,,,,,,,,,,,,,,,,,,,,,,,,,800,993.15
1787685660,133.095,133.13,133.095,133.13,132.73,131.55,,,,,,,,,,,,,,,,,,,,,,,,,,,,,,,,,,,,,,,,,,,,,,,,,,,,576,949.45
1787685720,133.13,133.16,133.13,133.14,132.73,131.55,,,,,,,,,,,,,,,,,,,,,,,,,,,,,,,,,,,,,,,,,,,,,,,,,,,,631,934.4
1787685780,133.15,133.21,133.15,133.21,132.73,131.55,,,,,,,,,,,,,,,,,,,,,,,,,,,,,,,,,,,,,,,,,,,,,,,,,,,,785,906.95
1787685840,133.2,133.21,133.18,133.19,132.73,131.55,,,,,,,,,,,,,,,,,,,,,,,,,,,,,,,,,,,,,,,,,,,,,,,,,,,,544,914.25
1787685900,133.205,133.205,133.17,133.2,132.73,131.55,,,,,,,,,,,,,,,,,,,,,,,,,,,,,,,,,,,,,,,,,,,,,,,,,,,,891,866.1
1787685960,133.22,133.22,133.18,133.2,132.73,131.55,,,,,,,,,,,,,,,,,,,,,,,,,,,,,,,,,,,,,,,,,,,,,,,,,,,,572,873.6
1787686020,133.19,133.23,133.19,133.225,132.73,131.55,,,,,,,,,,,,,,,,,,,,,,,,,,,,,,,,,,,,,,,,,,,,,,,,,,,,212,857
1787686080,133.23,133.3,133.23,133.3,132.73,131.55,,,,,,,,,,,,,,,,,,,,,,,,,,,,,,,,,,,,,,,,,,,,,,,,,,,,1064,887.3
1787686140,133.29,133.29,133.25,133.28,132.73,131.55,,,,,,,,,,,,,,,,,,,,,,,,,,,,,,,,,,,,,,,,,,,,,,,,,,,,1234,901.05
1787686200,133.27,133.33,133.26,133.31,132.73,131.55,,,,,,,,,,,,,,,,,,,,,,,,,,,,,,,,,,,,,,,,,,,,,,,,,,,,3332,1013.3
1787686260,133.3,133.32,133.27,133.27,132.73,131.55,,,,,,,,,,,,,,,,,,,,,,,,,,,,,,,,,,,,,,,,,,,,,,,,,,,,1440,1044.85
1787686320,133.29,133.38,133.28,133.38,132.73,131.55,,,,,,,,,,,,,,,,,,,,,,,,,,,,,,,,,,,,,,,,,,,,,,,,,,,,12448,1594.8
1787686380,133.39,133.4,133.32,133.33,132.73,131.55,,,,,,,,,,,,,,,,,,,,,,,,,,,,,,,,,,,,,,,,,,,,,,,,,,,,1998,1655.65
1787686440,133.33,133.37,133.28,133.36,132.73,131.55,,,,,,,,,,,,,,,,,,,,,,,,,,,,,,,,,,,,,,,,,,,,,,,,,,,,1872,1710.05
1787686500,133.38,133.41,133.34,133.41,132.73,131.55,,,,,,,,,,,,,,,,,,,,,,,,,,,,,,,,,,,,,,,,,,,,,,,,,,,,1745,1748.65
1787686560,133.41,133.44,133.39,133.42,132.73,131.55,,,,,,,,,,,,,,,,,,,,,,,,,,,,,,,,,,,,,,,,,,,,,,,,,,,,2557,1851.25
1787686620,133.425,133.44,133.39,133.39,132.73,131.55,,,,,,,,,,,,,,,,,,,,,,,,,,,,,,,,,,,,,,,,,,,,,,,,,,,,3004,1920.75
1787686680,133.38,133.41,133.38,133.4,132.73,131.55,,,,,,,,,,,,,,,,,,,,,,,,,,,,,,,,,,,,,,,,,,,,,,,,,,,,824,1921
1787686740,133.41,133.41,133.36,133.41,132.73,131.55,,,,,,,,,,,,,,,,,,,,,,,,,,,,,,,,,,,,,,,,,,,,,,,,,,,,1097,1881.3
1787686800,133.41,133.42,133.39,133.42,132.73,131.55,,,,,,,,,,,,,,,,,,,,,,,,,,,,,,,,,,,,,,,,,,,,,,,,,,,,1344,1908.5
1787686860,133.42,133.55,133.41,133.55,132.73,131.55,,,,,,,,,,,,,,,,,,,,,,,,,,,,,,,,,,,,,,,,,,,,,,,,,,,,2651,2012.25
1787686920,133.58,133.61,133.58,133.61,132.73,131.55,,,,,,,,,,,,,,,,,,,,,,,,,,,,,,,,,,,,,,,,,,,,,,,,,,,,2925,2126.95
1787686980,133.62,133.65,133.62,133.65,132.73,131.55,,,,,,,,,,,,,,,,,,,,,,,,,,,,,,,,,,,,,,,,,,,,,,,,,,,,1654,2170.4
1787687040,133.635,133.69,133.58,133.58,132.73,131.55,,,,,,,,,,,,,,,,,,,,,,,,,,,,,,,,,,,,,,,,,,,,,,,,,,,,4257,2356.05
1787687100,133.57,133.57,133.45,133.5,132.73,131.55,,,,,,,,,,,,,,,,,,,,,,,,,,,,,,,,,,,,,,,,,,,,,,,,,,,,4025,2512.75
1787687160,133.48,133.48,133.39,133.39,132.73,131.55,,,,,,,,,,,,,,,,,,,,,,,,,,,,,,,,,,,,,,,,,,,,,,,,,,,,3648,2666.55
1787687220,133.4,133.42,133.37,133.41,132.73,131.55,,,,,,,,,,,,,,,,,,,,,,,,,,,,,,,,,,,,,,,,,,,,,,,,,,,,2449,2778.4
1787687280,133.4,133.43,133.36,133.39,132.73,131.55,,,,,,,,,,,,,,,,,,,,,,,,,,,,,,,,,,,,,,,,,,,,,,,,,,,,3012,2875.8
1787687340,133.405,133.55,133.405,133.51,132.73,131.55,,,,,,,,,,,,,,,,,,,,,,,,,,,,,,,,,,,,,,,,,,,,,,,,,,,,5243,3076.25
1787687400,133.49,133.49,133.35,133.4,132.73,131.55,,,,,,,,,,,,,,,,,,,,,,,,,,,,,,,,,,,,,,,,,,,,,,,,,,,,3943,3106.8
1787687460,133.4,133.51,133.4,133.46,132.73,131.55,,,,,,,,,,,,,,,,,,,,,,,,,,,,,,,,,,,,,,,,,,,,,,,,,,,,2588,3164.2
1787687520,133.47,133.48,133.42,133.46,132.73,131.55,,,,,,,,,,,,,,,,,,,,,,,,,,,,,,,,,,,,,,,,,,,,,,,,,,,,3723,2727.95
1787687580,133.46,133.52,133.45,133.52,132.73,131.55,,,,,,,,,,,,,,,,,,,,,,,,,,,,,,,,,,,,,,,,,,,,,,,,,,,,1636,2709.85
1787687640,133.52,133.55,133.47,133.47,132.73,131.55,,,,,,,,,,,,,,,,,,,,,,,,,,,,,,,,,,,,,,,,,,,,,,,,,,,,4241,2828.3
1787687700,133.47,133.47,133.38,133.42,132.73,131.55,,,,,,,,,,,,,,,,,,,,,,,,,,,,,,,,,,,,,,,,,,,,,,,,,,,,3780,2930.05
1787687760,133.42,133.44,133.38,133.44,132.73,131.55,,,,,,,,,,,,,,,,,,,,,,,,,,,,,,,,,,,,,,,,,,,,,,,,,,,,2862,2945.3
1787687820,133.45,133.45,133.37,133.4,132.73,131.55,,,,,,,,,,,,,,,,,,,,,,,,,,,,,,,,,,,,,,,,,,,,,,,,,,,,5761,3083.15
1787687880,133.4,133.43,133.395,133.41,132.73,131.55,,,,,,,,,,,,,,,,,,,,,,,,,,,,,,,,,,,,,,,,,,,,,,,,,,,,6992,3391.55
1787687940,133.405,133.48,133.22,133.26,132.73,131.55,,,,,,,,,,,,,,,,,,,,,,,,,,,,,,,,,,,,,,,,,,,,,,,,,,,,37664,5219.9