time,open,high,low,close,ORB High,ORB Low,Retest Upper,Retest Lower,EXP_event_flag,EXP_event_id,EXP_direction,EXP_signal_time,EXP_signal_price,EXP_orb_high,EXP_orb_low,EXP_orb_range,EXP_frozen_atr,EXP_signal_mfe_pct,EXP_signal_mae_pct,EXP_primary_outcome,EXP_first_retest_time,EXP_retest_state,EXP_cp5_valid,EXP_cp5_time,EXP_cp5_ref_price,EXP_cp5_sep_atr_pct,EXP_cp5_forward_eligible,EXP_cp5_fwd_mfe_pct,EXP_cp5_fwd_mae_pct,EXP_cp5_outcome,EXP_cp10_valid,EXP_cp10_time,EXP_cp10_ref_price,EXP_cp10_sep_atr_pct,EXP_cp10_forward_eligible,EXP_cp10_fwd_mfe_pct,EXP_cp10_fwd_mae_pct,EXP_cp10_outcome,EXP_cp15_valid,EXP_cp15_time,EXP_cp15_ref_price,EXP_cp15_sep_atr_pct,EXP_cp15_forward_eligible,EXP_cp15_fwd_mfe_pct,EXP_cp15_fwd_mae_pct,EXP_cp15_outcome,EXP_cp30_valid,EXP_cp30_time,EXP_cp30_ref_price,EXP_cp30_sep_atr_pct,EXP_cp30_forward_eligible,EXP_cp30_fwd_mfe_pct,EXP_cp30_fwd_mae_pct,EXP_cp30_outcome,EXP_ratio_10m_15m,EXP_ratio_bucket_parent,EXP_export_row_count,Volume,Volume MA
1785956040,311.12,311.14,311.12,311.14,313.4,310.9,,,,,,,,,,,,,,,,,,,,,,,,,,,,,,,,,,,,,,,,,,,,,,,,,,,,60,88.7
1785956220,311.17,311.3,311.17,311.27,313.4,310.9,,,,,,,,,,,,,,,,,,,,,,,,,,,,,,,,,,,,,,,,,,,,,,,,,,,,277,97.75
1785956340,311.5,311.5,311.4,311.4,313.4,310.9,,,,,,,,,,,,,,,,,,,,,,,,,,,,,,,,,,,,,,,,,,,,,,,,,,,,22,90.35
1785956400,311.47,311.47,311.28,311.29,313.4,310.9,,,,,,,,,,,,,,,,,,,,,,,,,,,,,,,,,,,,,,,,,,,,,,,,,,,,537,106.75
1785956460,311.22,311.29,311.22,311.29,313.4,310.9,,,,,,,,,,,,,,,,,,,,,,,,,,,,,,,,,,,,,,,,,,,,,,,,,,,,223,111.7
1785956520,311.35,311.38,311.35,311.38,313.4,310.9,,,,,,,,,,,,,,,,,,,,,,,,,,,,,,,,,,,,,,,,,,,,,,,,,,,,68,110.25
1785956580,311.28,311.28,311.04,311.04,313.4,310.9,,,,,,,,,,,,,,,,,,,,,,,,,,,,,,,,,,,,,,,,,,,,,,,,,,,,675,143.85
1785956640,310.99,310.99,310.99,310.99,313.4,310.9,,,,,,,,,,,,,,,,,,,,,,,,,,,,,,,,,,,,,,,,,,,,,,,,,,,,40,143.7
1785956700,310.97,311.19,310.97,311.19,313.4,310.9,,,,,,,,,,,,,,,,,,,,,,,,,,,,,,,,,,,,,,,,,,,,,,,,,,,,48,140.4
1785956760,311.255,311.26,311.255,311.26,313.4,310.9,,,,,,,,,,,,,,,,,,,,,,,,,,,,,,,,,,,,,,,,,,,,,,,,,,,,49,142.8
1785956820,311.18,311.24,311.18,311.24,313.4,310.9,,,,,,,,,,,,,,,,,,,,,,,,,,,,,,,,,,,,,,,,,,,,,,,,,,,,15,142.95
1785956880,311.25,311.32,311.25,311.32,313.4,310.9,,,,,,,,,,,,,,,,,,,,,,,,,,,,,,,,,,,,,,,,,,,,,,,,,,,,53,140.5
1785956940,311.36,311.405,311.36,311.38,313.4,310.9,,,,,,,,,,,,,,,,,,,,,,,,,,,,,,,,,,,,,,,,,,,,,,,,,,,,178,148
1785957000,311.425,311.425,311.38,311.38,313.4,310.9,,,,,,,,,,,,,,,,,,,,,,,,,,,,,,,,,,,,,,,,,,,,,,,,,,,,68,146.25
1785957060,311.37,311.41,311.33,311.41,313.4,310.9,,,,,,,,,,,,,,,,,,,,,,,,,,,,,,,,,,,,,,,,,,,,,,,,,,,,122,151.95
1785957120,311.41,311.41,311.41,311.41,313.4,310.9,,,,,,,,,,,,,,,,,,,,,,,,,,,,,,,,,,,,,,,,,,,,,,,,,,,,35,148.4
1785957180,311.49,311.49,311.44,311.44,313.4,310.9,,,,,,,,,,,,,,,,,,,,,,,,,,,,,,,,,,,,,,,,,,,,,,,,,,,,36,146.65
1785957240,311.43,311.445,311.385,311.385,313.4,310.9,,,,,,,,,,,,,,,,,,,,,,,,,,,,,,,,,,,,,,,,,,,,,,,,,,,,272,151
1785957300,311.35,311.35,311.31,311.31,313.4,310.9,,,,,,,,,,,,,,,,,,,,,,,,,,,,,,,,,,,,,,,,,,,,,,,,,,,,71,150.45
1785957360,311.35,311.35,311.35,311.35,313.4,310.9,,,,,,,,,,,,,,,,,,,,,,,,,,,,,,,,,,,,,,,,,,,,,,,,,,,,12,143.05
1785957420,311.535,311.74,311.535,311.74,313.4,310.9,,,,,,,,,,,,,,,,,,,,,,,,,,,,,,,,,,,,,,,,,,,,,,,,,,,,85,144.3
1785957480,311.77,311.77,311.59,311.59,313.4,310.9,,,,,,,,,,,,,,,,,,,,,,,,,,,,,,,,,,,,,,,,,,,,,,,,,,,,253,143.1
1785957540,311.6,311.6,311.59,311.59,313.4,310.9,,,,,,,,,,,,,,,,,,,,,,,,,,,,,,,,,,,,,,,,,,,,,,,,,,,,60,145
1785957600,311.7,311.71,311.66,311.66,313.4,310.9,,,,,,,,,,,,,,,,,,,,,,,,,,,,,,,,,,,,,,,,,,,,,,,,,,,,230,129.65
1785957660,311.68,311.68,311.68,311.68,313.4,310.9,,,,,,,,,,,,,,,,,,,,,,,,,,,,,,,,,,,,,,,,,,,,,,,,,,,,40,120.5
1785957720,311.58,311.58,311.53,311.55,313.4,310.9,,,,,,,,,,,,,,,,,,,,,,,,,,,,,,,,,,,,,,,,,,,,,,,,,,,,319,133.05
1785957780,311.54,311.695,311.54,311.695,313.4,310.9,,,,,,,,,,,,,,,,,,,,,,,,,,,,,,,,,,,,,,,,,,,,,,,,,,,,144,106.5
1785957840,311.6,311.6,311.6,311.6,313.4,310.9,,,,,,,,,,,,,,,,,,,,,,,,,,,,,,,,,,,,,,,,,,,,,,,,,,,,10,105
1785957900,311.6,311.61,311.4,311.4,313.4,310.9,,,,,,,,,,,,,,,,,,,,,,,,,,,,,,,,,,,,,,,,,,,,,,,,,,,,281,116.65
1785957960,311.37,311.38,311.36,311.38,313.4,310.9,,,,,,,,,,,,,,,,,,,,,,,,,,,,,,,,,,,,,,,,,,,,,,,,,,,,20,115.2
1785958020,311.35,311.55,311.33,311.42,313.4,310.9,,,,,,,,,,,,,,,,,,,,,,,,,,,,,,,,,,,,,,,,,,,,,,,,,,,,87,118.8
1785958080,311.48,311.51,311.41,311.51,313.4,310.9,,,,,,,,,,,,,,,,,,,,,,,,,,,,,,,,,,,,,,,,,,,,,,,,,,,,23,117.3
1785958140,311.46,311.5,311.34,311.34,313.4,310.9,,,,,,,,,,,,,,,,,,,,,,,,,,,,,,,,,,,,,,,,,,,,,,,,,,,,330,124.9
1785958200,311.44,311.51,311.44,311.51,313.4,310.9,,,,,,,,,,,,,,,,,,,,,,,,,,,,,,,,,,,,,,,,,,,,,,,,,,,,111,127.05
1785958260,311.45,311.45,311.35,311.35,313.4,310.9,,,,,,,,,,,,,,,,,,,,,,,,,,,,,,,,,,,,,,,,,,,,,,,,,,,,296,135.75
1785958320,311.49,311.51,311.49,311.51,313.4,310.9,,,,,,,,,,,,,,,,,,,,,,,,,,,,,,,,,,,,,,,,,,,,,,,,,,,,69,137.45
1785958380,311.51,311.52,311.42,311.42,313.4,310.9,,,,,,,,,,,,,,,,,,,,,,,,,,,,,,,,,,,,,,,,,,,,,,,,,,,,556,163.45
1785958440,311.49,311.68,311.49,311.68,313.4,310.9,,,,,,,,,,,,,,,,,,,,,,,,,,,,,,,,,,,,,,,,,,,,,,,,,,,,97,154.7
1785958500,311.66,311.66,311.59,311.59,313.4,310.9,,,,,,,,,,,,,,,,,,,,,,,,,,,,,,,,,,,,,,,,,,,,,,,,,,,,74,154.85
1785958560,311.66,311.68,311.53,311.53,313.4,310.9,,,,,,,,,,,,,,,,,,,,,,,,,,,,,,,,,,,,,,,,,,,,,,,,,,,,168,162.65
1785958620,311.47,311.48,311.37,311.37,313.4,310.9,,,,,,,,,,,,,,,,,,,,,,,,,,,,,,,,,,,,,,,,,,,,,,,,,,,,203,168.55
1785958680,311.33,311.34,311.33,311.34,313.4,310.9,,,,,,,,,,,,,,,,,,,,,,,,,,,,,,,,,,,,,,,,,,,,,,,,,,,,46,158.2
1785958740,311.355,311.45,311.355,311.45,313.4,310.9,,,,,,,,,,,,,,,,,,,,,,,,,,,,,,,,,,,,,,,,,,,,,,,,,,,,274,168.9
1785958800,311.51,311.56,311.32,311.32,313.4,310.9,,,,,,,,,,,,,,,,,,,,,,,,,,,,,,,,,,,,,,,,,,,,,,,,,,,,479,181.35
1785958860,311.34,311.35,311.34,311.35,313.4,310.9,,,,,,,,,,,,,,,,,,,,,,,,,,,,,,,,,,,,,,,,,,,,,,,,,,,,60,182.35
1785958920,311.43,311.48,311.35,311.48,313.4,310.9,,,,,,,,,,,,,,,,,,,,,,,,,,,,,,,,,,,,,,,,,,,,,,,,,,,,530,192.9
1785958980,311.53,311.6,311.53,311.55,313.4,310.9,,,,,,,,,,,,,,,,,,,,,,,,,,,,,,,,,,,,,,,,,,,,,,,,,,,,138,192.6
1785959040,311.48,311.48,311.345,311.37,313.4,310.9,,,,,,,,,,,,,,,,,,,,,,,,,,,,,,,,,,,,,,,,,,,,,,,,,,,,351,209.65
1785959100,311.4,311.49,311.35,311.49,313.4,310.9,,,,,,,,,,,,,,,,,,,,,,,,,,,,,,,,,,,,,,,,,,,,,,,,,,,,111,201.15
1785959160,311.44,311.44,311.4,311.4,313.4,310.9,,,,,,,,,,,,,,,,,,,,,,,,,,,,,,,,,,,,,,,,,,,,,,,,,,,,368,218.55
1785959220,311.42,311.54,311.35,311.35,313.4,310.9,,,,,,,,,,,,,,,,,,,,,,,,,,,,,,,,,,,,,,,,,,,,,,,,,,,,760,252.2
1785959280,311.43,311.47,311.34,311.405,313.4,310.9,,,,,,,,,,,,,,,,,,,,,,,,,,,,,,,,,,,,,,,,,,,,,,,,,,,,495,275.8
1785959340,311.46,311.68,311.41,311.61,313.4,310.9,,,,,,,,,,,,,,,,,,,,,,,,,,,,,,,,,,,,,,,,,,,,,,,,,,,,882,303.4
1785959400,311.63,311.69,311.425,311.52,313.4,310.9,,,,,,,,,,,,,,,,,,,,,,,,,,,,,,,,,,,,,,,,,,,,,,,,,,,,779,336.8
1785959460,311.54,311.57,311.38,311.41,313.4,310.9,,,,,,,,,,,,,,,,,,,,,,,,,,,,,,,,,,,,,,,,,,,,,,,,,,,,351,339.55
1785959520,311.34,311.34,311.145,311.19,313.4,310.9,,,,,,,,,,,,,,,,,,,,,,,,,,,,,,,,,,,,,,,,,,,,,,,,,,,,194,345.8
1785959580,311.14,311.24,311.14,311.2,313.4,310.9,,,,,,,,,,,,,,,,,,,,,,,,,,,,,,,,,,,,,,,,,,,,,,,,,,,,443,340.15
1785959640,311.13,311.21,311.1,311.14,313.4,310.9,,,,,,,,,,,,,,,,,,,,,,,,,,,,,,,,,,,,,,,,,,,,,,,,,,,,297,350.15
1785959700,311.19,311.24,310.96,311.045,313.4,310.9,,,,,,,,,,,,,,,,,,,,,,,,,,,,,,,,,,,,,,,,,,,,,,,,,,,,843,388.6
1785959760,310.98,311.07,310.96,311.01,313.4,310.9,,,,,,,,,,,,,,,,,,,,,,,,,,,,,,,,,,,,,,,,,,,,,,,,,,,,322,396.3
1785959820,310.97,310.97,310.78,310.78,313.4,310.9,,,,,,,,,,,,,,,,,,,,,,,,,,,,,,,,,,,,,,,,,,,,,,,,,,,,851,428.7
1785959880,310.84,311.11,310.72,310.72,313.4,310.9,,,,,,,,,,,,,,,,,,,,,,,,,,,,,,,,,,,,,,,,,,,,,,,,,,,,2367,544.75
1785959940,310.75,310.82,310.57,310.82,313.4,310.9,,,1,16,-1,1785940440000,310.87,313.4,310.9,2.5,0.2835909863798389,0.5661530543313896,0.289510084601273,1,1785940500000,1,0,,,,0,0,0,0,0,,,,0,0,0,0,0,,,,0,0,0,0,0,,,,0,0,0,0,,-1,16,3156,688.85
1786023000,313.325,313.325,313.325,313.325,313.325,313.325,,,,,,,,,,,,,,,,,,,,,,,,,,,,,,,,,,,,,,,,,,,,,,,,,,,,20,665.9
1786023060,313.32,314.14,313.32,314.14,314.14,313.32,,,,,,,,,,,,,,,,,,,,,,,,,,,,,,,,,,,,,,,,,,,,,,,,,,,,789,702.35
1786023120,313.62,313.62,313.42,313.42,314.14,313.32,,,,,,,,,,,,,,,,,,,,,,,,,,,,,,,,,,,,,,,,,,,,,,,,,,,,18,676.75
1786023240,312.91,313.2,312.41,312.99,314.14,312.41,,,,,,,,,,,,,,,,,,,,,,,,,,,,,,,,,,,,,,,,,,,,,,,,,,,,482,693.95
1786023300,313.03,313.09,312.54,312.55,314.14,312.41,,,,,,,,,,,,,,,,,,,,,,,,,,,,,,,,,,,,,,,,,,,,,,,,,,,,328,692.8
1786023360,312.71,313.5,312.71,313.5,314.14,312.41,,,,,,,,,,,,,,,,,,,,,,,,,,,,,,,,,,,,,,,,,,,,,,,,,,,,266,700.55
1786023420,313.56,313.75,313.19,313.19,314.14,312.41,,,,,,,,,,,,,,,,,,,,,,,,,,,,,,,,,,,,,,,,,,,,,,,,,,,,382,701.25
1786023480,312.81,313.03,312.43,312.43,314.14,312.41,,,,,,,,,,,,,,,,,,,,,,,,,,,,,,,,,,,,,,,,,,,,,,,,,,,,22,664.35
1786023540,313.14,313.2,312.65,312.65,314.14,312.41,,,,,,,,,,,,,,,,,,,,,,,,,,,,,,,,,,,,,,,,,,,,,,,,,,,,103,644.75
1786023600,313,313.17,313,313.17,314.14,312.41,,,,,,,,,,,,,,,,,,,,,,,,,,,,,,,,,,,,,,,,,,,,,,,,,,,,12,601.25
1786023660,313.53,313.64,313.17,313.17,314.14,312.41,,,,,,,,,,,,,,,,,,,,,,,,,,,,,,,,,,,,,,,,,,,,,,,,,,,,81,566.35
1786023720,313.1,313.19,312.93,313.19,314.14,312.41,,,,,,,,,,,,,,,,,,,,,,,,,,,,,,,,,,,,,,,,,,,,,,,,,,,,157,556.65
1786023780,313.34,313.36,313.2,313.235,314.14,312.41,,,,,,,,,,,,,,,,,,,,,,,,,,,,,,,,,,,,,,,,,,,,,,,,,,,,168,555.35
1786023840,313,314.05,313,314.05,314.14,312.41,,,,,,,,,,,,,,,,,,,,,,,,,,,,,,,,,,,,,,,,,,,,,,,,,,,,268,546.6
1786023960,314.12,314.88,314.12,314.27,314.14,312.41,,,,,,,,,,,,,,,,,,,,,,,,,,,,,,,,,,,,,,,,,,,,,,,,,,,,3369,700.2
1786024020,314.38,314.52,314.11,314.52,314.14,312.41,,,,,,,,,,,,,,,,,,,,,,,,,,,,,,,,,,,,,,,,,,,,,,,,,,,,568,686.45
1786024080,314.59,314.82,314.59,314.73,314.14,312.41,,,,,,,,,,,,,,,,,,,,,,,,,,,,,,,,,,,,,,,,,,,,,,,,,,,,166,678.65
1786024140,314.57,314.58,314.28,314.28,314.14,312.41,,,,,,,,,,,,,,,,,,,,,,,,,,,,,,,,,,,,,,,,,,,,,,,,,,,,118,642
1786024200,314.35,314.5,314.35,314.5,314.14,312.41,,,,,,,,,,,,,,,,,,,,,,,,,,,,,,,,,,,,,,,,,,,,,,,,,,,,91,528.2
1786024260,314.55,314.8,314.5,314.71,314.14,312.41,,,,,,,,,,,,,,,,,,,,,,,,,,,,,,,,,,,,,,,,,,,,,,,,,,,,46,372.7
1786024320,314.57,314.68,314.57,314.68,314.14,312.41,,,,,,,,,,,,,,,,,,,,,,,,,,,,,,,,,,,,,,,,,,,,,,,,,,,,53,374.35
1786024380,314.8,314.8,313.77,313.77,314.14,312.41,,,,,,,,,,,,,,,,,,,,,,,,,,,,,,,,,,,,,,,,,,,,,,,,,,,,345,352.15
1786024440,314.04,314.08,314.04,314.08,314.14,312.41,,,,,,,,,,,,,,,,,,,,,,,,,,,,,,,,,,,,,,,,,,,,,,,,,,,,94,355.95
1786024500,314.085,314.44,314.085,314.14,314.14,312.41,,,,,,,,,,,,,,,,,,,,,,,,,,,,,,,,,,,,,,,,,,,,,,,,,,,,537,358.7
1786024560,314.5,314.5,314.1,314.1,314.14,312.41,,,,,,,,,,,,,,,,,,,,,,,,,,,,,,,,,,,,,,,,,,,,,,,,,,,,685,376.55
1786024620,314.28,314.68,314.28,314.675,314.14,312.41,,,,,,,,,,,,,,,,,,,,,,,,,,,,,,,,,,,,,,,,,,,,,,,,,,,,150,370.75
1786024740,314.43,314.43,314.32,314.32,314.14,312.41,,,,,,,,,,,,,,,,,,,,,,,,,,,,,,,,,,,,,,,,,,,,,,,,,,,,51,354.2
1786024800,314.535,314.535,314.33,314.53,314.14,312.41,,,,,,,,,,,,,,,,,,,,,,,,,,,,,,,,,,,,,,,,,,,,,,,,,,,,26,354.4
1786024860,314.57,315.33,314.57,315.23,314.14,312.41,,,,,,,,,,,,,,,,,,,,,,,,,,,,,,,,,,,,,,,,,,,,,,,,,,,,712,384.85
1786024920,315.195,315.59,315.195,315.59,314.14,312.41,,,,,,,,,,,,,,,,,,,,,,,,,,,,,,,,,,,,,,,,,,,,,,,,,,,,67,387.6
1786024980,315.64,315.64,315.64,315.64,314.14,312.41,,,,,,,,,,,,,,,,,,,,,,,,,,,,,,,,,,,,,,,,,,,,,,,,,,,,100,388.55
1786025040,315.41,316.3,315.41,316.27,314.14,312.41,,,,,,,,,,,,,,,,,,,,,,,,,,,,,,,,,,,,,,,,,,,,,,,,,,,,187,390.05
1786025100,316.25,316.25,315.95,315.95,314.14,312.41,,,,,,,,,,,,,,,,,,,,,,,,,,,,,,,,,,,,,,,,,,,,,,,,,,,,58,384.55
1786025160,316.29,316.51,316.29,316.51,314.14,312.41,,,,,,,,,,,,,,,,,,,,,,,,,,,,,,,,,,,,,,,,,,,,,,,,,,,,54,373.85
1786025220,316.37,316.89,316.22,316.77,314.14,312.41,,,,,,,,,,,,,,,,,,,,,,,,,,,,,,,,,,,,,,,,,,,,,,,,,,,,532,232
1786025280,317,317.47,316.9,317.47,314.14,312.41,,,,,,,,,,,,,,,,,,,,,,,,,,,,,,,,,,,,,,,,,,,,,,,,,,,,44,205.8
1786025340,317.74,318.17,317.74,317.77,314.14,312.41,,,,,,,,,,,,,,,,,,,,,,,,,,,,,,,,,,,,,,,,,,,,,,,,,,,,1518,273.4
1786025400,317.67,318.305,317.45,318.305,314.14,312.41,,,,,,,,,,,,,,,,,,,,,,,,,,,,,,,,,,,,,,,,,,,,,,,,,,,,718,303.4
1786025460,318.3,318.3,317.65,318.29,314.14,312.41,,,,,,,,,,,,,,,,,,,,,,,,,,,,,,,,,,,,,,,,,,,,,,,,,,,,970,347.35
1786025520,317.69,317.69,317.23,317.23,314.14,312.41,,,,,,,,,,,,,,,,,,,,,,,,,,,,,,,,,,,,,,,,,,,,,,,,,,,,483,369.2
1786025580,317,317.14,316.87,317.14,314.14,312.41,,,,,,,,,,,,,,,,,,,,,,,,,,,,,,,,,,,,,,,,,,,,,,,,,,,,105,371.8
1786025700,317.34,317.42,317.12,317.36,314.14,312.41,,,,,,,,,,,,,,,,,,,,,,,,,,,,,,,,,,,,,,,,,,,,,,,,,,,,507,379.9
1786025760,317.39,317.42,316.89,317.11,314.14,312.41,,,,,,,,,,,,,,,,,,,,,,,,,,,,,,,,,,,,,,,,,,,,,,,,,,,,804,415.4
1786025820,317.36,317.36,316.6,316.73,314.14,312.41,,,,,,,,,,,,,,,,,,,,,,,,,,,,,,,,,,,,,,,,,,,,,,,,,,,,314,404.25
1786025880,316.41,316.78,316.41,316.78,314.14,312.41,,,,,,,,,,,,,,,,,,,,,,,,,,,,,,,,,,,,,,,,,,,,,,,,,,,,45,372.25
1786025940,316.83,316.83,316.83,316.83,314.14,312.41,,,,,,,,,,,,,,,,,,,,,,,,,,,,,,,,,,,,,,,,,,,,,,,,,,,,32,366.35
1786026000,316.33,316.485,316.33,316.34,314.14,312.41,,,,,,,,,,,,,,,,,,,,,,,,,,,,,,,,,,,,,,,,,,,,,,,,,,,,125,370.05
1786026060,316.62,317,316.62,316.93,314.14,312.41,,,,,,,,,,,,,,,,,,,,,,,,,,,,,,,,,,,,,,,,,,,,,,,,,,,,154,376.45
1786026120,316.77,317.06,316.77,317.06,314.14,312.41,,,,,,,,,,,,,,,,,,,,,,,,,,,,,,,,,,,,,,,,,,,,,,,,,,,,136,347.65
1786026180,316.9,317,316.73,316.96,314.14,312.41,,,,,,,,,,,,,,,,,,,,,,,,,,,,,,,,,,,,,,,,,,,,,,,,,,,,19,345.25
1786026240,316.97,317.01,316.97,317.01,314.14,312.41,,,,,,,,,,,,,,,,,,,,,,,,,,,,,,,,,,,,,,,,,,,,,,,,,,,,7,340.6
1786026300,317.03,317.03,316.63,316.68,314.14,312.41,,,,,,,,,,,,,,,,,,,,,,,,,,,,,,,,,,,,,,,,,,,,,,,,,,,,31,332.8
1786026360,316.61,316.61,316.23,316.5,314.14,312.41,,,,,,,,,,,,,,,,,,,,,,,,,,,,,,,,,,,,,,,,,,,,,,,,,,,,294,344.6
1786026420,316.32,316.32,316.32,316.32,314.14,312.41,,,,,,,,,,,,,,,,,,,,,,,,,,,,,,,,,,,,,,,,,,,,,,,,,,,,40,343.9
1786026480,316.68,316.97,316.66,316.69,314.14,312.41,,,,,,,,,,,,,,,,,,,,,,,,,,,,,,,,,,,,,,,,,,,,,,,,,,,,642,349.4
1786026540,316.96,317.03,316.71,316.71,314.14,312.41,,,,,,,,,,,,,,,,,,,,,,,,,,,,,,,,,,,,,,,,,,,,,,,,,,,,19,348.15
1786026600,316.83,316.83,316.83,316.83,314.14,312.41,,,,,,,,,,,,,,,,,,,,,,,,,,,,,,,,,,,,,,,,,,,,,,,,,,,,40,274.25
1786026660,316.83,317.24,316.83,317.08,314.14,312.41,,,,,,,,,,,,,,,,,,,,,,,,,,,,,,,,,,,,,,,,,,,,,,,,,,,,408,258.75
1786026720,316.98,317.02,316.98,317.02,314.14,312.41,,,,,,,,,,,,,,,,,,,,,,,,,,,,,,,,,,,,,,,,,,,,,,,,,,,,127,216.6
1786026780,316.93,317.2,316.93,317.2,314.14,312.41,,,,,,,,,,,,,,,,,,,,,,,,,,,,,,,,,,,,,,,,,,,,,,,,,,,,260,205.45
1786026840,317.08,317.08,316.935,316.935,314.14,312.41,,,,,,,,,,,,,,,,,,,,,,,,,,,,,,,,,,,,,,,,,,,,,,,,,,,,22,201.3
1786026900,317.18,317.18,316.64,316.64,314.14,312.41,,,,,,,,,,,,,,,,,,,,,,,,,,,,,,,,,,,,,,,,,,,,,,,,,,,,274,189.65
1786026960,316.78,316.96,316.77,316.92,314.14,312.41,,,,,,,,,,,,,,,,,,,,,,,,,,,,,,,,,,,,,,,,,,,,,,,,,,,,214,160.15
1786027080,317.13,317.2,317.13,317.2,314.14,312.41,,,,,,,,,,,,,,,,,,,,,,,,,,,,,,,,,,,,,,,,,,,,,,,,,,,,4,144.65
1786027140,317.35,317.54,317.35,317.48,314.14,312.41,,,,,,,,,,,,,,,,,,,,,,,,,,,,,,,,,,,,,,,,,,,,,,,,,,,,66,145.7
1786027200,317.46,317.46,317.43,317.43,314.14,312.41,,,,,,,,,,,,,,,,,,,,,,,,,,,,,,,,,,,,,,,,,,,,,,,,,,,,63,147.25
1786027260,317.16,317.35,317.16,317.19,314.14,312.41,,,,,,,,,,,,,,,,,,,,,,,,,,,,,,,,,,,,,,,,,,,,,,,,,,,,51,143.55
1786027320,317.15,317.15,316.92,316.92,314.14,312.41,,,,,,,,,,,,,,,,,,,,,,,,,,,,,,,,,,,,,,,,,,,,,,,,,,,,98,140.75
1786027380,316.74,316.74,316.74,316.74,314.14,312.41,,,,,,,,,,,,,,,,,,,,,,,,,,,,,,,,,,,,,,,,,,,,,,,,,,,,114,139.65
1786027440,316.53,316.71,316.53,316.71,314.14,312.41,,,,,,,,,,,,,,,,,,,,,,,,,,,,,,,,,,,,,,,,,,,,,,,,,,,,163,146.85
1786027500,316.75,316.84,316.75,316.84,314.14,312.41,,,,,,,,,,,,,,,,,,,,,,,,,,,,,,,,,,,,,,,,,,,,,,,,,,,,275,160.25
1786027560,316.66,317,316.66,317,314.14,312.41,,,,,,,,,,,,,,,,,,,,,,,,,,,,,,,,,,,,,,,,,,,,,,,,,,,,109,164.15
1786027620,317.04,317.07,317,317.06,314.14,312.41,,,,,,,,,,,,,,,,,,,,,,,,,,,,,,,,,,,,,,,,,,,,,,,,,,,,119,155.4
1786027680,316.85,316.85,316.67,316.67,314.14,312.41,,,,,,,,,,,,,,,,,,,,,,,,,,,,,,,,,,,,,,,,,,,,,,,,,,,,10,153.9
1786027740,316.65,316.65,316.26,316.49,314.14,312.41,,,,,,,,,,,,,,,,,,,,,,,,,,,,,,,,,,,,,,,,,,,,,,,,,,,,141,128.85
1786027800,316.45,316.55,316.38,316.52,314.14,312.41,,,,,,,,,,,,,,,,,,,,,,,,,,,,,,,,,,,,,,,,,,,,,,,,,,,,232,139.5
1786027860,316.66,316.88,316.66,316.88,314.14,312.41,,,,,,,,,,,,,,,,,,,,,,,,,,,,,,,,,,,,,,,,,,,,,,,,,,,,112,143.1
1786027920,316.96,317.35,316.96,317.11,314.14,312.41,,,,,,,,,,,,,,,,,,,,,,,,,,,,,,,,,,,,,,,,,,,,,,,,,,,,359,140.65
1786028040,316.96,317.04,316.96,317.04,314.14,312.41,,,,,,,,,,,,,,,,,,,,,,,,,,,,,,,,,,,,,,,,,,,,,,,,,,,,21,135.35
1786028100,316.99,317.09,316.98,317.09,314.14,312.41,,,,,,,,,,,,,,,,,,,,,,,,,,,,,,,,,,,,,,,,,,,,,,,,,,,,152,129.95
1786028160,317.16,317.2,317.04,317.135,314.14,312.41,,,,,,,,,,,,,,,,,,,,,,,,,,,,,,,,,,,,,,,,,,,,,,,,,,,,13,129.5
1786028220,317.06,317.21,317.05,317.12,314.14,312.41,,,,,,,,,,,,,,,,,,,,,,,,,,,,,,,,,,,,,,,,,,,,,,,,,,,,723,151.95
1786028280,317.18,317.49,317.13,317.135,314.14,312.41,,,,,,,,,,,,,,,,,,,,,,,,,,,,,,,,,,,,,,,,,,,,,,,,,,,,698,176.15
1786028340,317.2,317.4,317.14,317.14,314.14,312.41,,,,,,,,,,,,,,,,,,,,,,,,,,,,,,,,,,,,,,,,,,,,,,,,,,,,351,193.5
1786028400,317.07,317.13,316.98,317.12,314.14,312.41,,,,,,,,,,,,,,,,,,,,,,,,,,,,,,,,,,,,,,,,,,,,,,,,,,,,321,206.25
1786028460,317.175,317.175,317.175,317.175,314.14,312.41,,,,,,,,,,,,,,,,,,,,,,,,,,,,,,,,,,,,,,,,,,,,,,,,,,,,2,203.2
1786028520,317.34,317.37,317.3,317.37,314.14,312.41,,,,,,,,,,,,,,,,,,,,,,,,,,,,,,,,,,,,,,,,,,,,,,,,,,,,226,211.95
1786028580,317.4,317.57,317.4,317.47,314.14,312.41,,,,,,,,,,,,,,,,,,,,,,,,,,,,,,,,,,,,,,,,,,,,,,,,,,,,289,221.5
1786028640,317.51,317.51,317.48,317.48,314.14,312.41,,,,,,,,,,,,,,,,,,,,,,,,,,,,,,,,,,,,,,,,,,,,,,,,,,,,40,217.8
1786028700,317.25,317.25,316.9,317.15,314.14,312.41,,,,,,,,,,,,,,,,,,,,,,,,,,,,,,,,,,,,,,,,,,,,,,,,,,,,598,239.55
1786028760,317.27,317.53,317.27,317.53,314.14,312.41,,,,,,,,,,,,,,,,,,,,,,,,,,,,,,,,,,,,,,,,,,,,,,,,,,,,80,229.8
1786028820,317.58,318,317.58,318,314.14,312.41,,,,,,,,,,,,,,,,,,,,,,,,,,,,,,,,,,,,,,,,,,,,,,,,,,,,252,236.95
1786028880,318.03,318.03,318.03,318.03,314.14,312.41,,,,,,,,,,,,,,,,,,,,,,,,,,,,,,,,,,,,,,,,,,,,,,,,,,,,96,235.8
1786028940,317.75,317.95,317.75,317.88,314.14,312.41,,,,,,,,,,,,,,,,,,,,,,,,,,,,,,,,,,,,,,,,,,,,,,,,,,,,363,253.45
1786029000,317.78,317.78,317.69,317.69,314.14,312.41,,,,,,,,,,,,,,,,,,,,,,,,,,,,,,,,,,,,,,,,,,,,,,,,,,,,243,258.55
1786029060,317.65,317.66,317.56,317.56,314.14,312.41,,,,,,,,,,,,,,,,,,,,,,,,,,,,,,,,,,,,,,,,,,,,,,,,,,,,200,256.95
1786029120,317.65,317.65,317.45,317.48,314.14,312.41,,,,,,,,,,,,,,,,,,,,,,,,,,,,,,,,,,,,,,,,,,,,,,,,,,,,173,260
1786029180,317.65,317.73,317.65,317.73,314.14,312.41,,,,,,,,,,,,,,,,,,,,,,,,,,,,,,,,,,,,,,,,,,,,,,,,,,,,135,248.8
1786029300,317.61,317.87,317.61,317.87,314.14,312.41,,,,,,,,,,,,,,,,,,,,,,,,,,,,,,,,,,,,,,,,,,,,,,,,,,,,254,260.45
1786029360,317.99,317.99,317.78,317.78,314.14,312.41,,,,,,,,,,,,,,,,,,,,,,,,,,,,,,,,,,,,,,,,,,,,,,,,,,,,208,263.25
1786029420,317.54,317.54,317.41,317.41,314.14,312.41,,,,,,,,,,,,,,,,,,,,,,,,,,,,,,,,,,,,,,,,,,,,,,,,,,,,19,263.55
1786029480,317.45,317.46,317.27,317.27,314.14,312.41,,,,,,,,,,,,,,,,,,,,,,,,,,,,,,,,,,,,,,,,,,,,,,,,,,,,796,267.2
1786029540,317.46,317.52,317.46,317.47,314.14,312.41,,,,,,,,,,,,,,,,,,,,,,,,,,,,,,,,,,,,,,,,,,,,,,,,,,,,210,242.8
1786029600,317.41,317.57,317.41,317.525,314.14,312.41,,,,,,,,,,,,,,,,,,,,,,,,,,,,,,,,,,,,,,,,,,,,,,,,,,,,26,226.55
1786029660,317.41,317.41,317.24,317.24,314.14,312.41,,,,,,,,,,,,,,,,,,,,,,,,,,,,,,,,,,,,,,,,,,,,,,,,,,,,212,221.1
1786029720,317.14,317.14,317.05,317.06,314.14,312.41,,,,,,,,,,,,,,,,,,,,,,,,,,,,,,,,,,,,,,,,,,,,,,,,,,,,238,232.9
1786029780,316.76,316.77,316.58,316.74,314.14,312.41,,,,,,,,,,,,,,,,,,,,,,,,,,,,,,,,,,,,,,,,,,,,,,,,,,,,493,246.25
1786029840,316.77,316.77,316.74,316.74,314.14,312.41,,,,,,,,,,,,,,,,,,,,,,,,,,,,,,,,,,,,,,,,,,,,,,,,,,,,83,235.95
1786029900,316.49,316.95,316.415,316.95,314.14,312.41,,,,,,,,,,,,,,,,,,,,,,,,,,,,,,,,,,,,,,,,,,,,,,,,,,,,341,251
1786029960,316.82,316.82,316.81,316.81,314.14,312.41,,,,,,,,,,,,,,,,,,,,,,,,,,,,,,,,,,,,,,,,,,,,,,,,,,,,41,223.15
1786030020,316.6,316.6,316.36,316.36,314.14,312.41,,,,,,,,,,,,,,,,,,,,,,,,,,,,,,,,,,,,,,,,,,,,,,,,,,,,160,227.15
1786030080,316.37,316.41,316.34,316.41,314.14,312.41,,,,,,,,,,,,,,,,,,,,,,,,,,,,,,,,,,,,,,,,,,,,,,,,,,,,188,223.95
1786030140,316.46,316.46,316.24,316.29,314.14,312.41,,,,,,,,,,,,,,,,,,,,,,,,,,,,,,,,,,,,,,,,,,,,,,,,,,,,79,223.1
1786030200,316.24,316.24,316.24,316.24,314.14,312.41,,,,,,,,,,,,,,,,,,,,,,,,,,,,,,,,,,,,,,,,,,,,,,,,,,,,40,206.95
1786030260,316.4,316.58,316.4,316.5,314.14,312.41,,,,,,,,,,,,,,,,,,,,,,,,,,,,,,,,,,,,,,,,,,,,,,,,,,,,206,205.1
1786030320,316.35,316.35,316.34,316.34,314.14,312.41,,,,,,,,,,,,,,,,,,,,,,,,,,,,,,,,,,,,,,,,,,,,,,,,,,,,45,197.35
1786030380,316.11,316.23,316.07,316.23,314.14,312.41,,,,,,,,,,,,,,,,,,,,,,,,,,,,,,,,,,,,,,,,,,,,,,,,,,,,54,191.4
1786030440,316.26,316.28,316.19,316.19,314.14,312.41,,,,,,,,,,,,,,,,,,,,,,,,,,,,,,,,,,,,,,,,,,,,,,,,,,,,519,210.6
1786030500,316.15,316.25,315.88,315.9,314.14,312.41,,,,,,,,,,,,,,,,,,,,,,,,,,,,,,,,,,,,,,,,,,,,,,,,,,,,473,221.55
1786030560,315.89,315.98,315.89,315.98,314.14,312.41,,,,,,,,,,,,,,,,,,,,,,,,,,,,,,,,,,,,,,,,,,,,,,,,,,,,81,215.2
1786030620,315.75,315.9,315.64,315.9,314.14,312.41,,,,,,,,,,,,,,,,,,,,,,,,,,,,,,,,,,,,,,,,,,,,,,,,,,,,408,234.65
1786030740,315.84,315.99,315.84,315.91,314.14,312.41,,,,,,,,,,,,,,,,,,,,,,,,,,,,,,,,,,,,,,,,,,,,,,,,,,,,95,199.6
1786030800,315.84,315.84,315.84,315.84,314.14,312.41,,,,,,,,,,,,,,,,,,,,,,,,,,,,,,,,,,,,,,,,,,,,,,,,,,,,41,191.15
1786030860,316.04,316.04,315.89,315.89,314.14,312.41,,,,,,,,,,,,,,,,,,,,,,,,,,,,,,,,,,,,,,,,,,,,,,,,,,,,221,200.9
1786030920,315.88,315.88,315.88,315.88,314.14,312.41,,,,,,,,,,,,,,,,,,,,,,,,,,,,,,,,,,,,,,,,,,,,,,,,,,,,80,194.3
1786030980,315.8,315.8,315.8,315.8,314.14,312.41,,,,,,,,,,,,,,,,,,,,,,,,,,,,,,,,,,,,,,,,,,,,,,,,,,,,147,189.75
1786031040,315.89,316,315.85,315.86,314.14,312.41,,,,,,,,,,,,,,,,,,,,,,,,,,,,,,,,,,,,,,,,,,,,,,,,,,,,203,175.25
1786031100,315.96,315.96,315.96,315.96,314.14,312.41,,,,,,,,,,,,,,,,,,,,,,,,,,,,,,,,,,,,,,,,,,,,,,,,,,,,40,173.1
1786031160,315.99,315.99,315.99,315.99,314.14,312.41,,,,,,,,,,,,,,,,,,,,,,,,,,,,,,,,,,,,,,,,,,,,,,,,,,,,14,156.75
1786031220,315.86,315.95,315.85,315.85,314.14,312.41,,,,,,,,,,,,,,,,,,,,,,,,,,,,,,,,,,,,,,,,,,,,,,,,,,,,406,175
1786031280,315.78,315.89,315.7,315.7,314.14,312.41,,,,,,,,,,,,,,,,,,,,,,,,,,,,,,,,,,,,,,,,,,,,,,,,,,,,422,188.1
1786031340,315.69,315.69,315.68,315.68,314.14,312.41,,,,,,,,,,,,,,,,,,,,,,,,,,,,,,,,,,,,,,,,,,,,,,,,,,,,71,182.25
1786031400,315.78,315.86,315.78,315.78,314.14,312.41,,,,,,,,,,,,,,,,,,,,,,,,,,,,,,,,,,,,,,,,,,,,,,,,,,,,249,190.75
1786031460,315.75,315.76,315.75,315.76,314.14,312.41,,,,,,,,,,,,,,,,,,,,,,,,,,,,,,,,,,,,,,,,,,,,,,,,,,,,3,188.9
1786031520,315.75,315.79,315.61,315.79,314.14,312.41,,,,,,,,,,,,,,,,,,,,,,,,,,,,,,,,,,,,,,,,,,,,,,,,,,,,481,202.65
1786031580,315.71,315.745,315.43,315.43,314.14,312.41,,,,,,,,,,,,,,,,,,,,,,,,,,,,,,,,,,,,,,,,,,,,,,,,,,,,268,213.8
1786031640,315.38,315.4,315.14,315.14,314.14,312.41,,,,,,,,,,,,,,,,,,,,,,,,,,,,,,,,,,,,,,,,,,,,,,,,,,,,928,257.5
1786031700,315.23,315.24,315.21,315.23,314.14,312.41,,,,,,,,,,,,,,,,,,,,,,,,,,,,,,,,,,,,,,,,,,,,,,,,,,,,15,232.3
1786031760,315.12,315.12,314.64,314.64,314.14,312.41,,,,,,,,,,,,,,,,,,,,,,,,,,,,,,,,,,,,,,,,,,,,,,,,,,,,478,232.55
1786031820,314.79,314.79,314.61,314.61,314.14,312.41,,,,,,,,,,,,,,,,,,,,,,,,,,,,,,,,,,,,,,,,,,,,,,,,,,,,240,240.5
1786031880,314.78,315.39,314.78,315.39,314.14,312.41,,,,,,,,,,,,,,,,,,,,,,,,,,,,,,,,,,,,,,,,,,,,,,,,,,,,481,244.15
1786031940,315.42,315.42,315.31,315.31,314.14,312.41,,,,,,,,,,,,,,,,,,,,,,,,,,,,,,,,,,,,,,,,,,,,,,,,,,,,172,248
1786032000,315.39,315.39,315.29,315.29,314.14,312.41,,,,,,,,,,,,,,,,,,,,,,,,,,,,,,,,,,,,,,,,,,,,,,,,,,,,17,246.8
1786032060,315.24,315.72,315.24,315.72,314.14,312.41,,,,,,,,,,,,,,,,,,,,,,,,,,,,,,,,,,,,,,,,,,,,,,,,,,,,206,246.05
1786032120,315.59,315.98,315.59,315.98,314.14,312.41,,,,,,,,,,,,,,,,,,,,,,,,,,,,,,,,,,,,,,,,,,,,,,,,,,,,47,244.4
1786032180,316.005,316.09,315.95,316.09,314.14,312.41,,,,,,,,,,,,,,,,,,,,,,,,,,,,,,,,,,,,,,,,,,,,,,,,,,,,91,241.6
1786032240,315.61,315.61,315.6,315.6,314.14,312.41,,,,,,,,,,,,,,,,,,,,,,,,,,,,,,,,,,,,,,,,,,,,,,,,,,,,16,232.25
1786032300,315.59,315.72,315.59,315.72,314.14,312.41,,,,,,,,,,,,,,,,,,,,,,,,,,,,,,,,,,,,,,,,,,,,,,,,,,,,231,241.8
1786032360,315.59,315.72,315.43,315.43,314.14,312.41,,,,,,,,,,,,,,,,,,,,,,,,,,,,,,,,,,,,,,,,,,,,,,,,,,,,382,260.2
1786032420,315.45,315.61,315.45,315.475,314.14,312.41,,,,,,,,,,,,,,,,,,,,,,,,,,,,,,,,,,,,,,,,,,,,,,,,,,,,8,240.3
1786032480,315.64,316.18,315.64,316.18,314.14,312.41,,,,,,,,,,,,,,,,,,,,,,,,,,,,,,,,,,,,,,,,,,,,,,,,,,,,263,232.35
1786032540,316.27,316.32,316.27,316.31,314.14,312.41,,,,,,,,,,,,,,,,,,,,,,,,,,,,,,,,,,,,,,,,,,,,,,,,,,,,314,244.5
1786032600,316.69,316.77,316.6,316.6,314.14,312.41,,,,,,,,,,,,,,,,,,,,,,,,,,,,,,,,,,,,,,,,,,,,,,,,,,,,317,247.9
1786032660,316.14,316.14,316.05,316.14,314.14,312.41,,,,,,,,,,,,,,,,,,,,,,,,,,,,,,,,,,,,,,,,,,,,,,,,,,,,300,262.75
1786032720,316.13,316.13,316.13,316.13,314.14,312.41,,,,,,,,,,,,,,,,,,,,,,,,,,,,,,,,,,,,,,,,,,,,,,,,,,,,76,242.5
1786032840,316.01,316.02,315.95,315.95,314.14,312.41,,,,,,,,,,,,,,,,,,,,,,,,,,,,,,,,,,,,,,,,,,,,,,,,,,,,389,248.55
1786032900,316.06,316.09,315.74,315.86,314.14,312.41,,,,,,,,,,,,,,,,,,,,,,,,,,,,,,,,,,,,,,,,,,,,,,,,,,,,110,207.65
1786032960,315.86,315.89,315.81,315.89,314.14,312.41,,,,,,,,,,,,,,,,,,,,,,,,,,,,,,,,,,,,,,,,,,,,,,,,,,,,40,208.9
1786033020,315.85,315.9,315.59,315.59,314.14,312.41,,,,,,,,,,,,,,,,,,,,,,,,,,,,,,,,,,,,,,,,,,,,,,,,,,,,240,197
1786033080,315.43,315.47,315.31,315.47,314.14,312.41,,,,,,,,,,,,,,,,,,,,,,,,,,,,,,,,,,,,,,,,,,,,,,,,,,,,69,188.45
1786033140,315.54,315.725,315.53,315.725,314.14,312.41,,,,,,,,,,,,,,,,,,,,,,,,,,,,,,,,,,,,,,,,,,,,,,,,,,,,442,186.5
1786033200,315.5,315.5,315.5,315.5,314.14,312.41,,,,,,,,,,,,,,,,,,,,,,,,,,,,,,,,,,,,,,,,,,,,,,,,,,,,11,178.45
1786033260,315.77,315.85,315.77,315.85,314.14,312.41,,,,,,,,,,,,,,,,,,,,,,,,,,,,,,,,,,,,,,,,,,,,,,,,,,,,16,178.4
1786033320,315.92,315.95,315.92,315.92,314.14,312.41,,,,,,,,,,,,,,,,,,,,,,,,,,,,,,,,,,,,,,,,,,,,,,,,,,,,12,168.7
1786033380,315.81,315.81,315.78,315.8,314.14,312.41,,,,,,,,,,,,,,,,,,,,,,,,,,,,,,,,,,,,,,,,,,,,,,,,,,,,273,180
1786033440,315.91,316.09,315.91,316.08,314.14,312.41,,,,,,,,,,,,,,,,,,,,,,,,,,,,,,,,,,,,,,,,,,,,,,,,,,,,61,178.5
1786033500,316.1,316.27,316.08,316.21,314.14,312.41,,,,,,,,,,,,,,,,,,,,,,,,,,,,,,,,,,,,,,,,,,,,,,,,,,,,141,184.75
1786033560,316.19,316.2,316.05,316.05,314.14,312.41,,,,,,,,,,,,,,,,,,,,,,,,,,,,,,,,,,,,,,,,,,,,,,,,,,,,131,179.75
1786033680,316.22,316.23,316.21,316.21,314.14,312.41,,,,,,,,,,,,,,,,,,,,,,,,,,,,,,,,,,,,,,,,,,,,,,,,,,,,5,160.9
1786033740,316.2,316.3,316.2,316.3,314.14,312.41,,,,,,,,,,,,,,,,,,,,,,,,,,,,,,,,,,,,,,,,,,,,,,,,,,,,89,164.95
1786033800,316.41,316.43,316.34,316.34,314.14,312.41,,,,,,,,,,,,,,,,,,,,,,,,,,,,,,,,,,,,,,,,,,,,,,,,,,,,68,155.2
1786033860,316.41,316.75,316.41,316.57,314.14,312.41,,,,,,,,,,,,,,,,,,,,,,,,,,,,,,,,,,,,,,,,,,,,,,,,,,,,347,156.85
1786033920,316.66,316.66,316.66,316.66,314.14,312.41,,,,,,,,,,,,,,,,,,,,,,,,,,,,,,,,,,,,,,,,,,,,,,,,,,,,2,141.1
1786033980,316.53,316.53,316.44,316.44,314.14,312.41,,,,,,,,,,,,,,,,,,,,,,,,,,,,,,,,,,,,,,,,,,,,,,,,,,,,362,144.2
1786034040,316.41,316.41,316.14,316.14,314.14,312.41,,,,,,,,,,,,,,,,,,,,,,,,,,,,,,,,,,,,,,,,,,,,,,,,,,,,182,149.5
1786034160,316.3,316.5,316.3,316.5,314.14,312.41,,,,,,,,,,,,,,,,,,,,,,,,,,,,,,,,,,,,,,,,,,,,,,,,,,,,62,133.15
1786034220,316.52,316.65,316.51,316.51,314.14,312.41,,,,,,,,,,,,,,,,,,,,,,,,,,,,,,,,,,,,,,,,,,,,,,,,,,,,99,132.6
1786034280,316.66,316.77,316.66,316.77,314.14,312.41,,,,,,,,,,,,,,,,,,,,,,,,,,,,,,,,,,,,,,,,,,,,,,,,,,,,2,130.7
1786034400,316.73,317.04,316.73,316.86,314.14,312.41,,,,,,,,,,,,,,,,,,,,,,,,,,,,,,,,,,,,,,,,,,,,,,,,,,,,184,127.9
1786034460,316.78,316.85,316.69,316.85,314.14,312.41,,,,,,,,,,,,,,,,,,,,,,,,,,,,,,,,,,,,,,,,,,,,,,,,,,,,41,126.5
1786034520,316.66,316.755,316.66,316.755,314.14,312.41,,,,,,,,,,,,,,,,,,,,,,,,,,,,,,,,,,,,,,,,,,,,,,,,,,,,37,106.25
1786034640,316.9,317.21,316.9,317.21,314.14,312.41,,,,,,,,,,,,,,,,,,,,,,,,,,,,,,,,,,,,,,,,,,,,,,,,,,,,54,108.4
1786034700,317.23,317.33,317.23,317.23,314.14,312.41,,,,,,,,,,,,,,,,,,,,,,,,,,,,,,,,,,,,,,,,,,,,,,,,,,,,320,123.6
1786034760,317.19,317.325,317.06,317.06,314.14,312.41,,,,,,,,,,,,,,,,,,,,,,,,,,,,,,,,,,,,,,,,,,,,,,,,,,,,489,147.45
1786034820,317.12,317.12,317.12,317.12,314.14,312.41,,,,,,,,,,,,,,,,,,,,,,,,,,,,,,,,,,,,,,,,,,,,,,,,,,,,14,134.5
1786034880,317.29,317.43,317.27,317.36,314.14,312.41,,,,,,,,,,,,,,,,,,,,,,,,,,,,,,,,,,,,,,,,,,,,,,,,,,,,56,134.25
1786034940,317.24,317.24,317.24,317.24,314.14,312.41,,,,,,,,,,,,,,,,,,,,,,,,,,,,,,,,,,,,,,,,,,,,,,,,,,,,40,129.2
1786035000,317.23,317.23,317.23,317.23,314.14,312.41,,,,,,,,,,,,,,,,,,,,,,,,,,,,,,,,,,,,,,,,,,,,,,,,,,,,82,126.75
1786035060,317.365,317.45,317.31,317.31,314.14,312.41,,,,,,,,,,,,,,,,,,,,,,,,,,,,,,,,,,,,,,,,,,,,,,,,,,,,366,144.8
1786035120,317.24,317.24,317.24,317.24,314.14,312.41,,,,,,,,,,,,,,,,,,,,,,,,,,,,,,,,,,,,,,,,,,,,,,,,,,,,2,140.45
1786035240,317.26,317.28,317.13,317.18,314.14,312.41,,,,,,,,,,,,,,,,,,,,,,,,,,,,,,,,,,,,,,,,,,,,,,,,,,,,113,142.7
1786035300,317.1,317.1,317.07,317.07,314.14,312.41,,,,,,,,,,,,,,,,,,,,,,,,,,,,,,,,,,,,,,,,,,,,,,,,,,,,27,126.7
1786035360,317.18,317.18,317.03,317.06,314.14,312.41,,,,,,,,,,,,,,,,,,,,,,,,,,,,,,,,,,,,,,,,,,,,,,,,,,,,152,134.2
1786035420,317.22,317.22,317.22,317.22,314.14,312.41,,,,,,,,,,,,,,,,,,,,,,,,,,,,,,,,,,,,,,,,,,,,,,,,,,,,1,116.15
1786035480,317.05,317.05,317.05,317.05,314.14,312.41,,,,,,,,,,,,,,,,,,,,,,,,,,,,,,,,,,,,,,,,,,,,,,,,,,,,40,109.05
1786035540,317.115,317.115,316.92,316.92,314.14,312.41,,,,,,,,,,,,,,,,,,,,,,,,,,,,,,,,,,,,,,,,,,,,,,,,,,,,32,107.55
1786035600,317.02,317.08,317.02,317.08,314.14,312.41,,,,,,,,,,,,,,,,,,,,,,,,,,,,,,,,,,,,,,,,,,,,,,,,,,,,111,108.15
1786035660,317.04,317.04,316.97,316.97,314.14,312.41,,,,,,,,,,,,,,,,,,,,,,,,,,,,,,,,,,,,,,,,,,,,,,,,,,,,159,116
1786035720,317.04,317.04,317.04,317.04,314.14,312.41,,,,,,,,,,,,,,,,,,,,,,,,,,,,,,,,,,,,,,,,,,,,,,,,,,,,82,110.9
1786035780,317.13,317.15,317.06,317.06,314.14,312.41,,,,,,,,,,,,,,,,,,,,,,,,,,,,,,,,,,,,,,,,,,,,,,,,,,,,62,111.95
1786035840,317.18,317.25,317.18,317.25,314.14,312.41,,,,,,,,,,,,,,,,,,,,,,,,,,,,,,,,,,,,,,,,,,,,,,,,,,,,161,118.15
1786035900,317.34,317.48,317.34,317.48,314.14,312.41,,,,,,,,,,,,,,,,,,,,,,,,,,,,,,,,,,,,,,,,,,,,,,,,,,,,3,115.6
1786035960,317.54,317.54,317.28,317.28,314.14,312.41,,,,,,,,,,,,,,,,,,,,,,,,,,,,,,,,,,,,,,,,,,,,,,,,,,,,459,122.55
1786036020,317.12,317.12,316.95,316.95,314.14,312.41,,,,,,,,,,,,,,,,,,,,,,,,,,,,,,,,,,,,,,,,,,,,,,,,,,,,325,114.35
1786036080,316.94,316.955,316.79,316.86,314.14,312.41,,,,,,,,,,,,,,,,,,,,,,,,,,,,,,,,,,,,,,,,,,,,,,,,,,,,409,134.1
1786036140,316.81,316.83,316.81,316.83,314.14,312.41,,,,,,,,,,,,,,,,,,,,,,,,,,,,,,,,,,,,,,,,,,,,,,,,,,,,94,136
1786036200,316.91,317.09,316.91,317.09,314.14,312.41,,,,,,,,,,,,,,,,,,,,,,,,,,,,,,,,,,,,,,,,,,,,,,,,,,,,52,136.6
1786036260,317.01,317.1,317.01,317.035,314.14,312.41,,,,,,,,,,,,,,,,,,,,,,,,,,,,,,,,,,,,,,,,,,,,,,,,,,,,306,147.8
1786036320,316.99,317.16,316.98,317.16,314.14,312.41,,,,,,,,,,,,,,,,,,,,,,,,,,,,,,,,,,,,,,,,,,,,,,,,,,,,205,139.75
1786036380,317.08,317.08,317.08,317.08,314.14,312.41,,,,,,,,,,,,,,,,,,,,,,,,,,,,,,,,,,,,,,,,,,,,,,,,,,,,192,149.25
1786036440,316.95,316.95,316.91,316.91,314.14,312.41,,,,,,,,,,,,,,,,,,,,,,,,,,,,,,,,,,,,,,,,,,,,,,,,,,,,117,149.45
1786036500,316.79,317.14,316.77,317.14,314.14,312.41,,,,,,,,,,,,,,,,,,,,,,,,,,,,,,,,,,,,,,,,,,,,,,,,,,,,212,158.7
1786036560,317.16,317.16,316.91,316.98,314.14,312.41,,,,,,,,,,,,,,,,,,,,,,,,,,,,,,,,,,,,,,,,,,,,,,,,,,,,194,160.8
1786036620,316.92,316.92,316.82,316.82,314.14,312.41,,,,,,,,,,,,,,,,,,,,,,,,,,,,,,,,,,,,,,,,,,,,,,,,,,,,138,167.65
1786036680,316.73,316.73,316.55,316.55,314.14,312.41,,,,,,,,,,,,,,,,,,,,,,,,,,,,,,,,,,,,,,,,,,,,,,,,,,,,92,170.25
1786036860,316.58,316.58,316.27,316.27,314.14,312.41,,,,,,,,,,,,,,,,,,,,,,,,,,,,,,,,,,,,,,,,,,,,,,,,,,,,269,182.1
1786037100,316.47,316.49,316.47,316.49,314.14,312.41,,,,,,,,,,,,,,,,,,,,,,,,,,,,,,,,,,,,,,,,,,,,,,,,,,,,11,177.1
1786037160,316.4,316.4,316.4,316.4,314.14,312.41,,,,,,,,,,,,,,,,,,,,,,,,,,,,,,,,,,,,,,,,,,,,,,,,,,,,4,169.35
1786037280,316.56,316.57,316.48,316.48,314.14,312.41,,,,,,,,,,,,,,,,,,,,,,,,,,,,,,,,,,,,,,,,,,,,,,,,,,,,165,173.5
1786037400,316.34,316.56,316.32,316.56,314.14,312.41,,,,,,,,,,,,,,,,,,,,,,,,,,,,,,,,,,,,,,,,,,,,,,,,,,,,182,179.5
1786037460,316.62,316.62,316.61,316.61,314.14,312.41,,,,,,,,,,,,,,,,,,,,,,,,,,,,,,,,,,,,,,,,,,,,,,,,,,,,11,172
1786037520,316.61,316.61,316.545,316.59,314.14,312.41,,,,,,,,,,,,,,,,,,,,,,,,,,,,,,,,,,,,,,,,,,,,,,,,,,,,208,182.25
1786037580,316.6,316.86,316.6,316.79,314.14,312.41,,,,,,,,,,,,,,,,,,,,,,,,,,,,,,,,,,,,,,,,,,,,,,,,,,,,149,166.75
1786037640,316.72,316.83,316.71,316.83,314.14,312.41,,,,,,,,,,,,,,,,,,,,,,,,,,,,,,,,,,,,,,,,,,,,,,,,,,,,130,157
1786037700,316.9,316.9,316.6,316.6,314.14,312.41,,,,,,,,,,,,,,,,,,,,,,,,,,,,,,,,,,,,,,,,,,,,,,,,,,,,221,147.6
1786037760,316.56,316.57,316.46,316.505,314.14,312.41,,,,,,,,,,,,,,,,,,,,,,,,,,,,,,,,,,,,,,,,,,,,,,,,,,,,71,146.45
1786037820,316.45,316.45,316.4,316.4,314.14,312.41,,,,,,,,,,,,,,,,,,,,,,,,,,,,,,,,,,,,,,,,,,,,,,,,,,,,132,150.45
1786037880,316.39,316.52,316.32,316.52,314.14,312.41,,,,,,,,,,,,,,,,,,,,,,,,,,,,,,,,,,,,,,,,,,,,,,,,,,,,712,170.75
1786037940,316.53,316.61,316.53,316.61,314.14,312.41,,,,,,,,,,,,,,,,,,,,,,,,,,,,,,,,,,,,,,,,,,,,,,,,,,,,10,161
1786038000,316.7,316.75,316.56,316.56,314.14,312.41,,,,,,,,,,,,,,,,,,,,,,,,,,,,,,,,,,,,,,,,,,,,,,,,,,,,332,168
1786038180,316.73,316.74,316.73,316.74,314.14,312.41,,,,,,,,,,,,,,,,,,,,,,,,,,,,,,,,,,,,,,,,,,,,,,,,,,,,25,163.4
1786038240,316.59,316.59,316.59,316.59,314.14,312.41,,,,,,,,,,,,,,,,,,,,,,,,,,,,,,,,,,,,,,,,,,,,,,,,,,,,116,158.6
1786038360,316.61,316.64,316.6,316.6,314.14,312.41,,,,,,,,,,,,,,,,,,,,,,,,,,,,,,,,,,,,,,,,,,,,,,,,,,,,30,150.4
1786038420,316.625,316.625,316.625,316.625,314.14,312.41,,,,,,,,,,,,,,,,,,,,,,,,,,,,,,,,,,,,,,,,,,,,,,,,,,,,11,144.05
1786038480,316.57,316.57,316.35,316.44,314.14,312.41,,,,,,,,,,,,,,,,,,,,,,,,,,,,,,,,,,,,,,,,,,,,,,,,,,,,615,170.2
1786038540,316.26,316.26,316.26,316.26,314.14,312.41,,,,,,,,,,,,,,,,,,,,,,,,,,,,,,,,,,,,,,,,,,,,,,,,,,,,24,157.95
1786038600,316.24,316.28,316.09,316.09,314.14,312.41,,,,,,,,,,,,,,,,,,,,,,,,,,,,,,,,,,,,,,,,,,,,,,,,,,,,317,173.25
1786038660,316.04,316.04,316.04,316.04,314.14,312.41,,,,,,,,,,,,,,,,,,,,,,,,,,,,,,,,,,,,,,,,,,,,,,,,,,,,13,173.7
1786038720,316.04,316.04,315.85,315.85,314.14,312.41,,,,,,,,,,,,,,,,,,,,,,,,,,,,,,,,,,,,,,,,,,,,,,,,,,,,328,181.85
1786038840,315.83,315.86,315.81,315.86,314.14,312.41,,,,,,,,,,,,,,,,,,,,,,,,,,,,,,,,,,,,,,,,,,,,,,,,,,,,70,176.25
1786038900,315.78,315.78,315.61,315.61,314.14,312.41,,,,,,,,,,,,,,,,,,,,,,,,,,,,,,,,,,,,,,,,,,,,,,,,,,,,256,188.5
1786038960,315.545,315.75,315.545,315.68,314.14,312.41,,,,,,,,,,,,,,,,,,,,,,,,,,,,,,,,,,,,,,,,,,,,,,,,,,,,176,186.9
1786039020,315.9,316.04,315.9,316.04,314.14,312.41,,,,,,,,,,,,,,,,,,,,,,,,,,,,,,,,,,,,,,,,,,,,,,,,,,,,18,180.35
1786039080,316.02,316.02,315.99,315.99,314.14,312.41,,,,,,,,,,,,,,,,,,,,,,,,,,,,,,,,,,,,,,,,,,,,,,,,,,,,129,180.3
1786039140,316,316,316,316,314.14,312.41,,,,,,,,,,,,,,,,,,,,,,,,,,,,,,,,,,,,,,,,,,,,,,,,,,,,1,169.3
1786039200,315.91,315.91,315.91,315.91,314.14,312.41,,,,,,,,,,,,,,,,,,,,,,,,,,,,,,,,,,,,,,,,,,,,,,,,,,,,75,169.5
1786039260,315.88,315.88,315.88,315.88,314.14,312.41,,,,,,,,,,,,,,,,,,,,,,,,,,,,,,,,,,,,,,,,,,,,,,,,,,,,119,168.85
1786039320,315.83,316.14,315.83,316.06,314.14,312.41,,,,,,,,,,,,,,,,,,,,,,,,,,,,,,,,,,,,,,,,,,,,,,,,,,,,325,149.5
1786039380,316.2,316.26,316.2,316.25,314.14,312.41,,,,,,,,,,,,,,,,,,,,,,,,,,,,,,,,,,,,,,,,,,,,,,,,,,,,44,151.2
1786039440,316.29,316.29,316.15,316.15,314.14,312.41,,,,,,,,,,,,,,,,,,,,,,,,,,,,,,,,,,,,,,,,,,,,,,,,,,,,282,148.7
1786039500,316.24,316.25,316.24,316.25,314.14,312.41,,,,,,,,,,,,,,,,,,,,,,,,,,,,,,,,,,,,,,,,,,,,,,,,,,,,30,148.95
1786039560,316.29,316.29,316.27,316.27,314.14,312.41,,,,,,,,,,,,,,,,,,,,,,,,,,,,,,,,,,,,,,,,,,,,,,,,,,,,273,156.8
1786039620,316.3,316.51,316.3,316.4,314.14,312.41,,,,,,,,,,,,,,,,,,,,,,,,,,,,,,,,,,,,,,,,,,,,,,,,,,,,342,172.4
1786039680,316.39,316.39,316.21,316.21,314.14,312.41,,,,,,,,,,,,,,,,,,,,,,,,,,,,,,,,,,,,,,,,,,,,,,,,,,,,178,180.75
1786039740,316.13,316.13,316.13,316.13,314.14,312.41,,,,,,,,,,,,,,,,,,,,,,,,,,,,,,,,,,,,,,,,,,,,,,,,,,,,251,162.55
1786039800,316.06,316.06,316.01,316.03,314.14,312.41,,,,,,,,,,,,,,,,,,,,,,,,,,,,,,,,,,,,,,,,,,,,,,,,,,,,177,170.2
1786039860,315.97,316.045,315.97,316.045,314.14,312.41,,,,,,,,,,,,,,,,,,,,,,,,,,,,,,,,,,,,,,,,,,,,,,,,,,,,56,157.15
1786039920,315.97,316.13,315.96,316.13,314.14,312.41,,,,,,,,,,,,,,,,,,,,,,,,,,,,,,,,,,,,,,,,,,,,,,,,,,,,56,159.3
1786039980,315.95,316.2,315.87,315.94,314.14,312.41,,,,,,,,,,,,,,,,,,,,,,,,,,,,,,,,,,,,,,,,,,,,,,,,,,,,1134,199.6
1786040040,316.025,316.025,316.025,316.025,314.14,312.41,,,,,,,,,,,,,,,,,,,,,,,,,,,,,,,,,,,,,,,,,,,,,,,,,,,,1,196.15
1786040160,316.07,316.27,316.07,316.27,314.14,312.41,,,,,,,,,,,,,,,,,,,,,,,,,,,,,,,,,,,,,,,,,,,,,,,,,,,,182,192.45
1786040220,316.33,316.33,316.01,316.01,314.14,312.41,,,,,,,,,,,,,,,,,,,,,,,,,,,,,,,,,,,,,,,,,,,,,,,,,,,,236,195.45
1786040340,316.07,316.11,316.07,316.11,314.14,312.41,,,,,,,,,,,,,,,,,,,,,,,,,,,,,,,,,,,,,,,,,,,,,,,,,,,,11,195.1
1786040400,316.1,316.13,316.065,316.065,314.14,312.41,,,,,,,,,,,,,,,,,,,,,,,,,,,,,,,,,,,,,,,,,,,,,,,,,,,,235,200.4
1786040460,316.14,316.26,316.13,316.13,314.14,312.41,,,,,,,,,,,,,,,,,,,,,,,,,,,,,,,,,,,,,,,,,,,,,,,,,,,,127,206.7
1786040520,316.16,316.16,316.16,316.16,314.14,312.41,,,,,,,,,,,,,,,,,,,,,,,,,,,,,,,,,,,,,,,,,,,,,,,,,,,,32,204.55
1786040580,316.24,316.24,316.18,316.18,314.14,312.41,,,,,,,,,,,,,,,,,,,,,,,,,,,,,,,,,,,,,,,,,,,,,,,,,,,,17,199.45
1786040700,316.15,316.25,316.13,316.13,314.14,312.41,,,,,,,,,,,,,,,,,,,,,,,,,,,,,,,,,,,,,,,,,,,,,,,,,,,,189,192.65
1786040760,316.14,316.14,316.11,316.11,314.14,312.41,,,,,,,,,,,,,,,,,,,,,,,,,,,,,,,,,,,,,,,,,,,,,,,,,,,,296,205.25
1786040820,316.1,316.1,316.01,316.01,314.14,312.41,,,,,,,,,,,,,,,,,,,,,,,,,,,,,,,,,,,,,,,,,,,,,,,,,,,,192,200.75
1786040880,316.02,316.02,316,316,314.14,312.41,,,,,,,,,,,,,,,,,,,,,,,,,,,,,,,,,,,,,,,,,,,,,,,,,,,,25,200.5
1786040940,316.03,316.03,315.99,315.99,314.14,312.41,,,,,,,,,,,,,,,,,,,,,,,,,,,,,,,,,,,,,,,,,,,,,,,,,,,,53,189.5
1786041000,316,316,315.88,315.88,314.14,312.41,,,,,,,,,,,,,,,,,,,,,,,,,,,,,,,,,,,,,,,,,,,,,,,,,,,,420,193.4
1786041120,315.955,316.17,315.955,316.12,314.14,312.41,,,,,,,,,,,,,,,,,,,,,,,,,,,,,,,,,,,,,,,,,,,,,,,,,,,,260,197.5
1786041180,316.13,316.13,315.93,315.93,314.14,312.41,,,,,,,,,,,,,,,,,,,,,,,,,,,,,,,,,,,,,,,,,,,,,,,,,,,,219,195.9
1786041300,316.05,316.09,316.05,316.09,314.14,312.41,,,,,,,,,,,,,,,,,,,,,,,,,,,,,,,,,,,,,,,,,,,,,,,,,,,,15,187.8
1786041360,316.1,316.18,316.07,316.18,314.14,312.41,,,,,,,,,,,,,,,,,,,,,,,,,,,,,,,,,,,,,,,,,,,,,,,,,,,,194,194.7
1786041420,316.26,316.29,316.13,316.13,314.14,312.41,,,,,,,,,,,,,,,,,,,,,,,,,,,,,,,,,,,,,,,,,,,,,,,,,,,,193,201.55
1786041540,316.22,316.24,316.22,316.24,314.14,312.41,,,,,,,,,,,,,,,,,,,,,,,,,,,,,,,,,,,,,,,,,,,,,,,,,,,,216,155.65
1786041600,316.23,316.32,316.2,316.24,314.14,312.41,,,,,,,,,,,,,,,,,,,,,,,,,,,,,,,,,,,,,,,,,,,,,,,,,,,,137,162.45
1786041660,316.24,316.32,316.13,316.13,314.14,312.41,,,,,,,,,,,,,,,,,,,,,,,,,,,,,,,,,,,,,,,,,,,,,,,,,,,,276,167.15
1786041720,316.2,316.27,316.2,316.27,314.14,312.41,,,,,,,,,,,,,,,,,,,,,,,,,,,,,,,,,,,,,,,,,,,,,,,,,,,,118,161.25
1786041780,316.21,316.21,316.11,316.11,314.14,312.41,,,,,,,,,,,,,,,,,,,,,,,,,,,,,,,,,,,,,,,,,,,,,,,,,,,,628,192.1
1786041840,316.16,316.2,316,316.01,314.14,312.41,,,,,,,,,,,,,,,,,,,,,,,,,,,,,,,,,,,,,,,,,,,,,,,,,,,,257,193.2
1786041900,316,316.07,315.93,316,314.14,312.41,,,,,,,,,,,,,,,,,,,,,,,,,,,,,,,,,,,,,,,,,,,,,,,,,,,,83,191
1786041960,316.08,316.3,316.08,316.23,314.14,312.41,,,,,,,,,,,,,,,,,,,,,,,,,,,,,,,,,,,,,,,,,,,,,,,,,,,,198,199.3
1786042020,316.16,316.16,316,316.03,314.14,312.41,,,,,,,,,,,,,,,,,,,,,,,,,,,,,,,,,,,,,,,,,,,,,,,,,,,,464,221.65
1786042080,316.05,316.16,316.05,316.085,314.14,312.41,,,,,,,,,,,,,,,,,,,,,,,,,,,,,,,,,,,,,,,,,,,,,,,,,,,,612,242.8
1786042140,316.03,316.04,315.91,315.91,314.14,312.41,,,,,,,,,,,,,,,,,,,,,,,,,,,,,,,,,,,,,,,,,,,,,,,,,,,,141,235.05
1786042200,315.84,315.92,315.84,315.92,314.14,312.41,,,,,,,,,,,,,,,,,,,,,,,,,,,,,,,,,,,,,,,,,,,,,,,,,,,,65,228.7
1786042260,315.92,315.98,315.92,315.92,314.14,312.41,,,,,,,,,,,,,,,,,,,,,,,,,,,,,,,,,,,,,,,,,,,,,,,,,,,,110,232.95
1786042320,315.85,315.99,315.83,315.99,314.14,312.41,,,,,,,,,,,,,,,,,,,,,,,,,,,,,,,,,,,,,,,,,,,,,,,,,,,,576,259.1
1786042380,316,316,315.9,315.9,314.14,312.41,,,,,,,,,,,,,,,,,,,,,,,,,,,,,,,,,,,,,,,,,,,,,,,,,,,,133,244.75
1786042500,315.93,316.2,315.85,316.13,314.14,312.41,,,,,,,,,,,,,,,,,,,,,,,,,,,,,,,,,,,,,,,,,,,,,,,,,,,,440,253.75
1786042560,316.09,316.1,316.04,316.08,314.14,312.41,,,,,,,,,,,,,,,,,,,,,,,,,,,,,,,,,,,,,,,,,,,,,,,,,,,,92,247.4
1786042620,316.04,316.04,315.99,316,314.14,312.41,,,,,,,,,,,,,,,,,,,,,,,,,,,,,,,,,,,,,,,,,,,,,,,,,,,,68,250.05
1786042680,316.015,316.05,315.81,315.81,314.14,312.41,,,,,,,,,,,,,,,,,,,,,,,,,,,,,,,,,,,,,,,,,,,,,,,,,,,,260,253.35
1786042800,315.8,315.82,315.72,315.72,314.14,312.41,,,,,,,,,,,,,,,,,,,,,,,,,,,,,,,,,,,,,,,,,,,,,,,,,,,,45,245.95
1786042860,315.63,315.63,315.48,315.48,314.14,312.41,,,,,,,,,,,,,,,,,,,,,,,,,,,,,,,,,,,,,,,,,,,,,,,,,,,,447,257.5
1786042920,315.41,315.51,315.26,315.51,314.14,312.41,,,,,,,,,,,,,,,,,,,,,,,,,,,,,,,,,,,,,,,,,,,,,,,,,,,,102,255.75
1786042980,315.35,315.35,315.35,315.35,314.14,312.41,,,,,,,,,,,,,,,,,,,,,,,,,,,,,,,,,,,,,,,,,,,,,,,,,,,,62,245.05
1786043040,315.45,315.48,315.35,315.35,314.14,312.41,,,,,,,,,,,,,,,,,,,,,,,,,,,,,,,,,,,,,,,,,,,,,,,,,,,,72,242.75
1786043100,315.35,315.55,315.35,315.51,314.14,312.41,,,,,,,,,,,,,,,,,,,,,,,,,,,,,,,,,,,,,,,,,,,,,,,,,,,,183,220.5
1786043160,315.56,315.57,315.47,315.57,314.14,312.41,,,,,,,,,,,,,,,,,,,,,,,,,,,,,,,,,,,,,,,,,,,,,,,,,,,,130,214.15
1786043220,315.53,315.555,315.48,315.555,314.14,312.41,,,,,,,,,,,,,,,,,,,,,,,,,,,,,,,,,,,,,,,,,,,,,,,,,,,,231,221.55
1786043280,315.57,315.57,315.56,315.56,314.14,312.41,,,,,,,,,,,,,,,,,,,,,,,,,,,,,,,,,,,,,,,,,,,,,,,,,,,,72,215.25
1786043340,315.56,315.65,315.5,315.51,314.14,312.41,,,,,,,,,,,,,,,,,,,,,,,,,,,,,,,,,,,,,,,,,,,,,,,,,,,,629,223.5
1786043400,315.48,315.54,315.29,315.29,314.14,312.41,,,,,,,,,,,,,,,,,,,,,,,,,,,,,,,,,,,,,,,,,,,,,,,,,,,,498,217.8
1786043460,315.29,315.3,315.26,315.26,314.14,312.41,,,,,,,,,,,,,,,,,,,,,,,,,,,,,,,,,,,,,,,,,,,,,,,,,,,,246,223.05
1786043520,315.27,315.27,315.15,315.15,314.14,312.41,,,,,,,,,,,,,,,,,,,,,,,,,,,,,,,,,,,,,,,,,,,,,,,,,,,,437,241.65
1786043580,315.05,315.05,315.01,315.01,314.14,312.41,,,,,,,,,,,,,,,,,,,,,,,,,,,,,,,,,,,,,,,,,,,,,,,,,,,,21,237.2
1786043640,315.05,315.05,314.81,314.92,314.14,312.41,,,,,,,,,,,,,,,,,,,,,,,,,,,,,,,,,,,,,,,,,,,,,,,,,,,,1168,266.8
1786043760,314.82,315.06,314.78,315.06,314.14,312.41,,,,,,,,,,,,,,,,,,,,,,,,,,,,,,,,,,,,,,,,,,,,,,,,,,,,248,272.55
1786043820,314.95,315.05,314.95,315.02,314.14,312.41,,,,,,,,,,,,,,,,,,,,,,,,,,,,,,,,,,,,,,,,,,,,,,,,,,,,120,256.55
1786043880,315.02,315.2,315.02,315.2,314.14,312.41,,,,,,,,,,,,,,,,,,,,,,,,,,,,,,,,,,,,,,,,,,,,,,,,,,,,135,258.7
1786043940,315.23,315.3,315.15,315.18,314.14,312.41,,,,,,,,,,,,,,,,,,,,,,,,,,,,,,,,,,,,,,,,,,,,,,,,,,,,379,274.25
1786044000,315.2,315.58,315.19,315.58,314.14,312.41,,,,,,,,,,,,,,,,,,,,,,,,,,,,,,,,,,,,,,,,,,,,,,,,,,,,389,280.7
1786044060,315.55,315.75,315.55,315.75,314.14,312.41,,,,,,,,,,,,,,,,,,,,,,,,,,,,,,,,,,,,,,,,,,,,,,,,,,,,97,283.3
1786044120,315.73,316.26,315.57,316.1,314.14,312.41,,,,,,,,,,,,,,,,,,,,,,,,,,,,,,,,,,,,,,,,,,,,,,,,,,,,1514,336.65
1786044240,316.075,316.34,316.075,316.23,314.14,312.41,,,,,,,,,,,,,,,,,,,,,,,,,,,,,,,,,,,,,,,,,,,,,,,,,,,,434,353.25
1786044300,316.2,316.7,316.19,316.54,314.14,312.41,,,,,,,,,,,,,,,,,,,,,,,,,,,,,,,,,,,,,,,,,,,,,,,,,,,,873,393.8
1786044360,316.72,316.72,316.51,316.55,314.14,312.41,,,,,,,,,,,,,,,,,,,,,,,,,,,,,,,,,,,,,,,,,,,,,,,,,,,,260,403.2
1786044420,316.62,316.98,316.62,316.88,314.14,312.41,,,,,,,,,,,,,,,,,,,,,,,,,,,,,,,,,,,,,,,,,,,,,,,,,,,,223,405.2
1786044480,316.84,317.07,316.83,316.91,314.14,312.41,,,,,,,,,,,,,,,,,,,,,,,,,,,,,,,,,,,,,,,,,,,,,,,,,,,,683,432.85
1786044540,316.99,316.99,316.77,316.77,314.14,312.41,,,,,,,,,,,,,,,,,,,,,,,,,,,,,,,,,,,,,,,,,,,,,,,,,,,,236,433.1
1786044600,316.77,317.1,316.7,317.06,314.14,312.41,,,,,,,,,,,,,,,,,,,,,,,,,,,,,,,,,,,,,,,,,,,,,,,,,,,,864,472.7
1786044660,317.08,317.23,316.965,317.13,314.14,312.41,,,,,,,,,,,,,,,,,,,,,,,,,,,,,,,,,,,,,,,,,,,,,,,,,,,,266,454.55
1786044720,317,317.18,316.97,317.04,314.14,312.41,,,,,,,,,,,,,,,,,,,,,,,,,,,,,,,,,,,,,,,,,,,,,,,,,,,,473,453.3
1786044780,317,317.08,316.85,316.9,314.14,312.41,,,,,,,,,,,,,,,,,,,,,,,,,,,,,,,,,,,,,,,,,,,,,,,,,,,,924,487.2
1786044840,316.99,317.03,316.71,317,314.14,312.41,,,,,,,,,,,,,,,,,,,,,,,,,,,,,,,,,,,,,,,,,,,,,,,,,,,,1614,546.05
1786044900,317.03,317.18,317,317.01,314.14,312.41,,,,,,,,,,,,,,,,,,,,,,,,,,,,,,,,,,,,,,,,,,,,,,,,,,,,333,561.65
1786044960,317.18,317.28,317.16,317.27,314.14,312.41,,,,,,,,,,,,,,,,,,,,,,,,,,,,,,,,,,,,,,,,,,,,,,,,,,,,287,517.6
1786045020,317.32,317.32,317.16,317.16,314.14,312.41,,,,,,,,,,,,,,,,,,,,,,,,,,,,,,,,,,,,,,,,,,,,,,,,,,,,205,515.45
1786045080,317.13,317.43,317.13,317.35,314.14,312.41,,,,,,,,,,,,,,,,,,,,,,,,,,,,,,,,,,,,,,,,,,,,,,,,,,,,554,537.15
1786045140,317.25,317.39,317.23,317.23,314.14,312.41,,,,,,,,,,,,,,,,,,,,,,,,,,,,,,,,,,,,,,,,,,,,,,,,,,,,371,548.95
1786045200,317.23,317.23,317.08,317.08,314.14,312.41,,,,,,,,,,,,,,,,,,,,,,,,,,,,,,,,,,,,,,,,,,,,,,,,,,,,312,545.6
1786045260,317.04,317.065,316.99,316.99,314.14,312.41,,,,,,,,,,,,,,,,,,,,,,,,,,,,,,,,,,,,,,,,,,,,,,,,,,,,147,533.5
1786045320,317.03,317.06,316.8,316.88,314.14,312.41,,,,,,,,,,,,,,,,,,,,,,,,,,,,,,,,,,,,,,,,,,,,,,,,,,,,1001,578.7
1786045380,316.8,316.85,316.79,316.85,314.14,312.41,,,,,,,,,,,,,,,,,,,,,,,,,,,,,,,,,,,,,,,,,,,,,,,,,,,,217,513.85
1786045440,316.855,317.05,316.82,317.05,314.14,312.41,,,,,,,,,,,,,,,,,,,,,,,,,,,,,,,,,,,,,,,,,,,,,,,,,,,,360,510.15
1786045500,316.92,317.11,316.82,316.99,314.14,312.41,,,,,,,,,,,,,,,,,,,,,,,,,,,,,,,,,,,,,,,,,,,,,,,,,,,,455,489.25
1786045560,316.99,316.99,316.87,316.99,314.14,312.41,,,,,,,,,,,,,,,,,,,,,,,,,,,,,,,,,,,,,,,,,,,,,,,,,,,,267,489.6
1786045620,316.79,317.16,316.79,317.13,314.14,312.41,,,,,,,,,,,,,,,,,,,,,,,,,,,,,,,,,,,,,,,,,,,,,,,,,,,,221,489.5
1786045680,317.115,317.18,317.05,317.08,314.14,312.41,,,,,,,,,,,,,,,,,,,,,,,,,,,,,,,,,,,,,,,,,,,,,,,,,,,,154,463.05
1786045740,317.18,317.4,317.04,317.04,314.14,312.41,,,,,,,,,,,,,,,,,,,,,,,,,,,,,,,,,,,,,,,,,,,,,,,,,,,,1022,502.35
1786045800,317.24,317.61,317.24,317.41,314.14,312.41,,,,,,,,,,,,,,,,,,,,,,,,,,,,,,,,,,,,,,,,,,,,,,,,,,,,798,499.05
1786045860,317.48,317.68,317.12,317.49,314.14,312.41,,,,,,,,,,,,,,,,,,,,,,,,,,,,,,,,,,,,,,,,,,,,,,,,,,,,1249,548.2
1786045920,317.64,317.84,317.545,317.62,314.14,312.41,,,,,,,,,,,,,,,,,,,,,,,,,,,,,,,,,,,,,,,,,,,,,,,,,,,,584,553.75
1786045980,317.68,317.91,317.61,317.91,314.14,312.41,,,,,,,,,,,,,,,,,,,,,,,,,,,,,,,,,,,,,,,,,,,,,,,,,,,,1453,580.2
1786046040,317.86,318.02,317.73,317.73,314.14,312.41,,,,,,,,,,,,,,,,,,,,,,,,,,,,,,,,,,,,,,,,,,,,,,,,,,,,499,524.45
1786046100,317.56,317.61,317.29,317.29,314.14,312.41,,,,,,,,,,,,,,,,,,,,,,,,,,,,,,,,,,,,,,,,,,,,,,,,,,,,1410,578.3
1786046160,317.38,317.38,316.94,316.94,314.14,312.41,,,,,,,,,,,,,,,,,,,,,,,,,,,,,,,,,,,,,,,,,,,,,,,,,,,,1246,626.25
1786046220,316.98,317.11,316.36,316.37,314.14,312.41,,,,,,,,,,,,,,,,,,,,,,,,,,,,,,,,,,,,,,,,,,,,,,,,,,,,2197,725.85
1786046280,316.37,317.05,316.28,316.9,314.14,312.41,,,,,,,,,,,,,,,,,,,,,,,,,,,,,,,,,,,,,,,,,,,,,,,,,,,,2331,814.7
1786046340,316.86,316.93,315.79,315.87,314.14,312.41,,,1,17,1,1786023960000,314.27,314.14,312.41,1.7299999999999613,0.548281573934935,1.283927832755282,0.1590988640341108,1,1786024020000,1,0,,,,0,0,0,0,0,,,,0,0,0,0,0,,,,0,0,0,0,0,,,,0,0,0,0,,-1,17,3680,980.15
1786109400,315.04,315.04,314.96,314.96,315.04,314.96,,,,,,,,,,,,,,,,,,,,,,,,,,,,,,,,,,,,,,,,,,,,,,,,,,,,20,965.55
1786109460,313.88,313.88,313.88,313.88,315.04,313.88,,,,,,,,,,,,,,,,,,,,,,,,,,,,,,,,,,,,,,,,,,,,,,,,,,,,2,958.3
1786109580,314.18,314.18,313.59,313.59,315.04,313.59,,,,,,,,,,,,,,,,,,,,,,,,,,,,,,,,,,,,,,,,,,,,,,,,,,,,174,916.95
1786109640,314.06,314.11,314.06,314.11,315.04,313.59,,,,,,,,,,,,,,,,,,,,,,,,,,,,,,,,,,,,,,,,,,,,,,,,,,,,56,908.9
1786109700,314.7,314.7,314.62,314.62,315.04,313.59,,,,,,,,,,,,,,,,,,,,,,,,,,,,,,,,,,,,,,,,,,,,,,,,,,,,59,893.85
1786109760,315.22,315.9,315.22,315.9,315.9,313.59,,,,,,,,,,,,,,,,,,,,,,,,,,,,,,,,,,,,,,,,,,,,,,,,,,,,14,871.8
1786109880,316.89,317.59,316.89,317.59,317.59,313.59,,,,,,,,,,,,,,,,,,,,,,,,,,,,,,,,,,,,,,,,,,,,,,,,,,,,95,863.2
1786109940,316.93,316.93,316.93,316.93,317.59,313.59,,,,,,,,,,,,,,,,,,,,,,,,,,,,,,,,,,,,,,,,,,,,,,,,,,,,20,853.15
1786110000,317.26,317.73,317.26,317.73,317.73,313.59,,,,,,,,,,,,,,,,,,,,,,,,,,,,,,,,,,,,,,,,,,,,,,,,,,,,94,850.15
1786110120,317.82,317.92,317.49,317.49,317.92,313.59,,,,,,,,,,,,,,,,,,,,,,,,,,,,,,,,,,,,,,,,,,,,,,,,,,,,108,804.45
1786110180,317.38,317.4,317.38,317.4,317.92,313.59,,,,,,,,,,,,,,,,,,,,,,,,,,,,,,,,,,,,,,,,,,,,,,,,,,,,43,766.7
1786110300,317.2,317.2,316.71,317.03,317.92,313.59,,,,,,,,,,,,,,,,,,,,,,,,,,,,,,,,,,,,,,,,,,,,,,,,,,,,629,735.7
1786110360,317.14,317.47,317.14,317.47,317.92,313.59,,,,,,,,,,,,,,,,,,,,,,,,,,,,,,,,,,,,,,,,,,,,,,,,,,,,276,720.3
1786110600,317.22,317.32,316.68,317.32,317.92,313.59,,,,,,,,,,,,,,,,,,,,,,,,,,,,,,,,,,,,,,,,,,,,,,,,,,,,112,653.25
1786110720,316.89,316.9,316.88,316.9,317.92,313.59,,,,,,,,,,,,,,,,,,,,,,,,,,,,,,,,,,,,,,,,,,,,,,,,,,,,41,630.35
1786110780,317.27,317.32,317.27,317.32,317.92,313.59,,,,,,,,,,,,,,,,,,,,,,,,,,,,,,,,,,,,,,,,,,,,,,,,,,,,225,571.1
1786110840,316.87,316.87,316.7,316.7,317.92,313.59,,,,,,,,,,,,,,,,,,,,,,,,,,,,,,,,,,,,,,,,,,,,,,,,,,,,82,512.9
1786110900,317.12,317.12,317.12,317.12,317.92,313.59,,,,,,,,,,,,,,,,,,,,,,,,,,,,,,,,,,,,,,,,,,,,,,,,,,,,200,413.05
1786110960,317.23,317.23,317.23,317.23,317.92,313.59,,,,,,,,,,,,,,,,,,,,,,,,,,,,,,,,,,,,,,,,,,,,,,,,,,,,2,296.6
1786111020,317.26,317.315,317.03,317.315,317.92,313.59,,,,,,,,,,,,,,,,,,,,,,,,,,,,,,,,,,,,,,,,,,,,,,,,,,,,72,116.2
1786111080,317.13,317.36,316.92,317.01,317.92,313.59,,,,,,,,,,,,,,,,,,,,,,,,,,,,,,,,,,,,,,,,,,,,,,,,,,,,579,144.15
1786111140,316.87,316.935,316.69,316.935,317.92,313.59,,,,,,,,,,,,,,,,,,,,,,,,,,,,,,,,,,,,,,,,,,,,,,,,,,,,283,158.2
1786111200,316.935,317.5,316.935,317.2,317.92,313.59,,,,,,,,,,,,,,,,,,,,,,,,,,,,,,,,,,,,,,,,,,,,,,,,,,,,716,185.3
1786111320,317.38,317.42,317.38,317.42,317.92,313.59,,,,,,,,,,,,,,,,,,,,,,,,,,,,,,,,,,,,,,,,,,,,,,,,,,,,21,183.55
1786111380,317.42,317.42,316.92,316.92,317.92,313.59,,,,,,,,,,,,,,,,,,,,,,,,,,,,,,,,,,,,,,,,,,,,,,,,,,,,20,181.6
1786111440,317.17,317.17,317.01,317.14,317.92,313.59,,,,,,,,,,,,,,,,,,,,,,,,,,,,,,,,,,,,,,,,,,,,,,,,,,,,474,204.6
1786111500,317.08,317.08,317.08,317.08,317.92,313.59,,,,,,,,,,,,,,,,,,,,,,,,,,,,,,,,,,,,,,,,,,,,,,,,,,,,1,199.9
1786111560,316.93,316.93,316.31,316.31,317.92,313.59,,,,,,,,,,,,,,,,,,,,,,,,,,,,,,,,,,,,,,,,,,,,,,,,,,,,6,199.2
1786111620,316.58,316.67,316.58,316.58,317.92,313.59,,,,,,,,,,,,,,,,,,,,,,,,,,,,,,,,,,,,,,,,,,,,,,,,,,,,14,195.2
1786111680,316.58,316.58,316.52,316.52,317.92,313.59,,,,,,,,,,,,,,,,,,,,,,,,,,,,,,,,,,,,,,,,,,,,,,,,,,,,12,190.4
1786111800,315.95,316.45,315.95,316.45,317.92,313.59,,,,,,,,,,,,,,,,,,,,,,,,,,,,,,,,,,,,,,,,,,,,,,,,,,,,648,220.65
1786111860,316.47,316.54,316.47,316.54,317.92,313.59,,,,,,,,,,,,,,,,,,,,,,,,,,,,,,,,,,,,,,,,,,,,,,,,,,,,135,195.95
1786111920,316.58,316.58,316.52,316.58,317.92,313.59,,,,,,,,,,,,,,,,,,,,,,,,,,,,,,,,,,,,,,,,,,,,,,,,,,,,51,184.7
1786111980,316.58,316.69,316.58,316.69,317.92,313.59,,,,,,,,,,,,,,,,,,,,,,,,,,,,,,,,,,,,,,,,,,,,,,,,,,,,26,180.4
1786112040,316.49,316.55,316.4,316.4,317.92,313.59,,,,,,,,,,,,,,,,,,,,,,,,,,,,,,,,,,,,,,,,,,,,,,,,,,,,200,188.35
1786112100,316.27,316.27,316.23,316.23,317.92,313.59,,,,,,,,,,,,,,,,,,,,,,,,,,,,,,,,,,,,,,,,,,,,,,,,,,,,220,188.1
1786112220,316.48,316.75,316.47,316.71,317.92,313.59,,,,,,,,,,,,,,,,,,,,,,,,,,,,,,,,,,,,,,,,,,,,,,,,,,,,210,194.5
1786112280,316.86,317.07,316.86,317.07,317.92,313.59,,,,,,,,,,,,,,,,,,,,,,,,,,,,,,,,,,,,,,,,,,,,,,,,,,,,210,195
1786112400,317.04,317.04,317,317,317.92,313.59,,,,,,,,,,,,,,,,,,,,,,,,,,,,,,,,,,,,,,,,,,,,,,,,,,,,8,195.3
1786112460,317.105,317.105,316.74,316.74,317.92,313.59,,,,,,,,,,,,,,,,,,,,,,,,,,,,,,,,,,,,,,,,,,,,,,,,,,,,97,196.55
1786112520,316.66,316.78,316.6,316.76,317.92,313.59,,,,,,,,,,,,,,,,,,,,,,,,,,,,,,,,,,,,,,,,,,,,,,,,,,,,280,181.6
1786112580,316.82,317.01,316.82,316.88,317.92,313.59,,,,,,,,,,,,,,,,,,,,,,,,,,,,,,,,,,,,,,,,,,,,,,,,,,,,108,172.85
1786112640,316.625,316.625,316.625,316.625,317.92,313.59,,,,,,,,,,,,,,,,,,,,,,,,,,,,,,,,,,,,,,,,,,,,,,,,,,,,200,147.05
1786112700,316.75,317.25,316.75,317.25,317.92,313.59,,,,,,,,,,,,,,,,,,,,,,,,,,,,,,,,,,,,,,,,,,,,,,,,,,,,241,158.05
1786112760,317.08,317.08,317.08,317.08,317.92,313.59,,,,,,,,,,,,,,,,,,,,,,,,,,,,,,,,,,,,,,,,,,,,,,,,,,,,38,158.95
1786112820,317.1,317.19,317.05,317.05,317.92,313.59,,,,,,,,,,,,,,,,,,,,,,,,,,,,,,,,,,,,,,,,,,,,,,,,,,,,489,159.7
1786112880,317.14,317.26,316.91,317.25,317.92,313.59,,,,,,,,,,,,,,,,,,,,,,,,,,,,,,,,,,,,,,,,,,,,,,,,,,,,229,171.1
1786112940,317.3,317.43,317.01,317.16,317.92,313.59,,,,,,,,,,,,,,,,,,,,,,,,,,,,,,,,,,,,,,,,,,,,,,,,,,,,1249,233.25
1786113000,317.13,317.13,317.11,317.11,317.92,313.59,,,,,,,,,,,,,,,,,,,,,,,,,,,,,,,,,,,,,,,,,,,,,,,,,,,,66,235.85
1786113060,317.11,317.11,317.09,317.09,317.92,313.59,,,,,,,,,,,,,,,,,,,,,,,,,,,,,,,,,,,,,,,,,,,,,,,,,,,,166,243.55
1786113120,317.11,317.11,317.1,317.1,317.92,313.59,,,,,,,,,,,,,,,,,,,,,,,,,,,,,,,,,,,,,,,,,,,,,,,,,,,,11,211.7
1786113180,317.1,317.1,316.76,316.78,317.92,313.59,,,,,,,,,,,,,,,,,,,,,,,,,,,,,,,,,,,,,,,,,,,,,,,,,,,,572,233.55
1786113240,316.89,316.98,316.82,316.82,317.92,313.59,,,,,,,,,,,,,,,,,,,,,,,,,,,,,,,,,,,,,,,,,,,,,,,,,,,,95,235.75
1786113300,316.76,316.82,316.76,316.77,317.92,313.59,,,,,,,,,,,,,,,,,,,,,,,,,,,,,,,,,,,,,,,,,,,,,,,,,,,,79,238.4
1786113360,316.77,316.77,316.6,316.6,317.92,313.59,,,,,,,,,,,,,,,,,,,,,,,,,,,,,,,,,,,,,,,,,,,,,,,,,,,,170,236.9
1786113420,316.77,316.78,316.77,316.78,317.92,313.59,,,,,,,,,,,,,,,,,,,,,,,,,,,,,,,,,,,,,,,,,,,,,,,,,,,,48,228.3
1786113540,316.81,316.81,316.67,316.67,317.92,313.59,,,,,,,,,,,,,,,,,,,,,,,,,,,,,,,,,,,,,,,,,,,,,,,,,,,,11,218.35
1786113660,316.48,316.48,316.4,316.4,317.92,313.59,,,,,,,,,,,,,,,,,,,,,,,,,,,,,,,,,,,,,,,,,,,,,,,,,,,,160,215.85
1786113720,316.35,316.35,316.34,316.34,317.92,313.59,,,,,,,,,,,,,,,,,,,,,,,,,,,,,,,,,,,,,,,,,,,,,,,,,,,,27,216.8
1786113780,316.41,316.41,316.41,316.41,317.92,313.59,,,,,,,,,,,,,,,,,,,,,,,,,,,,,,,,,,,,,,,,,,,,,,,,,,,,5,212.2
1786113840,316.48,316.48,316.25,316.25,317.92,313.59,,,,,,,,,,,,,,,,,,,,,,,,,,,,,,,,,,,,,,,,,,,,,,,,,,,,224,209.4
1786113900,316.33,316.67,316.33,316.66,317.92,313.59,,,,,,,,,,,,,,,,,,,,,,,,,,,,,,,,,,,,,,,,,,,,,,,,,,,,506,229.3
1786113960,316.66,316.88,316.52,316.88,317.92,313.59,,,,,,,,,,,,,,,,,,,,,,,,,,,,,,,,,,,,,,,,,,,,,,,,,,,,171,227.85
1786114020,316.74,316.74,316.69,316.69,317.92,313.59,,,,,,,,,,,,,,,,,,,,,,,,,,,,,,,,,,,,,,,,,,,,,,,,,,,,84,220
1786114140,316.65,316.67,316.5,316.5,317.92,313.59,,,,,,,,,,,,,,,,,,,,,,,,,,,,,,,,,,,,,,,,,,,,,,,,,,,,111,223.65
1786114200,316.54,316.71,316.54,316.71,317.92,313.59,,,,,,,,,,,,,,,,,,,,,,,,,,,,,,,,,,,,,,,,,,,,,,,,,,,,54,201.9
1786114260,316.67,316.67,316.37,316.64,317.92,313.59,,,,,,,,,,,,,,,,,,,,,,,,,,,,,,,,,,,,,,,,,,,,,,,,,,,,26,191.75
1786114320,316.36,316.36,316.36,316.36,317.92,313.59,,,,,,,,,,,,,,,,,,,,,,,,,,,,,,,,,,,,,,,,,,,,,,,,,,,,2,129.4
1786114380,316.61,316.62,316.45,316.45,317.92,313.59,,,,,,,,,,,,,,,,,,,,,,,,,,,,,,,,,,,,,,,,,,,,,,,,,,,,92,130.7
1786114440,316.495,316.77,316.495,316.77,317.92,313.59,,,,,,,,,,,,,,,,,,,,,,,,,,,,,,,,,,,,,,,,,,,,,,,,,,,,375,141.15
1786114500,316.755,317,316.755,317,317.92,313.59,,,,,,,,,,,,,,,,,,,,,,,,,,,,,,,,,,,,,,,,,,,,,,,,,,,,166,148.9
1786114560,317.06,317.06,317.06,317.06,317.92,313.59,,,,,,,,,,,,,,,,,,,,,,,,,,,,,,,,,,,,,,,,,,,,,,,,,,,,40,122.3
1786114620,316.98,317.03,316.98,317.03,317.92,313.59,,,,,,,,,,,,,,,,,,,,,,,,,,,,,,,,,,,,,,,,,,,,,,,,,,,,103,122.7
1786114680,317.05,317.3,317.01,317.28,317.92,313.59,,,,,,,,,,,,,,,,,,,,,,,,,,,,,,,,,,,,,,,,,,,,,,,,,,,,412,139.35
1786114800,317.275,317.37,317.05,317.17,317.92,313.59,,,,,,,,,,,,,,,,,,,,,,,,,,,,,,,,,,,,,,,,,,,,,,,,,,,,408,151.25
1786114920,317.22,317.22,317.22,317.22,317.92,313.59,,,,,,,,,,,,,,,,,,,,,,,,,,,,,,,,,,,,,,,,,,,,,,,,,,,,3,149
1786114980,317.16,317.18,316.99,317.18,317.92,313.59,,,,,,,,,,,,,,,,,,,,,,,,,,,,,,,,,,,,,,,,,,,,,,,,,,,,77,152.3
1786115100,316.78,316.78,316.76,316.76,317.92,313.59,,,,,,,,,,,,,,,,,,,,,,,,,,,,,,,,,,,,,,,,,,,,,,,,,,,,51,146.85
1786115220,316.91,316.97,316.91,316.97,317.92,313.59,,,,,,,,,,,,,,,,,,,,,,,,,,,,,,,,,,,,,,,,,,,,,,,,,,,,40,147.5
1786115280,316.69,316.69,316.69,316.69,317.92,313.59,,,,,,,,,,,,,,,,,,,,,,,,,,,,,,,,,,,,,,,,,,,,,,,,,,,,1,147.3
1786115340,316.83,317.07,316.83,316.93,317.92,313.59,,,,,,,,,,,,,,,,,,,,,,,,,,,,,,,,,,,,,,,,,,,,,,,,,,,,728,172.5
1786115400,317.04,317.3,317.04,317.18,317.92,313.59,,,,,,,,,,,,,,,,,,,,,,,,,,,,,,,,,,,,,,,,,,,,,,,,,,,,214,157.9
1786115520,317.3,317.3,317.18,317.18,317.92,313.59,,,,,,,,,,,,,,,,,,,,,,,,,,,,,,,,,,,,,,,,,,,,,,,,,,,,24,150.55
1786115640,317.14,317.17,317.14,317.17,317.92,313.59,,,,,,,,,,,,,,,,,,,,,,,,,,,,,,,,,,,,,,,,,,,,,,,,,,,,56,149.15
1786115700,317.18,317.2,317.18,317.2,317.92,313.59,,,,,,,,,,,,,,,,,,,,,,,,,,,,,,,,,,,,,,,,,,,,,,,,,,,,41,145.65
1786115760,317.21,317.21,316.94,316.94,317.92,313.59,,,,,,,,,,,,,,,,,,,,,,,,,,,,,,,,,,,,,,,,,,,,,,,,,,,,136,149.75
1786115820,316.84,316.84,316.84,316.84,317.92,313.59,,,,,,,,,,,,,,,,,,,,,,,,,,,,,,,,,,,,,,,,,,,,,,,,,,,,27,149.8
1786115880,316.95,316.95,316.95,316.95,317.92,313.59,,,,,,,,,,,,,,,,,,,,,,,,,,,,,,,,,,,,,,,,,,,,,,,,,,,,25,150.95
1786115940,316.76,316.76,316.59,316.76,317.92,313.59,,,,,,,,,,,,,,,,,,,,,,,,,,,,,,,,,,,,,,,,,,,,,,,,,,,,128,152.75
1786116000,316.74,317.01,316.74,317.01,317.92,313.59,,,,,,,,,,,,,,,,,,,,,,,,,,,,,,,,,,,,,,,,,,,,,,,,,,,,148,141.4
1786116120,316.93,316.97,316.905,316.905,317.92,313.59,,,,,,,,,,,,,,,,,,,,,,,,,,,,,,,,,,,,,,,,,,,,,,,,,,,,68,136.5
1786116180,317.01,317.19,317.01,317.19,317.92,313.59,,,,,,,,,,,,,,,,,,,,,,,,,,,,,,,,,,,,,,,,,,,,,,,,,,,,144,141.7
1786116240,317.13,317.14,317.13,317.14,317.92,313.59,,,,,,,,,,,,,,,,,,,,,,,,,,,,,,,,,,,,,,,,,,,,,,,,,,,,18,137.45
1786116300,317.16,317.16,317.16,317.16,317.92,313.59,,,,,,,,,,,,,,,,,,,,,,,,,,,,,,,,,,,,,,,,,,,,,,,,,,,,17,117.7
1786116360,317.02,317.02,317.02,317.02,317.92,313.59,,,,,,,,,,,,,,,,,,,,,,,,,,,,,,,,,,,,,,,,,,,,,,,,,,,,1,97.35
1786116420,317.08,317.31,317.08,317.18,317.92,313.59,,,,,,,,,,,,,,,,,,,,,,,,,,,,,,,,,,,,,,,,,,,,,,,,,,,,201,107.25
1786116600,317.31,317.31,317.27,317.27,317.92,313.59,,,,,,,,,,,,,,,,,,,,,,,,,,,,,,,,,,,,,,,,,,,,,,,,,,,,22,104.5
1786116660,317.11,317.13,317.11,317.13,317.92,313.59,,,,,,,,,,,,,,,,,,,,,,,,,,,,,,,,,,,,,,,,,,,,,,,,,,,,7,102.3
1786116780,317.03,317.06,317.03,317.03,317.92,313.59,,,,,,,,,,,,,,,,,,,,,,,,,,,,,,,,,,,,,,,,,,,,,,,,,,,,99,105.25
1786116840,317.06,317.06,316.99,317.05,317.92,313.59,,,,,,,,,,,,,,,,,,,,,,,,,,,,,,,,,,,,,,,,,,,,,,,,,,,,166,113.5
1786116900,317.06,317.1,317.06,317.1,317.92,313.59,,,,,,,,,,,,,,,,,,,,,,,,,,,,,,,,,,,,,,,,,,,,,,,,,,,,225,88.35
1786117020,316.93,316.99,316.84,316.84,317.92,313.59,,,,,,,,,,,,,,,,,,,,,,,,,,,,,,,,,,,,,,,,,,,,,,,,,,,,170,86.15
1786117080,316.84,317.11,316.84,317.11,317.92,313.59,,,,,,,,,,,,,,,,,,,,,,,,,,,,,,,,,,,,,,,,,,,,,,,,,,,,66,88.25
1786117140,316.85,316.85,316.78,316.78,317.92,313.59,,,,,,,,,,,,,,,,,,,,,,,,,,,,,,,,,,,,,,,,,,,,,,,,,,,,47,87.8
1786117260,316.78,316.78,316.75,316.78,317.92,313.59,,,,,,,,,,,,,,,,,,,,,,,,,,,,,,,,,,,,,,,,,,,,,,,,,,,,77,89.6
1786117380,316.86,316.94,316.86,316.94,317.92,313.59,,,,,,,,,,,,,,,,,,,,,,,,,,,,,,,,,,,,,,,,,,,,,,,,,,,,280,96.8
1786117500,316.69,316.69,316.68,316.68,317.92,313.59,,,,,,,,,,,,,,,,,,,,,,,,,,,,,,,,,,,,,,,,,,,,,,,,,,,,120,101.45
1786117560,316.68,316.88,316.68,316.88,317.92,313.59,,,,,,,,,,,,,,,,,,,,,,,,,,,,,,,,,,,,,,,,,,,,,,,,,,,,83,104.35
1786117620,317.01,317.08,316.94,317.08,317.92,313.59,,,,,,,,,,,,,,,,,,,,,,,,,,,,,,,,,,,,,,,,,,,,,,,,,,,,58,100.85
1786117680,317.22,317.39,317.22,317.39,317.92,313.59,,,,,,,,,,,,,,,,,,,,,,,,,,,,,,,,,,,,,,,,,,,,,,,,,,,,89,97.9
1786117740,317.37,317.38,317.28,317.28,317.92,313.59,,,,,,,,,,,,,,,,,,,,,,,,,,,,,,,,,,,,,,,,,,,,,,,,,,,,83,98.65
1786117800,317.38,317.72,317.34,317.62,317.92,313.59,,,,,,,,,,,,,,,,,,,,,,,,,,,,,,,,,,,,,,,,,,,,,,,,,,,,625,122.7
1786117860,317.59,317.85,317.57,317.68,317.92,313.59,,,,,,,,,,,,,,,,,,,,,,,,,,,,,,,,,,,,,,,,,,,,,,,,,,,,272,135.4
1786117920,317.69,317.78,317.26,317.33,317.92,313.59,,,,,,,,,,,,,,,,,,,,,,,,,,,,,,,,,,,,,,,,,,,,,,,,,,,,144,141.75
1786117980,317.37,317.37,317.37,317.37,317.92,313.59,,,,,,,,,,,,,,,,,,,,,,,,,,,,,,,,,,,,,,,,,,,,,,,,,,,,1,141.75
1786118040,317.19,317.35,317.01,317.35,317.92,313.59,,,,,,,,,,,,,,,,,,,,,,,,,,,,,,,,,,,,,,,,,,,,,,,,,,,,47,134.05
1786118100,317.36,317.36,317.36,317.36,317.92,313.59,,,,,,,,,,,,,,,,,,,,,,,,,,,,,,,,,,,,,,,,,,,,,,,,,,,,2,133.05
1786118160,317.15,317.15,317.14,317.14,317.92,313.59,,,,,,,,,,,,,,,,,,,,,,,,,,,,,,,,,,,,,,,,,,,,,,,,,,,,36,134.5
1786118400,317.29,317.29,317.21,317.24,317.92,313.59,,,,,,,,,,,,,,,,,,,,,,,,,,,,,,,,,,,,,,,,,,,,,,,,,,,,48,131.95
1786118460,317.31,317.4,317.31,317.4,317.92,313.59,,,,,,,,,,,,,,,,,,,,,,,,,,,,,,,,,,,,,,,,,,,,,,,,,,,,51,126.2
1786118640,317.39,317.71,317.39,317.71,317.92,313.59,,,,,,,,,,,,,,,,,,,,,,,,,,,,,,,,,,,,,,,,,,,,,,,,,,,,253,127.6
1786118700,317.89,318.11,317.87,318.07,317.92,313.59,,,,,,,,,,,,,,,,,,,,,,,,,,,,,,,,,,,,,,,,,,,,,,,,,,,,722,155.2
1786118760,318.1,318.1,317.94,317.94,317.92,313.59,,,,,,,,,,,,,,,,,,,,,,,,,,,,,,,,,,,,,,,,,,,,,,,,,,,,236,163.7
1786118820,317.93,318,317.93,318,317.92,313.59,,,,,,,,,,,,,,,,,,,,,,,,,,,,,,,,,,,,,,,,,,,,,,,,,,,,230,172.85
1786118880,317.96,318.06,317.91,317.91,317.92,313.59,,,,,,,,,,,,,,,,,,,,,,,,,,,,,,,,,,,,,,,,,,,,,,,,,,,,145,176.25
1786118940,317.96,317.96,317.955,317.955,317.92,313.59,,,,,,,,,,,,,,,,,,,,,,,,,,,,,,,,,,,,,,,,,,,,,,,,,,,,140,169.25
1786119000,318.07,318.1,318.07,318.09,317.92,313.59,,,,,,,,,,,,,,,,,,,,,,,,,,,,,,,,,,,,,,,,,,,,,,,,,,,,172,171.85
1786119060,318.32,318.49,318.32,318.475,317.92,313.59,,,,,,,,,,,,,,,,,,,,,,,,,,,,,,,,,,,,,,,,,,,,,,,,,,,,219,178.65
1786119120,318.395,318.51,318.395,318.51,317.92,313.59,,,,,,,,,,,,,,,,,,,,,,,,,,,,,,,,,,,,,,,,,,,,,,,,,,,,11,176.3
1786119180,318.47,318.69,318.47,318.69,317.92,313.59,,,,,,,,,,,,,,,,,,,,,,,,,,,,,,,,,,,,,,,,,,,,,,,,,,,,2,171.95
1786119240,318.75,318.75,318.74,318.74,317.92,313.59,,,,,,,,,,,,,,,,,,,,,,,,,,,,,,,,,,,,,,,,,,,,,,,,,,,,585,197.05
1786119420,318.65,318.75,318.63,318.75,317.92,313.59,,,,,,,,,,,,,,,,,,,,,,,,,,,,,,,,,,,,,,,,,,,,,,,,,,,,209,176.25
1786119600,318.71,318.74,318.61,318.61,317.92,313.59,,,,,,,,,,,,,,,,,,,,,,,,,,,,,,,,,,,,,,,,,,,,,,,,,,,,197,172.5
1786119720,318.84,318.84,318.84,318.84,317.92,313.59,,,,,,,,,,,,,,,,,,,,,,,,,,,,,,,,,,,,,,,,,,,,,,,,,,,,1,165.35
1786119780,318.63,318.63,318.58,318.58,317.92,313.59,,,,,,,,,,,,,,,,,,,,,,,,,,,,,,,,,,,,,,,,,,,,,,,,,,,,37,167.15
1786119900,318.45,318.46,318.39,318.46,317.92,313.59,,,,,,,,,,,,,,,,,,,,,,,,,,,,,,,,,,,,,,,,,,,,,,,,,,,,126,171.1
1786119960,318.29,318.38,318.29,318.38,317.92,313.59,,,,,,,,,,,,,,,,,,,,,,,,,,,,,,,,,,,,,,,,,,,,,,,,,,,,112,176.6
1786120020,318.47,318.49,318.47,318.49,317.92,313.59,,,,,,,,,,,,,,,,,,,,,,,,,,,,,,,,,,,,,,,,,,,,,,,,,,,,29,176.25
1786120140,318.52,318.53,318.52,318.53,317.92,313.59,,,,,,,,,,,,,,,,,,,,,,,,,,,,,,,,,,,,,,,,,,,,,,,,,,,,91,178.4
1786120260,318.56,318.6,318.49,318.59,317.92,313.59,,,,,,,,,,,,,,,,,,,,,,,,,,,,,,,,,,,,,,,,,,,,,,,,,,,,129,182.3
1786120320,318.595,318.595,318.595,318.595,317.92,313.59,,,,,,,,,,,,,,,,,,,,,,,,,,,,,,,,,,,,,,,,,,,,,,,,,,,,40,171.65
1786120380,318.73,318.96,318.72,318.96,317.92,313.59,,,,,,,,,,,,,,,,,,,,,,,,,,,,,,,,,,,,,,,,,,,,,,,,,,,,199,145.5
1786120440,318.91,318.91,318.81,318.81,317.92,313.59,,,,,,,,,,,,,,,,,,,,,,,,,,,,,,,,,,,,,,,,,,,,,,,,,,,,168,142.1
1786120620,318.94,319.09,318.94,319.09,317.92,313.59,,,,,,,,,,,,,,,,,,,,,,,,,,,,,,,,,,,,,,,,,,,,,,,,,,,,133,137.25
1786120680,318.94,319.07,318.94,319.07,317.92,313.59,,,,,,,,,,,,,,,,,,,,,,,,,,,,,,,,,,,,,,,,,,,,,,,,,,,,402,150.1
1786120740,318.96,318.96,318.96,318.96,317.92,313.59,,,,,,,,,,,,,,,,,,,,,,,,,,,,,,,,,,,,,,,,,,,,,,,,,,,,13,143.75
1786120800,319.17,319.3,319.05,319.05,317.92,313.59,,,,,,,,,,,,,,,,,,,,,,,,,,,,,,,,,,,,,,,,,,,,,,,,,,,,233,146.8
1786120860,319.21,319.4,319.21,319.4,317.92,313.59,,,,,,,,,,,,,,,,,,,,,,,,,,,,,,,,,,,,,,,,,,,,,,,,,,,,164,144.05
1786120980,319.265,319.34,319.12,319.12,317.92,313.59,,,,,,,,,,,,,,,,,,,,,,,,,,,,,,,,,,,,,,,,,,,,,,,,,,,,109,148.95
1786121100,319.2,319.2,319.07,319.07,317.92,313.59,,,,,,,,,,,,,,,,,,,,,,,,,,,,,,,,,,,,,,,,,,,,,,,,,,,,434,170.55
1786121160,318.95,319.02,318.93,318.93,317.92,313.59,,,,,,,,,,,,,,,,,,,,,,,,,,,,,,,,,,,,,,,,,,,,,,,,,,,,58,144.2
1786121220,318.97,319.09,318.94,319.09,317.92,313.59,,,,,,,,,,,,,,,,,,,,,,,,,,,,,,,,,,,,,,,,,,,,,,,,,,,,170,142.25
1786121280,319.09,319.13,319.03,319.03,317.92,313.59,,,,,,,,,,,,,,,,,,,,,,,,,,,,,,,,,,,,,,,,,,,,,,,,,,,,34,134.1
1786121340,319.19,319.19,319.19,319.19,317.92,313.59,,,,,,,,,,,,,,,,,,,,,,,,,,,,,,,,,,,,,,,,,,,,,,,,,,,,24,135.25
1786121400,319.22,319.34,319.21,319.34,317.92,313.59,,,,,,,,,,,,,,,,,,,,,,,,,,,,,,,,,,,,,,,,,,,,,,,,,,,,206,143.7
1786121460,319.38,319.38,319.38,319.38,317.92,313.59,,,,,,,,,,,,,,,,,,,,,,,,,,,,,,,,,,,,,,,,,,,,,,,,,,,,40,139.4
1786121520,319.18,319.18,319.13,319.13,317.92,313.59,,,,,,,,,,,,,,,,,,,,,,,,,,,,,,,,,,,,,,,,,,,,,,,,,,,,90,138.3
1786121580,319.22,319.22,319.22,319.22,317.92,313.59,,,,,,,,,,,,,,,,,,,,,,,,,,,,,,,,,,,,,,,,,,,,,,,,,,,,23,138
1786121640,319.27,319.28,319.27,319.28,317.92,313.59,,,,,,,,,,,,,,,,,,,,,,,,,,,,,,,,,,,,,,,,,,,,,,,,,,,,21,134.5
1786121700,319.33,319.43,319.32,319.32,317.92,313.59,,,,,,,,,,,,,,,,,,,,,,,,,,,,,,,,,,,,,,,,,,,,,,,,,,,,175,136.8
1786121820,319.485,319.485,319.485,319.485,317.92,313.59,,,,,,,,,,,,,,,,,,,,,,,,,,,,,,,,,,,,,,,,,,,,,,,,,,,,100,139.8
1786121880,319.58,319.63,319.56,319.63,317.92,313.59,,,,,,,,,,,,,,,,,,,,,,,,,,,,,,,,,,,,,,,,,,,,,,,,,,,,334,146.55
1786121940,319.63,319.63,319.44,319.44,317.92,313.59,,,,,,,,,,,,,,,,,,,,,,,,,,,,,,,,,,,,,,,,,,,,,,,,,,,,55,140.9
1786122000,319.34,319.34,319.34,319.34,317.92,313.59,,,,,,,,,,,,,,,,,,,,,,,,,,,,,,,,,,,,,,,,,,,,,,,,,,,,7,134.6
1786122060,319.41,319.41,319.41,319.41,317.92,313.59,,,,,,,,,,,,,,,,,,,,,,,,,,,,,,,,,,,,,,,,,,,,,,,,,,,,400,134.5
1786122180,319.425,319.425,319.425,319.425,317.92,313.59,,,,,,,,,,,,,,,,,,,,,,,,,,,,,,,,,,,,,,,,,,,,,,,,,,,,100,138.85
1786122240,319.425,319.425,319.425,319.425,317.92,313.59,,,,,,,,,,,,,,,,,,,,,,,,,,,,,,,,,,,,,,,,,,,,,,,,,,,,100,132.2
1786122300,319.46,319.46,319.46,319.46,317.92,313.59,,,,,,,,,,,,,,,,,,,,,,,,,,,,,,,,,,,,,,,,,,,,,,,,,,,,204,134.2
1786122360,319.47,319.54,319.4,319.4,317.92,313.59,,,,,,,,,,,,,,,,,,,,,,,,,,,,,,,,,,,,,,,,,,,,,,,,,,,,301,143.8
1786122420,319.31,319.38,319.26,319.38,317.92,313.59,,,,,,,,,,,,,,,,,,,,,,,,,,,,,,,,,,,,,,,,,,,,,,,,,,,,136,128.9
1786122480,319.31,319.31,319.31,319.31,317.92,313.59,,,,,,,,,,,,,,,,,,,,,,,,,,,,,,,,,,,,,,,,,,,,,,,,,,,,5,126.25
1786122540,319.37,319.37,319.27,319.27,317.92,313.59,,,,,,,,,,,,,,,,,,,,,,,,,,,,,,,,,,,,,,,,,,,,,,,,,,,,163,125.9
1786122600,319.24,319.42,319.23,319.42,317.92,313.59,,,,,,,,,,,,,,,,,,,,,,,,,,,,,,,,,,,,,,,,,,,,,,,,,,,,496,149
1786122720,319.31,319.31,319.31,319.31,317.92,313.59,,,,,,,,,,,,,,,,,,,,,,,,,,,,,,,,,,,,,,,,,,,,,,,,,,,,1,147.85
1786122840,319.27,319.27,319.25,319.25,317.92,313.59,,,,,,,,,,,,,,,,,,,,,,,,,,,,,,,,,,,,,,,,,,,,,,,,,,,,39,139.5
1786122900,319.28,319.335,319.27,319.335,317.92,313.59,,,,,,,,,,,,,,,,,,,,,,,,,,,,,,,,,,,,,,,,,,,,,,,,,,,,52,140.1
1786122960,319.25,319.3,319.165,319.3,317.92,313.59,,,,,,,,,,,,,,,,,,,,,,,,,,,,,,,,,,,,,,,,,,,,,,,,,,,,528,162
1786123020,319.2,319.225,319.17,319.22,317.92,313.59,,,,,,,,,,,,,,,,,,,,,,,,,,,,,,,,,,,,,,,,,,,,,,,,,,,,256,173.65
1786123080,319.3,319.3,319.29,319.29,317.92,313.59,,,,,,,,,,,,,,,,,,,,,,,,,,,,,,,,,,,,,,,,,,,,,,,,,,,,31,174.15
1786123140,319.28,319.28,319.28,319.28,317.92,313.59,,,,,,,,,,,,,,,,,,,,,,,,,,,,,,,,,,,,,,,,,,,,,,,,,,,,5,165.65
1786123200,319.29,319.42,319.29,319.42,317.92,313.59,,,,,,,,,,,,,,,,,,,,,,,,,,,,,,,,,,,,,,,,,,,,,,,,,,,,322,176.75
1786123260,319.35,319.35,319.3,319.3,317.92,313.59,,,,,,,,,,,,,,,,,,,,,,,,,,,,,,,,,,,,,,,,,,,,,,,,,,,,104,165.25
1786123320,319.28,319.32,319.28,319.32,317.92,313.59,,,,,,,,,,,,,,,,,,,,,,,,,,,,,,,,,,,,,,,,,,,,,,,,,,,,40,164.5
1786123380,319.22,319.32,319.22,319.3,317.92,313.59,,,,,,,,,,,,,,,,,,,,,,,,,,,,,,,,,,,,,,,,,,,,,,,,,,,,99,169.1
1786123440,319.2,319.2,319.08,319.08,317.92,313.59,,,,,,,,,,,,,,,,,,,,,,,,,,,,,,,,,,,,,,,,,,,,,,,,,,,,192,158.7
1786123500,319.03,319.18,318.91,318.91,317.92,313.59,,,,,,,,,,,,,,,,,,,,,,,,,,,,,,,,,,,,,,,,,,,,,,,,,,,,957,201.55
1786123560,318.91,319.04,318.91,319.04,317.92,313.59,,,,,,,,,,,,,,,,,,,,,,,,,,,,,,,,,,,,,,,,,,,,,,,,,,,,93,201.2
1786123620,318.96,318.96,318.95,318.95,317.92,313.59,,,,,,,,,,,,,,,,,,,,,,,,,,,,,,,,,,,,,,,,,,,,,,,,,,,,4,191.2
1786123740,318.91,318.995,318.91,318.995,317.92,313.59,,,,,,,,,,,,,,,,,,,,,,,,,,,,,,,,,,,,,,,,,,,,,,,,,,,,160,184.15
1786123800,319.06,319.06,318.79,318.79,317.92,313.59,,,,,,,,,,,,,,,,,,,,,,,,,,,,,,,,,,,,,,,,,,,,,,,,,,,,300,192.35
1786123860,318.74,318.93,318.74,318.93,317.92,313.59,,,,,,,,,,,,,,,,,,,,,,,,,,,,,,,,,,,,,,,,,,,,,,,,,,,,35,193.85
1786123920,318.78,318.93,318.78,318.93,317.92,313.59,,,,,,,,,,,,,,,,,,,,,,,,,,,,,,,,,,,,,,,,,,,,,,,,,,,,143,192.85
1786123980,318.81,318.86,318.81,318.86,317.92,313.59,,,,,,,,,,,,,,,,,,,,,,,,,,,,,,,,,,,,,,,,,,,,,,,,,,,,95,172.8
1786124040,318.82,318.97,318.81,318.97,317.92,313.59,,,,,,,,,,,,,,,,,,,,,,,,,,,,,,,,,,,,,,,,,,,,,,,,,,,,18,173.65
1786124100,318.83,319,318.83,318.94,317.92,313.59,,,,,,,,,,,,,,,,,,,,,,,,,,,,,,,,,,,,,,,,,,,,,,,,,,,,1103,226.85
1786124160,318.94,318.94,318.91,318.91,317.92,313.59,,,,,,,,,,,,,,,,,,,,,,,,,,,,,,,,,,,,,,,,,,,,,,,,,,,,14,224.95
1786124220,318.96,318.96,318.89,318.89,317.92,313.59,,,,,,,,,,,,,,,,,,,,,,,,,,,,,,,,,,,,,,,,,,,,,,,,,,,,216,209.35
1786124280,318.82,318.82,318.82,318.82,317.92,313.59,,,,,,,,,,,,,,,,,,,,,,,,,,,,,,,,,,,,,,,,,,,,,,,,,,,,1,196.6
1786124340,318.8,318.83,318.78,318.81,317.92,313.59,,,,,,,,,,,,,,,,,,,,,,,,,,,,,,,,,,,,,,,,,,,,,,,,,,,,286,209.35
1786124400,318.91,319.02,318.91,319.01,317.92,313.59,,,,,,,,,,,,,,,,,,,,,,,,,,,,,,,,,,,,,,,,,,,,,,,,,,,,63,212.25
1786124520,318.93,318.93,318.91,318.93,317.92,313.59,,,,,,,,,,,,,,,,,,,,,,,,,,,,,,,,,,,,,,,,,,,,,,,,,,,,369,214.6
1786124580,318.91,318.91,318.835,318.835,317.92,313.59,,,,,,,,,,,,,,,,,,,,,,,,,,,,,,,,,,,,,,,,,,,,,,,,,,,,82,213.5
1786124640,318.78,318.81,318.73,318.73,317.92,313.59,,,,,,,,,,,,,,,,,,,,,,,,,,,,,,,,,,,,,,,,,,,,,,,,,,,,109,216.95
1786124760,318.86,318.9,318.82,318.82,317.92,313.59,,,,,,,,,,,,,,,,,,,,,,,,,,,,,,,,,,,,,,,,,,,,,,,,,,,,288,226.4
1786124820,318.85,318.85,318.83,318.85,317.92,313.59,,,,,,,,,,,,,,,,,,,,,,,,,,,,,,,,,,,,,,,,,,,,,,,,,,,,78,220.7
1786124880,318.8,318.8,318.79,318.79,317.92,313.59,,,,,,,,,,,,,,,,,,,,,,,,,,,,,,,,,,,,,,,,,,,,,,,,,,,,106,178.15
1786124940,318.83,318.91,318.83,318.91,317.92,313.59,,,,,,,,,,,,,,,,,,,,,,,,,,,,,,,,,,,,,,,,,,,,,,,,,,,,269,186.95
1786125000,318.79,318.79,318.68,318.68,317.92,313.59,,,,,,,,,,,,,,,,,,,,,,,,,,,,,,,,,,,,,,,,,,,,,,,,,,,,495,211.5
1786125060,318.59,318.59,318.5,318.5,317.92,313.59,,,,,,,,,,,,,,,,,,,,,,,,,,,,,,,,,,,,,,,,,,,,,,,,,,,,55,206.25
1786125120,318.32,318.32,318.255,318.255,317.92,313.59,,,,,,,,,,,,,,,,,,,,,,,,,,,,,,,,,,,,,,,,,,,,,,,,,,,,32,192.85
1786125180,318.38,318.38,318.175,318.18,317.92,313.59,,,,,,,,,,,,,,,,,,,,,,,,,,,,,,,,,,,,,,,,,,,,,,,,,,,,29,192.55
1786125240,318.1,318.3,318.1,318.3,317.92,313.59,,,,,,,,,,,,,,,,,,,,,,,,,,,,,,,,,,,,,,,,,,,,,,,,,,,,728,221.8
1786125300,318.32,318.32,318.32,318.32,317.92,313.59,,,,,,,,,,,,,,,,,,,,,,,,,,,,,,,,,,,,,,,,,,,,,,,,,,,,43,219.2
1786125360,318.265,318.265,318.265,318.265,317.92,313.59,,,,,,,,,,,,,,,,,,,,,,,,,,,,,,,,,,,,,,,,,,,,,,,,,,,,50,220.8
1786125480,318.41,318.41,318.4,318.41,317.92,313.59,,,,,,,,,,,,,,,,,,,,,,,,,,,,,,,,,,,,,,,,,,,,,,,,,,,,77,169.5
1786125540,318.315,318.315,317.94,318.05,317.92,313.59,,,,,,,,,,,,,,,,,,,,,,,,,,,,,,,,,,,,,,,,,,,,,,,,,,,,503,193.95
1786125720,317.99,317.99,317.83,317.83,317.92,313.59,,,,,,,,,,,,,,,,,,,,,,,,,,,,,,,,,,,,,,,,,,,,,,,,,,,,11,183.7
1786125780,317.85,317.85,317.85,317.85,317.92,313.59,,,,,,,,,,,,,,,,,,,,,,,,,,,,,,,,,,,,,,,,,,,,,,,,,,,,40,185.65
1786125900,317.865,317.865,317.65,317.65,317.92,313.59,,,,,,,,,,,,,,,,,,,,,,,,,,,,,,,,,,,,,,,,,,,,,,,,,,,,21,172.4
1786125960,317.78,317.78,317.71,317.71,317.92,313.59,,,,,,,,,,,,,,,,,,,,,,,,,,,,,,,,,,,,,,,,,,,,,,,,,,,,65,172.5
1786126020,317.7,317.98,317.7,317.9,317.92,313.59,,,,,,,,,,,,,,,,,,,,,,,,,,,,,,,,,,,,,,,,,,,,,,,,,,,,390,173.55
1786126080,317.91,318.05,317.91,318.05,317.92,313.59,,,,,,,,,,,,,,,,,,,,,,,,,,,,,,,,,,,,,,,,,,,,,,,,,,,,44,171.65
1786126140,318.12,318.12,318.1,318.1,317.92,313.59,,,,,,,,,,,,,,,,,,,,,,,,,,,,,,,,,,,,,,,,,,,,,,,,,,,,91,170.75
1786126260,318.155,318.155,318.01,318.01,317.92,313.59,,,,,,,,,,,,,,,,,,,,,,,,,,,,,,,,,,,,,,,,,,,,,,,,,,,,82,160.45
1786126320,318,318,317.855,317.87,317.92,313.59,,,,,,,,,,,,,,,,,,,,,,,,,,,,,,,,,,,,,,,,,,,,,,,,,,,,277,170.4
1786126380,317.745,317.88,317.745,317.88,317.92,313.59,,,,,,,,,,,,,,,,,,,,,,,,,,,,,,,,,,,,,,,,,,,,,,,,,,,,50,167.6
1786126440,317.93,317.93,317.93,317.93,317.92,313.59,,,,,,,,,,,,,,,,,,,,,,,,,,,,,,,,,,,,,,,,,,,,,,,,,,,,5,154.4
1786126500,317.76,317.78,317.72,317.78,317.92,313.59,,,,,,,,,,,,,,,,,,,,,,,,,,,,,,,,,,,,,,,,,,,,,,,,,,,,184,138.85
1786126620,317.68,317.68,317.68,317.68,317.92,313.59,,,,,,,,,,,,,,,,,,,,,,,,,,,,,,,,,,,,,,,,,,,,,,,,,,,,2,136.2
1786126680,317.93,317.96,317.93,317.96,317.92,313.59,,,,,,,,,,,,,,,,,,,,,,,,,,,,,,,,,,,,,,,,,,,,,,,,,,,,227,145.95
1786126740,317.93,318.09,317.93,318.06,317.92,313.59,,,,,,,,,,,,,,,,,,,,,,,,,,,,,,,,,,,,,,,,,,,,,,,,,,,,138,151.4
1786126800,318.07,318.07,317.87,318.02,317.92,313.59,,,,,,,,,,,,,,,,,,,,,,,,,,,,,,,,,,,,,,,,,,,,,,,,,,,,185,124.25
1786126860,317.95,317.95,317.95,317.95,317.92,313.59,,,,,,,,,,,,,,,,,,,,,,,,,,,,,,,,,,,,,,,,,,,,,,,,,,,,1,122.15
1786126920,318.04,318.05,318,318.05,317.92,313.59,,,,,,,,,,,,,,,,,,,,,,,,,,,,,,,,,,,,,,,,,,,,,,,,,,,,19,120.6
1786127100,317.965,318.04,317.965,318.04,317.92,313.59,,,,,,,,,,,,,,,,,,,,,,,,,,,,,,,,,,,,,,,,,,,,,,,,,,,,41,118.8
1786127220,317.96,317.96,317.95,317.95,317.92,313.59,,,,,,,,,,,,,,,,,,,,,,,,,,,,,,,,,,,,,,,,,,,,,,,,,,,,45,95.9
1786127280,318.01,318.22,317.95,318.22,317.92,313.59,,,,,,,,,,,,,,,,,,,,,,,,,,,,,,,,,,,,,,,,,,,,,,,,,,,,203,105.5
1786127400,318.1,318.15,317.93,317.93,317.92,313.59,,,,,,,,,,,,,,,,,,,,,,,,,,,,,,,,,,,,,,,,,,,,,,,,,,,,586,132.8
1786127460,317.75,317.75,317.7,317.74,317.92,313.59,,,,,,,,,,,,,,,,,,,,,,,,,,,,,,,,,,,,,,,,,,,,,,,,,,,,193,141.4
1786127520,317.76,317.8,317.71,317.8,317.92,313.59,,,,,,,,,,,,,,,,,,,,,,,,,,,,,,,,,,,,,,,,,,,,,,,,,,,,212,148.75
1786127580,317.68,317.77,317.65,317.77,317.92,313.59,,,,,,,,,,,,,,,,,,,,,,,,,,,,,,,,,,,,,,,,,,,,,,,,,,,,190,138.75
1786127640,317.79,317.79,317.79,317.79,317.92,313.59,,,,,,,,,,,,,,,,,,,,,,,,,,,,,,,,,,,,,,,,,,,,,,,,,,,,34,138.25
1786127760,317.64,317.68,317.64,317.68,317.92,313.59,,,,,,,,,,,,,,,,,,,,,,,,,,,,,,,,,,,,,,,,,,,,,,,,,,,,45,135.95
1786127820,317.55,317.62,317.5,317.5,317.92,313.59,,,,,,,,,,,,,,,,,,,,,,,,,,,,,,,,,,,,,,,,,,,,,,,,,,,,211,142.4
1786127880,317.5,317.59,317.45,317.59,317.92,313.59,,,,,,,,,,,,,,,,,,,,,,,,,,,,,,,,,,,,,,,,,,,,,,,,,,,,183,137.7
1786128000,317.55,317.55,317.55,317.55,317.92,313.59,,,,,,,,,,,,,,,,,,,,,,,,,,,,,,,,,,,,,,,,,,,,,,,,,,,,4,135.4
1786128060,317.65,317.66,317.65,317.66,317.92,313.59,,,,,,,,,,,,,,,,,,,,,,,,,,,,,,,,,,,,,,,,,,,,,,,,,,,,127,141.5
1786128120,317.72,317.72,317.72,317.72,317.92,313.59,,,,,,,,,,,,,,,,,,,,,,,,,,,,,,,,,,,,,,,,,,,,,,,,,,,,45,134.55
1786128180,317.74,317.76,317.68,317.68,317.92,313.59,,,,,,,,,,,,,,,,,,,,,,,,,,,,,,,,,,,,,,,,,,,,,,,,,,,,162,142.55
1786128240,317.72,317.72,317.6,317.6,317.92,313.59,,,,,,,,,,,,,,,,,,,,,,,,,,,,,,,,,,,,,,,,,,,,,,,,,,,,168,139.6
1786128360,317.52,317.52,317.45,317.45,317.92,313.59,,,,,,,,,,,,,,,,,,,,,,,,,,,,,,,,,,,,,,,,,,,,,,,,,,,,211,143.25
1786128420,317.43,317.44,317.295,317.295,317.92,313.59,,,,,,,,,,,,,,,,,,,,,,,,,,,,,,,,,,,,,,,,,,,,,,,,,,,,34,135.7
1786128480,317.36,317.36,317.36,317.36,317.92,313.59,,,,,,,,,,,,,,,,,,,,,,,,,,,,,,,,,,,,,,,,,,,,,,,,,,,,193,145.3
1786128540,317.325,317.325,317.325,317.325,317.92,313.59,,,,,,,,,,,,,,,,,,,,,,,,,,,,,,,,,,,,,,,,,,,,,,,,,,,,13,145
1786128660,317.37,317.37,317.32,317.32,317.92,313.59,,,,,,,,,,,,,,,,,,,,,,,,,,,,,,,,,,,,,,,,,,,,,,,,,,,,104,148.15
1786128720,317.32,317.32,317.32,317.32,317.92,313.59,,,,,,,,,,,,,,,,,,,,,,,,,,,,,,,,,,,,,,,,,,,,,,,,,,,,40,147.9
1786128780,317.4,317.45,317.4,317.45,317.92,313.59,,,,,,,,,,,,,,,,,,,,,,,,,,,,,,,,,,,,,,,,,,,,,,,,,,,,267,151.1
1786128840,317.44,317.45,317.42,317.45,317.92,313.59,,,,,,,,,,,,,,,,,,,,,,,,,,,,,,,,,,,,,,,,,,,,,,,,,,,,38,123.7
1786128900,317.46,317.5,317.44,317.5,317.92,313.59,,,,,,,,,,,,,,,,,,,,,,,,,,,,,,,,,,,,,,,,,,,,,,,,,,,,93,118.7
1786128960,317.5,317.63,317.48,317.63,317.92,313.59,,,,,,,,,,,,,,,,,,,,,,,,,,,,,,,,,,,,,,,,,,,,,,,,,,,,261,121.15
1786129020,317.67,317.87,317.65,317.81,317.92,313.59,,,,,,,,,,,,,,,,,,,,,,,,,,,,,,,,,,,,,,,,,,,,,,,,,,,,48,114.05
1786129080,317.88,317.88,317.74,317.785,317.92,313.59,,,,,,,,,,,,,,,,,,,,,,,,,,,,,,,,,,,,,,,,,,,,,,,,,,,,236,124.15
1786129140,317.83,317.9,317.75,317.9,317.92,313.59,,,,,,,,,,,,,,,,,,,,,,,,,,,,,,,,,,,,,,,,,,,,,,,,,,,,304,137.1
1786129260,317.925,318.26,317.925,318.16,317.92,313.59,,,,,,,,,,,,,,,,,,,,,,,,,,,,,,,,,,,,,,,,,,,,,,,,,,,,549,154
1786129320,318.08,318.08,318.015,318.015,317.92,313.59,,,,,,,,,,,,,,,,,,,,,,,,,,,,,,,,,,,,,,,,,,,,,,,,,,,,76,148.65
1786129380,318.025,318.025,318.025,318.025,317.92,313.59,,,,,,,,,,,,,,,,,,,,,,,,,,,,,,,,,,,,,,,,,,,,,,,,,,,,36,150.25
1786129440,318.15,318.2,318.15,318.16,317.92,313.59,,,,,,,,,,,,,,,,,,,,,,,,,,,,,,,,,,,,,,,,,,,,,,,,,,,,262,157
1786129500,318.19,318.42,318.19,318.42,317.92,313.59,,,,,,,,,,,,,,,,,,,,,,,,,,,,,,,,,,,,,,,,,,,,,,,,,,,,148,162.15
1786129560,318.42,318.5,318.37,318.37,317.92,313.59,,,,,,,,,,,,,,,,,,,,,,,,,,,,,,,,,,,,,,,,,,,,,,,,,,,,237,165.9
1786129620,318.35,318.37,318.35,318.37,317.92,313.59,,,,,,,,,,,,,,,,,,,,,,,,,,,,,,,,,,,,,,,,,,,,,,,,,,,,7,157.85
1786129680,318.37,318.495,318.37,318.495,317.92,313.59,,,,,,,,,,,,,,,,,,,,,,,,,,,,,,,,,,,,,,,,,,,,,,,,,,,,150,154.8
1786129740,318.54,318.62,318.54,318.59,317.92,313.59,,,,,,,,,,,,,,,,,,,,,,,,,,,,,,,,,,,,,,,,,,,,,,,,,,,,123,159.25
1786129800,318.67,318.83,318.67,318.83,317.92,313.59,,,,,,,,,,,,,,,,,,,,,,,,,,,,,,,,,,,,,,,,,,,,,,,,,,,,70,153.1
1786129860,318.97,318.98,318.86,318.89,317.92,313.59,,,,,,,,,,,,,,,,,,,,,,,,,,,,,,,,,,,,,,,,,,,,,,,,,,,,228,163.85
1786129920,318.91,318.93,318.91,318.93,317.92,313.59,,,,,,,,,,,,,,,,,,,,,,,,,,,,,,,,,,,,,,,,,,,,,,,,,,,,94,163.35
1786129980,318.95,318.96,318.77,318.77,317.92,313.59,,,,,,,,,,,,,,,,,,,,,,,,,,,,,,,,,,,,,,,,,,,,,,,,,,,,256,174.15
1786130100,318.79,318.99,318.79,318.99,317.92,313.59,,,,,,,,,,,,,,,,,,,,,,,,,,,,,,,,,,,,,,,,,,,,,,,,,,,,183,169.95
1786130160,318.91,319.2,318.91,319.2,317.92,313.59,,,,,,,,,,,,,,,,,,,,,,,,,,,,,,,,,,,,,,,,,,,,,,,,,,,,208,178.45
1786130220,319.22,319.25,319.11,319.11,317.92,313.59,,,,,,,,,,,,,,,,,,,,,,,,,,,,,,,,,,,,,,,,,,,,,,,,,,,,690,208.3
1786130280,319.1,319.1,319.01,319.01,317.92,313.59,,,,,,,,,,,,,,,,,,,,,,,,,,,,,,,,,,,,,,,,,,,,,,,,,,,,209,205.7
1786130340,318.93,318.96,318.93,318.96,317.92,313.59,,,,,,,,,,,,,,,,,,,,,,,,,,,,,,,,,,,,,,,,,,,,,,,,,,,,262,216.4
1786130400,318.98,319,318.84,318.84,317.92,313.59,,,,,,,,,,,,,,,,,,,,,,,,,,,,,,,,,,,,,,,,,,,,,,,,,,,,288,219
1786130460,318.84,318.84,318.73,318.73,317.92,313.59,,,,,,,,,,,,,,,,,,,,,,,,,,,,,,,,,,,,,,,,,,,,,,,,,,,,347,221.15
1786130520,318.73,318.82,318.7,318.8,317.92,313.59,,,,,,,,,,,,,,,,,,,,,,,,,,,,,,,,,,,,,,,,,,,,,,,,,,,,818,234.6
1786130580,318.76,318.83,318.76,318.765,317.92,313.59,,,,,,,,,,,,,,,,,,,,,,,,,,,,,,,,,,,,,,,,,,,,,,,,,,,,216,241.6
1786130640,318.76,318.85,318.76,318.79,317.92,313.59,,,,,,,,,,,,,,,,,,,,,,,,,,,,,,,,,,,,,,,,,,,,,,,,,,,,458,262.7
1786130700,318.79,318.83,318.75,318.78,317.92,313.59,,,,,,,,,,,,,,,,,,,,,,,,,,,,,,,,,,,,,,,,,,,,,,,,,,,,248,262
1786130760,318.8,318.89,318.67,318.68,317.92,313.59,,,,,,,,,,,,,,,,,,,,,,,,,,,,,,,,,,,,,,,,,,,,,,,,,,,,282,268.7
1786130880,318.84,318.84,318.69,318.69,317.92,313.59,,,,,,,,,,,,,,,,,,,,,,,,,,,,,,,,,,,,,,,,,,,,,,,,,,,,99,261.8
1786130940,318.7,318.78,318.69,318.78,317.92,313.59,,,,,,,,,,,,,,,,,,,,,,,,,,,,,,,,,,,,,,,,,,,,,,,,,,,,480,285.45
1786131000,318.69,318.72,318.68,318.72,317.92,313.59,,,,,,,,,,,,,,,,,,,,,,,,,,,,,,,,,,,,,,,,,,,,,,,,,,,,294,292.65
1786131060,318.7,318.79,318.63,318.66,317.92,313.59,,,,,,,,,,,,,,,,,,,,,,,,,,,,,,,,,,,,,,,,,,,,,,,,,,,,717,322.35
1786131120,318.77,318.79,318.57,318.57,317.92,313.59,,,,,,,,,,,,,,,,,,,,,,,,,,,,,,,,,,,,,,,,,,,,,,,,,,,,1010,369.35
1786131180,318.565,318.78,318.565,318.73,317.92,313.59,,,,,,,,,,,,,,,,,,,,,,,,,,,,,,,,,,,,,,,,,,,,,,,,,,,,209,368.4
1786131240,318.82,318.82,318.755,318.755,317.92,313.59,,,,,,,,,,,,,,,,,,,,,,,,,,,,,,,,,,,,,,,,,,,,,,,,,,,,431,385.25
1786131300,318.58,318.71,318.58,318.71,317.92,313.59,,,,,,,,,,,,,,,,,,,,,,,,,,,,,,,,,,,,,,,,,,,,,,,,,,,,127,378.8
1786131360,318.58,318.65,318.57,318.63,317.92,313.59,,,,,,,,,,,,,,,,,,,,,,,,,,,,,,,,,,,,,,,,,,,,,,,,,,,,671,403.2
1786131420,318.71,318.76,318.7,318.7,317.92,313.59,,,,,,,,,,,,,,,,,,,,,,,,,,,,,,,,,,,,,,,,,,,,,,,,,,,,283,406.95
1786131480,318.79,318.86,318.65,318.68,317.92,313.59,,,,,,,,,,,,,,,,,,,,,,,,,,,,,,,,,,,,,,,,,,,,,,,,,,,,1544,449.65
1786131540,318.72,318.72,318.65,318.65,317.92,313.59,,,,,,,,,,,,,,,,,,,,,,,,,,,,,,,,,,,,,,,,,,,,,,,,,,,,252,451.8
1786131600,318.64,318.72,318.64,318.69,317.92,313.59,,,,,,,,,,,,,,,,,,,,,,,,,,,,,,,,,,,,,,,,,,,,,,,,,,,,177,447.55
1786131660,318.64,318.64,318.47,318.47,317.92,313.59,,,,,,,,,,,,,,,,,,,,,,,,,,,,,,,,,,,,,,,,,,,,,,,,,,,,195,442.9
1786131720,318.44,318.51,318.43,318.48,317.92,313.59,,,,,,,,,,,,,,,,,,,,,,,,,,,,,,,,,,,,,,,,,,,,,,,,,,,,395,445.3
1786131780,318.4,318.48,318.4,318.42,317.92,313.59,,,,,,,,,,,,,,,,,,,,,,,,,,,,,,,,,,,,,,,,,,,,,,,,,,,,202,414.5
1786131840,318.41,318.47,318.35,318.35,317.92,313.59,,,,,,,,,,,,,,,,,,,,,,,,,,,,,,,,,,,,,,,,,,,,,,,,,,,,269,417.15
1786131900,318.22,318.47,318.22,318.47,317.92,313.59,,,,,,,,,,,,,,,,,,,,,,,,,,,,,,,,,,,,,,,,,,,,,,,,,,,,558,422.15
1786131960,318.48,318.48,318.48,318.48,317.92,313.59,,,,,,,,,,,,,,,,,,,,,,,,,,,,,,,,,,,,,,,,,,,,,,,,,,,,2,409.85
1786132020,318.29,318.29,318.06,318.155,317.92,313.59,,,,,,,,,,,,,,,,,,,,,,,,,,,,,,,,,,,,,,,,,,,,,,,,,,,,1097,450.6
1786132080,318.22,318.26,318.17,318.18,317.92,313.59,,,,,,,,,,,,,,,,,,,,,,,,,,,,,,,,,,,,,,,,,,,,,,,,,,,,226,456.95
1786132140,318.26,318.39,318.24,318.39,317.92,313.59,,,,,,,,,,,,,,,,,,,,,,,,,,,,,,,,,,,,,,,,,,,,,,,,,,,,739,469.9
1786132200,318.3,318.32,317.98,317.98,317.92,313.59,,,,,,,,,,,,,,,,,,,,,,,,,,,,,,,,,,,,,,,,,,,,,,,,,,,,1051,507.75
1786132260,318.04,318.05,317.8,317.87,317.92,313.59,,,,,,,,,,,,,,,,,,,,,,,,,,,,,,,,,,,,,,,,,,,,,,,,,,,,799,511.85
1786132320,317.84,317.84,317.615,317.7,317.92,313.59,,,,,,,,,,,,,,,,,,,,,,,,,,,,,,,,,,,,,,,,,,,,,,,,,,,,380,480.35
1786132380,317.79,317.92,317.79,317.85,317.92,313.59,,,,,,,,,,,,,,,,,,,,,,,,,,,,,,,,,,,,,,,,,,,,,,,,,,,,1536,546.7
1786132440,317.835,317.91,317.63,317.63,317.92,313.59,,,,,,,,,,,,,,,,,,,,,,,,,,,,,,,,,,,,,,,,,,,,,,,,,,,,1474,598.85
1786132500,317.66,318.05,317.6,318.05,317.92,313.59,,,,,,,,,,,,,,,,,,,,,,,,,,,,,,,,,,,,,,,,,,,,,,,,,,,,1623,673.65
1786132560,318,318.125,317.91,317.99,317.92,313.59,,,,,,,,,,,,,,,,,,,,,,,,,,,,,,,,,,,,,,,,,,,,,,,,,,,,1400,710.1
1786132620,318.03,318.13,317.94,318.01,317.92,313.59,,,,,,,,,,,,,,,,,,,,,,,,,,,,,,,,,,,,,,,,,,,,,,,,,,,,2301,811
1786132680,318.04,318.57,318.04,318.57,317.92,313.59,,,,,,,,,,,,,,,,,,,,,,,,,,,,,,,,,,,,,,,,,,,,,,,,,,,,2185,843.05
1786132740,318.625,318.78,318.34,318.57,317.92,313.59,,,1,18,1,1786118700000,318.07,317.92,313.59,4.330000000000041,0.22778615719916703,0.4904580752664515,0.24365705662274884,0,1786118760000,1,0,,,,0,0,0,0,0,,,,0,0,0,0,0,,,,0,0,0,0,0,,,,0,0,0,0,,-1,18,3161,988.5
1786368600,317.5,317.505,316.72,316.72,317.505,316.72,,,,,,,,,,,,,,,,,,,,,,,,,,,,,,,,,,,,,,,,,,,,,,,,,,,,100,984.65
1786368660,317.7,317.7,317.7,317.7,317.7,316.72,,,,,,,,,,,,,,,,,,,,,,,,,,,,,,,,,,,,,,,,,,,,,,,,,,,,80,978.9
1786368720,317.82,318.34,317.82,318.34,318.34,316.72,,,,,,,,,,,,,,,,,,,,,,,,,,,,,,,,,,,,,,,,,,,,,,,,,,,,139,966.1
1786368780,318.35,318.35,318.22,318.22,318.35,316.72,,,,,,,,,,,,,,,,,,,,,,,,,,,,,,,,,,,,,,,,,,,,,,,,,,,,3,956.15
1786368840,318.4,318.89,318.4,318.89,318.89,316.72,,,,,,,,,,,,,,,,,,,,,,,,,,,,,,,,,,,,,,,,,,,,,,,,,,,,126,949
1786368900,318.89,319.05,318.73,318.99,319.05,316.72,,,,,,,,,,,,,,,,,,,,,,,,,,,,,,,,,,,,,,,,,,,,,,,,,,,,647,953.45
1786368960,319.15,319.38,319.135,319.135,319.38,316.72,,,,,,,,,,,,,,,,,,,,,,,,,,,,,,,,,,,,,,,,,,,,,,,,,,,,486,977.65
1786369080,319.38,319.67,319.32,319.66,319.67,316.72,,,,,,,,,,,,,,,,,,,,,,,,,,,,,,,,,,,,,,,,,,,,,,,,,,,,183,931.95
1786369140,319.69,319.69,319.48,319.48,319.69,316.72,,,,,,,,,,,,,,,,,,,,,,,,,,,,,,,,,,,,,,,,,,,,,,,,,,,,42,922.75
1786369200,319.64,319.65,319.19,319.19,319.69,316.72,,,,,,,,,,,,,,,,,,,,,,,,,,,,,,,,,,,,,,,,,,,,,,,,,,,,342,902.9
1786369260,319.18,319.18,319.15,319.15,319.69,316.72,,,,,,,,,,,,,,,,,,,,,,,,,,,,,,,,,,,,,,,,,,,,,,,,,,,,4,850.55
1786369380,319.5,319.65,319.45,319.455,319.69,316.72,,,,,,,,,,,,,,,,,,,,,,,,,,,,,,,,,,,,,,,,,,,,,,,,,,,,537,837.45
1786369440,319.53,319.53,319.2,319.2,319.69,316.72,,,,,,,,,,,,,,,,,,,,,,,,,,,,,,,,,,,,,,,,,,,,,,,,,,,,135,825.2
1786369500,318.615,318.615,318.615,318.615,319.69,316.72,,,,,,,,,,,,,,,,,,,,,,,,,,,,,,,,,,,,,,,,,,,,,,,,,,,,17,749.25
1786369560,318.72,318.72,318.72,318.72,319.69,316.72,,,,,,,,,,,,,,,,,,,,,,,,,,,,,,,,,,,,,,,,,,,,,,,,,,,,1,675.6
1786369620,318.6,318.6,318.55,318.55,319.69,316.72,,,,,,,,,,,,,,,,,,,,,,,,,,,,,,,,,,,,,,,,,,,,,,,,,,,,29,595.9
1786369680,318.76,318.96,318.76,318.96,319.69,316.72,,,,,,,,,,,,,,,,,,,,,,,,,,,,,,,,,,,,,,,,,,,,,,,,,,,,74,529.6
1786369740,318.88,318.88,318.88,318.88,319.69,316.72,,,,,,,,,,,,,,,,,,,,,,,,,,,,,,,,,,,,,,,,,,,,,,,,,,,,25,415.8
1786369800,318.77,319.27,318.76,319.27,319.69,316.72,,,,,,,,,,,,,,,,,,,,,,,,,,,,,,,,,,,,,,,,,,,,,,,,,,,,82,310.65
1786369920,319.65,319.91,319.46,319.46,319.69,316.72,,,,,,,,,,,,,,,,,,,,,,,,,,,,,,,,,,,,,,,,,,,,,,,,,,,,271,166.15
1786369980,319.95,320.55,319.95,320.4,319.69,316.72,,,,,,,,,,,,,,,,,,,,,,,,,,,,,,,,,,,,,,,,,,,,,,,,,,,,601,191.2
1786370100,320.75,320.75,320.75,320.75,319.69,316.72,,,,,,,,,,,,,,,,,,,,,,,,,,,,,,,,,,,,,,,,,,,,,,,,,,,,1,187.25
1786370160,320.86,321.25,320.86,321.02,319.69,316.72,,,,,,,,,,,,,,,,,,,,,,,,,,,,,,,,,,,,,,,,,,,,,,,,,,,,81,184.35
1786370280,321.25,321.25,320.81,320.82,319.69,316.72,,,,,,,,,,,,,,,,,,,,,,,,,,,,,,,,,,,,,,,,,,,,,,,,,,,,111,189.75
1786370340,320.82,321.42,320.67,321.42,319.69,316.72,,,,,,,,,,,,,,,,,,,,,,,,,,,,,,,,,,,,,,,,,,,,,,,,,,,,234,195.15
1786370400,321.31,321.52,321.31,321.52,319.69,316.72,,,,,,,,,,,,,,,,,,,,,,,,,,,,,,,,,,,,,,,,,,,,,,,,,,,,134,169.5
1786370460,321.64,321.77,321.64,321.68,319.69,316.72,,,,,,,,,,,,,,,,,,,,,,,,,,,,,,,,,,,,,,,,,,,,,,,,,,,,136,152
1786370520,321.77,322.09,321.77,322.09,319.69,316.72,,,,,,,,,,,,,,,,,,,,,,,,,,,,,,,,,,,,,,,,,,,,,,,,,,,,576,171.65
1786370580,322.27,322.5,322.27,322.385,319.69,316.72,,,,,,,,,,,,,,,,,,,,,,,,,,,,,,,,,,,,,,,,,,,,,,,,,,,,100,174.55
1786370640,322.63,322.79,322.32,322.32,319.69,316.72,,,,,,,,,,,,,,,,,,,,,,,,,,,,,,,,,,,,,,,,,,,,,,,,,,,,287,171.8
1786370700,322.21,322.21,321.97,321.97,319.69,316.72,,,,,,,,,,,,,,,,,,,,,,,,,,,,,,,,,,,,,,,,,,,,,,,,,,,,122,177.7
1786370760,321.73,321.73,321.7,321.71,319.69,316.72,,,,,,,,,,,,,,,,,,,,,,,,,,,,,,,,,,,,,,,,,,,,,,,,,,,,212,161.45
1786370820,321.97,322.16,321.97,322.16,319.69,316.72,,,,,,,,,,,,,,,,,,,,,,,,,,,,,,,,,,,,,,,,,,,,,,,,,,,,13,155.35
1786370880,321.87,321.93,321.87,321.88,319.69,316.72,,,,,,,,,,,,,,,,,,,,,,,,,,,,,,,,,,,,,,,,,,,,,,,,,,,,145,161.75
1786371000,321.88,321.88,321.61,321.7,319.69,316.72,,,,,,,,,,,,,,,,,,,,,,,,,,,,,,,,,,,,,,,,,,,,,,,,,,,,411,182.25
1786371060,321.61,321.61,321.38,321.54,319.69,316.72,,,,,,,,,,,,,,,,,,,,,,,,,,,,,,,,,,,,,,,,,,,,,,,,,,,,154,188.5
1786371120,321.37,321.37,321.14,321.14,319.69,316.72,,,,,,,,,,,,,,,,,,,,,,,,,,,,,,,,,,,,,,,,,,,,,,,,,,,,139,191.75
1786371180,321.05,321.29,321.05,321.29,319.69,316.72,,,,,,,,,,,,,,,,,,,,,,,,,,,,,,,,,,,,,,,,,,,,,,,,,,,,89,194.95
1786371240,321.05,321.05,320.76,320.76,319.69,316.72,,,,,,,,,,,,,,,,,,,,,,,,,,,,,,,,,,,,,,,,,,,,,,,,,,,,263,204
1786371300,320.99,321.3,320.96,321.3,319.69,316.72,,,,,,,,,,,,,,,,,,,,,,,,,,,,,,,,,,,,,,,,,,,,,,,,,,,,197,200.3
1786371420,321.49,321.6,321.45,321.45,319.69,316.72,,,,,,,,,,,,,,,,,,,,,,,,,,,,,,,,,,,,,,,,,,,,,,,,,,,,152,177.85
1786371480,321.36,321.455,321.05,321.455,319.69,316.72,,,,,,,,,,,,,,,,,,,,,,,,,,,,,,,,,,,,,,,,,,,,,,,,,,,,1195,237.55
1786371540,321.46,321.46,321.46,321.46,319.69,316.72,,,,,,,,,,,,,,,,,,,,,,,,,,,,,,,,,,,,,,,,,,,,,,,,,,,,5,233.75
1786371600,321.18,321.18,321.03,321.03,319.69,316.72,,,,,,,,,,,,,,,,,,,,,,,,,,,,,,,,,,,,,,,,,,,,,,,,,,,,128,234.6
1786371660,320.885,320.885,320.5,320.61,319.69,316.72,,,,,,,,,,,,,,,,,,,,,,,,,,,,,,,,,,,,,,,,,,,,,,,,,,,,206,233.2
1786371720,320.49,320.49,320.16,320.16,319.69,316.72,,,,,,,,,,,,,,,,,,,,,,,,,,,,,,,,,,,,,,,,,,,,,,,,,,,,470,250
1786371780,320.19,320.31,320.09,320.19,319.69,316.72,,,,,,,,,,,,,,,,,,,,,,,,,,,,,,,,,,,,,,,,,,,,,,,,,,,,154,250.9
1786371840,320.2,320.54,320.12,320.54,319.69,316.72,,,,,,,,,,,,,,,,,,,,,,,,,,,,,,,,,,,,,,,,,,,,,,,,,,,,328,238.5
1786371900,320.49,320.515,320.39,320.515,319.69,316.72,,,,,,,,,,,,,,,,,,,,,,,,,,,,,,,,,,,,,,,,,,,,,,,,,,,,64,236.7
1786371960,320.43,320.43,320.43,320.43,319.69,316.72,,,,,,,,,,,,,,,,,,,,,,,,,,,,,,,,,,,,,,,,,,,,,,,,,,,,2,222.45
1786372080,320.5,320.5,320.24,320.24,319.69,316.72,,,,,,,,,,,,,,,,,,,,,,,,,,,,,,,,,,,,,,,,,,,,,,,,,,,,162,224.45
1786372140,320.36,320.39,320.21,320.39,319.69,316.72,,,,,,,,,,,,,,,,,,,,,,,,,,,,,,,,,,,,,,,,,,,,,,,,,,,,128,220.25
1786372200,320.18,320.36,320.08,320.08,319.69,316.72,,,,,,,,,,,,,,,,,,,,,,,,,,,,,,,,,,,,,,,,,,,,,,,,,,,,280,233.6
1786372260,320.1,320.31,320,320.22,319.69,316.72,,,,,,,,,,,,,,,,,,,,,,,,,,,,,,,,,,,,,,,,,,,,,,,,,,,,102,231.45
1786372380,320.41,320.78,320.4,320.78,319.69,316.72,,,,,,,,,,,,,,,,,,,,,,,,,,,,,,,,,,,,,,,,,,,,,,,,,,,,105,216.15
1786372440,320.83,321.07,320.65,321.07,319.69,316.72,,,,,,,,,,,,,,,,,,,,,,,,,,,,,,,,,,,,,,,,,,,,,,,,,,,,228,219.85
1786372500,321.05,321.05,320.81,320.81,319.69,316.72,,,,,,,,,,,,,,,,,,,,,,,,,,,,,,,,,,,,,,,,,,,,,,,,,,,,117,218.75
1786372560,320.94,320.95,320.94,320.95,319.69,316.72,,,,,,,,,,,,,,,,,,,,,,,,,,,,,,,,,,,,,,,,,,,,,,,,,,,,51,216.85
1786372620,321.1,321.1,321.09,321.09,319.69,316.72,,,,,,,,,,,,,,,,,,,,,,,,,,,,,,,,,,,,,,,,,,,,,,,,,,,,68,207.1
1786372680,321.08,321.38,321.08,321.38,319.69,316.72,,,,,,,,,,,,,,,,,,,,,,,,,,,,,,,,,,,,,,,,,,,,,,,,,,,,80,201.25
1786372860,321.69,321.75,321.43,321.52,319.69,316.72,,,,,,,,,,,,,,,,,,,,,,,,,,,,,,,,,,,,,,,,,,,,,,,,,,,,260,206.65
1786372920,321.25,321.25,321.25,321.25,319.69,316.72,,,,,,,,,,,,,,,,,,,,,,,,,,,,,,,,,,,,,,,,,,,,,,,,,,,,20,147.9
1786372980,321.06,321.06,321.06,321.06,319.69,316.72,,,,,,,,,,,,,,,,,,,,,,,,,,,,,,,,,,,,,,,,,,,,,,,,,,,,22,148.75
1786373100,321.32,321.58,321.31,321.58,319.69,316.72,,,,,,,,,,,,,,,,,,,,,,,,,,,,,,,,,,,,,,,,,,,,,,,,,,,,95,147.1
1786373160,321.54,321.54,321.4,321.4,319.69,316.72,,,,,,,,,,,,,,,,,,,,,,,,,,,,,,,,,,,,,,,,,,,,,,,,,,,,141,143.85
1786373220,321.52,321.77,321.52,321.69,319.69,316.72,,,,,,,,,,,,,,,,,,,,,,,,,,,,,,,,,,,,,,,,,,,,,,,,,,,,161,128.4
1786373280,321.75,322.22,321.75,322.22,319.69,316.72,,,,,,,,,,,,,,,,,,,,,,,,,,,,,,,,,,,,,,,,,,,,,,,,,,,,86,125
1786373340,322.22,322.22,321.85,322.09,319.69,316.72,,,,,,,,,,,,,,,,,,,,,,,,,,,,,,,,,,,,,,,,,,,,,,,,,,,,454,131.3
1786373400,321.87,321.94,321.87,321.94,319.69,316.72,,,,,,,,,,,,,,,,,,,,,,,,,,,,,,,,,,,,,,,,,,,,,,,,,,,,102,133.2
1786373460,321.93,321.94,321.93,321.94,319.69,316.72,,,,,,,,,,,,,,,,,,,,,,,,,,,,,,,,,,,,,,,,,,,,,,,,,,,,2,133.2
1786373520,321.91,321.91,321.79,321.79,319.69,316.72,,,,,,,,,,,,,,,,,,,,,,,,,,,,,,,,,,,,,,,,,,,,,,,,,,,,153,132.75
1786373580,321.79,321.98,321.79,321.97,319.69,316.72,,,,,,,,,,,,,,,,,,,,,,,,,,,,,,,,,,,,,,,,,,,,,,,,,,,,169,134.8
1786373640,322.14,322.41,322.13,322.33,319.69,316.72,,,,,,,,,,,,,,,,,,,,,,,,,,,,,,,,,,,,,,,,,,,,,,,,,,,,88,125.2
1786373760,322.44,322.48,322.38,322.45,319.69,316.72,,,,,,,,,,,,,,,,,,,,,,,,,,,,,,,,,,,,,,,,,,,,,,,,,,,,124,126.3
1786373820,322.46,322.485,322.4,322.4,319.69,316.72,,,,,,,,,,,,,,,,,,,,,,,,,,,,,,,,,,,,,,,,,,,,,,,,,,,,195,130.8
1786373880,322.34,322.38,322.34,322.38,319.69,316.72,,,,,,,,,,,,,,,,,,,,,,,,,,,,,,,,,,,,,,,,,,,,,,,,,,,,60,122.4
1786373940,322.36,322.36,322.36,322.36,319.69,316.72,,,,,,,,,,,,,,,,,,,,,,,,,,,,,,,,,,,,,,,,,,,,,,,,,,,,49,119
1786374000,322.45,322.88,322.4,322.75,319.69,316.72,,,,,,,,,,,,,,,,,,,,,,,,,,,,,,,,,,,,,,,,,,,,,,,,,,,,498,141.35
1786374060,322.66,322.66,322.57,322.57,319.69,316.72,,,,,,,,,,,,,,,,,,,,,,,,,,,,,,,,,,,,,,,,,,,,,,,,,,,,140,144.95
1786374120,322.51,322.51,322.51,322.51,319.69,316.72,,,,,,,,,,,,,,,,,,,,,,,,,,,,,,,,,,,,,,,,,,,,,,,,,,,,51,143.5
1786374240,322.38,322.43,322.28,322.39,319.69,316.72,,,,,,,,,,,,,,,,,,,,,,,,,,,,,,,,,,,,,,,,,,,,,,,,,,,,196,140.3
1786374300,322.41,322.42,322.41,322.41,319.69,316.72,,,,,,,,,,,,,,,,,,,,,,,,,,,,,,,,,,,,,,,,,,,,,,,,,,,,58,142.2
1786374360,322.47,322.59,322.47,322.585,319.69,316.72,,,,,,,,,,,,,,,,,,,,,,,,,,,,,,,,,,,,,,,,,,,,,,,,,,,,32,142.7
1786374420,322.45,322.6,322.3,322.6,319.69,316.72,,,,,,,,,,,,,,,,,,,,,,,,,,,,,,,,,,,,,,,,,,,,,,,,,,,,550,165.45
1786374480,322.6,322.79,322.59,322.59,319.69,316.72,,,,,,,,,,,,,,,,,,,,,,,,,,,,,,,,,,,,,,,,,,,,,,,,,,,,271,171.95
1786374540,322.65,322.84,322.59,322.75,319.69,316.72,,,,,,,,,,,,,,,,,,,,,,,,,,,,,,,,,,,,,,,,,,,,,,,,,,,,93,168.55
1786374600,322.62,322.62,322.24,322.24,319.69,316.72,,,,,,,,,,,,,,,,,,,,,,,,,,,,,,,,,,,,,,,,,,,,,,,,,,,,279,178.2
1786374660,322.36,322.41,322.36,322.41,319.69,316.72,,,,,,,,,,,,,,,,,,,,,,,,,,,,,,,,,,,,,,,,,,,,,,,,,,,,2,155.6
1786374720,322.395,322.51,322.395,322.51,319.69,316.72,,,,,,,,,,,,,,,,,,,,,,,,,,,,,,,,,,,,,,,,,,,,,,,,,,,,136,157.3
1786374780,322.59,322.59,322.56,322.59,319.69,316.72,,,,,,,,,,,,,,,,,,,,,,,,,,,,,,,,,,,,,,,,,,,,,,,,,,,,119,163.15
1786374840,322.54,322.54,322.34,322.34,319.69,316.72,,,,,,,,,,,,,,,,,,,,,,,,,,,,,,,,,,,,,,,,,,,,,,,,,,,,161,163.55
1786374900,322.49,322.66,322.49,322.66,319.69,316.72,,,,,,,,,,,,,,,,,,,,,,,,,,,,,,,,,,,,,,,,,,,,,,,,,,,,48,157.5
1786374960,322.68,322.71,322.62,322.62,319.69,316.72,,,,,,,,,,,,,,,,,,,,,,,,,,,,,,,,,,,,,,,,,,,,,,,,,,,,295,167.85
1786375020,322.645,322.645,322.645,322.645,319.69,316.72,,,,,,,,,,,,,,,,,,,,,,,,,,,,,,,,,,,,,,,,,,,,,,,,,,,,50,164.15
1786375080,322.74,323.18,322.74,323.18,319.69,316.72,,,,,,,,,,,,,,,,,,,,,,,,,,,,,,,,,,,,,,,,,,,,,,,,,,,,606,184.7
1786375140,323.18,323.18,323.15,323.15,319.69,316.72,,,,,,,,,,,,,,,,,,,,,,,,,,,,,,,,,,,,,,,,,,,,,,,,,,,,84,185.9
1786375200,323.32,323.34,323.3,323.34,319.69,316.72,,,,,,,,,,,,,,,,,,,,,,,,,,,,,,,,,,,,,,,,,,,,,,,,,,,,13,184.1
1786375260,323.4,323.41,323.39,323.41,319.69,316.72,,,,,,,,,,,,,,,,,,,,,,,,,,,,,,,,,,,,,,,,,,,,,,,,,,,,59,162.15
1786375320,323.54,323.87,323.53,323.69,319.69,316.72,,,,,,,,,,,,,,,,,,,,,,,,,,,,,,,,,,,,,,,,,,,,,,,,,,,,357,173
1786375380,323.825,323.825,323.8,323.8,319.69,316.72,,,,,,,,,,,,,,,,,,,,,,,,,,,,,,,,,,,,,,,,,,,,,,,,,,,,24,171.65
1786375440,323.98,324.17,323.97,323.97,319.69,316.72,,,,,,,,,,,,,,,,,,,,,,,,,,,,,,,,,,,,,,,,,,,,,,,,,,,,329,178.3
1786375500,323.8,323.86,323.67,323.86,319.69,316.72,,,,,,,,,,,,,,,,,,,,,,,,,,,,,,,,,,,,,,,,,,,,,,,,,,,,115,181.15
1786375620,323.9,323.9,323.9,323.9,319.69,316.72,,,,,,,,,,,,,,,,,,,,,,,,,,,,,,,,,,,,,,,,,,,,,,,,,,,,25,180.8
1786375680,323.89,323.98,323.68,323.68,319.69,316.72,,,,,,,,,,,,,,,,,,,,,,,,,,,,,,,,,,,,,,,,,,,,,,,,,,,,1209,213.75
1786375800,323.76,323.94,323.76,323.94,319.69,316.72,,,,,,,,,,,,,,,,,,,,,,,,,,,,,,,,,,,,,,,,,,,,,,,,,,,,73,203.85
1786375860,323.95,323.95,323.94,323.94,319.69,316.72,,,,,,,,,,,,,,,,,,,,,,,,,,,,,,,,,,,,,,,,,,,,,,,,,,,,56,202
1786375920,323.94,324.05,323.85,323.85,319.69,316.72,,,,,,,,,,,,,,,,,,,,,,,,,,,,,,,,,,,,,,,,,,,,,,,,,,,,307,203.4
1786375980,323.91,324,323.9,323.9,319.69,316.72,,,,,,,,,,,,,,,,,,,,,,,,,,,,,,,,,,,,,,,,,,,,,,,,,,,,62,206.4
1786376040,324.03,324.03,324.03,324.03,319.69,316.72,,,,,,,,,,,,,,,,,,,,,,,,,,,,,,,,,,,,,,,,,,,,,,,,,,,,1,199.65
1786376160,324.02,324.02,324.02,324.02,319.69,316.72,,,,,,,,,,,,,,,,,,,,,,,,,,,,,,,,,,,,,,,,,,,,,,,,,,,,1,193.75
1786376220,324.04,324.04,324.04,324.04,319.69,316.72,,,,,,,,,,,,,,,,,,,,,,,,,,,,,,,,,,,,,,,,,,,,,,,,,,,,30,187.2
1786376280,324.05,324.18,324.05,324.18,319.69,316.72,,,,,,,,,,,,,,,,,,,,,,,,,,,,,,,,,,,,,,,,,,,,,,,,,,,,72,188.4
1786376340,324.23,324.33,324.21,324.21,319.69,316.72,,,,,,,,,,,,,,,,,,,,,,,,,,,,,,,,,,,,,,,,,,,,,,,,,,,,598,203.55
1786376400,324.15,324.15,324.15,324.15,319.69,316.72,,,,,,,,,,,,,,,,,,,,,,,,,,,,,,,,,,,,,,,,,,,,,,,,,,,,370,219.55
1786376460,324.2,324.3,324.2,324.25,319.69,316.72,,,,,,,,,,,,,,,,,,,,,,,,,,,,,,,,,,,,,,,,,,,,,,,,,,,,280,203.25
1786376520,324.2,324.41,324.19,324.41,319.69,316.72,,,,,,,,,,,,,,,,,,,,,,,,,,,,,,,,,,,,,,,,,,,,,,,,,,,,522,225.15
1786376580,324.6,324.78,324.59,324.78,319.69,316.72,,,,,,,,,,,,,,,,,,,,,,,,,,,,,,,,,,,,,,,,,,,,,,,,,,,,108,229.9
1786376640,324.74,324.75,324.67,324.67,319.69,316.72,,,,,,,,,,,,,,,,,,,,,,,,,,,,,,,,,,,,,,,,,,,,,,,,,,,,131,233.5
1786376700,324.82,324.93,324.81,324.81,319.69,316.72,,,,,,,,,,,,,,,,,,,,,,,,,,,,,,,,,,,,,,,,,,,,,,,,,,,,372,234.25
1786376760,324.82,324.82,324.57,324.57,319.69,316.72,,,,,,,,,,,,,,,,,,,,,,,,,,,,,,,,,,,,,,,,,,,,,,,,,,,,120,239.05
1786376820,324.54,324.54,324.54,324.54,319.69,316.72,,,,,,,,,,,,,,,,,,,,,,,,,,,,,,,,,,,,,,,,,,,,,,,,,,,,80,226.6
1786376880,324.63,324.74,324.63,324.74,319.69,316.72,,,,,,,,,,,,,,,,,,,,,,,,,,,,,,,,,,,,,,,,,,,,,,,,,,,,89,225.3
1786377000,324.62,324.62,324.57,324.57,319.69,316.72,,,,,,,,,,,,,,,,,,,,,,,,,,,,,,,,,,,,,,,,,,,,,,,,,,,,28,225.45
1786377060,324.65,325.12,324.65,325.12,319.69,316.72,,,,,,,,,,,,,,,,,,,,,,,,,,,,,,,,,,,,,,,,,,,,,,,,,,,,762,203.1
1786377120,325.21,325.21,325,325,319.69,316.72,,,,,,,,,,,,,,,,,,,,,,,,,,,,,,,,,,,,,,,,,,,,,,,,,,,,791,239
1786377180,325.24,325.43,325.18,325.43,319.69,316.72,,,,,,,,,,,,,,,,,,,,,,,,,,,,,,,,,,,,,,,,,,,,,,,,,,,,253,248.85
1786377240,325.41,325.44,325.4,325.4,319.69,316.72,,,,,,,,,,,,,,,,,,,,,,,,,,,,,,,,,,,,,,,,,,,,,,,,,,,,438,255.4
1786377300,325.5,325.54,325.38,325.38,319.69,316.72,,,,,,,,,,,,,,,,,,,,,,,,,,,,,,,,,,,,,,,,,,,,,,,,,,,,697,287.15
1786377360,325.65,325.65,325.65,325.65,319.69,316.72,,,,,,,,,,,,,,,,,,,,,,,,,,,,,,,,,,,,,,,,,,,,,,,,,,,,50,289.6
1786377420,325.625,325.625,325.14,325.29,319.69,316.72,,,,,,,,,,,,,,,,,,,,,,,,,,,,,,,,,,,,,,,,,,,,,,,,,,,,507,314.9
1786377480,325.32,325.5,325.32,325.34,319.69,316.72,,,,,,,,,,,,,,,,,,,,,,,,,,,,,,,,,,,,,,,,,,,,,,,,,,,,287,327.75
1786377540,325.22,325.34,325.22,325.34,319.69,316.72,,,,,,,,,,,,,,,,,,,,,,,,,,,,,,,,,,,,,,,,,,,,,,,,,,,,31,325.7
1786377600,325.32,325.32,325.32,325.32,319.69,316.72,,,,,,,,,,,,,,,,,,,,,,,,,,,,,,,,,,,,,,,,,,,,,,,,,,,,3,295.95
1786377660,325.26,325.27,325.21,325.22,319.69,316.72,,,,,,,,,,,,,,,,,,,,,,,,,,,,,,,,,,,,,,,,,,,,,,,,,,,,714,313.15
1786377720,325.24,325.24,324.99,324.99,319.69,316.72,,,,,,,,,,,,,,,,,,,,,,,,,,,,,,,,,,,,,,,,,,,,,,,,,,,,33,300.8
1786377780,324.95,325.005,324.93,325.005,319.69,316.72,,,,,,,,,,,,,,,,,,,,,,,,,,,,,,,,,,,,,,,,,,,,,,,,,,,,401,294.75
1786377840,325.01,325.01,325.01,325.01,319.69,316.72,,,,,,,,,,,,,,,,,,,,,,,,,,,,,,,,,,,,,,,,,,,,,,,,,,,,50,291.85
1786377900,325.1,325.51,325.1,325.51,319.69,316.72,,,,,,,,,,,,,,,,,,,,,,,,,,,,,,,,,,,,,,,,,,,,,,,,,,,,119,291.25
1786377960,325.57,326.11,325.57,325.91,319.69,316.72,,,,,,,,,,,,,,,,,,,,,,,,,,,,,,,,,,,,,,,,,,,,,,,,,,,,414,293.35
1786378020,326.02,326.02,325.72,325.815,319.69,316.72,,,,,,,,,,,,,,,,,,,,,,,,,,,,,,,,,,,,,,,,,,,,,,,,,,,,486,311.65
1786378080,325.75,325.75,325.64,325.64,319.69,316.72,,,,,,,,,,,,,,,,,,,,,,,,,,,,,,,,,,,,,,,,,,,,,,,,,,,,380,326.65
1786378140,325.54,325.55,325.54,325.55,319.69,316.72,,,,,,,,,,,,,,,,,,,,,,,,,,,,,,,,,,,,,,,,,,,,,,,,,,,,99,327.15
1786378200,325.62,325.66,325.53,325.53,319.69,316.72,,,,,,,,,,,,,,,,,,,,,,,,,,,,,,,,,,,,,,,,,,,,,,,,,,,,492,350.35
1786378320,325.7,325.7,325.47,325.52,319.69,316.72,,,,,,,,,,,,,,,,,,,,,,,,,,,,,,,,,,,,,,,,,,,,,,,,,,,,281,326.3
1786378380,325.45,325.52,325.35,325.44,319.69,316.72,,,,,,,,,,,,,,,,,,,,,,,,,,,,,,,,,,,,,,,,,,,,,,,,,,,,165,295
1786378440,325.51,325.51,325.37,325.44,319.69,316.72,,,,,,,,,,,,,,,,,,,,,,,,,,,,,,,,,,,,,,,,,,,,,,,,,,,,47,284.7
1786378500,325.35,325.39,325.28,325.33,319.69,316.72,,,,,,,,,,,,,,,,,,,,,,,,,,,,,,,,,,,,,,,,,,,,,,,,,,,,432,284.4
1786378560,325.52,325.52,325.24,325.24,319.69,316.72,,,,,,,,,,,,,,,,,,,,,,,,,,,,,,,,,,,,,,,,,,,,,,,,,,,,382,268.65
1786378620,325.34,325.34,325.33,325.34,319.69,316.72,,,,,,,,,,,,,,,,,,,,,,,,,,,,,,,,,,,,,,,,,,,,,,,,,,,,117,272
1786378680,325.31,325.31,324.79,324.79,319.69,316.72,,,,,,,,,,,,,,,,,,,,,,,,,,,,,,,,,,,,,,,,,,,,,,,,,,,,866,289.95
1786378740,324.795,324.795,324.67,324.67,319.69,316.72,,,,,,,,,,,,,,,,,,,,,,,,,,,,,,,,,,,,,,,,,,,,,,,,,,,,71,279.15
1786378800,324.73,324.75,324.73,324.75,319.69,316.72,,,,,,,,,,,,,,,,,,,,,,,,,,,,,,,,,,,,,,,,,,,,,,,,,,,,31,279.15
1786378860,324.7,324.7,324.7,324.7,319.69,316.72,,,,,,,,,,,,,,,,,,,,,,,,,,,,,,,,,,,,,,,,,,,,,,,,,,,,1,279.05
1786378980,324.68,324.68,324.605,324.61,319.69,316.72,,,,,,,,,,,,,,,,,,,,,,,,,,,,,,,,,,,,,,,,,,,,,,,,,,,,173,252
1786379100,324.66,324.66,324.66,324.66,319.69,316.72,,,,,,,,,,,,,,,,,,,,,,,,,,,,,,,,,,,,,,,,,,,,,,,,,,,,44,252.55
1786379160,324.55,324.55,324.55,324.55,319.69,316.72,,,,,,,,,,,,,,,,,,,,,,,,,,,,,,,,,,,,,,,,,,,,,,,,,,,,20,233.5
1786379220,324.67,324.67,324.54,324.54,319.69,316.72,,,,,,,,,,,,,,,,,,,,,,,,,,,,,,,,,,,,,,,,,,,,,,,,,,,,103,236.15
1786379280,324.58,324.7,324.53,324.7,319.69,316.72,,,,,,,,,,,,,,,,,,,,,,,,,,,,,,,,,,,,,,,,,,,,,,,,,,,,157,238.05
1786379340,324.81,324.81,324.81,324.81,319.69,316.72,,,,,,,,,,,,,,,,,,,,,,,,,,,,,,,,,,,,,,,,,,,,,,,,,,,,1,217.4
1786379400,324.81,324.85,324.7,324.7,319.69,316.72,,,,,,,,,,,,,,,,,,,,,,,,,,,,,,,,,,,,,,,,,,,,,,,,,,,,134,199.8
1786379460,324.67,324.67,324.35,324.47,319.69,316.72,,,,,,,,,,,,,,,,,,,,,,,,,,,,,,,,,,,,,,,,,,,,,,,,,,,,488,205.2
1786379520,324.45,324.53,323.97,324.53,319.69,316.72,,,,,,,,,,,,,,,,,,,,,,,,,,,,,,,,,,,,,,,,,,,,,,,,,,,,269,213.7
1786379640,324.75,324.87,324.75,324.87,319.69,316.72,,,,,,,,,,,,,,,,,,,,,,,,,,,,,,,,,,,,,,,,,,,,,,,,,,,,36,190.9
1786379700,324.85,325.04,324.75,324.96,319.69,316.72,,,,,,,,,,,,,,,,,,,,,,,,,,,,,,,,,,,,,,,,,,,,,,,,,,,,200,186.85
1786379760,325,325.05,324.96,324.96,319.69,316.72,,,,,,,,,,,,,,,,,,,,,,,,,,,,,,,,,,,,,,,,,,,,,,,,,,,,178,187.5
1786379820,324.91,324.95,324.91,324.95,319.69,316.72,,,,,,,,,,,,,,,,,,,,,,,,,,,,,,,,,,,,,,,,,,,,,,,,,,,,62,188.25
1786379880,324.92,325.105,324.92,325.105,319.69,316.72,,,,,,,,,,,,,,,,,,,,,,,,,,,,,,,,,,,,,,,,,,,,,,,,,,,,54,169.35
1786379940,325.23,325.23,324.97,325.01,319.69,316.72,,,,,,,,,,,,,,,,,,,,,,,,,,,,,,,,,,,,,,,,,,,,,,,,,,,,133,156.9
1786380000,325.13,325.13,324.92,324.92,319.69,316.72,,,,,,,,,,,,,,,,,,,,,,,,,,,,,,,,,,,,,,,,,,,,,,,,,,,,803,191.2
1786380060,324.95,324.95,324.865,324.865,319.69,316.72,,,,,,,,,,,,,,,,,,,,,,,,,,,,,,,,,,,,,,,,,,,,,,,,,,,,413,168.55
1786380120,324.865,324.865,324.75,324.75,319.69,316.72,,,,,,,,,,,,,,,,,,,,,,,,,,,,,,,,,,,,,,,,,,,,,,,,,,,,180,174
1786380180,324.74,324.74,324.73,324.73,319.69,316.72,,,,,,,,,,,,,,,,,,,,,,,,,,,,,,,,,,,,,,,,,,,,,,,,,,,,163,180.6
1786380300,324.45,324.58,324.45,324.58,319.69,316.72,,,,,,,,,,,,,,,,,,,,,,,,,,,,,,,,,,,,,,,,,,,,,,,,,,,,16,181.35
1786380360,324.58,324.73,324.53,324.67,319.69,316.72,,,,,,,,,,,,,,,,,,,,,,,,,,,,,,,,,,,,,,,,,,,,,,,,,,,,515,198.45
1786380420,324.79,324.82,324.76,324.81,319.69,316.72,,,,,,,,,,,,,,,,,,,,,,,,,,,,,,,,,,,,,,,,,,,,,,,,,,,,17,197.1
1786380480,324.78,324.88,324.78,324.82,319.69,316.72,,,,,,,,,,,,,,,,,,,,,,,,,,,,,,,,,,,,,,,,,,,,,,,,,,,,143,203.25
1786380600,324.84,324.84,324.8,324.8,319.69,316.72,,,,,,,,,,,,,,,,,,,,,,,,,,,,,,,,,,,,,,,,,,,,,,,,,,,,70,201.6
1786380660,324.77,324.77,324.63,324.63,319.69,316.72,,,,,,,,,,,,,,,,,,,,,,,,,,,,,,,,,,,,,,,,,,,,,,,,,,,,667,227.1
1786380780,324.6,324.6,324.6,324.6,319.69,316.72,,,,,,,,,,,,,,,,,,,,,,,,,,,,,,,,,,,,,,,,,,,,,,,,,,,,40,229.05
1786380900,324.51,324.51,324.37,324.37,319.69,316.72,,,,,,,,,,,,,,,,,,,,,,,,,,,,,,,,,,,,,,,,,,,,,,,,,,,,237,234.2
1786381080,324.29,324.29,324.29,324.29,319.69,316.72,,,,,,,,,,,,,,,,,,,,,,,,,,,,,,,,,,,,,,,,,,,,,,,,,,,,61,212.85
1786381140,324.36,324.36,324.05,324.05,319.69,316.72,,,,,,,,,,,,,,,,,,,,,,,,,,,,,,,,,,,,,,,,,,,,,,,,,,,,443,221.55
1786381200,323.95,323.95,323.95,323.95,319.69,316.72,,,,,,,,,,,,,,,,,,,,,,,,,,,,,,,,,,,,,,,,,,,,,,,,,,,,15,220.5
1786381260,323.86,323.86,323.8,323.8,319.69,316.72,,,,,,,,,,,,,,,,,,,,,,,,,,,,,,,,,,,,,,,,,,,,,,,,,,,,196,220.3
1786381320,323.83,323.83,323.59,323.59,319.69,316.72,,,,,,,,,,,,,,,,,,,,,,,,,,,,,,,,,,,,,,,,,,,,,,,,,,,,724,247.6
1786381380,323.52,323.6,323.45,323.45,319.69,316.72,,,,,,,,,,,,,,,,,,,,,,,,,,,,,,,,,,,,,,,,,,,,,,,,,,,,569,272.95
1786381440,323.4,323.4,323.4,323.4,319.69,316.72,,,,,,,,,,,,,,,,,,,,,,,,,,,,,,,,,,,,,,,,,,,,,,,,,,,,5,270.5
1786381560,323.63,323.65,323.63,323.65,319.69,316.72,,,,,,,,,,,,,,,,,,,,,,,,,,,,,,,,,,,,,,,,,,,,,,,,,,,,36,265.65
1786381620,323.49,323.5,323.45,323.5,319.69,316.72,,,,,,,,,,,,,,,,,,,,,,,,,,,,,,,,,,,,,,,,,,,,,,,,,,,,308,240.9
1786381680,323.45,323.45,323.42,323.42,319.69,316.72,,,,,,,,,,,,,,,,,,,,,,,,,,,,,,,,,,,,,,,,,,,,,,,,,,,,228,231.65
1786381800,323.53,323.63,323.34,323.34,319.69,316.72,,,,,,,,,,,,,,,,,,,,,,,,,,,,,,,,,,,,,,,,,,,,,,,,,,,,462,245.75
1786381860,323.29,323.42,323.29,323.34,319.69,316.72,,,,,,,,,,,,,,,,,,,,,,,,,,,,,,,,,,,,,,,,,,,,,,,,,,,,166,245.9
1786381980,323.34,323.34,323.34,323.34,319.69,316.72,,,,,,,,,,,,,,,,,,,,,,,,,,,,,,,,,,,,,,,,,,,,,,,,,,,,20,246.1
1786382220,323.33,323.4,323.28,323.4,319.69,316.72,,,,,,,,,,,,,,,,,,,,,,,,,,,,,,,,,,,,,,,,,,,,,,,,,,,,272,233.95
1786382280,323.39,323.39,323.29,323.29,319.69,316.72,,,,,,,,,,,,,,,,,,,,,,,,,,,,,,,,,,,,,,,,,,,,,,,,,,,,348,250.5
1786382340,323.33,323.34,323.33,323.34,319.69,316.72,,,,,,,,,,,,,,,,,,,,,,,,,,,,,,,,,,,,,,,,,,,,,,,,,,,,77,247.2
1786382400,323.26,323.27,323.26,323.27,319.69,316.72,,,,,,,,,,,,,,,,,,,,,,,,,,,,,,,,,,,,,,,,,,,,,,,,,,,,2,243.8
1786382520,323.27,323.27,323.27,323.27,319.69,316.72,,,,,,,,,,,,,,,,,,,,,,,,,,,,,,,,,,,,,,,,,,,,,,,,,,,,40,212.45
1786382580,323.28,323.28,323.26,323.26,319.69,316.72,,,,,,,,,,,,,,,,,,,,,,,,,,,,,,,,,,,,,,,,,,,,,,,,,,,,78,214.35
1786382640,323.24,323.24,323.19,323.21,319.69,316.72,,,,,,,,,,,,,,,,,,,,,,,,,,,,,,,,,,,,,,,,,,,,,,,,,,,,87,206.85
1786382700,323.28,323.61,323.28,323.57,319.69,316.72,,,,,,,,,,,,,,,,,,,,,,,,,,,,,,,,,,,,,,,,,,,,,,,,,,,,315,219.55
1786382760,323.55,323.88,323.52,323.82,319.69,316.72,,,,,,,,,,,,,,,,,,,,,,,,,,,,,,,,,,,,,,,,,,,,,,,,,,,,576,226.2
1786382820,323.87,323.95,323.87,323.945,319.69,316.72,,,,,,,,,,,,,,,,,,,,,,,,,,,,,,,,,,,,,,,,,,,,,,,,,,,,6,225.75
1786382880,323.88,323.88,323.88,323.88,319.69,316.72,,,,,,,,,,,,,,,,,,,,,,,,,,,,,,,,,,,,,,,,,,,,,,,,,,,,2,216.05
1786382940,323.8,324.16,323.77,324.05,319.69,316.72,,,,,,,,,,,,,,,,,,,,,,,,,,,,,,,,,,,,,,,,,,,,,,,,,,,,434,201.55
1786383000,323.98,324.05,323.98,324.05,319.69,316.72,,,,,,,,,,,,,,,,,,,,,,,,,,,,,,,,,,,,,,,,,,,,,,,,,,,,551,200.65
1786383060,323.96,323.96,323.78,323.78,319.69,316.72,,,,,,,,,,,,,,,,,,,,,,,,,,,,,,,,,,,,,,,,,,,,,,,,,,,,356,218.2
1786383120,323.87,323.87,323.87,323.87,319.69,316.72,,,,,,,,,,,,,,,,,,,,,,,,,,,,,,,,,,,,,,,,,,,,,,,,,,,,4,216.6
1786383180,324.02,324.02,323.98,323.98,319.69,316.72,,,,,,,,,,,,,,,,,,,,,,,,,,,,,,,,,,,,,,,,,,,,,,,,,,,,23,202.35
1786383240,323.84,323.86,323.82,323.86,319.69,316.72,,,,,,,,,,,,,,,,,,,,,,,,,,,,,,,,,,,,,,,,,,,,,,,,,,,,166,199.25
1786383300,323.98,324.03,323.92,323.94,319.69,316.72,,,,,,,,,,,,,,,,,,,,,,,,,,,,,,,,,,,,,,,,,,,,,,,,,,,,218,187.05
1786383420,324.04,324.1,324.04,324.1,319.69,316.72,,,,,,,,,,,,,,,,,,,,,,,,,,,,,,,,,,,,,,,,,,,,,,,,,,,,119,184.7
1786383480,324.07,324.26,324.07,324.23,319.69,316.72,,,,,,,,,,,,,,,,,,,,,,,,,,,,,,,,,,,,,,,,,,,,,,,,,,,,90,188.2
1786383600,324.27,324.3,324.13,324.23,319.69,316.72,,,,,,,,,,,,,,,,,,,,,,,,,,,,,,,,,,,,,,,,,,,,,,,,,,,,267,187.95
1786383660,324.4,324.4,324.23,324.23,319.69,316.72,,,,,,,,,,,,,,,,,,,,,,,,,,,,,,,,,,,,,,,,,,,,,,,,,,,,72,174.15
1786383720,324.22,324.22,324.04,324.14,319.69,316.72,,,,,,,,,,,,,,,,,,,,,,,,,,,,,,,,,,,,,,,,,,,,,,,,,,,,661,203.35
1786383840,324.13,324.13,324.08,324.08,319.69,316.72,,,,,,,,,,,,,,,,,,,,,,,,,,,,,,,,,,,,,,,,,,,,,,,,,,,,41,205.3
1786383900,324.12,324.17,324.08,324.17,319.69,316.72,,,,,,,,,,,,,,,,,,,,,,,,,,,,,,,,,,,,,,,,,,,,,,,,,,,,27,204.65
1786383960,324.17,324.25,324.12,324.25,319.69,316.72,,,,,,,,,,,,,,,,,,,,,,,,,,,,,,,,,,,,,,,,,,,,,,,,,,,,615,231.5
1786384020,324.13,324.13,324.12,324.13,319.69,316.72,,,,,,,,,,,,,,,,,,,,,,,,,,,,,,,,,,,,,,,,,,,,,,,,,,,,25,228.4
1786384080,324.32,324.4,324.32,324.33,319.69,316.72,,,,,,,,,,,,,,,,,,,,,,,,,,,,,,,,,,,,,,,,,,,,,,,,,,,,128,219.05
1786384140,324.37,324.37,324.37,324.37,319.69,316.72,,,,,,,,,,,,,,,,,,,,,,,,,,,,,,,,,,,,,,,,,,,,,,,,,,,,19,191.2
1786384200,324.34,324.37,324.32,324.37,319.69,316.72,,,,,,,,,,,,,,,,,,,,,,,,,,,,,,,,,,,,,,,,,,,,,,,,,,,,167,199.25
1786384260,324.37,324.4,324.35,324.35,319.69,316.72,,,,,,,,,,,,,,,,,,,,,,,,,,,,,,,,,,,,,,,,,,,,,,,,,,,,446,221.45
1786384320,324.36,324.37,324.29,324.29,319.69,316.72,,,,,,,,,,,,,,,,,,,,,,,,,,,,,,,,,,,,,,,,,,,,,,,,,,,,264,212.95
1786384380,324.28,324.28,324.28,324.28,319.69,316.72,,,,,,,,,,,,,,,,,,,,,,,,,,,,,,,,,,,,,,,,,,,,,,,,,,,,46,187.7
1786384440,324.27,324.46,324.27,324.46,319.69,316.72,,,,,,,,,,,,,,,,,,,,,,,,,,,,,,,,,,,,,,,,,,,,,,,,,,,,179,178.85
1786384500,324.655,324.67,324.54,324.67,319.69,316.72,,,,,,,,,,,,,,,,,,,,,,,,,,,,,,,,,,,,,,,,,,,,,,,,,,,,87,183
1786384560,324.64,324.69,324.63,324.67,319.69,316.72,,,,,,,,,,,,,,,,,,,,,,,,,,,,,,,,,,,,,,,,,,,,,,,,,,,,588,211.25
1786384620,324.6,324.8,324.57,324.57,319.69,316.72,,,,,,,,,,,,,,,,,,,,,,,,,,,,,,,,,,,,,,,,,,,,,,,,,,,,151,210.5
1786384680,324.57,324.64,324.55,324.63,319.69,316.72,,,,,,,,,,,,,,,,,,,,,,,,,,,,,,,,,,,,,,,,,,,,,,,,,,,,302,214.7
1786384740,324.51,324.51,324.46,324.48,319.69,316.72,,,,,,,,,,,,,,,,,,,,,,,,,,,,,,,,,,,,,,,,,,,,,,,,,,,,154,216.45
1786384800,324.41,324.56,324.41,324.45,319.69,316.72,,,,,,,,,,,,,,,,,,,,,,,,,,,,,,,,,,,,,,,,,,,,,,,,,,,,172,220.55
1786384860,324.48,324.49,324.48,324.49,319.69,316.72,,,,,,,,,,,,,,,,,,,,,,,,,,,,,,,,,,,,,,,,,,,,,,,,,,,,11,207.75
1786384920,324.55,324.62,324.52,324.52,319.69,316.72,,,,,,,,,,,,,,,,,,,,,,,,,,,,,,,,,,,,,,,,,,,,,,,,,,,,39,206.1
1786384980,324.555,324.74,324.555,324.7,319.69,316.72,,,,,,,,,,,,,,,,,,,,,,,,,,,,,,,,,,,,,,,,,,,,,,,,,,,,169,181.5
1786385040,324.71,324.71,324.65,324.65,319.69,316.72,,,,,,,,,,,,,,,,,,,,,,,,,,,,,,,,,,,,,,,,,,,,,,,,,,,,149,186.9
1786385100,324.72,324.84,324.72,324.81,319.69,316.72,,,,,,,,,,,,,,,,,,,,,,,,,,,,,,,,,,,,,,,,,,,,,,,,,,,,125,191.8
1786385160,324.81,324.81,324.69,324.69,319.69,316.72,,,,,,,,,,,,,,,,,,,,,,,,,,,,,,,,,,,,,,,,,,,,,,,,,,,,226,172.35
1786385280,324.72,324.72,324.69,324.69,319.69,316.72,,,,,,,,,,,,,,,,,,,,,,,,,,,,,,,,,,,,,,,,,,,,,,,,,,,,28,172.5
1786385340,324.77,324.87,324.77,324.87,319.69,316.72,,,,,,,,,,,,,,,,,,,,,,,,,,,,,,,,,,,,,,,,,,,,,,,,,,,,62,169.2
1786385400,324.89,324.96,324.89,324.96,319.69,316.72,,,,,,,,,,,,,,,,,,,,,,,,,,,,,,,,,,,,,,,,,,,,,,,,,,,,388,187.65
1786385460,324.99,325.03,324.92,324.92,319.69,316.72,,,,,,,,,,,,,,,,,,,,,,,,,,,,,,,,,,,,,,,,,,,,,,,,,,,,585,208.55
1786385520,325.02,325.04,325.02,325.03,319.69,316.72,,,,,,,,,,,,,,,,,,,,,,,,,,,,,,,,,,,,,,,,,,,,,,,,,,,,42,188.35
1786385580,325,325,324.76,324.76,319.69,316.72,,,,,,,,,,,,,,,,,,,,,,,,,,,,,,,,,,,,,,,,,,,,,,,,,,,,458,198.05
1786385640,324.71,324.77,324.71,324.77,319.69,316.72,,,,,,,,,,,,,,,,,,,,,,,,,,,,,,,,,,,,,,,,,,,,,,,,,,,,54,198.45
1786385700,324.76,324.76,324.74,324.74,319.69,316.72,,,,,,,,,,,,,,,,,,,,,,,,,,,,,,,,,,,,,,,,,,,,,,,,,,,,122,195.6
1786385760,324.74,324.76,324.72,324.72,319.69,316.72,,,,,,,,,,,,,,,,,,,,,,,,,,,,,,,,,,,,,,,,,,,,,,,,,,,,326,207.55
1786385820,324.74,324.74,324.74,324.74,319.69,316.72,,,,,,,,,,,,,,,,,,,,,,,,,,,,,,,,,,,,,,,,,,,,,,,,,,,,100,183.15
1786385880,324.75,324.92,324.71,324.74,319.69,316.72,,,,,,,,,,,,,,,,,,,,,,,,,,,,,,,,,,,,,,,,,,,,,,,,,,,,197,185.45
1786385940,324.7,324.7,324.68,324.7,319.69,316.72,,,,,,,,,,,,,,,,,,,,,,,,,,,,,,,,,,,,,,,,,,,,,,,,,,,,52,172.95
1786386000,324.68,324.68,324.67,324.67,319.69,316.72,,,,,,,,,,,,,,,,,,,,,,,,,,,,,,,,,,,,,,,,,,,,,,,,,,,,176,174.05
1786386060,324.73,324.75,324.73,324.75,319.69,316.72,,,,,,,,,,,,,,,,,,,,,,,,,,,,,,,,,,,,,,,,,,,,,,,,,,,,38,167.35
1786386120,324.72,324.85,324.72,324.84,319.69,316.72,,,,,,,,,,,,,,,,,,,,,,,,,,,,,,,,,,,,,,,,,,,,,,,,,,,,57,169.65
1786386180,324.81,324.81,324.8,324.8,319.69,316.72,,,,,,,,,,,,,,,,,,,,,,,,,,,,,,,,,,,,,,,,,,,,,,,,,,,,83,171.85
1786386240,324.8,324.8,324.77,324.77,319.69,316.72,,,,,,,,,,,,,,,,,,,,,,,,,,,,,,,,,,,,,,,,,,,,,,,,,,,,159,171.35
1786386300,324.76,324.76,324.65,324.65,319.69,316.72,,,,,,,,,,,,,,,,,,,,,,,,,,,,,,,,,,,,,,,,,,,,,,,,,,,,122,170
1786386360,324.66,324.76,324.66,324.67,319.69,316.72,,,,,,,,,,,,,,,,,,,,,,,,,,,,,,,,,,,,,,,,,,,,,,,,,,,,49,166.2
1786386420,324.7,324.78,324.64,324.67,319.69,316.72,,,,,,,,,,,,,,,,,,,,,,,,,,,,,,,,,,,,,,,,,,,,,,,,,,,,288,169.3
1786386480,324.67,324.81,324.67,324.75,319.69,316.72,,,,,,,,,,,,,,,,,,,,,,,,,,,,,,,,,,,,,,,,,,,,,,,,,,,,147,175.25
1786386540,324.76,324.76,324.74,324.74,319.69,316.72,,,,,,,,,,,,,,,,,,,,,,,,,,,,,,,,,,,,,,,,,,,,,,,,,,,,184,181.35
1786386600,324.74,324.78,324.69,324.69,319.69,316.72,,,,,,,,,,,,,,,,,,,,,,,,,,,,,,,,,,,,,,,,,,,,,,,,,,,,301,177
1786386660,324.71,324.71,324.69,324.69,319.69,316.72,,,,,,,,,,,,,,,,,,,,,,,,,,,,,,,,,,,,,,,,,,,,,,,,,,,,36,149.55
1786386720,324.72,324.78,324.7,324.78,319.69,316.72,,,,,,,,,,,,,,,,,,,,,,,,,,,,,,,,,,,,,,,,,,,,,,,,,,,,78,151.35
1786386780,324.69,324.73,324.58,324.6,319.69,316.72,,,,,,,,,,,,,,,,,,,,,,,,,,,,,,,,,,,,,,,,,,,,,,,,,,,,166,136.75
1786386840,324.68,324.68,324.63,324.63,319.69,316.72,,,,,,,,,,,,,,,,,,,,,,,,,,,,,,,,,,,,,,,,,,,,,,,,,,,,3,134.2
1786386900,324.63,324.91,324.63,324.91,319.69,316.72,,,,,,,,,,,,,,,,,,,,,,,,,,,,,,,,,,,,,,,,,,,,,,,,,,,,68,131.5
1786386960,324.92,324.92,324.92,324.92,319.69,316.72,,,,,,,,,,,,,,,,,,,,,,,,,,,,,,,,,,,,,,,,,,,,,,,,,,,,1,115.25
1786387020,324.86,324.86,324.71,324.74,319.69,316.72,,,,,,,,,,,,,,,,,,,,,,,,,,,,,,,,,,,,,,,,,,,,,,,,,,,,103,115.4
1786387080,324.75,324.86,324.75,324.86,319.69,316.72,,,,,,,,,,,,,,,,,,,,,,,,,,,,,,,,,,,,,,,,,,,,,,,,,,,,28,106.95
1786387200,324.84,324.84,324.78,324.78,319.69,316.72,,,,,,,,,,,,,,,,,,,,,,,,,,,,,,,,,,,,,,,,,,,,,,,,,,,,83,108.5
1786387260,324.76,324.76,324.76,324.76,319.69,316.72,,,,,,,,,,,,,,,,,,,,,,,,,,,,,,,,,,,,,,,,,,,,,,,,,,,,80,103.7
1786387320,324.76,324.91,324.76,324.91,319.69,316.72,,,,,,,,,,,,,,,,,,,,,,,,,,,,,,,,,,,,,,,,,,,,,,,,,,,,368,120.2
1786387380,324.89,324.99,324.89,324.99,319.69,316.72,,,,,,,,,,,,,,,,,,,,,,,,,,,,,,,,,,,,,,,,,,,,,,,,,,,,120,123.35
1786387440,325.03,325.03,325.03,325.03,319.69,316.72,,,,,,,,,,,,,,,,,,,,,,,,,,,,,,,,,,,,,,,,,,,,,,,,,,,,1,119.25
1786387500,325.125,325.24,325.125,325.21,319.69,316.72,,,,,,,,,,,,,,,,,,,,,,,,,,,,,,,,,,,,,,,,,,,,,,,,,,,,485,135.55
1786387560,325.15,325.27,325.15,325.27,319.69,316.72,,,,,,,,,,,,,,,,,,,,,,,,,,,,,,,,,,,,,,,,,,,,,,,,,,,,2,129.55
1786387620,325.27,325.3,325.27,325.3,319.69,316.72,,,,,,,,,,,,,,,,,,,,,,,,,,,,,,,,,,,,,,,,,,,,,,,,,,,,10,127.6
1786387680,325.36,325.41,325.36,325.37,319.69,316.72,,,,,,,,,,,,,,,,,,,,,,,,,,,,,,,,,,,,,,,,,,,,,,,,,,,,59,116.15
1786387740,325.36,325.36,325.24,325.24,319.69,316.72,,,,,,,,,,,,,,,,,,,,,,,,,,,,,,,,,,,,,,,,,,,,,,,,,,,,345,126.05
1786387800,325.3,325.32,325.27,325.32,319.69,316.72,,,,,,,,,,,,,,,,,,,,,,,,,,,,,,,,,,,,,,,,,,,,,,,,,,,,84,121.05
1786387860,325.44,325.54,325.44,325.54,319.69,316.72,,,,,,,,,,,,,,,,,,,,,,,,,,,,,,,,,,,,,,,,,,,,,,,,,,,,18,106.9
1786387920,325.53,325.53,325.51,325.51,319.69,316.72,,,,,,,,,,,,,,,,,,,,,,,,,,,,,,,,,,,,,,,,,,,,,,,,,,,,47,107.45
1786387980,325.6,325.6,325.6,325.6,319.69,316.72,,,,,,,,,,,,,,,,,,,,,,,,,,,,,,,,,,,,,,,,,,,,,,,,,,,,36,105.35
1786388160,325.67,325.67,325.67,325.67,319.69,316.72,,,,,,,,,,,,,,,,,,,,,,,,,,,,,,,,,,,,,,,,,,,,,,,,,,,,19,98
1786388220,325.67,325.67,325.43,325.43,319.69,316.72,,,,,,,,,,,,,,,,,,,,,,,,,,,,,,,,,,,,,,,,,,,,,,,,,,,,894,142.55
1786388280,325.39,325.39,325.29,325.29,319.69,316.72,,,,,,,,,,,,,,,,,,,,,,,,,,,,,,,,,,,,,,,,,,,,,,,,,,,,233,150.8
1786388340,325.29,325.36,325.28,325.36,319.69,316.72,,,,,,,,,,,,,,,,,,,,,,,,,,,,,,,,,,,,,,,,,,,,,,,,,,,,139,157.7
1786388400,325.43,325.43,325.43,325.43,319.69,316.72,,,,,,,,,,,,,,,,,,,,,,,,,,,,,,,,,,,,,,,,,,,,,,,,,,,,1,152.6
1786388460,325.32,325.46,325.32,325.46,319.69,316.72,,,,,,,,,,,,,,,,,,,,,,,,,,,,,,,,,,,,,,,,,,,,,,,,,,,,69,154.65
1786388520,325.4,325.4,325.39,325.39,319.69,316.72,,,,,,,,,,,,,,,,,,,,,,,,,,,,,,,,,,,,,,,,,,,,,,,,,,,,94,155.2
1786388580,325.39,325.39,325.39,325.39,319.69,316.72,,,,,,,,,,,,,,,,,,,,,,,,,,,,,,,,,,,,,,,,,,,,,,,,,,,,23,152.35
1786388640,325.56,325.62,325.43,325.43,319.69,316.72,,,,,,,,,,,,,,,,,,,,,,,,,,,,,,,,,,,,,,,,,,,,,,,,,,,,323,150.1
1786388760,325.63,325.71,325.63,325.65,319.69,316.72,,,,,,,,,,,,,,,,,,,,,,,,,,,,,,,,,,,,,,,,,,,,,,,,,,,,168,152.5
1786388820,325.65,325.72,325.65,325.72,319.69,316.72,,,,,,,,,,,,,,,,,,,,,,,,,,,,,,,,,,,,,,,,,,,,,,,,,,,,6,152.75
1786388880,325.74,325.74,325.74,325.74,319.69,316.72,,,,,,,,,,,,,,,,,,,,,,,,,,,,,,,,,,,,,,,,,,,,,,,,,,,,12,129.1
1786388940,325.795,325.9,325.795,325.89,319.69,316.72,,,,,,,,,,,,,,,,,,,,,,,,,,,,,,,,,,,,,,,,,,,,,,,,,,,,209,139.45
1786389000,325.91,325.91,325.87,325.87,319.69,316.72,,,,,,,,,,,,,,,,,,,,,,,,,,,,,,,,,,,,,,,,,,,,,,,,,,,,73,142.6
1786389060,325.87,325.87,325.72,325.72,319.69,316.72,,,,,,,,,,,,,,,,,,,,,,,,,,,,,,,,,,,,,,,,,,,,,,,,,,,,563,167.8
1786389120,325.7,325.72,325.63,325.63,319.69,316.72,,,,,,,,,,,,,,,,,,,,,,,,,,,,,,,,,,,,,,,,,,,,,,,,,,,,136,157.35
1786389180,325.59,325.61,325.47,325.47,319.69,316.72,,,,,,,,,,,,,,,,,,,,,,,,,,,,,,,,,,,,,,,,,,,,,,,,,,,,268,166.55
1786389240,325.56,325.63,325.49,325.63,319.69,316.72,,,,,,,,,,,,,,,,,,,,,,,,,,,,,,,,,,,,,,,,,,,,,,,,,,,,231,177.2
1786389300,325.63,325.63,325.56,325.56,319.69,316.72,,,,,,,,,,,,,,,,,,,,,,,,,,,,,,,,,,,,,,,,,,,,,,,,,,,,23,176
1786389360,325.64,325.64,325.59,325.59,319.69,316.72,,,,,,,,,,,,,,,,,,,,,,,,,,,,,,,,,,,,,,,,,,,,,,,,,,,,8,174.6
1786389420,325.58,325.65,325.58,325.64,319.69,316.72,,,,,,,,,,,,,,,,,,,,,,,,,,,,,,,,,,,,,,,,,,,,,,,,,,,,254,186.35
1786389480,325.59,325.67,325.35,325.36,319.69,316.72,,,,,,,,,,,,,,,,,,,,,,,,,,,,,,,,,,,,,,,,,,,,,,,,,,,,986,190.95
1786389600,325.56,325.62,325.56,325.57,319.69,316.72,,,,,,,,,,,,,,,,,,,,,,,,,,,,,,,,,,,,,,,,,,,,,,,,,,,,250,191.8
1786389660,325.47,325.47,325.47,325.47,319.69,316.72,,,,,,,,,,,,,,,,,,,,,,,,,,,,,,,,,,,,,,,,,,,,,,,,,,,,8,185.25
1786389720,325.47,325.59,325.46,325.47,319.69,316.72,,,,,,,,,,,,,,,,,,,,,,,,,,,,,,,,,,,,,,,,,,,,,,,,,,,,207,195.55
1786389780,325.48,325.6,325.48,325.6,319.69,316.72,,,,,,,,,,,,,,,,,,,,,,,,,,,,,,,,,,,,,,,,,,,,,,,,,,,,252,204.7
1786389840,325.61,325.64,325.57,325.57,319.69,316.72,,,,,,,,,,,,,,,,,,,,,,,,,,,,,,,,,,,,,,,,,,,,,,,,,,,,248,212.4
1786389900,325.69,325.69,325.49,325.49,319.69,316.72,,,,,,,,,,,,,,,,,,,,,,,,,,,,,,,,,,,,,,,,,,,,,,,,,,,,690,245.75
1786389960,325.51,325.52,325.43,325.43,319.69,316.72,,,,,,,,,,,,,,,,,,,,,,,,,,,,,,,,,,,,,,,,,,,,,,,,,,,,157,237.45
1786390020,325.47,325.58,325.47,325.58,319.69,316.72,,,,,,,,,,,,,,,,,,,,,,,,,,,,,,,,,,,,,,,,,,,,,,,,,,,,251,241.6
1786390080,325.6,325.76,325.6,325.76,319.69,316.72,,,,,,,,,,,,,,,,,,,,,,,,,,,,,,,,,,,,,,,,,,,,,,,,,,,,255,254.05
1786390140,325.81,325.86,325.81,325.86,319.69,316.72,,,,,,,,,,,,,,,,,,,,,,,,,,,,,,,,,,,,,,,,,,,,,,,,,,,,42,255.55
1786390200,325.76,325.93,325.6,325.69,319.69,316.72,,,,,,,,,,,,,,,,,,,,,,,,,,,,,,,,,,,,,,,,,,,,,,,,,,,,1986,344.4
1786390260,325.72,325.72,325.6,325.65,319.69,316.72,,,,,,,,,,,,,,,,,,,,,,,,,,,,,,,,,,,,,,,,,,,,,,,,,,,,230,352.25
1786390320,325.6,325.66,325.45,325.57,319.69,316.72,,,,,,,,,,,,,,,,,,,,,,,,,,,,,,,,,,,,,,,,,,,,,,,,,,,,478,348
1786390380,325.51,325.71,325.51,325.64,319.69,316.72,,,,,,,,,,,,,,,,,,,,,,,,,,,,,,,,,,,,,,,,,,,,,,,,,,,,540,368.2
1786390440,325.44,325.44,325.37,325.38,319.69,316.72,,,,,,,,,,,,,,,,,,,,,,,,,,,,,,,,,,,,,,,,,,,,,,,,,,,,229,366.25
1786390500,325.39,325.39,325.29,325.32,319.69,316.72,,,,,,,,,,,,,,,,,,,,,,,,,,,,,,,,,,,,,,,,,,,,,,,,,,,,222,365.8
1786390560,325.32,325.41,325.27,325.27,319.69,316.72,,,,,,,,,,,,,,,,,,,,,,,,,,,,,,,,,,,,,,,,,,,,,,,,,,,,418,385.55
1786390620,325.23,325.26,325.14,325.26,319.69,316.72,,,,,,,,,,,,,,,,,,,,,,,,,,,,,,,,,,,,,,,,,,,,,,,,,,,,248,397.55
1786390680,325.18,325.21,325.18,325.19,319.69,316.72,,,,,,,,,,,,,,,,,,,,,,,,,,,,,,,,,,,,,,,,,,,,,,,,,,,,163,393
1786390740,325.28,325.59,325.27,325.58,319.69,316.72,,,,,,,,,,,,,,,,,,,,,,,,,,,,,,,,,,,,,,,,,,,,,,,,,,,,349,361.15
1786390800,325.55,325.74,325.55,325.68,319.69,316.72,,,,,,,,,,,,,,,,,,,,,,,,,,,,,,,,,,,,,,,,,,,,,,,,,,,,304,363.85
1786390860,325.73,325.73,325.5,325.5,319.69,316.72,,,,,,,,,,,,,,,,,,,,,,,,,,,,,,,,,,,,,,,,,,,,,,,,,,,,704,398.65
1786390920,325.48,325.62,325.48,325.62,319.69,316.72,,,,,,,,,,,,,,,,,,,,,,,,,,,,,,,,,,,,,,,,,,,,,,,,,,,,179,397.25
1786390980,325.61,325.61,325.61,325.61,319.69,316.72,,,,,,,,,,,,,,,,,,,,,,,,,,,,,,,,,,,,,,,,,,,,,,,,,,,,40,386.65
1786391040,325.58,325.74,325.58,325.72,319.69,316.72,,,,,,,,,,,,,,,,,,,,,,,,,,,,,,,,,,,,,,,,,,,,,,,,,,,,291,388.8
1786391100,325.76,325.81,325.6,325.74,319.69,316.72,,,,,,,,,,,,,,,,,,,,,,,,,,,,,,,,,,,,,,,,,,,,,,,,,,,,425,375.55
1786391160,325.78,325.85,325.74,325.74,319.69,316.72,,,,,,,,,,,,,,,,,,,,,,,,,,,,,,,,,,,,,,,,,,,,,,,,,,,,548,395.1
1786391220,325.72,325.89,325.71,325.89,319.69,316.72,,,,,,,,,,,,,,,,,,,,,,,,,,,,,,,,,,,,,,,,,,,,,,,,,,,,756,420.35
1786391280,325.91,325.96,325.87,325.9,319.69,316.72,,,,,,,,,,,,,,,,,,,,,,,,,,,,,,,,,,,,,,,,,,,,,,,,,,,,618,438.5
1786391340,325.98,326,325.75,325.75,319.69,316.72,,,,,,,,,,,,,,,,,,,,,,,,,,,,,,,,,,,,,,,,,,,,,,,,,,,,962,484.5
1786391400,325.72,325.73,325.59,325.69,319.69,316.72,,,,,,,,,,,,,,,,,,,,,,,,,,,,,,,,,,,,,,,,,,,,,,,,,,,,937,432.05
1786391460,325.72,325.78,325.35,325.55,319.69,316.72,,,,,,,,,,,,,,,,,,,,,,,,,,,,,,,,,,,,,,,,,,,,,,,,,,,,2677,554.4
1786391520,325.54,325.63,325.38,325.4,319.69,316.72,,,,,,,,,,,,,,,,,,,,,,,,,,,,,,,,,,,,,,,,,,,,,,,,,,,,1205,590.75
1786391580,325.14,325.27,325.03,325.03,319.69,316.72,,,,,,,,,,,,,,,,,,,,,,,,,,,,,,,,,,,,,,,,,,,,,,,,,,,,469,587.2
1786391640,325.12,325.16,325,325.03,319.69,316.72,,,,,,,,,,,,,,,,,,,,,,,,,,,,,,,,,,,,,,,,,,,,,,,,,,,,223,586.9
1786391700,325.04,325.06,324.59,324.69,319.69,316.72,,,,,,,,,,,,,,,,,,,,,,,,,,,,,,,,,,,,,,,,,,,,,,,,,,,,1146,633.1
1786391760,324.73,324.83,324.69,324.69,319.69,316.72,,,,,,,,,,,,,,,,,,,,,,,,,,,,,,,,,,,,,,,,,,,,,,,,,,,,1486,686.5
1786391820,324.65,324.9,324.5,324.56,319.69,316.72,,,,,,,,,,,,,,,,,,,,,,,,,,,,,,,,,,,,,,,,,,,,,,,,,,,,1424,745.3
1786391880,324.555,324.82,324.32,324.64,319.69,316.72,,,,,,,,,,,,,,,,,,,,,,,,,,,,,,,,,,,,,,,,,,,,,,,,,,,,1733,823.8
1786391940,324.71,325.17,324.71,325.09,319.69,316.72,,,1,19,1,1786369980000,320.4,319.69,316.72,2.9699999999999704,0.43055453472764993,1.7821473158551926,0.12484394506865708,1,,0,1,1786370280000,320.82,262.45223516569956,1,1.6488996945327663,0.255595037715851,1,1,1786370580000,322.385,625.9369679394349,0,1.155450780898622,0.7397986879042111,0,1,1786370880000,321.88,508.6463672680387,0,1.3141543432335088,0.5840685969926667,0,1,1786371780000,320.19,116.12930759544275,0,1.8489022143102583,0.05933976701333512,0,0.8126159554730995,2,19,6198,1116.25
1786455000,327.12,327.12,325.47,325.47,327.12,325.47,,,,,,,,,,,,,,,,,,,,,,,,,,,,,,,,,,,,,,,,,,,,,,,,,,,,86,1105.35
1786455120,326.44,327.62,326.44,327.62,327.62,325.47,,,,,,,,,,,,,,,,,,,,,,,,,,,,,,,,,,,,,,,,,,,,,,,,,,,,1154,1127.85
1786455180,326.6,326.6,326.55,326.55,327.62,325.47,,,,,,,,,,,,,,,,,,,,,,,,,,,,,,,,,,,,,,,,,,,,,,,,,,,,135,1125.65
1786455240,327,327.18,326.5,326.61,327.62,325.47,,,,,,,,,,,,,,,,,,,,,,,,,,,,,,,,,,,,,,,,,,,,,,,,,,,,435,1145.4
1786455300,326.54,326.56,326.54,326.54,327.62,325.47,,,,,,,,,,,,,,,,,,,,,,,,,,,,,,,,,,,,,,,,,,,,,,,,,,,,293,1145.5
1786455360,326.72,326.74,326,326,327.62,325.47,,,,,,,,,,,,,,,,,,,,,,,,,,,,,,,,,,,,,,,,,,,,,,,,,,,,89,1128.7
1786455420,325.64,326.39,325.64,326.39,327.62,325.47,,,,,,,,,,,,,,,,,,,,,,,,,,,,,,,,,,,,,,,,,,,,,,,,,,,,19,1102.25
1786455480,326.38,326.38,326.35,326.38,327.62,325.47,,,,,,,,,,,,,,,,,,,,,,,,,,,,,,,,,,,,,,,,,,,,,,,,,,,,51,1067
1786455780,326.7,326.9,326.7,326.89,327.62,325.47,,,,,,,,,,,,,,,,,,,,,,,,,,,,,,,,,,,,,,,,,,,,,,,,,,,,204,1046.3
1786455840,327,327.32,326.89,327.32,327.62,325.47,,,,,,,,,,,,,,,,,,,,,,,,,,,,,,,,,,,,,,,,,,,,,,,,,,,,362,1016.3
1786455900,327.01,327.32,326.97,327.32,327.62,325.47,,,,,,,,,,,,,,,,,,,,,,,,,,,,,,,,,,,,,,,,,,,,,,,,,,,,234,981.15
1786455960,327.34,327.55,327.3,327.55,327.62,325.47,,,,,,,,,,,,,,,,,,,,,,,,,,,,,,,,,,,,,,,,,,,,,,,,,,,,236,859.1
1786456020,327.58,328.1,327.58,328.03,327.62,325.47,,,,,,,,,,,,,,,,,,,,,,,,,,,,,,,,,,,,,,,,,,,,,,,,,,,,248,811.25
1786456080,327.94,327.94,327.53,327.53,327.62,325.47,,,,,,,,,,,,,,,,,,,,,,,,,,,,,,,,,,,,,,,,,,,,,,,,,,,,162,795.9
1786456140,327.29,327.4,327.29,327.4,327.62,325.47,,,,,,,,,,,,,,,,,,,,,,,,,,,,,,,,,,,,,,,,,,,,,,,,,,,,68,788.15
1786456200,327.22,327.98,327.02,327.98,327.62,325.47,,,,,,,,,,,,,,,,,,,,,,,,,,,,,,,,,,,,,,,,,,,,,,,,,,,,655,763.6
1786456260,327.97,328.17,327.85,327.99,327.62,325.47,,,,,,,,,,,,,,,,,,,,,,,,,,,,,,,,,,,,,,,,,,,,,,,,,,,,248,701.7
1786456320,328.02,328.02,327.9,327.9,327.62,325.47,,,,,,,,,,,,,,,,,,,,,,,,,,,,,,,,,,,,,,,,,,,,,,,,,,,,115,636.25
1786456380,327.17,327.46,327.17,327.46,327.62,325.47,,,,,,,,,,,,,,,,,,,,,,,,,,,,,,,,,,,,,,,,,,,,,,,,,,,,85,553.85
1786456440,327.57,327.59,327.57,327.59,327.62,325.47,,,,,,,,,,,,,,,,,,,,,,,,,,,,,,,,,,,,,,,,,,,,,,,,,,,,95,248.7
1786456500,327.76,327.76,327.27,327.27,327.62,325.47,,,,,,,,,,,,,,,,,,,,,,,,,,,,,,,,,,,,,,,,,,,,,,,,,,,,87,248.75
1786456560,327.32,327.32,327.32,327.32,327.62,325.47,,,,,,,,,,,,,,,,,,,,,,,,,,,,,,,,,,,,,,,,,,,,,,,,,,,,54,193.75
1786456620,327.34,327.34,326.95,326.95,327.62,325.47,,,,,,,,,,,,,,,,,,,,,,,,,,,,,,,,,,,,,,,,,,,,,,,,,,,,237,198.85
1786456680,326.82,326.82,326.82,326.82,327.62,325.47,,,,,,,,,,,,,,,,,,,,,,,,,,,,,,,,,,,,,,,,,,,,,,,,,,,,200,187.1
1786456800,326.87,327.11,326.87,327.08,327.62,325.47,,,,,,,,,,,,,,,,,,,,,,,,,,,,,,,,,,,,,,,,,,,,,,,,,,,,189,181.9
1786456860,326.97,327.09,326.96,326.96,327.62,325.47,,,,,,,,,,,,,,,,,,,,,,,,,,,,,,,,,,,,,,,,,,,,,,,,,,,,258,190.35
1786456920,326.66,326.96,326.65,326.96,327.62,325.47,,,,,,,,,,,,,,,,,,,,,,,,,,,,,,,,,,,,,,,,,,,,,,,,,,,,69,192.85
1786456980,326.98,326.98,326.4,326.4,327.62,325.47,,,,,,,,,,,,,,,,,,,,,,,,,,,,,,,,,,,,,,,,,,,,,,,,,,,,129,196.75
1786457040,326.5,326.6,326.37,326.6,327.62,325.47,,,,,,,,,,,,,,,,,,,,,,,,,,,,,,,,,,,,,,,,,,,,,,,,,,,,71,190.1
1786457100,326.29,326.29,326.27,326.27,327.62,325.47,,,,,,,,,,,,,,,,,,,,,,,,,,,,,,,,,,,,,,,,,,,,,,,,,,,,89,176.45
1786457160,326.22,326.27,325.81,325.81,327.62,325.47,,,,,,,,,,,,,,,,,,,,,,,,,,,,,,,,,,,,,,,,,,,,,,,,,,,,47,167.1
1786457220,325.83,325.97,325.83,325.84,327.62,325.47,,,,,,,,,,,,,,,,,,,,,,,,,,,,,,,,,,,,,,,,,,,,,,,,,,,,46,157.6
1786457280,325.67,325.82,325.27,325.36,327.62,325.47,,,,,,,,,,,,,,,,,,,,,,,,,,,,,,,,,,,,,,,,,,,,,,,,,,,,160,153.2
1786457340,325.37,325.53,325.37,325.53,327.62,325.47,,,,,,,,,,,,,,,,,,,,,,,,,,,,,,,,,,,,,,,,,,,,,,,,,,,,20,146.1
1786457400,325.34,325.87,325.32,325.87,327.62,325.47,,,,,,,,,,,,,,,,,,,,,,,,,,,,,,,,,,,,,,,,,,,,,,,,,,,,341,159.75
1786457460,325.99,326.06,325.945,326.06,327.62,325.47,,,,,,,,,,,,,,,,,,,,,,,,,,,,,,,,,,,,,,,,,,,,,,,,,,,,138,133.9
1786457520,325.49,326.03,325.49,326.03,327.62,325.47,,,,,,,,,,,,,,,,,,,,,,,,,,,,,,,,,,,,,,,,,,,,,,,,,,,,139,128.45
1786457580,326.03,326.07,326.03,326.07,327.62,325.47,,,,,,,,,,,,,,,,,,,,,,,,,,,,,,,,,,,,,,,,,,,,,,,,,,,,107,128.05
1786457640,325.99,326.06,325.87,325.96,327.62,325.47,,,,,,,,,,,,,,,,,,,,,,,,,,,,,,,,,,,,,,,,,,,,,,,,,,,,443,145.95
1786457700,326.11,326.205,326.08,326.08,327.62,325.47,,,,,,,,,,,,,,,,,,,,,,,,,,,,,,,,,,,,,,,,,,,,,,,,,,,,333,157.85
1786457760,326.13,326.13,325.81,325.81,327.62,325.47,,,,,,,,,,,,,,,,,,,,,,,,,,,,,,,,,,,,,,,,,,,,,,,,,,,,104,158.7
1786457820,325.7,325.8,325.7,325.8,327.62,325.47,,,,,,,,,,,,,,,,,,,,,,,,,,,,,,,,,,,,,,,,,,,,,,,,,,,,121,162.05
1786457880,325.85,325.87,325.85,325.87,327.62,325.47,,,,,,,,,,,,,,,,,,,,,,,,,,,,,,,,,,,,,,,,,,,,,,,,,,,,22,151.3
1786458000,326.24,326.26,326.07,326.07,327.62,325.47,,,,,,,,,,,,,,,,,,,,,,,,,,,,,,,,,,,,,,,,,,,,,,,,,,,,238,153.2
1786458060,326.14,326.14,325.85,325.85,327.62,325.47,,,,,,,,,,,,,,,,,,,,,,,,,,,,,,,,,,,,,,,,,,,,,,,,,,,,219,154.7
1786458120,326,326.02,325.77,325.77,327.62,325.47,,,,,,,,,,,,,,,,,,,,,,,,,,,,,,,,,,,,,,,,,,,,,,,,,,,,36,143.6
1786458180,325.68,325.68,325.655,325.655,327.62,325.47,,,,,,,,,,,,,,,,,,,,,,,,,,,,,,,,,,,,,,,,,,,,,,,,,,,,50,142.65
1786458300,325.64,325.84,325.64,325.66,327.62,325.47,,,,,,,,,,,,,,,,,,,,,,,,,,,,,,,,,,,,,,,,,,,,,,,,,,,,404,156.4
1786458420,325.45,325.45,325.41,325.41,327.62,325.47,,,,,,,,,,,,,,,,,,,,,,,,,,,,,,,,,,,,,,,,,,,,,,,,,,,,123,159
1786458480,325.48,325.49,325.48,325.49,327.62,325.47,,,,,,,,,,,,,,,,,,,,,,,,,,,,,,,,,,,,,,,,,,,,,,,,,,,,92,159.15
1786458540,325.43,325.43,325.09,325.43,327.62,325.47,,,,,,,,,,,,,,,,,,,,,,,,,,,,,,,,,,,,,,,,,,,,,,,,,,,,275,170.55
1786458720,325.28,325.28,324.96,325.24,327.62,325.47,,,,,,,,,,,,,,,,,,,,,,,,,,,,,,,,,,,,,,,,,,,,,,,,,,,,179,177.2
1786458780,325.24,325.24,325.24,325.24,327.62,325.47,,,,,,,,,,,,,,,,,,,,,,,,,,,,,,,,,,,,,,,,,,,,,,,,,,,,16,170
1786458900,325.15,325.15,325.12,325.13,327.62,325.47,,,,,,,,,,,,,,,,,,,,,,,,,,,,,,,,,,,,,,,,,,,,,,,,,,,,71,172.55
1786458960,325.12,325.12,325.1,325.1,327.62,325.47,,,,,,,,,,,,,,,,,,,,,,,,,,,,,,,,,,,,,,,,,,,,,,,,,,,,41,157.55
1786459020,325.12,325.12,325.12,325.12,327.62,325.47,,,,,,,,,,,,,,,,,,,,,,,,,,,,,,,,,,,,,,,,,,,,,,,,,,,,12,151.25
1786459080,325.19,325.19,324.88,325.09,327.62,325.47,,,,,,,,,,,,,,,,,,,,,,,,,,,,,,,,,,,,,,,,,,,,,,,,,,,,600,174.3
1786459140,325.09,325.29,325.09,325.2,327.62,325.47,,,,,,,,,,,,,,,,,,,,,,,,,,,,,,,,,,,,,,,,,,,,,,,,,,,,202,179.05
1786459200,324.98,325.37,324.98,325.37,327.62,325.47,,,,,,,,,,,,,,,,,,,,,,,,,,,,,,,,,,,,,,,,,,,,,,,,,,,,221,167.95
1786459260,325.43,325.45,325.21,325.26,327.62,325.47,,,,,,,,,,,,,,,,,,,,,,,,,,,,,,,,,,,,,,,,,,,,,,,,,,,,316,167.1
1786459320,325.12,325.22,324.95,324.96,327.62,325.47,,,,,,,,,,,,,,,,,,,,,,,,,,,,,,,,,,,,,,,,,,,,,,,,,,,,61,164.95
1786459380,324.93,324.93,324.93,324.93,327.62,325.47,,,,,,,,,,,,,,,,,,,,,,,,,,,,,,,,,,,,,,,,,,,,,,,,,,,,40,160.9
1786459440,324.86,324.86,324.71,324.77,327.62,325.47,,,,,,,,,,,,,,,,,,,,,,,,,,,,,,,,,,,,,,,,,,,,,,,,,,,,71,163.35
1786459500,324.61,324.77,324.61,324.77,327.62,325.47,,,,,,,,,,,,,,,,,,,,,,,,,,,,,,,,,,,,,,,,,,,,,,,,,,,,163,159.6
1786459560,324.58,324.6,324.58,324.6,327.62,325.47,,,,,,,,,,,,,,,,,,,,,,,,,,,,,,,,,,,,,,,,,,,,,,,,,,,,40,150.65
1786459620,324.58,324.61,324.57,324.57,327.62,325.47,,,,,,,,,,,,,,,,,,,,,,,,,,,,,,,,,,,,,,,,,,,,,,,,,,,,179,157.8
1786459740,324.49,324.69,324.285,324.69,327.62,325.47,,,,,,,,,,,,,,,,,,,,,,,,,,,,,,,,,,,,,,,,,,,,,,,,,,,,1509,230.75
1786459800,324.49,324.49,324.48,324.48,327.62,325.47,,,,,,,,,,,,,,,,,,,,,,,,,,,,,,,,,,,,,,,,,,,,,,,,,,,,64,213.75
1786459860,324.32,324.32,324.32,324.32,327.62,325.47,,,,,,,,,,,,,,,,,,,,,,,,,,,,,,,,,,,,,,,,,,,,,,,,,,,,1,207.65
1786459920,324.29,324.29,324.29,324.29,327.62,325.47,,,,,,,,,,,,,,,,,,,,,,,,,,,,,,,,,,,,,,,,,,,,,,,,,,,,2,203.15
1786459980,324.32,324.32,324.02,324.17,327.62,325.47,,,,,,,,,,,,,,,,,,,,,,,,,,,,,,,,,,,,,,,,,,,,,,,,,,,,394,209.1
1786460040,324.22,324.22,324.165,324.165,327.62,325.47,,,,,,,,,,,,,,,,,,,,,,,,,,,,,,,,,,,,,,,,,,,,,,,,,,,,72,203.75
1786460100,324.03,324.05,323.84,324.05,327.62,325.47,,,,,,,,,,,,,,,,,,,,,,,,,,,,,,,,,,,,,,,,,,,,,,,,,,,,299,217.9
1786460160,323.81,323.81,323.7,323.7,327.62,325.47,,,,,,,,,,,,,,,,,,,,,,,,,,,,,,,,,,,,,,,,,,,,,,,,,,,,94,219.05
1786460220,323.73,323.86,323.66,323.75,327.62,325.47,,,,,,,,,,,,,,,,,,,,,,,,,,,,,,,,,,,,,,,,,,,,,,,,,,,,355,234.75
1786460280,323.92,324.22,323.92,324.16,327.62,325.47,,,,,,,,,,,,,,,,,,,,,,,,,,,,,,,,,,,,,,,,,,,,,,,,,,,,702,269.25
1786460460,324.23,324.27,324.15,324.16,327.62,325.47,,,,,,,,,,,,,,,,,,,,,,,,,,,,,,,,,,,,,,,,,,,,,,,,,,,,113,244.9
1786460520,324.11,324.22,324.11,324.22,327.62,325.47,,,,,,,,,,,,,,,,,,,,,,,,,,,,,,,,,,,,,,,,,,,,,,,,,,,,31,236.35
1786460580,324.07,324.16,324.07,324.16,327.62,325.47,,,,,,,,,,,,,,,,,,,,,,,,,,,,,,,,,,,,,,,,,,,,,,,,,,,,73,228.95
1786460640,324.1,324.1,324.02,324.02,327.62,325.47,,,,,,,,,,,,,,,,,,,,,,,,,,,,,,,,,,,,,,,,,,,,,,,,,,,,42,215.25
1786460700,324.05,324.05,323.915,323.915,327.62,325.47,,,,,,,,,,,,,,,,,,,,,,,,,,,,,,,,,,,,,,,,,,,,,,,,,,,,195,221.95
1786460760,323.87,323.87,323.78,323.78,327.62,325.47,,,,,,,,,,,,,,,,,,,,,,,,,,,,,,,,,,,,,,,,,,,,,,,,,,,,207,230.3
1786460940,323.54,323.55,323.33,323.33,327.62,325.47,,,,,,,,,,,,,,,,,,,,,,,,,,,,,,,,,,,,,,,,,,,,,,,,,,,,125,233
1786461120,323.62,323.7,323.615,323.62,327.62,325.47,,,,,,,,,,,,,,,,,,,,,,,,,,,,,,,,,,,,,,,,,,,,,,,,,,,,427,246.2
1786461180,323.61,323.61,323.61,323.61,327.62,325.47,,,,,,,,,,,,,,,,,,,,,,,,,,,,,,,,,,,,,,,,,,,,,,,,,,,,35,245.95
1786461240,323.71,323.71,323.55,323.55,327.62,325.47,,,,,,,,,,,,,,,,,,,,,,,,,,,,,,,,,,,,,,,,,,,,,,,,,,,,253,249.65
1786461300,323.47,323.63,323.4,323.63,327.62,325.47,,,,,,,,,,,,,,,,,,,,,,,,,,,,,,,,,,,,,,,,,,,,,,,,,,,,72,177.8
1786461360,323.44,323.44,323.36,323.36,327.62,325.47,,,,,,,,,,,,,,,,,,,,,,,,,,,,,,,,,,,,,,,,,,,,,,,,,,,,12,175.2
1786461420,323.36,323.36,323.26,323.26,327.62,325.47,,,,,,,,,,,,,,,,,,,,,,,,,,,,,,,,,,,,,,,,,,,,,,,,,,,,122,181.25
1786461480,323.24,323.24,323.22,323.22,327.62,325.47,,,,,,,,,,,,,,,,,,,,,,,,,,,,,,,,,,,,,,,,,,,,,,,,,,,,72,184.75
1786461540,323.22,323.22,323.18,323.18,327.62,325.47,,,,,,,,,,,,,,,,,,,,,,,,,,,,,,,,,,,,,,,,,,,,,,,,,,,,10,165.55
1786461600,323.43,323.48,323.4,323.4,327.62,325.47,,,,,,,,,,,,,,,,,,,,,,,,,,,,,,,,,,,,,,,,,,,,,,,,,,,,81,166
1786461660,323.48,323.66,323.4,323.66,327.62,325.47,,,,,,,,,,,,,,,,,,,,,,,,,,,,,,,,,,,,,,,,,,,,,,,,,,,,577,179.9
1786461780,323.53,323.53,323.53,323.53,327.62,325.47,,,,,,,,,,,,,,,,,,,,,,,,,,,,,,,,,,,,,,,,,,,,,,,,,,,,5,175.45
1786461840,323.66,323.66,323.66,323.66,327.62,325.47,,,,,,,,,,,,,,,,,,,,,,,,,,,,,,,,,,,,,,,,,,,,,,,,,,,,40,159.7
1786461900,323.56,323.56,323.55,323.55,327.62,325.47,,,,,,,,,,,,,,,,,,,,,,,,,,,,,,,,,,,,,,,,,,,,,,,,,,,,42,126.7
1786462080,323.5,323.5,323.41,323.41,327.62,325.47,,,,,,,,,,,,,,,,,,,,,,,,,,,,,,,,,,,,,,,,,,,,,,,,,,,,201,131.1
1786462140,323.35,323.36,323.26,323.26,327.62,325.47,,,,,,,,,,,,,,,,,,,,,,,,,,,,,,,,,,,,,,,,,,,,,,,,,,,,316,145.35
1786462200,323.2,323.2,323.2,323.2,327.62,325.47,,,,,,,,,,,,,,,,,,,,,,,,,,,,,,,,,,,,,,,,,,,,,,,,,,,,5,141.95
1786462260,323.23,323.36,323.07,323.07,327.62,325.47,,,,,,,,,,,,,,,,,,,,,,,,,,,,,,,,,,,,,,,,,,,,,,,,,,,,525,166.1
1786462380,323.22,323.27,323.22,323.27,327.62,325.47,,,,,,,,,,,,,,,,,,,,,,,,,,,,,,,,,,,,,,,,,,,,,,,,,,,,20,157.35
1786462440,323.15,323.15,322.95,322.95,327.62,325.47,,,,,,,,,,,,,,,,,,,,,,,,,,,,,,,,,,,,,,,,,,,,,,,,,,,,156,154.8
1786462500,322.97,322.97,322.97,322.97,327.62,325.47,,,,,,,,,,,,,,,,,,,,,,,,,,,,,,,,,,,,,,,,,,,,,,,,,,,,90,153.05
1786462620,323.03,323.08,322.99,322.99,327.62,325.47,,,,,,,,,,,,,,,,,,,,,,,,,,,,,,,,,,,,,,,,,,,,,,,,,,,,93,136.35
1786462680,322.76,322.96,322.75,322.96,327.62,325.47,,,,,,,,,,,,,,,,,,,,,,,,,,,,,,,,,,,,,,,,,,,,,,,,,,,,110,140.1
1786462740,322.93,323,322.93,323,327.62,325.47,,,,,,,,,,,,,,,,,,,,,,,,,,,,,,,,,,,,,,,,,,,,,,,,,,,,115,133.2
1786462800,322.87,322.88,322.65,322.65,327.62,325.47,,,,,,,,,,,,,,,,,,,,,,,,,,,,,,,,,,,,,,,,,,,,,,,,,,,,48,132
1786462860,322.64,322.67,322.59,322.64,327.62,325.47,,,,,,,,,,,,,,,,,,,,,,,,,,,,,,,,,,,,,,,,,,,,,,,,,,,,12,132
1786462920,322.69,322.69,322.57,322.57,327.62,325.47,,,,,,,,,,,,,,,,,,,,,,,,,,,,,,,,,,,,,,,,,,,,,,,,,,,,80,129.9
1786462980,322.58,322.58,322.35,322.35,327.62,325.47,,,,,,,,,,,,,,,,,,,,,,,,,,,,,,,,,,,,,,,,,,,,,,,,,,,,103,131.45
1786463100,322.33,322.33,322.28,322.28,327.62,325.47,,,,,,,,,,,,,,,,,,,,,,,,,,,,,,,,,,,,,,,,,,,,,,,,,,,,110,136.45
1786463160,322.3,322.3,322.3,322.3,327.62,325.47,,,,,,,,,,,,,,,,,,,,,,,,,,,,,,,,,,,,,,,,,,,,,,,,,,,,1,132.45
1786463220,322.17,322.32,322.08,322.32,327.62,325.47,,,,,,,,,,,,,,,,,,,,,,,,,,,,,,,,,,,,,,,,,,,,,,,,,,,,331,120.15
1786463280,322.07,322.115,322,322.115,327.62,325.47,,,,,,,,,,,,,,,,,,,,,,,,,,,,,,,,,,,,,,,,,,,,,,,,,,,,187,129.25
1786463340,322.11,322.11,322.07,322.07,327.62,325.47,,,,,,,,,,,,,,,,,,,,,,,,,,,,,,,,,,,,,,,,,,,,,,,,,,,,409,147.7
1786463400,322.24,322.27,322.24,322.27,327.62,325.47,,,,,,,,,,,,,,,,,,,,,,,,,,,,,,,,,,,,,,,,,,,,,,,,,,,,400,165.6
1786463460,322.28,322.33,322.27,322.33,327.62,325.47,,,,,,,,,,,,,,,,,,,,,,,,,,,,,,,,,,,,,,,,,,,,,,,,,,,,177,164.4
1786463520,322.34,322.43,322.34,322.37,327.62,325.47,,,,,,,,,,,,,,,,,,,,,,,,,,,,,,,,,,,,,,,,,,,,,,,,,,,,57,151.45
1786463580,322.33,322.33,322.3,322.3,327.62,325.47,,,,,,,,,,,,,,,,,,,,,,,,,,,,,,,,,,,,,,,,,,,,,,,,,,,,108,156.6
1786463640,322.3,322.3,322.21,322.21,327.62,325.47,,,,,,,,,,,,,,,,,,,,,,,,,,,,,,,,,,,,,,,,,,,,,,,,,,,,148,137.75
1786463700,322.27,322.34,322.27,322.32,327.62,325.47,,,,,,,,,,,,,,,,,,,,,,,,,,,,,,,,,,,,,,,,,,,,,,,,,,,,269,150.2
1786463760,322.27,322.27,322.27,322.27,327.62,325.47,,,,,,,,,,,,,,,,,,,,,,,,,,,,,,,,,,,,,,,,,,,,,,,,,,,,50,144.9
1786463820,322.21,322.21,322.21,322.21,327.62,325.47,,,,,,,,,,,,,,,,,,,,,,,,,,,,,,,,,,,,,,,,,,,,,,,,,,,,146,147.7
1786463940,322.2,322.2,321.89,321.89,327.62,325.47,,,,,,,,,,,,,,,,,,,,,,,,,,,,,,,,,,,,,,,,,,,,,,,,,,,,45,145.3
1786464000,321.87,322.01,321.83,322.01,327.62,325.47,,,,,,,,,,,,,,,,,,,,,,,,,,,,,,,,,,,,,,,,,,,,,,,,,,,,373,158.45
1786464060,321.9,321.9,321.89,321.89,327.62,325.47,,,,,,,,,,,,,,,,,,,,,,,,,,,,,,,,,,,,,,,,,,,,,,,,,,,,80,156.7
1786464120,321.7,321.7,321.58,321.58,327.62,325.47,,,,,,,,,,,,,,,,,,,,,,,,,,,,,,,,,,,,,,,,,,,,,,,,,,,,122,160.4
1786464180,321.37,321.37,321.37,321.37,327.62,325.47,,,,,,,,,,,,,,,,,,,,,,,,,,,,,,,,,,,,,,,,,,,,,,,,,,,,19,160.75
1786464240,321.5,321.5,321.39,321.39,327.62,325.47,,,,,,,,,,,,,,,,,,,,,,,,,,,,,,,,,,,,,,,,,,,,,,,,,,,,124,162.95
1786464300,321.52,321.58,321.52,321.52,327.62,325.47,,,,,,,,,,,,,,,,,,,,,,,,,,,,,,,,,,,,,,,,,,,,,,,,,,,,174,166.5
1786464360,321.55,321.73,321.55,321.73,327.62,325.47,,,,,,,,,,,,,,,,,,,,,,,,,,,,,,,,,,,,,,,,,,,,,,,,,,,,253,173.65
1786464420,321.73,321.99,321.73,321.99,327.62,325.47,,,,,,,,,,,,,,,,,,,,,,,,,,,,,,,,,,,,,,,,,,,,,,,,,,,,408,194
1786464480,321.61,321.61,321.58,321.58,327.62,325.47,,,,,,,,,,,,,,,,,,,,,,,,,,,,,,,,,,,,,,,,,,,,,,,,,,,,14,178.15
1786464540,321.7,321.7,321.7,321.7,327.62,325.47,,,,,,,,,,,,,,,,,,,,,,,,,,,,,,,,,,,,,,,,,,,,,,,,,,,,1,168.85
1786464600,321.76,321.82,321.76,321.82,327.62,325.47,,,,,,,,,,,,,,,,,,,,,,,,,,,,,,,,,,,,,,,,,,,,,,,,,,,,72,152
1786464840,321.82,321.82,321.82,321.82,327.62,325.47,,,,,,,,,,,,,,,,,,,,,,,,,,,,,,,,,,,,,,,,,,,,,,,,,,,,1,132.05
1786464960,321.77,321.96,321.77,321.96,327.62,325.47,,,,,,,,,,,,,,,,,,,,,,,,,,,,,,,,,,,,,,,,,,,,,,,,,,,,118,129.1
1786465020,322.07,322.07,322.02,322.02,327.62,325.47,,,,,,,,,,,,,,,,,,,,,,,,,,,,,,,,,,,,,,,,,,,,,,,,,,,,26,127.55
1786465080,322.09,322.09,322.09,322.09,327.62,325.47,,,,,,,,,,,,,,,,,,,,,,,,,,,,,,,,,,,,,,,,,,,,,,,,,,,,75,125.9
1786465140,322.15,322.15,322.15,322.15,327.62,325.47,,,,,,,,,,,,,,,,,,,,,,,,,,,,,,,,,,,,,,,,,,,,,,,,,,,,1,118.55
1786465200,322.13,322.25,322.13,322.25,327.62,325.47,,,,,,,,,,,,,,,,,,,,,,,,,,,,,,,,,,,,,,,,,,,,,,,,,,,,130,111.6
1786465260,322.27,322.31,322.23,322.23,327.62,325.47,,,,,,,,,,,,,,,,,,,,,,,,,,,,,,,,,,,,,,,,,,,,,,,,,,,,129,115.55
1786465440,322.34,322.36,322.09,322.09,327.62,325.47,,,,,,,,,,,,,,,,,,,,,,,,,,,,,,,,,,,,,,,,,,,,,,,,,,,,41,110.3
1786465560,322.01,322.01,322,322,327.62,325.47,,,,,,,,,,,,,,,,,,,,,,,,,,,,,,,,,,,,,,,,,,,,,,,,,,,,59,111
1786465740,321.99,321.99,321.94,321.99,327.62,325.47,,,,,,,,,,,,,,,,,,,,,,,,,,,,,,,,,,,,,,,,,,,,,,,,,,,,96,97.15
1786466100,321.91,321.92,321.91,321.92,327.62,325.47,,,,,,,,,,,,,,,,,,,,,,,,,,,,,,,,,,,,,,,,,,,,,,,,,,,,59,96.1
1786466160,321.92,322.06,321.92,322.06,327.62,325.47,,,,,,,,,,,,,,,,,,,,,,,,,,,,,,,,,,,,,,,,,,,,,,,,,,,,367,108.35
1786466220,322.07,322.07,322.07,322.07,327.62,325.47,,,,,,,,,,,,,,,,,,,,,,,,,,,,,,,,,,,,,,,,,,,,,,,,,,,,2,107.5
1786466280,322.03,322.03,321.91,321.91,327.62,325.47,,,,,,,,,,,,,,,,,,,,,,,,,,,,,,,,,,,,,,,,,,,,,,,,,,,,20,102.3
1786466340,321.88,321.9,321.88,321.9,327.62,325.47,,,,,,,,,,,,,,,,,,,,,,,,,,,,,,,,,,,,,,,,,,,,,,,,,,,,14,94.3
1786466400,321.9,322.09,321.9,322.09,327.62,325.47,,,,,,,,,,,,,,,,,,,,,,,,,,,,,,,,,,,,,,,,,,,,,,,,,,,,141,88.7
1786466520,322.07,322.09,322.07,322.09,327.62,325.47,,,,,,,,,,,,,,,,,,,,,,,,,,,,,,,,,,,,,,,,,,,,,,,,,,,,2,68.4
1786466580,321.98,322.01,321.98,322.01,327.62,325.47,,,,,,,,,,,,,,,,,,,,,,,,,,,,,,,,,,,,,,,,,,,,,,,,,,,,28,69.1
1786466760,322.01,322.01,322.01,322.01,327.62,325.47,,,,,,,,,,,,,,,,,,,,,,,,,,,,,,,,,,,,,,,,,,,,,,,,,,,,2,69.15
1786466820,322.09,322.12,322.09,322.12,327.62,325.47,,,,,,,,,,,,,,,,,,,,,,,,,,,,,,,,,,,,,,,,,,,,,,,,,,,,184,74.75
1786466880,322.16,322.17,322.065,322.065,327.62,325.47,,,,,,,,,,,,,,,,,,,,,,,,,,,,,,,,,,,,,,,,,,,,,,,,,,,,163,82.85
1786466940,322.06,322.06,322.06,322.06,327.62,325.47,,,,,,,,,,,,,,,,,,,,,,,,,,,,,,,,,,,,,,,,,,,,,,,,,,,,20,77.95
1786467060,321.96,322.06,321.91,322,327.62,325.47,,,,,,,,,,,,,,,,,,,,,,,,,,,,,,,,,,,,,,,,,,,,,,,,,,,,128,83.05
1786467120,321.98,321.98,321.93,321.96,327.62,325.47,,,,,,,,,,,,,,,,,,,,,,,,,,,,,,,,,,,,,,,,,,,,,,,,,,,,103,84.45
1786467180,322.07,322.07,321.96,321.96,327.62,325.47,,,,,,,,,,,,,,,,,,,,,,,,,,,,,,,,,,,,,,,,,,,,,,,,,,,,11,84.95
1786467240,321.96,322.15,321.96,322.15,327.62,325.47,,,,,,,,,,,,,,,,,,,,,,,,,,,,,,,,,,,,,,,,,,,,,,,,,,,,395,98.2
1786467420,322.04,322.04,322.04,322.04,327.62,325.47,,,,,,,,,,,,,,,,,,,,,,,,,,,,,,,,,,,,,,,,,,,,,,,,,,,,40,93.75
1786467480,322.04,322.05,322.04,322.05,327.62,325.47,,,,,,,,,,,,,,,,,,,,,,,,,,,,,,,,,,,,,,,,,,,,,,,,,,,,44,93.9
1786467540,322,322,321.95,321.95,327.62,325.47,,,,,,,,,,,,,,,,,,,,,,,,,,,,,,,,,,,,,,,,,,,,,,,,,,,,18,91.85
1786467600,321.99,322.01,321.99,322.01,327.62,325.47,,,,,,,,,,,,,,,,,,,,,,,,,,,,,,,,,,,,,,,,,,,,,,,,,,,,26,88.35
1786467660,321.9,321.9,321.88,321.88,327.62,325.47,,,,,,,,,,,,,,,,,,,,,,,,,,,,,,,,,,,,,,,,,,,,,,,,,,,,7,85.75
1786467720,321.94,321.94,321.94,321.94,327.62,325.47,,,,,,,,,,,,,,,,,,,,,,,,,,,,,,,,,,,,,,,,,,,,,,,,,,,,1,67.45
1786467900,321.79,321.79,321.55,321.55,327.62,325.47,,,,,,,,,,,,,,,,,,,,,,,,,,,,,,,,,,,,,,,,,,,,,,,,,,,,51,69.9
1786467960,321.62,321.66,321.62,321.66,327.62,325.47,,,,,,,,,,,,,,,,,,,,,,,,,,,,,,,,,,,,,,,,,,,,,,,,,,,,368,87.3
1786468020,321.65,321.73,321.65,321.73,327.62,325.47,,,,,,,,,,,,,,,,,,,,,,,,,,,,,,,,,,,,,,,,,,,,,,,,,,,,483,110.75
1786468140,321.54,321.54,321.5,321.5,327.62,325.47,,,,,,,,,,,,,,,,,,,,,,,,,,,,,,,,,,,,,,,,,,,,,,,,,,,,22,104.8
1786468260,321.64,321.68,321.61,321.61,327.62,325.47,,,,,,,,,,,,,,,,,,,,,,,,,,,,,,,,,,,,,,,,,,,,,,,,,,,,122,110.8
1786468320,321.625,321.64,321.49,321.49,327.62,325.47,,,,,,,,,,,,,,,,,,,,,,,,,,,,,,,,,,,,,,,,,,,,,,,,,,,,490,133.9
1786468440,321.44,321.44,321.27,321.27,327.62,325.47,,,,,,,,,,,,,,,,,,,,,,,,,,,,,,,,,,,,,,,,,,,,,,,,,,,,151,141.35
1786468500,321.29,321.29,321.15,321.15,327.62,325.47,,,,,,,,,,,,,,,,,,,,,,,,,,,,,,,,,,,,,,,,,,,,,,,,,,,,302,147.25
1786468560,321.13,321.2,321.1,321.2,327.62,325.47,,,,,,,,,,,,,,,,,,,,,,,,,,,,,,,,,,,,,,,,,,,,,,,,,,,,13,139.75
1786468620,321.13,321.2,321.13,321.2,327.62,325.47,,,,,,,,,,,,,,,,,,,,,,,,,,,,,,,,,,,,,,,,,,,,,,,,,,,,23,139.9
1786468680,321.15,321.15,321.15,321.15,327.62,325.47,,,,,,,,,,,,,,,,,,,,,,,,,,,,,,,,,,,,,,,,,,,,,,,,,,,,6,133.8
1786468740,321.24,321.31,321.24,321.31,327.62,325.47,,,,,,,,,,,,,,,,,,,,,,,,,,,,,,,,,,,,,,,,,,,,,,,,,,,,658,161.55
1786468800,321.31,321.39,321.31,321.39,327.62,325.47,,,,,,,,,,,,,,,,,,,,,,,,,,,,,,,,,,,,,,,,,,,,,,,,,,,,258,173.9
1786468860,321.39,321.56,321.39,321.53,327.62,325.47,,,,,,,,,,,,,,,,,,,,,,,,,,,,,,,,,,,,,,,,,,,,,,,,,,,,309,169.6
1786468920,321.57,321.66,321.57,321.57,327.62,325.47,,,,,,,,,,,,,,,,,,,,,,,,,,,,,,,,,,,,,,,,,,,,,,,,,,,,115,173.35
1786468980,321.56,321.56,321.56,321.56,327.62,325.47,,,,,,,,,,,,,,,,,,,,,,,,,,,,,,,,,,,,,,,,,,,,,,,,,,,,11,171.7
1786469040,321.64,321.74,321.54,321.54,327.62,325.47,,,,,,,,,,,,,,,,,,,,,,,,,,,,,,,,,,,,,,,,,,,,,,,,,,,,882,214.9
1786469100,321.5,321.5,321.5,321.5,327.62,325.47,,,,,,,,,,,,,,,,,,,,,,,,,,,,,,,,,,,,,,,,,,,,,,,,,,,,90,218.1
1786469160,321.29,321.45,321.28,321.28,327.62,325.47,,,,,,,,,,,,,,,,,,,,,,,,,,,,,,,,,,,,,,,,,,,,,,,,,,,,74,221.45
1786469220,321.36,321.36,321.36,321.36,327.62,325.47,,,,,,,,,,,,,,,,,,,,,,,,,,,,,,,,,,,,,,,,,,,,,,,,,,,,105,226.65
1786469280,321.42,321.55,321.42,321.51,327.62,325.47,,,,,,,,,,,,,,,,,,,,,,,,,,,,,,,,,,,,,,,,,,,,,,,,,,,,183,233.25
1786469340,321.6,321.6,321.6,321.6,327.62,325.47,,,,,,,,,,,,,,,,,,,,,,,,,,,,,,,,,,,,,,,,,,,,,,,,,,,,21,215.9
1786469400,321.53,321.54,321.53,321.53,327.62,325.47,,,,,,,,,,,,,,,,,,,,,,,,,,,,,,,,,,,,,,,,,,,,,,,,,,,,15,192.5
1786469460,321.52,321.52,321.52,321.52,327.62,325.47,,,,,,,,,,,,,,,,,,,,,,,,,,,,,,,,,,,,,,,,,,,,,,,,,,,,26,192.7
1786469520,321.51,321.54,321.46,321.52,327.62,325.47,,,,,,,,,,,,,,,,,,,,,,,,,,,,,,,,,,,,,,,,,,,,,,,,,,,,167,194.95
1786469580,321.57,321.57,321.4,321.4,327.62,325.47,,,,,,,,,,,,,,,,,,,,,,,,,,,,,,,,,,,,,,,,,,,,,,,,,,,,14,171.15
1786469640,321.51,321.57,321.51,321.54,327.62,325.47,,,,,,,,,,,,,,,,,,,,,,,,,,,,,,,,,,,,,,,,,,,,,,,,,,,,186,172.9
1786469700,321.58,321.65,321.58,321.65,327.62,325.47,,,,,,,,,,,,,,,,,,,,,,,,,,,,,,,,,,,,,,,,,,,,,,,,,,,,135,164.55
1786469760,321.69,321.69,321.69,321.69,327.62,325.47,,,,,,,,,,,,,,,,,,,,,,,,,,,,,,,,,,,,,,,,,,,,,,,,,,,,2,164
1786469820,321.7,321.76,321.7,321.7,327.62,325.47,,,,,,,,,,,,,,,,,,,,,,,,,,,,,,,,,,,,,,,,,,,,,,,,,,,,68,166.25
1786469880,321.7,321.77,321.58,321.58,327.62,325.47,,,,,,,,,,,,,,,,,,,,,,,,,,,,,,,,,,,,,,,,,,,,,,,,,,,,92,170.55
1786470060,321.23,321.23,321.16,321.16,327.62,325.47,,,,,,,,,,,,,,,,,,,,,,,,,,,,,,,,,,,,,,,,,,,,,,,,,,,,15,138.4
1786470120,321.28,321.29,321.28,321.29,327.62,325.47,,,,,,,,,,,,,,,,,,,,,,,,,,,,,,,,,,,,,,,,,,,,,,,,,,,,20,126.5
1786470180,321.29,321.29,321.04,321.04,327.62,325.47,,,,,,,,,,,,,,,,,,,,,,,,,,,,,,,,,,,,,,,,,,,,,,,,,,,,12,111.65
1786470240,321,321.05,320.8,321.05,327.62,325.47,,,,,,,,,,,,,,,,,,,,,,,,,,,,,,,,,,,,,,,,,,,,,,,,,,,,81,109.95
1786470300,321.05,321.09,321.04,321.09,327.62,325.47,,,,,,,,,,,,,,,,,,,,,,,,,,,,,,,,,,,,,,,,,,,,,,,,,,,,147,116.75
1786470360,321.01,321.13,321.01,321.13,327.62,325.47,,,,,,,,,,,,,,,,,,,,,,,,,,,,,,,,,,,,,,,,,,,,,,,,,,,,96,77.45
1786470420,321.17,321.17,321.17,321.17,327.62,325.47,,,,,,,,,,,,,,,,,,,,,,,,,,,,,,,,,,,,,,,,,,,,,,,,,,,,5,73.2
1786470480,321.21,321.22,321.2,321.2,327.62,325.47,,,,,,,,,,,,,,,,,,,,,,,,,,,,,,,,,,,,,,,,,,,,,,,,,,,,82,73.6
1786470540,321.3,321.31,321.3,321.31,327.62,325.47,,,,,,,,,,,,,,,,,,,,,,,,,,,,,,,,,,,,,,,,,,,,,,,,,,,,52,70.95
1786470600,321.265,321.265,321.265,321.265,327.62,325.47,,,,,,,,,,,,,,,,,,,,,,,,,,,,,,,,,,,,,,,,,,,,,,,,,,,,15,62.55
1786470720,321.2,321.2,321.19,321.19,327.62,325.47,,,,,,,,,,,,,,,,,,,,,,,,,,,,,,,,,,,,,,,,,,,,,,,,,,,,70,65
1786470780,321.31,321.31,321.31,321.31,327.62,325.47,,,,,,,,,,,,,,,,,,,,,,,,,,,,,,,,,,,,,,,,,,,,,,,,,,,,37,66.1
1786470840,321.17,321.17,321.17,321.17,327.62,325.47,,,,,,,,,,,,,,,,,,,,,,,,,,,,,,,,,,,,,,,,,,,,,,,,,,,,1,64.85
1786470900,321.31,321.31,321.31,321.31,327.62,325.47,,,,,,,,,,,,,,,,,,,,,,,,,,,,,,,,,,,,,,,,,,,,,,,,,,,,19,57.45
1786470960,321.33,321.45,321.31,321.45,327.62,325.47,,,,,,,,,,,,,,,,,,,,,,,,,,,,,,,,,,,,,,,,,,,,,,,,,,,,302,71.85
1786471140,321.52,321.58,321.44,321.56,327.62,325.47,,,,,,,,,,,,,,,,,,,,,,,,,,,,,,,,,,,,,,,,,,,,,,,,,,,,203,72.7
1786471200,321.46,321.46,321.46,321.46,327.62,325.47,,,,,,,,,,,,,,,,,,,,,,,,,,,,,,,,,,,,,,,,,,,,,,,,,,,,10,66.45
1786471260,321.45,321.45,321.45,321.45,327.62,325.47,,,,,,,,,,,,,,,,,,,,,,,,,,,,,,,,,,,,,,,,,,,,,,,,,,,,37,68.2
1786471320,321.34,321.49,321.34,321.49,327.62,325.47,,,,,,,,,,,,,,,,,,,,,,,,,,,,,,,,,,,,,,,,,,,,,,,,,,,,165,73.05
1786471380,321.53,321.53,321.37,321.37,327.62,325.47,,,,,,,,,,,,,,,,,,,,,,,,,,,,,,,,,,,,,,,,,,,,,,,,,,,,13,69.1
1786471560,321.48,321.48,321.35,321.39,327.62,325.47,,,,,,,,,,,,,,,,,,,,,,,,,,,,,,,,,,,,,,,,,,,,,,,,,,,,42,70.45
1786471620,321.43,321.43,321.43,321.43,327.62,325.47,,,,,,,,,,,,,,,,,,,,,,,,,,,,,,,,,,,,,,,,,,,,,,,,,,,,20,70.45
1786471680,321.47,321.47,321.25,321.25,327.62,325.47,,,,,,,,,,,,,,,,,,,,,,,,,,,,,,,,,,,,,,,,,,,,,,,,,,,,18,70.75
1786471800,321.26,321.32,321.22,321.22,327.62,325.47,,,,,,,,,,,,,,,,,,,,,,,,,,,,,,,,,,,,,,,,,,,,,,,,,,,,160,74.7
1786471920,321.14,321.14,321.14,321.14,327.62,325.47,,,,,,,,,,,,,,,,,,,,,,,,,,,,,,,,,,,,,,,,,,,,,,,,,,,,1,67.4
1786471980,321.05,321.05,320.95,320.95,327.62,325.47,,,,,,,,,,,,,,,,,,,,,,,,,,,,,,,,,,,,,,,,,,,,,,,,,,,,333,79.25
1786472040,320.91,320.91,320.91,320.91,327.62,325.47,,,,,,,,,,,,,,,,,,,,,,,,,,,,,,,,,,,,,,,,,,,,,,,,,,,,7,79.35
1786472100,321.05,321.195,321.01,321.01,327.62,325.47,,,,,,,,,,,,,,,,,,,,,,,,,,,,,,,,,,,,,,,,,,,,,,,,,,,,960,123.25
1786472220,321.26,321.26,321.11,321.11,327.62,325.47,,,,,,,,,,,,,,,,,,,,,,,,,,,,,,,,,,,,,,,,,,,,,,,,,,,,178,129.55
1786472280,321.19,321.19,321.19,321.19,327.62,325.47,,,,,,,,,,,,,,,,,,,,,,,,,,,,,,,,,,,,,,,,,,,,,,,,,,,,36,130.6
1786472340,321.24,321.39,321.24,321.39,327.62,325.47,,,,,,,,,,,,,,,,,,,,,,,,,,,,,,,,,,,,,,,,,,,,,,,,,,,,107,132.45
1786472400,321.2,321.27,321.2,321.27,327.62,325.47,,,,,,,,,,,,,,,,,,,,,,,,,,,,,,,,,,,,,,,,,,,,,,,,,,,,167,138.95
1786472460,321.19,321.25,321.16,321.25,327.62,325.47,,,,,,,,,,,,,,,,,,,,,,,,,,,,,,,,,,,,,,,,,,,,,,,,,,,,54,141.6
1786472640,321.4,321.54,321.4,321.52,327.62,325.47,,,,,,,,,,,,,,,,,,,,,,,,,,,,,,,,,,,,,,,,,,,,,,,,,,,,120,146.65
1786472700,321.63,321.74,321.63,321.67,327.62,325.47,,,,,,,,,,,,,,,,,,,,,,,,,,,,,,,,,,,,,,,,,,,,,,,,,,,,509,157
1786472820,321.72,321.73,321.72,321.73,327.62,325.47,,,,,,,,,,,,,,,,,,,,,,,,,,,,,,,,,,,,,,,,,,,,,,,,,,,,70,150.35
1786472880,321.77,321.77,321.69,321.69,327.62,325.47,,,,,,,,,,,,,,,,,,,,,,,,,,,,,,,,,,,,,,,,,,,,,,,,,,,,657,182.7
1786472940,321.52,321.52,321.41,321.41,327.62,325.47,,,,,,,,,,,,,,,,,,,,,,,,,,,,,,,,,,,,,,,,,,,,,,,,,,,,26,182.15
1786473000,321.53,321.55,321.52,321.54,327.62,325.47,,,,,,,,,,,,,,,,,,,,,,,,,,,,,,,,,,,,,,,,,,,,,,,,,,,,423,195.05
1786473060,321.52,321.54,321.52,321.54,327.62,325.47,,,,,,,,,,,,,,,,,,,,,,,,,,,,,,,,,,,,,,,,,,,,,,,,,,,,120,200.4
1786473120,321.51,321.51,321.51,321.51,327.62,325.47,,,,,,,,,,,,,,,,,,,,,,,,,,,,,,,,,,,,,,,,,,,,,,,,,,,,5,198.55
1786473180,321.57,321.61,321.56,321.6,327.62,325.47,,,,,,,,,,,,,,,,,,,,,,,,,,,,,,,,,,,,,,,,,,,,,,,,,,,,108,202.95
1786473240,321.62,321.69,321.57,321.57,327.62,325.47,,,,,,,,,,,,,,,,,,,,,,,,,,,,,,,,,,,,,,,,,,,,,,,,,,,,47,204.4
1786473360,321.48,321.48,321.23,321.245,327.62,325.47,,,,,,,,,,,,,,,,,,,,,,,,,,,,,,,,,,,,,,,,,,,,,,,,,,,,175,205.15
1786473420,321.41,321.64,321.41,321.64,327.62,325.47,,,,,,,,,,,,,,,,,,,,,,,,,,,,,,,,,,,,,,,,,,,,,,,,,,,,207,215.45
1786473480,321.66,322.07,321.66,322.07,327.62,325.47,,,,,,,,,,,,,,,,,,,,,,,,,,,,,,,,,,,,,,,,,,,,,,,,,,,,363,216.95
1786473540,322.07,322.07,322.07,322.07,327.62,325.47,,,,,,,,,,,,,,,,,,,,,,,,,,,,,,,,,,,,,,,,,,,,,,,,,,,,1,216.65
1786473600,322.07,322.07,321.89,321.89,327.62,325.47,,,,,,,,,,,,,,,,,,,,,,,,,,,,,,,,,,,,,,,,,,,,,,,,,,,,65,171.9
1786473660,321.71,321.85,321.71,321.85,327.62,325.47,,,,,,,,,,,,,,,,,,,,,,,,,,,,,,,,,,,,,,,,,,,,,,,,,,,,44,165.2
1786473720,321.86,321.88,321.86,321.88,327.62,325.47,,,,,,,,,,,,,,,,,,,,,,,,,,,,,,,,,,,,,,,,,,,,,,,,,,,,184,172.6
1786473780,321.82,321.82,321.815,321.815,327.62,325.47,,,,,,,,,,,,,,,,,,,,,,,,,,,,,,,,,,,,,,,,,,,,,,,,,,,,28,168.65
1786473840,321.72,321.72,321.68,321.68,327.62,325.47,,,,,,,,,,,,,,,,,,,,,,,,,,,,,,,,,,,,,,,,,,,,,,,,,,,,2,160.4
1786473960,321.74,321.78,321.74,321.78,327.62,325.47,,,,,,,,,,,,,,,,,,,,,,,,,,,,,,,,,,,,,,,,,,,,,,,,,,,,49,160.15
1786474020,321.61,321.63,321.61,321.63,327.62,325.47,,,,,,,,,,,,,,,,,,,,,,,,,,,,,,,,,,,,,,,,,,,,,,,,,,,,70,157.65
1786474140,321.58,321.69,321.58,321.69,327.62,325.47,,,,,,,,,,,,,,,,,,,,,,,,,,,,,,,,,,,,,,,,,,,,,,,,,,,,185,141.45
1786474200,321.73,321.73,321.73,321.73,327.62,325.47,,,,,,,,,,,,,,,,,,,,,,,,,,,,,,,,,,,,,,,,,,,,,,,,,,,,2,138.05
1786474260,321.65,321.65,321.65,321.65,327.62,325.47,,,,,,,,,,,,,,,,,,,,,,,,,,,,,,,,,,,,,,,,,,,,,,,,,,,,5,105.45
1786474320,321.66,321.75,321.66,321.75,327.62,325.47,,,,,,,,,,,,,,,,,,,,,,,,,,,,,,,,,,,,,,,,,,,,,,,,,,,,74,107.85
1786474380,321.74,321.74,321.67,321.67,327.62,325.47,,,,,,,,,,,,,,,,,,,,,,,,,,,,,,,,,,,,,,,,,,,,,,,,,,,,28,88.1
1786474440,321.52,321.52,321.34,321.34,327.62,325.47,,,,,,,,,,,,,,,,,,,,,,,,,,,,,,,,,,,,,,,,,,,,,,,,,,,,70,85.6
1786474500,321.35,321.35,321.34,321.34,327.62,325.47,,,,,,,,,,,,,,,,,,,,,,,,,,,,,,,,,,,,,,,,,,,,,,,,,,,,66,88.65
1786474560,321.28,321.3,321.21,321.28,327.62,325.47,,,,,,,,,,,,,,,,,,,,,,,,,,,,,,,,,,,,,,,,,,,,,,,,,,,,182,92.35
1786474620,321.27,321.38,321.27,321.36,327.62,325.47,,,,,,,,,,,,,,,,,,,,,,,,,,,,,,,,,,,,,,,,,,,,,,,,,,,,83,94.15
1786474680,321.23,321.23,321.23,321.23,327.62,325.47,,,,,,,,,,,,,,,,,,,,,,,,,,,,,,,,,,,,,,,,,,,,,,,,,,,,22,86.5
1786474740,321.265,321.35,321.18,321.18,327.62,325.47,,,,,,,,,,,,,,,,,,,,,,,,,,,,,,,,,,,,,,,,,,,,,,,,,,,,111,81.7
1786474800,321.13,321.13,321.03,321.05,327.62,325.47,,,,,,,,,,,,,,,,,,,,,,,,,,,,,,,,,,,,,,,,,,,,,,,,,,,,127,69.9
1786474860,321.18,321.23,321.18,321.23,327.62,325.47,,,,,,,,,,,,,,,,,,,,,,,,,,,,,,,,,,,,,,,,,,,,,,,,,,,,23,71
1786474980,321.26,321.38,321.15,321.15,327.62,325.47,,,,,,,,,,,,,,,,,,,,,,,,,,,,,,,,,,,,,,,,,,,,,,,,,,,,496,92.55
1786475040,321.06,321.17,321,321,327.62,325.47,,,,,,,,,,,,,,,,,,,,,,,,,,,,,,,,,,,,,,,,,,,,,,,,,,,,111,95.9
1786475100,321.08,321.08,320.97,321.07,327.62,325.47,,,,,,,,,,,,,,,,,,,,,,,,,,,,,,,,,,,,,,,,,,,,,,,,,,,,51,89.25
1786475220,321.13,321.13,321.13,321.13,327.62,325.47,,,,,,,,,,,,,,,,,,,,,,,,,,,,,,,,,,,,,,,,,,,,,,,,,,,,36,89.65
1786475280,320.965,321.02,320.965,321.02,327.62,325.47,,,,,,,,,,,,,,,,,,,,,,,,,,,,,,,,,,,,,,,,,,,,,,,,,,,,30,91.05
1786475340,320.99,320.99,320.83,320.94,327.62,325.47,,,,,,,,,,,,,,,,,,,,,,,,,,,,,,,,,,,,,,,,,,,,,,,,,,,,77,92.45
1786475400,320.93,321.27,320.93,321.23,327.62,325.47,,,,,,,,,,,,,,,,,,,,,,,,,,,,,,,,,,,,,,,,,,,,,,,,,,,,567,117.3
1786475460,321.22,321.35,321.21,321.34,327.62,325.47,,,,,,,,,,,,,,,,,,,,,,,,,,,,,,,,,,,,,,,,,,,,,,,,,,,,51,110.6
1786475520,321.42,321.72,321.42,321.72,327.62,325.47,,,,,,,,,,,,,,,,,,,,,,,,,,,,,,,,,,,,,,,,,,,,,,,,,,,,273,124.15
1786475580,321.7,321.7,321.7,321.7,327.62,325.47,,,,,,,,,,,,,,,,,,,,,,,,,,,,,,,,,,,,,,,,,,,,,,,,,,,,5,124.15
1786475640,321.68,321.68,321.55,321.55,327.62,325.47,,,,,,,,,,,,,,,,,,,,,,,,,,,,,,,,,,,,,,,,,,,,,,,,,,,,97,125.3
1786475700,321.42,321.44,321.3,321.3,327.62,325.47,,,,,,,,,,,,,,,,,,,,,,,,,,,,,,,,,,,,,,,,,,,,,,,,,,,,496,148.7
1786475760,321.43,321.48,321.43,321.48,327.62,325.47,,,,,,,,,,,,,,,,,,,,,,,,,,,,,,,,,,,,,,,,,,,,,,,,,,,,40,147.2
1786475820,321.37,321.37,321.36,321.36,327.62,325.47,,,,,,,,,,,,,,,,,,,,,,,,,,,,,,,,,,,,,,,,,,,,,,,,,,,,100,148.9
1786475880,321.41,321.43,321.41,321.43,327.62,325.47,,,,,,,,,,,,,,,,,,,,,,,,,,,,,,,,,,,,,,,,,,,,,,,,,,,,67,143.15
1786475940,321.45,321.61,321.45,321.61,327.62,325.47,,,,,,,,,,,,,,,,,,,,,,,,,,,,,,,,,,,,,,,,,,,,,,,,,,,,112,144.6
1786476000,321.56,321.56,321.46,321.46,327.62,325.47,,,,,,,,,,,,,,,,,,,,,,,,,,,,,,,,,,,,,,,,,,,,,,,,,,,,88,147.9
1786476120,321.51,321.54,321.51,321.54,327.62,325.47,,,,,,,,,,,,,,,,,,,,,,,,,,,,,,,,,,,,,,,,,,,,,,,,,,,,38,144.25
1786476180,321.55,321.65,321.55,321.65,327.62,325.47,,,,,,,,,,,,,,,,,,,,,,,,,,,,,,,,,,,,,,,,,,,,,,,,,,,,13,138.55
1786476240,321.51,321.53,321.5,321.53,327.62,325.47,,,,,,,,,,,,,,,,,,,,,,,,,,,,,,,,,,,,,,,,,,,,,,,,,,,,79,141.35
1786476300,321.52,321.59,321.52,321.59,327.62,325.47,,,,,,,,,,,,,,,,,,,,,,,,,,,,,,,,,,,,,,,,,,,,,,,,,,,,362,134.65
1786476360,321.6,321.6,321.6,321.6,327.62,325.47,,,,,,,,,,,,,,,,,,,,,,,,,,,,,,,,,,,,,,,,,,,,,,,,,,,,1,129.15
1786476420,321.645,321.69,321.64,321.64,327.62,325.47,,,,,,,,,,,,,,,,,,,,,,,,,,,,,,,,,,,,,,,,,,,,,,,,,,,,121,132.65
1786476480,321.63,321.77,321.63,321.77,327.62,325.47,,,,,,,,,,,,,,,,,,,,,,,,,,,,,,,,,,,,,,,,,,,,,,,,,,,,58,133.75
1786476540,321.74,321.79,321.74,321.79,327.62,325.47,,,,,,,,,,,,,,,,,,,,,,,,,,,,,,,,,,,,,,,,,,,,,,,,,,,,91,136.8
1786476600,321.7,321.83,321.55,321.55,327.62,325.47,,,,,,,,,,,,,,,,,,,,,,,,,,,,,,,,,,,,,,,,,,,,,,,,,,,,423,154.1
1786476660,321.73,321.73,321.73,321.73,327.62,325.47,,,,,,,,,,,,,,,,,,,,,,,,,,,,,,,,,,,,,,,,,,,,,,,,,,,,40,127.75
1786476720,321.74,321.74,321.66,321.73,327.62,325.47,,,,,,,,,,,,,,,,,,,,,,,,,,,,,,,,,,,,,,,,,,,,,,,,,,,,337,142.05
1786476780,321.87,322.12,321.87,322.08,327.62,325.47,,,,,,,,,,,,,,,,,,,,,,,,,,,,,,,,,,,,,,,,,,,,,,,,,,,,507,153.75
1786476840,322.06,322.21,322.04,322.21,327.62,325.47,,,,,,,,,,,,,,,,,,,,,,,,,,,,,,,,,,,,,,,,,,,,,,,,,,,,629,184.95
1786476900,322.22,322.42,322.22,322.38,327.62,325.47,,,,,,,,,,,,,,,,,,,,,,,,,,,,,,,,,,,,,,,,,,,,,,,,,,,,218,191
1786476960,322.395,322.45,322.395,322.45,327.62,325.47,,,,,,,,,,,,,,,,,,,,,,,,,,,,,,,,,,,,,,,,,,,,,,,,,,,,40,168.2
1786477020,322.34,322.34,322.34,322.34,327.62,325.47,,,,,,,,,,,,,,,,,,,,,,,,,,,,,,,,,,,,,,,,,,,,,,,,,,,,11,166.75
1786477080,322.43,322.6,322.43,322.51,327.62,325.47,,,,,,,,,,,,,,,,,,,,,,,,,,,,,,,,,,,,,,,,,,,,,,,,,,,,168,170.15
1786477140,322.58,322.65,322.58,322.65,327.62,325.47,,,,,,,,,,,,,,,,,,,,,,,,,,,,,,,,,,,,,,,,,,,,,,,,,,,,284,181
1786477200,322.65,322.76,322.62,322.62,327.62,325.47,,,,,,,,,,,,,,,,,,,,,,,,,,,,,,,,,,,,,,,,,,,,,,,,,,,,256,188.2
1786477260,322.57,322.57,322.515,322.515,327.62,325.47,,,,,,,,,,,,,,,,,,,,,,,,,,,,,,,,,,,,,,,,,,,,,,,,,,,,161,191.85
1786477320,322.52,322.58,322.44,322.55,327.62,325.47,,,,,,,,,,,,,,,,,,,,,,,,,,,,,,,,,,,,,,,,,,,,,,,,,,,,905,235.2
1786477380,322.55,322.57,322.49,322.49,327.62,325.47,,,,,,,,,,,,,,,,,,,,,,,,,,,,,,,,,,,,,,,,,,,,,,,,,,,,166,242.85
1786477440,322.56,322.57,322.4,322.4,327.62,325.47,,,,,,,,,,,,,,,,,,,,,,,,,,,,,,,,,,,,,,,,,,,,,,,,,,,,259,251.85
1786477500,322.26,322.26,322.22,322.23,327.62,325.47,,,,,,,,,,,,,,,,,,,,,,,,,,,,,,,,,,,,,,,,,,,,,,,,,,,,25,235
1786477560,322.1,322.1,322.03,322.03,327.62,325.47,,,,,,,,,,,,,,,,,,,,,,,,,,,,,,,,,,,,,,,,,,,,,,,,,,,,11,235.5
1786477620,322.06,322.19,322.06,322.19,327.62,325.47,,,,,,,,,,,,,,,,,,,,,,,,,,,,,,,,,,,,,,,,,,,,,,,,,,,,138,236.35
1786477680,322.19,322.19,321.86,321.86,327.62,325.47,,,,,,,,,,,,,,,,,,,,,,,,,,,,,,,,,,,,,,,,,,,,,,,,,,,,656,266.25
1786477740,321.81,321.83,321.75,321.75,327.62,325.47,,,,,,,,,,,,,,,,,,,,,,,,,,,,,,,,,,,,,,,,,,,,,,,,,,,,305,276.95
1786477800,321.65,321.89,321.63,321.89,327.62,325.47,,,,,,,,,,,,,,,,,,,,,,,,,,,,,,,,,,,,,,,,,,,,,,,,,,,,756,293.6
1786477860,321.85,322.1,321.85,322,327.62,325.47,,,,,,,,,,,,,,,,,,,,,,,,,,,,,,,,,,,,,,,,,,,,,,,,,,,,1075,345.35
1786477920,322.03,322.26,322.03,322.12,327.62,325.47,,,,,,,,,,,,,,,,,,,,,,,,,,,,,,,,,,,,,,,,,,,,,,,,,,,,549,355.95
1786477980,322.09,322.09,322.03,322.08,327.62,325.47,,,,,,,,,,,,,,,,,,,,,,,,,,,,,,,,,,,,,,,,,,,,,,,,,,,,12,331.2
1786478040,321.98,322.01,321.86,321.915,327.62,325.47,,,,,,,,,,,,,,,,,,,,,,,,,,,,,,,,,,,,,,,,,,,,,,,,,,,,227,311.1
1786478100,321.81,321.82,321.63,321.74,327.62,325.47,,,,,,,,,,,,,,,,,,,,,,,,,,,,,,,,,,,,,,,,,,,,,,,,,,,,384,319.4
1786478160,321.75,321.77,321.59,321.71,327.62,325.47,,,,,,,,,,,,,,,,,,,,,,,,,,,,,,,,,,,,,,,,,,,,,,,,,,,,521,343.45
1786478220,321.62,322.08,321.55,322.07,327.62,325.47,,,,,,,,,,,,,,,,,,,,,,,,,,,,,,,,,,,,,,,,,,,,,,,,,,,,1116,398.7
1786478280,322.06,322.23,321.71,321.76,327.62,325.47,,,,,,,,,,,,,,,,,,,,,,,,,,,,,,,,,,,,,,,,,,,,,,,,,,,,2981,539.35
1786478340,321.86,322.31,321.86,322.3,327.62,325.47,,,1,20,1,1786456020000,328.03,327.62,325.47,2.1499999999999773,0.48984861670537067,0.04267902326008085,2.2040667012163406,2,1786456080000,2,0,,,,0,0,0,0,0,,,,0,0,0,0,0,,,,0,0,0,0,0,,,,0,0,0,0,,-1,20,4563,753.3
1786541400,322.58,322.58,322.58,322.58,322.58,322.58,,,,,,,,,,,,,,,,,,,,,,,,,,,,,,,,,,,,,,,,,,,,,,,,,,,,1,740.55
1786541520,322.84,322.84,321.98,321.98,322.84,321.98,,,,,,,,,,,,,,,,,,,,,,,,,,,,,,,,,,,,,,,,,,,,,,,,,,,,43,734.65
1786541640,323.14,324.03,323.13,324.03,324.03,321.98,,,,,,,,,,,,,,,,,,,,,,,,,,,,,,,,,,,,,,,,,,,,,,,,,,,,456,712.2
1786541700,324.47,325.01,324.47,324.68,325.01,321.98,,,,,,,,,,,,,,,,,,,,,,,,,,,,,,,,,,,,,,,,,,,,,,,,,,,,512,729.5
1786541760,325.06,325.08,325.06,325.08,325.08,321.98,,,,,,,,,,,,,,,,,,,,,,,,,,,,,,,,,,,,,,,,,,,,,,,,,,,,150,724.05
1786541820,324.58,324.58,324.28,324.28,325.08,321.98,,,,,,,,,,,,,,,,,,,,,,,,,,,,,,,,,,,,,,,,,,,,,,,,,,,,51,725.35
1786541940,324.75,325.35,324.75,325.21,325.35,321.98,,,,,,,,,,,,,,,,,,,,,,,,,,,,,,,,,,,,,,,,,,,,,,,,,,,,992,774.4
1786542000,324.89,324.89,324.82,324.82,325.35,321.98,,,,,,,,,,,,,,,,,,,,,,,,,,,,,,,,,,,,,,,,,,,,,,,,,,,,170,776
1786542060,325.37,325.59,325.37,325.59,325.59,321.98,,,,,,,,,,,,,,,,,,,,,,,,,,,,,,,,,,,,,,,,,,,,,,,,,,,,14,743.9
1786542120,325.33,325.34,325.12,325.12,325.59,321.98,,,,,,,,,,,,,,,,,,,,,,,,,,,,,,,,,,,,,,,,,,,,,,,,,,,,209,739.1
1786542180,324.8,324.81,324.8,324.8,325.59,321.98,,,,,,,,,,,,,,,,,,,,,,,,,,,,,,,,,,,,,,,,,,,,,,,,,,,,21,702.35
1786542300,324.63,324.79,324.57,324.57,325.59,321.98,,,,,,,,,,,,,,,,,,,,,,,,,,,,,,,,,,,,,,,,,,,,,,,,,,,,47,650.95
1786542360,324.5,324.65,324.36,324.36,325.59,321.98,,,,,,,,,,,,,,,,,,,,,,,,,,,,,,,,,,,,,,,,,,,,,,,,,,,,209,633.95
1786542420,324.81,324.83,324.81,324.83,325.59,321.98,,,,,,,,,,,,,,,,,,,,,,,,,,,,,,,,,,,,,,,,,,,,,,,,,,,,3,633.5
1786542480,324.96,325.17,324.79,325.17,325.59,321.98,,,,,,,,,,,,,,,,,,,,,,,,,,,,,,,,,,,,,,,,,,,,,,,,,,,,349,639.6
1786542540,325.23,325.56,324.51,324.51,325.59,321.98,,,,,,,,,,,,,,,,,,,,,,,,,,,,,,,,,,,,,,,,,,,,,,,,,,,,828,661.8
1786542600,324.82,324.82,324.62,324.62,325.59,321.98,,,,,,,,,,,,,,,,,,,,,,,,,,,,,,,,,,,,,,,,,,,,,,,,,,,,41,637.8
1786542660,324.84,324.84,324.8,324.8,325.59,321.98,,,,,,,,,,,,,,,,,,,,,,,,,,,,,,,,,,,,,,,,,,,,,,,,,,,,26,583.3
1786542720,324.69,324.69,324.68,324.68,325.59,321.98,,,,,,,,,,,,,,,,,,,,,,,,,,,,,,,,,,,,,,,,,,,,,,,,,,,,44,436.45
1786542780,324.9,324.94,324.9,324.94,325.59,321.98,,,,,,,,,,,,,,,,,,,,,,,,,,,,,,,,,,,,,,,,,,,,,,,,,,,,46,210.6
1786542840,324.94,325.43,324.94,325.43,325.59,321.98,,,,,,,,,,,,,,,,,,,,,,,,,,,,,,,,,,,,,,,,,,,,,,,,,,,,22,211.65
1786542960,325.29,325.3,324.95,325.3,325.59,321.98,,,,,,,,,,,,,,,,,,,,,,,,,,,,,,,,,,,,,,,,,,,,,,,,,,,,2784,348.7
1786543020,325.36,325.36,325.08,325.08,325.59,321.98,,,,,,,,,,,,,,,,,,,,,,,,,,,,,,,,,,,,,,,,,,,,,,,,,,,,68,329.3
1786543080,325.31,325.31,325.01,325.2,325.59,321.98,,,,,,,,,,,,,,,,,,,,,,,,,,,,,,,,,,,,,,,,,,,,,,,,,,,,683,337.85
1786543140,325.21,325.21,325.01,325.01,325.59,321.98,,,,,,,,,,,,,,,,,,,,,,,,,,,,,,,,,,,,,,,,,,,,,,,,,,,,2,330.45
1786543260,325.08,325.09,324.63,324.63,325.59,321.98,,,,,,,,,,,,,,,,,,,,,,,,,,,,,,,,,,,,,,,,,,,,,,,,,,,,533,354.55
1786543320,324.75,324.79,324.74,324.78,325.59,321.98,,,,,,,,,,,,,,,,,,,,,,,,,,,,,,,,,,,,,,,,,,,,,,,,,,,,195,314.7
1786543380,324.88,324.88,324.31,324.31,325.59,321.98,,,,,,,,,,,,,,,,,,,,,,,,,,,,,,,,,,,,,,,,,,,,,,,,,,,,230,317.7
1786543440,324.295,324.295,324.295,324.295,325.59,321.98,,,,,,,,,,,,,,,,,,,,,,,,,,,,,,,,,,,,,,,,,,,,,,,,,,,,42,319.1
1786543500,323.97,323.99,323.86,323.86,325.59,321.98,,,,,,,,,,,,,,,,,,,,,,,,,,,,,,,,,,,,,,,,,,,,,,,,,,,,48,311.05
1786543560,323.5,323.5,323.24,323.34,325.59,321.98,,,,,,,,,,,,,,,,,,,,,,,,,,,,,,,,,,,,,,,,,,,,,,,,,,,,106,315.3
1786543680,322.47,322.68,322.47,322.68,325.59,321.98,,,,,,,,,,,,,,,,,,,,,,,,,,,,,,,,,,,,,,,,,,,,,,,,,,,,25,314.2
1786543800,322.51,322.51,322.51,322.51,325.59,321.98,,,,,,,,,,,,,,,,,,,,,,,,,,,,,,,,,,,,,,,,,,,,,,,,,,,,39,305.7
1786543860,322.33,322.33,322.08,322.08,325.59,321.98,,,,,,,,,,,,,,,,,,,,,,,,,,,,,,,,,,,,,,,,,,,,,,,,,,,,17,306.4
1786543920,322.07,322.23,322.025,322.16,325.59,321.98,,,,,,,,,,,,,,,,,,,,,,,,,,,,,,,,,,,,,,,,,,,,,,,,,,,,166,297.25
1786543980,322.33,322.33,322.33,322.33,325.59,321.98,,,,,,,,,,,,,,,,,,,,,,,,,,,,,,,,,,,,,,,,,,,,,,,,,,,,185,265.1
1786544040,322.305,322.305,322.12,322.12,325.59,321.98,,,,,,,,,,,,,,,,,,,,,,,,,,,,,,,,,,,,,,,,,,,,,,,,,,,,8,263.45
1786544100,322.4,322.44,322.4,322.44,325.59,321.98,,,,,,,,,,,,,,,,,,,,,,,,,,,,,,,,,,,,,,,,,,,,,,,,,,,,52,264.75
1786544160,322.45,322.51,322.45,322.51,325.59,321.98,,,,,,,,,,,,,,,,,,,,,,,,,,,,,,,,,,,,,,,,,,,,,,,,,,,,117,268.4
1786544220,322.71,322.76,322.71,322.76,325.59,321.98,,,,,,,,,,,,,,,,,,,,,,,,,,,,,,,,,,,,,,,,,,,,,,,,,,,,35,267.85
1786544280,322.99,323.07,322.98,323.07,325.59,321.98,,,,,,,,,,,,,,,,,,,,,,,,,,,,,,,,,,,,,,,,,,,,,,,,,,,,45,269
1786544340,323.03,323.03,323.02,323.02,325.59,321.98,,,,,,,,,,,,,,,,,,,,,,,,,,,,,,,,,,,,,,,,,,,,,,,,,,,,16,130.6
1786544400,322.87,322.87,322.82,322.82,325.59,321.98,,,,,,,,,,,,,,,,,,,,,,,,,,,,,,,,,,,,,,,,,,,,,,,,,,,,70,130.7
1786544460,322.88,322.88,322.88,322.88,325.59,321.98,,,,,,,,,,,,,,,,,,,,,,,,,,,,,,,,,,,,,,,,,,,,,,,,,,,,1,96.6
1786544520,322.6,322.93,322.58,322.93,325.59,321.98,,,,,,,,,,,,,,,,,,,,,,,,,,,,,,,,,,,,,,,,,,,,,,,,,,,,234,108.2
1786544580,322.89,322.89,322.89,322.89,325.59,321.98,,,,,,,,,,,,,,,,,,,,,,,,,,,,,,,,,,,,,,,,,,,,,,,,,,,,53,84.2
1786544640,322.89,322.89,322.89,322.89,325.59,321.98,,,,,,,,,,,,,,,,,,,,,,,,,,,,,,,,,,,,,,,,,,,,,,,,,,,,20,75.45
1786544700,322.91,322.91,322.755,322.755,325.59,321.98,,,,,,,,,,,,,,,,,,,,,,,,,,,,,,,,,,,,,,,,,,,,,,,,,,,,27,65.3
1786544760,322.52,322.52,322.26,322.39,325.59,321.98,,,,,,,,,,,,,,,,,,,,,,,,,,,,,,,,,,,,,,,,,,,,,,,,,,,,209,73.65
1786544880,322.35,322.46,322.35,322.46,325.59,321.98,,,,,,,,,,,,,,,,,,,,,,,,,,,,,,,,,,,,,,,,,,,,,,,,,,,,168,79.65
1786544940,322.12,322.23,322.09,322.23,325.59,321.98,,,,,,,,,,,,,,,,,,,,,,,,,,,,,,,,,,,,,,,,,,,,,,,,,,,,260,87.35
1786545000,322.29,322.29,322.06,322.06,325.59,321.98,,,,,,,,,,,,,,,,,,,,,,,,,,,,,,,,,,,,,,,,,,,,,,,,,,,,110,91.6
1786545060,322.23,322.24,321.57,322.03,325.59,321.98,,,,,,,,,,,,,,,,,,,,,,,,,,,,,,,,,,,,,,,,,,,,,,,,,,,,617,120.5
1786545120,321.7,321.7,321.67,321.67,325.59,321.98,,,,,,,,,,,,,,,,,,,,,,,,,,,,,,,,,,,,,,,,,,,,,,,,,,,,64,122.85
1786545180,321.62,321.69,321.62,321.69,325.59,321.98,,,,,,,,,,,,,,,,,,,,,,,,,,,,,,,,,,,,,,,,,,,,,,,,,,,,214,125.25
1786545240,321.85,321.86,321.85,321.86,325.59,321.98,,,,,,,,,,,,,,,,,,,,,,,,,,,,,,,,,,,,,,,,,,,,,,,,,,,,33,117.65
1786545300,321.77,322.14,321.77,322.14,325.59,321.98,,,,,,,,,,,,,,,,,,,,,,,,,,,,,,,,,,,,,,,,,,,,,,,,,,,,34,118.95
1786545360,322.02,322.02,321.9,321.9,325.59,321.98,,,,,,,,,,,,,,,,,,,,,,,,,,,,,,,,,,,,,,,,,,,,,,,,,,,,31,117.9
1786545420,321.85,321.85,321.85,321.85,325.59,321.98,,,,,,,,,,,,,,,,,,,,,,,,,,,,,,,,,,,,,,,,,,,,,,,,,,,,3,112.2
1786545540,321.83,321.83,321.47,321.47,325.59,321.98,,,,,,,,,,,,,,,,,,,,,,,,,,,,,,,,,,,,,,,,,,,,,,,,,,,,107,115.8
1786545600,321.55,321.62,321.52,321.53,325.59,321.98,,,,,,,,,,,,,,,,,,,,,,,,,,,,,,,,,,,,,,,,,,,,,,,,,,,,92,118.15
1786545660,321.69,321.7,321.69,321.69,325.59,321.98,,,,,,,,,,,,,,,,,,,,,,,,,,,,,,,,,,,,,,,,,,,,,,,,,,,,22,118.45
1786545720,321.8,321.8,321.8,321.8,325.59,321.98,,,,,,,,,,,,,,,,,,,,,,,,,,,,,,,,,,,,,,,,,,,,,,,,,,,,21,116
1786545780,321.47,321.47,321.19,321.25,325.59,321.98,,,,,,,,,,,,,,,,,,,,,,,,,,,,,,,,,,,,,,,,,,,,,,,,,,,,160,123.95
1786545840,321.25,321.35,321.25,321.35,325.59,321.98,,,,,,,,,,,,,,,,,,,,,,,,,,,,,,,,,,,,,,,,,,,,,,,,,,,,178,121.15
1786545900,321.32,321.36,321.32,321.34,325.59,321.98,,,,,,,,,,,,,,,,,,,,,,,,,,,,,,,,,,,,,,,,,,,,,,,,,,,,68,121.9
1786545960,321.29,321.39,321.29,321.39,325.59,321.98,,,,,,,,,,,,,,,,,,,,,,,,,,,,,,,,,,,,,,,,,,,,,,,,,,,,186,130.2
1786546020,321.35,321.35,321.27,321.27,325.59,321.98,,,,,,,,,,,,,,,,,,,,,,,,,,,,,,,,,,,,,,,,,,,,,,,,,,,,12,129.45
1786546080,321.17,321.22,321.04,321.04,325.59,321.98,,,,,,,,,,,,,,,,,,,,,,,,,,,,,,,,,,,,,,,,,,,,,,,,,,,,208,129.4
1786546140,321.13,321.18,321.13,321.18,325.59,321.98,,,,,,,,,,,,,,,,,,,,,,,,,,,,,,,,,,,,,,,,,,,,,,,,,,,,21,122.05
1786546200,321.39,321.4,321.39,321.4,325.59,321.98,,,,,,,,,,,,,,,,,,,,,,,,,,,,,,,,,,,,,,,,,,,,,,,,,,,,13,109.7
1786546260,321.43,321.43,321.42,321.42,325.59,321.98,,,,,,,,,,,,,,,,,,,,,,,,,,,,,,,,,,,,,,,,,,,,,,,,,,,,103,109.35
1786546320,321.44,321.44,321.44,321.44,325.59,321.98,,,,,,,,,,,,,,,,,,,,,,,,,,,,,,,,,,,,,,,,,,,,,,,,,,,,1,78.55
1786546380,321.3,321.43,321.3,321.43,325.59,321.98,,,,,,,,,,,,,,,,,,,,,,,,,,,,,,,,,,,,,,,,,,,,,,,,,,,,31,76.9
1786546440,321.55,321.91,321.55,321.91,325.59,321.98,,,,,,,,,,,,,,,,,,,,,,,,,,,,,,,,,,,,,,,,,,,,,,,,,,,,327,82.55
1786546500,321.87,321.88,321.87,321.87,325.59,321.98,,,,,,,,,,,,,,,,,,,,,,,,,,,,,,,,,,,,,,,,,,,,,,,,,,,,21,81.95
1786546620,321.94,322.01,321.94,322.01,325.59,321.98,,,,,,,,,,,,,,,,,,,,,,,,,,,,,,,,,,,,,,,,,,,,,,,,,,,,30,81.75
1786546680,321.935,321.935,321.935,321.935,325.59,321.98,,,,,,,,,,,,,,,,,,,,,,,,,,,,,,,,,,,,,,,,,,,,,,,,,,,,31,81.75
1786546740,321.86,322.02,321.86,322.02,325.59,321.98,,,,,,,,,,,,,,,,,,,,,,,,,,,,,,,,,,,,,,,,,,,,,,,,,,,,187,90.95
1786546800,321.98,322.05,321.86,321.86,325.59,321.98,,,,,,,,,,,,,,,,,,,,,,,,,,,,,,,,,,,,,,,,,,,,,,,,,,,,179,94.55
1786546860,321.84,321.84,321.74,321.74,325.59,321.98,,,,,,,,,,,,,,,,,,,,,,,,,,,,,,,,,,,,,,,,,,,,,,,,,,,,66,93.25
1786546920,321.77,321.99,321.77,321.99,325.59,321.98,,,,,,,,,,,,,,,,,,,,,,,,,,,,,,,,,,,,,,,,,,,,,,,,,,,,57,95
1786546980,321.99,322,321.99,322,325.59,321.98,,,,,,,,,,,,,,,,,,,,,,,,,,,,,,,,,,,,,,,,,,,,,,,,,,,,52,96.55
1786547040,322.13,322.31,322.13,322.31,325.59,321.98,,,,,,,,,,,,,,,,,,,,,,,,,,,,,,,,,,,,,,,,,,,,,,,,,,,,44,90.75
1786547100,322.3,322.3,322.3,322.3,325.59,321.98,,,,,,,,,,,,,,,,,,,,,,,,,,,,,,,,,,,,,,,,,,,,,,,,,,,,12,82.45
1786547160,322.35,322.41,322.35,322.41,325.59,321.98,,,,,,,,,,,,,,,,,,,,,,,,,,,,,,,,,,,,,,,,,,,,,,,,,,,,122,85.15
1786547220,322.47,322.55,322.47,322.55,325.59,321.98,,,,,,,,,,,,,,,,,,,,,,,,,,,,,,,,,,,,,,,,,,,,,,,,,,,,22,76.95
1786547280,322.72,322.74,322.72,322.74,325.59,321.98,,,,,,,,,,,,,,,,,,,,,,,,,,,,,,,,,,,,,,,,,,,,,,,,,,,,29,77.8
1786547340,322.74,322.9,322.74,322.9,325.59,321.98,,,,,,,,,,,,,,,,,,,,,,,,,,,,,,,,,,,,,,,,,,,,,,,,,,,,42,69.5
1786547400,322.74,322.74,322.74,322.74,325.59,321.98,,,,,,,,,,,,,,,,,,,,,,,,,,,,,,,,,,,,,,,,,,,,,,,,,,,,1,68.5
1786547460,322.83,322.93,322.8,322.89,325.59,321.98,,,,,,,,,,,,,,,,,,,,,,,,,,,,,,,,,,,,,,,,,,,,,,,,,,,,608,98.25
1786547520,322.99,323.13,322.99,323.13,325.59,321.98,,,,,,,,,,,,,,,,,,,,,,,,,,,,,,,,,,,,,,,,,,,,,,,,,,,,124,99.3
1786547580,323.12,323.15,323.12,323.15,325.59,321.98,,,,,,,,,,,,,,,,,,,,,,,,,,,,,,,,,,,,,,,,,,,,,,,,,,,,28,100.65
1786547640,323.19,323.19,323.16,323.16,325.59,321.98,,,,,,,,,,,,,,,,,,,,,,,,,,,,,,,,,,,,,,,,,,,,,,,,,,,,130,105.6
1786547700,323.13,323.13,323,323.05,325.59,321.98,,,,,,,,,,,,,,,,,,,,,,,,,,,,,,,,,,,,,,,,,,,,,,,,,,,,151,96.8
1786547760,323.03,323.24,323.03,323.24,325.59,321.98,,,,,,,,,,,,,,,,,,,,,,,,,,,,,,,,,,,,,,,,,,,,,,,,,,,,137,102.6
1786547880,322.92,322.93,322.91,322.93,325.59,321.98,,,,,,,,,,,,,,,,,,,,,,,,,,,,,,,,,,,,,,,,,,,,,,,,,,,,120,107.1
1786547940,322.84,322.84,322.84,322.84,325.59,321.98,,,,,,,,,,,,,,,,,,,,,,,,,,,,,,,,,,,,,,,,,,,,,,,,,,,,40,107.55
1786548000,322.91,322.92,322.91,322.92,325.59,321.98,,,,,,,,,,,,,,,,,,,,,,,,,,,,,,,,,,,,,,,,,,,,,,,,,,,,12,98.8
1786548120,322.98,323.16,322.98,323.16,325.59,321.98,,,,,,,,,,,,,,,,,,,,,,,,,,,,,,,,,,,,,,,,,,,,,,,,,,,,69,93.3
1786548240,323.17,323.18,323.17,323.18,325.59,321.98,,,,,,,,,,,,,,,,,,,,,,,,,,,,,,,,,,,,,,,,,,,,,,,,,,,,55,92.75
1786548300,323.29,323.44,323.25,323.44,325.59,321.98,,,,,,,,,,,,,,,,,,,,,,,,,,,,,,,,,,,,,,,,,,,,,,,,,,,,228,101.3
1786548360,323.51,323.54,323.51,323.51,325.59,321.98,,,,,,,,,,,,,,,,,,,,,,,,,,,,,,,,,,,,,,,,,,,,,,,,,,,,24,99.9
1786548420,323.22,323.22,323.22,323.22,325.59,321.98,,,,,,,,,,,,,,,,,,,,,,,,,,,,,,,,,,,,,,,,,,,,,,,,,,,,10,98.2
1786548480,323.4,323.4,323.4,323.4,325.59,321.98,,,,,,,,,,,,,,,,,,,,,,,,,,,,,,,,,,,,,,,,,,,,,,,,,,,,2,97.7
1786548540,323.5,323.86,323.46,323.85,325.59,321.98,,,,,,,,,,,,,,,,,,,,,,,,,,,,,,,,,,,,,,,,,,,,,,,,,,,,120,97.6
1786548600,323.96,324.1,323.96,324.1,325.59,321.98,,,,,,,,,,,,,,,,,,,,,,,,,,,,,,,,,,,,,,,,,,,,,,,,,,,,6,96.8
1786548780,324.14,324.17,324.14,324.17,325.59,321.98,,,,,,,,,,,,,,,,,,,,,,,,,,,,,,,,,,,,,,,,,,,,,,,,,,,,52,97.95
1786548900,323.94,323.94,323.91,323.92,325.59,321.98,,,,,,,,,,,,,,,,,,,,,,,,,,,,,,,,,,,,,,,,,,,,,,,,,,,,111,101.4
1786548960,323.94,324.07,323.94,324.07,325.59,321.98,,,,,,,,,,,,,,,,,,,,,,,,,,,,,,,,,,,,,,,,,,,,,,,,,,,,24,102.55
1786549020,324.16,324.16,324.16,324.16,325.59,321.98,,,,,,,,,,,,,,,,,,,,,,,,,,,,,,,,,,,,,,,,,,,,,,,,,,,,2,72.25
1786549080,323.91,323.91,323.76,323.76,325.59,321.98,,,,,,,,,,,,,,,,,,,,,,,,,,,,,,,,,,,,,,,,,,,,,,,,,,,,34,67.75
1786549140,323.68,323.68,323.68,323.68,325.59,321.98,,,,,,,,,,,,,,,,,,,,,,,,,,,,,,,,,,,,,,,,,,,,,,,,,,,,1,66.4
1786549200,323.59,323.59,323.59,323.59,325.59,321.98,,,,,,,,,,,,,,,,,,,,,,,,,,,,,,,,,,,,,,,,,,,,,,,,,,,,40,61.9
1786549260,323.69,323.81,323.69,323.81,325.59,321.98,,,,,,,,,,,,,,,,,,,,,,,,,,,,,,,,,,,,,,,,,,,,,,,,,,,,108,59.75
1786549320,323.91,324.03,323.91,324.03,325.59,321.98,,,,,,,,,,,,,,,,,,,,,,,,,,,,,,,,,,,,,,,,,,,,,,,,,,,,59,55.85
1786549440,323.98,324.11,323.98,324.11,325.59,321.98,,,,,,,,,,,,,,,,,,,,,,,,,,,,,,,,,,,,,,,,,,,,,,,,,,,,81,53.9
1786549500,324.01,324.39,324.01,324.39,325.59,321.98,,,,,,,,,,,,,,,,,,,,,,,,,,,,,,,,,,,,,,,,,,,,,,,,,,,,214,62.6
1786549560,324.41,324.43,324.4,324.43,325.59,321.98,,,,,,,,,,,,,,,,,,,,,,,,,,,,,,,,,,,,,,,,,,,,,,,,,,,,3,62.15
1786549680,324.34,324.44,324.26,324.26,325.59,321.98,,,,,,,,,,,,,,,,,,,,,,,,,,,,,,,,,,,,,,,,,,,,,,,,,,,,240,70.7
1786549740,324.44,324.5,324.28,324.28,325.59,321.98,,,,,,,,,,,,,,,,,,,,,,,,,,,,,,,,,,,,,,,,,,,,,,,,,,,,142,75.05
1786549800,324.35,324.35,323.96,324.07,325.59,321.98,,,,,,,,,,,,,,,,,,,,,,,,,,,,,,,,,,,,,,,,,,,,,,,,,,,,267,77
1786549860,324.27,324.37,324.27,324.37,325.59,321.98,,,,,,,,,,,,,,,,,,,,,,,,,,,,,,,,,,,,,,,,,,,,,,,,,,,,92,80.4
1786549980,324.46,324.51,324.46,324.51,325.59,321.98,,,,,,,,,,,,,,,,,,,,,,,,,,,,,,,,,,,,,,,,,,,,,,,,,,,,17,80.75
1786550040,324.51,324.51,324.51,324.51,325.59,321.98,,,,,,,,,,,,,,,,,,,,,,,,,,,,,,,,,,,,,,,,,,,,,,,,,,,,7,81
1786550100,324.46,324.57,324.46,324.57,325.59,321.98,,,,,,,,,,,,,,,,,,,,,,,,,,,,,,,,,,,,,,,,,,,,,,,,,,,,2,75.1
1786550160,324.52,324.77,324.52,324.77,325.59,321.98,,,,,,,,,,,,,,,,,,,,,,,,,,,,,,,,,,,,,,,,,,,,,,,,,,,,50,77.3
1786550220,324.86,324.86,324.86,324.86,325.59,321.98,,,,,,,,,,,,,,,,,,,,,,,,,,,,,,,,,,,,,,,,,,,,,,,,,,,,11,75.25
1786550340,324.84,325,324.84,325,325.59,321.98,,,,,,,,,,,,,,,,,,,,,,,,,,,,,,,,,,,,,,,,,,,,,,,,,,,,133,76.35
1786550400,325.09,325.45,325.05,325.45,325.59,321.98,,,,,,,,,,,,,,,,,,,,,,,,,,,,,,,,,,,,,,,,,,,,,,,,,,,,343,92.3
1786550460,325.2,325.2,324.81,324.81,325.59,321.98,,,,,,,,,,,,,,,,,,,,,,,,,,,,,,,,,,,,,,,,,,,,,,,,,,,,199,102.15
1786550520,324.92,324.92,324.9,324.9,325.59,321.98,,,,,,,,,,,,,,,,,,,,,,,,,,,,,,,,,,,,,,,,,,,,,,,,,,,,52,103.05
1786550760,324.85,324.85,324.8,324.8,325.59,321.98,,,,,,,,,,,,,,,,,,,,,,,,,,,,,,,,,,,,,,,,,,,,,,,,,,,,7,103.35
1786550820,324.79,324.79,324.39,324.39,325.59,321.98,,,,,,,,,,,,,,,,,,,,,,,,,,,,,,,,,,,,,,,,,,,,,,,,,,,,57,104.2
1786551000,324.75,324.75,324.71,324.75,325.59,321.98,,,,,,,,,,,,,,,,,,,,,,,,,,,,,,,,,,,,,,,,,,,,,,,,,,,,44,101
1786551060,324.68,324.87,324.68,324.87,325.59,321.98,,,,,,,,,,,,,,,,,,,,,,,,,,,,,,,,,,,,,,,,,,,,,,,,,,,,115,103.8
1786551180,324.99,325.04,324.9,324.9,325.59,321.98,,,,,,,,,,,,,,,,,,,,,,,,,,,,,,,,,,,,,,,,,,,,,,,,,,,,127,106.1
1786551240,324.97,324.97,324.87,324.87,325.59,321.98,,,,,,,,,,,,,,,,,,,,,,,,,,,,,,,,,,,,,,,,,,,,,,,,,,,,41,97.45
1786551300,324.83,324.83,324.82,324.83,325.59,321.98,,,,,,,,,,,,,,,,,,,,,,,,,,,,,,,,,,,,,,,,,,,,,,,,,,,,63,100.45
1786551360,324.77,324.88,324.76,324.88,325.59,321.98,,,,,,,,,,,,,,,,,,,,,,,,,,,,,,,,,,,,,,,,,,,,,,,,,,,,60,91.45
1786551420,324.83,324.83,324.76,324.8,325.59,321.98,,,,,,,,,,,,,,,,,,,,,,,,,,,,,,,,,,,,,,,,,,,,,,,,,,,,98,89.25
1786551480,324.64,324.84,324.63,324.84,325.59,321.98,,,,,,,,,,,,,,,,,,,,,,,,,,,,,,,,,,,,,,,,,,,,,,,,,,,,258,88.8
1786551600,324.64,324.71,324.63,324.65,325.59,321.98,,,,,,,,,,,,,,,,,,,,,,,,,,,,,,,,,,,,,,,,,,,,,,,,,,,,47,86.55
1786551720,324.81,324.82,324.81,324.81,325.59,321.98,,,,,,,,,,,,,,,,,,,,,,,,,,,,,,,,,,,,,,,,,,,,,,,,,,,,55,88.45
1786551780,324.74,324.77,324.72,324.72,325.59,321.98,,,,,,,,,,,,,,,,,,,,,,,,,,,,,,,,,,,,,,,,,,,,,,,,,,,,228,99.5
1786551840,324.74,324.74,324.74,324.74,325.59,321.98,,,,,,,,,,,,,,,,,,,,,,,,,,,,,,,,,,,,,,,,,,,,,,,,,,,,6,99.7
1786551900,324.88,324.88,324.88,324.88,325.59,321.98,,,,,,,,,,,,,,,,,,,,,,,,,,,,,,,,,,,,,,,,,,,,,,,,,,,,65,100.45
1786551960,324.89,324.89,324.89,324.89,325.59,321.98,,,,,,,,,,,,,,,,,,,,,,,,,,,,,,,,,,,,,,,,,,,,,,,,,,,,1,99.95
1786552020,324.76,324.76,324.75,324.75,325.59,321.98,,,,,,,,,,,,,,,,,,,,,,,,,,,,,,,,,,,,,,,,,,,,,,,,,,,,67,96.65
1786552140,324.74,324.82,324.74,324.82,325.59,321.98,,,,,,,,,,,,,,,,,,,,,,,,,,,,,,,,,,,,,,,,,,,,,,,,,,,,44,81.7
1786552200,324.8,324.83,324.8,324.83,325.59,321.98,,,,,,,,,,,,,,,,,,,,,,,,,,,,,,,,,,,,,,,,,,,,,,,,,,,,35,73.5
1786552260,324.74,324.83,324.68,324.83,325.59,321.98,,,,,,,,,,,,,,,,,,,,,,,,,,,,,,,,,,,,,,,,,,,,,,,,,,,,477,94.75
1786552440,325.02,325.09,325.02,325.03,325.59,321.98,,,,,,,,,,,,,,,,,,,,,,,,,,,,,,,,,,,,,,,,,,,,,,,,,,,,121,100.45
1786552500,325.08,325.41,325.08,325.41,325.59,321.98,,,,,,,,,,,,,,,,,,,,,,,,,,,,,,,,,,,,,,,,,,,,,,,,,,,,211,108.15
1786552560,325.47,325.49,325.47,325.49,325.59,321.98,,,,,,,,,,,,,,,,,,,,,,,,,,,,,,,,,,,,,,,,,,,,,,,,,,,,42,108.05
1786552620,325.48,325.53,325.48,325.53,325.59,321.98,,,,,,,,,,,,,,,,,,,,,,,,,,,,,,,,,,,,,,,,,,,,,,,,,,,,230,113.8
1786552680,325.63,325.63,325.43,325.43,325.59,321.98,,,,,,,,,,,,,,,,,,,,,,,,,,,,,,,,,,,,,,,,,,,,,,,,,,,,225,118.7
1786552740,325.475,325.475,325.475,325.475,325.59,321.98,,,,,,,,,,,,,,,,,,,,,,,,,,,,,,,,,,,,,,,,,,,,,,,,,,,,1,116.7
1786552800,325.48,325.5,325.38,325.5,325.59,321.98,,,,,,,,,,,,,,,,,,,,,,,,,,,,,,,,,,,,,,,,,,,,,,,,,,,,29,115
1786552860,325.47,325.61,325.45,325.61,325.59,321.98,,,,,,,,,,,,,,,,,,,,,,,,,,,,,,,,,,,,,,,,,,,,,,,,,,,,281,126.05
1786553040,325.39,325.47,325.29,325.46,325.59,321.98,,,,,,,,,,,,,,,,,,,,,,,,,,,,,,,,,,,,,,,,,,,,,,,,,,,,168,129.55
1786553160,325.57,325.57,325.4,325.4,325.59,321.98,,,,,,,,,,,,,,,,,,,,,,,,,,,,,,,,,,,,,,,,,,,,,,,,,,,,55,119.4
1786553220,325.43,325.43,325.31,325.31,325.59,321.98,,,,,,,,,,,,,,,,,,,,,,,,,,,,,,,,,,,,,,,,,,,,,,,,,,,,172,125.65
1786553280,325.43,325.44,325.43,325.43,325.59,321.98,,,,,,,,,,,,,,,,,,,,,,,,,,,,,,,,,,,,,,,,,,,,,,,,,,,,168,131.3
1786553340,325.58,325.59,325.58,325.58,325.59,321.98,,,,,,,,,,,,,,,,,,,,,,,,,,,,,,,,,,,,,,,,,,,,,,,,,,,,127,126.25
1786553400,325.61,325.74,325.61,325.74,325.59,321.98,,,,,,,,,,,,,,,,,,,,,,,,,,,,,,,,,,,,,,,,,,,,,,,,,,,,250,138.45
1786553460,325.7,325.7,325.7,325.7,325.59,321.98,,,,,,,,,,,,,,,,,,,,,,,,,,,,,,,,,,,,,,,,,,,,,,,,,,,,4,135.4
1786553580,325.78,325.92,325.77,325.92,325.59,321.98,,,,,,,,,,,,,,,,,,,,,,,,,,,,,,,,,,,,,,,,,,,,,,,,,,,,170,143.85
1786553700,325.89,326.05,325.83,325.83,325.59,321.98,,,,,,,,,,,,,,,,,,,,,,,,,,,,,,,,,,,,,,,,,,,,,,,,,,,,716,176.3
1786553760,325.84,325.88,325.61,325.72,325.59,321.98,,,,,,,,,,,,,,,,,,,,,,,,,,,,,,,,,,,,,,,,,,,,,,,,,,,,444,196.3
1786553820,325.68,325.71,325.68,325.71,325.59,321.98,,,,,,,,,,,,,,,,,,,,,,,,,,,,,,,,,,,,,,,,,,,,,,,,,,,,7,194.9
1786553880,325.64,325.73,325.57,325.73,325.59,321.98,,,,,,,,,,,,,,,,,,,,,,,,,,,,,,,,,,,,,,,,,,,,,,,,,,,,25,172.3
1786553940,325.57,325.595,325.54,325.595,325.59,321.98,,,,,,,,,,,,,,,,,,,,,,,,,,,,,,,,,,,,,,,,,,,,,,,,,,,,69,169.7
1786554000,325.6,325.6,325.6,325.6,325.59,321.98,,,,,,,,,,,,,,,,,,,,,,,,,,,,,,,,,,,,,,,,,,,,,,,,,,,,40,161.15
1786554060,325.64,325.64,325.63,325.64,325.59,321.98,,,,,,,,,,,,,,,,,,,,,,,,,,,,,,,,,,,,,,,,,,,,,,,,,,,,17,159.9
1786554120,325.57,325.57,325.44,325.5,325.59,321.98,,,,,,,,,,,,,,,,,,,,,,,,,,,,,,,,,,,,,,,,,,,,,,,,,,,,283,162.55
1786554180,325.59,325.69,325.59,325.69,325.59,321.98,,,,,,,,,,,,,,,,,,,,,,,,,,,,,,,,,,,,,,,,,,,,,,,,,,,,78,155.2
1786554240,325.56,325.6,325.56,325.56,325.59,321.98,,,,,,,,,,,,,,,,,,,,,,,,,,,,,,,,,,,,,,,,,,,,,,,,,,,,66,158.45
1786554300,325.53,325.53,325.5,325.5,325.59,321.98,,,,,,,,,,,,,,,,,,,,,,,,,,,,,,,,,,,,,,,,,,,,,,,,,,,,61,160.05
1786554360,325.55,325.55,325.46,325.48,325.59,321.98,,,,,,,,,,,,,,,,,,,,,,,,,,,,,,,,,,,,,,,,,,,,,,,,,,,,57,148.85
1786554420,325.55,325.61,325.49,325.54,325.59,321.98,,,,,,,,,,,,,,,,,,,,,,,,,,,,,,,,,,,,,,,,,,,,,,,,,,,,192,150.05
1786554480,325.54,325.58,325.54,325.58,325.59,321.98,,,,,,,,,,,,,,,,,,,,,,,,,,,,,,,,,,,,,,,,,,,,,,,,,,,,50,149.8
1786554540,325.49,325.49,325.49,325.49,325.59,321.98,,,,,,,,,,,,,,,,,,,,,,,,,,,,,,,,,,,,,,,,,,,,,,,,,,,,41,143.25
1786554600,325.44,325.47,325.4,325.47,325.59,321.98,,,,,,,,,,,,,,,,,,,,,,,,,,,,,,,,,,,,,,,,,,,,,,,,,,,,238,146.75
1786554720,325.38,325.4,325.33,325.4,325.59,321.98,,,,,,,,,,,,,,,,,,,,,,,,,,,,,,,,,,,,,,,,,,,,,,,,,,,,133,147.05
1786554900,325.49,325.5,325.49,325.5,325.59,321.98,,,,,,,,,,,,,,,,,,,,,,,,,,,,,,,,,,,,,,,,,,,,,,,,,,,,86,138.85
1786554960,325.41,325.41,325.34,325.34,325.59,321.98,,,,,,,,,,,,,,,,,,,,,,,,,,,,,,,,,,,,,,,,,,,,,,,,,,,,3,138.8
1786555020,325.25,325.27,325.25,325.27,325.59,321.98,,,,,,,,,,,,,,,,,,,,,,,,,,,,,,,,,,,,,,,,,,,,,,,,,,,,113,135.95
1786555080,325.34,325.37,325.34,325.35,325.59,321.98,,,,,,,,,,,,,,,,,,,,,,,,,,,,,,,,,,,,,,,,,,,,,,,,,,,,161,108.2
1786555140,325.36,325.37,325.36,325.37,325.59,321.98,,,,,,,,,,,,,,,,,,,,,,,,,,,,,,,,,,,,,,,,,,,,,,,,,,,,39,87.95
1786555200,325.42,325.42,325.42,325.42,325.59,321.98,,,,,,,,,,,,,,,,,,,,,,,,,,,,,,,,,,,,,,,,,,,,,,,,,,,,4,87.8
1786555380,325.41,325.41,325.41,325.41,325.59,321.98,,,,,,,,,,,,,,,,,,,,,,,,,,,,,,,,,,,,,,,,,,,,,,,,,,,,3,86.7
1786555500,325.29,325.29,325.26,325.26,325.59,321.98,,,,,,,,,,,,,,,,,,,,,,,,,,,,,,,,,,,,,,,,,,,,,,,,,,,,57,86.1
1786555560,325.29,325.31,325.29,325.31,325.59,321.98,,,,,,,,,,,,,,,,,,,,,,,,,,,,,,,,,,,,,,,,,,,,,,,,,,,,62,87.2
1786555620,325.35,325.47,325.35,325.44,325.59,321.98,,,,,,,,,,,,,,,,,,,,,,,,,,,,,,,,,,,,,,,,,,,,,,,,,,,,170,94.85
1786555680,325.44,325.44,325.44,325.44,325.59,321.98,,,,,,,,,,,,,,,,,,,,,,,,,,,,,,,,,,,,,,,,,,,,,,,,,,,,50,83.2
1786555740,325.46,325.47,325.43,325.43,325.59,321.98,,,,,,,,,,,,,,,,,,,,,,,,,,,,,,,,,,,,,,,,,,,,,,,,,,,,126,85.6
1786555800,325.47,325.47,325.47,325.47,325.59,321.98,,,,,,,,,,,,,,,,,,,,,,,,,,,,,,,,,,,,,,,,,,,,,,,,,,,,23,83.45
1786555860,325.33,325.38,325.19,325.19,325.59,321.98,,,,,,,,,,,,,,,,,,,,,,,,,,,,,,,,,,,,,,,,,,,,,,,,,,,,177,89.25
1786555920,325.27,325.3,325.27,325.3,325.59,321.98,,,,,,,,,,,,,,,,,,,,,,,,,,,,,,,,,,,,,,,,,,,,,,,,,,,,159,94.35
1786556040,325.16,325.17,325.16,325.17,325.59,321.98,,,,,,,,,,,,,,,,,,,,,,,,,,,,,,,,,,,,,,,,,,,,,,,,,,,,5,85
1786556100,325.08,325.08,325.08,325.08,325.59,321.98,,,,,,,,,,,,,,,,,,,,,,,,,,,,,,,,,,,,,,,,,,,,,,,,,,,,20,83.5
1786556160,325.04,325.04,325.015,325.015,325.59,321.98,,,,,,,,,,,,,,,,,,,,,,,,,,,,,,,,,,,,,,,,,,,,,,,,,,,,43,83.6
1786556220,324.94,324.95,324.84,324.84,325.59,321.98,,,,,,,,,,,,,,,,,,,,,,,,,,,,,,,,,,,,,,,,,,,,,,,,,,,,155,79.45
1786556280,324.83,324.83,324.81,324.81,325.59,321.98,,,,,,,,,,,,,,,,,,,,,,,,,,,,,,,,,,,,,,,,,,,,,,,,,,,,8,73.2
1786556340,324.91,324.94,324.69,324.69,325.59,321.98,,,,,,,,,,,,,,,,,,,,,,,,,,,,,,,,,,,,,,,,,,,,,,,,,,,,170,77.4
1786556400,324.715,324.715,324.715,324.715,325.59,321.98,,,,,,,,,,,,,,,,,,,,,,,,,,,,,,,,,,,,,,,,,,,,,,,,,,,,40,79.25
1786556580,324.68,324.68,324.68,324.68,325.59,321.98,,,,,,,,,,,,,,,,,,,,,,,,,,,,,,,,,,,,,,,,,,,,,,,,,,,,10,74.1
1786556640,324.82,324.82,324.8,324.8,325.59,321.98,,,,,,,,,,,,,,,,,,,,,,,,,,,,,,,,,,,,,,,,,,,,,,,,,,,,28,67.45
1786556700,324.7,324.765,324.61,324.67,325.59,321.98,,,,,,,,,,,,,,,,,,,,,,,,,,,,,,,,,,,,,,,,,,,,,,,,,,,,629,96.95
1786556820,324.72,324.73,324.72,324.73,325.59,321.98,,,,,,,,,,,,,,,,,,,,,,,,,,,,,,,,,,,,,,,,,,,,,,,,,,,,386,116.05
1786556940,324.74,324.82,324.69,324.69,325.59,321.98,,,,,,,,,,,,,,,,,,,,,,,,,,,,,,,,,,,,,,,,,,,,,,,,,,,,196,125.7
1786557000,324.82,324.82,324.82,324.82,325.59,321.98,,,,,,,,,,,,,,,,,,,,,,,,,,,,,,,,,,,,,,,,,,,,,,,,,,,,26,124.15
1786557060,324.8,324.84,324.8,324.84,325.59,321.98,,,,,,,,,,,,,,,,,,,,,,,,,,,,,,,,,,,,,,,,,,,,,,,,,,,,219,132
1786557180,324.9,324.9,324.89,324.89,325.59,321.98,,,,,,,,,,,,,,,,,,,,,,,,,,,,,,,,,,,,,,,,,,,,,,,,,,,,2,123.6
1786557240,324.71,324.71,324.61,324.61,325.59,321.98,,,,,,,,,,,,,,,,,,,,,,,,,,,,,,,,,,,,,,,,,,,,,,,,,,,,60,124.1
1786557360,324.75,324.76,324.75,324.76,325.59,321.98,,,,,,,,,,,,,,,,,,,,,,,,,,,,,,,,,,,,,,,,,,,,,,,,,,,,120,123.8
1786557420,324.77,324.78,324.77,324.78,325.59,321.98,,,,,,,,,,,,,,,,,,,,,,,,,,,,,,,,,,,,,,,,,,,,,,,,,,,,41,124.7
1786557480,324.79,324.8,324.78,324.79,325.59,321.98,,,,,,,,,,,,,,,,,,,,,,,,,,,,,,,,,,,,,,,,,,,,,,,,,,,,53,118.5
1786557540,324.71,324.71,324.67,324.7,325.59,321.98,,,,,,,,,,,,,,,,,,,,,,,,,,,,,,,,,,,,,,,,,,,,,,,,,,,,137,117.4
1786557600,324.665,324.71,324.665,324.71,325.59,321.98,,,,,,,,,,,,,,,,,,,,,,,,,,,,,,,,,,,,,,,,,,,,,,,,,,,,174,125.85
1786557660,324.74,324.75,324.74,324.75,325.59,321.98,,,,,,,,,,,,,,,,,,,,,,,,,,,,,,,,,,,,,,,,,,,,,,,,,,,,50,127.35
1786557780,324.99,324.99,324.99,324.99,325.59,321.98,,,,,,,,,,,,,,,,,,,,,,,,,,,,,,,,,,,,,,,,,,,,,,,,,,,,100,130.2
1786557840,325.04,325.13,325.04,325.13,325.59,321.98,,,,,,,,,,,,,,,,,,,,,,,,,,,,,,,,,,,,,,,,,,,,,,,,,,,,48,124.85
1786557900,325.09,325.12,325.01,325.12,325.59,321.98,,,,,,,,,,,,,,,,,,,,,,,,,,,,,,,,,,,,,,,,,,,,,,,,,,,,78,128.35
1786557960,325.13,325.13,325.13,325.13,325.59,321.98,,,,,,,,,,,,,,,,,,,,,,,,,,,,,,,,,,,,,,,,,,,,,,,,,,,,40,121.85
1786558020,325.19,325.19,325.06,325.06,325.59,321.98,,,,,,,,,,,,,,,,,,,,,,,,,,,,,,,,,,,,,,,,,,,,,,,,,,,,13,120.5
1786558080,325.18,325.18,324.92,324.92,325.59,321.98,,,,,,,,,,,,,,,,,,,,,,,,,,,,,,,,,,,,,,,,,,,,,,,,,,,,79,123.95
1786558140,324.92,324.92,324.84,324.84,325.59,321.98,,,,,,,,,,,,,,,,,,,,,,,,,,,,,,,,,,,,,,,,,,,,,,,,,,,,21,123.6
1786558200,324.885,324.95,324.885,324.95,325.59,321.98,,,,,,,,,,,,,,,,,,,,,,,,,,,,,,,,,,,,,,,,,,,,,,,,,,,,210,102.65
1786558260,325.11,325.12,325.1,325.12,325.59,321.98,,,,,,,,,,,,,,,,,,,,,,,,,,,,,,,,,,,,,,,,,,,,,,,,,,,,30,84.85
1786558320,325.14,325.21,325.14,325.15,325.59,321.98,,,,,,,,,,,,,,,,,,,,,,,,,,,,,,,,,,,,,,,,,,,,,,,,,,,,35,76.8
1786558380,325.21,325.45,325.21,325.34,325.59,321.98,,,,,,,,,,,,,,,,,,,,,,,,,,,,,,,,,,,,,,,,,,,,,,,,,,,,370,94
1786558440,325.315,325.315,325.315,325.315,325.59,321.98,,,,,,,,,,,,,,,,,,,,,,,,,,,,,,,,,,,,,,,,,,,,,,,,,,,,2,83.15
1786558500,325.37,325.43,325.33,325.33,325.59,321.98,,,,,,,,,,,,,,,,,,,,,,,,,,,,,,,,,,,,,,,,,,,,,,,,,,,,152,90.65
1786558620,325.39,325.52,325.39,325.52,325.59,321.98,,,,,,,,,,,,,,,,,,,,,,,,,,,,,,,,,,,,,,,,,,,,,,,,,,,,175,96.4
1786558680,325.55,325.61,325.55,325.61,325.59,321.98,,,,,,,,,,,,,,,,,,,,,,,,,,,,,,,,,,,,,,,,,,,,,,,,,,,,46,92.7
1786558740,325.7,325.7,325.65,325.65,325.59,321.98,,,,,,,,,,,,,,,,,,,,,,,,,,,,,,,,,,,,,,,,,,,,,,,,,,,,58,93.55
1786558800,325.65,325.65,325.65,325.65,325.59,321.98,,,,,,,,,,,,,,,,,,,,,,,,,,,,,,,,,,,,,,,,,,,,,,,,,,,,6,91.2
1786558860,325.74,325.76,325.74,325.76,325.59,321.98,,,,,,,,,,,,,,,,,,,,,,,,,,,,,,,,,,,,,,,,,,,,,,,,,,,,85,88.6
1786558920,325.77,325.77,325.62,325.62,325.59,321.98,,,,,,,,,,,,,,,,,,,,,,,,,,,,,,,,,,,,,,,,,,,,,,,,,,,,203,90.05
1786559040,325.675,325.74,325.675,325.74,325.59,321.98,,,,,,,,,,,,,,,,,,,,,,,,,,,,,,,,,,,,,,,,,,,,,,,,,,,,71,91.1
1786559100,325.81,325.82,325.81,325.82,325.59,321.98,,,,,,,,,,,,,,,,,,,,,,,,,,,,,,,,,,,,,,,,,,,,,,,,,,,,4,86.3
1786559160,325.9,325.9,325.9,325.9,325.59,321.98,,,,,,,,,,,,,,,,,,,,,,,,,,,,,,,,,,,,,,,,,,,,,,,,,,,,6,84.2
1786559220,325.91,325.91,325.91,325.91,325.59,321.98,,,,,,,,,,,,,,,,,,,,,,,,,,,,,,,,,,,,,,,,,,,,,,,,,,,,25,81.55
1786559280,325.86,325.86,325.85,325.85,325.59,321.98,,,,,,,,,,,,,,,,,,,,,,,,,,,,,,,,,,,,,,,,,,,,,,,,,,,,2,79.65
1786559340,325.76,325.76,325.75,325.75,325.59,321.98,,,,,,,,,,,,,,,,,,,,,,,,,,,,,,,,,,,,,,,,,,,,,,,,,,,,81,83.05
1786559400,325.74,325.74,325.735,325.735,325.59,321.98,,,,,,,,,,,,,,,,,,,,,,,,,,,,,,,,,,,,,,,,,,,,,,,,,,,,2,79.2
1786559460,325.735,325.84,325.735,325.84,325.59,321.98,,,,,,,,,,,,,,,,,,,,,,,,,,,,,,,,,,,,,,,,,,,,,,,,,,,,27,79.5
1786559520,325.75,325.86,325.75,325.86,325.59,321.98,,,,,,,,,,,,,,,,,,,,,,,,,,,,,,,,,,,,,,,,,,,,,,,,,,,,234,80.7
1786559580,325.86,325.92,325.86,325.92,325.59,321.98,,,,,,,,,,,,,,,,,,,,,,,,,,,,,,,,,,,,,,,,,,,,,,,,,,,,291,93.75
1786559640,325.93,325.94,325.88,325.88,325.59,321.98,,,,,,,,,,,,,,,,,,,,,,,,,,,,,,,,,,,,,,,,,,,,,,,,,,,,103,97.15
1786559700,325.73,325.79,325.7,325.76,325.59,321.98,,,,,,,,,,,,,,,,,,,,,,,,,,,,,,,,,,,,,,,,,,,,,,,,,,,,101,83.7
1786559760,325.82,325.82,325.82,325.82,325.59,321.98,,,,,,,,,,,,,,,,,,,,,,,,,,,,,,,,,,,,,,,,,,,,,,,,,,,,1,83.65
1786559820,325.72,325.72,325.72,325.72,325.59,321.98,,,,,,,,,,,,,,,,,,,,,,,,,,,,,,,,,,,,,,,,,,,,,,,,,,,,2,76.15
1786560000,325.86,325.86,325.86,325.86,325.59,321.98,,,,,,,,,,,,,,,,,,,,,,,,,,,,,,,,,,,,,,,,,,,,,,,,,,,,168,75.8
1786560120,325.79,325.92,325.77,325.92,325.59,321.98,,,,,,,,,,,,,,,,,,,,,,,,,,,,,,,,,,,,,,,,,,,,,,,,,,,,52,76.1
1786560180,325.79,326.18,325.79,326.18,325.59,321.98,,,,,,,,,,,,,,,,,,,,,,,,,,,,,,,,,,,,,,,,,,,,,,,,,,,,383,92.35
1786560240,326.19,326.36,326.19,326.36,325.59,321.98,,,,,,,,,,,,,,,,,,,,,,,,,,,,,,,,,,,,,,,,,,,,,,,,,,,,244,104.25
1786560300,326.28,326.28,326.16,326.16,325.59,321.98,,,,,,,,,,,,,,,,,,,,,,,,,,,,,,,,,,,,,,,,,,,,,,,,,,,,98,104.9
1786560360,326.18,326.18,326.18,326.18,325.59,321.98,,,,,,,,,,,,,,,,,,,,,,,,,,,,,,,,,,,,,,,,,,,,,,,,,,,,40,96.75
1786560480,326.21,326.21,326.21,326.21,325.59,321.98,,,,,,,,,,,,,,,,,,,,,,,,,,,,,,,,,,,,,,,,,,,,,,,,,,,,9,93.65
1786560540,326.11,326.21,326.09,326.21,325.59,321.98,,,,,,,,,,,,,,,,,,,,,,,,,,,,,,,,,,,,,,,,,,,,,,,,,,,,223,104.6
1786560600,326.24,326.25,326.24,326.25,325.59,321.98,,,,,,,,,,,,,,,,,,,,,,,,,,,,,,,,,,,,,,,,,,,,,,,,,,,,51,106.85
1786560660,326.29,326.33,326.29,326.33,325.59,321.98,,,,,,,,,,,,,,,,,,,,,,,,,,,,,,,,,,,,,,,,,,,,,,,,,,,,42,107.7
1786560780,326.27,326.32,326.25,326.32,325.59,321.98,,,,,,,,,,,,,,,,,,,,,,,,,,,,,,,,,,,,,,,,,,,,,,,,,,,,91,112.15
1786560840,326.21,326.21,326.21,326.21,325.59,321.98,,,,,,,,,,,,,,,,,,,,,,,,,,,,,,,,,,,,,,,,,,,,,,,,,,,,11,108.65
1786561020,325.98,326.46,325.98,326.335,325.59,321.98,,,,,,,,,,,,,,,,,,,,,,,,,,,,,,,,,,,,,,,,,,,,,,,,,,,,257,121.4
1786561080,326.28,326.29,326.28,326.29,325.59,321.98,,,,,,,,,,,,,,,,,,,,,,,,,,,,,,,,,,,,,,,,,,,,,,,,,,,,100,125.05
1786561140,326.49,326.49,326.43,326.43,325.59,321.98,,,,,,,,,,,,,,,,,,,,,,,,,,,,,,,,,,,,,,,,,,,,,,,,,,,,93,118
1786561260,326.49,326.49,326.47,326.47,325.59,321.98,,,,,,,,,,,,,,,,,,,,,,,,,,,,,,,,,,,,,,,,,,,,,,,,,,,,21,104.5
1786561320,326.47,326.62,326.47,326.62,325.59,321.98,,,,,,,,,,,,,,,,,,,,,,,,,,,,,,,,,,,,,,,,,,,,,,,,,,,,150,106.85
1786561380,326.55,326.64,326.55,326.59,325.59,321.98,,,,,,,,,,,,,,,,,,,,,,,,,,,,,,,,,,,,,,,,,,,,,,,,,,,,5,102.05
1786561440,326.64,326.71,326.61,326.61,325.59,321.98,,,,,,,,,,,,,,,,,,,,,,,,,,,,,,,,,,,,,,,,,,,,,,,,,,,,202,112.1
1786561500,326.63,326.63,326.54,326.54,325.59,321.98,,,,,,,,,,,,,,,,,,,,,,,,,,,,,,,,,,,,,,,,,,,,,,,,,,,,129,118.45
1786561560,326.41,326.41,326.4,326.4,325.59,321.98,,,,,,,,,,,,,,,,,,,,,,,,,,,,,,,,,,,,,,,,,,,,,,,,,,,,9,110.5
1786561620,326.39,326.43,326.33,326.43,325.59,321.98,,,,,,,,,,,,,,,,,,,,,,,,,,,,,,,,,,,,,,,,,,,,,,,,,,,,136,114.7
1786561680,326.38,326.42,326.33,326.33,325.59,321.98,,,,,,,,,,,,,,,,,,,,,,,,,,,,,,,,,,,,,,,,,,,,,,,,,,,,106,100.85
1786561740,326.32,326.35,326.27,326.35,325.59,321.98,,,,,,,,,,,,,,,,,,,,,,,,,,,,,,,,,,,,,,,,,,,,,,,,,,,,239,100.6
1786561800,326.44,326.56,326.44,326.56,325.59,321.98,,,,,,,,,,,,,,,,,,,,,,,,,,,,,,,,,,,,,,,,,,,,,,,,,,,,100,100.7
1786561860,326.56,326.56,326.28,326.28,325.59,321.98,,,,,,,,,,,,,,,,,,,,,,,,,,,,,,,,,,,,,,,,,,,,,,,,,,,,160,106.7
1786561920,326.28,326.47,326.24,326.47,325.59,321.98,,,,,,,,,,,,,,,,,,,,,,,,,,,,,,,,,,,,,,,,,,,,,,,,,,,,272,119.85
1786561980,326.48,326.6,326.48,326.6,325.59,321.98,,,,,,,,,,,,,,,,,,,,,,,,,,,,,,,,,,,,,,,,,,,,,,,,,,,,59,111.65
1786562100,326.58,326.585,326.52,326.52,325.59,321.98,,,,,,,,,,,,,,,,,,,,,,,,,,,,,,,,,,,,,,,,,,,,,,,,,,,,61,112.15
1786562160,326.43,326.43,326.38,326.41,325.59,321.98,,,,,,,,,,,,,,,,,,,,,,,,,,,,,,,,,,,,,,,,,,,,,,,,,,,,27,111.4
1786562220,326.38,326.38,326.28,326.38,325.59,321.98,,,,,,,,,,,,,,,,,,,,,,,,,,,,,,,,,,,,,,,,,,,,,,,,,,,,405,127.1
1786562280,326.4,326.4,326.4,326.4,325.59,321.98,,,,,,,,,,,,,,,,,,,,,,,,,,,,,,,,,,,,,,,,,,,,,,,,,,,,10,127.05
1786562340,326.38,326.41,325.85,325.97,325.59,321.98,,,,,,,,,,,,,,,,,,,,,,,,,,,,,,,,,,,,,,,,,,,,,,,,,,,,5260,377.2
1786562400,326,326.18,326,326.18,325.59,321.98,,,,,,,,,,,,,,,,,,,,,,,,,,,,,,,,,,,,,,,,,,,,,,,,,,,,408,392.6
1786562520,326.06,326.08,325.98,326.08,325.59,321.98,,,,,,,,,,,,,,,,,,,,,,,,,,,,,,,,,,,,,,,,,,,,,,,,,,,,301,403
1786562580,326.11,326.22,326.08,326.22,325.59,321.98,,,,,,,,,,,,,,,,,,,,,,,,,,,,,,,,,,,,,,,,,,,,,,,,,,,,218,412.85
1786562640,326.23,326.27,326.19,326.19,325.59,321.98,,,,,,,,,,,,,,,,,,,,,,,,,,,,,,,,,,,,,,,,,,,,,,,,,,,,115,411.1
1786562760,326.2,326.2,326.12,326.14,325.59,321.98,,,,,,,,,,,,,,,,,,,,,,,,,,,,,,,,,,,,,,,,,,,,,,,,,,,,231,422.4
1786562820,326.08,326.08,326.08,326.08,325.59,321.98,,,,,,,,,,,,,,,,,,,,,,,,,,,,,,,,,,,,,,,,,,,,,,,,,,,,12,412.9
1786562880,326.15,326.15,326.01,326.1,325.59,321.98,,,,,,,,,,,,,,,,,,,,,,,,,,,,,,,,,,,,,,,,,,,,,,,,,,,,562,434.55
1786562940,326.075,326.1,326.05,326.1,325.59,321.98,,,,,,,,,,,,,,,,,,,,,,,,,,,,,,,,,,,,,,,,,,,,,,,,,,,,206,444.4
1786563000,326.11,326.11,326.04,326.04,325.59,321.98,,,,,,,,,,,,,,,,,,,,,,,,,,,,,,,,,,,,,,,,,,,,,,,,,,,,375,456.35
1786563060,326.06,326.13,326.06,326.13,325.59,321.98,,,,,,,,,,,,,,,,,,,,,,,,,,,,,,,,,,,,,,,,,,,,,,,,,,,,126,457.35
1786563120,326,326.08,325.98,326.07,325.59,321.98,,,,,,,,,,,,,,,,,,,,,,,,,,,,,,,,,,,,,,,,,,,,,,,,,,,,484,469.6
1786563180,326.09,326.18,326.03,326.03,325.59,321.98,,,,,,,,,,,,,,,,,,,,,,,,,,,,,,,,,,,,,,,,,,,,,,,,,,,,85,468.85
1786563240,325.97,326.08,325.85,326.08,325.59,321.98,,,,,,,,,,,,,,,,,,,,,,,,,,,,,,,,,,,,,,,,,,,,,,,,,,,,352,478.45
1786563300,326.13,326.185,326.13,326.185,325.59,321.98,,,,,,,,,,,,,,,,,,,,,,,,,,,,,,,,,,,,,,,,,,,,,,,,,,,,255,477.6
1786563360,326.24,326.35,326.21,326.3,325.59,321.98,,,,,,,,,,,,,,,,,,,,,,,,,,,,,,,,,,,,,,,,,,,,,,,,,,,,259,487.6
1786563420,326.4,326.45,326.39,326.4,325.59,321.98,,,,,,,,,,,,,,,,,,,,,,,,,,,,,,,,,,,,,,,,,,,,,,,,,,,,426,505.85
1786563480,326.41,326.43,326.41,326.42,325.59,321.98,,,,,,,,,,,,,,,,,,,,,,,,,,,,,,,,,,,,,,,,,,,,,,,,,,,,153,512.15
1786563540,326.43,326.63,326.38,326.62,325.59,321.98,,,,,,,,,,,,,,,,,,,,,,,,,,,,,,,,,,,,,,,,,,,,,,,,,,,,314,507.6
1786563600,326.55,326.55,326.22,326.285,325.59,321.98,,,,,,,,,,,,,,,,,,,,,,,,,,,,,,,,,,,,,,,,,,,,,,,,,,,,548,534.5
1786563660,326.37,326.49,326.37,326.49,325.59,321.98,,,,,,,,,,,,,,,,,,,,,,,,,,,,,,,,,,,,,,,,,,,,,,,,,,,,189,280.95
1786563720,326.45,326.515,326.45,326.515,325.59,321.98,,,,,,,,,,,,,,,,,,,,,,,,,,,,,,,,,,,,,,,,,,,,,,,,,,,,78,264.45
1786563780,326.56,326.56,326.46,326.54,325.59,321.98,,,,,,,,,,,,,,,,,,,,,,,,,,,,,,,,,,,,,,,,,,,,,,,,,,,,117,255.25
1786563840,326.45,326.51,326.45,326.51,325.59,321.98,,,,,,,,,,,,,,,,,,,,,,,,,,,,,,,,,,,,,,,,,,,,,,,,,,,,178,253.25
1786563900,326.37,326.44,326.36,326.4,325.59,321.98,,,,,,,,,,,,,,,,,,,,,,,,,,,,,,,,,,,,,,,,,,,,,,,,,,,,145,254.75
1786563960,326.4,326.45,326.4,326.45,325.59,321.98,,,,,,,,,,,,,,,,,,,,,,,,,,,,,,,,,,,,,,,,,,,,,,,,,,,,332,259.8
1786564020,326.33,326.33,326.18,326.19,325.59,321.98,,,,,,,,,,,,,,,,,,,,,,,,,,,,,,,,,,,,,,,,,,,,,,,,,,,,305,274.45
1786564080,326.21,326.47,326.18,326.32,325.59,321.98,,,,,,,,,,,,,,,,,,,,,,,,,,,,,,,,,,,,,,,,,,,,,,,,,,,,605,276.6
1786564140,326.305,326.305,326.04,326.04,325.59,321.98,,,,,,,,,,,,,,,,,,,,,,,,,,,,,,,,,,,,,,,,,,,,,,,,,,,,585,295.55
1786564200,326.03,326.24,326,326.2,325.59,321.98,,,,,,,,,,,,,,,,,,,,,,,,,,,,,,,,,,,,,,,,,,,,,,,,,,,,817,317.65
1786564260,326.2,326.31,326.11,326.11,325.59,321.98,,,,,,,,,,,,,,,,,,,,,,,,,,,,,,,,,,,,,,,,,,,,,,,,,,,,750,348.85
1786564320,326.12,326.15,326.06,326.1,325.59,321.98,,,,,,,,,,,,,,,,,,,,,,,,,,,,,,,,,,,,,,,,,,,,,,,,,,,,596,354.45
1786564380,326.09,326.09,326.02,326.04,325.59,321.98,,,,,,,,,,,,,,,,,,,,,,,,,,,,,,,,,,,,,,,,,,,,,,,,,,,,498,375.1
1786564440,325.98,326.305,325.91,326.29,325.59,321.98,,,,,,,,,,,,,,,,,,,,,,,,,,,,,,,,,,,,,,,,,,,,,,,,,,,,1561,435.55
1786564500,326.21,326.21,326,326,325.59,321.98,,,,,,,,,,,,,,,,,,,,,,,,,,,,,,,,,,,,,,,,,,,,,,,,,,,,712,458.4
1786564560,326,326.16,326,326.15,325.59,321.98,,,,,,,,,,,,,,,,,,,,,,,,,,,,,,,,,,,,,,,,,,,,,,,,,,,,1145,502.7
1786564620,326.21,326.47,325.93,326.09,325.59,321.98,,,,,,,,,,,,,,,,,,,,,,,,,,,,,,,,,,,,,,,,,,,,,,,,,,,,1782,570.5
1786564680,326.08,326.55,326.01,326.47,325.59,321.98,,,,,,,,,,,,,,,,,,,,,,,,,,,,,,,,,,,,,,,,,,,,,,,,,,,,3029,714.3
1786564740,326.48,326.78,326.375,326.76,325.59,321.98,,,1,21,-1,1786545120000,321.67,325.59,321.98,3.609999999999957,0.2958866841881104,0.1958528927161362,1.5885845742531028,2,1786545300000,2,0,,,,0,0,0,0,0,,,,0,0,0,0,0,,,,0,0,0,0,0,,,,0,0,0,0,,-1,21,5016,949.4
1786627800,327.405,328.8,327.405,328.57,328.8,327.405,,,,,,,,,,,,,,,,,,,,,,,,,,,,,,,,,,,,,,,,,,,,,,,,,,,,313,937.65
1786627860,328.95,329.78,328.95,329.78,329.78,327.405,,,,,,,,,,,,,,,,,,,,,,,,,,,,,,,,,,,,,,,,,,,,,,,,,,,,992,977.8
1786627920,329.88,329.9,329.36,329.36,329.9,327.405,,,,,,,,,,,,,,,,,,,,,,,,,,,,,,,,,,,,,,,,,,,,,,,,,,,,2000,1073.9
1786627980,328.96,328.96,328.77,328.77,329.9,327.405,,,,,,,,,,,,,,,,,,,,,,,,,,,,,,,,,,,,,,,,,,,,,,,,,,,,73,1071.7
1786628040,328.43,328.43,328.08,328.33,329.9,327.405,,,,,,,,,,,,,,,,,,,,,,,,,,,,,,,,,,,,,,,,,,,,,,,,,,,,105,1068.05
1786628100,328.5,328.61,328.5,328.61,329.9,327.405,,,,,,,,,,,,,,,,,,,,,,,,,,,,,,,,,,,,,,,,,,,,,,,,,,,,85,1065.05
1786628160,328.65,328.99,328.64,328.98,329.9,327.405,,,,,,,,,,,,,,,,,,,,,,,,,,,,,,,,,,,,,,,,,,,,,,,,,,,,186,1057.75
1786628220,329.38,329.38,329.38,329.38,329.9,327.405,,,,,,,,,,,,,,,,,,,,,,,,,,,,,,,,,,,,,,,,,,,,,,,,,,,,38,1044.4
1786628280,329.92,330.55,329.92,330.55,330.55,327.405,,,,,,,,,,,,,,,,,,,,,,,,,,,,,,,,,,,,,,,,,,,,,,,,,,,,3495,1188.9
1786628340,330.68,330.685,330.23,330.66,330.685,327.405,,,,,,,,,,,,,,,,,,,,,,,,,,,,,,,,,,,,,,,,,,,,,,,,,,,,528,1186.05
1786628400,330.9,330.95,329.99,330.09,330.95,327.405,,,,,,,,,,,,,,,,,,,,,,,,,,,,,,,,,,,,,,,,,,,,,,,,,,,,784,1184.4
1786628460,329.96,330,329.8,329.84,330.95,327.405,,,,,,,,,,,,,,,,,,,,,,,,,,,,,,,,,,,,,,,,,,,,,,,,,,,,249,1159.35
1786628520,329.78,329.78,329.58,329.76,330.95,327.405,,,,,,,,,,,,,,,,,,,,,,,,,,,,,,,,,,,,,,,,,,,,,,,,,,,,147,1136.9
1786628580,329.43,329.43,329.43,329.43,330.95,327.405,,,,,,,,,,,,,,,,,,,,,,,,,,,,,,,,,,,,,,,,,,,,,,,,,,,,10,1112.5
1786628640,329.47,329.49,329.47,329.47,330.95,327.405,,,,,,,,,,,,,,,,,,,,,,,,,,,,,,,,,,,,,,,,,,,,,,,,,,,,85,1038.7
1786628700,329.38,329.38,329.2,329.32,330.95,327.405,,,,,,,,,,,,,,,,,,,,,,,,,,,,,,,,,,,,,,,,,,,,,,,,,,,,219,1014.05
1786628760,329.17,329.26,329.11,329.26,330.95,327.405,,,,,,,,,,,,,,,,,,,,,,,,,,,,,,,,,,,,,,,,,,,,,,,,,,,,147,964.15
1786628820,329.43,329.77,329.43,329.77,330.95,327.405,,,,,,,,,,,,,,,,,,,,,,,,,,,,,,,,,,,,,,,,,,,,,,,,,,,,432,896.65
1786628880,329.94,330.04,329.68,329.68,330.95,327.405,,,,,,,,,,,,,,,,,,,,,,,,,,,,,,,,,,,,,,,,,,,,,,,,,,,,125,751.45
1786628940,329.67,329.68,329.51,329.68,330.95,327.405,,,,,,,,,,,,,,,,,,,,,,,,,,,,,,,,,,,,,,,,,,,,,,,,,,,,58,503.55
1786629000,329.42,329.43,329.36,329.36,330.95,327.405,,,,,,,,,,,,,,,,,,,,,,,,,,,,,,,,,,,,,,,,,,,,,,,,,,,,115,493.65
1786629060,329.38,329.75,329.38,329.75,330.95,327.405,,,,,,,,,,,,,,,,,,,,,,,,,,,,,,,,,,,,,,,,,,,,,,,,,,,,257,456.9
1786629120,329.64,329.64,329.48,329.48,330.95,327.405,,,,,,,,,,,,,,,,,,,,,,,,,,,,,,,,,,,,,,,,,,,,,,,,,,,,94,361.6
1786629180,329.77,329.99,329.71,329.71,330.95,327.405,,,,,,,,,,,,,,,,,,,,,,,,,,,,,,,,,,,,,,,,,,,,,,,,,,,,424,379.15
1786629240,329.54,329.54,329.36,329.37,330.95,327.405,,,,,,,,,,,,,,,,,,,,,,,,,,,,,,,,,,,,,,,,,,,,,,,,,,,,131,380.45
1786629300,329.36,329.36,329.1,329.26,330.95,327.405,,,,,,,,,,,,,,,,,,,,,,,,,,,,,,,,,,,,,,,,,,,,,,,,,,,,22,377.3
1786629360,329.45,329.45,329.11,329.11,330.95,327.405,,,,,,,,,,,,,,,,,,,,,,,,,,,,,,,,,,,,,,,,,,,,,,,,,,,,130,374.5
1786629420,329.07,329.16,329.07,329.16,330.95,327.405,,,,,,,,,,,,,,,,,,,,,,,,,,,,,,,,,,,,,,,,,,,,,,,,,,,,106,377.9
1786629540,329.19,329.22,329.08,329.08,330.95,327.405,,,,,,,,,,,,,,,,,,,,,,,,,,,,,,,,,,,,,,,,,,,,,,,,,,,,85,207.4
1786629600,329.35,329.57,329.35,329.57,330.95,327.405,,,,,,,,,,,,,,,,,,,,,,,,,,,,,,,,,,,,,,,,,,,,,,,,,,,,56,183.8
1786629660,329.69,329.69,329.69,329.69,330.95,327.405,,,,,,,,,,,,,,,,,,,,,,,,,,,,,,,,,,,,,,,,,,,,,,,,,,,,3,144.75
1786629720,329.5,329.51,329.29,329.51,330.95,327.405,,,,,,,,,,,,,,,,,,,,,,,,,,,,,,,,,,,,,,,,,,,,,,,,,,,,207,142.65
1786629840,329.57,329.57,329.37,329.37,330.95,327.405,,,,,,,,,,,,,,,,,,,,,,,,,,,,,,,,,,,,,,,,,,,,,,,,,,,,20,136.3
1786629900,329.69,329.69,329.66,329.66,330.95,327.405,,,,,,,,,,,,,,,,,,,,,,,,,,,,,,,,,,,,,,,,,,,,,,,,,,,,101,140.85
1786629960,329.74,329.76,329.645,329.645,330.95,327.405,,,,,,,,,,,,,,,,,,,,,,,,,,,,,,,,,,,,,,,,,,,,,,,,,,,,87,140.95
1786630020,329.64,329.64,329.64,329.64,330.95,327.405,,,,,,,,,,,,,,,,,,,,,,,,,,,,,,,,,,,,,,,,,,,,,,,,,,,,1,130.05
1786630080,329.72,329.77,329.6,329.69,330.95,327.405,,,,,,,,,,,,,,,,,,,,,,,,,,,,,,,,,,,,,,,,,,,,,,,,,,,,153,130.35
1786630140,329.72,330.36,329.72,329.96,330.95,327.405,,,,,,,,,,,,,,,,,,,,,,,,,,,,,,,,,,,,,,,,,,,,,,,,,,,,322,124.85
1786630200,330,330.02,330,330.02,330.95,327.405,,,,,,,,,,,,,,,,,,,,,,,,,,,,,,,,,,,,,,,,,,,,,,,,,,,,139,125.55
1786630260,330.04,330.04,330.04,330.04,330.95,327.405,,,,,,,,,,,,,,,,,,,,,,,,,,,,,,,,,,,,,,,,,,,,,,,,,,,,15,123.4
1786630320,330.28,330.69,330.28,330.69,330.95,327.405,,,,,,,,,,,,,,,,,,,,,,,,,,,,,,,,,,,,,,,,,,,,,,,,,,,,267,131
1786630380,330.52,330.52,330.41,330.41,330.95,327.405,,,,,,,,,,,,,,,,,,,,,,,,,,,,,,,,,,,,,,,,,,,,,,,,,,,,195,127.9
1786630440,330.495,331.18,330.495,331.18,330.95,327.405,,,,,,,,,,,,,,,,,,,,,,,,,,,,,,,,,,,,,,,,,,,,,,,,,,,,242,135.3
1786630500,331.19,331.61,331.19,331.38,330.95,327.405,,,,,,,,,,,,,,,,,,,,,,,,,,,,,,,,,,,,,,,,,,,,,,,,,,,,260,127.1
1786630560,331.33,331.33,330.64,330.64,330.95,327.405,,,,,,,,,,,,,,,,,,,,,,,,,,,,,,,,,,,,,,,,,,,,,,,,,,,,220,131.55
1786630620,331.14,331.14,331.03,331.03,330.95,327.405,,,,,,,,,,,,,,,,,,,,,,,,,,,,,,,,,,,,,,,,,,,,,,,,,,,,5,130.7
1786630680,331.2,331.25,331.2,331.25,330.95,327.405,,,,,,,,,,,,,,,,,,,,,,,,,,,,,,,,,,,,,,,,,,,,,,,,,,,,144,131.4
1786630740,331.415,331.415,331.415,331.415,330.95,327.405,,,,,,,,,,,,,,,,,,,,,,,,,,,,,,,,,,,,,,,,,,,,,,,,,,,,40,128.1
1786630800,331.17,331.17,331.17,331.17,330.95,327.405,,,,,,,,,,,,,,,,,,,,,,,,,,,,,,,,,,,,,,,,,,,,,,,,,,,,1,123.9
1786630860,331.36,331.36,331.36,331.36,330.95,327.405,,,,,,,,,,,,,,,,,,,,,,,,,,,,,,,,,,,,,,,,,,,,,,,,,,,,90,125.6
1786630980,331.39,331.4,331.36,331.4,330.95,327.405,,,,,,,,,,,,,,,,,,,,,,,,,,,,,,,,,,,,,,,,,,,,,,,,,,,,128,131.85
1786631040,331.21,331.21,331.21,331.21,330.95,327.405,,,,,,,,,,,,,,,,,,,,,,,,,,,,,,,,,,,,,,,,,,,,,,,,,,,,4,121.7
1786631100,331.09,331.09,331.09,331.09,330.95,327.405,,,,,,,,,,,,,,,,,,,,,,,,,,,,,,,,,,,,,,,,,,,,,,,,,,,,53,123.35
1786631160,331.11,331.14,330.97,331.14,330.95,327.405,,,,,,,,,,,,,,,,,,,,,,,,,,,,,,,,,,,,,,,,,,,,,,,,,,,,437,140.15
1786631220,331.25,331.31,331.25,331.3,330.95,327.405,,,,,,,,,,,,,,,,,,,,,,,,,,,,,,,,,,,,,,,,,,,,,,,,,,,,66,139.1
1786631280,331.44,331.6,331.44,331.54,330.95,327.405,,,,,,,,,,,,,,,,,,,,,,,,,,,,,,,,,,,,,,,,,,,,,,,,,,,,93,143.7
1786631340,331.57,331.73,331.54,331.56,330.95,327.405,,,,,,,,,,,,,,,,,,,,,,,,,,,,,,,,,,,,,,,,,,,,,,,,,,,,133,142.7
1786631400,331.72,331.87,331.65,331.87,330.95,327.405,,,,,,,,,,,,,,,,,,,,,,,,,,,,,,,,,,,,,,,,,,,,,,,,,,,,145,133.85
1786631460,331.64,331.64,331.51,331.51,330.95,327.405,,,,,,,,,,,,,,,,,,,,,,,,,,,,,,,,,,,,,,,,,,,,,,,,,,,,117,132.75
1786631520,331.59,331.59,331.59,331.59,330.95,327.405,,,,,,,,,,,,,,,,,,,,,,,,,,,,,,,,,,,,,,,,,,,,,,,,,,,,50,134.5
1786631580,331.69,331.76,331.59,331.72,330.95,327.405,,,,,,,,,,,,,,,,,,,,,,,,,,,,,,,,,,,,,,,,,,,,,,,,,,,,195,130.9
1786631640,331.8,331.88,331.54,331.54,330.95,327.405,,,,,,,,,,,,,,,,,,,,,,,,,,,,,,,,,,,,,,,,,,,,,,,,,,,,332,137.75
1786631700,331.85,331.85,331.84,331.84,330.95,327.405,,,,,,,,,,,,,,,,,,,,,,,,,,,,,,,,,,,,,,,,,,,,,,,,,,,,3,125.8
1786631820,331.75,331.81,331.75,331.81,330.95,327.405,,,,,,,,,,,,,,,,,,,,,,,,,,,,,,,,,,,,,,,,,,,,,,,,,,,,41,114.85
1786631880,331.89,331.95,331.89,331.95,330.95,327.405,,,,,,,,,,,,,,,,,,,,,,,,,,,,,,,,,,,,,,,,,,,,,,,,,,,,71,107.4
1786631940,331.99,332.13,331.97,332.13,330.95,327.405,,,,,,,,,,,,,,,,,,,,,,,,,,,,,,,,,,,,,,,,,,,,,,,,,,,,436,128.95
1786632000,332.25,332.49,331.88,332.475,330.95,327.405,,,,,,,,,,,,,,,,,,,,,,,,,,,,,,,,,,,,,,,,,,,,,,,,,,,,586,151.05
1786632120,332.37,332.37,332.36,332.36,330.95,327.405,,,,,,,,,,,,,,,,,,,,,,,,,,,,,,,,,,,,,,,,,,,,,,,,,,,,92,153.65
1786632180,332.53,332.55,332.16,332.22,330.95,327.405,,,,,,,,,,,,,,,,,,,,,,,,,,,,,,,,,,,,,,,,,,,,,,,,,,,,231,165.15
1786632240,332.01,332.01,331.97,331.98,330.95,327.405,,,,,,,,,,,,,,,,,,,,,,,,,,,,,,,,,,,,,,,,,,,,,,,,,,,,84,164.85
1786632300,331.84,331.84,331.82,331.82,330.95,327.405,,,,,,,,,,,,,,,,,,,,,,,,,,,,,,,,,,,,,,,,,,,,,,,,,,,,2,158.55
1786632360,332.02,332.13,332.02,332.13,330.95,327.405,,,,,,,,,,,,,,,,,,,,,,,,,,,,,,,,,,,,,,,,,,,,,,,,,,,,55,161.1
1786632420,331.97,331.97,331.97,331.97,330.95,327.405,,,,,,,,,,,,,,,,,,,,,,,,,,,,,,,,,,,,,,,,,,,,,,,,,,,,2,158.55
1786632480,331.86,331.86,331.81,331.81,330.95,327.405,,,,,,,,,,,,,,,,,,,,,,,,,,,,,,,,,,,,,,,,,,,,,,,,,,,,44,138.9
1786632540,331.51,331.55,331.51,331.54,330.95,327.405,,,,,,,,,,,,,,,,,,,,,,,,,,,,,,,,,,,,,,,,,,,,,,,,,,,,58,138.5
1786632600,331.55,331.6,331.55,331.59,330.95,327.405,,,,,,,,,,,,,,,,,,,,,,,,,,,,,,,,,,,,,,,,,,,,,,,,,,,,59,136.8
1786632660,331.49,331.49,331.49,331.49,330.95,327.405,,,,,,,,,,,,,,,,,,,,,,,,,,,,,,,,,,,,,,,,,,,,,,,,,,,,19,131.1
1786632720,331.49,331.82,331.49,331.82,330.95,327.405,,,,,,,,,,,,,,,,,,,,,,,,,,,,,,,,,,,,,,,,,,,,,,,,,,,,126,130.15
1786632780,331.8,331.8,331.56,331.56,330.95,327.405,,,,,,,,,,,,,,,,,,,,,,,,,,,,,,,,,,,,,,,,,,,,,,,,,,,,19,125.25
1786632840,331.7,331.81,331.7,331.81,330.95,327.405,,,,,,,,,,,,,,,,,,,,,,,,,,,,,,,,,,,,,,,,,,,,,,,,,,,,67,126.1
1786632960,331.87,332.12,331.87,331.96,330.95,327.405,,,,,,,,,,,,,,,,,,,,,,,,,,,,,,,,,,,,,,,,,,,,,,,,,,,,756,154.15
1786633020,332.05,332.15,332.02,332.02,330.95,327.405,,,,,,,,,,,,,,,,,,,,,,,,,,,,,,,,,,,,,,,,,,,,,,,,,,,,144,144.75
1786633080,332.51,332.55,332.27,332.27,330.95,327.405,,,,,,,,,,,,,,,,,,,,,,,,,,,,,,,,,,,,,,,,,,,,,,,,,,,,265,157.85
1786633140,332.38,332.38,332.36,332.38,330.95,327.405,,,,,,,,,,,,,,,,,,,,,,,,,,,,,,,,,,,,,,,,,,,,,,,,,,,,161,163.85
1786633200,332.44,332.67,332.44,332.67,330.95,327.405,,,,,,,,,,,,,,,,,,,,,,,,,,,,,,,,,,,,,,,,,,,,,,,,,,,,83,164.45
1786633260,332.69,332.93,332.65,332.865,330.95,327.405,,,,,,,,,,,,,,,,,,,,,,,,,,,,,,,,,,,,,,,,,,,,,,,,,,,,590,172.15
1786633320,332.92,333.25,332.92,333.05,330.95,327.405,,,,,,,,,,,,,,,,,,,,,,,,,,,,,,,,,,,,,,,,,,,,,,,,,,,,370,161.35
1786633380,333,333.18,332.87,333.07,330.95,327.405,,,,,,,,,,,,,,,,,,,,,,,,,,,,,,,,,,,,,,,,,,,,,,,,,,,,275,170.5
1786633440,332.83,332.83,332.82,332.82,330.95,327.405,,,,,,,,,,,,,,,,,,,,,,,,,,,,,,,,,,,,,,,,,,,,,,,,,,,,110,164.45
1786633500,332.91,332.91,332.67,332.76,330.95,327.405,,,,,,,,,,,,,,,,,,,,,,,,,,,,,,,,,,,,,,,,,,,,,,,,,,,,171,168.8
1786633560,332.66,332.78,332.65,332.78,330.95,327.405,,,,,,,,,,,,,,,,,,,,,,,,,,,,,,,,,,,,,,,,,,,,,,,,,,,,315,184.45
1786633620,332.94,332.94,332.94,332.94,330.95,327.405,,,,,,,,,,,,,,,,,,,,,,,,,,,,,,,,,,,,,,,,,,,,,,,,,,,,2,181.8
1786633680,332.75,332.75,332.73,332.73,330.95,327.405,,,,,,,,,,,,,,,,,,,,,,,,,,,,,,,,,,,,,,,,,,,,,,,,,,,,12,182.3
1786633740,332.69,332.69,332.47,332.63,330.95,327.405,,,,,,,,,,,,,,,,,,,,,,,,,,,,,,,,,,,,,,,,,,,,,,,,,,,,180,189.1
1786633800,332.64,332.8,332.61,332.8,330.95,327.405,,,,,,,,,,,,,,,,,,,,,,,,,,,,,,,,,,,,,,,,,,,,,,,,,,,,90,190.7
1786633860,332.86,332.9,332.85,332.885,330.95,327.405,,,,,,,,,,,,,,,,,,,,,,,,,,,,,,,,,,,,,,,,,,,,,,,,,,,,157,195.6
1786633920,332.98,333.15,332.96,333.06,330.95,327.405,,,,,,,,,,,,,,,,,,,,,,,,,,,,,,,,,,,,,,,,,,,,,,,,,,,,343,211.8
1786633980,332.81,332.87,332.8,332.8,330.95,327.405,,,,,,,,,,,,,,,,,,,,,,,,,,,,,,,,,,,,,,,,,,,,,,,,,,,,18,206.4
1786634040,332.8,332.8,332.46,332.62,330.95,327.405,,,,,,,,,,,,,,,,,,,,,,,,,,,,,,,,,,,,,,,,,,,,,,,,,,,,2610,335.95
1786634100,332.43,332.52,332.41,332.52,330.95,327.405,,,,,,,,,,,,,,,,,,,,,,,,,,,,,,,,,,,,,,,,,,,,,,,,,,,,172,341.2
1786634160,332.38,332.38,332.31,332.37,330.95,327.405,,,,,,,,,,,,,,,,,,,,,,,,,,,,,,,,,,,,,,,,,,,,,,,,,,,,129,309.85
1786634220,332.69,332.7,332.69,332.7,330.95,327.405,,,,,,,,,,,,,,,,,,,,,,,,,,,,,,,,,,,,,,,,,,,,,,,,,,,,115,308.4
1786634340,332.66,332.84,332.62,332.84,330.95,327.405,,,,,,,,,,,,,,,,,,,,,,,,,,,,,,,,,,,,,,,,,,,,,,,,,,,,433,316.8
1786634400,333.21,333.21,333.21,333.21,330.95,327.405,,,,,,,,,,,,,,,,,,,,,,,,,,,,,,,,,,,,,,,,,,,,,,,,,,,,32,310.35
1786634460,333.17,333.21,333.17,333.21,330.95,327.405,,,,,,,,,,,,,,,,,,,,,,,,,,,,,,,,,,,,,,,,,,,,,,,,,,,,117,312.05
1786634520,332.93,333.13,332.89,333.13,330.95,327.405,,,,,,,,,,,,,,,,,,,,,,,,,,,,,,,,,,,,,,,,,,,,,,,,,,,,132,289.15
1786634580,333.03,333.03,333.03,333.03,330.95,327.405,,,,,,,,,,,,,,,,,,,,,,,,,,,,,,,,,,,,,,,,,,,,,,,,,,,,1,270.7
1786634640,333.22,333.64,333.19,333.455,330.95,327.405,,,,,,,,,,,,,,,,,,,,,,,,,,,,,,,,,,,,,,,,,,,,,,,,,,,,1048,309.35
1786634700,333.31,333.31,333.31,333.31,330.95,327.405,,,,,,,,,,,,,,,,,,,,,,,,,,,,,,,,,,,,,,,,,,,,,,,,,,,,20,304.85
1786634760,333.31,333.34,333.11,333.11,330.95,327.405,,,,,,,,,,,,,,,,,,,,,,,,,,,,,,,,,,,,,,,,,,,,,,,,,,,,204,306.5
1786634820,333,333.27,333,333.055,330.95,327.405,,,,,,,,,,,,,,,,,,,,,,,,,,,,,,,,,,,,,,,,,,,,,,,,,,,,608,321.15
1786634880,332.95,332.95,332.75,332.81,330.95,327.405,,,,,,,,,,,,,,,,,,,,,,,,,,,,,,,,,,,,,,,,,,,,,,,,,,,,469,344.5
1786634940,332.81,332.81,332.75,332.78,330.95,327.405,,,,,,,,,,,,,,,,,,,,,,,,,,,,,,,,,,,,,,,,,,,,,,,,,,,,65,347.15
1786635000,333,333,332.96,332.96,330.95,327.405,,,,,,,,,,,,,,,,,,,,,,,,,,,,,,,,,,,,,,,,,,,,,,,,,,,,11,338.7
1786635120,332.85,332.85,332.765,332.84,330.95,327.405,,,,,,,,,,,,,,,,,,,,,,,,,,,,,,,,,,,,,,,,,,,,,,,,,,,,71,337.75
1786635180,332.81,332.86,332.81,332.86,330.95,327.405,,,,,,,,,,,,,,,,,,,,,,,,,,,,,,,,,,,,,,,,,,,,,,,,,,,,97,334.75
1786635240,332.96,332.96,332.83,332.89,330.95,327.405,,,,,,,,,,,,,,,,,,,,,,,,,,,,,,,,,,,,,,,,,,,,,,,,,,,,42,319.7
1786635300,332.95,333.22,332.95,333.12,330.95,327.405,,,,,,,,,,,,,,,,,,,,,,,,,,,,,,,,,,,,,,,,,,,,,,,,,,,,371,337.35
1786635360,333.11,333.11,333.1,333.1,330.95,327.405,,,,,,,,,,,,,,,,,,,,,,,,,,,,,,,,,,,,,,,,,,,,,,,,,,,,25,208.1
1786635420,333.02,333.02,332.55,332.55,330.95,327.405,,,,,,,,,,,,,,,,,,,,,,,,,,,,,,,,,,,,,,,,,,,,,,,,,,,,341,216.55
1786635480,332.52,332.74,332.52,332.73,330.95,327.405,,,,,,,,,,,,,,,,,,,,,,,,,,,,,,,,,,,,,,,,,,,,,,,,,,,,212,220.7
1786635540,332.65,332.65,332.58,332.58,330.95,327.405,,,,,,,,,,,,,,,,,,,,,,,,,,,,,,,,,,,,,,,,,,,,,,,,,,,,255,227.7
1786635660,332.74,332.74,332.43,332.43,330.95,327.405,,,,,,,,,,,,,,,,,,,,,,,,,,,,,,,,,,,,,,,,,,,,,,,,,,,,187,215.4
1786635720,332.37,332.395,332.28,332.28,330.95,327.405,,,,,,,,,,,,,,,,,,,,,,,,,,,,,,,,,,,,,,,,,,,,,,,,,,,,37,215.65
1786635780,332.28,332.28,332.2,332.2,330.95,327.405,,,,,,,,,,,,,,,,,,,,,,,,,,,,,,,,,,,,,,,,,,,,,,,,,,,,132,216.4
1786635840,332.2,332.2,331.96,331.96,330.95,327.405,,,,,,,,,,,,,,,,,,,,,,,,,,,,,,,,,,,,,,,,,,,,,,,,,,,,68,213.2
1786635900,332.01,332.04,331.93,331.93,330.95,327.405,,,,,,,,,,,,,,,,,,,,,,,,,,,,,,,,,,,,,,,,,,,,,,,,,,,,33,214.8
1786636020,332.13,332.13,332.13,332.13,330.95,327.405,,,,,,,,,,,,,,,,,,,,,,,,,,,,,,,,,,,,,,,,,,,,,,,,,,,,1,162.45
1786636080,332.065,332.065,332.065,332.065,330.95,327.405,,,,,,,,,,,,,,,,,,,,,,,,,,,,,,,,,,,,,,,,,,,,,,,,,,,,1,161.5
1786636140,332.01,332.01,331.835,331.86,330.95,327.405,,,,,,,,,,,,,,,,,,,,,,,,,,,,,,,,,,,,,,,,,,,,,,,,,,,,103,156.45
1786636320,331.915,331.915,331.915,331.915,330.95,327.405,,,,,,,,,,,,,,,,,,,,,,,,,,,,,,,,,,,,,,,,,,,,,,,,,,,,1,126.1
1786636380,331.92,332.05,331.92,331.99,330.95,327.405,,,,,,,,,,,,,,,,,,,,,,,,,,,,,,,,,,,,,,,,,,,,,,,,,,,,157,110.5
1786636500,332.18,332.19,332.16,332.19,330.95,327.405,,,,,,,,,,,,,,,,,,,,,,,,,,,,,,,,,,,,,,,,,,,,,,,,,,,,85,111.5
1786636560,332.3,332.34,332.23,332.3,330.95,327.405,,,,,,,,,,,,,,,,,,,,,,,,,,,,,,,,,,,,,,,,,,,,,,,,,,,,170,119.45
1786636620,332.4,332.4,332.4,332.4,330.95,327.405,,,,,,,,,,,,,,,,,,,,,,,,,,,,,,,,,,,,,,,,,,,,,,,,,,,,57,118.75
1786636680,332.55,332.585,332.55,332.585,330.95,327.405,,,,,,,,,,,,,,,,,,,,,,,,,,,,,,,,,,,,,,,,,,,,,,,,,,,,15,114.65
1786636740,332.55,332.55,332.47,332.5,330.95,327.405,,,,,,,,,,,,,,,,,,,,,,,,,,,,,,,,,,,,,,,,,,,,,,,,,,,,189,122
1786636800,332.51,332.51,332.33,332.33,330.95,327.405,,,,,,,,,,,,,,,,,,,,,,,,,,,,,,,,,,,,,,,,,,,,,,,,,,,,238,115.35
1786636860,332.54,332.55,332.54,332.55,330.95,327.405,,,,,,,,,,,,,,,,,,,,,,,,,,,,,,,,,,,,,,,,,,,,,,,,,,,,106,119.4
1786636920,332.56,332.7,332.56,332.7,330.95,327.405,,,,,,,,,,,,,,,,,,,,,,,,,,,,,,,,,,,,,,,,,,,,,,,,,,,,173,111
1786636980,332.73,332.78,332.72,332.72,330.95,327.405,,,,,,,,,,,,,,,,,,,,,,,,,,,,,,,,,,,,,,,,,,,,,,,,,,,,198,110.3
1786637040,332.8,332.81,332.8,332.81,330.95,327.405,,,,,,,,,,,,,,,,,,,,,,,,,,,,,,,,,,,,,,,,,,,,,,,,,,,,120,103.55
1786637100,332.74,332.83,332.73,332.83,330.95,327.405,,,,,,,,,,,,,,,,,,,,,,,,,,,,,,,,,,,,,,,,,,,,,,,,,,,,317,110.05
1786637160,332.83,332.83,332.83,332.83,330.95,327.405,,,,,,,,,,,,,,,,,,,,,,,,,,,,,,,,,,,,,,,,,,,,,,,,,,,,3,108.35
1786637220,332.89,333,332.75,332.75,330.95,327.405,,,,,,,,,,,,,,,,,,,,,,,,,,,,,,,,,,,,,,,,,,,,,,,,,,,,519,127.7
1786637280,332.75,332.78,332.75,332.78,330.95,327.405,,,,,,,,,,,,,,,,,,,,,,,,,,,,,,,,,,,,,,,,,,,,,,,,,,,,6,124.6
1786637340,332.74,332.91,332.74,332.74,330.95,327.405,,,,,,,,,,,,,,,,,,,,,,,,,,,,,,,,,,,,,,,,,,,,,,,,,,,,251,135.5
1786637400,332.73,332.73,332.65,332.65,330.95,327.405,,,,,,,,,,,,,,,,,,,,,,,,,,,,,,,,,,,,,,,,,,,,,,,,,,,,132,142.05
1786637460,332.76,332.79,332.74,332.74,330.95,327.405,,,,,,,,,,,,,,,,,,,,,,,,,,,,,,,,,,,,,,,,,,,,,,,,,,,,169,150.45
1786637520,332.78,332.78,332.67,332.67,330.95,327.405,,,,,,,,,,,,,,,,,,,,,,,,,,,,,,,,,,,,,,,,,,,,,,,,,,,,75,149.05
1786637580,332.59,332.645,332.58,332.645,330.95,327.405,,,,,,,,,,,,,,,,,,,,,,,,,,,,,,,,,,,,,,,,,,,,,,,,,,,,34,150.7
1786637640,332.62,332.74,332.62,332.685,330.95,327.405,,,,,,,,,,,,,,,,,,,,,,,,,,,,,,,,,,,,,,,,,,,,,,,,,,,,13,143.5
1786637700,332.75,332.75,332.75,332.75,330.95,327.405,,,,,,,,,,,,,,,,,,,,,,,,,,,,,,,,,,,,,,,,,,,,,,,,,,,,9,139.7
1786637760,332.75,332.81,332.75,332.81,330.95,327.405,,,,,,,,,,,,,,,,,,,,,,,,,,,,,,,,,,,,,,,,,,,,,,,,,,,,41,133.25
1786637880,332.84,332.85,332.75,332.75,330.95,327.405,,,,,,,,,,,,,,,,,,,,,,,,,,,,,,,,,,,,,,,,,,,,,,,,,,,,41,132.45
1786637940,332.84,332.9,332.82,332.85,330.95,327.405,,,,,,,,,,,,,,,,,,,,,,,,,,,,,,,,,,,,,,,,,,,,,,,,,,,,206,142
1786638000,332.8,332.84,332.73,332.84,330.95,327.405,,,,,,,,,,,,,,,,,,,,,,,,,,,,,,,,,,,,,,,,,,,,,,,,,,,,152,140.15
1786638060,332.94,333.01,332.94,332.97,330.95,327.405,,,,,,,,,,,,,,,,,,,,,,,,,,,,,,,,,,,,,,,,,,,,,,,,,,,,198,138.15
1786638120,332.98,332.98,332.93,332.93,330.95,327.405,,,,,,,,,,,,,,,,,,,,,,,,,,,,,,,,,,,,,,,,,,,,,,,,,,,,39,134.8
1786638180,332.9,332.9,332.83,332.87,330.95,327.405,,,,,,,,,,,,,,,,,,,,,,,,,,,,,,,,,,,,,,,,,,,,,,,,,,,,216,136.95
1786638240,332.91,333.01,332.91,333.01,330.95,327.405,,,,,,,,,,,,,,,,,,,,,,,,,,,,,,,,,,,,,,,,,,,,,,,,,,,,4,127.25
1786638300,333.05,333.1,333.01,333.1,330.95,327.405,,,,,,,,,,,,,,,,,,,,,,,,,,,,,,,,,,,,,,,,,,,,,,,,,,,,486,145.55
1786638360,332.95,332.95,332.79,332.79,330.95,327.405,,,,,,,,,,,,,,,,,,,,,,,,,,,,,,,,,,,,,,,,,,,,,,,,,,,,371,148.25
1786638420,332.79,332.79,332.68,332.76,330.95,327.405,,,,,,,,,,,,,,,,,,,,,,,,,,,,,,,,,,,,,,,,,,,,,,,,,,,,221,159.15
1786638480,332.88,332.97,332.88,332.97,330.95,327.405,,,,,,,,,,,,,,,,,,,,,,,,,,,,,,,,,,,,,,,,,,,,,,,,,,,,282,147.3
1786638540,332.89,332.89,332.88,332.88,330.95,327.405,,,,,,,,,,,,,,,,,,,,,,,,,,,,,,,,,,,,,,,,,,,,,,,,,,,,67,150.35
1786638600,332.93,332.95,332.93,332.94,330.95,327.405,,,,,,,,,,,,,,,,,,,,,,,,,,,,,,,,,,,,,,,,,,,,,,,,,,,,52,140.4
1786638660,332.94,333,332.79,332.82,330.95,327.405,,,,,,,,,,,,,,,,,,,,,,,,,,,,,,,,,,,,,,,,,,,,,,,,,,,,426,155.1
1786638720,332.78,332.78,332.76,332.76,330.95,327.405,,,,,,,,,,,,,,,,,,,,,,,,,,,,,,,,,,,,,,,,,,,,,,,,,,,,162,154.75
1786638780,332.72,332.73,332.62,332.69,330.95,327.405,,,,,,,,,,,,,,,,,,,,,,,,,,,,,,,,,,,,,,,,,,,,,,,,,,,,300,166
1786638840,332.71,332.74,332.64,332.64,330.95,327.405,,,,,,,,,,,,,,,,,,,,,,,,,,,,,,,,,,,,,,,,,,,,,,,,,,,,60,167.3
1786638900,332.59,332.62,332.53,332.59,330.95,327.405,,,,,,,,,,,,,,,,,,,,,,,,,,,,,,,,,,,,,,,,,,,,,,,,,,,,395,186.4
1786638960,332.55,332.56,332.53,332.55,330.95,327.405,,,,,,,,,,,,,,,,,,,,,,,,,,,,,,,,,,,,,,,,,,,,,,,,,,,,109,191.4
1786639020,332.47,332.5,332.47,332.5,330.95,327.405,,,,,,,,,,,,,,,,,,,,,,,,,,,,,,,,,,,,,,,,,,,,,,,,,,,,164,197.55
1786639080,332.61,332.77,332.58,332.77,330.95,327.405,,,,,,,,,,,,,,,,,,,,,,,,,,,,,,,,,,,,,,,,,,,,,,,,,,,,607,225.85
1786639140,332.65,332.65,332.55,332.55,330.95,327.405,,,,,,,,,,,,,,,,,,,,,,,,,,,,,,,,,,,,,,,,,,,,,,,,,,,,111,221.1
1786639260,332.59,332.67,332.53,332.58,330.95,327.405,,,,,,,,,,,,,,,,,,,,,,,,,,,,,,,,,,,,,,,,,,,,,,,,,,,,122,219.6
1786639320,332.685,332.87,332.68,332.83,330.95,327.405,,,,,,,,,,,,,,,,,,,,,,,,,,,,,,,,,,,,,,,,,,,,,,,,,,,,440,231.7
1786639440,332.86,332.99,332.86,332.96,330.95,327.405,,,,,,,,,,,,,,,,,,,,,,,,,,,,,,,,,,,,,,,,,,,,,,,,,,,,176,238.55
1786639500,332.98,333.03,332.95,333.03,330.95,327.405,,,,,,,,,,,,,,,,,,,,,,,,,,,,,,,,,,,,,,,,,,,,,,,,,,,,107,233.1
1786639560,332.86,332.905,332.82,332.905,330.95,327.405,,,,,,,,,,,,,,,,,,,,,,,,,,,,,,,,,,,,,,,,,,,,,,,,,,,,153,240.55
1786639620,332.93,332.93,332.89,332.89,330.95,327.405,,,,,,,,,,,,,,,,,,,,,,,,,,,,,,,,,,,,,,,,,,,,,,,,,,,,34,217.95
1786639680,332.77,332.77,332.64,332.67,330.95,327.405,,,,,,,,,,,,,,,,,,,,,,,,,,,,,,,,,,,,,,,,,,,,,,,,,,,,161,207.45
1786639740,332.62,332.62,332.615,332.62,330.95,327.405,,,,,,,,,,,,,,,,,,,,,,,,,,,,,,,,,,,,,,,,,,,,,,,,,,,,3,196.55
1786639800,332.51,332.6,332.51,332.6,330.95,327.405,,,,,,,,,,,,,,,,,,,,,,,,,,,,,,,,,,,,,,,,,,,,,,,,,,,,19,183.4
1786639860,332.59,332.61,332.59,332.61,330.95,327.405,,,,,,,,,,,,,,,,,,,,,,,,,,,,,,,,,,,,,,,,,,,,,,,,,,,,20,181.05
1786639920,332.56,332.56,332.56,332.56,330.95,327.405,,,,,,,,,,,,,,,,,,,,,,,,,,,,,,,,,,,,,,,,,,,,,,,,,,,,1,178.5
1786639980,332.69,332.69,332.69,332.69,330.95,327.405,,,,,,,,,,,,,,,,,,,,,,,,,,,,,,,,,,,,,,,,,,,,,,,,,,,,2,157.3
1786640040,332.61,332.675,332.61,332.675,330.95,327.405,,,,,,,,,,,,,,,,,,,,,,,,,,,,,,,,,,,,,,,,,,,,,,,,,,,,2,149.3
1786640160,332.655,332.73,332.655,332.73,330.95,327.405,,,,,,,,,,,,,,,,,,,,,,,,,,,,,,,,,,,,,,,,,,,,,,,,,,,,53,136.95
1786640220,332.68,332.91,332.68,332.85,330.95,327.405,,,,,,,,,,,,,,,,,,,,,,,,,,,,,,,,,,,,,,,,,,,,,,,,,,,,263,147.1
1786640280,332.98,332.98,332.88,332.88,330.95,327.405,,,,,,,,,,,,,,,,,,,,,,,,,,,,,,,,,,,,,,,,,,,,,,,,,,,,318,143.25
1786640340,332.885,332.885,332.59,332.77,330.95,327.405,,,,,,,,,,,,,,,,,,,,,,,,,,,,,,,,,,,,,,,,,,,,,,,,,,,,656,170.6
1786640460,332.99,333.11,332.99,333.11,330.95,327.405,,,,,,,,,,,,,,,,,,,,,,,,,,,,,,,,,,,,,,,,,,,,,,,,,,,,71,165.95
1786640520,333.01,333.03,332.96,332.99,330.95,327.405,,,,,,,,,,,,,,,,,,,,,,,,,,,,,,,,,,,,,,,,,,,,,,,,,,,,617,166.45
1786640580,332.95,332.965,332.95,332.965,330.95,327.405,,,,,,,,,,,,,,,,,,,,,,,,,,,,,,,,,,,,,,,,,,,,,,,,,,,,114,166.6
1786640640,332.89,332.89,332.89,332.89,330.95,327.405,,,,,,,,,,,,,,,,,,,,,,,,,,,,,,,,,,,,,,,,,,,,,,,,,,,,20,161.5
1786640700,332.9,333.02,332.84,332.97,330.95,327.405,,,,,,,,,,,,,,,,,,,,,,,,,,,,,,,,,,,,,,,,,,,,,,,,,,,,505,164.75
1786640760,333.02,333.02,333.02,333.02,330.95,327.405,,,,,,,,,,,,,,,,,,,,,,,,,,,,,,,,,,,,,,,,,,,,,,,,,,,,10,156.45
1786640820,333.01,333.045,332.95,332.95,330.95,327.405,,,,,,,,,,,,,,,,,,,,,,,,,,,,,,,,,,,,,,,,,,,,,,,,,,,,47,153.45
1786640880,333.02,333.07,332.95,332.95,330.95,327.405,,,,,,,,,,,,,,,,,,,,,,,,,,,,,,,,,,,,,,,,,,,,,,,,,,,,226,157.1
1786640940,332.89,332.92,332.88,332.88,330.95,327.405,,,,,,,,,,,,,,,,,,,,,,,,,,,,,,,,,,,,,,,,,,,,,,,,,,,,259,168.35
1786641000,332.88,332.94,332.85,332.94,330.95,327.405,,,,,,,,,,,,,,,,,,,,,,,,,,,,,,,,,,,,,,,,,,,,,,,,,,,,225,171.55
1786641060,332.89,332.89,332.89,332.89,330.95,327.405,,,,,,,,,,,,,,,,,,,,,,,,,,,,,,,,,,,,,,,,,,,,,,,,,,,,6,171.7
1786641120,332.85,332.89,332.81,332.89,330.95,327.405,,,,,,,,,,,,,,,,,,,,,,,,,,,,,,,,,,,,,,,,,,,,,,,,,,,,96,175.55
1786641180,332.96,332.96,332.96,332.96,330.95,327.405,,,,,,,,,,,,,,,,,,,,,,,,,,,,,,,,,,,,,,,,,,,,,,,,,,,,1,174.6
1786641240,332.87,332.87,332.85,332.85,330.95,327.405,,,,,,,,,,,,,,,,,,,,,,,,,,,,,,,,,,,,,,,,,,,,,,,,,,,,99,179.5
1786641300,332.87,333.2,332.87,333.17,330.95,327.405,,,,,,,,,,,,,,,,,,,,,,,,,,,,,,,,,,,,,,,,,,,,,,,,,,,,824,220.6
1786641420,333.19,333.19,333.11,333.17,330.95,327.405,,,,,,,,,,,,,,,,,,,,,,,,,,,,,,,,,,,,,,,,,,,,,,,,,,,,242,232.6
1786641480,333.16,333.25,333.16,333.2,330.95,327.405,,,,,,,,,,,,,,,,,,,,,,,,,,,,,,,,,,,,,,,,,,,,,,,,,,,,227,241.3
1786641540,333.28,333.28,333.28,333.28,330.95,327.405,,,,,,,,,,,,,,,,,,,,,,,,,,,,,,,,,,,,,,,,,,,,,,,,,,,,154,235.85
1786641600,333.19,333.24,333.15,333.15,330.95,327.405,,,,,,,,,,,,,,,,,,,,,,,,,,,,,,,,,,,,,,,,,,,,,,,,,,,,431,241.5
1786641660,333.12,333.13,333.12,333.13,330.95,327.405,,,,,,,,,,,,,,,,,,,,,,,,,,,,,,,,,,,,,,,,,,,,,,,,,,,,23,209.85
1786641720,333.22,333.27,333.09,333.1,330.95,327.405,,,,,,,,,,,,,,,,,,,,,,,,,,,,,,,,,,,,,,,,,,,,,,,,,,,,300,221.3
1786641780,333.07,333.07,333,333.01,330.95,327.405,,,,,,,,,,,,,,,,,,,,,,,,,,,,,,,,,,,,,,,,,,,,,,,,,,,,228,201.85
1786641900,333,333.01,332.89,332.89,330.95,327.405,,,,,,,,,,,,,,,,,,,,,,,,,,,,,,,,,,,,,,,,,,,,,,,,,,,,180,205.15
1786641960,332.92,332.92,332.92,332.92,330.95,327.405,,,,,,,,,,,,,,,,,,,,,,,,,,,,,,,,,,,,,,,,,,,,,,,,,,,,1,204.2
1786642020,332.86,332.86,332.42,332.68,330.95,327.405,,,,,,,,,,,,,,,,,,,,,,,,,,,,,,,,,,,,,,,,,,,,,,,,,,,,980,227.95
1786642080,332.69,332.84,332.68,332.745,330.95,327.405,,,,,,,,,,,,,,,,,,,,,,,,,,,,,,,,,,,,,,,,,,,,,,,,,,,,589,256.9
1786642140,332.84,332.97,332.78,332.97,330.95,327.405,,,,,,,,,,,,,,,,,,,,,,,,,,,,,,,,,,,,,,,,,,,,,,,,,,,,282,268.65
1786642200,332.82,332.82,332.72,332.72,330.95,327.405,,,,,,,,,,,,,,,,,,,,,,,,,,,,,,,,,,,,,,,,,,,,,,,,,,,,95,262.1
1786642260,332.64,332.78,332.59,332.78,330.95,327.405,,,,,,,,,,,,,,,,,,,,,,,,,,,,,,,,,,,,,,,,,,,,,,,,,,,,185,258.4
1786642320,332.76,332.93,332.76,332.93,330.95,327.405,,,,,,,,,,,,,,,,,,,,,,,,,,,,,,,,,,,,,,,,,,,,,,,,,,,,45,249.4
1786642380,332.84,332.99,332.81,332.89,330.95,327.405,,,,,,,,,,,,,,,,,,,,,,,,,,,,,,,,,,,,,,,,,,,,,,,,,,,,589,278.55
1786642440,332.83,332.98,332.81,332.98,330.95,327.405,,,,,,,,,,,,,,,,,,,,,,,,,,,,,,,,,,,,,,,,,,,,,,,,,,,,95,278.5
1786642500,332.92,332.92,332.7,332.7,330.95,327.405,,,,,,,,,,,,,,,,,,,,,,,,,,,,,,,,,,,,,,,,,,,,,,,,,,,,204,288.65
1786642560,332.65,332.68,332.65,332.68,330.95,327.405,,,,,,,,,,,,,,,,,,,,,,,,,,,,,,,,,,,,,,,,,,,,,,,,,,,,176,292.5
1786642620,332.8,332.83,332.8,332.83,330.95,327.405,,,,,,,,,,,,,,,,,,,,,,,,,,,,,,,,,,,,,,,,,,,,,,,,,,,,177,260.15
1786642680,332.81,332.81,332.7,332.7,330.95,327.405,,,,,,,,,,,,,,,,,,,,,,,,,,,,,,,,,,,,,,,,,,,,,,,,,,,,44,250.25
1786642740,332.845,332.845,332.74,332.765,330.95,327.405,,,,,,,,,,,,,,,,,,,,,,,,,,,,,,,,,,,,,,,,,,,,,,,,,,,,115,244.65
1786642800,332.77,332.77,332.66,332.66,330.95,327.405,,,,,,,,,,,,,,,,,,,,,,,,,,,,,,,,,,,,,,,,,,,,,,,,,,,,329,253.4
1786642920,332.72,332.81,332.72,332.81,330.95,327.405,,,,,,,,,,,,,,,,,,,,,,,,,,,,,,,,,,,,,,,,,,,,,,,,,,,,428,253.25
1786643100,332.88,332.93,332.83,332.85,330.95,327.405,,,,,,,,,,,,,,,,,,,,,,,,,,,,,,,,,,,,,,,,,,,,,,,,,,,,218,263
1786643160,332.88,332.99,332.87,332.99,330.95,327.405,,,,,,,,,,,,,,,,,,,,,,,,,,,,,,,,,,,,,,,,,,,,,,,,,,,,369,266.45
1786643220,333.06,333.18,333.02,333.02,330.95,327.405,,,,,,,,,,,,,,,,,,,,,,,,,,,,,,,,,,,,,,,,,,,,,,,,,,,,391,274.6
1786643280,333.04,333.73,333.01,333.5,330.95,327.405,,,,,,,,,,,,,,,,,,,,,,,,,,,,,,,,,,,,,,,,,,,,,,,,,,,,2113,371.25
1786643340,333.72,333.86,333.72,333.86,330.95,327.405,,,,,,,,,,,,,,,,,,,,,,,,,,,,,,,,,,,,,,,,,,,,,,,,,,,,278,385.1
1786643400,333.825,334.02,333.7,334.02,330.95,327.405,,,,,,,,,,,,,,,,,,,,,,,,,,,,,,,,,,,,,,,,,,,,,,,,,,,,436,357.9
1786643460,334.09,334.11,333.92,333.99,330.95,327.405,,,,,,,,,,,,,,,,,,,,,,,,,,,,,,,,,,,,,,,,,,,,,,,,,,,,339,345.4
1786643520,334.15,334.15,334.04,334.08,330.95,327.405,,,,,,,,,,,,,,,,,,,,,,,,,,,,,,,,,,,,,,,,,,,,,,,,,,,,167,339.65
1786643580,334.08,334.08,333.95,333.95,330.95,327.405,,,,,,,,,,,,,,,,,,,,,,,,,,,,,,,,,,,,,,,,,,,,,,,,,,,,41,336.95
1786643640,334.02,334.02,333.91,333.91,330.95,327.405,,,,,,,,,,,,,,,,,,,,,,,,,,,,,,,,,,,,,,,,,,,,,,,,,,,,114,333.4
1786643700,333.9,333.91,333.82,333.82,330.95,327.405,,,,,,,,,,,,,,,,,,,,,,,,,,,,,,,,,,,,,,,,,,,,,,,,,,,,104,336.35
1786643760,333.93,334.36,333.93,334.23,330.95,327.405,,,,,,,,,,,,,,,,,,,,,,,,,,,,,,,,,,,,,,,,,,,,,,,,,,,,428,328.3
1786643820,334.27,334.27,334.27,334.27,330.95,327.405,,,,,,,,,,,,,,,,,,,,,,,,,,,,,,,,,,,,,,,,,,,,,,,,,,,,120,329.55
1786643880,334.38,334.41,334.27,334.41,330.95,327.405,,,,,,,,,,,,,,,,,,,,,,,,,,,,,,,,,,,,,,,,,,,,,,,,,,,,628,350.75
1786643940,334.41,334.58,334.375,334.375,330.95,327.405,,,,,,,,,,,,,,,,,,,,,,,,,,,,,,,,,,,,,,,,,,,,,,,,,,,,179,350.9
1786644000,334.47,334.5,334.33,334.33,330.95,327.405,,,,,,,,,,,,,,,,,,,,,,,,,,,,,,,,,,,,,,,,,,,,,,,,,,,,160,350.05
1786644060,334.4,334.42,334.4,334.42,330.95,327.405,,,,,,,,,,,,,,,,,,,,,,,,,,,,,,,,,,,,,,,,,,,,,,,,,,,,9,348.3
1786644120,334.4,334.42,334.34,334.36,330.95,327.405,,,,,,,,,,,,,,,,,,,,,,,,,,,,,,,,,,,,,,,,,,,,,,,,,,,,196,352.35
1786644180,334.44,334.46,334.4,334.46,330.95,327.405,,,,,,,,,,,,,,,,,,,,,,,,,,,,,,,,,,,,,,,,,,,,,,,,,,,,26,337.2
1786644240,334.39,334.39,334.24,334.25,330.95,327.405,,,,,,,,,,,,,,,,,,,,,,,,,,,,,,,,,,,,,,,,,,,,,,,,,,,,273,329.45
1786644300,334.3,334.42,334.3,334.42,330.95,327.405,,,,,,,,,,,,,,,,,,,,,,,,,,,,,,,,,,,,,,,,,,,,,,,,,,,,142,325.65
1786644360,334.33,334.33,334.26,334.29,330.95,327.405,,,,,,,,,,,,,,,,,,,,,,,,,,,,,,,,,,,,,,,,,,,,,,,,,,,,307,322.55
1786644420,334.42,334.42,334.33,334.34,330.95,327.405,,,,,,,,,,,,,,,,,,,,,,,,,,,,,,,,,,,,,,,,,,,,,,,,,,,,163,311.15
1786644480,334.39,334.41,334.39,334.41,330.95,327.405,,,,,,,,,,,,,,,,,,,,,,,,,,,,,,,,,,,,,,,,,,,,,,,,,,,,18,206.4
1786644540,334.3,334.3,334.09,334.09,330.95,327.405,,,,,,,,,,,,,,,,,,,,,,,,,,,,,,,,,,,,,,,,,,,,,,,,,,,,21,193.55
1786644600,334.01,334.01,333.99,333.99,330.95,327.405,,,,,,,,,,,,,,,,,,,,,,,,,,,,,,,,,,,,,,,,,,,,,,,,,,,,129,178.2
1786644660,333.85,334.03,333.85,334.03,330.95,327.405,,,,,,,,,,,,,,,,,,,,,,,,,,,,,,,,,,,,,,,,,,,,,,,,,,,,214,171.95
1786644720,333.95,334.07,333.95,334.07,330.95,327.405,,,,,,,,,,,,,,,,,,,,,,,,,,,,,,,,,,,,,,,,,,,,,,,,,,,,205,173.85
1786644780,334.08,334.22,334.07,334.21,330.95,327.405,,,,,,,,,,,,,,,,,,,,,,,,,,,,,,,,,,,,,,,,,,,,,,,,,,,,618,202.7
1786644840,334.26,334.41,334.26,334.41,330.95,327.405,,,,,,,,,,,,,,,,,,,,,,,,,,,,,,,,,,,,,,,,,,,,,,,,,,,,103,202.15
1786644900,334.37,334.4,334.37,334.4,330.95,327.405,,,,,,,,,,,,,,,,,,,,,,,,,,,,,,,,,,,,,,,,,,,,,,,,,,,,247,209.3
1786644960,334.395,334.4,334.3,334.4,330.95,327.405,,,,,,,,,,,,,,,,,,,,,,,,,,,,,,,,,,,,,,,,,,,,,,,,,,,,159,195.85
1786645020,334.42,334.42,334.42,334.42,330.95,327.405,,,,,,,,,,,,,,,,,,,,,,,,,,,,,,,,,,,,,,,,,,,,,,,,,,,,2,189.95
1786645080,334.3,334.44,334.3,334.44,330.95,327.405,,,,,,,,,,,,,,,,,,,,,,,,,,,,,,,,,,,,,,,,,,,,,,,,,,,,457,181.4
1786645140,334.49,334.56,334.49,334.53,330.95,327.405,,,,,,,,,,,,,,,,,,,,,,,,,,,,,,,,,,,,,,,,,,,,,,,,,,,,75,176.2
1786645200,334.6,334.62,334.395,334.395,330.95,327.405,,,,,,,,,,,,,,,,,,,,,,,,,,,,,,,,,,,,,,,,,,,,,,,,,,,,206,178.5
1786645320,334.395,334.49,334.395,334.49,330.95,327.405,,,,,,,,,,,,,,,,,,,,,,,,,,,,,,,,,,,,,,,,,,,,,,,,,,,,47,180.4
1786645380,334.62,334.71,334.62,334.71,330.95,327.405,,,,,,,,,,,,,,,,,,,,,,,,,,,,,,,,,,,,,,,,,,,,,,,,,,,,56,173.4
1786645440,334.62,334.79,334.62,334.73,330.95,327.405,,,,,,,,,,,,,,,,,,,,,,,,,,,,,,,,,,,,,,,,,,,,,,,,,,,,79,176.05
1786645500,334.66,334.66,334.59,334.59,330.95,327.405,,,,,,,,,,,,,,,,,,,,,,,,,,,,,,,,,,,,,,,,,,,,,,,,,,,,136,169.2
1786645560,334.54,334.58,334.5,334.56,330.95,327.405,,,,,,,,,,,,,,,,,,,,,,,,,,,,,,,,,,,,,,,,,,,,,,,,,,,,441,184.15
1786645620,334.61,334.61,334.61,334.61,330.95,327.405,,,,,,,,,,,,,,,,,,,,,,,,,,,,,,,,,,,,,,,,,,,,,,,,,,,,2,168.9
1786645680,334.63,334.75,334.63,334.75,330.95,327.405,,,,,,,,,,,,,,,,,,,,,,,,,,,,,,,,,,,,,,,,,,,,,,,,,,,,615,191.5
1786645740,334.78,334.84,334.77,334.77,330.95,327.405,,,,,,,,,,,,,,,,,,,,,,,,,,,,,,,,,,,,,,,,,,,,,,,,,,,,78,194.5
1786645800,334.7,334.77,334.7,334.75,330.95,327.405,,,,,,,,,,,,,,,,,,,,,,,,,,,,,,,,,,,,,,,,,,,,,,,,,,,,108,198.85
1786645860,334.77,335.12,334.77,335.03,330.95,327.405,,,,,,,,,,,,,,,,,,,,,,,,,,,,,,,,,,,,,,,,,,,,,,,,,,,,1996,292.2
1786645920,335.03,335.05,334.82,334.86,330.95,327.405,,,,,,,,,,,,,,,,,,,,,,,,,,,,,,,,,,,,,,,,,,,,,,,,,,,,860,324.5
1786645980,334.9,334.9,334.67,334.67,330.95,327.405,,,,,,,,,,,,,,,,,,,,,,,,,,,,,,,,,,,,,,,,,,,,,,,,,,,,275,328
1786646040,334.71,334.76,334.71,334.74,330.95,327.405,,,,,,,,,,,,,,,,,,,,,,,,,,,,,,,,,,,,,,,,,,,,,,,,,,,,207,307.45
1786646100,334.8,334.89,334.8,334.89,330.95,327.405,,,,,,,,,,,,,,,,,,,,,,,,,,,,,,,,,,,,,,,,,,,,,,,,,,,,142,309.4
1786646160,334.94,335.01,334.94,335.01,330.95,327.405,,,,,,,,,,,,,,,,,,,,,,,,,,,,,,,,,,,,,,,,,,,,,,,,,,,,216,307.85
1786646220,334.93,335.05,334.93,335.01,330.95,327.405,,,,,,,,,,,,,,,,,,,,,,,,,,,,,,,,,,,,,,,,,,,,,,,,,,,,199,309.85
1786646280,335.06,335.24,335.02,335.24,330.95,327.405,,,,,,,,,,,,,,,,,,,,,,,,,,,,,,,,,,,,,,,,,,,,,,,,,,,,872,353.35
1786646340,335.28,335.48,335.26,335.29,330.95,327.405,,,,,,,,,,,,,,,,,,,,,,,,,,,,,,,,,,,,,,,,,,,,,,,,,,,,1050,383
1786646400,335.41,335.41,335.41,335.41,330.95,327.405,,,,,,,,,,,,,,,,,,,,,,,,,,,,,,,,,,,,,,,,,,,,,,,,,,,,1,379.3
1786646460,335.42,335.45,335.36,335.36,330.95,327.405,,,,,,,,,,,,,,,,,,,,,,,,,,,,,,,,,,,,,,,,,,,,,,,,,,,,426,390.3
1786646520,335.31,335.47,335.31,335.47,330.95,327.405,,,,,,,,,,,,,,,,,,,,,,,,,,,,,,,,,,,,,,,,,,,,,,,,,,,,134,394.65
1786646580,335.46,335.53,335.46,335.52,330.95,327.405,,,,,,,,,,,,,,,,,,,,,,,,,,,,,,,,,,,,,,,,,,,,,,,,,,,,92,396.45
1786646640,335.57,335.92,335.57,335.86,330.95,327.405,,,,,,,,,,,,,,,,,,,,,,,,,,,,,,,,,,,,,,,,,,,,,,,,,,,,754,430.2
1786646700,335.94,336.07,335.75,335.77,330.95,327.405,,,,,,,,,,,,,,,,,,,,,,,,,,,,,,,,,,,,,,,,,,,,,,,,,,,,1567,501.75
1786646760,335.76,335.88,335.6,335.88,330.95,327.405,,,,,,,,,,,,,,,,,,,,,,,,,,,,,,,,,,,,,,,,,,,,,,,,,,,,465,502.95
1786646820,335.94,335.98,335.85,335.91,330.95,327.405,,,,,,,,,,,,,,,,,,,,,,,,,,,,,,,,,,,,,,,,,,,,,,,,,,,,533,529.5
1786646880,335.94,336.31,335.9,336.31,330.95,327.405,,,,,,,,,,,,,,,,,,,,,,,,,,,,,,,,,,,,,,,,,,,,,,,,,,,,159,506.7
1786646940,336.4,336.54,336.4,336.51,330.95,327.405,,,,,,,,,,,,,,,,,,,,,,,,,,,,,,,,,,,,,,,,,,,,,,,,,,,,240,514.8
1786647000,336.59,336.59,336.54,336.54,330.95,327.405,,,,,,,,,,,,,,,,,,,,,,,,,,,,,,,,,,,,,,,,,,,,,,,,,,,,20,510.4
1786647060,336.54,336.54,336.3,336.45,330.95,327.405,,,,,,,,,,,,,,,,,,,,,,,,,,,,,,,,,,,,,,,,,,,,,,,,,,,,845,452.85
1786647120,336.56,336.58,336.55,336.58,330.95,327.405,,,,,,,,,,,,,,,,,,,,,,,,,,,,,,,,,,,,,,,,,,,,,,,,,,,,99,414.8
1786647180,336.55,336.74,336.55,336.62,330.95,327.405,,,,,,,,,,,,,,,,,,,,,,,,,,,,,,,,,,,,,,,,,,,,,,,,,,,,399,421
1786647240,336.75,336.77,336.75,336.77,330.95,327.405,,,,,,,,,,,,,,,,,,,,,,,,,,,,,,,,,,,,,,,,,,,,,,,,,,,,122,416.75
1786647300,336.87,336.88,336.79,336.83,330.95,327.405,,,,,,,,,,,,,,,,,,,,,,,,,,,,,,,,,,,,,,,,,,,,,,,,,,,,500,434.65
1786647360,336.82,336.83,336.58,336.66,330.95,327.405,,,,,,,,,,,,,,,,,,,,,,,,,,,,,,,,,,,,,,,,,,,,,,,,,,,,441,445.9
1786647420,336.58,336.58,336.39,336.39,330.95,327.405,,,,,,,,,,,,,,,,,,,,,,,,,,,,,,,,,,,,,,,,,,,,,,,,,,,,123,442.1
1786647480,336.39,336.39,336.12,336.24,330.95,327.405,,,,,,,,,,,,,,,,,,,,,,,,,,,,,,,,,,,,,,,,,,,,,,,,,,,,789,437.95
1786647540,336.22,336.37,336.17,336.37,330.95,327.405,,,,,,,,,,,,,,,,,,,,,,,,,,,,,,,,,,,,,,,,,,,,,,,,,,,,440,407.45
1786647600,336.26,336.31,336.26,336.31,330.95,327.405,,,,,,,,,,,,,,,,,,,,,,,,,,,,,,,,,,,,,,,,,,,,,,,,,,,,266,420.7
1786647660,336.42,336.64,336.42,336.53,330.95,327.405,,,,,,,,,,,,,,,,,,,,,,,,,,,,,,,,,,,,,,,,,,,,,,,,,,,,256,412.2
1786647720,336.46,336.54,336.31,336.36,330.95,327.405,,,,,,,,,,,,,,,,,,,,,,,,,,,,,,,,,,,,,,,,,,,,,,,,,,,,528,431.9
1786647780,336.34,336.37,336.33,336.37,330.95,327.405,,,,,,,,,,,,,,,,,,,,,,,,,,,,,,,,,,,,,,,,,,,,,,,,,,,,244,439.5
1786647840,336.28,336.28,336.07,336.16,330.95,327.405,,,,,,,,,,,,,,,,,,,,,,,,,,,,,,,,,,,,,,,,,,,,,,,,,,,,594,431.5
1786647900,336.27,336.4,336.22,336.34,330.95,327.405,,,,,,,,,,,,,,,,,,,,,,,,,,,,,,,,,,,,,,,,,,,,,,,,,,,,299,368.1
1786647960,336.23,336.33,336.23,336.33,330.95,327.405,,,,,,,,,,,,,,,,,,,,,,,,,,,,,,,,,,,,,,,,,,,,,,,,,,,,120,350.85
1786648020,336.34,336.78,336.34,336.78,330.95,327.405,,,,,,,,,,,,,,,,,,,,,,,,,,,,,,,,,,,,,,,,,,,,,,,,,,,,1348,391.6
1786648080,336.82,336.9,336.81,336.9,330.95,327.405,,,,,,,,,,,,,,,,,,,,,,,,,,,,,,,,,,,,,,,,,,,,,,,,,,,,286,397.95
1786648140,336.91,337.11,336.91,337.07,330.95,327.405,,,,,,,,,,,,,,,,,,,,,,,,,,,,,,,,,,,,,,,,,,,,,,,,,,,,350,403.45
1786648200,337.14,337.15,336.86,336.94,330.95,327.405,,,,,,,,,,,,,,,,,,,,,,,,,,,,,,,,,,,,,,,,,,,,,,,,,,,,1075,456.2
1786648260,337.06,337.31,336.99,336.99,330.95,327.405,,,,,,,,,,,,,,,,,,,,,,,,,,,,,,,,,,,,,,,,,,,,,,,,,,,,510,439.45
1786648320,337.14,337.29,336.89,336.89,330.95,327.405,,,,,,,,,,,,,,,,,,,,,,,,,,,,,,,,,,,,,,,,,,,,,,,,,,,,1006,484.8
1786648380,336.89,337.12,336.87,337.12,330.95,327.405,,,,,,,,,,,,,,,,,,,,,,,,,,,,,,,,,,,,,,,,,,,,,,,,,,,,658,497.75
1786648440,337.19,337.24,337.08,337.15,330.95,327.405,,,,,,,,,,,,,,,,,,,,,,,,,,,,,,,,,,,,,,,,,,,,,,,,,,,,471,515.2
1786648500,337.07,337.3,337.07,337.22,330.95,327.405,,,,,,,,,,,,,,,,,,,,,,,,,,,,,,,,,,,,,,,,,,,,,,,,,,,,340,507.2
1786648560,337.07,337.17,337.03,337.17,330.95,327.405,,,,,,,,,,,,,,,,,,,,,,,,,,,,,,,,,,,,,,,,,,,,,,,,,,,,1126,541.45
1786648620,337.23,337.25,337.19,337.25,330.95,327.405,,,,,,,,,,,,,,,,,,,,,,,,,,,,,,,,,,,,,,,,,,,,,,,,,,,,285,549.55
1786648680,337.26,337.45,337.25,337.35,330.95,327.405,,,,,,,,,,,,,,,,,,,,,,,,,,,,,,,,,,,,,,,,,,,,,,,,,,,,988,559.5
1786648740,337.27,337.27,337,337.2,330.95,327.405,,,,,,,,,,,,,,,,,,,,,,,,,,,,,,,,,,,,,,,,,,,,,,,,,,,,283,551.65
1786648800,337,337.11,336.9,336.9,330.95,327.405,,,,,,,,,,,,,,,,,,,,,,,,,,,,,,,,,,,,,,,,,,,,,,,,,,,,367,556.7
1786648860,336.9,337.07,336.81,337.07,330.95,327.405,,,,,,,,,,,,,,,,,,,,,,,,,,,,,,,,,,,,,,,,,,,,,,,,,,,,379,562.85
1786648920,337.01,337.03,336.95,337.03,330.95,327.405,,,,,,,,,,,,,,,,,,,,,,,,,,,,,,,,,,,,,,,,,,,,,,,,,,,,18,537.35
1786649040,336.91,336.91,336.82,336.84,330.95,327.405,,,,,,,,,,,,,,,,,,,,,,,,,,,,,,,,,,,,,,,,,,,,,,,,,,,,454,547.85
1786649100,337,337.4,336.94,337.16,330.95,327.405,,,,,,,,,,,,,,,,,,,,,,,,,,,,,,,,,,,,,,,,,,,,,,,,,,,,790,557.65
1786649160,337.3,337.35,337.16,337.17,330.95,327.405,,,,,,,,,,,,,,,,,,,,,,,,,,,,,,,,,,,,,,,,,,,,,,,,,,,,600,572.7
1786649220,337.16,337.19,337.14,337.19,330.95,327.405,,,,,,,,,,,,,,,,,,,,,,,,,,,,,,,,,,,,,,,,,,,,,,,,,,,,241,578.75
1786649280,337.35,337.53,337.32,337.53,330.95,327.405,,,,,,,,,,,,,,,,,,,,,,,,,,,,,,,,,,,,,,,,,,,,,,,,,,,,866,554.65
1786649340,337.63,337.91,337.6,337.91,330.95,327.405,,,,,,,,,,,,,,,,,,,,,,,,,,,,,,,,,,,,,,,,,,,,,,,,,,,,456,563.15
1786649400,337.89,337.96,337.68,337.87,330.95,327.405,,,,,,,,,,,,,,,,,,,,,,,,,,,,,,,,,,,,,,,,,,,,,,,,,,,,807,586
1786649460,337.89,338,337.78,337.99,330.95,327.405,,,,,,,,,,,,,,,,,,,,,,,,,,,,,,,,,,,,,,,,,,,,,,,,,,,,1439,604.2
1786649520,337.96,338,337.61,337.61,330.95,327.405,,,,,,,,,,,,,,,,,,,,,,,,,,,,,,,,,,,,,,,,,,,,,,,,,,,,522,604.8
1786649580,337.61,337.95,337.61,337.87,330.95,327.405,,,,,,,,,,,,,,,,,,,,,,,,,,,,,,,,,,,,,,,,,,,,,,,,,,,,475,578.25
1786649640,337.83,337.865,337.52,337.785,330.95,327.405,,,,,,,,,,,,,,,,,,,,,,,,,,,,,,,,,,,,,,,,,,,,,,,,,,,,1594,625.05
1786649700,337.85,337.85,337.7,337.74,330.95,327.405,,,,,,,,,,,,,,,,,,,,,,,,,,,,,,,,,,,,,,,,,,,,,,,,,,,,164,609.7
1786649760,337.7,337.71,337.42,337.45,330.95,327.405,,,,,,,,,,,,,,,,,,,,,,,,,,,,,,,,,,,,,,,,,,,,,,,,,,,,939,639.65
1786649820,337.55,337.63,337.37,337.43,330.95,327.405,,,,,,,,,,,,,,,,,,,,,,,,,,,,,,,,,,,,,,,,,,,,,,,,,,,,988,632.75
1786649880,337.26,338.1,337.26,338.1,330.95,327.405,,,,,,,,,,,,,,,,,,,,,,,,,,,,,,,,,,,,,,,,,,,,,,,,,,,,1946,715.8
1786649940,338.19,338.29,338.13,338.29,330.95,327.405,,,,,,,,,,,,,,,,,,,,,,,,,,,,,,,,,,,,,,,,,,,,,,,,,,,,617,697.25
1786650000,338.3,338.54,338.285,338.54,330.95,327.405,,,,,,,,,,,,,,,,,,,,,,,,,,,,,,,,,,,,,,,,,,,,,,,,,,,,863,726.25
1786650060,338.46,338.61,338.44,338.61,330.95,327.405,,,,,,,,,,,,,,,,,,,,,,,,,,,,,,,,,,,,,,,,,,,,,,,,,,,,1358,775.8
1786650120,338.63,338.79,338.56,338.66,330.95,327.405,,,,,,,,,,,,,,,,,,,,,,,,,,,,,,,,,,,,,,,,,,,,,,,,,,,,1005,807.1
1786650180,338.58,338.91,338.49,338.91,330.95,327.405,,,,,,,,,,,,,,,,,,,,,,,,,,,,,,,,,,,,,,,,,,,,,,,,,,,,2316,922
1786650240,338.83,339.03,338.72,338.95,330.95,327.405,,,,,,,,,,,,,,,,,,,,,,,,,,,,,,,,,,,,,,,,,,,,,,,,,,,,1545,976.55
1786650300,339,339.14,338.72,338.98,330.95,327.405,,,,,,,,,,,,,,,,,,,,,,,,,,,,,,,,,,,,,,,,,,,,,,,,,,,,2026,1038.35
1786650360,338.97,339.06,338.88,339,330.95,327.405,,,,,,,,,,,,,,,,,,,,,,,,,,,,,,,,,,,,,,,,,,,,,,,,,,,,1309,1073.8
1786650420,339.01,339.03,338.66,338.7,330.95,327.405,,,,,,,,,,,,,,,,,,,,,,,,,,,,,,,,,,,,,,,,,,,,,,,,,,,,734,1098.45
1786650480,338.74,338.94,338.43,338.43,330.95,327.405,,,,,,,,,,,,,,,,,,,,,,,,,,,,,,,,,,,,,,,,,,,,,,,,,,,,432,1076.75
1786650540,338.42,338.83,338.41,338.66,330.95,327.405,,,,,,,,,,,,,,,,,,,,,,,,,,,,,,,,,,,,,,,,,,,,,,,,,,,,1066,1107.25
1786650600,338.71,339.35,338.71,339.05,330.95,327.405,,,,,,,,,,,,,,,,,,,,,,,,,,,,,,,,,,,,,,,,,,,,,,,,,,,,957,1114.75
1786650660,338.97,339.23,338.91,339.15,330.95,327.405,,,,,,,,,,,,,,,,,,,,,,,,,,,,,,,,,,,,,,,,,,,,,,,,,,,,1091,1097.35
1786650720,339.155,339.54,339.155,339.45,330.95,327.405,,,,,,,,,,,,,,,,,,,,,,,,,,,,,,,,,,,,,,,,,,,,,,,,,,,,1704,1156.45
1786650780,339.49,339.54,339.33,339.49,330.95,327.405,,,,,,,,,,,,,,,,,,,,,,,,,,,,,,,,,,,,,,,,,,,,,,,,,,,,1075,1186.45
1786650840,339.45,339.95,339.16,339.91,330.95,327.405,,,,,,,,,,,,,,,,,,,,,,,,,,,,,,,,,,,,,,,,,,,,,,,,,,,,2157,1214.6
1786650900,339.85,339.85,339.16,339.48,330.95,327.405,,,,,,,,,,,,,,,,,,,,,,,,,,,,,,,,,,,,,,,,,,,,,,,,,,,,1841,1298.45
1786650960,339.51,339.86,339.25,339.86,330.95,327.405,,,,,,,,,,,,,,,,,,,,,,,,,,,,,,,,,,,,,,,,,,,,,,,,,,,,2593,1381.15
1786651020,339.89,340.19,339.89,339.99,330.95,327.405,,,,,,,,,,,,,,,,,,,,,,,,,,,,,,,,,,,,,,,,,,,,,,,,,,,,6751,1669.3
1786651080,340.01,340.13,339.68,340.07,330.95,327.405,,,,,,,,,,,,,,,,,,,,,,,,,,,,,,,,,,,,,,,,,,,,,,,,,,,,4741,1809.05
1786651140,340.065,340.24,338.97,339.36,330.95,327.405,,,1,22,1,1786630440000,331.18,330.95,327.405,3.545000000000016,0.3341246309719059,2.735672443988164,0.1630533244761219,1,1786630560000,2,0,,,,0,0,0,0,0,,,,0,0,0,0,0,,,,0,0,0,0,0,,,,0,0,0,0,,-1,22,8147,2185.55
1786714200,338.675,338.675,337.01,337.01,338.675,337.01,,,,,,,,,,,,,,,,,,,,,,,,,,,,,,,,,,,,,,,,,,,,,,,,,,,,116,2148.2
1786714260,337.01,337.83,337.01,337.83,338.675,337.01,,,,,,,,,,,,,,,,,,,,,,,,,,,,,,,,,,,,,,,,,,,,,,,,,,,,179,2089.25
1786714320,338.73,338.94,338.73,338.94,338.94,337.01,,,,,,,,,,,,,,,,,,,,,,,,,,,,,,,,,,,,,,,,,,,,,,,,,,,,445,2061.25
1786714380,338.94,338.94,338.77,338.77,338.94,337.01,,,,,,,,,,,,,,,,,,,,,,,,,,,,,,,,,,,,,,,,,,,,,,,,,,,,16,1946.25
1786714440,338.625,339.6,338.625,339.19,339.6,337.01,,,,,,,,,,,,,,,,,,,,,,,,,,,,,,,,,,,,,,,,,,,,,,,,,,,,448,1891.4
1786714500,339.9,339.9,339.11,339.11,339.9,337.01,,,,,,,,,,,,,,,,,,,,,,,,,,,,,,,,,,,,,,,,,,,,,,,,,,,,506,1815.4
1786714560,339.58,339.58,339.58,339.58,339.9,337.01,,,,,,,,,,,,,,,,,,,,,,,,,,,,,,,,,,,,,,,,,,,,,,,,,,,,1,1750
1786714680,339.08,339.08,338.65,338.65,339.9,337.01,,,,,,,,,,,,,,,,,,,,,,,,,,,,,,,,,,,,,,,,,,,,,,,,,,,,50,1715.8
1786714800,338.79,338.79,338.23,338.65,339.9,337.01,,,,,,,,,,,,,,,,,,,,,,,,,,,,,,,,,,,,,,,,,,,,,,,,,,,,393,1713.85
1786714860,338.5,338.82,338.42,338.82,339.9,337.01,,,,,,,,,,,,,,,,,,,,,,,,,,,,,,,,,,,,,,,,,,,,,,,,,,,,96,1665.35
1786714920,338.6,339.21,338.6,339.21,339.9,337.01,,,,,,,,,,,,,,,,,,,,,,,,,,,,,,,,,,,,,,,,,,,,,,,,,,,,764,1655.7
1786714980,339.21,339.25,339.21,339.25,339.9,337.01,,,,,,,,,,,,,,,,,,,,,,,,,,,,,,,,,,,,,,,,,,,,,,,,,,,,12,1601.75
1786715040,339.6,340.055,339.6,340.055,340.055,337.01,,,,,,,,,,,,,,,,,,,,,,,,,,,,,,,,,,,,,,,,,,,,,,,,,,,,331,1533.1
1786715100,340.04,340.5,340,340.5,340.055,337.01,,,,,,,,,,,,,,,,,,,,,,,,,,,,,,,,,,,,,,,,,,,,,,,,,,,,168,1487.75
1786715160,340.66,341.08,340.5,340.95,340.055,337.01,,,,,,,,,,,,,,,,,,,,,,,,,,,,,,,,,,,,,,,,,,,,,,,,,,,,516,1405.7
1786715220,341.24,341.24,340.82,340.82,340.055,337.01,,,,,,,,,,,,,,,,,,,,,,,,,,,,,,,,,,,,,,,,,,,,,,,,,,,,142,1320.75
1786715280,341.11,341.13,341.11,341.13,340.055,337.01,,,,,,,,,,,,,,,,,,,,,,,,,,,,,,,,,,,,,,,,,,,,,,,,,,,,7,1191.45
1786715340,341.25,341.35,341.21,341.21,340.055,337.01,,,,,,,,,,,,,,,,,,,,,,,,,,,,,,,,,,,,,,,,,,,,,,,,,,,,95,858.65
1786715400,341.53,341.53,341.12,341.12,340.055,337.01,,,,,,,,,,,,,,,,,,,,,,,,,,,,,,,,,,,,,,,,,,,,,,,,,,,,311,637.15
1786715460,340.93,340.93,340.61,340.8,340.055,337.01,,,,,,,,,,,,,,,,,,,,,,,,,,,,,,,,,,,,,,,,,,,,,,,,,,,,37,231.65
1786715520,340.63,340.63,340.58,340.58,340.055,337.01,,,,,,,,,,,,,,,,,,,,,,,,,,,,,,,,,,,,,,,,,,,,,,,,,,,,37,227.7
1786715580,340.9,341.13,340.88,341.09,340.055,337.01,,,,,,,,,,,,,,,,,,,,,,,,,,,,,,,,,,,,,,,,,,,,,,,,,,,,245,231
1786715640,340.76,340.76,340.76,340.76,340.055,337.01,,,,,,,,,,,,,,,,,,,,,,,,,,,,,,,,,,,,,,,,,,,,,,,,,,,,1,208.8
1786715700,340.68,340.68,340.67,340.67,340.055,337.01,,,,,,,,,,,,,,,,,,,,,,,,,,,,,,,,,,,,,,,,,,,,,,,,,,,,76,211.8
1786715760,340.52,340.52,339.93,339.93,340.055,337.01,,,,,,,,,,,,,,,,,,,,,,,,,,,,,,,,,,,,,,,,,,,,,,,,,,,,252,202
1786715820,340,340,340,340,340.055,337.01,,,,,,,,,,,,,,,,,,,,,,,,,,,,,,,,,,,,,,,,,,,,,,,,,,,,8,177.1
1786715880,339.87,340.14,339.86,340.14,340.055,337.01,,,,,,,,,,,,,,,,,,,,,,,,,,,,,,,,,,,,,,,,,,,,,,,,,,,,28,178.45
1786715940,340.14,340.14,340.12,340.12,340.055,337.01,,,,,,,,,,,,,,,,,,,,,,,,,,,,,,,,,,,,,,,,,,,,,,,,,,,,7,176.3
1786716000,340.15,340.28,340.15,340.28,340.055,337.01,,,,,,,,,,,,,,,,,,,,,,,,,,,,,,,,,,,,,,,,,,,,,,,,,,,,330,173.15
1786716060,340.19,340.44,340.19,340.44,340.055,337.01,,,,,,,,,,,,,,,,,,,,,,,,,,,,,,,,,,,,,,,,,,,,,,,,,,,,20,169.35
1786716120,340.59,340.595,340.2,340.2,340.055,337.01,,,,,,,,,,,,,,,,,,,,,,,,,,,,,,,,,,,,,,,,,,,,,,,,,,,,196,140.95
1786716180,340.53,340.55,340.35,340.405,340.055,337.01,,,,,,,,,,,,,,,,,,,,,,,,,,,,,,,,,,,,,,,,,,,,,,,,,,,,88,144.75
1786716240,340.35,340.38,340.35,340.38,340.055,337.01,,,,,,,,,,,,,,,,,,,,,,,,,,,,,,,,,,,,,,,,,,,,,,,,,,,,49,130.65
1786716300,340.48,340.62,340.32,340.62,340.055,337.01,,,,,,,,,,,,,,,,,,,,,,,,,,,,,,,,,,,,,,,,,,,,,,,,,,,,222,133.35
1786716360,340.32,340.32,340.16,340.16,340.055,337.01,,,,,,,,,,,,,,,,,,,,,,,,,,,,,,,,,,,,,,,,,,,,,,,,,,,,361,125.6
1786716420,340.2,340.23,340.04,340.23,340.055,337.01,,,,,,,,,,,,,,,,,,,,,,,,,,,,,,,,,,,,,,,,,,,,,,,,,,,,20,119.5
1786716480,340.19,340.45,340.19,340.45,340.055,337.01,,,,,,,,,,,,,,,,,,,,,,,,,,,,,,,,,,,,,,,,,,,,,,,,,,,,278,133.05
1786716540,340.18,340.18,340.1,340.16,340.055,337.01,,,,,,,,,,,,,,,,,,,,,,,,,,,,,,,,,,,,,,,,,,,,,,,,,,,,315,144.05
1786716600,340.17,340.17,339.96,340.02,340.055,337.01,,,,,,,,,,,,,,,,,,,,,,,,,,,,,,,,,,,,,,,,,,,,,,,,,,,,241,140.55
1786716660,340.23,340.23,340.06,340.06,340.055,337.01,,,,,,,,,,,,,,,,,,,,,,,,,,,,,,,,,,,,,,,,,,,,,,,,,,,,314,154.4
1786716720,340.21,340.5,340.21,340.5,340.055,337.01,,,,,,,,,,,,,,,,,,,,,,,,,,,,,,,,,,,,,,,,,,,,,,,,,,,,666,185.85
1786716780,340.35,340.52,339.82,339.82,340.055,337.01,,,,,,,,,,,,,,,,,,,,,,,,,,,,,,,,,,,,,,,,,,,,,,,,,,,,5118,429.5
1786716840,339.83,340.03,339.76,339.955,340.055,337.01,,,,,,,,,,,,,,,,,,,,,,,,,,,,,,,,,,,,,,,,,,,,,,,,,,,,2367,547.8
1786716900,340.02,340.09,339.57,339.59,340.055,337.01,,,,,,,,,,,,,,,,,,,,,,,,,,,,,,,,,,,,,,,,,,,,,,,,,,,,988,593.4
1786716960,339.54,339.66,339.38,339.66,340.055,337.01,,,,,,,,,,,,,,,,,,,,,,,,,,,,,,,,,,,,,,,,,,,,,,,,,,,,939,627.75
1786717020,339.66,339.86,339.12,339.28,340.055,337.01,,,,,,,,,,,,,,,,,,,,,,,,,,,,,,,,,,,,,,,,,,,,,,,,,,,,813,668
1786717080,339.1,339.1,338.88,339,340.055,337.01,,,,,,,,,,,,,,,,,,,,,,,,,,,,,,,,,,,,,,,,,,,,,,,,,,,,1179,725.55
1786717140,339.01,339.01,338.7,338.7,340.055,337.01,,,,,,,,,,,,,,,,,,,,,,,,,,,,,,,,,,,,,,,,,,,,,,,,,,,,26,726.5
1786717260,338.765,338.765,338.61,338.61,340.055,337.01,,,,,,,,,,,,,,,,,,,,,,,,,,,,,,,,,,,,,,,,,,,,,,,,,,,,168,718.4
1786717380,338.85,339.44,338.85,338.85,340.055,337.01,,,,,,,,,,,,,,,,,,,,,,,,,,,,,,,,,,,,,,,,,,,,,,,,,,,,849,759.85
1786717560,339.05,339.12,338.82,338.82,340.055,337.01,,,,,,,,,,,,,,,,,,,,,,,,,,,,,,,,,,,,,,,,,,,,,,,,,,,,455,772.8
1786717680,338.98,339.21,338.98,339.15,340.055,337.01,,,,,,,,,,,,,,,,,,,,,,,,,,,,,,,,,,,,,,,,,,,,,,,,,,,,388,787.8
1786717740,339.25,339.275,339.245,339.245,340.055,337.01,,,,,,,,,,,,,,,,,,,,,,,,,,,,,,,,,,,,,,,,,,,,,,,,,,,,119,791.3
1786717800,339.33,339.37,339.3,339.3,340.055,337.01,,,,,,,,,,,,,,,,,,,,,,,,,,,,,,,,,,,,,,,,,,,,,,,,,,,,215,790.95
1786717860,339.07,339.37,339.07,339.37,340.055,337.01,,,,,,,,,,,,,,,,,,,,,,,,,,,,,,,,,,,,,,,,,,,,,,,,,,,,345,790.15
1786717920,339.35,339.5,339.35,339.36,340.055,337.01,,,,,,,,,,,,,,,,,,,,,,,,,,,,,,,,,,,,,,,,,,,,,,,,,,,,362,807.25
1786717980,339.46,339.46,339.46,339.46,340.055,337.01,,,,,,,,,,,,,,,,,,,,,,,,,,,,,,,,,,,,,,,,,,,,,,,,,,,,2,793.45
1786718040,339.28,339.28,339.19,339.26,340.055,337.01,,,,,,,,,,,,,,,,,,,,,,,,,,,,,,,,,,,,,,,,,,,,,,,,,,,,134,784.4
1786718100,339.42,339.85,339.42,339.85,340.055,337.01,,,,,,,,,,,,,,,,,,,,,,,,,,,,,,,,,,,,,,,,,,,,,,,,,,,,337,789.2
1786718160,339.81,339.81,339.81,339.81,340.055,337.01,,,,,,,,,,,,,,,,,,,,,,,,,,,,,,,,,,,,,,,,,,,,,,,,,,,,3,773.65
1786718280,339.62,339.64,339.62,339.62,340.055,337.01,,,,,,,,,,,,,,,,,,,,,,,,,,,,,,,,,,,,,,,,,,,,,,,,,,,,48,742.75
1786718340,339.55,339.55,339.51,339.52,340.055,337.01,,,,,,,,,,,,,,,,,,,,,,,,,,,,,,,,,,,,,,,,,,,,,,,,,,,,132,493.45
1786718460,339.06,339.06,339.06,339.06,340.055,337.01,,,,,,,,,,,,,,,,,,,,,,,,,,,,,,,,,,,,,,,,,,,,,,,,,,,,100,380.1
1786718520,339.01,339.3,339.01,339.3,340.055,337.01,,,,,,,,,,,,,,,,,,,,,,,,,,,,,,,,,,,,,,,,,,,,,,,,,,,,829,372.15
1786718580,339.25,339.25,339.12,339.12,340.055,337.01,,,,,,,,,,,,,,,,,,,,,,,,,,,,,,,,,,,,,,,,,,,,,,,,,,,,122,331.3
1786718640,338.845,339.03,338.835,339.03,340.055,337.01,,,,,,,,,,,,,,,,,,,,,,,,,,,,,,,,,,,,,,,,,,,,,,,,,,,,705,325.9
1786718700,339.1,339.19,339.1,339.11,340.055,337.01,,,,,,,,,,,,,,,,,,,,,,,,,,,,,,,,,,,,,,,,,,,,,,,,,,,,373,285.6
1786718820,338.91,338.91,338.65,338.65,340.055,337.01,,,,,,,,,,,,,,,,,,,,,,,,,,,,,,,,,,,,,,,,,,,,,,,,,,,,103,289.45
1786718880,338.41,338.41,338.32,338.38,340.055,337.01,,,,,,,,,,,,,,,,,,,,,,,,,,,,,,,,,,,,,,,,,,,,,,,,,,,,45,283.3
1786718940,338.21,338.21,338.2,338.2,340.055,337.01,,,,,,,,,,,,,,,,,,,,,,,,,,,,,,,,,,,,,,,,,,,,,,,,,,,,114,246.55
1786719000,338.29,338.35,338.08,338.08,340.055,337.01,,,,,,,,,,,,,,,,,,,,,,,,,,,,,,,,,,,,,,,,,,,,,,,,,,,,160,231.8
1786719060,338.16,338.16,338.06,338.06,340.055,337.01,,,,,,,,,,,,,,,,,,,,,,,,,,,,,,,,,,,,,,,,,,,,,,,,,,,,32,214
1786719120,338.03,338.03,338,338.03,340.055,337.01,,,,,,,,,,,,,,,,,,,,,,,,,,,,,,,,,,,,,,,,,,,,,,,,,,,,440,230.05
1786719180,338.08,338.28,338.08,338.16,340.055,337.01,,,,,,,,,,,,,,,,,,,,,,,,,,,,,,,,,,,,,,,,,,,,,,,,,,,,440,241.3
1786719240,338.16,338.16,338.01,338.04,340.055,337.01,,,,,,,,,,,,,,,,,,,,,,,,,,,,,,,,,,,,,,,,,,,,,,,,,,,,34,225.75
1786719300,338.01,338.01,337.685,337.92,340.055,337.01,,,,,,,,,,,,,,,,,,,,,,,,,,,,,,,,,,,,,,,,,,,,,,,,,,,,74,211.35
1786719360,337.72,337.82,337.52,337.52,340.055,337.01,,,,,,,,,,,,,,,,,,,,,,,,,,,,,,,,,,,,,,,,,,,,,,,,,,,,31,212.8
1786719420,337.5,337.84,337.5,337.84,340.055,337.01,,,,,,,,,,,,,,,,,,,,,,,,,,,,,,,,,,,,,,,,,,,,,,,,,,,,4,206.3
1786719480,337.84,337.97,337.84,337.97,340.055,337.01,,,,,,,,,,,,,,,,,,,,,,,,,,,,,,,,,,,,,,,,,,,,,,,,,,,,55,192.2
1786719540,338,338.5,338,338.5,340.055,337.01,,,,,,,,,,,,,,,,,,,,,,,,,,,,,,,,,,,,,,,,,,,,,,,,,,,,1427,263.4
1786719600,338.5,338.73,338.48,338.7,340.055,337.01,,,,,,,,,,,,,,,,,,,,,,,,,,,,,,,,,,,,,,,,,,,,,,,,,,,,246,273.3
1786719660,338.8,339.15,338.8,339.075,340.055,337.01,,,,,,,,,,,,,,,,,,,,,,,,,,,,,,,,,,,,,,,,,,,,,,,,,,,,323,282.85
1786719720,339.16,339.23,339.16,339.23,340.055,337.01,,,,,,,,,,,,,,,,,,,,,,,,,,,,,,,,,,,,,,,,,,,,,,,,,,,,87,282.2
1786719840,339.02,339.02,338.64,338.69,340.055,337.01,,,,,,,,,,,,,,,,,,,,,,,,,,,,,,,,,,,,,,,,,,,,,,,,,,,,177,249.6
1786719900,338.64,338.7,338.57,338.7,340.055,337.01,,,,,,,,,,,,,,,,,,,,,,,,,,,,,,,,,,,,,,,,,,,,,,,,,,,,109,248.95
1786719960,338.82,338.94,338.82,338.94,340.055,337.01,,,,,,,,,,,,,,,,,,,,,,,,,,,,,,,,,,,,,,,,,,,,,,,,,,,,208,224.1
1786720020,338.82,338.82,338.77,338.77,340.055,337.01,,,,,,,,,,,,,,,,,,,,,,,,,,,,,,,,,,,,,,,,,,,,,,,,,,,,41,207.5
1786720080,338.76,338.97,338.76,338.83,340.055,337.01,,,,,,,,,,,,,,,,,,,,,,,,,,,,,,,,,,,,,,,,,,,,,,,,,,,,255,215.1
1786720140,338.85,338.85,338.85,338.85,340.055,337.01,,,,,,,,,,,,,,,,,,,,,,,,,,,,,,,,,,,,,,,,,,,,,,,,,,,,100,217.85
1786720200,338.74,338.8,338.74,338.8,340.055,337.01,,,,,,,,,,,,,,,,,,,,,,,,,,,,,,,,,,,,,,,,,,,,,,,,,,,,88,216.55
1786720260,338.68,338.7,338.49,338.49,340.055,337.01,,,,,,,,,,,,,,,,,,,,,,,,,,,,,,,,,,,,,,,,,,,,,,,,,,,,109,214
1786720320,338.42,338.59,338.31,338.51,340.055,337.01,,,,,,,,,,,,,,,,,,,,,,,,,,,,,,,,,,,,,,,,,,,,,,,,,,,,146,219.7
1786720380,338.46,338.46,338.455,338.455,340.055,337.01,,,,,,,,,,,,,,,,,,,,,,,,,,,,,,,,,,,,,,,,,,,,,,,,,,,,120,203.7
1786720440,338.44,338.44,338.3,338.3,340.055,337.01,,,,,,,,,,,,,,,,,,,,,,,,,,,,,,,,,,,,,,,,,,,,,,,,,,,,147,189.05
1786720500,338.37,338.44,338.27,338.44,340.055,337.01,,,,,,,,,,,,,,,,,,,,,,,,,,,,,,,,,,,,,,,,,,,,,,,,,,,,248,199.75
1786720560,338.34,338.35,338.25,338.25,340.055,337.01,,,,,,,,,,,,,,,,,,,,,,,,,,,,,,,,,,,,,,,,,,,,,,,,,,,,52,198.65
1786720620,338.33,338.395,338.33,338.395,340.055,337.01,,,,,,,,,,,,,,,,,,,,,,,,,,,,,,,,,,,,,,,,,,,,,,,,,,,,147,204.45
1786720680,338.42,338.42,338.3,338.3,340.055,337.01,,,,,,,,,,,,,,,,,,,,,,,,,,,,,,,,,,,,,,,,,,,,,,,,,,,,14,204.95
1786720740,338.21,338.21,337.8,337.8,340.055,337.01,,,,,,,,,,,,,,,,,,,,,,,,,,,,,,,,,,,,,,,,,,,,,,,,,,,,108,207.6
1786720800,337.82,338.2,337.78,338.2,340.055,337.01,,,,,,,,,,,,,,,,,,,,,,,,,,,,,,,,,,,,,,,,,,,,,,,,,,,,453,158.9
1786720860,338.09,338.11,338.09,338.11,340.055,337.01,,,,,,,,,,,,,,,,,,,,,,,,,,,,,,,,,,,,,,,,,,,,,,,,,,,,116,152.4
1786720980,338.25,338.41,338.25,338.41,340.055,337.01,,,,,,,,,,,,,,,,,,,,,,,,,,,,,,,,,,,,,,,,,,,,,,,,,,,,154,143.95
1786721040,338.22,338.22,338.22,338.22,340.055,337.01,,,,,,,,,,,,,,,,,,,,,,,,,,,,,,,,,,,,,,,,,,,,,,,,,,,,11,140.15
1786721100,338.33,338.33,338.22,338.22,340.055,337.01,,,,,,,,,,,,,,,,,,,,,,,,,,,,,,,,,,,,,,,,,,,,,,,,,,,,4,131.5
1786721160,338.19,338.28,338.19,338.28,340.055,337.01,,,,,,,,,,,,,,,,,,,,,,,,,,,,,,,,,,,,,,,,,,,,,,,,,,,,145,133.3
1786721220,338.34,338.45,338.34,338.45,340.055,337.01,,,,,,,,,,,,,,,,,,,,,,,,,,,,,,,,,,,,,,,,,,,,,,,,,,,,365,141.15
1786721280,338.47,338.5,338.31,338.38,340.055,337.01,,,,,,,,,,,,,,,,,,,,,,,,,,,,,,,,,,,,,,,,,,,,,,,,,,,,126,145.4
1786721340,338.19,338.19,337.96,337.98,340.055,337.01,,,,,,,,,,,,,,,,,,,,,,,,,,,,,,,,,,,,,,,,,,,,,,,,,,,,205,142.9
1786721400,338.14,338.24,338.14,338.24,340.055,337.01,,,,,,,,,,,,,,,,,,,,,,,,,,,,,,,,,,,,,,,,,,,,,,,,,,,,160,145.9
1786721520,338.1,338.18,338.02,338.02,340.055,337.01,,,,,,,,,,,,,,,,,,,,,,,,,,,,,,,,,,,,,,,,,,,,,,,,,,,,176,150.3
1786721580,338.16,338.16,338.16,338.16,340.055,337.01,,,,,,,,,,,,,,,,,,,,,,,,,,,,,,,,,,,,,,,,,,,,,,,,,,,,13,145.5
1786721640,338.27,338.27,337.98,338.05,340.055,337.01,,,,,,,,,,,,,,,,,,,,,,,,,,,,,,,,,,,,,,,,,,,,,,,,,,,,60,141.2
1786721700,338.055,338.055,338.055,338.055,340.055,337.01,,,,,,,,,,,,,,,,,,,,,,,,,,,,,,,,,,,,,,,,,,,,,,,,,,,,4,135.4
1786721760,338.15,338.15,338.14,338.15,340.055,337.01,,,,,,,,,,,,,,,,,,,,,,,,,,,,,,,,,,,,,,,,,,,,,,,,,,,,222,139.15
1786721820,338.02,338.02,338.02,338.02,340.055,337.01,,,,,,,,,,,,,,,,,,,,,,,,,,,,,,,,,,,,,,,,,,,,,,,,,,,,10,127.25
1786721880,337.99,338.11,337.79,337.9,340.055,337.01,,,,,,,,,,,,,,,,,,,,,,,,,,,,,,,,,,,,,,,,,,,,,,,,,,,,373,143.3
1786721940,337.68,337.68,337.54,337.54,340.055,337.01,,,,,,,,,,,,,,,,,,,,,,,,,,,,,,,,,,,,,,,,,,,,,,,,,,,,133,142.6
1786722000,337.5,337.5,337.08,337.08,340.055,337.01,,,,,,,,,,,,,,,,,,,,,,,,,,,,,,,,,,,,,,,,,,,,,,,,,,,,139,148.85
1786722060,337.05,337.16,337.05,337.16,340.055,337.01,,,,,,,,,,,,,,,,,,,,,,,,,,,,,,,,,,,,,,,,,,,,,,,,,,,,43,145.6
1786722120,337.03,337.03,336.97,336.97,340.055,337.01,,,,,,,,,,,,,,,,,,,,,,,,,,,,,,,,,,,,,,,,,,,,,,,,,,,,255,135.7
1786722180,337.01,337.12,337.01,337.02,340.055,337.01,,,,,,,,,,,,,,,,,,,,,,,,,,,,,,,,,,,,,,,,,,,,,,,,,,,,566,158.2
1786722240,336.88,336.88,336.88,336.88,340.055,337.01,,,,,,,,,,,,,,,,,,,,,,,,,,,,,,,,,,,,,,,,,,,,,,,,,,,,3,150.65
1786722300,336.81,336.81,336.81,336.81,340.055,337.01,,,,,,,,,,,,,,,,,,,,,,,,,,,,,,,,,,,,,,,,,,,,,,,,,,,,1,150.15
1786722360,336.92,336.92,336.69,336.83,340.055,337.01,,,,,,,,,,,,,,,,,,,,,,,,,,,,,,,,,,,,,,,,,,,,,,,,,,,,46,152.25
1786722420,336.64,336.71,336.55,336.71,340.055,337.01,,,,,,,,,,,,,,,,,,,,,,,,,,,,,,,,,,,,,,,,,,,,,,,,,,,,184,154.2
1786722480,336.56,336.56,336.5,336.5,340.055,337.01,,,,,,,,,,,,,,,,,,,,,,,,,,,,,,,,,,,,,,,,,,,,,,,,,,,,16,136.75
1786722540,336.5,336.84,336.46,336.46,340.055,337.01,,,,,,,,,,,,,,,,,,,,,,,,,,,,,,,,,,,,,,,,,,,,,,,,,,,,147,137.8
1786722600,336.49,336.56,336.49,336.54,340.055,337.01,,,,,,,,,,,,,,,,,,,,,,,,,,,,,,,,,,,,,,,,,,,,,,,,,,,,255,140.3
1786722660,336.475,336.55,336.475,336.55,340.055,337.01,,,,,,,,,,,,,,,,,,,,,,,,,,,,,,,,,,,,,,,,,,,,,,,,,,,,161,140.35
1786722720,336.36,336.46,336.24,336.45,340.055,337.01,,,,,,,,,,,,,,,,,,,,,,,,,,,,,,,,,,,,,,,,,,,,,,,,,,,,615,162.3
1786722780,336.44,336.46,336.32,336.32,340.055,337.01,,,,,,,,,,,,,,,,,,,,,,,,,,,,,,,,,,,,,,,,,,,,,,,,,,,,77,165.5
1786722840,336.4,336.49,336.35,336.35,340.055,337.01,,,,,,,,,,,,,,,,,,,,,,,,,,,,,,,,,,,,,,,,,,,,,,,,,,,,350,180
1786722900,336.29,336.39,336.29,336.39,340.055,337.01,,,,,,,,,,,,,,,,,,,,,,,,,,,,,,,,,,,,,,,,,,,,,,,,,,,,138,186.7
1786722960,336.43,336.43,336.43,336.43,340.055,337.01,,,,,,,,,,,,,,,,,,,,,,,,,,,,,,,,,,,,,,,,,,,,,,,,,,,,4,175.8
1786723020,336.31,336.35,336.31,336.31,340.055,337.01,,,,,,,,,,,,,,,,,,,,,,,,,,,,,,,,,,,,,,,,,,,,,,,,,,,,72,178.9
1786723080,336.38,336.49,336.23,336.49,340.055,337.01,,,,,,,,,,,,,,,,,,,,,,,,,,,,,,,,,,,,,,,,,,,,,,,,,,,,1592,239.85
1786723140,336.5,336.53,336.5,336.53,340.055,337.01,,,,,,,,,,,,,,,,,,,,,,,,,,,,,,,,,,,,,,,,,,,,,,,,,,,,91,237.75
1786723200,336.58,336.62,336.58,336.59,340.055,337.01,,,,,,,,,,,,,,,,,,,,,,,,,,,,,,,,,,,,,,,,,,,,,,,,,,,,82,234.9
1786723260,336.52,336.62,336.47,336.61,340.055,337.01,,,,,,,,,,,,,,,,,,,,,,,,,,,,,,,,,,,,,,,,,,,,,,,,,,,,420,253.75
1786723320,336.46,336.46,336.46,336.46,340.055,337.01,,,,,,,,,,,,,,,,,,,,,,,,,,,,,,,,,,,,,,,,,,,,,,,,,,,,27,242.35
1786723380,336.52,336.66,336.47,336.47,340.055,337.01,,,,,,,,,,,,,,,,,,,,,,,,,,,,,,,,,,,,,,,,,,,,,,,,,,,,290,228.55
1786723500,336.61,336.68,336.61,336.68,340.055,337.01,,,,,,,,,,,,,,,,,,,,,,,,,,,,,,,,,,,,,,,,,,,,,,,,,,,,150,235.9
1786723560,336.64,336.64,336.64,336.64,340.055,337.01,,,,,,,,,,,,,,,,,,,,,,,,,,,,,,,,,,,,,,,,,,,,,,,,,,,,121,241.9
1786723680,336.55,336.55,336.55,336.55,340.055,337.01,,,,,,,,,,,,,,,,,,,,,,,,,,,,,,,,,,,,,,,,,,,,,,,,,,,,22,240.7
1786723740,336.48,336.48,336.33,336.33,340.055,337.01,,,,,,,,,,,,,,,,,,,,,,,,,,,,,,,,,,,,,,,,,,,,,,,,,,,,371,250.05
1786723800,336.31,336.31,336.15,336.15,340.055,337.01,,,,,,,,,,,,,,,,,,,,,,,,,,,,,,,,,,,,,,,,,,,,,,,,,,,,99,254.2
1786723860,336.165,336.165,335.98,336.01,340.055,337.01,,,,,,,,,,,,,,,,,,,,,,,,,,,,,,,,,,,,,,,,,,,,,,,,,,,,393,266.5
1786723920,336.05,336.05,336.05,336.05,340.055,337.01,,,,,,,,,,,,,,,,,,,,,,,,,,,,,,,,,,,,,,,,,,,,,,,,,,,,1,253.8
1786723980,336.08,336.23,336.08,336.23,340.055,337.01,,,,,,,,,,,,,,,,,,,,,,,,,,,,,,,,,,,,,,,,,,,,,,,,,,,,338,262.65
1786724040,336.15,336.15,336.14,336.14,340.055,337.01,,,,,,,,,,,,,,,,,,,,,,,,,,,,,,,,,,,,,,,,,,,,,,,,,,,,44,234.1
1786724100,336.25,336.25,336.22,336.23,340.055,337.01,,,,,,,,,,,,,,,,,,,,,,,,,,,,,,,,,,,,,,,,,,,,,,,,,,,,112,235.85
1786724220,336.25,336.34,336.2,336.2,340.055,337.01,,,,,,,,,,,,,,,,,,,,,,,,,,,,,,,,,,,,,,,,,,,,,,,,,,,,307,233.7
1786724280,336.28,336.35,336.28,336.35,340.055,337.01,,,,,,,,,,,,,,,,,,,,,,,,,,,,,,,,,,,,,,,,,,,,,,,,,,,,189,236.25
1786724400,336.15,336.25,336.01,336.25,340.055,337.01,,,,,,,,,,,,,,,,,,,,,,,,,,,,,,,,,,,,,,,,,,,,,,,,,,,,195,245.8
1786724460,336.17,336.17,336.17,336.17,340.055,337.01,,,,,,,,,,,,,,,,,,,,,,,,,,,,,,,,,,,,,,,,,,,,,,,,,,,,32,243.8
1786724520,336.18,336.3,336.18,336.255,340.055,337.01,,,,,,,,,,,,,,,,,,,,,,,,,,,,,,,,,,,,,,,,,,,,,,,,,,,,173,172.85
1786724580,336.33,336.33,336.33,336.33,340.055,337.01,,,,,,,,,,,,,,,,,,,,,,,,,,,,,,,,,,,,,,,,,,,,,,,,,,,,40,170.3
1786724640,336.27,336.27,336.09,336.09,340.055,337.01,,,,,,,,,,,,,,,,,,,,,,,,,,,,,,,,,,,,,,,,,,,,,,,,,,,,122,172.3
1786724760,336.07,336.07,335.98,335.98,340.055,337.01,,,,,,,,,,,,,,,,,,,,,,,,,,,,,,,,,,,,,,,,,,,,,,,,,,,,325,167.55
1786724820,335.94,335.94,335.94,335.94,340.055,337.01,,,,,,,,,,,,,,,,,,,,,,,,,,,,,,,,,,,,,,,,,,,,,,,,,,,,5,166.45
1786724880,335.88,335.96,335.88,335.96,340.055,337.01,,,,,,,,,,,,,,,,,,,,,,,,,,,,,,,,,,,,,,,,,,,,,,,,,,,,411,172.5
1786724940,335.86,335.86,335.48,335.83,340.055,337.01,,,,,,,,,,,,,,,,,,,,,,,,,,,,,,,,,,,,,,,,,,,,,,,,,,,,835,206.75
1786725120,335.76,335.8,335.71,335.71,340.055,337.01,,,,,,,,,,,,,,,,,,,,,,,,,,,,,,,,,,,,,,,,,,,,,,,,,,,,411,221.25
1786725180,335.71,335.9,335.71,335.88,340.055,337.01,,,,,,,,,,,,,,,,,,,,,,,,,,,,,,,,,,,,,,,,,,,,,,,,,,,,91,224.7
1786725240,335.9,335.9,335.9,335.9,340.055,337.01,,,,,,,,,,,,,,,,,,,,,,,,,,,,,,,,,,,,,,,,,,,,,,,,,,,,8,206.55
1786725360,335.84,335.85,335.77,335.77,340.055,337.01,,,,,,,,,,,,,,,,,,,,,,,,,,,,,,,,,,,,,,,,,,,,,,,,,,,,238,213.5
1786725420,335.67,335.79,335.61,335.61,340.055,337.01,,,,,,,,,,,,,,,,,,,,,,,,,,,,,,,,,,,,,,,,,,,,,,,,,,,,127,200.2
1786725480,335.63,335.78,335.63,335.7,340.055,337.01,,,,,,,,,,,,,,,,,,,,,,,,,,,,,,,,,,,,,,,,,,,,,,,,,,,,633,231.8
1786725540,335.76,335.82,335.76,335.77,340.055,337.01,,,,,,,,,,,,,,,,,,,,,,,,,,,,,,,,,,,,,,,,,,,,,,,,,,,,93,219.55
1786725600,335.68,335.68,335.68,335.68,340.055,337.01,,,,,,,,,,,,,,,,,,,,,,,,,,,,,,,,,,,,,,,,,,,,,,,,,,,,23,218.5
1786725660,335.64,335.67,335.35,335.49,340.055,337.01,,,,,,,,,,,,,,,,,,,,,,,,,,,,,,,,,,,,,,,,,,,,,,,,,,,,328,229.3
1786725720,335.49,335.64,335.49,335.5,340.055,337.01,,,,,,,,,,,,,,,,,,,,,,,,,,,,,,,,,,,,,,,,,,,,,,,,,,,,300,228.95
1786725780,335.41,335.41,335.41,335.41,340.055,337.01,,,,,,,,,,,,,,,,,,,,,,,,,,,,,,,,,,,,,,,,,,,,,,,,,,,,25,220.75
1786725840,335.38,335.38,335.15,335.15,340.055,337.01,,,,,,,,,,,,,,,,,,,,,,,,,,,,,,,,,,,,,,,,,,,,,,,,,,,,87,215.35
1786725900,335.15,335.15,335.15,335.15,340.055,337.01,,,,,,,,,,,,,,,,,,,,,,,,,,,,,,,,,,,,,,,,,,,,,,,,,,,,5,214
1786725960,335.26,335.27,335.08,335.27,340.055,337.01,,,,,,,,,,,,,,,,,,,,,,,,,,,,,,,,,,,,,,,,,,,,,,,,,,,,251,217.9
1786726020,335.1,335.1,335.1,335.1,340.055,337.01,,,,,,,,,,,,,,,,,,,,,,,,,,,,,,,,,,,,,,,,,,,,,,,,,,,,15,216.65
1786726080,335.27,335.77,335.27,335.58,340.055,337.01,,,,,,,,,,,,,,,,,,,,,,,,,,,,,,,,,,,,,,,,,,,,,,,,,,,,831,252.1
1786726140,335.77,335.77,335.4,335.49,340.055,337.01,,,,,,,,,,,,,,,,,,,,,,,,,,,,,,,,,,,,,,,,,,,,,,,,,,,,163,244
1786726260,335.6,335.6,335.6,335.6,340.055,337.01,,,,,,,,,,,,,,,,,,,,,,,,,,,,,,,,,,,,,,,,,,,,,,,,,,,,40,245.75
1786726380,335.39,335.39,335.38,335.38,340.055,337.01,,,,,,,,,,,,,,,,,,,,,,,,,,,,,,,,,,,,,,,,,,,,,,,,,,,,194,234.9
1786726440,335.38,335.38,335.33,335.33,340.055,337.01,,,,,,,,,,,,,,,,,,,,,,,,,,,,,,,,,,,,,,,,,,,,,,,,,,,,73,196.8
1786726500,335.3,335.36,335.21,335.3,340.055,337.01,,,,,,,,,,,,,,,,,,,,,,,,,,,,,,,,,,,,,,,,,,,,,,,,,,,,271,189.8
1786726620,335.49,335.49,335.3,335.3,340.055,337.01,,,,,,,,,,,,,,,,,,,,,,,,,,,,,,,,,,,,,,,,,,,,,,,,,,,,80,189.25
1786726680,335.42,335.42,335.3,335.3,340.055,337.01,,,,,,,,,,,,,,,,,,,,,,,,,,,,,,,,,,,,,,,,,,,,,,,,,,,,36,190.65
1786726740,335.54,335.67,335.54,335.66,340.055,337.01,,,,,,,,,,,,,,,,,,,,,,,,,,,,,,,,,,,,,,,,,,,,,,,,,,,,441,200.8
1786726800,335.81,335.81,335.66,335.71,340.055,337.01,,,,,,,,,,,,,,,,,,,,,,,,,,,,,,,,,,,,,,,,,,,,,,,,,,,,191,204
1786726980,335.81,335.83,335.81,335.83,340.055,337.01,,,,,,,,,,,,,,,,,,,,,,,,,,,,,,,,,,,,,,,,,,,,,,,,,,,,148,179.75
1786727100,335.89,335.98,335.89,335.905,340.055,337.01,,,,,,,,,,,,,,,,,,,,,,,,,,,,,,,,,,,,,,,,,,,,,,,,,,,,388,194.5
1786727160,335.97,335.97,335.97,335.97,340.055,337.01,,,,,,,,,,,,,,,,,,,,,,,,,,,,,,,,,,,,,,,,,,,,,,,,,,,,30,194.85
1786727220,335.84,335.91,335.76,335.91,340.055,337.01,,,,,,,,,,,,,,,,,,,,,,,,,,,,,,,,,,,,,,,,,,,,,,,,,,,,306,193.75
1786727280,335.77,335.77,335.77,335.77,340.055,337.01,,,,,,,,,,,,,,,,,,,,,,,,,,,,,,,,,,,,,,,,,,,,,,,,,,,,30,180.25
1786727340,335.61,335.61,335.52,335.555,340.055,337.01,,,,,,,,,,,,,,,,,,,,,,,,,,,,,,,,,,,,,,,,,,,,,,,,,,,,65,182.25
1786727400,335.57,335.57,335.57,335.57,340.055,337.01,,,,,,,,,,,,,,,,,,,,,,,,,,,,,,,,,,,,,,,,,,,,,,,,,,,,9,178.35
1786727460,335.71,335.72,335.71,335.72,340.055,337.01,,,,,,,,,,,,,,,,,,,,,,,,,,,,,,,,,,,,,,,,,,,,,,,,,,,,265,191.35
1786727520,335.62,335.62,335.62,335.62,340.055,337.01,,,,,,,,,,,,,,,,,,,,,,,,,,,,,,,,,,,,,,,,,,,,,,,,,,,,2,178.9
1786727580,335.62,335.62,335.59,335.59,340.055,337.01,,,,,,,,,,,,,,,,,,,,,,,,,,,,,,,,,,,,,,,,,,,,,,,,,,,,46,180.45
1786727640,335.54,335.56,335.54,335.56,340.055,337.01,,,,,,,,,,,,,,,,,,,,,,,,,,,,,,,,,,,,,,,,,,,,,,,,,,,,23,140.05
1786727700,335.55,335.89,335.55,335.89,340.055,337.01,,,,,,,,,,,,,,,,,,,,,,,,,,,,,,,,,,,,,,,,,,,,,,,,,,,,409,152.35
1786727760,335.81,335.84,335.72,335.8,340.055,337.01,,,,,,,,,,,,,,,,,,,,,,,,,,,,,,,,,,,,,,,,,,,,,,,,,,,,137,157.2
1786727820,335.88,335.88,335.7,335.7,340.055,337.01,,,,,,,,,,,,,,,,,,,,,,,,,,,,,,,,,,,,,,,,,,,,,,,,,,,,203,157.65
1786727880,335.83,335.83,335.83,335.83,340.055,337.01,,,,,,,,,,,,,,,,,,,,,,,,,,,,,,,,,,,,,,,,,,,,,,,,,,,,1,154.05
1786728000,335.68,335.68,335.6,335.6,340.055,337.01,,,,,,,,,,,,,,,,,,,,,,,,,,,,,,,,,,,,,,,,,,,,,,,,,,,,31,142.05
1786728180,335.6,335.66,335.6,335.66,340.055,337.01,,,,,,,,,,,,,,,,,,,,,,,,,,,,,,,,,,,,,,,,,,,,,,,,,,,,17,138.9
1786728240,335.73,335.73,335.61,335.61,340.055,337.01,,,,,,,,,,,,,,,,,,,,,,,,,,,,,,,,,,,,,,,,,,,,,,,,,,,,31,138.65
1786728300,335.73,335.73,335.45,335.45,340.055,337.01,,,,,,,,,,,,,,,,,,,,,,,,,,,,,,,,,,,,,,,,,,,,,,,,,,,,464,139.8
1786728360,335.4,335.46,335.31,335.46,340.055,337.01,,,,,,,,,,,,,,,,,,,,,,,,,,,,,,,,,,,,,,,,,,,,,,,,,,,,161,138.3
1786728420,335.41,335.42,335.36,335.36,340.055,337.01,,,,,,,,,,,,,,,,,,,,,,,,,,,,,,,,,,,,,,,,,,,,,,,,,,,,172,139.5
1786728480,335.27,335.27,335.27,335.27,340.055,337.01,,,,,,,,,,,,,,,,,,,,,,,,,,,,,,,,,,,,,,,,,,,,,,,,,,,,24,121.3
1786728600,335.32,335.47,335.32,335.44,340.055,337.01,,,,,,,,,,,,,,,,,,,,,,,,,,,,,,,,,,,,,,,,,,,,,,,,,,,,734,156.5
1786728660,335.43,335.43,335.26,335.26,340.055,337.01,,,,,,,,,,,,,,,,,,,,,,,,,,,,,,,,,,,,,,,,,,,,,,,,,,,,168,149.6
1786728720,335.33,335.44,335.33,335.37,340.055,337.01,,,,,,,,,,,,,,,,,,,,,,,,,,,,,,,,,,,,,,,,,,,,,,,,,,,,329,164.55
1786728780,335.48,335.49,335.43,335.43,340.055,337.01,,,,,,,,,,,,,,,,,,,,,,,,,,,,,,,,,,,,,,,,,,,,,,,,,,,,58,164.2
1786728840,335.35,335.35,335.33,335.33,340.055,337.01,,,,,,,,,,,,,,,,,,,,,,,,,,,,,,,,,,,,,,,,,,,,,,,,,,,,49,166.2
1786728900,335.25,335.25,335.1,335.1,340.055,337.01,,,,,,,,,,,,,,,,,,,,,,,,,,,,,,,,,,,,,,,,,,,,,,,,,,,,63,156.1
1786729080,335.23,335.27,335.16,335.16,340.055,337.01,,,,,,,,,,,,,,,,,,,,,,,,,,,,,,,,,,,,,,,,,,,,,,,,,,,,145,163.25
1786729140,335.21,335.26,335.21,335.26,340.055,337.01,,,,,,,,,,,,,,,,,,,,,,,,,,,,,,,,,,,,,,,,,,,,,,,,,,,,308,176.35
1786729260,335.14,335.14,334.91,334.95,340.055,337.01,,,,,,,,,,,,,,,,,,,,,,,,,,,,,,,,,,,,,,,,,,,,,,,,,,,,759,213.15
1786729320,334.95,334.95,334.9,334.9,340.055,337.01,,,,,,,,,,,,,,,,,,,,,,,,,,,,,,,,,,,,,,,,,,,,,,,,,,,,384,211.9
1786729380,334.78,334.78,334.63,334.63,340.055,337.01,,,,,,,,,,,,,,,,,,,,,,,,,,,,,,,,,,,,,,,,,,,,,,,,,,,,60,208.05
1786729440,334.62,334.62,334.5,334.6,340.055,337.01,,,,,,,,,,,,,,,,,,,,,,,,,,,,,,,,,,,,,,,,,,,,,,,,,,,,172,206.5
1786729500,334.58,334.58,334.47,334.47,340.055,337.01,,,,,,,,,,,,,,,,,,,,,,,,,,,,,,,,,,,,,,,,,,,,,,,,,,,,14,207.15
1786729620,334.42,334.46,334.41,334.46,340.055,337.01,,,,,,,,,,,,,,,,,,,,,,,,,,,,,,,,,,,,,,,,,,,,,,,,,,,,294,220.3
1786729680,334.51,334.59,334.51,334.59,340.055,337.01,,,,,,,,,,,,,,,,,,,,,,,,,,,,,,,,,,,,,,,,,,,,,,,,,,,,386,238.75
1786729740,334.61,334.65,334.61,334.65,340.055,337.01,,,,,,,,,,,,,,,,,,,,,,,,,,,,,,,,,,,,,,,,,,,,,,,,,,,,104,242.4
1786729800,334.58,334.58,334.33,334.33,340.055,337.01,,,,,,,,,,,,,,,,,,,,,,,,,,,,,,,,,,,,,,,,,,,,,,,,,,,,182,228.3
1786729860,334.25,334.45,334.25,334.45,340.055,337.01,,,,,,,,,,,,,,,,,,,,,,,,,,,,,,,,,,,,,,,,,,,,,,,,,,,,320,236.25
1786729920,334.31,334.31,334.31,334.31,340.055,337.01,,,,,,,,,,,,,,,,,,,,,,,,,,,,,,,,,,,,,,,,,,,,,,,,,,,,1,227.7
1786729980,334.27,334.27,334.13,334.13,340.055,337.01,,,,,,,,,,,,,,,,,,,,,,,,,,,,,,,,,,,,,,,,,,,,,,,,,,,,205,236.75
1786730040,334.21,334.21,334.21,334.21,340.055,337.01,,,,,,,,,,,,,,,,,,,,,,,,,,,,,,,,,,,,,,,,,,,,,,,,,,,,131,206.6
1786730100,334.12,334.26,334.12,334.26,340.055,337.01,,,,,,,,,,,,,,,,,,,,,,,,,,,,,,,,,,,,,,,,,,,,,,,,,,,,83,202.35
1786730160,334.15,334.27,334.15,334.27,340.055,337.01,,,,,,,,,,,,,,,,,,,,,,,,,,,,,,,,,,,,,,,,,,,,,,,,,,,,89,190.35
1786730220,334.28,334.33,334.25,334.33,340.055,337.01,,,,,,,,,,,,,,,,,,,,,,,,,,,,,,,,,,,,,,,,,,,,,,,,,,,,346,204.75
1786730340,334.34,334.39,334.34,334.39,340.055,337.01,,,,,,,,,,,,,,,,,,,,,,,,,,,,,,,,,,,,,,,,,,,,,,,,,,,,224,213.5
1786730400,334.405,334.45,334.38,334.43,340.055,337.01,,,,,,,,,,,,,,,,,,,,,,,,,,,,,,,,,,,,,,,,,,,,,,,,,,,,153,218
1786730460,334.54,335.1,334.51,334.91,340.055,337.01,,,,,,,,,,,,,,,,,,,,,,,,,,,,,,,,,,,,,,,,,,,,,,,,,,,,775,249.5
1786730520,334.83,334.83,334.59,334.59,340.055,337.01,,,,,,,,,,,,,,,,,,,,,,,,,,,,,,,,,,,,,,,,,,,,,,,,,,,,175,242.85
1786730580,334.7,334.87,334.7,334.76,340.055,337.01,,,,,,,,,,,,,,,,,,,,,,,,,,,,,,,,,,,,,,,,,,,,,,,,,,,,1058,257.8
1786730640,334.685,334.78,334.61,334.78,340.055,337.01,,,,,,,,,,,,,,,,,,,,,,,,,,,,,,,,,,,,,,,,,,,,,,,,,,,,143,245.75
1786730700,334.83,334.83,334.83,334.83,340.055,337.01,,,,,,,,,,,,,,,,,,,,,,,,,,,,,,,,,,,,,,,,,,,,,,,,,,,,1,242.8
1786730760,334.725,334.83,334.725,334.81,340.055,337.01,,,,,,,,,,,,,,,,,,,,,,,,,,,,,,,,,,,,,,,,,,,,,,,,,,,,262,247.3
1786730820,334.7,334.78,334.58,334.58,340.055,337.01,,,,,,,,,,,,,,,,,,,,,,,,,,,,,,,,,,,,,,,,,,,,,,,,,,,,707,281.95
1786730880,334.62,334.99,334.62,334.99,340.055,337.01,,,,,,,,,,,,,,,,,,,,,,,,,,,,,,,,,,,,,,,,,,,,,,,,,,,,1160,325.25
1786730940,335.05,335.08,334.92,334.93,340.055,337.01,,,,,,,,,,,,,,,,,,,,,,,,,,,,,,,,,,,,,,,,,,,,,,,,,,,,228,317.35
1786731000,335.05,335.05,335.05,335.05,340.055,337.01,,,,,,,,,,,,,,,,,,,,,,,,,,,,,,,,,,,,,,,,,,,,,,,,,,,,54,314.85
1786731120,334.9,334.97,334.9,334.95,340.055,337.01,,,,,,,,,,,,,,,,,,,,,,,,,,,,,,,,,,,,,,,,,,,,,,,,,,,,217,316.6
1786731180,334.96,335.05,334.96,335.05,340.055,337.01,,,,,,,,,,,,,,,,,,,,,,,,,,,,,,,,,,,,,,,,,,,,,,,,,,,,449,323.05
1786731300,334.87,334.87,334.85,334.85,340.055,337.01,,,,,,,,,,,,,,,,,,,,,,,,,,,,,,,,,,,,,,,,,,,,,,,,,,,,68,326.4
1786731360,334.88,334.91,334.875,334.91,340.055,337.01,,,,,,,,,,,,,,,,,,,,,,,,,,,,,,,,,,,,,,,,,,,,,,,,,,,,157,324
1786731420,334.83,334.88,334.83,334.87,340.055,337.01,,,,,,,,,,,,,,,,,,,,,,,,,,,,,,,,,,,,,,,,,,,,,,,,,,,,168,325.85
1786731480,334.83,334.87,334.7,334.7,340.055,337.01,,,,,,,,,,,,,,,,,,,,,,,,,,,,,,,,,,,,,,,,,,,,,,,,,,,,796,361.5
1786731540,334.77,334.94,334.77,334.94,340.055,337.01,,,,,,,,,,,,,,,,,,,,,,,,,,,,,,,,,,,,,,,,,,,,,,,,,,,,534,383.75
1786731600,334.98,334.99,334.895,334.895,340.055,337.01,,,,,,,,,,,,,,,,,,,,,,,,,,,,,,,,,,,,,,,,,,,,,,,,,,,,152,374.05
1786731660,334.84,334.84,334.72,334.83,340.055,337.01,,,,,,,,,,,,,,,,,,,,,,,,,,,,,,,,,,,,,,,,,,,,,,,,,,,,24,364.05
1786731780,334.72,334.72,334.72,334.72,340.055,337.01,,,,,,,,,,,,,,,,,,,,,,,,,,,,,,,,,,,,,,,,,,,,,,,,,,,,19,357.35
1786731840,334.7,334.775,334.7,334.775,340.055,337.01,,,,,,,,,,,,,,,,,,,,,,,,,,,,,,,,,,,,,,,,,,,,,,,,,,,,23,319.75
1786731900,334.85,334.9,334.85,334.9,340.055,337.01,,,,,,,,,,,,,,,,,,,,,,,,,,,,,,,,,,,,,,,,,,,,,,,,,,,,388,330.4
1786731960,334.94,334.94,334.78,334.78,340.055,337.01,,,,,,,,,,,,,,,,,,,,,,,,,,,,,,,,,,,,,,,,,,,,,,,,,,,,216,288.3
1786732020,334.88,334.91,334.88,334.91,340.055,337.01,,,,,,,,,,,,,,,,,,,,,,,,,,,,,,,,,,,,,,,,,,,,,,,,,,,,101,286.2
1786732080,334.85,335.05,334.85,335.05,340.055,337.01,,,,,,,,,,,,,,,,,,,,,,,,,,,,,,,,,,,,,,,,,,,,,,,,,,,,420,307.15
1786732140,335.07,335.14,335.06,335.14,340.055,337.01,,,,,,,,,,,,,,,,,,,,,,,,,,,,,,,,,,,,,,,,,,,,,,,,,,,,351,311.6
1786732200,335.14,335.2,335.1,335.2,340.055,337.01,,,,,,,,,,,,,,,,,,,,,,,,,,,,,,,,,,,,,,,,,,,,,,,,,,,,160,284.25
1786732260,335.17,335.22,335.17,335.22,340.055,337.01,,,,,,,,,,,,,,,,,,,,,,,,,,,,,,,,,,,,,,,,,,,,,,,,,,,,223,237.4
1786732320,335.175,335.19,335.175,335.19,340.055,337.01,,,,,,,,,,,,,,,,,,,,,,,,,,,,,,,,,,,,,,,,,,,,,,,,,,,,45,228.25
1786732380,335.23,335.23,335.12,335.12,340.055,337.01,,,,,,,,,,,,,,,,,,,,,,,,,,,,,,,,,,,,,,,,,,,,,,,,,,,,99,230.5
1786732440,335.11,335.11,334.97,334.97,340.055,337.01,,,,,,,,,,,,,,,,,,,,,,,,,,,,,,,,,,,,,,,,,,,,,,,,,,,,99,224.6
1786732560,335,335,334.91,334.93,340.055,337.01,,,,,,,,,,,,,,,,,,,,,,,,,,,,,,,,,,,,,,,,,,,,,,,,,,,,104,207.35
1786732620,334.87,334.87,334.8,334.865,340.055,337.01,,,,,,,,,,,,,,,,,,,,,,,,,,,,,,,,,,,,,,,,,,,,,,,,,,,,21,205
1786732680,334.74,334.74,334.73,334.73,340.055,337.01,,,,,,,,,,,,,,,,,,,,,,,,,,,,,,,,,,,,,,,,,,,,,,,,,,,,14,197.85
1786732740,334.735,334.86,334.735,334.86,340.055,337.01,,,,,,,,,,,,,,,,,,,,,,,,,,,,,,,,,,,,,,,,,,,,,,,,,,,,891,234
1786732800,334.82,334.85,334.82,334.85,340.055,337.01,,,,,,,,,,,,,,,,,,,,,,,,,,,,,,,,,,,,,,,,,,,,,,,,,,,,148,201.6
1786732860,334.73,334.73,334.73,334.73,340.055,337.01,,,,,,,,,,,,,,,,,,,,,,,,,,,,,,,,,,,,,,,,,,,,,,,,,,,,1,174.95
1786732920,334.69,334.69,334.54,334.66,340.055,337.01,,,,,,,,,,,,,,,,,,,,,,,,,,,,,,,,,,,,,,,,,,,,,,,,,,,,716,203.15
1786732980,334.63,334.63,334.63,334.63,340.055,337.01,,,,,,,,,,,,,,,,,,,,,,,,,,,,,,,,,,,,,,,,,,,,,,,,,,,,12,202.55
1786733040,334.56,334.56,334.56,334.56,340.055,337.01,,,,,,,,,,,,,,,,,,,,,,,,,,,,,,,,,,,,,,,,,,,,,,,,,,,,118,207.5
1786733100,334.55,334.55,334.24,334.24,340.055,337.01,,,,,,,,,,,,,,,,,,,,,,,,,,,,,,,,,,,,,,,,,,,,,,,,,,,,997,256.2
1786733160,334.24,334.24,334.24,334.24,340.055,337.01,,,,,,,,,,,,,,,,,,,,,,,,,,,,,,,,,,,,,,,,,,,,,,,,,,,,3,236.95
1786733220,334.41,334.41,334.41,334.41,340.055,337.01,,,,,,,,,,,,,,,,,,,,,,,,,,,,,,,,,,,,,,,,,,,,,,,,,,,,98,231.05
1786733340,334.27,334.29,334.26,334.29,340.055,337.01,,,,,,,,,,,,,,,,,,,,,,,,,,,,,,,,,,,,,,,,,,,,,,,,,,,,36,227.8
1786733400,334.23,334.23,334.09,334.11,340.055,337.01,,,,,,,,,,,,,,,,,,,,,,,,,,,,,,,,,,,,,,,,,,,,,,,,,,,,460,229.8
1786733460,334.12,334.12,333.96,333.96,340.055,337.01,,,,,,,,,,,,,,,,,,,,,,,,,,,,,,,,,,,,,,,,,,,,,,,,,,,,455,235
1786733520,334.02,334.07,333.96,333.96,340.055,337.01,,,,,,,,,,,,,,,,,,,,,,,,,,,,,,,,,,,,,,,,,,,,,,,,,,,,40,229
1786733640,333.92,333.92,333.895,333.895,340.055,337.01,,,,,,,,,,,,,,,,,,,,,,,,,,,,,,,,,,,,,,,,,,,,,,,,,,,,39,219.8
1786733700,333.99,333.99,333.88,333.88,340.055,337.01,,,,,,,,,,,,,,,,,,,,,,,,,,,,,,,,,,,,,,,,,,,,,,,,,,,,26,218.85
1786733760,333.8,333.83,333.72,333.72,340.055,337.01,,,,,,,,,,,,,,,,,,,,,,,,,,,,,,,,,,,,,,,,,,,,,,,,,,,,610,244.4
1786733880,333.695,333.695,333.59,333.65,340.055,337.01,,,,,,,,,,,,,,,,,,,,,,,,,,,,,,,,,,,,,,,,,,,,,,,,,,,,154,247.15
1786733940,333.51,333.51,333.51,333.51,340.055,337.01,,,,,,,,,,,,,,,,,,,,,,,,,,,,,,,,,,,,,,,,,,,,,,,,,,,,2,242.05
1786734000,333.51,334.02,333.5,334.02,340.055,337.01,,,,,,,,,,,,,,,,,,,,,,,,,,,,,,,,,,,,,,,,,,,,,,,,,,,,1260,304
1786734060,334.11,334.19,334.07,334.13,340.055,337.01,,,,,,,,,,,,,,,,,,,,,,,,,,,,,,,,,,,,,,,,,,,,,,,,,,,,380,322.3
1786734120,334.07,334.07,333.71,333.71,340.055,337.01,,,,,,,,,,,,,,,,,,,,,,,,,,,,,,,,,,,,,,,,,,,,,,,,,,,,179,286.7
1786734180,333.73,333.73,333.73,333.73,340.055,337.01,,,,,,,,,,,,,,,,,,,,,,,,,,,,,,,,,,,,,,,,,,,,,,,,,,,,6,279.6
1786734240,333.74,333.74,333.55,333.55,340.055,337.01,,,,,,,,,,,,,,,,,,,,,,,,,,,,,,,,,,,,,,,,,,,,,,,,,,,,199,289.5
1786734300,333.57,333.64,333.57,333.64,340.055,337.01,,,,,,,,,,,,,,,,,,,,,,,,,,,,,,,,,,,,,,,,,,,,,,,,,,,,364,271.9
1786734360,333.71,333.71,333.64,333.64,340.055,337.01,,,,,,,,,,,,,,,,,,,,,,,,,,,,,,,,,,,,,,,,,,,,,,,,,,,,116,277.1
1786734480,333.71,333.74,333.7,333.74,340.055,337.01,,,,,,,,,,,,,,,,,,,,,,,,,,,,,,,,,,,,,,,,,,,,,,,,,,,,202,281.3
1786734540,333.83,333.96,333.77,333.88,340.055,337.01,,,,,,,,,,,,,,,,,,,,,,,,,,,,,,,,,,,,,,,,,,,,,,,,,,,,647,263.8
1786734600,333.88,333.88,333.86,333.86,340.055,337.01,,,,,,,,,,,,,,,,,,,,,,,,,,,,,,,,,,,,,,,,,,,,,,,,,,,,101,268.7
1786734660,333.93,334.03,333.8,334.03,340.055,337.01,,,,,,,,,,,,,,,,,,,,,,,,,,,,,,,,,,,,,,,,,,,,,,,,,,,,307,279.15
1786734720,334.04,334.05,334.03,334.03,340.055,337.01,,,,,,,,,,,,,,,,,,,,,,,,,,,,,,,,,,,,,,,,,,,,,,,,,,,,5,277.6
1786734780,334.04,334.04,333.99,333.99,340.055,337.01,,,,,,,,,,,,,,,,,,,,,,,,,,,,,,,,,,,,,,,,,,,,,,,,,,,,2,254.7
1786734840,333.99,333.99,333.99,333.99,340.055,337.01,,,,,,,,,,,,,,,,,,,,,,,,,,,,,,,,,,,,,,,,,,,,,,,,,,,,1,232
1786734900,334.05,334.35,334.05,334.35,340.055,337.01,,,,,,,,,,,,,,,,,,,,,,,,,,,,,,,,,,,,,,,,,,,,,,,,,,,,591,259.55
1786734960,334.15,334.17,334.05,334.11,340.055,337.01,,,,,,,,,,,,,,,,,,,,,,,,,,,,,,,,,,,,,,,,,,,,,,,,,,,,491,282.15
1786735020,333.93,334.05,333.91,334.05,340.055,337.01,,,,,,,,,,,,,,,,,,,,,,,,,,,,,,,,,,,,,,,,,,,,,,,,,,,,176,289.65
1786735080,334.12,334.37,334.12,334.37,340.055,337.01,,,,,,,,,,,,,,,,,,,,,,,,,,,,,,,,,,,,,,,,,,,,,,,,,,,,683,293.3
1786735140,334.33,334.33,334.21,334.21,340.055,337.01,,,,,,,,,,,,,,,,,,,,,,,,,,,,,,,,,,,,,,,,,,,,,,,,,,,,81,289.65
1786735200,334.13,334.13,333.905,333.905,340.055,337.01,,,,,,,,,,,,,,,,,,,,,,,,,,,,,,,,,,,,,,,,,,,,,,,,,,,,116,295.35
1786735260,333.905,333.97,333.88,333.97,340.055,337.01,,,,,,,,,,,,,,,,,,,,,,,,,,,,,,,,,,,,,,,,,,,,,,,,,,,,184,241.55
1786735320,334,334.08,334,334.08,340.055,337.01,,,,,,,,,,,,,,,,,,,,,,,,,,,,,,,,,,,,,,,,,,,,,,,,,,,,76,226.35
1786735380,334.09,334.09,334.09,334.09,340.055,337.01,,,,,,,,,,,,,,,,,,,,,,,,,,,,,,,,,,,,,,,,,,,,,,,,,,,,9,217.85
1786735440,333.98,334.12,333.98,334.12,340.055,337.01,,,,,,,,,,,,,,,,,,,,,,,,,,,,,,,,,,,,,,,,,,,,,,,,,,,,293,232.2
1786735500,334.18,334.45,334.18,334.45,340.055,337.01,,,,,,,,,,,,,,,,,,,,,,,,,,,,,,,,,,,,,,,,,,,,,,,,,,,,237,234.1
1786735560,334.43,334.58,334.43,334.47,340.055,337.01,,,,,,,,,,,,,,,,,,,,,,,,,,,,,,,,,,,,,,,,,,,,,,,,,,,,28,217.3
1786735620,334.47,334.475,334.36,334.36,340.055,337.01,,,,,,,,,,,,,,,,,,,,,,,,,,,,,,,,,,,,,,,,,,,,,,,,,,,,175,220.25
1786735680,334.35,334.44,334.34,334.41,340.055,337.01,,,,,,,,,,,,,,,,,,,,,,,,,,,,,,,,,,,,,,,,,,,,,,,,,,,,477,234
1786735740,334.44,334.46,334.42,334.44,340.055,337.01,,,,,,,,,,,,,,,,,,,,,,,,,,,,,,,,,,,,,,,,,,,,,,,,,,,,290,216.15
1786735800,334.43,334.48,334.355,334.36,340.055,337.01,,,,,,,,,,,,,,,,,,,,,,,,,,,,,,,,,,,,,,,,,,,,,,,,,,,,494,235.8
1786735860,334.42,334.55,334.42,334.455,340.055,337.01,,,,,,,,,,,,,,,,,,,,,,,,,,,,,,,,,,,,,,,,,,,,,,,,,,,,781,259.5
1786735920,334.55,334.65,334.55,334.65,340.055,337.01,,,,,,,,,,,,,,,,,,,,,,,,,,,,,,,,,,,,,,,,,,,,,,,,,,,,662,292.35
1786735980,334.63,334.75,334.63,334.64,340.055,337.01,,,,,,,,,,,,,,,,,,,,,,,,,,,,,,,,,,,,,,,,,,,,,,,,,,,,527,318.6
1786736040,334.71,334.73,334.71,334.73,340.055,337.01,,,,,,,,,,,,,,,,,,,,,,,,,,,,,,,,,,,,,,,,,,,,,,,,,,,,369,337
1786736100,334.79,335.15,334.76,335.15,340.055,337.01,,,,,,,,,,,,,,,,,,,,,,,,,,,,,,,,,,,,,,,,,,,,,,,,,,,,1457,380.3
1786736160,335.065,335.34,335.065,335.34,340.055,337.01,,,,,,,,,,,,,,,,,,,,,,,,,,,,,,,,,,,,,,,,,,,,,,,,,,,,669,389.2
1786736220,335.27,335.27,335.09,335.09,340.055,337.01,,,,,,,,,,,,,,,,,,,,,,,,,,,,,,,,,,,,,,,,,,,,,,,,,,,,411,400.95
1786736280,335.03,335.03,334.8,334.87,340.055,337.01,,,,,,,,,,,,,,,,,,,,,,,,,,,,,,,,,,,,,,,,,,,,,,,,,,,,285,381.05
1786736340,334.81,335.07,334.81,335.07,340.055,337.01,,,,,,,,,,,,,,,,,,,,,,,,,,,,,,,,,,,,,,,,,,,,,,,,,,,,233,388.65
1786736400,335.08,335.12,335.04,335.12,340.055,337.01,,,,,,,,,,,,,,,,,,,,,,,,,,,,,,,,,,,,,,,,,,,,,,,,,,,,259,395.8
1786736460,335.08,335.37,335.08,335.34,340.055,337.01,,,,,,,,,,,,,,,,,,,,,,,,,,,,,,,,,,,,,,,,,,,,,,,,,,,,474,410.3
1786736580,335.3,335.34,335.26,335.34,340.055,337.01,,,,,,,,,,,,,,,,,,,,,,,,,,,,,,,,,,,,,,,,,,,,,,,,,,,,481,430.55
1786736640,335.33,335.38,335.26,335.38,340.055,337.01,,,,,,,,,,,,,,,,,,,,,,,,,,,,,,,,,,,,,,,,,,,,,,,,,,,,478,454
1786736700,335.37,335.37,334.92,334.96,340.055,337.01,,,,,,,,,,,,,,,,,,,,,,,,,,,,,,,,,,,,,,,,,,,,,,,,,,,,756,477.15
1786736760,335.02,335.04,334.93,335,340.055,337.01,,,,,,,,,,,,,,,,,,,,,,,,,,,,,,,,,,,,,,,,,,,,,,,,,,,,133,471.95
1786736820,334.86,334.92,334.62,334.62,340.055,337.01,,,,,,,,,,,,,,,,,,,,,,,,,,,,,,,,,,,,,,,,,,,,,,,,,,,,342,487.65
1786736880,334.77,334.95,334.67,334.95,340.055,337.01,,,,,,,,,,,,,,,,,,,,,,,,,,,,,,,,,,,,,,,,,,,,,,,,,,,,691,513.45
1786736940,334.8,334.8,334.73,334.8,340.055,337.01,,,,,,,,,,,,,,,,,,,,,,,,,,,,,,,,,,,,,,,,,,,,,,,,,,,,821,530.65
1786737000,334.69,334.69,334.5,334.5,340.055,337.01,,,,,,,,,,,,,,,,,,,,,,,,,,,,,,,,,,,,,,,,,,,,,,,,,,,,532,542.75
1786737060,334.63,334.68,334.54,334.58,340.055,337.01,,,,,,,,,,,,,,,,,,,,,,,,,,,,,,,,,,,,,,,,,,,,,,,,,,,,896,562.85
1786737120,334.55,334.71,334.45,334.71,340.055,337.01,,,,,,,,,,,,,,,,,,,,,,,,,,,,,,,,,,,,,,,,,,,,,,,,,,,,646,556.1
1786737180,334.71,334.74,334.615,334.64,340.055,337.01,,,,,,,,,,,,,,,,,,,,,,,,,,,,,,,,,,,,,,,,,,,,,,,,,,,,748,560.4
1786737240,334.64,334.97,334.64,334.89,340.055,337.01,,,,,,,,,,,,,,,,,,,,,,,,,,,,,,,,,,,,,,,,,,,,,,,,,,,,721,570.1
1786737300,334.88,334.955,334.75,334.84,340.055,337.01,,,,,,,,,,,,,,,,,,,,,,,,,,,,,,,,,,,,,,,,,,,,,,,,,,,,2082,655.75
1786737360,334.89,334.9,334.54,334.59,340.055,337.01,,,,,,,,,,,,,,,,,,,,,,,,,,,,,,,,,,,,,,,,,,,,,,,,,,,,1126,639.2
1786737420,334.54,334.755,334.48,334.68,340.055,337.01,,,,,,,,,,,,,,,,,,,,,,,,,,,,,,,,,,,,,,,,,,,,,,,,,,,,2728,742.15
1786737480,334.735,334.735,334.4,334.41,340.055,337.01,,,,,,,,,,,,,,,,,,,,,,,,,,,,,,,,,,,,,,,,,,,,,,,,,,,,4484,945.8
1786737540,334.45,334.71,334.35,334.7,340.055,337.01,,,1,23,1,1786715100000,340.5,340.055,337.01,3.045000000000016,0.6010751073836023,0.302496328928039,2.0558002936857562,2,1786715760000,1,1,1786715400000,341.12,177.18251628083505,1,0.0029315196998097167,0.15830206378987466,2,1,1786715700000,340.67,102.31666433118815,1,0,0,2,0,,,,0,0,0,0,0,,,,0,0,0,0,,-1,23,4307,1146.9
1786973400,335.715,335.77,334.76,335.37,335.77,334.76,,,,,,,,,,,,,,,,,,,,,,,,,,,,,,,,,,,,,,,,,,,,,,,,,,,,92,1139.85
1786973460,335.05,335.42,335.05,335.1,335.77,334.76,,,,,,,,,,,,,,,,,,,,,,,,,,,,,,,,,,,,,,,,,,,,,,,,,,,,171,1135.45
1786973520,335.05,335.05,334.8,334.8,335.77,334.76,,,,,,,,,,,,,,,,,,,,,,,,,,,,,,,,,,,,,,,,,,,,,,,,,,,,38,1113.65
1786973580,334.75,334.75,334.65,334.65,335.77,334.65,,,,,,,,,,,,,,,,,,,,,,,,,,,,,,,,,,,,,,,,,,,,,,,,,,,,8,1090
1786973640,334.65,334.65,334.5,334.5,335.77,334.5,,,,,,,,,,,,,,,,,,,,,,,,,,,,,,,,,,,,,,,,,,,,,,,,,,,,28,1067.5
1786973700,334.75,334.81,334.75,334.75,335.77,334.5,,,,,,,,,,,,,,,,,,,,,,,,,,,,,,,,,,,,,,,,,,,,,,,,,,,,120,1035.7
1786973760,335.18,335.25,335.18,335.25,335.77,334.5,,,,,,,,,,,,,,,,,,,,,,,,,,,,,,,,,,,,,,,,,,,,,,,,,,,,160,1037.05
1786973820,335.29,336.22,335.29,336.22,336.22,334.5,,,,,,,,,,,,,,,,,,,,,,,,,,,,,,,,,,,,,,,,,,,,,,,,,,,,155,1027.7
1786973880,336.54,337.5,336.54,337.5,337.5,334.5,,,,,,,,,,,,,,,,,,,,,,,,,,,,,,,,,,,,,,,,,,,,,,,,,,,,224,1004.35
1786973940,337.545,337.545,337.28,337.28,337.545,334.5,,,,,,,,,,,,,,,,,,,,,,,,,,,,,,,,,,,,,,,,,,,,,,,,,,,,209,973.75
1786974000,337.78,338.26,337.76,337.78,338.26,334.5,,,,,,,,,,,,,,,,,,,,,,,,,,,,,,,,,,,,,,,,,,,,,,,,,,,,277,961
1786974060,337.58,337.58,337.58,337.58,338.26,334.5,,,,,,,,,,,,,,,,,,,,,,,,,,,,,,,,,,,,,,,,,,,,,,,,,,,,153,923.85
1786974120,337.96,338.8,337.94,338.8,338.8,334.5,,,,,,,,,,,,,,,,,,,,,,,,,,,,,,,,,,,,,,,,,,,,,,,,,,,,104,896.75
1786974180,338.98,339.11,338.98,339.11,339.11,334.5,,,,,,,,,,,,,,,,,,,,,,,,,,,,,,,,,,,,,,,,,,,,,,,,,,,,40,861.35
1786974240,339.35,339.35,339.345,339.345,339.35,334.5,,,,,,,,,,,,,,,,,,,,,,,,,,,,,,,,,,,,,,,,,,,,,,,,,,,,113,830.95
1786974300,339.35,339.88,339.31,339.78,339.35,334.5,,,,,,,,,,,,,,,,,,,,,,,,,,,,,,,,,,,,,,,,,,,,,,,,,,,,482,750.95
1786974360,339.79,340.09,339.78,339.98,339.35,334.5,,,,,,,,,,,,,,,,,,,,,,,,,,,,,,,,,,,,,,,,,,,,,,,,,,,,231,706.2
1786974420,340.04,340.04,339.49,339.53,339.35,334.5,,,,,,,,,,,,,,,,,,,,,,,,,,,,,,,,,,,,,,,,,,,,,,,,,,,,540,596.8
1786974480,339.52,339.77,339.52,339.77,339.35,334.5,,,,,,,,,,,,,,,,,,,,,,,,,,,,,,,,,,,,,,,,,,,,,,,,,,,,49,375.05
1786974540,339.61,339.61,339.605,339.605,339.35,334.5,,,,,,,,,,,,,,,,,,,,,,,,,,,,,,,,,,,,,,,,,,,,,,,,,,,,55,162.45
1786974600,339.2,339.31,339.2,339.31,339.35,334.5,,,,,,,,,,,,,,,,,,,,,,,,,,,,,,,,,,,,,,,,,,,,,,,,,,,,129,164.3
1786974660,339.06,339.06,338.57,338.57,339.35,334.5,,,,,,,,,,,,,,,,,,,,,,,,,,,,,,,,,,,,,,,,,,,,,,,,,,,,270,169.25
1786974720,338.49,338.49,338.16,338.16,339.35,334.5,,,,,,,,,,,,,,,,,,,,,,,,,,,,,,,,,,,,,,,,,,,,,,,,,,,,58,170.25
1786974780,338.17,338.26,338.17,338.25,339.35,334.5,,,,,,,,,,,,,,,,,,,,,,,,,,,,,,,,,,,,,,,,,,,,,,,,,,,,223,181
1786974840,338.19,338.19,338.07,338.07,339.35,334.5,,,,,,,,,,,,,,,,,,,,,,,,,,,,,,,,,,,,,,,,,,,,,,,,,,,,20,180.6
1786974900,338.27,338.27,338.27,338.27,339.35,334.5,,,,,,,,,,,,,,,,,,,,,,,,,,,,,,,,,,,,,,,,,,,,,,,,,,,,71,178.15
1786974960,338.3,338.3,338.19,338.19,339.35,334.5,,,,,,,,,,,,,,,,,,,,,,,,,,,,,,,,,,,,,,,,,,,,,,,,,,,,16,170.95
1786975080,338.2,338.26,338.2,338.2,339.35,334.5,,,,,,,,,,,,,,,,,,,,,,,,,,,,,,,,,,,,,,,,,,,,,,,,,,,,21,164.25
1786975140,338.41,338.42,338.27,338.27,339.35,334.5,,,,,,,,,,,,,,,,,,,,,,,,,,,,,,,,,,,,,,,,,,,,,,,,,,,,77,156.9
1786975200,338.18,338.18,337.59,337.59,339.35,334.5,,,,,,,,,,,,,,,,,,,,,,,,,,,,,,,,,,,,,,,,,,,,,,,,,,,,48,148.85
1786975260,337.63,338.02,337.63,338.02,339.35,334.5,,,,,,,,,,,,,,,,,,,,,,,,,,,,,,,,,,,,,,,,,,,,,,,,,,,,8,135.4
1786975320,338.09,338.2,337.88,337.88,339.35,334.5,,,,,,,,,,,,,,,,,,,,,,,,,,,,,,,,,,,,,,,,,,,,,,,,,,,,889,172.2
1786975380,337.92,337.92,337.69,337.79,339.35,334.5,,,,,,,,,,,,,,,,,,,,,,,,,,,,,,,,,,,,,,,,,,,,,,,,,,,,110,172.5
1786975440,337.81,337.82,337.81,337.82,339.35,334.5,,,,,,,,,,,,,,,,,,,,,,,,,,,,,,,,,,,,,,,,,,,,,,,,,,,,3,170.65
1786975500,338.12,338.12,337.975,337.975,339.35,334.5,,,,,,,,,,,,,,,,,,,,,,,,,,,,,,,,,,,,,,,,,,,,,,,,,,,,81,169.05
1786975560,337.985,337.985,337.985,337.985,339.35,334.5,,,,,,,,,,,,,,,,,,,,,,,,,,,,,,,,,,,,,,,,,,,,,,,,,,,,10,145.45
1786975620,338.19,338.5,338.19,338.5,339.35,334.5,,,,,,,,,,,,,,,,,,,,,,,,,,,,,,,,,,,,,,,,,,,,,,,,,,,,752,171.5
1786975680,338.38,338.47,338.19,338.19,339.35,334.5,,,,,,,,,,,,,,,,,,,,,,,,,,,,,,,,,,,,,,,,,,,,,,,,,,,,484,168.7
1786975740,337.9,337.9,337.89,337.89,339.35,334.5,,,,,,,,,,,,,,,,,,,,,,,,,,,,,,,,,,,,,,,,,,,,,,,,,,,,28,167.65
1786975800,338.5,338.5,338.5,338.5,339.35,334.5,,,,,,,,,,,,,,,,,,,,,,,,,,,,,,,,,,,,,,,,,,,,,,,,,,,,1,164.95
1786975860,338.42,338.42,338.19,338.24,339.35,334.5,,,,,,,,,,,,,,,,,,,,,,,,,,,,,,,,,,,,,,,,,,,,,,,,,,,,261,171.55
1786975920,338.16,338.16,338.16,338.16,339.35,334.5,,,,,,,,,,,,,,,,,,,,,,,,,,,,,,,,,,,,,,,,,,,,,,,,,,,,80,162.05
1786976040,338,338,337.77,337.77,339.35,334.5,,,,,,,,,,,,,,,,,,,,,,,,,,,,,,,,,,,,,,,,,,,,,,,,,,,,12,159.75
1786976100,337.5,337.5,337.23,337.3,339.35,334.5,,,,,,,,,,,,,,,,,,,,,,,,,,,,,,,,,,,,,,,,,,,,,,,,,,,,40,150.6
1786976160,336.88,336.88,336.88,336.88,339.35,334.5,,,,,,,,,,,,,,,,,,,,,,,,,,,,,,,,,,,,,,,,,,,,,,,,,,,,1,149.65
1786976220,336.88,336.9,336.86,336.86,339.35,334.5,,,,,,,,,,,,,,,,,,,,,,,,,,,,,,,,,,,,,,,,,,,,,,,,,,,,73,149.75
1786976280,336.98,336.98,336.905,336.905,339.35,334.5,,,,,,,,,,,,,,,,,,,,,,,,,,,,,,,,,,,,,,,,,,,,,,,,,,,,64,152.15
1786976340,337,337.18,337,337.18,339.35,334.5,,,,,,,,,,,,,,,,,,,,,,,,,,,,,,,,,,,,,,,,,,,,,,,,,,,,95,155.85
1786976460,337.145,337.145,337.145,337.145,339.35,334.5,,,,,,,,,,,,,,,,,,,,,,,,,,,,,,,,,,,,,,,,,,,,,,,,,,,,39,153.95
1786976520,337.02,337.02,336.79,336.92,339.35,334.5,,,,,,,,,,,,,,,,,,,,,,,,,,,,,,,,,,,,,,,,,,,,,,,,,,,,194,161.25
1786976580,336.5,336.57,336.5,336.57,339.35,334.5,,,,,,,,,,,,,,,,,,,,,,,,,,,,,,,,,,,,,,,,,,,,,,,,,,,,90,165.35
1786976640,336.67,336.67,336.42,336.66,339.35,334.5,,,,,,,,,,,,,,,,,,,,,,,,,,,,,,,,,,,,,,,,,,,,,,,,,,,,149,128.35
1786976700,336.37,336.37,336.37,336.37,339.35,334.5,,,,,,,,,,,,,,,,,,,,,,,,,,,,,,,,,,,,,,,,,,,,,,,,,,,,4,123.05
1786976820,336.32,336.32,335.99,335.99,339.35,334.5,,,,,,,,,,,,,,,,,,,,,,,,,,,,,,,,,,,,,,,,,,,,,,,,,,,,509,148.35
1786976880,336.09,336.18,336.015,336.18,339.35,334.5,,,,,,,,,,,,,,,,,,,,,,,,,,,,,,,,,,,,,,,,,,,,,,,,,,,,208,154.7
1786976940,336.18,336.18,336.05,336.05,339.35,334.5,,,,,,,,,,,,,,,,,,,,,,,,,,,,,,,,,,,,,,,,,,,,,,,,,,,,31,155.75
1786977000,336.17,336.26,336.15,336.17,339.35,334.5,,,,,,,,,,,,,,,,,,,,,,,,,,,,,,,,,,,,,,,,,,,,,,,,,,,,134,124.85
1786977060,336.14,336.14,335.895,335.895,339.35,334.5,,,,,,,,,,,,,,,,,,,,,,,,,,,,,,,,,,,,,,,,,,,,,,,,,,,,82,104.75
1786977120,336.03,336.03,336.03,336.03,339.35,334.5,,,,,,,,,,,,,,,,,,,,,,,,,,,,,,,,,,,,,,,,,,,,,,,,,,,,89,107.8
1786977180,335.86,335.86,335.54,335.71,339.35,334.5,,,,,,,,,,,,,,,,,,,,,,,,,,,,,,,,,,,,,,,,,,,,,,,,,,,,110,113.25
1786977240,335.47,335.47,335.28,335.28,339.35,334.5,,,,,,,,,,,,,,,,,,,,,,,,,,,,,,,,,,,,,,,,,,,,,,,,,,,,53,102.85
1786977300,335.28,335.28,334.87,334.87,339.35,334.5,,,,,,,,,,,,,,,,,,,,,,,,,,,,,,,,,,,,,,,,,,,,,,,,,,,,387,118.2
1786977360,334.58,335.39,334.58,335.34,339.35,334.5,,,,,,,,,,,,,,,,,,,,,,,,,,,,,,,,,,,,,,,,,,,,,,,,,,,,824,158.8
1786977420,335.1,335.1,334.87,334.99,339.35,334.5,,,,,,,,,,,,,,,,,,,,,,,,,,,,,,,,,,,,,,,,,,,,,,,,,,,,149,164.25
1786977480,334.99,334.99,334.9,334.91,339.35,334.5,,,,,,,,,,,,,,,,,,,,,,,,,,,,,,,,,,,,,,,,,,,,,,,,,,,,139,171.15
1786977540,334.97,334.97,334.97,334.97,339.35,334.5,,,,,,,,,,,,,,,,,,,,,,,,,,,,,,,,,,,,,,,,,,,,,,,,,,,,15,168.25
1786977600,334.76,334.76,334.57,334.57,339.35,334.5,,,,,,,,,,,,,,,,,,,,,,,,,,,,,,,,,,,,,,,,,,,,,,,,,,,,137,171.9
1786977660,334.72,334.95,334.69,334.95,339.35,334.5,,,,,,,,,,,,,,,,,,,,,,,,,,,,,,,,,,,,,,,,,,,,,,,,,,,,285,181.4
1786977720,334.94,335.07,334.81,334.81,339.35,334.5,,,,,,,,,,,,,,,,,,,,,,,,,,,,,,,,,,,,,,,,,,,,,,,,,,,,257,192.3
1786977840,334.93,334.93,334.85,334.85,339.35,334.5,,,,,,,,,,,,,,,,,,,,,,,,,,,,,,,,,,,,,,,,,,,,,,,,,,,,65,185.85
1786977900,334.91,335.45,334.91,335.43,339.35,334.5,,,,,,,,,,,,,,,,,,,,,,,,,,,,,,,,,,,,,,,,,,,,,,,,,,,,342,198.45
1786977960,335.3,335.3,335.3,335.3,339.35,334.5,,,,,,,,,,,,,,,,,,,,,,,,,,,,,,,,,,,,,,,,,,,,,,,,,,,,11,191.55
1786978080,335.15,335.15,335.11,335.11,339.35,334.5,,,,,,,,,,,,,,,,,,,,,,,,,,,,,,,,,,,,,,,,,,,,,,,,,,,,53,194
1786978140,335.17,335.27,335.17,335.27,339.35,334.5,,,,,,,,,,,,,,,,,,,,,,,,,,,,,,,,,,,,,,,,,,,,,,,,,,,,114,174.25
1786978200,335.22,335.34,335.14,335.14,339.35,334.5,,,,,,,,,,,,,,,,,,,,,,,,,,,,,,,,,,,,,,,,,,,,,,,,,,,,503,189
1786978260,335.34,335.39,335.34,335.355,339.35,334.5,,,,,,,,,,,,,,,,,,,,,,,,,,,,,,,,,,,,,,,,,,,,,,,,,,,,170,195.95
1786978320,335.375,335.7,335.31,335.7,339.35,334.5,,,,,,,,,,,,,,,,,,,,,,,,,,,,,,,,,,,,,,,,,,,,,,,,,,,,264,202.45
1786978380,335.53,335.53,335.38,335.39,339.35,334.5,,,,,,,,,,,,,,,,,,,,,,,,,,,,,,,,,,,,,,,,,,,,,,,,,,,,256,211.15
1786978440,335.5,335.5,335.11,335.11,339.35,334.5,,,,,,,,,,,,,,,,,,,,,,,,,,,,,,,,,,,,,,,,,,,,,,,,,,,,166,215
1786978500,335.16,335.16,334.92,334.92,339.35,334.5,,,,,,,,,,,,,,,,,,,,,,,,,,,,,,,,,,,,,,,,,,,,,,,,,,,,130,216
1786978560,334.99,334.99,334.835,334.97,339.35,334.5,,,,,,,,,,,,,,,,,,,,,,,,,,,,,,,,,,,,,,,,,,,,,,,,,,,,120,219.35
1786978620,335.02,335.08,335.02,335.08,339.35,334.5,,,,,,,,,,,,,,,,,,,,,,,,,,,,,,,,,,,,,,,,,,,,,,,,,,,,350,217.5
1786978680,335.17,335.17,334.9,334.9,339.35,334.5,,,,,,,,,,,,,,,,,,,,,,,,,,,,,,,,,,,,,,,,,,,,,,,,,,,,122,182.4
1786978740,334.74,334.99,334.74,334.92,339.35,334.5,,,,,,,,,,,,,,,,,,,,,,,,,,,,,,,,,,,,,,,,,,,,,,,,,,,,135,181.7
1786978860,334.99,335.12,334.99,335.05,339.35,334.5,,,,,,,,,,,,,,,,,,,,,,,,,,,,,,,,,,,,,,,,,,,,,,,,,,,,261,187.8
1786978920,335.05,335.1,334.94,334.94,339.35,334.5,,,,,,,,,,,,,,,,,,,,,,,,,,,,,,,,,,,,,,,,,,,,,,,,,,,,83,191.2
1786978980,335.11,335.25,335.11,335.25,339.35,334.5,,,,,,,,,,,,,,,,,,,,,,,,,,,,,,,,,,,,,,,,,,,,,,,,,,,,236,196.15
1786979040,335.25,335.26,334.99,334.99,339.35,334.5,,,,,,,,,,,,,,,,,,,,,,,,,,,,,,,,,,,,,,,,,,,,,,,,,,,,134,188.6
1786979100,334.89,334.89,334.59,334.65,339.35,334.5,,,,,,,,,,,,,,,,,,,,,,,,,,,,,,,,,,,,,,,,,,,,,,,,,,,,52,178.35
1786979220,334.61,334.75,334.61,334.75,339.35,334.5,,,,,,,,,,,,,,,,,,,,,,,,,,,,,,,,,,,,,,,,,,,,,,,,,,,,18,176
1786979280,334.55,334.62,334.45,334.45,339.35,334.5,,,,,,,,,,,,,,,,,,,,,,,,,,,,,,,,,,,,,,,,,,,,,,,,,,,,138,165.8
1786979340,334.58,334.59,334.58,334.59,339.35,334.5,,,,,,,,,,,,,,,,,,,,,,,,,,,,,,,,,,,,,,,,,,,,,,,,,,,,81,169.3
1786979400,334.49,334.54,334.45,334.47,339.35,334.5,,,,,,,,,,,,,,,,,,,,,,,,,,,,,,,,,,,,,,,,,,,,,,,,,,,,117,172.5
1786979460,334.31,334.31,334.31,334.31,339.35,334.5,,,,,,,,,,,,,,,,,,,,,,,,,,,,,,,,,,,,,,,,,,,,,,,,,,,,14,167.5
1786979580,334.35,334.375,334.24,334.29,339.35,334.5,,,,,,,,,,,,,,,,,,,,,,,,,,,,,,,,,,,,,,,,,,,,,,,,,,,,260,155.35
1786979700,334.35,334.49,334.35,334.47,339.35,334.5,,,,,,,,,,,,,,,,,,,,,,,,,,,,,,,,,,,,,,,,,,,,,,,,,,,,275,160.6
1786979760,334.47,334.67,334.47,334.67,339.35,334.5,,,,,,,,,,,,,,,,,,,,,,,,,,,,,,,,,,,,,,,,,,,,,,,,,,,,89,151.85
1786979820,334.69,334.69,334.69,334.69,339.35,334.5,,,,,,,,,,,,,,,,,,,,,,,,,,,,,,,,,,,,,,,,,,,,,,,,,,,,9,139.5
1786979880,334.74,334.75,334.62,334.62,339.35,334.5,,,,,,,,,,,,,,,,,,,,,,,,,,,,,,,,,,,,,,,,,,,,,,,,,,,,230,142.7
1786980000,334.79,334.81,334.7,334.7,339.35,334.5,,,,,,,,,,,,,,,,,,,,,,,,,,,,,,,,,,,,,,,,,,,,,,,,,,,,259,149.15
1786980060,334.5,334.51,334.29,334.29,339.35,334.5,,,,,,,,,,,,,,,,,,,,,,,,,,,,,,,,,,,,,,,,,,,,,,,,,,,,185,152.4
1786980120,334.27,334.32,334.27,334.3,339.35,334.5,,,,,,,,,,,,,,,,,,,,,,,,,,,,,,,,,,,,,,,,,,,,,,,,,,,,334,151.6
1786980240,334.35,334.42,334.35,334.42,339.35,334.5,,,,,,,,,,,,,,,,,,,,,,,,,,,,,,,,,,,,,,,,,,,,,,,,,,,,173,154.15
1786980300,334.36,334.42,334.17,334.42,339.35,334.5,,,,,,,,,,,,,,,,,,,,,,,,,,,,,,,,,,,,,,,,,,,,,,,,,,,,340,164.4
1786980360,334.435,334.53,334.36,334.36,339.35,334.5,,,,,,,,,,,,,,,,,,,,,,,,,,,,,,,,,,,,,,,,,,,,,,,,,,,,628,182.75
1786980420,334.29,334.3,334,334.06,339.35,334.5,,,,,,,,,,,,,,,,,,,,,,,,,,,,,,,,,,,,,,,,,,,,,,,,,,,,147,185.95
1786980540,333.99,333.99,333.91,333.92,339.35,334.5,,,,,,,,,,,,,,,,,,,,,,,,,,,,,,,,,,,,,,,,,,,,,,,,,,,,197,184
1786980600,333.9,333.9,333.9,333.9,339.35,334.5,,,,,,,,,,,,,,,,,,,,,,,,,,,,,,,,,,,,,,,,,,,,,,,,,,,,2,177.4
1786980660,333.99,333.99,333.965,333.965,339.35,334.5,,,,,,,,,,,,,,,,,,,,,,,,,,,,,,,,,,,,,,,,,,,,,,,,,,,,51,177.35
1786980720,333.91,333.94,333.79,333.88,339.35,334.5,,,,,,,,,,,,,,,,,,,,,,,,,,,,,,,,,,,,,,,,,,,,,,,,,,,,363,194.6
1786980780,333.85,333.9,333.85,333.9,339.35,334.5,,,,,,,,,,,,,,,,,,,,,,,,,,,,,,,,,,,,,,,,,,,,,,,,,,,,18,188.6
1786980840,333.855,333.86,333.855,333.86,339.35,334.5,,,,,,,,,,,,,,,,,,,,,,,,,,,,,,,,,,,,,,,,,,,,,,,,,,,,45,186.8
1786980900,334.01,334.01,334.01,334.01,339.35,334.5,,,,,,,,,,,,,,,,,,,,,,,,,,,,,,,,,,,,,,,,,,,,,,,,,,,,50,183.45
1786980960,333.86,333.87,333.735,333.76,339.35,334.5,,,,,,,,,,,,,,,,,,,,,,,,,,,,,,,,,,,,,,,,,,,,,,,,,,,,247,195.1
1786981020,333.66,333.67,333.5,333.57,339.35,334.5,,,,,,,,,,,,,,,,,,,,,,,,,,,,,,,,,,,,,,,,,,,,,,,,,,,,97,186.95
1786981080,333.62,333.77,333.52,333.77,339.35,334.5,,,,,,,,,,,,,,,,,,,,,,,,,,,,,,,,,,,,,,,,,,,,,,,,,,,,79,177.15
1786981140,333.78,333.915,333.765,333.915,339.35,334.5,,,,,,,,,,,,,,,,,,,,,,,,,,,,,,,,,,,,,,,,,,,,,,,,,,,,224,183.9
1786981200,333.87,333.95,333.87,333.95,339.35,334.5,,,,,,,,,,,,,,,,,,,,,,,,,,,,,,,,,,,,,,,,,,,,,,,,,,,,22,184.55
1786981260,333.63,333.63,333.45,333.52,339.35,334.5,,,,,,,,,,,,,,,,,,,,,,,,,,,,,,,,,,,,,,,,,,,,,,,,,,,,238,184.95
1786981320,333.54,333.6,333.54,333.6,339.35,334.5,,,,,,,,,,,,,,,,,,,,,,,,,,,,,,,,,,,,,,,,,,,,,,,,,,,,219,182.95
1786981380,333.6,333.63,333.59,333.62,339.35,334.5,,,,,,,,,,,,,,,,,,,,,,,,,,,,,,,,,,,,,,,,,,,,,,,,,,,,293,188.35
1786981440,333.42,333.57,333.33,333.53,339.35,334.5,,,,,,,,,,,,,,,,,,,,,,,,,,,,,,,,,,,,,,,,,,,,,,,,,,,,570,200.15
1786981560,333.4,333.4,333.4,333.4,339.35,334.5,,,,,,,,,,,,,,,,,,,,,,,,,,,,,,,,,,,,,,,,,,,,,,,,,,,,25,192.75
1786981620,333.32,333.41,333.32,333.41,339.35,334.5,,,,,,,,,,,,,,,,,,,,,,,,,,,,,,,,,,,,,,,,,,,,,,,,,,,,44,177.95
1786981740,333.34,333.38,333.27,333.27,339.35,334.5,,,,,,,,,,,,,,,,,,,,,,,,,,,,,,,,,,,,,,,,,,,,,,,,,,,,261,159.6
1786981800,333.24,333.3,333.24,333.3,339.35,334.5,,,,,,,,,,,,,,,,,,,,,,,,,,,,,,,,,,,,,,,,,,,,,,,,,,,,42,154.35
1786981860,333.37,333.37,333.37,333.37,339.35,334.5,,,,,,,,,,,,,,,,,,,,,,,,,,,,,,,,,,,,,,,,,,,,,,,,,,,,6,144.8
1786981920,333.44,333.44,333.31,333.31,339.35,334.5,,,,,,,,,,,,,,,,,,,,,,,,,,,,,,,,,,,,,,,,,,,,,,,,,,,,142,151.8
1786981980,333.43,333.43,333.26,333.26,339.35,334.5,,,,,,,,,,,,,,,,,,,,,,,,,,,,,,,,,,,,,,,,,,,,,,,,,,,,35,151
1786982040,333.28,333.3,333.28,333.3,339.35,334.5,,,,,,,,,,,,,,,,,,,,,,,,,,,,,,,,,,,,,,,,,,,,,,,,,,,,185,142.1
1786982100,333.2,333.2,333.16,333.16,339.35,334.5,,,,,,,,,,,,,,,,,,,,,,,,,,,,,,,,,,,,,,,,,,,,,,,,,,,,8,141.6
1786982160,333.11,333.11,333.09,333.09,339.35,334.5,,,,,,,,,,,,,,,,,,,,,,,,,,,,,,,,,,,,,,,,,,,,,,,,,,,,23,140.5
1786982220,333.01,333.01,332.89,332.89,339.35,334.5,,,,,,,,,,,,,,,,,,,,,,,,,,,,,,,,,,,,,,,,,,,,,,,,,,,,121,144.05
1786982280,332.83,333.31,332.83,333.31,339.35,334.5,,,,,,,,,,,,,,,,,,,,,,,,,,,,,,,,,,,,,,,,,,,,,,,,,,,,386,151
1786982340,333.35,333.35,333.35,333.35,339.35,334.5,,,,,,,,,,,,,,,,,,,,,,,,,,,,,,,,,,,,,,,,,,,,,,,,,,,,2,146.25
1786982400,333.32,333.32,333.32,333.32,339.35,334.5,,,,,,,,,,,,,,,,,,,,,,,,,,,,,,,,,,,,,,,,,,,,,,,,,,,,1,142.35
1786982460,333.57,333.585,333.42,333.585,339.35,334.5,,,,,,,,,,,,,,,,,,,,,,,,,,,,,,,,,,,,,,,,,,,,,,,,,,,,520,157.15
1786982520,333.35,333.35,333.35,333.35,339.35,334.5,,,,,,,,,,,,,,,,,,,,,,,,,,,,,,,,,,,,,,,,,,,,,,,,,,,,10,156.55
1786982580,333.445,333.445,333.445,333.445,339.35,334.5,,,,,,,,,,,,,,,,,,,,,,,,,,,,,,,,,,,,,,,,,,,,,,,,,,,,20,145.65
1786982700,333.58,333.58,333.47,333.47,339.35,334.5,,,,,,,,,,,,,,,,,,,,,,,,,,,,,,,,,,,,,,,,,,,,,,,,,,,,31,136.25
1786982760,333.48,333.81,333.45,333.81,339.35,334.5,,,,,,,,,,,,,,,,,,,,,,,,,,,,,,,,,,,,,,,,,,,,,,,,,,,,600,151.6
1786982820,333.82,333.82,333.77,333.77,339.35,334.5,,,,,,,,,,,,,,,,,,,,,,,,,,,,,,,,,,,,,,,,,,,,,,,,,,,,181,132.15
1786982940,333.81,333.81,333.7,333.73,339.35,334.5,,,,,,,,,,,,,,,,,,,,,,,,,,,,,,,,,,,,,,,,,,,,,,,,,,,,95,135.65
1786983000,333.81,333.82,333.79,333.82,339.35,334.5,,,,,,,,,,,,,,,,,,,,,,,,,,,,,,,,,,,,,,,,,,,,,,,,,,,,113,139.1
1786983060,333.99,334.16,333.99,334.16,339.35,334.5,,,,,,,,,,,,,,,,,,,,,,,,,,,,,,,,,,,,,,,,,,,,,,,,,,,,219,137
1786983120,334.03,334.08,334.03,334.08,339.35,334.5,,,,,,,,,,,,,,,,,,,,,,,,,,,,,,,,,,,,,,,,,,,,,,,,,,,,74,138.6
1786983180,334.02,334.07,333.58,333.58,339.35,334.5,,,,,,,,,,,,,,,,,,,,,,,,,,,,,,,,,,,,,,,,,,,,,,,,,,,,198,148.2
1786983240,333.47,333.53,333.38,333.5,339.35,334.5,,,,,,,,,,,,,,,,,,,,,,,,,,,,,,,,,,,,,,,,,,,,,,,,,,,,180,150.1
1786983300,333.52,333.52,333.52,333.52,339.35,334.5,,,,,,,,,,,,,,,,,,,,,,,,,,,,,,,,,,,,,,,,,,,,,,,,,,,,6,148.65
1786983360,333.41,333.54,333.4,333.4,339.35,334.5,,,,,,,,,,,,,,,,,,,,,,,,,,,,,,,,,,,,,,,,,,,,,,,,,,,,98,144.3
1786983420,333.41,333.72,333.39,333.65,339.35,334.5,,,,,,,,,,,,,,,,,,,,,,,,,,,,,,,,,,,,,,,,,,,,,,,,,,,,508,169.3
1786983480,333.73,333.77,333.71,333.71,339.35,334.5,,,,,,,,,,,,,,,,,,,,,,,,,,,,,,,,,,,,,,,,,,,,,,,,,,,,271,181.7
1786983540,333.77,333.77,333.6,333.6,339.35,334.5,,,,,,,,,,,,,,,,,,,,,,,,,,,,,,,,,,,,,,,,,,,,,,,,,,,,370,194.15
1786983660,333.7,333.74,333.62,333.64,339.35,334.5,,,,,,,,,,,,,,,,,,,,,,,,,,,,,,,,,,,,,,,,,,,,,,,,,,,,347,192.2
1786983720,333.76,333.81,333.72,333.72,339.35,334.5,,,,,,,,,,,,,,,,,,,,,,,,,,,,,,,,,,,,,,,,,,,,,,,,,,,,237,203.95
1786983780,333.72,333.81,333.71,333.81,339.35,334.5,,,,,,,,,,,,,,,,,,,,,,,,,,,,,,,,,,,,,,,,,,,,,,,,,,,,328,220.3
1786983840,333.84,334.1,333.8,334.1,339.35,334.5,,,,,,,,,,,,,,,,,,,,,,,,,,,,,,,,,,,,,,,,,,,,,,,,,,,,338,211.2
1786983900,334.15,334.15,334.01,334.01,339.35,334.5,,,,,,,,,,,,,,,,,,,,,,,,,,,,,,,,,,,,,,,,,,,,,,,,,,,,38,212.6
1786984020,334.1,334.1,334.08,334.08,339.35,334.5,,,,,,,,,,,,,,,,,,,,,,,,,,,,,,,,,,,,,,,,,,,,,,,,,,,,35,213.35
1786984140,334.22,334.29,334.22,334.29,339.35,334.5,,,,,,,,,,,,,,,,,,,,,,,,,,,,,,,,,,,,,,,,,,,,,,,,,,,,33,213.45
1786984260,334.31,334.31,334.31,334.31,339.35,334.5,,,,,,,,,,,,,,,,,,,,,,,,,,,,,,,,,,,,,,,,,,,,,,,,,,,,20,184.45
1786984320,334.4,334.4,334.27,334.27,339.35,334.5,,,,,,,,,,,,,,,,,,,,,,,,,,,,,,,,,,,,,,,,,,,,,,,,,,,,158,183.3
1786984380,334.29,334.31,334.29,334.31,339.35,334.5,,,,,,,,,,,,,,,,,,,,,,,,,,,,,,,,,,,,,,,,,,,,,,,,,,,,129,185
1786984440,334.29,334.29,334.13,334.13,339.35,334.5,,,,,,,,,,,,,,,,,,,,,,,,,,,,,,,,,,,,,,,,,,,,,,,,,,,,5,179.6
1786984500,334.23,334.52,334.23,334.52,339.35,334.5,,,,,,,,,,,,,,,,,,,,,,,,,,,,,,,,,,,,,,,,,,,,,,,,,,,,445,190.9
1786984560,334.55,334.55,334.55,334.55,339.35,334.5,,,,,,,,,,,,,,,,,,,,,,,,,,,,,,,,,,,,,,,,,,,,,,,,,,,,20,188.2
1786984620,334.44,334.45,334.25,334.25,339.35,334.5,,,,,,,,,,,,,,,,,,,,,,,,,,,,,,,,,,,,,,,,,,,,,,,,,,,,437,200.15
1786984680,334.37,334.74,334.37,334.65,339.35,334.5,,,,,,,,,,,,,,,,,,,,,,,,,,,,,,,,,,,,,,,,,,,,,,,,,,,,187,200.5
1786984800,334.62,334.66,334.62,334.66,339.35,334.5,,,,,,,,,,,,,,,,,,,,,,,,,,,,,,,,,,,,,,,,,,,,,,,,,,,,90,204.7
1786984920,334.75,334.81,334.75,334.81,339.35,334.5,,,,,,,,,,,,,,,,,,,,,,,,,,,,,,,,,,,,,,,,,,,,,,,,,,,,65,203.05
1786985040,334.74,334.74,334.7,334.71,339.35,334.5,,,,,,,,,,,,,,,,,,,,,,,,,,,,,,,,,,,,,,,,,,,,,,,,,,,,217,188.5
1786985100,334.65,334.65,334.62,334.62,339.35,334.5,,,,,,,,,,,,,,,,,,,,,,,,,,,,,,,,,,,,,,,,,,,,,,,,,,,,4,175.15
1786985160,334.65,334.75,334.65,334.73,339.35,334.5,,,,,,,,,,,,,,,,,,,,,,,,,,,,,,,,,,,,,,,,,,,,,,,,,,,,156,164.45
1786985220,334.8,334.8,334.8,334.8,339.35,334.5,,,,,,,,,,,,,,,,,,,,,,,,,,,,,,,,,,,,,,,,,,,,,,,,,,,,2,147.2
1786985280,334.83,334.93,334.83,334.93,339.35,334.5,,,,,,,,,,,,,,,,,,,,,,,,,,,,,,,,,,,,,,,,,,,,,,,,,,,,194,145.05
1786985340,334.97,335.01,334.935,334.935,339.35,334.5,,,,,,,,,,,,,,,,,,,,,,,,,,,,,,,,,,,,,,,,,,,,,,,,,,,,45,130.9
1786985400,334.87,334.87,334.87,334.87,339.35,334.5,,,,,,,,,,,,,,,,,,,,,,,,,,,,,,,,,,,,,,,,,,,,,,,,,,,,1,114.05
1786985460,334.875,334.94,334.77,334.94,339.35,334.5,,,,,,,,,,,,,,,,,,,,,,,,,,,,,,,,,,,,,,,,,,,,,,,,,,,,256,124.95
1786985640,334.82,334.82,334.81,334.81,339.35,334.5,,,,,,,,,,,,,,,,,,,,,,,,,,,,,,,,,,,,,,,,,,,,,,,,,,,,7,123.55
1786985700,334.89,334.91,334.89,334.91,339.35,334.5,,,,,,,,,,,,,,,,,,,,,,,,,,,,,,,,,,,,,,,,,,,,,,,,,,,,123,128.05
1786985760,334.89,334.93,334.89,334.92,339.35,334.5,,,,,,,,,,,,,,,,,,,,,,,,,,,,,,,,,,,,,,,,,,,,,,,,,,,,63,130.2
1786985820,334.93,334.93,334.89,334.89,339.35,334.5,,,,,,,,,,,,,,,,,,,,,,,,,,,,,,,,,,,,,,,,,,,,,,,,,,,,51,124.85
1786985880,334.95,334.95,334.95,334.95,339.35,334.5,,,,,,,,,,,,,,,,,,,,,,,,,,,,,,,,,,,,,,,,,,,,,,,,,,,,13,119.05
1786985940,334.95,334.95,334.95,334.95,339.35,334.5,,,,,,,,,,,,,,,,,,,,,,,,,,,,,,,,,,,,,,,,,,,,,,,,,,,,2,118.9
1786986000,334.93,334.93,334.89,334.89,339.35,334.5,,,,,,,,,,,,,,,,,,,,,,,,,,,,,,,,,,,,,,,,,,,,,,,,,,,,35,98.4
1786986060,334.84,334.85,334.7,334.7,339.35,334.5,,,,,,,,,,,,,,,,,,,,,,,,,,,,,,,,,,,,,,,,,,,,,,,,,,,,33,99.05
1786986120,334.725,334.725,334.68,334.68,339.35,334.5,,,,,,,,,,,,,,,,,,,,,,,,,,,,,,,,,,,,,,,,,,,,,,,,,,,,41,79.25
1786986180,334.67,334.685,334.67,334.685,339.35,334.5,,,,,,,,,,,,,,,,,,,,,,,,,,,,,,,,,,,,,,,,,,,,,,,,,,,,120,75.9
1786986240,334.7,334.82,334.7,334.82,339.35,334.5,,,,,,,,,,,,,,,,,,,,,,,,,,,,,,,,,,,,,,,,,,,,,,,,,,,,157,79.25
1786986360,334.82,334.97,334.82,334.93,339.35,334.5,,,,,,,,,,,,,,,,,,,,,,,,,,,,,,,,,,,,,,,,,,,,,,,,,,,,238,87.9
1786986420,334.9,335,334.9,334.98,339.35,334.5,,,,,,,,,,,,,,,,,,,,,,,,,,,,,,,,,,,,,,,,,,,,,,,,,,,,126,83.35
1786986480,334.93,334.93,334.85,334.85,339.35,334.5,,,,,,,,,,,,,,,,,,,,,,,,,,,,,,,,,,,,,,,,,,,,,,,,,,,,235,94.9
1786986540,334.87,334.87,334.78,334.78,339.35,334.5,,,,,,,,,,,,,,,,,,,,,,,,,,,,,,,,,,,,,,,,,,,,,,,,,,,,115,92.85
1786986660,334.93,335.02,334.93,335.01,339.35,334.5,,,,,,,,,,,,,,,,,,,,,,,,,,,,,,,,,,,,,,,,,,,,,,,,,,,,49,95.2
1786986780,335,335.18,335,335.18,339.35,334.5,,,,,,,,,,,,,,,,,,,,,,,,,,,,,,,,,,,,,,,,,,,,,,,,,,,,164,93.7
1786986900,335.23,335.32,335.23,335.3,339.35,334.5,,,,,,,,,,,,,,,,,,,,,,,,,,,,,,,,,,,,,,,,,,,,,,,,,,,,87,95.8
1786987080,335.57,335.57,335.57,335.57,339.35,334.5,,,,,,,,,,,,,,,,,,,,,,,,,,,,,,,,,,,,,,,,,,,,,,,,,,,,40,97.75
1786987140,335.59,335.59,335.31,335.38,339.35,334.5,,,,,,,,,,,,,,,,,,,,,,,,,,,,,,,,,,,,,,,,,,,,,,,,,,,,62,88.05
1786987200,335.41,335.53,335.41,335.42,339.35,334.5,,,,,,,,,,,,,,,,,,,,,,,,,,,,,,,,,,,,,,,,,,,,,,,,,,,,441,109.75
1786987260,335.29,335.29,335.27,335.27,339.35,334.5,,,,,,,,,,,,,,,,,,,,,,,,,,,,,,,,,,,,,,,,,,,,,,,,,,,,41,105.65
1786987440,335.32,335.39,335.32,335.39,339.35,334.5,,,,,,,,,,,,,,,,,,,,,,,,,,,,,,,,,,,,,,,,,,,,,,,,,,,,19,103.45
1786987500,335.34,335.34,335.25,335.25,339.35,334.5,,,,,,,,,,,,,,,,,,,,,,,,,,,,,,,,,,,,,,,,,,,,,,,,,,,,76,104.7
1786987560,335.29,335.29,335.16,335.16,339.35,334.5,,,,,,,,,,,,,,,,,,,,,,,,,,,,,,,,,,,,,,,,,,,,,,,,,,,,133,110.7
1786987620,335.11,335.22,335.11,335.11,339.35,334.5,,,,,,,,,,,,,,,,,,,,,,,,,,,,,,,,,,,,,,,,,,,,,,,,,,,,134,117.3
1786987680,335.14,335.2,335.14,335.2,339.35,334.5,,,,,,,,,,,,,,,,,,,,,,,,,,,,,,,,,,,,,,,,,,,,,,,,,,,,108,120.95
1786987740,335.25,335.28,335.25,335.28,339.35,334.5,,,,,,,,,,,,,,,,,,,,,,,,,,,,,,,,,,,,,,,,,,,,,,,,,,,,47,121.65
1786987800,335.35,335.43,335.35,335.39,339.35,334.5,,,,,,,,,,,,,,,,,,,,,,,,,,,,,,,,,,,,,,,,,,,,,,,,,,,,45,121.85
1786987860,335.36,335.39,335.36,335.37,339.35,334.5,,,,,,,,,,,,,,,,,,,,,,,,,,,,,,,,,,,,,,,,,,,,,,,,,,,,100,120.85
1786987920,335.37,335.47,335.37,335.47,339.35,334.5,,,,,,,,,,,,,,,,,,,,,,,,,,,,,,,,,,,,,,,,,,,,,,,,,,,,48,115.4
1786988040,335.41,335.41,335.08,335.08,339.35,334.5,,,,,,,,,,,,,,,,,,,,,,,,,,,,,,,,,,,,,,,,,,,,,,,,,,,,58,106.4
1786988100,335.08,335.08,335.07,335.07,339.35,334.5,,,,,,,,,,,,,,,,,,,,,,,,,,,,,,,,,,,,,,,,,,,,,,,,,,,,41,102.15
1786988220,334.92,334.92,334.89,334.89,339.35,334.5,,,,,,,,,,,,,,,,,,,,,,,,,,,,,,,,,,,,,,,,,,,,,,,,,,,,68,93.8
1786988280,334.85,334.85,334.85,334.85,339.35,334.5,,,,,,,,,,,,,,,,,,,,,,,,,,,,,,,,,,,,,,,,,,,,,,,,,,,,17,88.9
1786988400,334.9,334.9,334.895,334.895,339.35,334.5,,,,,,,,,,,,,,,,,,,,,,,,,,,,,,,,,,,,,,,,,,,,,,,,,,,,120,92.45
1786988460,334.96,334.97,334.93,334.93,339.35,334.5,,,,,,,,,,,,,,,,,,,,,,,,,,,,,,,,,,,,,,,,,,,,,,,,,,,,236,96.05
1786988520,334.97,335.08,334.97,335.08,339.35,334.5,,,,,,,,,,,,,,,,,,,,,,,,,,,,,,,,,,,,,,,,,,,,,,,,,,,,299,106.65
1786988580,335.02,335.02,335.02,335.02,339.35,334.5,,,,,,,,,,,,,,,,,,,,,,,,,,,,,,,,,,,,,,,,,,,,,,,,,,,,4,104.85
1786988820,335.09,335.09,335.09,335.09,339.35,334.5,,,,,,,,,,,,,,,,,,,,,,,,,,,,,,,,,,,,,,,,,,,,,,,,,,,,67,105.1
1786988880,335.12,335.12,335.12,335.12,339.35,334.5,,,,,,,,,,,,,,,,,,,,,,,,,,,,,,,,,,,,,,,,,,,,,,,,,,,,17,83.9
1786988940,335.07,335.07,335.07,335.07,339.35,334.5,,,,,,,,,,,,,,,,,,,,,,,,,,,,,,,,,,,,,,,,,,,,,,,,,,,,11,82.4
1786989060,335.1,335.1,335.1,335.1,339.35,334.5,,,,,,,,,,,,,,,,,,,,,,,,,,,,,,,,,,,,,,,,,,,,,,,,,,,,1,81.5
1786989120,335.11,335.12,335.11,335.12,339.35,334.5,,,,,,,,,,,,,,,,,,,,,,,,,,,,,,,,,,,,,,,,,,,,,,,,,,,,148,85.1
1786989240,335,335,334.97,334.97,339.35,334.5,,,,,,,,,,,,,,,,,,,,,,,,,,,,,,,,,,,,,,,,,,,,,,,,,,,,25,79.7
1786989300,335.035,335.035,335.035,335.035,339.35,334.5,,,,,,,,,,,,,,,,,,,,,,,,,,,,,,,,,,,,,,,,,,,,,,,,,,,,2,73.1
1786989480,334.99,335.01,334.99,335.01,339.35,334.5,,,,,,,,,,,,,,,,,,,,,,,,,,,,,,,,,,,,,,,,,,,,,,,,,,,,83,71.85
1786989540,334.96,334.96,334.8,334.8,339.35,334.5,,,,,,,,,,,,,,,,,,,,,,,,,,,,,,,,,,,,,,,,,,,,,,,,,,,,488,93.9
1786989600,334.86,334.94,334.86,334.94,339.35,334.5,,,,,,,,,,,,,,,,,,,,,,,,,,,,,,,,,,,,,,,,,,,,,,,,,,,,86,95.95
1786989780,334.61,334.66,334.61,334.66,339.35,334.5,,,,,,,,,,,,,,,,,,,,,,,,,,,,,,,,,,,,,,,,,,,,,,,,,,,,201,101
1786989840,334.68,334.69,334.55,334.61,339.35,334.5,,,,,,,,,,,,,,,,,,,,,,,,,,,,,,,,,,,,,,,,,,,,,,,,,,,,44,100.8
1786989900,334.54,334.57,334.54,334.55,339.35,334.5,,,,,,,,,,,,,,,,,,,,,,,,,,,,,,,,,,,,,,,,,,,,,,,,,,,,25,99.15
1786989960,334.55,334.55,334.39,334.39,339.35,334.5,,,,,,,,,,,,,,,,,,,,,,,,,,,,,,,,,,,,,,,,,,,,,,,,,,,,115,102.85
1786990020,334.3,334.3,334.25,334.25,339.35,334.5,,,,,,,,,,,,,,,,,,,,,,,,,,,,,,,,,,,,,,,,,,,,,,,,,,,,50,101.95
1786990080,334.19,334.3,334.17,334.3,339.35,334.5,,,,,,,,,,,,,,,,,,,,,,,,,,,,,,,,,,,,,,,,,,,,,,,,,,,,119,107.05
1786990140,334.21,334.21,334.18,334.18,339.35,334.5,,,,,,,,,,,,,,,,,,,,,,,,,,,,,,,,,,,,,,,,,,,,,,,,,,,,23,102.2
1786990200,334.19,334.19,334.19,334.19,339.35,334.5,,,,,,,,,,,,,,,,,,,,,,,,,,,,,,,,,,,,,,,,,,,,,,,,,,,,1,90.45
1786990260,334.19,334.19,334.085,334.09,339.35,334.5,,,,,,,,,,,,,,,,,,,,,,,,,,,,,,,,,,,,,,,,,,,,,,,,,,,,114,81.2
1786990320,334.02,334.09,334.01,334.09,339.35,334.5,,,,,,,,,,,,,,,,,,,,,,,,,,,,,,,,,,,,,,,,,,,,,,,,,,,,282,95.1
1786990380,334.01,334.09,334,334.09,339.35,334.5,,,,,,,,,,,,,,,,,,,,,,,,,,,,,,,,,,,,,,,,,,,,,,,,,,,,309,107.2
1786990440,334.02,334.06,334.02,334.06,339.35,334.5,,,,,,,,,,,,,,,,,,,,,,,,,,,,,,,,,,,,,,,,,,,,,,,,,,,,77,110.2
1786990500,334.015,334.06,333.97,333.99,339.35,334.5,,,,,,,,,,,,,,,,,,,,,,,,,,,,,,,,,,,,,,,,,,,,,,,,,,,,168,118.05
1786990560,333.91,333.91,333.91,333.91,339.35,334.5,,,,,,,,,,,,,,,,,,,,,,,,,,,,,,,,,,,,,,,,,,,,,,,,,,,,1,118.05
1786990620,334,334.03,334,334.03,339.35,334.5,,,,,,,,,,,,,,,,,,,,,,,,,,,,,,,,,,,,,,,,,,,,,,,,,,,,38,112.55
1786990680,333.88,333.92,333.87,333.87,339.35,334.5,,,,,,,,,,,,,,,,,,,,,,,,,,,,,,,,,,,,,,,,,,,,,,,,,,,,68,114.7
1786990740,333.87,333.93,333.87,333.93,339.35,334.5,,,,,,,,,,,,,,,,,,,,,,,,,,,,,,,,,,,,,,,,,,,,,,,,,,,,49,117.05
1786990800,333.91,333.91,333.91,333.91,339.35,334.5,,,,,,,,,,,,,,,,,,,,,,,,,,,,,,,,,,,,,,,,,,,,,,,,,,,,17,113.75
1786990860,333.93,333.93,333.93,333.93,339.35,334.5,,,,,,,,,,,,,,,,,,,,,,,,,,,,,,,,,,,,,,,,,,,,,,,,,,,,53,92
1786990920,333.855,333.855,333.555,333.555,339.35,334.5,,,,,,,,,,,,,,,,,,,,,,,,,,,,,,,,,,,,,,,,,,,,,,,,,,,,538,114.6
1786990980,333.61,333.61,333.46,333.46,339.35,334.5,,,,,,,,,,,,,,,,,,,,,,,,,,,,,,,,,,,,,,,,,,,,,,,,,,,,65,107.8
1786991100,333.47,333.47,333.47,333.47,339.35,334.5,,,,,,,,,,,,,,,,,,,,,,,,,,,,,,,,,,,,,,,,,,,,,,,,,,,,5,105.85
1786991160,333.37,333.37,333.29,333.29,339.35,334.5,,,,,,,,,,,,,,,,,,,,,,,,,,,,,,,,,,,,,,,,,,,,,,,,,,,,15,105.35
1786991220,333.36,333.37,333.33,333.37,339.35,334.5,,,,,,,,,,,,,,,,,,,,,,,,,,,,,,,,,,,,,,,,,,,,,,,,,,,,142,106.7
1786991400,333.22,333.22,333.1,333.1,339.35,334.5,,,,,,,,,,,,,,,,,,,,,,,,,,,,,,,,,,,,,,,,,,,,,,,,,,,,209,114.65
1786991460,333.03,333.16,333.02,333.16,339.35,334.5,,,,,,,,,,,,,,,,,,,,,,,,,,,,,,,,,,,,,,,,,,,,,,,,,,,,491,133.25
1786991520,333.12,333.12,333.12,333.12,339.35,334.5,,,,,,,,,,,,,,,,,,,,,,,,,,,,,,,,,,,,,,,,,,,,,,,,,,,,10,132.6
1786991580,333,333.08,333,333.08,339.35,334.5,,,,,,,,,,,,,,,,,,,,,,,,,,,,,,,,,,,,,,,,,,,,,,,,,,,,112,138.15
1786991640,333.16,333.18,333.16,333.18,339.35,334.5,,,,,,,,,,,,,,,,,,,,,,,,,,,,,,,,,,,,,,,,,,,,,,,,,,,,73,136.1
1786991700,333.2,333.33,333.2,333.3,339.35,334.5,,,,,,,,,,,,,,,,,,,,,,,,,,,,,,,,,,,,,,,,,,,,,,,,,,,,313,137.65
1786991760,333.23,333.28,333.23,333.28,339.35,334.5,,,,,,,,,,,,,,,,,,,,,,,,,,,,,,,,,,,,,,,,,,,,,,,,,,,,125,128.45
1786991820,333.26,333.33,333.2,333.33,339.35,334.5,,,,,,,,,,,,,,,,,,,,,,,,,,,,,,,,,,,,,,,,,,,,,,,,,,,,119,130.55
1786991880,333.32,333.32,333.2,333.2,339.35,334.5,,,,,,,,,,,,,,,,,,,,,,,,,,,,,,,,,,,,,,,,,,,,,,,,,,,,247,134.5
1786991940,333.15,333.27,333.14,333.27,339.35,334.5,,,,,,,,,,,,,,,,,,,,,,,,,,,,,,,,,,,,,,,,,,,,,,,,,,,,344,151.65
1786992000,333.33,333.34,333.33,333.34,339.35,334.5,,,,,,,,,,,,,,,,,,,,,,,,,,,,,,,,,,,,,,,,,,,,,,,,,,,,15,150.5
1786992120,333.26,333.39,333.26,333.39,339.35,334.5,,,,,,,,,,,,,,,,,,,,,,,,,,,,,,,,,,,,,,,,,,,,,,,,,,,,154,154.8
1786992180,333.44,333.46,333.38,333.38,339.35,334.5,,,,,,,,,,,,,,,,,,,,,,,,,,,,,,,,,,,,,,,,,,,,,,,,,,,,254,165.05
1786992240,333.49,333.49,333.48,333.48,339.35,334.5,,,,,,,,,,,,,,,,,,,,,,,,,,,,,,,,,,,,,,,,,,,,,,,,,,,,56,167
1786992300,333.47,333.47,333.43,333.43,339.35,334.5,,,,,,,,,,,,,,,,,,,,,,,,,,,,,,,,,,,,,,,,,,,,,,,,,,,,17,165.2
1786992360,333.33,333.33,333.33,333.33,339.35,334.5,,,,,,,,,,,,,,,,,,,,,,,,,,,,,,,,,,,,,,,,,,,,,,,,,,,,68,141.7
1786992420,333.27,333.42,333.27,333.42,339.35,334.5,,,,,,,,,,,,,,,,,,,,,,,,,,,,,,,,,,,,,,,,,,,,,,,,,,,,444,160.65
1786992480,333.37,333.41,333.36,333.41,339.35,334.5,,,,,,,,,,,,,,,,,,,,,,,,,,,,,,,,,,,,,,,,,,,,,,,,,,,,171,168.95
1786993020,333.33,333.33,333.22,333.22,339.35,334.5,,,,,,,,,,,,,,,,,,,,,,,,,,,,,,,,,,,,,,,,,,,,,,,,,,,,133,174.85
1786993080,333.26,333.32,333.26,333.32,339.35,334.5,,,,,,,,,,,,,,,,,,,,,,,,,,,,,,,,,,,,,,,,,,,,,,,,,,,,227,179.1
1786993200,333.25,333.25,333.2,333.2,339.35,334.5,,,,,,,,,,,,,,,,,,,,,,,,,,,,,,,,,,,,,,,,,,,,,,,,,,,,88,173.05
1786993260,333.19,333.19,333.16,333.16,339.35,334.5,,,,,,,,,,,,,,,,,,,,,,,,,,,,,,,,,,,,,,,,,,,,,,,,,,,,224,159.7
1786993320,333.14,333.14,332.99,332.99,339.35,334.5,,,,,,,,,,,,,,,,,,,,,,,,,,,,,,,,,,,,,,,,,,,,,,,,,,,,80,163.2
1786993380,332.95,332.95,332.93,332.93,339.35,334.5,,,,,,,,,,,,,,,,,,,,,,,,,,,,,,,,,,,,,,,,,,,,,,,,,,,,136,164.4
1786993440,332.88,332.88,332.88,332.88,339.35,334.5,,,,,,,,,,,,,,,,,,,,,,,,,,,,,,,,,,,,,,,,,,,,,,,,,,,,40,162.75
1786993500,332.89,332.92,332.89,332.92,339.35,334.5,,,,,,,,,,,,,,,,,,,,,,,,,,,,,,,,,,,,,,,,,,,,,,,,,,,,56,149.9
1786993560,332.85,332.86,332.82,332.82,339.35,334.5,,,,,,,,,,,,,,,,,,,,,,,,,,,,,,,,,,,,,,,,,,,,,,,,,,,,150,151.15
1786993620,332.79,332.86,332.72,332.86,339.35,334.5,,,,,,,,,,,,,,,,,,,,,,,,,,,,,,,,,,,,,,,,,,,,,,,,,,,,183,154.35
1786993860,332.76,332.76,332.7,332.7,339.35,334.5,,,,,,,,,,,,,,,,,,,,,,,,,,,,,,,,,,,,,,,,,,,,,,,,,,,,40,144
1786993920,332.7,332.7,332.7,332.7,339.35,334.5,,,,,,,,,,,,,,,,,,,,,,,,,,,,,,,,,,,,,,,,,,,,,,,,,,,,23,127.95
1786993980,332.69,332.86,332.65,332.86,339.35,334.5,,,,,,,,,,,,,,,,,,,,,,,,,,,,,,,,,,,,,,,,,,,,,,,,,,,,698,162.1
1786994040,332.86,332.88,332.68,332.68,339.35,334.5,,,,,,,,,,,,,,,,,,,,,,,,,,,,,,,,,,,,,,,,,,,,,,,,,,,,354,172.1
1786994100,332.805,332.805,332.805,332.805,339.35,334.5,,,,,,,,,,,,,,,,,,,,,,,,,,,,,,,,,,,,,,,,,,,,,,,,,,,,7,159.75
1786994160,332.77,332.77,332.75,332.75,339.35,334.5,,,,,,,,,,,,,,,,,,,,,,,,,,,,,,,,,,,,,,,,,,,,,,,,,,,,55,159.7
1786994220,332.62,332.62,332.62,332.62,339.35,334.5,,,,,,,,,,,,,,,,,,,,,,,,,,,,,,,,,,,,,,,,,,,,,,,,,,,,40,160.85
1786994400,332.65,332.68,332.61,332.61,339.35,334.5,,,,,,,,,,,,,,,,,,,,,,,,,,,,,,,,,,,,,,,,,,,,,,,,,,,,143,164.6
1786994460,332.64,332.64,332.64,332.64,339.35,334.5,,,,,,,,,,,,,,,,,,,,,,,,,,,,,,,,,,,,,,,,,,,,,,,,,,,,1,142.45
1786994520,332.62,332.62,332.44,332.54,339.35,334.5,,,,,,,,,,,,,,,,,,,,,,,,,,,,,,,,,,,,,,,,,,,,,,,,,,,,168,142.3
1786994580,332.52,332.63,332.52,332.63,339.35,334.5,,,,,,,,,,,,,,,,,,,,,,,,,,,,,,,,,,,,,,,,,,,,,,,,,,,,291,150.2
1786994640,332.56,332.56,332.5,332.51,339.35,334.5,,,,,,,,,,,,,,,,,,,,,,,,,,,,,,,,,,,,,,,,,,,,,,,,,,,,39,140.8
1786994760,332.47,332.47,332.43,332.43,339.35,334.5,,,,,,,,,,,,,,,,,,,,,,,,,,,,,,,,,,,,,,,,,,,,,,,,,,,,57,139.25
1786994820,332.39,332.39,332.25,332.27,339.35,334.5,,,,,,,,,,,,,,,,,,,,,,,,,,,,,,,,,,,,,,,,,,,,,,,,,,,,425,149.3
1786994880,332.31,332.31,332.045,332.045,339.35,334.5,,,,,,,,,,,,,,,,,,,,,,,,,,,,,,,,,,,,,,,,,,,,,,,,,,,,181,154.35
1786994940,332.11,332.11,331.98,331.98,339.35,334.5,,,,,,,,,,,,,,,,,,,,,,,,,,,,,,,,,,,,,,,,,,,,,,,,,,,,314,163.25
1786995000,331.94,331.94,331.72,331.72,339.35,334.5,,,,,,,,,,,,,,,,,,,,,,,,,,,,,,,,,,,,,,,,,,,,,,,,,,,,141,168.3
1786995060,331.77,331.8,331.685,331.685,339.35,334.5,,,,,,,,,,,,,,,,,,,,,,,,,,,,,,,,,,,,,,,,,,,,,,,,,,,,337,182.35
1786995120,331.74,332.01,331.74,331.87,339.35,334.5,,,,,,,,,,,,,,,,,,,,,,,,,,,,,,,,,,,,,,,,,,,,,,,,,,,,869,218.3
1786995180,331.93,332,331.82,331.82,339.35,334.5,,,,,,,,,,,,,,,,,,,,,,,,,,,,,,,,,,,,,,,,,,,,,,,,,,,,265,222.4
1786995240,331.88,331.89,331.73,331.83,339.35,334.5,,,,,,,,,,,,,,,,,,,,,,,,,,,,,,,,,,,,,,,,,,,,,,,,,,,,353,238.05
1786995300,331.69,331.72,331.66,331.66,339.35,334.5,,,,,,,,,,,,,,,,,,,,,,,,,,,,,,,,,,,,,,,,,,,,,,,,,,,,90,241.4
1786995360,331.58,331.81,331.58,331.81,339.35,334.5,,,,,,,,,,,,,,,,,,,,,,,,,,,,,,,,,,,,,,,,,,,,,,,,,,,,775,245.25
1786995420,331.87,331.91,331.87,331.89,339.35,334.5,,,,,,,,,,,,,,,,,,,,,,,,,,,,,,,,,,,,,,,,,,,,,,,,,,,,215,238.3
1786995480,331.99,331.99,331.85,331.89,339.35,334.5,,,,,,,,,,,,,,,,,,,,,,,,,,,,,,,,,,,,,,,,,,,,,,,,,,,,32,239.55
1786995540,331.85,331.85,331.59,331.59,339.35,334.5,,,,,,,,,,,,,,,,,,,,,,,,,,,,,,,,,,,,,,,,,,,,,,,,,,,,310,252.3
1786995600,331.57,331.68,331.57,331.68,339.35,334.5,,,,,,,,,,,,,,,,,,,,,,,,,,,,,,,,,,,,,,,,,,,,,,,,,,,,264,263.5
1786995660,331.68,331.69,331.53,331.58,339.35,334.5,,,,,,,,,,,,,,,,,,,,,,,,,,,,,,,,,,,,,,,,,,,,,,,,,,,,379,275.3
1786995720,331.6,331.73,331.57,331.73,339.35,334.5,,,,,,,,,,,,,,,,,,,,,,,,,,,,,,,,,,,,,,,,,,,,,,,,,,,,553,302.9
1786995780,331.76,331.76,331.65,331.7,339.35,334.5,,,,,,,,,,,,,,,,,,,,,,,,,,,,,,,,,,,,,,,,,,,,,,,,,,,,156,302.3
1786995840,331.67,331.83,331.67,331.83,339.35,334.5,,,,,,,,,,,,,,,,,,,,,,,,,,,,,,,,,,,,,,,,,,,,,,,,,,,,435,309.5
1786995900,331.77,331.98,331.77,331.87,339.35,334.5,,,,,,,,,,,,,,,,,,,,,,,,,,,,,,,,,,,,,,,,,,,,,,,,,,,,377,326.4
1786995960,332.08,332.37,332.06,332.37,339.35,334.5,,,,,,,,,,,,,,,,,,,,,,,,,,,,,,,,,,,,,,,,,,,,,,,,,,,,1327,389.9
1786996020,332.38,332.38,332.34,332.34,339.35,334.5,,,,,,,,,,,,,,,,,,,,,,,,,,,,,,,,,,,,,,,,,,,,,,,,,,,,180,377.65
1786996080,332.32,332.33,332.17,332.17,339.35,334.5,,,,,,,,,,,,,,,,,,,,,,,,,,,,,,,,,,,,,,,,,,,,,,,,,,,,450,391.1
1786996140,332.2,332.2,331.925,331.925,339.35,334.5,,,,,,,,,,,,,,,,,,,,,,,,,,,,,,,,,,,,,,,,,,,,,,,,,,,,858,418.3
1786996200,332,332.06,331.93,331.93,339.35,334.5,,,,,,,,,,,,,,,,,,,,,,,,,,,,,,,,,,,,,,,,,,,,,,,,,,,,576,440.05
1786996260,331.97,332.03,331.72,331.72,339.35,334.5,,,,,,,,,,,,,,,,,,,,,,,,,,,,,,,,,,,,,,,,,,,,,,,,,,,,901,468.25
1786996320,331.69,331.92,331.68,331.87,339.35,334.5,,,,,,,,,,,,,,,,,,,,,,,,,,,,,,,,,,,,,,,,,,,,,,,,,,,,968,473.2
1786996380,331.85,332.08,331.8,332.08,339.35,334.5,,,,,,,,,,,,,,,,,,,,,,,,,,,,,,,,,,,,,,,,,,,,,,,,,,,,458,482.85
1786996440,332.08,332.3,332.06,332.3,339.35,334.5,,,,,,,,,,,,,,,,,,,,,,,,,,,,,,,,,,,,,,,,,,,,,,,,,,,,1251,527.75
1786996500,332.24,332.3,332.19,332.24,339.35,334.5,,,,,,,,,,,,,,,,,,,,,,,,,,,,,,,,,,,,,,,,,,,,,,,,,,,,680,557.25
1786996560,332.19,332.43,332.19,332.37,339.35,334.5,,,,,,,,,,,,,,,,,,,,,,,,,,,,,,,,,,,,,,,,,,,,,,,,,,,,1588,597.9
1786996620,332.41,332.41,332.11,332.14,339.35,334.5,,,,,,,,,,,,,,,,,,,,,,,,,,,,,,,,,,,,,,,,,,,,,,,,,,,,1869,680.6
1786996680,332.125,332.125,331.75,331.84,339.35,334.5,,,,,,,,,,,,,,,,,,,,,,,,,,,,,,,,,,,,,,,,,,,,,,,,,,,,3409,849.45
1786996740,331.85,332.06,331.42,331.56,339.35,334.5,,,1,24,1,1786974300000,339.78,339.35,334.5,4.850000000000023,0.46653682406449837,0.09123550532697695,2.460415563011348,2,1786974600000,2,0,,,,0,0,0,0,0,,,,0,0,0,0,0,,,,0,0,0,0,0,,,,0,0,0,0,,-1,24,4742,1071.05
1787059800,333.24,333.24,332.06,332.06,333.24,332.06,,,,,,,,,,,,,,,,,,,,,,,,,,,,,,,,,,,,,,,,,,,,,,,,,,,,46,1060.15
1787059860,332.125,332.125,332.125,332.125,333.24,332.06,,,,,,,,,,,,,,,,,,,,,,,,,,,,,,,,,,,,,,,,,,,,,,,,,,,,100,1046.2
1787059920,331.745,331.745,331.49,331.555,333.24,331.49,,,,,,,,,,,,,,,,,,,,,,,,,,,,,,,,,,,,,,,,,,,,,,,,,,,,104,1023.75
1787059980,331.55,331.55,331.16,331.16,333.24,331.16,,,,,,,,,,,,,,,,,,,,,,,,,,,,,,,,,,,,,,,,,,,,,,,,,,,,160,1023.95
1787060040,331.28,331.28,330.77,330.77,333.24,330.77,,,,,,,,,,,,,,,,,,,,,,,,,,,,,,,,,,,,,,,,,,,,,,,,,,,,129,1008.65
1787060160,330.45,332,330.45,331.97,333.24,330.45,,,,,,,,,,,,,,,,,,,,,,,,,,,,,,,,,,,,,,,,,,,,,,,,,,,,720,1025.8
1787060220,332.27,332.35,331.29,331.29,333.24,330.45,,,,,,,,,,,,,,,,,,,,,,,,,,,,,,,,,,,,,,,,,,,,,,,,,,,,521,985.5
1787060280,331.39,331.39,330.96,331.13,333.24,330.45,,,,,,,,,,,,,,,,,,,,,,,,,,,,,,,,,,,,,,,,,,,,,,,,,,,,675,1010.25
1787060340,331.3,331.5,331.3,331.38,333.24,330.45,,,,,,,,,,,,,,,,,,,,,,,,,,,,,,,,,,,,,,,,,,,,,,,,,,,,295,1002.5
1787060400,331.67,331.67,331.67,331.67,333.24,330.45,,,,,,,,,,,,,,,,,,,,,,,,,,,,,,,,,,,,,,,,,,,,,,,,,,,,1,959.65
1787060580,331.83,332.44,331.83,332.44,333.24,330.45,,,,,,,,,,,,,,,,,,,,,,,,,,,,,,,,,,,,,,,,,,,,,,,,,,,,77,934.7
1787060700,332.23,332.23,331.34,331.44,333.24,330.45,,,,,,,,,,,,,,,,,,,,,,,,,,,,,,,,,,,,,,,,,,,,,,,,,,,,994,939.35
1787060760,331.46,331.7,331.45,331.7,333.24,330.45,,,,,,,,,,,,,,,,,,,,,,,,,,,,,,,,,,,,,,,,,,,,,,,,,,,,389,910.4
1787060880,332.01,332.23,331.97,332,333.24,330.45,,,,,,,,,,,,,,,,,,,,,,,,,,,,,,,,,,,,,,,,,,,,,,,,,,,,457,910.35
1787060940,331.98,332.08,331.61,331.69,333.24,330.45,,,,,,,,,,,,,,,,,,,,,,,,,,,,,,,,,,,,,,,,,,,,,,,,,,,,527,874.15
1787061000,331.53,331.77,331.53,331.77,333.24,330.45,,,,,,,,,,,,,,,,,,,,,,,,,,,,,,,,,,,,,,,,,,,,,,,,,,,,251,852.7
1787061060,331.92,332,331.9,332,333.24,330.45,,,,,,,,,,,,,,,,,,,,,,,,,,,,,,,,,,,,,,,,,,,,,,,,,,,,74,777
1787061120,331.9,331.91,331.77,331.91,333.24,330.45,,,,,,,,,,,,,,,,,,,,,,,,,,,,,,,,,,,,,,,,,,,,,,,,,,,,171,692.1
1787061180,332.13,332.39,332.13,332.3,333.24,330.45,,,,,,,,,,,,,,,,,,,,,,,,,,,,,,,,,,,,,,,,,,,,,,,,,,,,513,547.3
1787061300,332.17,332.45,332.17,332.45,333.24,330.45,,,,,,,,,,,,,,,,,,,,,,,,,,,,,,,,,,,,,,,,,,,,,,,,,,,,94,314.9
1787061360,332.47,332.82,332.47,332.82,333.24,330.45,,,,,,,,,,,,,,,,,,,,,,,,,,,,,,,,,,,,,,,,,,,,,,,,,,,,203,322.75
1787061420,332.82,333.11,332.82,333.11,333.24,330.45,,,,,,,,,,,,,,,,,,,,,,,,,,,,,,,,,,,,,,,,,,,,,,,,,,,,401,337.8
1787061480,333.25,333.28,333.24,333.28,333.24,330.45,,,,,,,,,,,,,,,,,,,,,,,,,,,,,,,,,,,,,,,,,,,,,,,,,,,,32,334.2
1787061600,333.15,333.15,333,333.06,333.24,330.45,,,,,,,,,,,,,,,,,,,,,,,,,,,,,,,,,,,,,,,,,,,,,,,,,,,,710,361.7
1787061660,333.36,333.36,332.96,333.05,333.24,330.45,,,,,,,,,,,,,,,,,,,,,,,,,,,,,,,,,,,,,,,,,,,,,,,,,,,,255,368
1787061720,333.38,333.38,332.99,332.99,333.24,330.45,,,,,,,,,,,,,,,,,,,,,,,,,,,,,,,,,,,,,,,,,,,,,,,,,,,,652,364.6
1787061780,332.97,332.97,332.48,332.48,333.24,330.45,,,,,,,,,,,,,,,,,,,,,,,,,,,,,,,,,,,,,,,,,,,,,,,,,,,,680,372.55
1787061840,332.63,332.64,332.49,332.58,333.24,330.45,,,,,,,,,,,,,,,,,,,,,,,,,,,,,,,,,,,,,,,,,,,,,,,,,,,,435,360.55
1787061900,332.51,332.51,332.37,332.375,333.24,330.45,,,,,,,,,,,,,,,,,,,,,,,,,,,,,,,,,,,,,,,,,,,,,,,,,,,,234,357.5
1787061960,332.58,332.59,332.56,332.59,333.24,330.45,,,,,,,,,,,,,,,,,,,,,,,,,,,,,,,,,,,,,,,,,,,,,,,,,,,,67,360.8
1787062020,332.79,333.01,332.73,333,333.24,330.45,,,,,,,,,,,,,,,,,,,,,,,,,,,,,,,,,,,,,,,,,,,,,,,,,,,,1076,410.75
1787062080,333.11,333.43,333.11,333.34,333.24,330.45,,,,,,,,,,,,,,,,,,,,,,,,,,,,,,,,,,,,,,,,,,,,,,,,,,,,148,368.45
1787062140,333.45,333.45,333.45,333.45,333.24,330.45,,,,,,,,,,,,,,,,,,,,,,,,,,,,,,,,,,,,,,,,,,,,,,,,,,,,4,349.2
1787062200,333.48,333.48,333.16,333.16,333.24,330.45,,,,,,,,,,,,,,,,,,,,,,,,,,,,,,,,,,,,,,,,,,,,,,,,,,,,336,343.15
1787062260,333.42,333.69,333.42,333.67,333.24,330.45,,,,,,,,,,,,,,,,,,,,,,,,,,,,,,,,,,,,,,,,,,,,,,,,,,,,220,327.8
1787062320,333.58,333.65,333.52,333.63,333.24,330.45,,,,,,,,,,,,,,,,,,,,,,,,,,,,,,,,,,,,,,,,,,,,,,,,,,,,230,326.75
1787062380,333.6,333.63,333.49,333.49,333.24,330.45,,,,,,,,,,,,,,,,,,,,,,,,,,,,,,,,,,,,,,,,,,,,,,,,,,,,393,342.7
1787062440,333.55,333.63,333.55,333.55,333.24,330.45,,,,,,,,,,,,,,,,,,,,,,,,,,,,,,,,,,,,,,,,,,,,,,,,,,,,283,348.3
1787062500,333.44,333.65,333.39,333.52,333.24,330.45,,,,,,,,,,,,,,,,,,,,,,,,,,,,,,,,,,,,,,,,,,,,,,,,,,,,863,365.8
1787062560,333.54,333.54,333.31,333.34,333.24,330.45,,,,,,,,,,,,,,,,,,,,,,,,,,,,,,,,,,,,,,,,,,,,,,,,,,,,191,370.65
1787062620,333.35,333.72,333.3,333.71,333.24,330.45,,,,,,,,,,,,,,,,,,,,,,,,,,,,,,,,,,,,,,,,,,,,,,,,,,,,447,382.85
1787062680,333.53,333.89,333.53,333.81,333.24,330.45,,,,,,,,,,,,,,,,,,,,,,,,,,,,,,,,,,,,,,,,,,,,,,,,,,,,214,373.5
1787062740,333.99,334.02,333.99,334.02,333.24,330.45,,,,,,,,,,,,,,,,,,,,,,,,,,,,,,,,,,,,,,,,,,,,,,,,,,,,543,399.05
1787062800,333.93,333.99,333.8,333.96,333.24,330.45,,,,,,,,,,,,,,,,,,,,,,,,,,,,,,,,,,,,,,,,,,,,,,,,,,,,913,409.2
1787062860,334.05,334.11,333.95,333.99,333.24,330.45,,,,,,,,,,,,,,,,,,,,,,,,,,,,,,,,,,,,,,,,,,,,,,,,,,,,340,413.45
1787062920,334.1,334.15,333.545,333.545,333.24,330.45,,,,,,,,,,,,,,,,,,,,,,,,,,,,,,,,,,,,,,,,,,,,,,,,,,,,633,412.5
1787062980,333.74,333.77,333.72,333.77,333.24,330.45,,,,,,,,,,,,,,,,,,,,,,,,,,,,,,,,,,,,,,,,,,,,,,,,,,,,288,392.9
1787063040,333.86,333.915,333.83,333.915,333.24,330.45,,,,,,,,,,,,,,,,,,,,,,,,,,,,,,,,,,,,,,,,,,,,,,,,,,,,181,380.2
1787063100,334.06,334.07,333.96,333.96,333.24,330.45,,,,,,,,,,,,,,,,,,,,,,,,,,,,,,,,,,,,,,,,,,,,,,,,,,,,72,372.1
1787063160,333.93,333.93,333.43,333.43,333.24,330.45,,,,,,,,,,,,,,,,,,,,,,,,,,,,,,,,,,,,,,,,,,,,,,,,,,,,498,393.65
1787063280,333.42,333.42,333.18,333.18,333.24,330.45,,,,,,,,,,,,,,,,,,,,,,,,,,,,,,,,,,,,,,,,,,,,,,,,,,,,62,342.95
1787063400,333.17,333.42,333.04,333.42,333.24,330.45,,,,,,,,,,,,,,,,,,,,,,,,,,,,,,,,,,,,,,,,,,,,,,,,,,,,224,346.75
1787063460,333.43,333.43,333.42,333.42,333.24,330.45,,,,,,,,,,,,,,,,,,,,,,,,,,,,,,,,,,,,,,,,,,,,,,,,,,,,86,350.85
1787063520,333.47,333.89,333.47,333.85,333.24,330.45,,,,,,,,,,,,,,,,,,,,,,,,,,,,,,,,,,,,,,,,,,,,,,,,,,,,329,350.5
1787063580,334.06,334.06,333.93,333.94,333.24,330.45,,,,,,,,,,,,,,,,,,,,,,,,,,,,,,,,,,,,,,,,,,,,,,,,,,,,180,348.5
1787063640,333.87,334.02,333.51,333.51,333.24,330.45,,,,,,,,,,,,,,,,,,,,,,,,,,,,,,,,,,,,,,,,,,,,,,,,,,,,202,347.1
1787063820,333.33,333.35,333.13,333.13,333.24,330.45,,,,,,,,,,,,,,,,,,,,,,,,,,,,,,,,,,,,,,,,,,,,,,,,,,,,173,336.1
1787063880,333.17,333.22,333.17,333.22,333.24,330.45,,,,,,,,,,,,,,,,,,,,,,,,,,,,,,,,,,,,,,,,,,,,,,,,,,,,85,326.2
1787064000,333.28,333.33,333.28,333.33,333.24,330.45,,,,,,,,,,,,,,,,,,,,,,,,,,,,,,,,,,,,,,,,,,,,,,,,,,,,30,284.55
1787064060,333.31,333.34,333.2,333.2,333.24,330.45,,,,,,,,,,,,,,,,,,,,,,,,,,,,,,,,,,,,,,,,,,,,,,,,,,,,276,288.8
1787064120,333.34,333.34,332.86,332.86,333.24,330.45,,,,,,,,,,,,,,,,,,,,,,,,,,,,,,,,,,,,,,,,,,,,,,,,,,,,714,302.15
1787064180,332.98,333.2,332.98,333.2,333.24,330.45,,,,,,,,,,,,,,,,,,,,,,,,,,,,,,,,,,,,,,,,,,,,,,,,,,,,90,295.95
1787064240,333.21,333.21,333.21,333.21,333.24,330.45,,,,,,,,,,,,,,,,,,,,,,,,,,,,,,,,,,,,,,,,,,,,,,,,,,,,12,269.4
1787064300,333.11,333.11,332.86,332.86,333.24,330.45,,,,,,,,,,,,,,,,,,,,,,,,,,,,,,,,,,,,,,,,,,,,,,,,,,,,496,248.55
1787064360,332.72,332.81,332.72,332.72,333.24,330.45,,,,,,,,,,,,,,,,,,,,,,,,,,,,,,,,,,,,,,,,,,,,,,,,,,,,111,237.1
1787064420,332.6,332.82,332.59,332.82,333.24,330.45,,,,,,,,,,,,,,,,,,,,,,,,,,,,,,,,,,,,,,,,,,,,,,,,,,,,197,215.3
1787064480,332.6,332.73,332.59,332.73,333.24,330.45,,,,,,,,,,,,,,,,,,,,,,,,,,,,,,,,,,,,,,,,,,,,,,,,,,,,171,209.45
1787064540,332.84,333,332.84,333,333.24,330.45,,,,,,,,,,,,,,,,,,,,,,,,,,,,,,,,,,,,,,,,,,,,,,,,,,,,96,205.2
1787064600,333.04,333.2,332.72,332.74,333.24,330.45,,,,,,,,,,,,,,,,,,,,,,,,,,,,,,,,,,,,,,,,,,,,,,,,,,,,700,236.6
1787064660,332.83,332.95,332.76,332.95,333.24,330.45,,,,,,,,,,,,,,,,,,,,,,,,,,,,,,,,,,,,,,,,,,,,,,,,,,,,1669,295.15
1787064720,332.87,332.88,332.65,332.65,333.24,330.45,,,,,,,,,,,,,,,,,,,,,,,,,,,,,,,,,,,,,,,,,,,,,,,,,,,,582,321.15
1787064780,332.56,332.99,332.56,332.99,333.24,330.45,,,,,,,,,,,,,,,,,,,,,,,,,,,,,,,,,,,,,,,,,,,,,,,,,,,,175,318.7
1787064840,332.92,332.92,332.9,332.9,333.24,330.45,,,,,,,,,,,,,,,,,,,,,,,,,,,,,,,,,,,,,,,,,,,,,,,,,,,,75,318.15
1787064900,333.03,333.04,332.58,332.67,333.24,330.45,,,,,,,,,,,,,,,,,,,,,,,,,,,,,,,,,,,,,,,,,,,,,,,,,,,,2304,416.9
1787064960,332.83,332.83,332.18,332.18,333.24,330.45,,,,,,,,,,,,,,,,,,,,,,,,,,,,,,,,,,,,,,,,,,,,,,,,,,,,916,453.7
1787065020,332.37,332.37,332.13,332.13,333.24,330.45,,,,,,,,,,,,,,,,,,,,,,,,,,,,,,,,,,,,,,,,,,,,,,,,,,,,522,469.7
1787065140,332.19,332.36,332.19,332.36,333.24,330.45,,,,,,,,,,,,,,,,,,,,,,,,,,,,,,,,,,,,,,,,,,,,,,,,,,,,193,470.7
1787065320,332.07,332.3,332.01,332.19,333.24,330.45,,,,,,,,,,,,,,,,,,,,,,,,,,,,,,,,,,,,,,,,,,,,,,,,,,,,2369,584.9
1787065380,332.23,332.33,332.23,332.33,333.24,330.45,,,,,,,,,,,,,,,,,,,,,,,,,,,,,,,,,,,,,,,,,,,,,,,,,,,,65,586.65
1787065440,332.42,332.52,332.42,332.52,333.24,330.45,,,,,,,,,,,,,,,,,,,,,,,,,,,,,,,,,,,,,,,,,,,,,,,,,,,,20,573.85
1787065500,332.6,332.88,332.6,332.66,333.24,330.45,,,,,,,,,,,,,,,,,,,,,,,,,,,,,,,,,,,,,,,,,,,,,,,,,,,,1685,622.4
1787065560,332.7,332.76,332.65,332.76,333.24,330.45,,,,,,,,,,,,,,,,,,,,,,,,,,,,,,,,,,,,,,,,,,,,,,,,,,,,429,639.35
1787065620,332.65,332.65,332.65,332.65,333.24,330.45,,,,,,,,,,,,,,,,,,,,,,,,,,,,,,,,,,,,,,,,,,,,,,,,,,,,1,638.8
1787065680,332.65,332.77,332.59,332.77,333.24,330.45,,,,,,,,,,,,,,,,,,,,,,,,,,,,,,,,,,,,,,,,,,,,,,,,,,,,334,630.7
1787065740,332.83,332.83,332.79,332.83,333.24,330.45,,,,,,,,,,,,,,,,,,,,,,,,,,,,,,,,,,,,,,,,,,,,,,,,,,,,41,627.2
1787065800,332.75,332.92,332.75,332.91,333.24,330.45,,,,,,,,,,,,,,,,,,,,,,,,,,,,,,,,,,,,,,,,,,,,,,,,,,,,73,621
1787065860,332.88,332.88,332.58,332.58,333.24,330.45,,,,,,,,,,,,,,,,,,,,,,,,,,,,,,,,,,,,,,,,,,,,,,,,,,,,523,638.6
1787065920,332.57,332.64,332.57,332.6,333.24,330.45,,,,,,,,,,,,,,,,,,,,,,,,,,,,,,,,,,,,,,,,,,,,,,,,,,,,151,641.35
1787065980,332.55,332.55,332.55,332.55,333.24,330.45,,,,,,,,,,,,,,,,,,,,,,,,,,,,,,,,,,,,,,,,,,,,,,,,,,,,8,606.75
1787066040,332.47,332.47,332.47,332.47,333.24,330.45,,,,,,,,,,,,,,,,,,,,,,,,,,,,,,,,,,,,,,,,,,,,,,,,,,,,4,523.5
1787066160,332.6,332.6,332.315,332.315,333.24,330.45,,,,,,,,,,,,,,,,,,,,,,,,,,,,,,,,,,,,,,,,,,,,,,,,,,,,789,533.85
1787066220,332.2,332.2,332.11,332.11,333.24,330.45,,,,,,,,,,,,,,,,,,,,,,,,,,,,,,,,,,,,,,,,,,,,,,,,,,,,1244,587.3
1787066340,332.17,332.26,332.17,332.22,333.24,330.45,,,,,,,,,,,,,,,,,,,,,,,,,,,,,,,,,,,,,,,,,,,,,,,,,,,,80,587.55
1787066400,332.19,332.19,331.97,331.97,333.24,330.45,,,,,,,,,,,,,,,,,,,,,,,,,,,,,,,,,,,,,,,,,,,,,,,,,,,,513,498
1787066460,331.89,331.89,331.8,331.8,333.24,330.45,,,,,,,,,,,,,,,,,,,,,,,,,,,,,,,,,,,,,,,,,,,,,,,,,,,,21,453.25
1787066520,331.71,331.76,331.66,331.66,333.24,330.45,,,,,,,,,,,,,,,,,,,,,,,,,,,,,,,,,,,,,,,,,,,,,,,,,,,,525,453.4
1787066580,331.66,331.77,331.66,331.77,333.24,330.45,,,,,,,,,,,,,,,,,,,,,,,,,,,,,,,,,,,,,,,,,,,,,,,,,,,,23,444.9
1787066640,331.75,331.75,331.575,331.575,333.24,330.45,,,,,,,,,,,,,,,,,,,,,,,,,,,,,,,,,,,,,,,,,,,,,,,,,,,,579,355.4
1787066700,331.48,331.54,331.44,331.44,333.24,330.45,,,,,,,,,,,,,,,,,,,,,,,,,,,,,,,,,,,,,,,,,,,,,,,,,,,,386,371.45
1787066760,331.3,331.43,331.25,331.43,333.24,330.45,,,,,,,,,,,,,,,,,,,,,,,,,,,,,,,,,,,,,,,,,,,,,,,,,,,,732,407.05
1787066820,331.44,331.44,331.44,331.44,333.24,330.45,,,,,,,,,,,,,,,,,,,,,,,,,,,,,,,,,,,,,,,,,,,,,,,,,,,,10,323.3
1787066880,331.5,331.57,331.48,331.48,333.24,330.45,,,,,,,,,,,,,,,,,,,,,,,,,,,,,,,,,,,,,,,,,,,,,,,,,,,,134,308.55
1787066940,331.61,331.63,331.61,331.63,333.24,330.45,,,,,,,,,,,,,,,,,,,,,,,,,,,,,,,,,,,,,,,,,,,,,,,,,,,,13,309.15
1787067000,331.63,331.78,331.62,331.78,333.24,330.45,,,,,,,,,,,,,,,,,,,,,,,,,,,,,,,,,,,,,,,,,,,,,,,,,,,,512,318.05
1787067060,331.83,332,331.76,331.82,333.24,330.45,,,,,,,,,,,,,,,,,,,,,,,,,,,,,,,,,,,,,,,,,,,,,,,,,,,,1333,382.65
1787067120,331.95,331.96,331.7,331.71,333.24,330.45,,,,,,,,,,,,,,,,,,,,,,,,,,,,,,,,,,,,,,,,,,,,,,,,,,,,268,392.4
1787067180,331.7,331.73,331.7,331.73,333.24,330.45,,,,,,,,,,,,,,,,,,,,,,,,,,,,,,,,,,,,,,,,,,,,,,,,,,,,61,369.3
1787067240,331.78,331.78,331.78,331.78,333.24,330.45,,,,,,,,,,,,,,,,,,,,,,,,,,,,,,,,,,,,,,,,,,,,,,,,,,,,3,361.9
1787067300,331.9,331.9,331.59,331.59,333.24,330.45,,,,,,,,,,,,,,,,,,,,,,,,,,,,,,,,,,,,,,,,,,,,,,,,,,,,124,367.7
1787067360,331.52,331.53,331.51,331.53,333.24,330.45,,,,,,,,,,,,,,,,,,,,,,,,,,,,,,,,,,,,,,,,,,,,,,,,,,,,63,370.65
1787067420,331.58,331.58,331.42,331.44,333.24,330.45,,,,,,,,,,,,,,,,,,,,,,,,,,,,,,,,,,,,,,,,,,,,,,,,,,,,261,344.25
1787067480,331.39,331.41,331.25,331.25,333.24,330.45,,,,,,,,,,,,,,,,,,,,,,,,,,,,,,,,,,,,,,,,,,,,,,,,,,,,250,294.55
1787067540,331.12,331.25,331.11,331.25,333.24,330.45,,,,,,,,,,,,,,,,,,,,,,,,,,,,,,,,,,,,,,,,,,,,,,,,,,,,533,317.2
1787067600,331.21,331.25,331.19,331.25,333.24,330.45,,,,,,,,,,,,,,,,,,,,,,,,,,,,,,,,,,,,,,,,,,,,,,,,,,,,209,302
1787067660,331.25,331.25,331.25,331.25,333.24,330.45,,,,,,,,,,,,,,,,,,,,,,,,,,,,,,,,,,,,,,,,,,,,,,,,,,,,2,301.05
1787067720,331.33,331.39,331.33,331.39,333.24,330.45,,,,,,,,,,,,,,,,,,,,,,,,,,,,,,,,,,,,,,,,,,,,,,,,,,,,59,277.75
1787067780,331.24,331.24,331.24,331.24,333.24,330.45,,,,,,,,,,,,,,,,,,,,,,,,,,,,,,,,,,,,,,,,,,,,,,,,,,,,3,276.75
1787067840,331.23,331.23,331.21,331.21,333.24,330.45,,,,,,,,,,,,,,,,,,,,,,,,,,,,,,,,,,,,,,,,,,,,,,,,,,,,295,262.55
1787067900,331.26,331.32,331.26,331.32,333.24,330.45,,,,,,,,,,,,,,,,,,,,,,,,,,,,,,,,,,,,,,,,,,,,,,,,,,,,49,245.7
1787068020,331.42,331.62,331.42,331.62,333.24,330.45,,,,,,,,,,,,,,,,,,,,,,,,,,,,,,,,,,,,,,,,,,,,,,,,,,,,35,210.85
1787068080,331.71,331.71,331.51,331.51,333.24,330.45,,,,,,,,,,,,,,,,,,,,,,,,,,,,,,,,,,,,,,,,,,,,,,,,,,,,1193,270
1787068140,331.5,331.5,331.42,331.49,333.24,330.45,,,,,,,,,,,,,,,,,,,,,,,,,,,,,,,,,,,,,,,,,,,,,,,,,,,,531,289.85
1787068200,331.36,331.36,331.36,331.36,333.24,330.45,,,,,,,,,,,,,,,,,,,,,,,,,,,,,,,,,,,,,,,,,,,,,,,,,,,,43,291.35
1787068260,331.38,331.38,331.38,331.38,333.24,330.45,,,,,,,,,,,,,,,,,,,,,,,,,,,,,,,,,,,,,,,,,,,,,,,,,,,,58,268.65
1787068380,331.24,331.24,331.22,331.22,333.24,330.45,,,,,,,,,,,,,,,,,,,,,,,,,,,,,,,,,,,,,,,,,,,,,,,,,,,,280,216
1787068440,331.19,331.19,331.19,331.19,333.24,330.45,,,,,,,,,,,,,,,,,,,,,,,,,,,,,,,,,,,,,,,,,,,,,,,,,,,,1,202.65
1787068500,331.19,331.19,330.87,330.87,333.24,330.45,,,,,,,,,,,,,,,,,,,,,,,,,,,,,,,,,,,,,,,,,,,,,,,,,,,,926,245.9
1787068560,330.72,330.72,330.66,330.66,333.24,330.45,,,,,,,,,,,,,,,,,,,,,,,,,,,,,,,,,,,,,,,,,,,,,,,,,,,,90,250.25
1787068620,330.65,330.65,330.62,330.62,333.24,330.45,,,,,,,,,,,,,,,,,,,,,,,,,,,,,,,,,,,,,,,,,,,,,,,,,,,,103,249.2
1787068680,330.65,330.65,330.51,330.55,333.24,330.45,,,,,,,,,,,,,,,,,,,,,,,,,,,,,,,,,,,,,,,,,,,,,,,,,,,,637,277.9
1787068740,330.61,330.68,330.39,330.59,333.24,330.45,,,,,,,,,,,,,,,,,,,,,,,,,,,,,,,,,,,,,,,,,,,,,,,,,,,,648,297.25
1787068860,330.68,330.68,330.55,330.57,333.24,330.45,,,,,,,,,,,,,,,,,,,,,,,,,,,,,,,,,,,,,,,,,,,,,,,,,,,,317,300.6
1787068920,330.57,330.64,330.57,330.64,333.24,330.45,,,,,,,,,,,,,,,,,,,,,,,,,,,,,,,,,,,,,,,,,,,,,,,,,,,,191,283.5
1787068980,330.72,330.72,330.72,330.72,333.24,330.45,,,,,,,,,,,,,,,,,,,,,,,,,,,,,,,,,,,,,,,,,,,,,,,,,,,,5,273.3
1787069100,330.7,330.7,330.7,330.7,333.24,330.45,,,,,,,,,,,,,,,,,,,,,,,,,,,,,,,,,,,,,,,,,,,,,,,,,,,,30,274.7
1787069160,330.62,330.63,330.52,330.52,333.24,330.45,,,,,,,,,,,,,,,,,,,,,,,,,,,,,,,,,,,,,,,,,,,,,,,,,,,,921,317.8
1787069220,330.54,330.54,330.37,330.37,333.24,330.45,,,,,,,,,,,,,,,,,,,,,,,,,,,,,,,,,,,,,,,,,,,,,,,,,,,,124,323.85
1787069280,330.42,330.44,330.42,330.44,333.24,330.45,,,,,,,,,,,,,,,,,,,,,,,,,,,,,,,,,,,,,,,,,,,,,,,,,,,,142,316.2
1787069340,330.41,330.41,330.41,330.41,333.24,330.45,,,,,,,,,,,,,,,,,,,,,,,,,,,,,,,,,,,,,,,,,,,,,,,,,,,,19,314.7
1787069460,330.36,330.37,330.33,330.34,333.24,330.45,,,,,,,,,,,,,,,,,,,,,,,,,,,,,,,,,,,,,,,,,,,,,,,,,,,,196,322.75
1787069520,330.31,330.53,330.25,330.53,333.24,330.45,,,,,,,,,,,,,,,,,,,,,,,,,,,,,,,,,,,,,,,,,,,,,,,,,,,,310,278.6
1787069580,330.6,330.6,330.6,330.6,333.24,330.45,,,,,,,,,,,,,,,,,,,,,,,,,,,,,,,,,,,,,,,,,,,,,,,,,,,,14,252.75
1787069640,330.57,330.57,330.57,330.57,333.24,330.45,,,,,,,,,,,,,,,,,,,,,,,,,,,,,,,,,,,,,,,,,,,,,,,,,,,,15,251.35
1787069700,330.62,330.69,330.62,330.67,333.24,330.45,,,,,,,,,,,,,,,,,,,,,,,,,,,,,,,,,,,,,,,,,,,,,,,,,,,,378,267.35
1787069760,330.81,330.81,330.6,330.6,333.24,330.45,,,,,,,,,,,,,,,,,,,,,,,,,,,,,,,,,,,,,,,,,,,,,,,,,,,,441,275.4
1787069820,330.67,330.67,330.67,330.67,333.24,330.45,,,,,,,,,,,,,,,,,,,,,,,,,,,,,,,,,,,,,,,,,,,,,,,,,,,,40,277.35
1787069940,330.69,330.86,330.69,330.77,333.24,330.45,,,,,,,,,,,,,,,,,,,,,,,,,,,,,,,,,,,,,,,,,,,,,,,,,,,,296,245.85
1787070060,330.73,330.73,330.73,330.73,333.24,330.45,,,,,,,,,,,,,,,,,,,,,,,,,,,,,,,,,,,,,,,,,,,,,,,,,,,,19,242.3
1787070120,330.83,330.89,330.83,330.89,333.24,330.45,,,,,,,,,,,,,,,,,,,,,,,,,,,,,,,,,,,,,,,,,,,,,,,,,,,,74,240.85
1787070240,330.85,330.85,330.85,330.85,333.24,330.45,,,,,,,,,,,,,,,,,,,,,,,,,,,,,,,,,,,,,,,,,,,,,,,,,,,,2,209.1
1787070360,330.85,330.86,330.85,330.86,333.24,330.45,,,,,,,,,,,,,,,,,,,,,,,,,,,,,,,,,,,,,,,,,,,,,,,,,,,,16,177.5
1787070420,330.76,330.8,330.68,330.68,333.24,330.45,,,,,,,,,,,,,,,,,,,,,,,,,,,,,,,,,,,,,,,,,,,,,,,,,,,,12,162.25
1787070540,330.73,330.73,330.73,330.73,333.24,330.45,,,,,,,,,,,,,,,,,,,,,,,,,,,,,,,,,,,,,,,,,,,,,,,,,,,,5,152.95
1787070600,330.59,330.65,330.58,330.65,333.24,330.45,,,,,,,,,,,,,,,,,,,,,,,,,,,,,,,,,,,,,,,,,,,,,,,,,,,,85,156.95
1787070840,330.43,330.43,330.28,330.28,333.24,330.45,,,,,,,,,,,,,,,,,,,,,,,,,,,,,,,,,,,,,,,,,,,,,,,,,,,,209,165.9
1787070900,330.27,330.31,330.21,330.31,333.24,330.45,,,,,,,,,,,,,,,,,,,,,,,,,,,,,,,,,,,,,,,,,,,,,,,,,,,,318,135.75
1787070960,330.4,330.4,330.4,330.4,333.24,330.45,,,,,,,,,,,,,,,,,,,,,,,,,,,,,,,,,,,,,,,,,,,,,,,,,,,,51,132.1
1787071320,330.48,330.52,330.48,330.52,333.24,330.45,,,,,,,,,,,,,,,,,,,,,,,,,,,,,,,,,,,,,,,,,,,,,,,,,,,,171,133.55
1787071380,330.53,330.53,330.53,330.53,333.24,330.45,,,,,,,,,,,,,,,,,,,,,,,,,,,,,,,,,,,,,,,,,,,,,,,,,,,,3,132.75
1787071440,330.59,330.6,330.51,330.51,333.24,330.45,,,,,,,,,,,,,,,,,,,,,,,,,,,,,,,,,,,,,,,,,,,,,,,,,,,,169,131.4
1787071560,330.62,330.62,330.49,330.49,333.24,330.45,,,,,,,,,,,,,,,,,,,,,,,,,,,,,,,,,,,,,,,,,,,,,,,,,,,,42,118
1787071680,330.45,330.53,330.45,330.53,333.24,330.45,,,,,,,,,,,,,,,,,,,,,,,,,,,,,,,,,,,,,,,,,,,,,,,,,,,,81,121.35
1787071740,330.55,330.55,330.465,330.465,333.24,330.45,,,,,,,,,,,,,,,,,,,,,,,,,,,,,,,,,,,,,,,,,,,,,,,,,,,,42,122.7
1787071860,330.48,330.48,330.465,330.48,333.24,330.45,,,,,,,,,,,,,,,,,,,,,,,,,,,,,,,,,,,,,,,,,,,,,,,,,,,,139,110.75
1787072040,330.36,330.47,330.35,330.47,333.24,330.45,,,,,,,,,,,,,,,,,,,,,,,,,,,,,,,,,,,,,,,,,,,,,,,,,,,,81,92.75
1787072160,330.44,330.44,330.43,330.43,333.24,330.45,,,,,,,,,,,,,,,,,,,,,,,,,,,,,,,,,,,,,,,,,,,,,,,,,,,,110,96.25
1787072280,330.35,330.39,330.3,330.39,333.24,330.45,,,,,,,,,,,,,,,,,,,,,,,,,,,,,,,,,,,,,,,,,,,,,,,,,,,,34,83.15
1787072340,330.15,330.18,329.89,329.99,333.24,330.45,,,,,,,,,,,,,,,,,,,,,,,,,,,,,,,,,,,,,,,,,,,,,,,,,,,,320,98.2
1787072400,329.79,329.79,329.66,329.75,333.24,330.45,,,,,,,,,,,,,,,,,,,,,,,,,,,,,,,,,,,,,,,,,,,,,,,,,,,,214,105.2
1787072460,329.6,329.83,329.6,329.8,333.24,330.45,,,,,,,,,,,,,,,,,,,,,,,,,,,,,,,,,,,,,,,,,,,,,,,,,,,,320,121.1
1787072520,329.85,329.85,329.85,329.85,333.24,330.45,,,,,,,,,,,,,,,,,,,,,,,,,,,,,,,,,,,,,,,,,,,,,,,,,,,,81,124.35
1787072640,329.87,329.93,329.83,329.88,333.24,330.45,,,,,,,,,,,,,,,,,,,,,,,,,,,,,,,,,,,,,,,,,,,,,,,,,,,,691,158.3
1787072700,329.87,329.87,329.87,329.87,333.24,330.45,,,,,,,,,,,,,,,,,,,,,,,,,,,,,,,,,,,,,,,,,,,,,,,,,,,,66,161.35
1787072760,329.9,329.95,329.9,329.92,333.24,330.45,,,,,,,,,,,,,,,,,,,,,,,,,,,,,,,,,,,,,,,,,,,,,,,,,,,,57,159.95
1787072820,329.96,329.96,329.96,329.96,333.24,330.45,,,,,,,,,,,,,,,,,,,,,,,,,,,,,,,,,,,,,,,,,,,,,,,,,,,,17,150.35
1787072880,330.01,330.1,330.01,330.1,333.24,330.45,,,,,,,,,,,,,,,,,,,,,,,,,,,,,,,,,,,,,,,,,,,,,,,,,,,,96,139.25
1787072940,330.05,330.05,330.05,330.05,333.24,330.45,,,,,,,,,,,,,,,,,,,,,,,,,,,,,,,,,,,,,,,,,,,,,,,,,,,,2,136.8
1787073000,329.93,329.99,329.7,329.99,333.24,330.45,,,,,,,,,,,,,,,,,,,,,,,,,,,,,,,,,,,,,,,,,,,,,,,,,,,,289,142.7
1787073060,330.04,330.04,330.04,330.04,333.24,330.45,,,,,,,,,,,,,,,,,,,,,,,,,,,,,,,,,,,,,,,,,,,,,,,,,,,,42,144.65
1787073120,330.15,330.15,330.06,330.06,333.24,330.45,,,,,,,,,,,,,,,,,,,,,,,,,,,,,,,,,,,,,,,,,,,,,,,,,,,,72,139.8
1787073180,329.96,329.96,329.95,329.95,333.24,330.45,,,,,,,,,,,,,,,,,,,,,,,,,,,,,,,,,,,,,,,,,,,,,,,,,,,,2,137.8
1787073240,330.02,330.02,330.01,330.01,333.24,330.45,,,,,,,,,,,,,,,,,,,,,,,,,,,,,,,,,,,,,,,,,,,,,,,,,,,,14,134.45
1787073360,329.93,329.93,329.93,329.93,333.24,330.45,,,,,,,,,,,,,,,,,,,,,,,,,,,,,,,,,,,,,,,,,,,,,,,,,,,,15,133.1
1787073420,329.95,329.95,329.95,329.95,333.24,330.45,,,,,,,,,,,,,,,,,,,,,,,,,,,,,,,,,,,,,,,,,,,,,,,,,,,,3,126.3
1787073480,330.01,330.105,330.01,330.1,333.24,330.45,,,,,,,,,,,,,,,,,,,,,,,,,,,,,,,,,,,,,,,,,,,,,,,,,,,,80,126.25
1787073600,329.93,329.93,329.81,329.81,333.24,330.45,,,,,,,,,,,,,,,,,,,,,,,,,,,,,,,,,,,,,,,,,,,,,,,,,,,,26,122.05
1787073660,329.8,329.8,329.8,329.8,333.24,330.45,,,,,,,,,,,,,,,,,,,,,,,,,,,,,,,,,,,,,,,,,,,,,,,,,,,,2,120.45
1787073780,329.68,329.68,329.65,329.65,333.24,330.45,,,,,,,,,,,,,,,,,,,,,,,,,,,,,,,,,,,,,,,,,,,,,,,,,,,,156,112.25
1787073840,329.73,329.74,329.62,329.62,333.24,330.45,,,,,,,,,,,,,,,,,,,,,,,,,,,,,,,,,,,,,,,,,,,,,,,,,,,,24,102.75
1787073900,329.75,329.78,329.75,329.78,333.24,330.45,,,,,,,,,,,,,,,,,,,,,,,,,,,,,,,,,,,,,,,,,,,,,,,,,,,,143,93.9
1787074080,329.81,329.97,329.81,329.97,333.24,330.45,,,,,,,,,,,,,,,,,,,,,,,,,,,,,,,,,,,,,,,,,,,,,,,,,,,,127,96.2
1787074140,329.85,329.85,329.85,329.85,333.24,330.45,,,,,,,,,,,,,,,,,,,,,,,,,,,,,,,,,,,,,,,,,,,,,,,,,,,,2,61.75
1787074200,329.95,329.95,329.95,329.95,333.24,330.45,,,,,,,,,,,,,,,,,,,,,,,,,,,,,,,,,,,,,,,,,,,,,,,,,,,,1,58.5
1787074260,329.94,330.12,329.94,330.12,333.24,330.45,,,,,,,,,,,,,,,,,,,,,,,,,,,,,,,,,,,,,,,,,,,,,,,,,,,,115,61.4
1787074320,330.11,330.11,330.02,330.02,333.24,330.45,,,,,,,,,,,,,,,,,,,,,,,,,,,,,,,,,,,,,,,,,,,,,,,,,,,,95,65.3
1787074380,329.98,330.01,329.78,329.78,333.24,330.45,,,,,,,,,,,,,,,,,,,,,,,,,,,,,,,,,,,,,,,,,,,,,,,,,,,,88,64.9
1787074440,329.92,330.1,329.92,330.1,333.24,330.45,,,,,,,,,,,,,,,,,,,,,,,,,,,,,,,,,,,,,,,,,,,,,,,,,,,,163,72.95
1787074500,330.12,330.14,330.02,330.02,333.24,330.45,,,,,,,,,,,,,,,,,,,,,,,,,,,,,,,,,,,,,,,,,,,,,,,,,,,,128,64.9
1787074560,329.89,329.89,329.89,329.89,333.24,330.45,,,,,,,,,,,,,,,,,,,,,,,,,,,,,,,,,,,,,,,,,,,,,,,,,,,,17,63.65
1787074620,330.09,330.12,330.08,330.12,333.24,330.45,,,,,,,,,,,,,,,,,,,,,,,,,,,,,,,,,,,,,,,,,,,,,,,,,,,,77,63.9
1787074680,330.11,330.22,330.11,330.22,333.24,330.45,,,,,,,,,,,,,,,,,,,,,,,,,,,,,,,,,,,,,,,,,,,,,,,,,,,,167,72.15
1787074740,330.28,330.4,330.28,330.4,333.24,330.45,,,,,,,,,,,,,,,,,,,,,,,,,,,,,,,,,,,,,,,,,,,,,,,,,,,,5,71.7
1787074800,330.31,330.31,330.21,330.21,333.24,330.45,,,,,,,,,,,,,,,,,,,,,,,,,,,,,,,,,,,,,,,,,,,,,,,,,,,,432,92.55
1787074860,330.27,330.27,330.02,330.02,333.24,330.45,,,,,,,,,,,,,,,,,,,,,,,,,,,,,,,,,,,,,,,,,,,,,,,,,,,,51,94.95
1787075040,329.97,329.98,329.97,329.98,333.24,330.45,,,,,,,,,,,,,,,,,,,,,,,,,,,,,,,,,,,,,,,,,,,,,,,,,,,,158,98.85
1787075160,329.95,329.95,329.95,329.95,333.24,330.45,,,,,,,,,,,,,,,,,,,,,,,,,,,,,,,,,,,,,,,,,,,,,,,,,,,,9,98
1787075280,329.94,330.09,329.93,330.09,333.24,330.45,,,,,,,,,,,,,,,,,,,,,,,,,,,,,,,,,,,,,,,,,,,,,,,,,,,,417,118.75
1787075340,330.1,330.13,330.1,330.13,333.24,330.45,,,,,,,,,,,,,,,,,,,,,,,,,,,,,,,,,,,,,,,,,,,,,,,,,,,,34,112.65
1787075400,330.03,330.04,329.8,329.81,333.24,330.45,,,,,,,,,,,,,,,,,,,,,,,,,,,,,,,,,,,,,,,,,,,,,,,,,,,,186,120.75
1787075520,329.81,329.81,329.81,329.81,333.24,330.45,,,,,,,,,,,,,,,,,,,,,,,,,,,,,,,,,,,,,,,,,,,,,,,,,,,,4,113.8
1787075580,329.84,329.84,329.84,329.84,333.24,330.45,,,,,,,,,,,,,,,,,,,,,,,,,,,,,,,,,,,,,,,,,,,,,,,,,,,,40,109.45
1787075640,329.91,330.05,329.91,330.05,333.24,330.45,,,,,,,,,,,,,,,,,,,,,,,,,,,,,,,,,,,,,,,,,,,,,,,,,,,,88,113.75
1787075760,330.09,330.09,330.02,330.02,333.24,330.45,,,,,,,,,,,,,,,,,,,,,,,,,,,,,,,,,,,,,,,,,,,,,,,,,,,,36,115.5
1787075820,330.08,330.08,330.08,330.08,333.24,330.45,,,,,,,,,,,,,,,,,,,,,,,,,,,,,,,,,,,,,,,,,,,,,,,,,,,,114,115.45
1787075880,330,330,329.95,329.95,333.24,330.45,,,,,,,,,,,,,,,,,,,,,,,,,,,,,,,,,,,,,,,,,,,,,,,,,,,,17,111.55
1787075940,330.04,330.05,330.02,330.05,333.24,330.45,,,,,,,,,,,,,,,,,,,,,,,,,,,,,,,,,,,,,,,,,,,,,,,,,,,,138,114.05
1787076000,330.05,330.05,330,330,333.24,330.45,,,,,,,,,,,,,,,,,,,,,,,,,,,,,,,,,,,,,,,,,,,,,,,,,,,,86,110.2
1787076060,329.98,329.98,329.86,329.86,333.24,330.45,,,,,,,,,,,,,,,,,,,,,,,,,,,,,,,,,,,,,,,,,,,,,,,,,,,,636,135.6
1787076180,329.84,329.91,329.8,329.91,333.24,330.45,,,,,,,,,,,,,,,,,,,,,,,,,,,,,,,,,,,,,,,,,,,,,,,,,,,,243,146.9
1787076240,329.98,329.98,329.98,329.98,333.24,330.45,,,,,,,,,,,,,,,,,,,,,,,,,,,,,,,,,,,,,,,,,,,,,,,,,,,,23,144.2
1787076300,330.04,330.08,330.03,330.03,333.24,330.45,,,,,,,,,,,,,,,,,,,,,,,,,,,,,,,,,,,,,,,,,,,,,,,,,,,,54,138.55
1787076420,329.93,329.94,329.89,329.89,333.24,330.45,,,,,,,,,,,,,,,,,,,,,,,,,,,,,,,,,,,,,,,,,,,,,,,,,,,,146,145.6
1787076540,329.89,329.91,329.79,329.91,333.24,330.45,,,,,,,,,,,,,,,,,,,,,,,,,,,,,,,,,,,,,,,,,,,,,,,,,,,,242,136.1
1787076600,329.94,329.95,329.94,329.95,333.24,330.45,,,,,,,,,,,,,,,,,,,,,,,,,,,,,,,,,,,,,,,,,,,,,,,,,,,,31,135.1
1787076660,330,330.17,330,330.14,333.24,330.45,,,,,,,,,,,,,,,,,,,,,,,,,,,,,,,,,,,,,,,,,,,,,,,,,,,,135,133.95
1787076720,330.1,330.14,329.88,330.05,333.24,330.45,,,,,,,,,,,,,,,,,,,,,,,,,,,,,,,,,,,,,,,,,,,,,,,,,,,,822,174.6
1787076780,330.13,330.13,330.13,330.13,333.24,330.45,,,,,,,,,,,,,,,,,,,,,,,,,,,,,,,,,,,,,,,,,,,,,,,,,,,,2,153.85
1787076840,330.19,330.2,330.18,330.2,333.24,330.45,,,,,,,,,,,,,,,,,,,,,,,,,,,,,,,,,,,,,,,,,,,,,,,,,,,,70,155.65
1787076900,330.23,330.35,330.23,330.35,333.24,330.45,,,,,,,,,,,,,,,,,,,,,,,,,,,,,,,,,,,,,,,,,,,,,,,,,,,,18,147.25
1787076960,330.31,330.36,330.31,330.31,333.24,330.45,,,,,,,,,,,,,,,,,,,,,,,,,,,,,,,,,,,,,,,,,,,,,,,,,,,,87,151.4
1787077020,330.46,330.46,330.43,330.46,333.24,330.45,,,,,,,,,,,,,,,,,,,,,,,,,,,,,,,,,,,,,,,,,,,,,,,,,,,,75,153.15
1787077140,330.21,330.21,330.16,330.16,333.24,330.45,,,,,,,,,,,,,,,,,,,,,,,,,,,,,,,,,,,,,,,,,,,,,,,,,,,,16,149.55
1787077200,330.1,330.125,330.1,330.125,333.24,330.45,,,,,,,,,,,,,,,,,,,,,,,,,,,,,,,,,,,,,,,,,,,,,,,,,,,,17,148.6
1787077260,330.18,330.19,330.13,330.13,333.24,330.45,,,,,,,,,,,,,,,,,,,,,,,,,,,,,,,,,,,,,,,,,,,,,,,,,,,,192,152.5
1787077320,330.05,330.05,330.05,330.05,333.24,330.45,,,,,,,,,,,,,,,,,,,,,,,,,,,,,,,,,,,,,,,,,,,,,,,,,,,,160,159.65
1787077380,330.03,330.03,330.025,330.03,333.24,330.45,,,,,,,,,,,,,,,,,,,,,,,,,,,,,,,,,,,,,,,,,,,,,,,,,,,,141,159.8
1787077440,330.07,330.07,329.99,329.99,333.24,330.45,,,,,,,,,,,,,,,,,,,,,,,,,,,,,,,,,,,,,,,,,,,,,,,,,,,,382,174.6
1787077500,329.99,329.99,329.99,329.99,333.24,330.45,,,,,,,,,,,,,,,,,,,,,,,,,,,,,,,,,,,,,,,,,,,,,,,,,,,,40,144.8
1787077560,330,330.09,330,330.085,333.24,330.45,,,,,,,,,,,,,,,,,,,,,,,,,,,,,,,,,,,,,,,,,,,,,,,,,,,,364,150.85
1787077680,330.06,330.07,330.06,330.07,333.24,330.45,,,,,,,,,,,,,,,,,,,,,,,,,,,,,,,,,,,,,,,,,,,,,,,,,,,,28,151.1
1787077740,330.05,330.05,330.05,330.05,333.24,330.45,,,,,,,,,,,,,,,,,,,,,,,,,,,,,,,,,,,,,,,,,,,,,,,,,,,,100,153.4
1787077860,330.08,330.08,330.08,330.08,333.24,330.45,,,,,,,,,,,,,,,,,,,,,,,,,,,,,,,,,,,,,,,,,,,,,,,,,,,,64,149.3
1787077920,330.12,330.12,330.08,330.09,333.24,330.45,,,,,,,,,,,,,,,,,,,,,,,,,,,,,,,,,,,,,,,,,,,,,,,,,,,,6,137.5
1787078040,330.09,330.19,330.08,330.19,333.24,330.45,,,,,,,,,,,,,,,,,,,,,,,,,,,,,,,,,,,,,,,,,,,,,,,,,,,,222,147.05
1787078100,330.27,330.35,330.27,330.35,333.24,330.45,,,,,,,,,,,,,,,,,,,,,,,,,,,,,,,,,,,,,,,,,,,,,,,,,,,,88,144.7
1787078160,330.38,330.4,330.2,330.33,333.24,330.45,,,,,,,,,,,,,,,,,,,,,,,,,,,,,,,,,,,,,,,,,,,,,,,,,,,,561,131.65
1787078220,330.33,330.33,330.33,330.33,333.24,330.45,,,,,,,,,,,,,,,,,,,,,,,,,,,,,,,,,,,,,,,,,,,,,,,,,,,,1,131.6
1787078280,330.35,330.35,330.35,330.35,333.24,330.45,,,,,,,,,,,,,,,,,,,,,,,,,,,,,,,,,,,,,,,,,,,,,,,,,,,,2,128.2
1787078340,330.35,330.36,330.15,330.15,333.24,330.45,,,,,,,,,,,,,,,,,,,,,,,,,,,,,,,,,,,,,,,,,,,,,,,,,,,,548,154.7
1787078520,330.07,330.23,330.07,330.17,333.24,330.45,,,,,,,,,,,,,,,,,,,,,,,,,,,,,,,,,,,,,,,,,,,,,,,,,,,,286,164.65
1787078580,330.26,330.26,330.26,330.26,333.24,330.45,,,,,,,,,,,,,,,,,,,,,,,,,,,,,,,,,,,,,,,,,,,,,,,,,,,,17,161.75
1787078700,330.19,330.32,330.19,330.32,333.24,330.45,,,,,,,,,,,,,,,,,,,,,,,,,,,,,,,,,,,,,,,,,,,,,,,,,,,,81,165
1787078880,330.38,330.39,330.12,330.125,333.24,330.45,,,,,,,,,,,,,,,,,,,,,,,,,,,,,,,,,,,,,,,,,,,,,,,,,,,,1024,215.35
1787078940,330.09,330.13,330,330.13,333.24,330.45,,,,,,,,,,,,,,,,,,,,,,,,,,,,,,,,,,,,,,,,,,,,,,,,,,,,204,215.95
1787079060,330.01,330.01,329.92,329.92,333.24,330.45,,,,,,,,,,,,,,,,,,,,,,,,,,,,,,,,,,,,,,,,,,,,,,,,,,,,23,209.1
1787079120,329.86,329.86,329.86,329.86,333.24,330.45,,,,,,,,,,,,,,,,,,,,,,,,,,,,,,,,,,,,,,,,,,,,,,,,,,,,8,202.45
1787079180,329.9,329.95,329.9,329.95,333.24,330.45,,,,,,,,,,,,,,,,,,,,,,,,,,,,,,,,,,,,,,,,,,,,,,,,,,,,79,187.3
1787079240,329.98,330.01,329.98,330.01,333.24,330.45,,,,,,,,,,,,,,,,,,,,,,,,,,,,,,,,,,,,,,,,,,,,,,,,,,,,11,185.85
1787079300,329.98,330.04,329.98,330.04,333.24,330.45,,,,,,,,,,,,,,,,,,,,,,,,,,,,,,,,,,,,,,,,,,,,,,,,,,,,49,170.1
1787079360,329.92,329.92,329.72,329.72,333.24,330.45,,,,,,,,,,,,,,,,,,,,,,,,,,,,,,,,,,,,,,,,,,,,,,,,,,,,725,204.95
1787079420,329.67,329.67,329.45,329.45,333.24,330.45,,,,,,,,,,,,,,,,,,,,,,,,,,,,,,,,,,,,,,,,,,,,,,,,,,,,1011,250.5
1787079480,329.485,329.54,329.485,329.54,333.24,330.45,,,,,,,,,,,,,,,,,,,,,,,,,,,,,,,,,,,,,,,,,,,,,,,,,,,,154,255
1787079540,329.6,329.72,329.6,329.67,333.24,330.45,,,,,,,,,,,,,,,,,,,,,,,,,,,,,,,,,,,,,,,,,,,,,,,,,,,,214,265.4
1787079720,329.51,329.55,329.51,329.55,333.24,330.45,,,,,,,,,,,,,,,,,,,,,,,,,,,,,,,,,,,,,,,,,,,,,,,,,,,,141,261.35
1787079780,329.6,329.66,329.5,329.5,333.24,330.45,,,,,,,,,,,,,,,,,,,,,,,,,,,,,,,,,,,,,,,,,,,,,,,,,,,,604,287.15
1787079840,329.515,329.515,329.515,329.515,333.24,330.45,,,,,,,,,,,,,,,,,,,,,,,,,,,,,,,,,,,,,,,,,,,,,,,,,,,,4,259.3
1787079900,329.515,329.515,329.515,329.515,333.24,330.45,,,,,,,,,,,,,,,,,,,,,,,,,,,,,,,,,,,,,,,,,,,,,,,,,,,,5,259.5
1787079960,329.52,329.72,329.515,329.72,333.24,330.45,,,,,,,,,,,,,,,,,,,,,,,,,,,,,,,,,,,,,,,,,,,,,,,,,,,,322,275.5
1787080020,329.8,329.8,329.8,329.8,333.24,330.45,,,,,,,,,,,,,,,,,,,,,,,,,,,,,,,,,,,,,,,,,,,,,,,,,,,,7,248.45
1787080080,329.81,329.91,329.81,329.91,333.24,330.45,,,,,,,,,,,,,,,,,,,,,,,,,,,,,,,,,,,,,,,,,,,,,,,,,,,,146,241.45
1787080140,329.85,329.99,329.85,329.99,333.24,330.45,,,,,,,,,,,,,,,,,,,,,,,,,,,,,,,,,,,,,,,,,,,,,,,,,,,,355,258.35
1787080200,329.9,330,329.9,329.94,333.24,330.45,,,,,,,,,,,,,,,,,,,,,,,,,,,,,,,,,,,,,,,,,,,,,,,,,,,,309,269.75
1787080260,329.88,329.88,329.71,329.71,333.24,330.45,,,,,,,,,,,,,,,,,,,,,,,,,,,,,,,,,,,,,,,,,,,,,,,,,,,,673,252.2
1787080320,329.55,329.56,329.44,329.44,333.24,330.45,,,,,,,,,,,,,,,,,,,,,,,,,,,,,,,,,,,,,,,,,,,,,,,,,,,,257,254.85
1787080380,329.43,329.49,329.43,329.49,333.24,330.45,,,,,,,,,,,,,,,,,,,,,,,,,,,,,,,,,,,,,,,,,,,,,,,,,,,,8,254.1
1787080440,329.39,329.47,329.39,329.39,333.24,330.45,,,,,,,,,,,,,,,,,,,,,,,,,,,,,,,,,,,,,,,,,,,,,,,,,,,,192,263.3
1787080500,329.315,329.45,329.315,329.45,333.24,330.45,,,,,,,,,,,,,,,,,,,,,,,,,,,,,,,,,,,,,,,,,,,,,,,,,,,,251,271.9
1787080560,329.54,329.56,329.54,329.55,333.24,330.45,,,,,,,,,,,,,,,,,,,,,,,,,,,,,,,,,,,,,,,,,,,,,,,,,,,,153,279
1787080620,329.57,329.57,329.55,329.55,333.24,330.45,,,,,,,,,,,,,,,,,,,,,,,,,,,,,,,,,,,,,,,,,,,,,,,,,,,,124,282.75
1787080680,329.62,329.62,329.41,329.465,333.24,330.45,,,,,,,,,,,,,,,,,,,,,,,,,,,,,,,,,,,,,,,,,,,,,,,,,,,,570,275
1787080740,329.38,329.39,329.33,329.35,333.24,330.45,,,,,,,,,,,,,,,,,,,,,,,,,,,,,,,,,,,,,,,,,,,,,,,,,,,,323,240.6
1787080800,329.26,329.26,329.06,329.19,333.24,330.45,,,,,,,,,,,,,,,,,,,,,,,,,,,,,,,,,,,,,,,,,,,,,,,,,,,,426,254.2
1787080860,329.125,329.215,329.125,329.215,333.24,330.45,,,,,,,,,,,,,,,,,,,,,,,,,,,,,,,,,,,,,,,,,,,,,,,,,,,,87,247.85
1787080920,329.29,329.4,329.29,329.4,333.24,330.45,,,,,,,,,,,,,,,,,,,,,,,,,,,,,,,,,,,,,,,,,,,,,,,,,,,,87,245.15
1787081040,329.345,329.45,329.345,329.45,333.24,330.45,,,,,,,,,,,,,,,,,,,,,,,,,,,,,,,,,,,,,,,,,,,,,,,,,,,,62,218.05
1787081100,329.46,329.7,329.46,329.7,333.24,330.45,,,,,,,,,,,,,,,,,,,,,,,,,,,,,,,,,,,,,,,,,,,,,,,,,,,,160,225.85
1787081160,329.6,329.6,329.49,329.55,333.24,330.45,,,,,,,,,,,,,,,,,,,,,,,,,,,,,,,,,,,,,,,,,,,,,,,,,,,,524,251.8
1787081220,329.515,329.77,329.515,329.62,333.24,330.45,,,,,,,,,,,,,,,,,,,,,,,,,,,,,,,,,,,,,,,,,,,,,,,,,,,,197,245.55
1787081280,329.63,329.63,329.51,329.58,333.24,330.45,,,,,,,,,,,,,,,,,,,,,,,,,,,,,,,,,,,,,,,,,,,,,,,,,,,,91,249.75
1787081340,329.52,329.53,329.44,329.51,333.24,330.45,,,,,,,,,,,,,,,,,,,,,,,,,,,,,,,,,,,,,,,,,,,,,,,,,,,,617,273.3
1787081400,329.44,329.47,329.41,329.47,333.24,330.45,,,,,,,,,,,,,,,,,,,,,,,,,,,,,,,,,,,,,,,,,,,,,,,,,,,,44,257.75
1787081460,329.48,329.52,329.32,329.32,333.24,330.45,,,,,,,,,,,,,,,,,,,,,,,,,,,,,,,,,,,,,,,,,,,,,,,,,,,,683,276.45
1787081520,329.35,329.35,329.35,329.35,333.24,330.45,,,,,,,,,,,,,,,,,,,,,,,,,,,,,,,,,,,,,,,,,,,,,,,,,,,,100,247.8
1787081580,329.43,329.45,329.43,329.45,333.24,330.45,,,,,,,,,,,,,,,,,,,,,,,,,,,,,,,,,,,,,,,,,,,,,,,,,,,,194,244.65
1787081700,329.45,329.46,329.2,329.215,333.24,330.45,,,,,,,,,,,,,,,,,,,,,,,,,,,,,,,,,,,,,,,,,,,,,,,,,,,,1036,296.05
1787081760,329.28,329.38,329.28,329.38,333.24,330.45,,,,,,,,,,,,,,,,,,,,,,,,,,,,,,,,,,,,,,,,,,,,,,,,,,,,139,293.4
1787081820,329.32,329.37,329.22,329.23,333.24,330.45,,,,,,,,,,,,,,,,,,,,,,,,,,,,,,,,,,,,,,,,,,,,,,,,,,,,565,309.1
1787081880,329.21,329.22,329.17,329.17,333.24,330.45,,,,,,,,,,,,,,,,,,,,,,,,,,,,,,,,,,,,,,,,,,,,,,,,,,,,266,314.75
1787081940,329.13,329.13,328.73,328.8,333.24,330.45,,,,,,,,,,,,,,,,,,,,,,,,,,,,,,,,,,,,,,,,,,,,,,,,,,,,612,339.15
1787082000,328.79,328.79,328.48,328.48,333.24,330.45,,,,,,,,,,,,,,,,,,,,,,,,,,,,,,,,,,,,,,,,,,,,,,,,,,,,462,333.75
1787082060,328.48,328.49,328.32,328.32,333.24,330.45,,,,,,,,,,,,,,,,,,,,,,,,,,,,,,,,,,,,,,,,,,,,,,,,,,,,328,334
1787082120,328.24,328.24,328.03,328.11,333.24,330.45,,,,,,,,,,,,,,,,,,,,,,,,,,,,,,,,,,,,,,,,,,,,,,,,,,,,307,328.05
1787082180,328.12,328.19,328.04,328.17,333.24,330.45,,,,,,,,,,,,,,,,,,,,,,,,,,,,,,,,,,,,,,,,,,,,,,,,,,,,438,345.6
1787082240,328.08,328.2,328.06,328.12,333.24,330.45,,,,,,,,,,,,,,,,,,,,,,,,,,,,,,,,,,,,,,,,,,,,,,,,,,,,331,357.8
1787082300,328.24,328.38,328.22,328.22,333.24,330.45,,,,,,,,,,,,,,,,,,,,,,,,,,,,,,,,,,,,,,,,,,,,,,,,,,,,1262,417.8
1787082360,328.28,328.285,328.18,328.18,333.24,330.45,,,,,,,,,,,,,,,,,,,,,,,,,,,,,,,,,,,,,,,,,,,,,,,,,,,,147,417.15
1787082420,328.17,328.48,328.17,328.37,333.24,330.45,,,,,,,,,,,,,,,,,,,,,,,,,,,,,,,,,,,,,,,,,,,,,,,,,,,,1280,454.95
1787082480,328.5,328.52,328.31,328.47,333.24,330.45,,,,,,,,,,,,,,,,,,,,,,,,,,,,,,,,,,,,,,,,,,,,,,,,,,,,400,465.1
1787082540,328.35,328.42,328.31,328.31,333.24,330.45,,,,,,,,,,,,,,,,,,,,,,,,,,,,,,,,,,,,,,,,,,,,,,,,,,,,389,480
1787082600,328.31,328.5,328.2,328.24,333.24,330.45,,,,,,,,,,,,,,,,,,,,,,,,,,,,,,,,,,,,,,,,,,,,,,,,,,,,800,489.15
1787082660,328.18,328.41,328.18,328.33,333.24,330.45,,,,,,,,,,,,,,,,,,,,,,,,,,,,,,,,,,,,,,,,,,,,,,,,,,,,1114,542.65
1787082720,328.44,328.45,328.39,328.39,333.24,330.45,,,,,,,,,,,,,,,,,,,,,,,,,,,,,,,,,,,,,,,,,,,,,,,,,,,,610,539
1787082780,328.43,328.55,328.26,328.49,333.24,330.45,,,,,,,,,,,,,,,,,,,,,,,,,,,,,,,,,,,,,,,,,,,,,,,,,,,,2336,650.8
1787082840,328.4,328.46,328.3,328.39,333.24,330.45,,,,,,,,,,,,,,,,,,,,,,,,,,,,,,,,,,,,,,,,,,,,,,,,,,,,2017,741.95
1787082900,328.36,328.37,328.14,328.21,333.24,330.45,,,,,,,,,,,,,,,,,,,,,,,,,,,,,,,,,,,,,,,,,,,,,,,,,,,,2034,791.85
1787082960,328.24,328.43,328.16,328.16,333.24,330.45,,,,,,,,,,,,,,,,,,,,,,,,,,,,,,,,,,,,,,,,,,,,,,,,,,,,1040,836.9
1787083020,328.25,328.4,328.18,328.28,333.24,330.45,,,,,,,,,,,,,,,,,,,,,,,,,,,,,,,,,,,,,,,,,,,,,,,,,,,,1346,875.95
1787083080,328.36,328.47,328.24,328.46,333.24,330.45,,,,,,,,,,,,,,,,,,,,,,,,,,,,,,,,,,,,,,,,,,,,,,,,,,,,4682,1096.75
1787083140,328.45,328.55,328.19,328.37,333.24,330.45,,,1,25,1,1787061480000,333.28,333.24,330.45,2.7900000000000205,0.41023368337206206,0.2610417666826706,1.5752520403264525,2,1787061660000,2,0,,,,0,0,0,0,0,,,,0,0,0,0,0,,,,0,0,0,0,0,,,,0,0,0,0,,-1,25,8610,1496.65
1787146200,330.21,331,330.21,331,331,330.21,,,,,,,,,,,,,,,,,,,,,,,,,,,,,,,,,,,,,,,,,,,,,,,,,,,,180,1482.55
1787146260,331,332.74,331,331.99,332.74,330.21,,,,,,,,,,,,,,,,,,,,,,,,,,,,,,,,,,,,,,,,,,,,,,,,,,,,528,1492.55
1787146320,331.85,332.2,331.78,332.2,332.74,330.21,,,,,,,,,,,,,,,,,,,,,,,,,,,,,,,,,,,,,,,,,,,,,,,,,,,,269,1490.65
1787146380,331.98,332.04,331.425,331.425,332.74,330.21,,,,,,,,,,,,,,,,,,,,,,,,,,,,,,,,,,,,,,,,,,,,,,,,,,,,266,1482.05
1787146440,331.8,332.05,331.52,332.05,332.74,330.21,,,,,,,,,,,,,,,,,,,,,,,,,,,,,,,,,,,,,,,,,,,,,,,,,,,,827,1506.85
1787146500,332.32,332.32,332.32,332.32,332.74,330.21,,,,,,,,,,,,,,,,,,,,,,,,,,,,,,,,,,,,,,,,,,,,,,,,,,,,40,1445.75
1787146560,332.1,333.19,332.1,332.91,333.19,330.21,,,,,,,,,,,,,,,,,,,,,,,,,,,,,,,,,,,,,,,,,,,,,,,,,,,,374,1457.1
1787146620,332.75,333.22,332.75,333.22,333.22,330.21,,,,,,,,,,,,,,,,,,,,,,,,,,,,,,,,,,,,,,,,,,,,,,,,,,,,200,1403.1
1787146680,333.48,333.55,333.42,333.42,333.55,330.21,,,,,,,,,,,,,,,,,,,,,,,,,,,,,,,,,,,,,,,,,,,,,,,,,,,,250,1395.6
1787146740,333.27,333.71,333.25,333.54,333.71,330.21,,,,,,,,,,,,,,,,,,,,,,,,,,,,,,,,,,,,,,,,,,,,,,,,,,,,121,1382.2
1787146800,333.98,334,333.73,333.73,334,330.21,,,,,,,,,,,,,,,,,,,,,,,,,,,,,,,,,,,,,,,,,,,,,,,,,,,,371,1360.75
1787146860,334.13,334.5,334.13,334.5,334.5,330.21,,,,,,,,,,,,,,,,,,,,,,,,,,,,,,,,,,,,,,,,,,,,,,,,,,,,178,1313.95
1787146920,334.99,335.83,334.99,335.82,335.83,330.21,,,,,,,,,,,,,,,,,,,,,,,,,,,,,,,,,,,,,,,,,,,,,,,,,,,,632,1315.05
1787146980,335.78,335.78,335.5,335.64,335.83,330.21,,,,,,,,,,,,,,,,,,,,,,,,,,,,,,,,,,,,,,,,,,,,,,,,,,,,437,1220.1
1787147040,335.57,335.84,335.25,335.84,335.84,330.21,,,,,,,,,,,,,,,,,,,,,,,,,,,,,,,,,,,,,,,,,,,,,,,,,,,,273,1132.9
1787147100,335.91,336.1,335.57,336.1,335.84,330.21,,,,,,,,,,,,,,,,,,,,,,,,,,,,,,,,,,,,,,,,,,,,,,,,,,,,1555,1108.95
1787147160,335.94,336.35,335.69,335.7,335.84,330.21,,,,,,,,,,,,,,,,,,,,,,,,,,,,,,,,,,,,,,,,,,,,,,,,,,,,462,1080.05
1787147220,335.74,335.75,335.47,335.47,335.84,330.21,,,,,,,,,,,,,,,,,,,,,,,,,,,,,,,,,,,,,,,,,,,,,,,,,,,,87,1017.1
1787147280,335.15,335.15,335.11,335.11,335.84,330.21,,,,,,,,,,,,,,,,,,,,,,,,,,,,,,,,,,,,,,,,,,,,,,,,,,,,20,784
1787147340,335.39,335.39,335.39,335.39,335.84,330.21,,,,,,,,,,,,,,,,,,,,,,,,,,,,,,,,,,,,,,,,,,,,,,,,,,,,1,353.55
1787147400,334.57,334.87,334.5,334.87,335.84,330.21,,,,,,,,,,,,,,,,,,,,,,,,,,,,,,,,,,,,,,,,,,,,,,,,,,,,47,346.9
1787147460,334.84,335.1,334.84,335.1,335.84,330.21,,,,,,,,,,,,,,,,,,,,,,,,,,,,,,,,,,,,,,,,,,,,,,,,,,,,290,335
1787147520,335.47,335.52,335.22,335.52,335.84,330.21,,,,,,,,,,,,,,,,,,,,,,,,,,,,,,,,,,,,,,,,,,,,,,,,,,,,226,332.85
1787147580,335.87,336.46,335.575,336.46,335.84,330.21,,,,,,,,,,,,,,,,,,,,,,,,,,,,,,,,,,,,,,,,,,,,,,,,,,,,251,332.1
1787147640,336.84,337.37,336.77,337.37,335.84,330.21,,,,,,,,,,,,,,,,,,,,,,,,,,,,,,,,,,,,,,,,,,,,,,,,,,,,210,301.25
1787147700,337.5,337.75,337.5,337.53,335.84,330.21,,,,,,,,,,,,,,,,,,,,,,,,,,,,,,,,,,,,,,,,,,,,,,,,,,,,236,311.05
1787147760,337.55,337.89,337.44,337.77,335.84,330.21,,,,,,,,,,,,,,,,,,,,,,,,,,,,,,,,,,,,,,,,,,,,,,,,,,,,1265,355.6
1787147820,337.86,337.88,337.4,337.54,335.84,330.21,,,,,,,,,,,,,,,,,,,,,,,,,,,,,,,,,,,,,,,,,,,,,,,,,,,,1255,408.35
1787147880,337.39,337.66,337.35,337.47,335.84,330.21,,,,,,,,,,,,,,,,,,,,,,,,,,,,,,,,,,,,,,,,,,,,,,,,,,,,108,401.25
1787147940,337.65,337.65,337.43,337.54,335.84,330.21,,,,,,,,,,,,,,,,,,,,,,,,,,,,,,,,,,,,,,,,,,,,,,,,,,,,262,408.3
1787148000,337.64,337.64,336.97,337.39,335.84,330.21,,,,,,,,,,,,,,,,,,,,,,,,,,,,,,,,,,,,,,,,,,,,,,,,,,,,489,414.2
1787148060,337.59,337.635,337.41,337.53,335.84,330.21,,,,,,,,,,,,,,,,,,,,,,,,,,,,,,,,,,,,,,,,,,,,,,,,,,,,268,418.7
1787148120,337.515,337.515,337.28,337.28,335.84,330.21,,,,,,,,,,,,,,,,,,,,,,,,,,,,,,,,,,,,,,,,,,,,,,,,,,,,105,392.35
1787148180,337.31,337.39,336.94,336.94,335.84,330.21,,,,,,,,,,,,,,,,,,,,,,,,,,,,,,,,,,,,,,,,,,,,,,,,,,,,409,390.95
1787148240,336.86,336.98,336.57,336.77,335.84,330.21,,,,,,,,,,,,,,,,,,,,,,,,,,,,,,,,,,,,,,,,,,,,,,,,,,,,657,410.15
1787148300,336.65,337.23,336.63,337.23,335.84,330.21,,,,,,,,,,,,,,,,,,,,,,,,,,,,,,,,,,,,,,,,,,,,,,,,,,,,218,343.3
1787148360,337.28,337.5,337.28,337.4,335.84,330.21,,,,,,,,,,,,,,,,,,,,,,,,,,,,,,,,,,,,,,,,,,,,,,,,,,,,94,324.9
1787148420,337.56,338,337.56,337.79,335.84,330.21,,,,,,,,,,,,,,,,,,,,,,,,,,,,,,,,,,,,,,,,,,,,,,,,,,,,920,366.55
1787148480,337.85,338.02,337.85,337.96,335.84,330.21,,,,,,,,,,,,,,,,,,,,,,,,,,,,,,,,,,,,,,,,,,,,,,,,,,,,507,390.9
1787148540,338.01,338.01,337.54,337.6,335.84,330.21,,,,,,,,,,,,,,,,,,,,,,,,,,,,,,,,,,,,,,,,,,,,,,,,,,,,312,406.45
1787148600,337.66,337.71,337.6,337.6,335.84,330.21,,,,,,,,,,,,,,,,,,,,,,,,,,,,,,,,,,,,,,,,,,,,,,,,,,,,181,413.15
1787148660,337.47,337.47,337.19,337.19,335.84,330.21,,,,,,,,,,,,,,,,,,,,,,,,,,,,,,,,,,,,,,,,,,,,,,,,,,,,390,418.15
1787148720,336.51,336.76,336.51,336.51,335.84,330.21,,,,,,,,,,,,,,,,,,,,,,,,,,,,,,,,,,,,,,,,,,,,,,,,,,,,111,412.4
1787148780,336.51,336.6,336.395,336.395,335.84,330.21,,,,,,,,,,,,,,,,,,,,,,,,,,,,,,,,,,,,,,,,,,,,,,,,,,,,307,415.2
1787148840,336.66,336.82,336.23,336.26,335.84,330.21,,,,,,,,,,,,,,,,,,,,,,,,,,,,,,,,,,,,,,,,,,,,,,,,,,,,536,431.5
1787148960,336.31,336.55,336.22,336.22,335.84,330.21,,,,,,,,,,,,,,,,,,,,,,,,,,,,,,,,,,,,,,,,,,,,,,,,,,,,399,439.65
1787149020,336.22,336.22,335.75,335.75,335.84,330.21,,,,,,,,,,,,,,,,,,,,,,,,,,,,,,,,,,,,,,,,,,,,,,,,,,,,203,386.55
1787149080,335.94,336.04,335.66,335.98,335.84,330.21,,,,,,,,,,,,,,,,,,,,,,,,,,,,,,,,,,,,,,,,,,,,,,,,,,,,203,333.95
1787149140,336.15,336.28,336.15,336.28,335.84,330.21,,,,,,,,,,,,,,,,,,,,,,,,,,,,,,,,,,,,,,,,,,,,,,,,,,,,68,331.95
1787149260,335.75,335.75,335.67,335.67,335.84,330.21,,,,,,,,,,,,,,,,,,,,,,,,,,,,,,,,,,,,,,,,,,,,,,,,,,,,113,324.5
1787149320,335.92,335.93,335.83,335.83,335.84,330.21,,,,,,,,,,,,,,,,,,,,,,,,,,,,,,,,,,,,,,,,,,,,,,,,,,,,387,319.4
1787149380,335.75,336,335.74,336,335.84,330.21,,,,,,,,,,,,,,,,,,,,,,,,,,,,,,,,,,,,,,,,,,,,,,,,,,,,83,310.15
1787149440,336.03,336.22,336.03,336.22,335.84,330.21,,,,,,,,,,,,,,,,,,,,,,,,,,,,,,,,,,,,,,,,,,,,,,,,,,,,25,306.15
1787149500,336.34,336.34,336.25,336.25,335.84,330.21,,,,,,,,,,,,,,,,,,,,,,,,,,,,,,,,,,,,,,,,,,,,,,,,,,,,6,286
1787149560,336.33,336.33,336.33,336.33,335.84,330.21,,,,,,,,,,,,,,,,,,,,,,,,,,,,,,,,,,,,,,,,,,,,,,,,,,,,3,253.3
1787149620,336.31,336.41,336.31,336.41,335.84,330.21,,,,,,,,,,,,,,,,,,,,,,,,,,,,,,,,,,,,,,,,,,,,,,,,,,,,344,259.6
1787149740,336.37,336.37,336.2,336.2,335.84,330.21,,,,,,,,,,,,,,,,,,,,,,,,,,,,,,,,,,,,,,,,,,,,,,,,,,,,110,260.4
1787149800,336.04,336.09,335.82,335.82,335.84,330.21,,,,,,,,,,,,,,,,,,,,,,,,,,,,,,,,,,,,,,,,,,,,,,,,,,,,101,219.45
1787149860,335.7,336.18,335.61,336.18,335.84,330.21,,,,,,,,,,,,,,,,,,,,,,,,,,,,,,,,,,,,,,,,,,,,,,,,,,,,282,208.2
1787149920,336.13,336.13,336.09,336.09,335.84,330.21,,,,,,,,,,,,,,,,,,,,,,,,,,,,,,,,,,,,,,,,,,,,,,,,,,,,101,197.65
1787150040,336.09,336.09,336.07,336.07,335.84,330.21,,,,,,,,,,,,,,,,,,,,,,,,,,,,,,,,,,,,,,,,,,,,,,,,,,,,25,189.85
1787150160,336.03,336.28,336,336.28,335.84,330.21,,,,,,,,,,,,,,,,,,,,,,,,,,,,,,,,,,,,,,,,,,,,,,,,,,,,349,187.8
1787150220,336.02,336.18,336.02,336.18,335.84,330.21,,,,,,,,,,,,,,,,,,,,,,,,,,,,,,,,,,,,,,,,,,,,,,,,,,,,147,189.6
1787150280,336.19,336.38,336.12,336.38,335.84,330.21,,,,,,,,,,,,,,,,,,,,,,,,,,,,,,,,,,,,,,,,,,,,,,,,,,,,402,194.35
1787150400,336.11,336.11,336.11,336.11,335.84,330.21,,,,,,,,,,,,,,,,,,,,,,,,,,,,,,,,,,,,,,,,,,,,,,,,,,,,2,167.65
1787150460,336.09,336.09,335.94,335.94,335.84,330.21,,,,,,,,,,,,,,,,,,,,,,,,,,,,,,,,,,,,,,,,,,,,,,,,,,,,88,152.1
1787150520,335.71,335.71,335.5,335.5,335.84,330.21,,,,,,,,,,,,,,,,,,,,,,,,,,,,,,,,,,,,,,,,,,,,,,,,,,,,109,147.4
1787150580,335.42,335.42,335.42,335.42,335.84,330.21,,,,,,,,,,,,,,,,,,,,,,,,,,,,,,,,,,,,,,,,,,,,,,,,,,,,8,137.65
1787150640,335.34,335.34,335.34,335.34,335.84,330.21,,,,,,,,,,,,,,,,,,,,,,,,,,,,,,,,,,,,,,,,,,,,,,,,,,,,20,135.25
1787150700,335.24,335.24,334.95,334.95,335.84,330.21,,,,,,,,,,,,,,,,,,,,,,,,,,,,,,,,,,,,,,,,,,,,,,,,,,,,597,159.45
1787150760,334.95,334.99,334.94,334.94,335.84,330.21,,,,,,,,,,,,,,,,,,,,,,,,,,,,,,,,,,,,,,,,,,,,,,,,,,,,232,151.7
1787150820,334.82,334.99,334.76,334.93,335.84,330.21,,,,,,,,,,,,,,,,,,,,,,,,,,,,,,,,,,,,,,,,,,,,,,,,,,,,136,154.35
1787150880,334.81,334.81,334.78,334.78,335.84,330.21,,,,,,,,,,,,,,,,,,,,,,,,,,,,,,,,,,,,,,,,,,,,,,,,,,,,121,159.15
1787150940,334.47,334.67,334.28,334.67,335.84,330.21,,,,,,,,,,,,,,,,,,,,,,,,,,,,,,,,,,,,,,,,,,,,,,,,,,,,662,191.95
1787151000,334.7,334.72,334.7,334.72,335.84,330.21,,,,,,,,,,,,,,,,,,,,,,,,,,,,,,,,,,,,,,,,,,,,,,,,,,,,25,193.05
1787151060,334.71,334.75,334.47,334.47,335.84,330.21,,,,,,,,,,,,,,,,,,,,,,,,,,,,,,,,,,,,,,,,,,,,,,,,,,,,148,183.25
1787151120,334.45,334.45,334.29,334.34,335.84,330.21,,,,,,,,,,,,,,,,,,,,,,,,,,,,,,,,,,,,,,,,,,,,,,,,,,,,46,180.05
1787151180,334.59,334.59,334.11,334.25,335.84,330.21,,,,,,,,,,,,,,,,,,,,,,,,,,,,,,,,,,,,,,,,,,,,,,,,,,,,28,176.4
1787151240,334.25,334.25,333.95,333.95,335.84,330.21,,,,,,,,,,,,,,,,,,,,,,,,,,,,,,,,,,,,,,,,,,,,,,,,,,,,9,162.75
1787151300,333.88,333.98,333.77,333.98,335.84,330.21,,,,,,,,,,,,,,,,,,,,,,,,,,,,,,,,,,,,,,,,,,,,,,,,,,,,179,166.65
1787151360,333.93,333.93,333.93,333.93,335.84,330.21,,,,,,,,,,,,,,,,,,,,,,,,,,,,,,,,,,,,,,,,,,,,,,,,,,,,30,166.9
1787151420,333.77,333.78,333.75,333.75,335.84,330.21,,,,,,,,,,,,,,,,,,,,,,,,,,,,,,,,,,,,,,,,,,,,,,,,,,,,60,152.45
1787151480,333.91,334,333.91,334,335.84,330.21,,,,,,,,,,,,,,,,,,,,,,,,,,,,,,,,,,,,,,,,,,,,,,,,,,,,242,157.2
1787151540,334.04,334.16,333.98,334.06,335.84,330.21,,,,,,,,,,,,,,,,,,,,,,,,,,,,,,,,,,,,,,,,,,,,,,,,,,,,196,146.9
1787151600,334.06,334.06,334.06,334.06,335.84,330.21,,,,,,,,,,,,,,,,,,,,,,,,,,,,,,,,,,,,,,,,,,,,,,,,,,,,25,148.05
1787151660,334.24,334.35,334.24,334.35,335.84,330.21,,,,,,,,,,,,,,,,,,,,,,,,,,,,,,,,,,,,,,,,,,,,,,,,,,,,212,154.25
1787151780,334.55,334.72,334.46,334.46,335.84,330.21,,,,,,,,,,,,,,,,,,,,,,,,,,,,,,,,,,,,,,,,,,,,,,,,,,,,412,169.4
1787151840,334.475,334.475,334.475,334.475,335.84,330.21,,,,,,,,,,,,,,,,,,,,,,,,,,,,,,,,,,,,,,,,,,,,,,,,,,,,1,169.05
1787151900,334.6,334.61,334.16,334.16,335.84,330.21,,,,,,,,,,,,,,,,,,,,,,,,,,,,,,,,,,,,,,,,,,,,,,,,,,,,331,184.6
1787151960,334.27,334.27,334.27,334.27,335.84,330.21,,,,,,,,,,,,,,,,,,,,,,,,,,,,,,,,,,,,,,,,,,,,,,,,,,,,5,155
1787152020,334.255,334.57,334.255,334.52,335.84,330.21,,,,,,,,,,,,,,,,,,,,,,,,,,,,,,,,,,,,,,,,,,,,,,,,,,,,181,152.45
1787152080,334.65,335,334.65,335,335.84,330.21,,,,,,,,,,,,,,,,,,,,,,,,,,,,,,,,,,,,,,,,,,,,,,,,,,,,74,149.35
1787152140,334.94,335.14,334.93,335.09,335.84,330.21,,,,,,,,,,,,,,,,,,,,,,,,,,,,,,,,,,,,,,,,,,,,,,,,,,,,213,153.95
1787152200,334.95,334.95,334.72,334.76,335.84,330.21,,,,,,,,,,,,,,,,,,,,,,,,,,,,,,,,,,,,,,,,,,,,,,,,,,,,168,129.25
1787152320,334.86,334.95,334.86,334.95,335.84,330.21,,,,,,,,,,,,,,,,,,,,,,,,,,,,,,,,,,,,,,,,,,,,,,,,,,,,48,130.4
1787152380,335,335.4,334.9,335.28,335.84,330.21,,,,,,,,,,,,,,,,,,,,,,,,,,,,,,,,,,,,,,,,,,,,,,,,,,,,483,147.15
1787152440,335.34,335.44,335.34,335.44,335.84,330.21,,,,,,,,,,,,,,,,,,,,,,,,,,,,,,,,,,,,,,,,,,,,,,,,,,,,17,145.7
1787152500,335.47,335.72,335.12,335.13,335.84,330.21,,,,,,,,,,,,,,,,,,,,,,,,,,,,,,,,,,,,,,,,,,,,,,,,,,,,993,193.95
1787152560,334.99,334.99,334.96,334.96,335.84,330.21,,,,,,,,,,,,,,,,,,,,,,,,,,,,,,,,,,,,,,,,,,,,,,,,,,,,88,197.9
1787152740,334.94,334.95,334.86,334.92,335.84,330.21,,,,,,,,,,,,,,,,,,,,,,,,,,,,,,,,,,,,,,,,,,,,,,,,,,,,194,198.65
1787152800,335.07,335.17,335.07,335.07,335.84,330.21,,,,,,,,,,,,,,,,,,,,,,,,,,,,,,,,,,,,,,,,,,,,,,,,,,,,324,213.35
1787152860,334.965,335.17,334.965,335.17,335.84,330.21,,,,,,,,,,,,,,,,,,,,,,,,,,,,,,,,,,,,,,,,,,,,,,,,,,,,137,217.2
1787152980,335,335.29,335,335.29,335.84,330.21,,,,,,,,,,,,,,,,,,,,,,,,,,,,,,,,,,,,,,,,,,,,,,,,,,,,9,205.55
1787153040,335.32,335.41,335.32,335.33,335.84,330.21,,,,,,,,,,,,,,,,,,,,,,,,,,,,,,,,,,,,,,,,,,,,,,,,,,,,118,201.65
1787153100,335.42,335.42,335.42,335.42,335.84,330.21,,,,,,,,,,,,,,,,,,,,,,,,,,,,,,,,,,,,,,,,,,,,,,,,,,,,40,202.4
1787153160,335.38,335.38,335.38,335.38,335.84,330.21,,,,,,,,,,,,,,,,,,,,,,,,,,,,,,,,,,,,,,,,,,,,,,,,,,,,1,191.85
1787153220,335.3,335.3,335.29,335.29,335.84,330.21,,,,,,,,,,,,,,,,,,,,,,,,,,,,,,,,,,,,,,,,,,,,,,,,,,,,18,172.15
1787153280,335.14,335.14,335.14,335.14,335.84,330.21,,,,,,,,,,,,,,,,,,,,,,,,,,,,,,,,,,,,,,,,,,,,,,,,,,,,16,172.9
1787153340,335.2,335.32,335.2,335.32,335.84,330.21,,,,,,,,,,,,,,,,,,,,,,,,,,,,,,,,,,,,,,,,,,,,,,,,,,,,295,171.1
1787153400,335.32,335.4,335,335,335.84,330.21,,,,,,,,,,,,,,,,,,,,,,,,,,,,,,,,,,,,,,,,,,,,,,,,,,,,247,183.2
1787153460,334.91,334.91,334.9,334.9,335.84,330.21,,,,,,,,,,,,,,,,,,,,,,,,,,,,,,,,,,,,,,,,,,,,,,,,,,,,13,174.8
1787153520,334.84,334.84,334.84,334.84,335.84,330.21,,,,,,,,,,,,,,,,,,,,,,,,,,,,,,,,,,,,,,,,,,,,,,,,,,,,91,175.65
1787153580,334.85,334.85,334.53,334.53,335.84,330.21,,,,,,,,,,,,,,,,,,,,,,,,,,,,,,,,,,,,,,,,,,,,,,,,,,,,276,178.8
1787153640,334.47,334.47,334.47,334.47,335.84,330.21,,,,,,,,,,,,,,,,,,,,,,,,,,,,,,,,,,,,,,,,,,,,,,,,,,,,19,171.35
1787153700,334.67,334.7,334.67,334.7,335.84,330.21,,,,,,,,,,,,,,,,,,,,,,,,,,,,,,,,,,,,,,,,,,,,,,,,,,,,174,177.65
1787153760,334.66,334.66,334.55,334.55,335.84,330.21,,,,,,,,,,,,,,,,,,,,,,,,,,,,,,,,,,,,,,,,,,,,,,,,,,,,130,160
1787153820,334.52,334.52,334.52,334.52,335.84,330.21,,,,,,,,,,,,,,,,,,,,,,,,,,,,,,,,,,,,,,,,,,,,,,,,,,,,1,159.2
1787153880,334.6,334.8,334.6,334.8,335.84,330.21,,,,,,,,,,,,,,,,,,,,,,,,,,,,,,,,,,,,,,,,,,,,,,,,,,,,412,130.15
1787153940,334.76,334.76,334.76,334.76,335.84,330.21,,,,,,,,,,,,,,,,,,,,,,,,,,,,,,,,,,,,,,,,,,,,,,,,,,,,57,128.6
1787154000,334.85,334.86,334.64,334.64,335.84,330.21,,,,,,,,,,,,,,,,,,,,,,,,,,,,,,,,,,,,,,,,,,,,,,,,,,,,517,144.75
1787154060,334.41,334.41,334.41,334.41,335.84,330.21,,,,,,,,,,,,,,,,,,,,,,,,,,,,,,,,,,,,,,,,,,,,,,,,,,,,7,128.9
1787154120,334.07,334.07,334.06,334.06,335.84,330.21,,,,,,,,,,,,,,,,,,,,,,,,,,,,,,,,,,,,,,,,,,,,,,,,,,,,134,128.75
1787154240,334.2,334.21,334.2,334.21,335.84,330.21,,,,,,,,,,,,,,,,,,,,,,,,,,,,,,,,,,,,,,,,,,,,,,,,,,,,70,131.8
1787154300,334,334,333.97,333.97,335.84,330.21,,,,,,,,,,,,,,,,,,,,,,,,,,,,,,,,,,,,,,,,,,,,,,,,,,,,25,127.15
1787154360,333.98,333.98,333.98,333.98,335.84,330.21,,,,,,,,,,,,,,,,,,,,,,,,,,,,,,,,,,,,,,,,,,,,,,,,,,,,120,131.15
1787154420,334.13,334.19,334.08,334.08,335.84,330.21,,,,,,,,,,,,,,,,,,,,,,,,,,,,,,,,,,,,,,,,,,,,,,,,,,,,169,139.55
1787154480,333.96,333.96,333.93,333.93,335.84,330.21,,,,,,,,,,,,,,,,,,,,,,,,,,,,,,,,,,,,,,,,,,,,,,,,,,,,206,148.95
1787154540,333.92,333.92,333.89,333.89,335.84,330.21,,,,,,,,,,,,,,,,,,,,,,,,,,,,,,,,,,,,,,,,,,,,,,,,,,,,120,154.15
1787154600,333.85,333.85,333.83,333.83,335.84,330.21,,,,,,,,,,,,,,,,,,,,,,,,,,,,,,,,,,,,,,,,,,,,,,,,,,,,40,141.4
1787154660,333.86,333.86,333.86,333.86,335.84,330.21,,,,,,,,,,,,,,,,,,,,,,,,,,,,,,,,,,,,,,,,,,,,,,,,,,,,40,131.05
1787154720,333.91,334,333.91,333.99,335.84,330.21,,,,,,,,,,,,,,,,,,,,,,,,,,,,,,,,,,,,,,,,,,,,,,,,,,,,326,146.7
1787154780,333.89,333.89,333.88,333.88,335.84,330.21,,,,,,,,,,,,,,,,,,,,,,,,,,,,,,,,,,,,,,,,,,,,,,,,,,,,47,144.5
1787154960,333.69,333.69,333.6,333.62,335.84,330.21,,,,,,,,,,,,,,,,,,,,,,,,,,,,,,,,,,,,,,,,,,,,,,,,,,,,40,132.7
1787155140,333.68,333.86,333.55,333.55,335.84,330.21,,,,,,,,,,,,,,,,,,,,,,,,,,,,,,,,,,,,,,,,,,,,,,,,,,,,128,138.15
1787155200,333.77,333.78,333.77,333.78,335.84,330.21,,,,,,,,,,,,,,,,,,,,,,,,,,,,,,,,,,,,,,,,,,,,,,,,,,,,83,133.6
1787155320,333.74,333.85,333.74,333.85,335.84,330.21,,,,,,,,,,,,,,,,,,,,,,,,,,,,,,,,,,,,,,,,,,,,,,,,,,,,84,131.3
1787155380,333.57,333.58,333.47,333.49,335.84,330.21,,,,,,,,,,,,,,,,,,,,,,,,,,,,,,,,,,,,,,,,,,,,,,,,,,,,1527,207.6
1787155440,333.49,333.49,333.32,333.32,335.84,330.21,,,,,,,,,,,,,,,,,,,,,,,,,,,,,,,,,,,,,,,,,,,,,,,,,,,,263,200.15
1787155560,333.405,333.405,333.405,333.405,335.84,330.21,,,,,,,,,,,,,,,,,,,,,,,,,,,,,,,,,,,,,,,,,,,,,,,,,,,,15,198.05
1787155620,333.33,333.56,333.31,333.55,335.84,330.21,,,,,,,,,,,,,,,,,,,,,,,,,,,,,,,,,,,,,,,,,,,,,,,,,,,,365,190.45
1787155680,333.63,333.63,333.41,333.41,335.84,330.21,,,,,,,,,,,,,,,,,,,,,,,,,,,,,,,,,,,,,,,,,,,,,,,,,,,,98,195
1787155740,333.3,333.3,333.28,333.28,335.84,330.21,,,,,,,,,,,,,,,,,,,,,,,,,,,,,,,,,,,,,,,,,,,,,,,,,,,,115,194.05
1787156100,333.31,333.31,333.25,333.25,335.84,330.21,,,,,,,,,,,,,,,,,,,,,,,,,,,,,,,,,,,,,,,,,,,,,,,,,,,,44,192.75
1787156160,333.28,333.29,333.28,333.29,335.84,330.21,,,,,,,,,,,,,,,,,,,,,,,,,,,,,,,,,,,,,,,,,,,,,,,,,,,,118,197.4
1787156280,333.06,333.15,333.06,333.14,335.84,330.21,,,,,,,,,,,,,,,,,,,,,,,,,,,,,,,,,,,,,,,,,,,,,,,,,,,,223,202.55
1787156460,333.17,333.18,332.9,332.9,335.84,330.21,,,,,,,,,,,,,,,,,,,,,,,,,,,,,,,,,,,,,,,,,,,,,,,,,,,,287,208.45
1787156520,332.93,332.97,332.93,332.97,335.84,330.21,,,,,,,,,,,,,,,,,,,,,,,,,,,,,,,,,,,,,,,,,,,,,,,,,,,,94,202.85
1787156640,332.98,333.03,332.97,333.03,335.84,330.21,,,,,,,,,,,,,,,,,,,,,,,,,,,,,,,,,,,,,,,,,,,,,,,,,,,,51,199.4
1787156700,332.86,332.86,332.64,332.64,335.84,330.21,,,,,,,,,,,,,,,,,,,,,,,,,,,,,,,,,,,,,,,,,,,,,,,,,,,,163,205.55
1787156820,332.73,332.74,332.59,332.62,335.84,330.21,,,,,,,,,,,,,,,,,,,,,,,,,,,,,,,,,,,,,,,,,,,,,,,,,,,,226,214.85
1787157000,332.22,332.42,332.22,332.42,335.84,330.21,,,,,,,,,,,,,,,,,,,,,,,,,,,,,,,,,,,,,,,,,,,,,,,,,,,,111,204.1
1787157060,332.46,332.6,332.46,332.6,335.84,330.21,,,,,,,,,,,,,,,,,,,,,,,,,,,,,,,,,,,,,,,,,,,,,,,,,,,,209,212.2
1787157120,332.62,332.63,332.62,332.63,335.84,330.21,,,,,,,,,,,,,,,,,,,,,,,,,,,,,,,,,,,,,,,,,,,,,,,,,,,,42,212.3
1787157180,332.66,332.77,332.66,332.77,335.84,330.21,,,,,,,,,,,,,,,,,,,,,,,,,,,,,,,,,,,,,,,,,,,,,,,,,,,,25,207.15
1787157240,332.79,332.79,332.79,332.79,335.84,330.21,,,,,,,,,,,,,,,,,,,,,,,,,,,,,,,,,,,,,,,,,,,,,,,,,,,,14,203.7
1787157300,332.73,332.73,332.6,332.66,335.84,330.21,,,,,,,,,,,,,,,,,,,,,,,,,,,,,,,,,,,,,,,,,,,,,,,,,,,,471,223.05
1787157420,332.69,332.69,332.64,332.64,335.84,330.21,,,,,,,,,,,,,,,,,,,,,,,,,,,,,,,,,,,,,,,,,,,,,,,,,,,,6,147
1787157480,332.69,332.75,332.69,332.75,335.84,330.21,,,,,,,,,,,,,,,,,,,,,,,,,,,,,,,,,,,,,,,,,,,,,,,,,,,,285,148.1
1787157540,332.83,332.85,332.67,332.67,335.84,330.21,,,,,,,,,,,,,,,,,,,,,,,,,,,,,,,,,,,,,,,,,,,,,,,,,,,,164,155.55
1787157660,332.66,332.66,332.56,332.56,335.84,330.21,,,,,,,,,,,,,,,,,,,,,,,,,,,,,,,,,,,,,,,,,,,,,,,,,,,,48,139.7
1787157720,332.4,332.4,332.35,332.35,335.84,330.21,,,,,,,,,,,,,,,,,,,,,,,,,,,,,,,,,,,,,,,,,,,,,,,,,,,,33,136.45
1787157780,332.31,332.47,332.23,332.47,335.84,330.21,,,,,,,,,,,,,,,,,,,,,,,,,,,,,,,,,,,,,,,,,,,,,,,,,,,,334,147.4
1787157900,332.49,332.51,332.49,332.51,335.84,330.21,,,,,,,,,,,,,,,,,,,,,,,,,,,,,,,,,,,,,,,,,,,,,,,,,,,,58,148.1
1787157960,332.52,332.62,332.52,332.57,335.84,330.21,,,,,,,,,,,,,,,,,,,,,,,,,,,,,,,,,,,,,,,,,,,,,,,,,,,,19,143.15
1787158020,332.49,332.49,332.49,332.49,335.84,330.21,,,,,,,,,,,,,,,,,,,,,,,,,,,,,,,,,,,,,,,,,,,,,,,,,,,,189,141.45
1787158080,332.42,332.47,332.4,332.47,335.84,330.21,,,,,,,,,,,,,,,,,,,,,,,,,,,,,,,,,,,,,,,,,,,,,,,,,,,,454,149.8
1787158140,332.5,332.5,332.5,332.5,335.84,330.21,,,,,,,,,,,,,,,,,,,,,,,,,,,,,,,,,,,,,,,,,,,,,,,,,,,,2,145.2
1787158200,332.35,332.38,332.35,332.35,335.84,330.21,,,,,,,,,,,,,,,,,,,,,,,,,,,,,,,,,,,,,,,,,,,,,,,,,,,,146,149.95
1787158260,332.22,332.22,332.2,332.2,335.84,330.21,,,,,,,,,,,,,,,,,,,,,,,,,,,,,,,,,,,,,,,,,,,,,,,,,,,,13,142.45
1787158320,332.21,332.21,332.21,332.21,335.84,330.21,,,,,,,,,,,,,,,,,,,,,,,,,,,,,,,,,,,,,,,,,,,,,,,,,,,,1,131.2
1787158380,332.03,332.03,332.03,332.03,335.84,330.21,,,,,,,,,,,,,,,,,,,,,,,,,,,,,,,,,,,,,,,,,,,,,,,,,,,,1,125.7
1787158560,332.04,332.04,332,332,335.84,330.21,,,,,,,,,,,,,,,,,,,,,,,,,,,,,,,,,,,,,,,,,,,,,,,,,,,,26,116.55
1787158680,331.8,331.8,331.8,331.8,335.84,330.21,,,,,,,,,,,,,,,,,,,,,,,,,,,,,,,,,,,,,,,,,,,,,,,,,,,,9,114.9
1787158800,331.72,331.81,331.72,331.81,335.84,330.21,,,,,,,,,,,,,,,,,,,,,,,,,,,,,,,,,,,,,,,,,,,,,,,,,,,,281,127.7
1787158860,331.77,331.77,331.45,331.45,335.84,330.21,,,,,,,,,,,,,,,,,,,,,,,,,,,,,,,,,,,,,,,,,,,,,,,,,,,,149,134.45
1787158920,331.51,331.51,331.415,331.415,335.84,330.21,,,,,,,,,,,,,,,,,,,,,,,,,,,,,,,,,,,,,,,,,,,,,,,,,,,,29,112.35
1787158980,331.38,331.46,331.38,331.46,335.84,330.21,,,,,,,,,,,,,,,,,,,,,,,,,,,,,,,,,,,,,,,,,,,,,,,,,,,,32,113.65
1787159040,331.48,331.48,331.45,331.45,335.84,330.21,,,,,,,,,,,,,,,,,,,,,,,,,,,,,,,,,,,,,,,,,,,,,,,,,,,,93,104.05
1787159100,331.56,331.57,331.31,331.31,335.84,330.21,,,,,,,,,,,,,,,,,,,,,,,,,,,,,,,,,,,,,,,,,,,,,,,,,,,,275,109.6
1787159220,331.23,331.23,331.23,331.23,335.84,330.21,,,,,,,,,,,,,,,,,,,,,,,,,,,,,,,,,,,,,,,,,,,,,,,,,,,,8,107.6
1787159280,331.21,331.21,331.18,331.18,335.84,330.21,,,,,,,,,,,,,,,,,,,,,,,,,,,,,,,,,,,,,,,,,,,,,,,,,,,,39,107.9
1787159340,331.03,331.03,330.88,330.88,335.84,330.21,,,,,,,,,,,,,,,,,,,,,,,,,,,,,,,,,,,,,,,,,,,,,,,,,,,,61,94.25
1787159460,330.92,331.02,330.92,331.02,335.84,330.21,,,,,,,,,,,,,,,,,,,,,,,,,,,,,,,,,,,,,,,,,,,,,,,,,,,,241,103.4
1787159520,331.05,331.17,331.05,331.17,335.84,330.21,,,,,,,,,,,,,,,,,,,,,,,,,,,,,,,,,,,,,,,,,,,,,,,,,,,,295,117.2
1787159640,331,331,331,331,335.84,330.21,,,,,,,,,,,,,,,,,,,,,,,,,,,,,,,,,,,,,,,,,,,,,,,,,,,,5,108
1787159700,331.04,331.07,331.04,331.04,335.84,330.21,,,,,,,,,,,,,,,,,,,,,,,,,,,,,,,,,,,,,,,,,,,,,,,,,,,,32,86.9
1787159760,330.95,331.12,330.95,331.12,335.84,330.21,,,,,,,,,,,,,,,,,,,,,,,,,,,,,,,,,,,,,,,,,,,,,,,,,,,,567,115.15
1787159820,331.11,331.27,331.11,331.19,335.84,330.21,,,,,,,,,,,,,,,,,,,,,,,,,,,,,,,,,,,,,,,,,,,,,,,,,,,,364,126.05
1787159940,331.15,331.15,331.15,331.15,335.84,330.21,,,,,,,,,,,,,,,,,,,,,,,,,,,,,,,,,,,,,,,,,,,,,,,,,,,,20,126.4
1787160000,331.09,331.09,330.87,330.9,335.84,330.21,,,,,,,,,,,,,,,,,,,,,,,,,,,,,,,,,,,,,,,,,,,,,,,,,,,,564,154.55
1787160060,330.79,330.79,330.61,330.61,335.84,330.21,,,,,,,,,,,,,,,,,,,,,,,,,,,,,,,,,,,,,,,,,,,,,,,,,,,,97,159.35
1787160180,330.495,330.495,330.495,330.495,335.84,330.21,,,,,,,,,,,,,,,,,,,,,,,,,,,,,,,,,,,,,,,,,,,,,,,,,,,,18,158.95
1787160240,330.43,330.43,330.36,330.36,335.84,330.21,,,,,,,,,,,,,,,,,,,,,,,,,,,,,,,,,,,,,,,,,,,,,,,,,,,,118,164.4
1787160300,330.39,330.51,330.39,330.51,335.84,330.21,,,,,,,,,,,,,,,,,,,,,,,,,,,,,,,,,,,,,,,,,,,,,,,,,,,,345,167.6
1787160480,330.45,330.47,330.45,330.47,335.84,330.21,,,,,,,,,,,,,,,,,,,,,,,,,,,,,,,,,,,,,,,,,,,,,,,,,,,,109,165.6
1787160540,330.52,330.63,330.46,330.46,335.84,330.21,,,,,,,,,,,,,,,,,,,,,,,,,,,,,,,,,,,,,,,,,,,,,,,,,,,,100,169.15
1787160600,330.55,330.55,330.55,330.55,335.84,330.21,,,,,,,,,,,,,,,,,,,,,,,,,,,,,,,,,,,,,,,,,,,,,,,,,,,,8,167.95
1787160660,330.52,330.52,330.42,330.42,335.84,330.21,,,,,,,,,,,,,,,,,,,,,,,,,,,,,,,,,,,,,,,,,,,,,,,,,,,,155,171.05
1787160720,330.56,330.56,330.56,330.56,335.84,330.21,,,,,,,,,,,,,,,,,,,,,,,,,,,,,,,,,,,,,,,,,,,,,,,,,,,,1,157.35
1787160780,330.45,330.6,330.45,330.6,335.84,330.21,,,,,,,,,,,,,,,,,,,,,,,,,,,,,,,,,,,,,,,,,,,,,,,,,,,,145,164.2
1787160840,330.53,330.53,330.41,330.445,335.84,330.21,,,,,,,,,,,,,,,,,,,,,,,,,,,,,,,,,,,,,,,,,,,,,,,,,,,,97,167.1
1787160900,330.25,330.34,330.25,330.34,335.84,330.21,,,,,,,,,,,,,,,,,,,,,,,,,,,,,,,,,,,,,,,,,,,,,,,,,,,,140,171.05
1787160960,330.39,330.4,330.17,330.27,335.84,330.21,,,,,,,,,,,,,,,,,,,,,,,,,,,,,,,,,,,,,,,,,,,,,,,,,,,,190,168.5
1787161020,330.3,330.33,330.3,330.33,335.84,330.21,,,,,,,,,,,,,,,,,,,,,,,,,,,,,,,,,,,,,,,,,,,,,,,,,,,,125,160
1787161080,330.19,330.19,330.18,330.18,335.84,330.21,,,,,,,,,,,,,,,,,,,,,,,,,,,,,,,,,,,,,,,,,,,,,,,,,,,,36,161.55
1787161200,330.14,330.22,330.14,330.21,335.84,330.21,,,,,,,,,,,,,,,,,,,,,,,,,,,,,,,,,,,,,,,,,,,,,,,,,,,,102,165.05
1787161260,330.14,330.14,330.05,330.05,335.84,330.21,,,,,,,,,,,,,,,,,,,,,,,,,,,,,,,,,,,,,,,,,,,,,,,,,,,,192,146.3
1787161320,330.15,330.2,330.15,330.2,335.84,330.21,,,,,,,,,,,,,,,,,,,,,,,,,,,,,,,,,,,,,,,,,,,,,,,,,,,,255,140.85
1787161380,330.03,330.03,330.03,330.03,335.84,330.21,,,,,,,,,,,,,,,,,,,,,,,,,,,,,,,,,,,,,,,,,,,,,,,,,,,,10,140.35
1787161440,330,330,329.78,329.89,335.84,330.21,,,,,,,,,,,,,,,,,,,,,,,,,,,,,,,,,,,,,,,,,,,,,,,,,,,,195,121.9
1787161500,330.03,330.12,329.99,329.99,335.84,330.21,,,,,,,,,,,,,,,,,,,,,,,,,,,,,,,,,,,,,,,,,,,,,,,,,,,,40,119.05
1787161620,330.25,330.25,330.25,330.25,335.84,330.21,,,,,,,,,,,,,,,,,,,,,,,,,,,,,,,,,,,,,,,,,,,,,,,,,,,,16,118.95
1787161800,329.88,329.88,329.82,329.82,335.84,330.21,,,,,,,,,,,,,,,,,,,,,,,,,,,,,,,,,,,,,,,,,,,,,,,,,,,,36,114.85
1787161860,329.74,330.04,329.68,330.04,335.84,330.21,,,,,,,,,,,,,,,,,,,,,,,,,,,,,,,,,,,,,,,,,,,,,,,,,,,,405,117.85
1787161920,330.02,330.02,330.02,330.02,335.84,330.21,,,,,,,,,,,,,,,,,,,,,,,,,,,,,,,,,,,,,,,,,,,,,,,,,,,,46,114.7
1787161980,329.82,329.82,329.82,329.82,335.84,330.21,,,,,,,,,,,,,,,,,,,,,,,,,,,,,,,,,,,,,,,,,,,,,,,,,,,,5,109.95
1787162040,329.815,329.88,329.815,329.82,335.84,330.21,,,,,,,,,,,,,,,,,,,,,,,,,,,,,,,,,,,,,,,,,,,,,,,,,,,,16,110.35
1787162100,329.86,329.98,329.86,329.98,335.84,330.21,,,,,,,,,,,,,,,,,,,,,,,,,,,,,,,,,,,,,,,,,,,,,,,,,,,,280,116.6
1787162220,329.9,329.9,329.87,329.87,335.84,330.21,,,,,,,,,,,,,,,,,,,,,,,,,,,,,,,,,,,,,,,,,,,,,,,,,,,,137,123.4
1787162340,329.93,329.94,329.93,329.94,335.84,330.21,,,,,,,,,,,,,,,,,,,,,,,,,,,,,,,,,,,,,,,,,,,,,,,,,,,,108,121.55
1787162400,330.01,330.01,330.01,330.01,335.84,330.21,,,,,,,,,,,,,,,,,,,,,,,,,,,,,,,,,,,,,,,,,,,,,,,,,,,,5,116.95
1787162460,330.06,330.19,330.02,330.19,335.84,330.21,,,,,,,,,,,,,,,,,,,,,,,,,,,,,,,,,,,,,,,,,,,,,,,,,,,,153,117.6
1787162520,330.21,330.28,330.21,330.28,335.84,330.21,,,,,,,,,,,,,,,,,,,,,,,,,,,,,,,,,,,,,,,,,,,,,,,,,,,,66,111.4
1787162580,330.29,330.33,330.24,330.25,335.84,330.21,,,,,,,,,,,,,,,,,,,,,,,,,,,,,,,,,,,,,,,,,,,,,,,,,,,,143,112.3
1787162640,330.28,330.28,330.28,330.28,335.84,330.21,,,,,,,,,,,,,,,,,,,,,,,,,,,,,,,,,,,,,,,,,,,,,,,,,,,,1,110.55
1787162700,330.27,330.27,330.15,330.19,335.84,330.21,,,,,,,,,,,,,,,,,,,,,,,,,,,,,,,,,,,,,,,,,,,,,,,,,,,,105,110.7
1787162760,330.24,330.25,330.03,330.03,335.84,330.21,,,,,,,,,,,,,,,,,,,,,,,,,,,,,,,,,,,,,,,,,,,,,,,,,,,,202,111.2
1787162820,329.92,329.94,329.84,329.84,335.84,330.21,,,,,,,,,,,,,,,,,,,,,,,,,,,,,,,,,,,,,,,,,,,,,,,,,,,,99,103.4
1787162940,329.76,329.78,329.76,329.78,335.84,330.21,,,,,,,,,,,,,,,,,,,,,,,,,,,,,,,,,,,,,,,,,,,,,,,,,,,,160,110.9
1787163180,329.75,329.75,329.75,329.75,335.84,330.21,,,,,,,,,,,,,,,,,,,,,,,,,,,,,,,,,,,,,,,,,,,,,,,,,,,,40,103.15
1787163240,329.75,329.83,329.75,329.83,335.84,330.21,,,,,,,,,,,,,,,,,,,,,,,,,,,,,,,,,,,,,,,,,,,,,,,,,,,,58,104.05
1787163300,329.77,329.77,329.7,329.7,335.84,330.21,,,,,,,,,,,,,,,,,,,,,,,,,,,,,,,,,,,,,,,,,,,,,,,,,,,,41,105.3
1787163420,329.7,329.7,329.64,329.64,335.84,330.21,,,,,,,,,,,,,,,,,,,,,,,,,,,,,,,,,,,,,,,,,,,,,,,,,,,,2,103.6
1787163480,329.62,329.62,329.62,329.62,335.84,330.21,,,,,,,,,,,,,,,,,,,,,,,,,,,,,,,,,,,,,,,,,,,,,,,,,,,,20,84.35
1787163540,329.63,329.65,329.59,329.65,335.84,330.21,,,,,,,,,,,,,,,,,,,,,,,,,,,,,,,,,,,,,,,,,,,,,,,,,,,,21,83.1
1787163600,329.585,329.65,329.585,329.65,335.84,330.21,,,,,,,,,,,,,,,,,,,,,,,,,,,,,,,,,,,,,,,,,,,,,,,,,,,,26,84.15
1787163660,329.65,329.83,329.65,329.82,335.84,330.21,,,,,,,,,,,,,,,,,,,,,,,,,,,,,,,,,,,,,,,,,,,,,,,,,,,,332,99.95
1787163720,329.89,329.89,329.7,329.7,335.84,330.21,,,,,,,,,,,,,,,,,,,,,,,,,,,,,,,,,,,,,,,,,,,,,,,,,,,,171,94.5
1787163780,329.89,329.96,329.88,329.96,335.84,330.21,,,,,,,,,,,,,,,,,,,,,,,,,,,,,,,,,,,,,,,,,,,,,,,,,,,,135,94.4
1787163840,329.89,329.89,329.89,329.89,335.84,330.21,,,,,,,,,,,,,,,,,,,,,,,,,,,,,,,,,,,,,,,,,,,,,,,,,,,,25,90.25
1787163900,329.99,329.99,329.88,329.96,335.84,330.21,,,,,,,,,,,,,,,,,,,,,,,,,,,,,,,,,,,,,,,,,,,,,,,,,,,,245,102.25
1787164020,329.97,329.98,329.97,329.98,335.84,330.21,,,,,,,,,,,,,,,,,,,,,,,,,,,,,,,,,,,,,,,,,,,,,,,,,,,,119,100.55
1787164080,330.05,330.05,330.05,330.05,335.84,330.21,,,,,,,,,,,,,,,,,,,,,,,,,,,,,,,,,,,,,,,,,,,,,,,,,,,,22,98.35
1787164140,329.98,330.09,329.98,330.09,335.84,330.21,,,,,,,,,,,,,,,,,,,,,,,,,,,,,,,,,,,,,,,,,,,,,,,,,,,,111,96.75
1787164200,330.12,330.19,330.075,330.075,335.84,330.21,,,,,,,,,,,,,,,,,,,,,,,,,,,,,,,,,,,,,,,,,,,,,,,,,,,,95,101.45
1787164260,330,330,329.89,329.89,335.84,330.21,,,,,,,,,,,,,,,,,,,,,,,,,,,,,,,,,,,,,,,,,,,,,,,,,,,,84,100.4
1787164380,329.96,329.97,329.9,329.9,335.84,330.21,,,,,,,,,,,,,,,,,,,,,,,,,,,,,,,,,,,,,,,,,,,,,,,,,,,,54,93
1787164440,329.98,329.99,329.98,329.99,335.84,330.21,,,,,,,,,,,,,,,,,,,,,,,,,,,,,,,,,,,,,,,,,,,,,,,,,,,,12,88.65
1787164500,330,330,330,330,335.84,330.21,,,,,,,,,,,,,,,,,,,,,,,,,,,,,,,,,,,,,,,,,,,,,,,,,,,,1,80.7
1787164560,330.01,330.02,330.01,330.02,335.84,330.21,,,,,,,,,,,,,,,,,,,,,,,,,,,,,,,,,,,,,,,,,,,,,,,,,,,,193,88.35
1787164620,330.03,330.03,330.03,330.03,335.84,330.21,,,,,,,,,,,,,,,,,,,,,,,,,,,,,,,,,,,,,,,,,,,,,,,,,,,,40,87.45
1787164680,330.05,330.07,329.94,330.06,335.84,330.21,,,,,,,,,,,,,,,,,,,,,,,,,,,,,,,,,,,,,,,,,,,,,,,,,,,,248,97.8
1787164740,330.08,330.1,330.08,330.1,335.84,330.21,,,,,,,,,,,,,,,,,,,,,,,,,,,,,,,,,,,,,,,,,,,,,,,,,,,,192,107.3
1787164860,330.06,330.12,330.06,330.08,335.84,330.21,,,,,,,,,,,,,,,,,,,,,,,,,,,,,,,,,,,,,,,,,,,,,,,,,,,,14,107
1787164920,329.96,329.98,329.93,329.94,335.84,330.21,,,,,,,,,,,,,,,,,,,,,,,,,,,,,,,,,,,,,,,,,,,,,,,,,,,,127,112.3
1787164980,329.91,329.91,329.89,329.89,335.84,330.21,,,,,,,,,,,,,,,,,,,,,,,,,,,,,,,,,,,,,,,,,,,,,,,,,,,,38,112.9
1787165100,329.83,329.84,329.79,329.81,335.84,330.21,,,,,,,,,,,,,,,,,,,,,,,,,,,,,,,,,,,,,,,,,,,,,,,,,,,,89,100.75
1787165160,329.78,329.78,329.66,329.66,335.84,330.21,,,,,,,,,,,,,,,,,,,,,,,,,,,,,,,,,,,,,,,,,,,,,,,,,,,,58,95.1
1787165220,329.75,330.1,329.75,330.1,335.84,330.21,,,,,,,,,,,,,,,,,,,,,,,,,,,,,,,,,,,,,,,,,,,,,,,,,,,,724,124.55
1787165340,330.2,330.25,330.06,330.25,335.84,330.21,,,,,,,,,,,,,,,,,,,,,,,,,,,,,,,,,,,,,,,,,,,,,,,,,,,,279,137.25
1787165400,330.29,330.32,330.01,330.01,335.84,330.21,,,,,,,,,,,,,,,,,,,,,,,,,,,,,,,,,,,,,,,,,,,,,,,,,,,,153,132.65
1787165460,329.99,329.99,329.83,329.83,335.84,330.21,,,,,,,,,,,,,,,,,,,,,,,,,,,,,,,,,,,,,,,,,,,,,,,,,,,,145,133.95
1787165520,329.6,329.6,329.6,329.6,335.84,330.21,,,,,,,,,,,,,,,,,,,,,,,,,,,,,,,,,,,,,,,,,,,,,,,,,,,,1,132.9
1787165580,329.5,329.5,329.5,329.5,335.84,330.21,,,,,,,,,,,,,,,,,,,,,,,,,,,,,,,,,,,,,,,,,,,,,,,,,,,,1,127.4
1787165640,329.42,329.42,329.23,329.23,335.84,330.21,,,,,,,,,,,,,,,,,,,,,,,,,,,,,,,,,,,,,,,,,,,,,,,,,,,,216,133.45
1787165700,329.22,329.33,329.22,329.32,335.84,330.21,,,,,,,,,,,,,,,,,,,,,,,,,,,,,,,,,,,,,,,,,,,,,,,,,,,,125,135.5
1787165760,329.23,329.23,329.19,329.19,335.84,330.21,,,,,,,,,,,,,,,,,,,,,,,,,,,,,,,,,,,,,,,,,,,,,,,,,,,,28,134.2
1787165820,329.21,329.35,329.21,329.35,335.84,330.21,,,,,,,,,,,,,,,,,,,,,,,,,,,,,,,,,,,,,,,,,,,,,,,,,,,,287,147.95
1787165880,329.23,329.29,329.17,329.28,335.84,330.21,,,,,,,,,,,,,,,,,,,,,,,,,,,,,,,,,,,,,,,,,,,,,,,,,,,,272,161.5
1787165940,329.21,329.21,329.12,329.12,335.84,330.21,,,,,,,,,,,,,,,,,,,,,,,,,,,,,,,,,,,,,,,,,,,,,,,,,,,,31,153.4
1787166060,329.02,329.02,328.96,329.01,335.84,330.21,,,,,,,,,,,,,,,,,,,,,,,,,,,,,,,,,,,,,,,,,,,,,,,,,,,,184,160.6
1787166120,329.04,329.1,329.04,329.1,335.84,330.21,,,,,,,,,,,,,,,,,,,,,,,,,,,,,,,,,,,,,,,,,,,,,,,,,,,,74,151.9
1787166180,329.07,329.07,329.04,329.04,335.84,330.21,,,,,,,,,,,,,,,,,,,,,,,,,,,,,,,,,,,,,,,,,,,,,,,,,,,,2,142.4
1787166240,329.18,329.18,329.06,329.13,335.84,330.21,,,,,,,,,,,,,,,,,,,,,,,,,,,,,,,,,,,,,,,,,,,,,,,,,,,,229,153.15
1787166300,328.9,328.9,328.88,328.9,335.84,330.21,,,,,,,,,,,,,,,,,,,,,,,,,,,,,,,,,,,,,,,,,,,,,,,,,,,,34,148.5
1787166360,329.01,329.04,329.01,329.04,335.84,330.21,,,,,,,,,,,,,,,,,,,,,,,,,,,,,,,,,,,,,,,,,,,,,,,,,,,,116,152.4
1787166420,329.04,329.08,329.03,329.05,335.84,330.21,,,,,,,,,,,,,,,,,,,,,,,,,,,,,,,,,,,,,,,,,,,,,,,,,,,,390,167.45
1787166480,329.09,329.1,328.82,328.86,335.84,330.21,,,,,,,,,,,,,,,,,,,,,,,,,,,,,,,,,,,,,,,,,,,,,,,,,,,,190,174.05
1787166540,328.6,328.6,328.57,328.575,335.84,330.21,,,,,,,,,,,,,,,,,,,,,,,,,,,,,,,,,,,,,,,,,,,,,,,,,,,,24,139.05
1787166600,328.72,328.86,328.72,328.82,335.84,330.21,,,,,,,,,,,,,,,,,,,,,,,,,,,,,,,,,,,,,,,,,,,,,,,,,,,,428,146.5
1787166720,328.85,329.1,328.8,329.1,335.84,330.21,,,,,,,,,,,,,,,,,,,,,,,,,,,,,,,,,,,,,,,,,,,,,,,,,,,,250,151.35
1787166780,329.12,329.12,329.12,329.12,335.84,330.21,,,,,,,,,,,,,,,,,,,,,,,,,,,,,,,,,,,,,,,,,,,,,,,,,,,,9,144.55
1787166840,329.05,329.05,328.79,328.79,335.84,330.21,,,,,,,,,,,,,,,,,,,,,,,,,,,,,,,,,,,,,,,,,,,,,,,,,,,,375,163.25
1787166900,328.85,328.85,328.85,328.85,335.84,330.21,,,,,,,,,,,,,,,,,,,,,,,,,,,,,,,,,,,,,,,,,,,,,,,,,,,,40,165.2
1787166960,328.82,328.82,328.6,328.61,335.84,330.21,,,,,,,,,,,,,,,,,,,,,,,,,,,,,,,,,,,,,,,,,,,,,,,,,,,,295,169.15
1787167020,328.7,328.75,328.7,328.73,335.84,330.21,,,,,,,,,,,,,,,,,,,,,,,,,,,,,,,,,,,,,,,,,,,,,,,,,,,,198,172.8
1787167080,328.8,328.84,328.8,328.84,335.84,330.21,,,,,,,,,,,,,,,,,,,,,,,,,,,,,,,,,,,,,,,,,,,,,,,,,,,,253,184.05
1787167140,328.88,328.9,328.835,328.835,335.84,330.21,,,,,,,,,,,,,,,,,,,,,,,,,,,,,,,,,,,,,,,,,,,,,,,,,,,,504,194.9
1787167200,328.95,328.96,328.87,328.9,335.84,330.21,,,,,,,,,,,,,,,,,,,,,,,,,,,,,,,,,,,,,,,,,,,,,,,,,,,,22,182.4
1787167260,328.93,328.93,328.875,328.875,335.84,330.21,,,,,,,,,,,,,,,,,,,,,,,,,,,,,,,,,,,,,,,,,,,,,,,,,,,,2,180.95
1787167320,328.97,329.01,328.92,328.92,335.84,330.21,,,,,,,,,,,,,,,,,,,,,,,,,,,,,,,,,,,,,,,,,,,,,,,,,,,,425,193
1787167380,328.89,328.9,328.81,328.81,335.84,330.21,,,,,,,,,,,,,,,,,,,,,,,,,,,,,,,,,,,,,,,,,,,,,,,,,,,,90,193.8
1787167440,328.84,328.84,328.84,328.84,335.84,330.21,,,,,,,,,,,,,,,,,,,,,,,,,,,,,,,,,,,,,,,,,,,,,,,,,,,,14,194.4
1787167500,328.91,328.91,328.91,328.91,335.84,330.21,,,,,,,,,,,,,,,,,,,,,,,,,,,,,,,,,,,,,,,,,,,,,,,,,,,,3,183.1
1787167560,328.93,328.98,328.93,328.98,335.84,330.21,,,,,,,,,,,,,,,,,,,,,,,,,,,,,,,,,,,,,,,,,,,,,,,,,,,,103,186.55
1787167620,329,329.02,328.49,328.49,335.84,330.21,,,,,,,,,,,,,,,,,,,,,,,,,,,,,,,,,,,,,,,,,,,,,,,,,,,,1022,231.85
1787167680,328.55,328.55,328.245,328.245,335.84,330.21,,,,,,,,,,,,,,,,,,,,,,,,,,,,,,,,,,,,,,,,,,,,,,,,,,,,728,248.75
1787167740,328.27,328.27,328.06,328.06,335.84,330.21,,,,,,,,,,,,,,,,,,,,,,,,,,,,,,,,,,,,,,,,,,,,,,,,,,,,49,241.7
1787167800,328.15,328.31,327.86,327.94,335.84,330.21,,,,,,,,,,,,,,,,,,,,,,,,,,,,,,,,,,,,,,,,,,,,,,,,,,,,3904,435.7
1787167860,327.93,327.93,327.52,327.6,335.84,330.21,,,,,,,,,,,,,,,,,,,,,,,,,,,,,,,,,,,,,,,,,,,,,,,,,,,,1540,491.3
1787167920,327.61,327.8,327.61,327.71,335.84,330.21,,,,,,,,,,,,,,,,,,,,,,,,,,,,,,,,,,,,,,,,,,,,,,,,,,,,413,499.45
1787167980,327.83,327.86,327.5,327.5,335.84,330.21,,,,,,,,,,,,,,,,,,,,,,,,,,,,,,,,,,,,,,,,,,,,,,,,,,,,567,527.35
1787168040,327.44,327.55,327.35,327.35,335.84,330.21,,,,,,,,,,,,,,,,,,,,,,,,,,,,,,,,,,,,,,,,,,,,,,,,,,,,138,515.5
1787168100,327.46,327.57,327.46,327.48,335.84,330.21,,,,,,,,,,,,,,,,,,,,,,,,,,,,,,,,,,,,,,,,,,,,,,,,,,,,86,517.8
1787168160,327.46,327.46,327.38,327.38,335.84,330.21,,,,,,,,,,,,,,,,,,,,,,,,,,,,,,,,,,,,,,,,,,,,,,,,,,,,54,505.75
1787168220,327.28,327.45,327.28,327.45,335.84,330.21,,,,,,,,,,,,,,,,,,,,,,,,,,,,,,,,,,,,,,,,,,,,,,,,,,,,911,541.4
1787168280,327.46,327.55,327.46,327.47,335.84,330.21,,,,,,,,,,,,,,,,,,,,,,,,,,,,,,,,,,,,,,,,,,,,,,,,,,,,172,537.35
1787168340,327.61,327.73,327.43,327.43,335.84,330.21,,,,,,,,,,,,,,,,,,,,,,,,,,,,,,,,,,,,,,,,,,,,,,,,,,,,304,527.35
1787168400,327.51,327.61,327.48,327.51,335.84,330.21,,,,,,,,,,,,,,,,,,,,,,,,,,,,,,,,,,,,,,,,,,,,,,,,,,,,489,550.7
1787168460,327.38,327.46,327.24,327.46,335.84,330.21,,,,,,,,,,,,,,,,,,,,,,,,,,,,,,,,,,,,,,,,,,,,,,,,,,,,748,588
1787168520,327.39,327.39,327.25,327.28,335.84,330.21,,,,,,,,,,,,,,,,,,,,,,,,,,,,,,,,,,,,,,,,,,,,,,,,,,,,78,570.65
1787168580,327.3,327.47,327.3,327.47,335.84,330.21,,,,,,,,,,,,,,,,,,,,,,,,,,,,,,,,,,,,,,,,,,,,,,,,,,,,343,583.3
1787168640,327.43,327.43,327.24,327.24,335.84,330.21,,,,,,,,,,,,,,,,,,,,,,,,,,,,,,,,,,,,,,,,,,,,,,,,,,,,94,587.3
1787168700,327.19,327.38,327.19,327.31,335.84,330.21,,,,,,,,,,,,,,,,,,,,,,,,,,,,,,,,,,,,,,,,,,,,,,,,,,,,465,610.4
1787168760,327.36,327.56,327.36,327.56,335.84,330.21,,,,,,,,,,,,,,,,,,,,,,,,,,,,,,,,,,,,,,,,,,,,,,,,,,,,225,616.5
1787168820,327.57,327.66,327.53,327.53,335.84,330.21,,,,,,,,,,,,,,,,,,,,,,,,,,,,,,,,,,,,,,,,,,,,,,,,,,,,367,583.75
1787168880,327.64,327.66,327.53,327.53,335.84,330.21,,,,,,,,,,,,,,,,,,,,,,,,,,,,,,,,,,,,,,,,,,,,,,,,,,,,538,574.25
1787168940,327.56,327.56,327.3,327.38,335.84,330.21,,,,,,,,,,,,,,,,,,,,,,,,,,,,,,,,,,,,,,,,,,,,,,,,,,,,559,599.75
1787169000,327.48,327.72,327.4,327.72,335.84,330.21,,,,,,,,,,,,,,,,,,,,,,,,,,,,,,,,,,,,,,,,,,,,,,,,,,,,415,425.3
1787169060,327.94,327.94,327.51,327.51,335.84,330.21,,,,,,,,,,,,,,,,,,,,,,,,,,,,,,,,,,,,,,,,,,,,,,,,,,,,1115,404.05
1787169120,327.46,327.51,327.2,327.51,335.84,330.21,,,,,,,,,,,,,,,,,,,,,,,,,,,,,,,,,,,,,,,,,,,,,,,,,,,,516,409.2
1787169180,327.56,327.56,327.37,327.44,335.84,330.21,,,,,,,,,,,,,,,,,,,,,,,,,,,,,,,,,,,,,,,,,,,,,,,,,,,,605,411.1
1787169240,327.52,327.8,327.52,327.8,335.84,330.21,,,,,,,,,,,,,,,,,,,,,,,,,,,,,,,,,,,,,,,,,,,,,,,,,,,,822,445.3
1787169300,327.71,327.83,327.425,327.74,335.84,330.21,,,,,,,,,,,,,,,,,,,,,,,,,,,,,,,,,,,,,,,,,,,,,,,,,,,,1611,521.55
1787169360,327.61,328.08,327.61,327.8,335.84,330.21,,,,,,,,,,,,,,,,,,,,,,,,,,,,,,,,,,,,,,,,,,,,,,,,,,,,3011,669.4
1787169420,327.8,328.56,327.65,328.29,335.84,330.21,,,,,,,,,,,,,,,,,,,,,,,,,,,,,,,,,,,,,,,,,,,,,,,,,,,,7140,980.85
1787169480,328.25,328.25,327.865,328.11,335.84,330.21,,,,,,,,,,,,,,,,,,,,,,,,,,,,,,,,,,,,,,,,,,,,,,,,,,,,7469,1345.7
1787169540,328.07,328.46,327.92,328.44,335.84,330.21,,,1,26,1,1787147100000,336.1,335.84,330.21,5.6299999999999955,0.5667426698723809,0.571258554001773,2.6509967271645416,1,1787147160000,2,0,,,,0,0,0,0,0,,,,0,0,0,0,0,,,,0,0,0,0,0,,,,0,0,0,0,,-1,26,8996,1780.3
1787232600,326.93,327.56,326.76,326.77,327.56,326.76,,,,,,,,,,,,,,,,,,,,,,,,,,,,,,,,,,,,,,,,,,,,,,,,,,,,187,1765.2
1787232660,326.725,326.725,325.74,326.285,327.56,325.74,,,,,,,,,,,,,,,,,,,,,,,,,,,,,,,,,,,,,,,,,,,,,,,,,,,,132,1734.4
1787232720,327.2,327.31,327.2,327.31,327.56,325.74,,,,,,,,,,,,,,,,,,,,,,,,,,,,,,,,,,,,,,,,,,,,,,,,,,,,16,1731.3
1787232780,327.02,327.02,326.48,326.48,327.56,325.74,,,,,,,,,,,,,,,,,,,,,,,,,,,,,,,,,,,,,,,,,,,,,,,,,,,,29,1715.6
1787232840,327.1,327.1,327.1,327.1,327.56,325.74,,,,,,,,,,,,,,,,,,,,,,,,,,,,,,,,,,,,,,,,,,,,,,,,,,,,2,1711
1787232900,327.335,327.335,327.335,327.335,327.56,325.74,,,,,,,,,,,,,,,,,,,,,,,,,,,,,,,,,,,,,,,,,,,,,,,,,,,,120,1693.75
1787232960,327.88,327.88,327.88,327.88,327.88,325.74,,,,,,,,,,,,,,,,,,,,,,,,,,,,,,,,,,,,,,,,,,,,,,,,,,,,7,1682.85
1787233140,326.59,326.59,326.59,326.59,327.88,325.74,,,,,,,,,,,,,,,,,,,,,,,,,,,,,,,,,,,,,,,,,,,,,,,,,,,,125,1670.75
1787233200,326.97,326.97,326.97,326.97,327.88,325.74,,,,,,,,,,,,,,,,,,,,,,,,,,,,,,,,,,,,,,,,,,,,,,,,,,,,7,1644.2
1787233260,326.18,326.51,326.18,326.51,327.88,325.74,,,,,,,,,,,,,,,,,,,,,,,,,,,,,,,,,,,,,,,,,,,,,,,,,,,,2,1616.35
1787233320,326.13,326.13,326.11,326.11,327.88,325.74,,,,,,,,,,,,,,,,,,,,,,,,,,,,,,,,,,,,,,,,,,,,,,,,,,,,23,1596.75
1787233380,326.1,326.1,325.87,325.87,327.88,325.74,,,,,,,,,,,,,,,,,,,,,,,,,,,,,,,,,,,,,,,,,,,,,,,,,,,,142,1548.1
1787233440,325.78,325.82,325.73,325.73,327.88,325.73,,,,,,,,,,,,,,,,,,,,,,,,,,,,,,,,,,,,,,,,,,,,,,,,,,,,190,1531.8
1787233560,325.45,325.82,325.45,325.82,327.88,325.73,,,,,,,,,,,,,,,,,,,,,,,,,,,,,,,,,,,,,,,,,,,,,,,,,,,,248,1513.95
1787233620,325.95,326.15,325.95,326.12,327.88,325.73,,,,,,,,,,,,,,,,,,,,,,,,,,,,,,,,,,,,,,,,,,,,,,,,,,,,228,1484.25
1787233680,326.27,326.36,326.27,326.36,327.88,325.73,,,,,,,,,,,,,,,,,,,,,,,,,,,,,,,,,,,,,,,,,,,,,,,,,,,,170,1412.2
1787233740,326.5,326.5,326.49,326.49,327.88,325.73,,,,,,,,,,,,,,,,,,,,,,,,,,,,,,,,,,,,,,,,,,,,,,,,,,,,11,1262.2
1787233800,326.57,326.92,326.57,326.92,327.88,325.73,,,,,,,,,,,,,,,,,,,,,,,,,,,,,,,,,,,,,,,,,,,,,,,,,,,,104,910.4
1787233860,326.71,326.81,326.57,326.57,327.88,325.73,,,,,,,,,,,,,,,,,,,,,,,,,,,,,,,,,,,,,,,,,,,,,,,,,,,,234,548.65
1787233920,326.69,327,326.69,327,327.88,325.73,,,,,,,,,,,,,,,,,,,,,,,,,,,,,,,,,,,,,,,,,,,,,,,,,,,,213,109.5
1787233980,326.88,326.96,326.73,326.73,327.88,325.73,,,,,,,,,,,,,,,,,,,,,,,,,,,,,,,,,,,,,,,,,,,,,,,,,,,,155,107.9
1787234040,327.02,327.08,327.02,327.08,327.88,325.73,,,,,,,,,,,,,,,,,,,,,,,,,,,,,,,,,,,,,,,,,,,,,,,,,,,,7,101.65
1787234100,327.19,327.19,327.09,327.175,327.88,325.73,,,,,,,,,,,,,,,,,,,,,,,,,,,,,,,,,,,,,,,,,,,,,,,,,,,,331,117.4
1787234160,327.36,327.46,327.06,327.26,327.88,325.73,,,,,,,,,,,,,,,,,,,,,,,,,,,,,,,,,,,,,,,,,,,,,,,,,,,,212,126.55
1787234280,327.24,327.4,327.24,327.4,327.88,325.73,,,,,,,,,,,,,,,,,,,,,,,,,,,,,,,,,,,,,,,,,,,,,,,,,,,,15,127.2
1787234340,327.25,327.34,327.25,327.34,327.88,325.73,,,,,,,,,,,,,,,,,,,,,,,,,,,,,,,,,,,,,,,,,,,,,,,,,,,,120,127.2
1787234400,326.83,327.61,326.76,327.61,327.88,325.73,,,,,,,,,,,,,,,,,,,,,,,,,,,,,,,,,,,,,,,,,,,,,,,,,,,,434,148.55
1787234460,327.64,327.97,327.64,327.97,327.88,325.73,,,,,,,,,,,,,,,,,,,,,,,,,,,,,,,,,,,,,,,,,,,,,,,,,,,,61,145.35
1787234520,327.52,327.52,327.52,327.52,327.88,325.73,,,,,,,,,,,,,,,,,,,,,,,,,,,,,,,,,,,,,,,,,,,,,,,,,,,,9,145.45
1787234580,327.61,327.61,327.52,327.52,327.88,325.73,,,,,,,,,,,,,,,,,,,,,,,,,,,,,,,,,,,,,,,,,,,,,,,,,,,,85,149.6
1787234640,327.62,327.76,327.62,327.66,327.88,325.73,,,,,,,,,,,,,,,,,,,,,,,,,,,,,,,,,,,,,,,,,,,,,,,,,,,,171,157
1787234700,327.42,327.42,327,327.02,327.88,325.73,,,,,,,,,,,,,,,,,,,,,,,,,,,,,,,,,,,,,,,,,,,,,,,,,,,,128,156.3
1787234760,326.86,326.86,326.48,326.48,327.88,325.73,,,,,,,,,,,,,,,,,,,,,,,,,,,,,,,,,,,,,,,,,,,,,,,,,,,,203,156.95
1787234820,326.82,326.82,326.2,326.2,327.88,325.73,,,,,,,,,,,,,,,,,,,,,,,,,,,,,,,,,,,,,,,,,,,,,,,,,,,,1406,214.85
1787234940,326.65,326.685,326.65,326.685,327.88,325.73,,,,,,,,,,,,,,,,,,,,,,,,,,,,,,,,,,,,,,,,,,,,,,,,,,,,80,207.45
1787235000,326.56,326.81,326.52,326.68,327.88,325.73,,,,,,,,,,,,,,,,,,,,,,,,,,,,,,,,,,,,,,,,,,,,,,,,,,,,78,202.85
1787235060,326.69,326.69,326.6,326.6,327.88,325.73,,,,,,,,,,,,,,,,,,,,,,,,,,,,,,,,,,,,,,,,,,,,,,,,,,,,44,204.5
1787235120,326.57,326.57,326.55,326.55,327.88,325.73,,,,,,,,,,,,,,,,,,,,,,,,,,,,,,,,,,,,,,,,,,,,,,,,,,,,12,199.9
1787235240,326.46,326.46,326.42,326.42,327.88,325.73,,,,,,,,,,,,,,,,,,,,,,,,,,,,,,,,,,,,,,,,,,,,,,,,,,,,370,206.7
1787235300,326.04,326.7,326.04,326.7,327.88,325.73,,,,,,,,,,,,,,,,,,,,,,,,,,,,,,,,,,,,,,,,,,,,,,,,,,,,237,207.9
1787235360,326.62,326.74,326.53,326.74,327.88,325.73,,,,,,,,,,,,,,,,,,,,,,,,,,,,,,,,,,,,,,,,,,,,,,,,,,,,346,217.45
1787235420,326.71,326.71,326.64,326.64,327.88,325.73,,,,,,,,,,,,,,,,,,,,,,,,,,,,,,,,,,,,,,,,,,,,,,,,,,,,76,220.9
1787235480,326.8,327.35,326.75,327.11,327.88,325.73,,,,,,,,,,,,,,,,,,,,,,,,,,,,,,,,,,,,,,,,,,,,,,,,,,,,1349,271.8
1787235600,327.3,327.3,327,327.275,327.88,325.73,,,,,,,,,,,,,,,,,,,,,,,,,,,,,,,,,,,,,,,,,,,,,,,,,,,,636,293
1787235660,327.28,327.58,327.28,327.49,327.88,325.73,,,,,,,,,,,,,,,,,,,,,,,,,,,,,,,,,,,,,,,,,,,,,,,,,,,,135,299
1787235720,327.7,327.72,327.7,327.72,327.88,325.73,,,,,,,,,,,,,,,,,,,,,,,,,,,,,,,,,,,,,,,,,,,,,,,,,,,,40,295
1787235780,327.85,328.11,327.85,328.11,327.88,325.73,,,,,,,,,,,,,,,,,,,,,,,,,,,,,,,,,,,,,,,,,,,,,,,,,,,,29,274.75
1787235840,328.235,328.6,328.235,328.6,327.88,325.73,,,,,,,,,,,,,,,,,,,,,,,,,,,,,,,,,,,,,,,,,,,,,,,,,,,,185,280.95
1787235900,328.47,328.47,327.89,327.89,327.88,325.73,,,,,,,,,,,,,,,,,,,,,,,,,,,,,,,,,,,,,,,,,,,,,,,,,,,,150,288
1787235960,327.61,327.61,327.52,327.52,327.88,325.73,,,,,,,,,,,,,,,,,,,,,,,,,,,,,,,,,,,,,,,,,,,,,,,,,,,,44,285.95
1787236080,327.225,327.225,327.22,327.22,327.88,325.73,,,,,,,,,,,,,,,,,,,,,,,,,,,,,,,,,,,,,,,,,,,,,,,,,,,,64,280.6
1787236140,327.24,327.61,327.23,327.44,327.88,325.73,,,,,,,,,,,,,,,,,,,,,,,,,,,,,,,,,,,,,,,,,,,,,,,,,,,,2677,408.05
1787236200,327.64,327.88,327.64,327.79,327.88,325.73,,,,,,,,,,,,,,,,,,,,,,,,,,,,,,,,,,,,,,,,,,,,,,,,,,,,155,405.65
1787236260,327.6,327.995,327.58,327.995,327.88,325.73,,,,,,,,,,,,,,,,,,,,,,,,,,,,,,,,,,,,,,,,,,,,,,,,,,,,450,357.85
1787236320,328.01,328.21,328,328,327.88,325.73,,,,,,,,,,,,,,,,,,,,,,,,,,,,,,,,,,,,,,,,,,,,,,,,,,,,305,369.1
1787236380,327.96,327.99,327.75,327.99,327.88,325.73,,,,,,,,,,,,,,,,,,,,,,,,,,,,,,,,,,,,,,,,,,,,,,,,,,,,524,391.4
1787236440,327.85,328.29,327.75,328.05,327.88,325.73,,,,,,,,,,,,,,,,,,,,,,,,,,,,,,,,,,,,,,,,,,,,,,,,,,,,759,427.15
1787236500,327.98,327.98,327.68,327.845,327.88,325.73,,,,,,,,,,,,,,,,,,,,,,,,,,,,,,,,,,,,,,,,,,,,,,,,,,,,269,440
1787236560,328.11,328.11,328.09,328.09,327.88,325.73,,,,,,,,,,,,,,,,,,,,,,,,,,,,,,,,,,,,,,,,,,,,,,,,,,,,44,423.7
1787236620,328,328.005,328,328.005,327.88,325.73,,,,,,,,,,,,,,,,,,,,,,,,,,,,,,,,,,,,,,,,,,,,,,,,,,,,120,417.85
1787236680,328.13,328.25,328.06,328.06,327.88,325.73,,,,,,,,,,,,,,,,,,,,,,,,,,,,,,,,,,,,,,,,,,,,,,,,,,,,362,418.65
1787236740,328.43,328.49,328.43,328.49,327.88,325.73,,,,,,,,,,,,,,,,,,,,,,,,,,,,,,,,,,,,,,,,,,,,,,,,,,,,59,417.8
1787236800,328.38,328.56,328.36,328.54,327.88,325.73,,,,,,,,,,,,,,,,,,,,,,,,,,,,,,,,,,,,,,,,,,,,,,,,,,,,195,360.1
1787236860,328.39,328.42,328.26,328.26,327.88,325.73,,,,,,,,,,,,,,,,,,,,,,,,,,,,,,,,,,,,,,,,,,,,,,,,,,,,121,334.35
1787236920,328.38,328.76,328.38,328.76,327.88,325.73,,,,,,,,,,,,,,,,,,,,,,,,,,,,,,,,,,,,,,,,,,,,,,,,,,,,100,332.6
1787236980,328.92,328.92,328.92,328.92,327.88,325.73,,,,,,,,,,,,,,,,,,,,,,,,,,,,,,,,,,,,,,,,,,,,,,,,,,,,1,330.65
1787237040,328.93,329.12,328.93,328.95,327.88,325.73,,,,,,,,,,,,,,,,,,,,,,,,,,,,,,,,,,,,,,,,,,,,,,,,,,,,204,339.4
1787237100,329.28,329.39,329.28,329.39,327.88,325.73,,,,,,,,,,,,,,,,,,,,,,,,,,,,,,,,,,,,,,,,,,,,,,,,,,,,71,333.7
1787237160,329.6,329.6,329.6,329.6,327.88,325.73,,,,,,,,,,,,,,,,,,,,,,,,,,,,,,,,,,,,,,,,,,,,,,,,,,,,40,328.2
1787237220,330.11,330.11,330.11,330.11,327.88,325.73,,,,,,,,,,,,,,,,,,,,,,,,,,,,,,,,,,,,,,,,,,,,,,,,,,,,14,326.7
1787237280,330.39,330.65,330.1,330.1,327.88,325.73,,,,,,,,,,,,,,,,,,,,,,,,,,,,,,,,,,,,,,,,,,,,,,,,,,,,506,348.8
1787237340,330,330.1,329.99,330.1,327.88,325.73,,,,,,,,,,,,,,,,,,,,,,,,,,,,,,,,,,,,,,,,,,,,,,,,,,,,10,215.45
1787237400,330.19,330.25,330.19,330.25,327.88,325.73,,,,,,,,,,,,,,,,,,,,,,,,,,,,,,,,,,,,,,,,,,,,,,,,,,,,19,208.65
1787237460,330.38,330.4,330.3,330.3,327.88,325.73,,,,,,,,,,,,,,,,,,,,,,,,,,,,,,,,,,,,,,,,,,,,,,,,,,,,35,187.9
1787237520,330.38,330.9,330.38,330.9,327.88,325.73,,,,,,,,,,,,,,,,,,,,,,,,,,,,,,,,,,,,,,,,,,,,,,,,,,,,253,185.3
1787237580,331,331.15,330.98,331.15,327.88,325.73,,,,,,,,,,,,,,,,,,,,,,,,,,,,,,,,,,,,,,,,,,,,,,,,,,,,275,172.85
1787237640,331.13,331.13,331,331,327.88,325.73,,,,,,,,,,,,,,,,,,,,,,,,,,,,,,,,,,,,,,,,,,,,,,,,,,,,380,153.9
1787237760,331.01,331.01,330.91,331.01,327.88,325.73,,,,,,,,,,,,,,,,,,,,,,,,,,,,,,,,,,,,,,,,,,,,,,,,,,,,128,146.85
1787237820,331.26,331.26,331.26,331.26,327.88,325.73,,,,,,,,,,,,,,,,,,,,,,,,,,,,,,,,,,,,,,,,,,,,,,,,,,,,40,146.65
1787237880,331.35,331.55,331.22,331.55,327.88,325.73,,,,,,,,,,,,,,,,,,,,,,,,,,,,,,,,,,,,,,,,,,,,,,,,,,,,271,154.2
1787237940,331.71,331.74,331.13,331.15,327.88,325.73,,,,,,,,,,,,,,,,,,,,,,,,,,,,,,,,,,,,,,,,,,,,,,,,,,,,379,155.05
1787238000,331.27,331.61,331.27,331.54,327.88,325.73,,,,,,,,,,,,,,,,,,,,,,,,,,,,,,,,,,,,,,,,,,,,,,,,,,,,134,158.8
1787238060,331.69,331.77,331.69,331.77,327.88,325.73,,,,,,,,,,,,,,,,,,,,,,,,,,,,,,,,,,,,,,,,,,,,,,,,,,,,93,153.7
1787238120,331.9,332,331.87,331.87,327.88,325.73,,,,,,,,,,,,,,,,,,,,,,,,,,,,,,,,,,,,,,,,,,,,,,,,,,,,221,158.7
1787238180,331.98,332.37,331.98,332.37,327.88,325.73,,,,,,,,,,,,,,,,,,,,,,,,,,,,,,,,,,,,,,,,,,,,,,,,,,,,158,161.6
1787238240,332.33,332.33,331.56,331.56,327.88,325.73,,,,,,,,,,,,,,,,,,,,,,,,,,,,,,,,,,,,,,,,,,,,,,,,,,,,682,195.65
1787238360,331.62,331.62,331.62,331.62,327.88,325.73,,,,,,,,,,,,,,,,,,,,,,,,,,,,,,,,,,,,,,,,,,,,,,,,,,,,3,185.6
1787238480,331.49,331.49,331.35,331.35,327.88,325.73,,,,,,,,,,,,,,,,,,,,,,,,,,,,,,,,,,,,,,,,,,,,,,,,,,,,53,184.7
1787238540,331.52,331.52,331.37,331.37,327.88,325.73,,,,,,,,,,,,,,,,,,,,,,,,,,,,,,,,,,,,,,,,,,,,,,,,,,,,31,184.25
1787238600,331.49,331.75,331.49,331.75,327.88,325.73,,,,,,,,,,,,,,,,,,,,,,,,,,,,,,,,,,,,,,,,,,,,,,,,,,,,206,193.85
1787238720,331.54,331.54,331.54,331.54,327.88,325.73,,,,,,,,,,,,,,,,,,,,,,,,,,,,,,,,,,,,,,,,,,,,,,,,,,,,10,169.05
1787238780,331.76,332,331.76,332,327.88,325.73,,,,,,,,,,,,,,,,,,,,,,,,,,,,,,,,,,,,,,,,,,,,,,,,,,,,176,177.35
1787238900,331.98,331.98,331.82,331.88,327.88,325.73,,,,,,,,,,,,,,,,,,,,,,,,,,,,,,,,,,,,,,,,,,,,,,,,,,,,206,186.7
1787238960,331.97,332.05,331.94,331.94,327.88,325.73,,,,,,,,,,,,,,,,,,,,,,,,,,,,,,,,,,,,,,,,,,,,,,,,,,,,88,189.35
1787239020,331.93,332.24,331.93,332.24,327.88,325.73,,,,,,,,,,,,,,,,,,,,,,,,,,,,,,,,,,,,,,,,,,,,,,,,,,,,171,185.25
1787239080,332.42,332.49,332.36,332.36,327.88,325.73,,,,,,,,,,,,,,,,,,,,,,,,,,,,,,,,,,,,,,,,,,,,,,,,,,,,52,174.1
1787239140,332.29,332.29,332.29,332.29,327.88,325.73,,,,,,,,,,,,,,,,,,,,,,,,,,,,,,,,,,,,,,,,,,,,,,,,,,,,1,155.15
1787239200,332.2,332.25,332.2,332.2,327.88,325.73,,,,,,,,,,,,,,,,,,,,,,,,,,,,,,,,,,,,,,,,,,,,,,,,,,,,18,149.65
1787239260,332.12,332.36,332.09,332.19,327.88,325.73,,,,,,,,,,,,,,,,,,,,,,,,,,,,,,,,,,,,,,,,,,,,,,,,,,,,238,159.55
1787239380,332.29,332.36,332.29,332.36,327.88,325.73,,,,,,,,,,,,,,,,,,,,,,,,,,,,,,,,,,,,,,,,,,,,,,,,,,,,53,148.65
1787239440,332.5,332.5,332.5,332.5,327.88,325.73,,,,,,,,,,,,,,,,,,,,,,,,,,,,,,,,,,,,,,,,,,,,,,,,,,,,59,132.65
1787239500,332.51,332.51,332.51,332.51,327.88,325.73,,,,,,,,,,,,,,,,,,,,,,,,,,,,,,,,,,,,,,,,,,,,,,,,,,,,1,126
1787239560,332.43,332.51,332.43,332.51,327.88,325.73,,,,,,,,,,,,,,,,,,,,,,,,,,,,,,,,,,,,,,,,,,,,,,,,,,,,33,123
1787239620,332.61,332.82,332.54,332.75,327.88,325.73,,,,,,,,,,,,,,,,,,,,,,,,,,,,,,,,,,,,,,,,,,,,,,,,,,,,429,133.4
1787239680,332.86,332.86,331.96,332.07,327.88,325.73,,,,,,,,,,,,,,,,,,,,,,,,,,,,,,,,,,,,,,,,,,,,,,,,,,,,947,172.85
1787239740,331.98,332.05,331.98,332.05,327.88,325.73,,,,,,,,,,,,,,,,,,,,,,,,,,,,,,,,,,,,,,,,,,,,,,,,,,,,1000,188.75
1787239800,331.87,332.05,331.76,331.78,327.88,325.73,,,,,,,,,,,,,,,,,,,,,,,,,,,,,,,,,,,,,,,,,,,,,,,,,,,,42,190.7
1787239860,331.98,332,331.8,331.81,327.88,325.73,,,,,,,,,,,,,,,,,,,,,,,,,,,,,,,,,,,,,,,,,,,,,,,,,,,,300,203.05
1787239920,331.37,331.37,331.37,331.37,327.88,325.73,,,,,,,,,,,,,,,,,,,,,,,,,,,,,,,,,,,,,,,,,,,,,,,,,,,,2,201.6
1787239980,331.31,331.31,330.69,330.99,327.88,325.73,,,,,,,,,,,,,,,,,,,,,,,,,,,,,,,,,,,,,,,,,,,,,,,,,,,,31,192.85
1787240040,330.81,330.81,330.81,330.81,327.88,325.73,,,,,,,,,,,,,,,,,,,,,,,,,,,,,,,,,,,,,,,,,,,,,,,,,,,,4,192.55
1787240100,330.56,330.56,330.28,330.28,327.88,325.73,,,,,,,,,,,,,,,,,,,,,,,,,,,,,,,,,,,,,,,,,,,,,,,,,,,,216,194.55
1787240280,330.15,330.15,329.88,330,327.88,325.73,,,,,,,,,,,,,,,,,,,,,,,,,,,,,,,,,,,,,,,,,,,,,,,,,,,,117,190.1
1787240340,329.8,330.06,329.78,330.06,327.88,325.73,,,,,,,,,,,,,,,,,,,,,,,,,,,,,,,,,,,,,,,,,,,,,,,,,,,,250,198.2
1787240400,330.07,330.07,329.94,329.95,327.88,325.73,,,,,,,,,,,,,,,,,,,,,,,,,,,,,,,,,,,,,,,,,,,,,,,,,,,,214,200.35
1787240460,329.89,329.89,329.87,329.87,327.88,325.73,,,,,,,,,,,,,,,,,,,,,,,,,,,,,,,,,,,,,,,,,,,,,,,,,,,,480,221.75
1787240520,329.875,329.875,329.875,329.875,327.88,325.73,,,,,,,,,,,,,,,,,,,,,,,,,,,,,,,,,,,,,,,,,,,,,,,,,,,,12,222.3
1787240580,329.78,329.78,329.49,329.49,327.88,325.73,,,,,,,,,,,,,,,,,,,,,,,,,,,,,,,,,,,,,,,,,,,,,,,,,,,,113,227.05
1787240640,329.58,329.58,329.57,329.58,327.88,325.73,,,,,,,,,,,,,,,,,,,,,,,,,,,,,,,,,,,,,,,,,,,,,,,,,,,,19,216.1
1787240700,329.37,329.46,329.37,329.45,327.88,325.73,,,,,,,,,,,,,,,,,,,,,,,,,,,,,,,,,,,,,,,,,,,,,,,,,,,,4,213.65
1787240820,329.63,329.65,329.63,329.65,327.88,325.73,,,,,,,,,,,,,,,,,,,,,,,,,,,,,,,,,,,,,,,,,,,,,,,,,,,,82,214.8
1787240880,329.95,329.95,329.89,329.89,327.88,325.73,,,,,,,,,,,,,,,,,,,,,,,,,,,,,,,,,,,,,,,,,,,,,,,,,,,,2,214.85
1787241000,329.69,329.69,329.59,329.605,327.88,325.73,,,,,,,,,,,,,,,,,,,,,,,,,,,,,,,,,,,,,,,,,,,,,,,,,,,,234,224.9
1787241060,329.71,329.71,329.71,329.71,327.88,325.73,,,,,,,,,,,,,,,,,,,,,,,,,,,,,,,,,,,,,,,,,,,,,,,,,,,,3,203.6
1787241120,329.6,329.6,329.6,329.6,327.88,325.73,,,,,,,,,,,,,,,,,,,,,,,,,,,,,,,,,,,,,,,,,,,,,,,,,,,,31,157.8
1787241180,329.71,329.91,329.71,329.71,327.88,325.73,,,,,,,,,,,,,,,,,,,,,,,,,,,,,,,,,,,,,,,,,,,,,,,,,,,,163,115.95
1787241240,329.64,329.64,329.63,329.64,327.88,325.73,,,,,,,,,,,,,,,,,,,,,,,,,,,,,,,,,,,,,,,,,,,,,,,,,,,,52,116.45
1787241300,329.83,330.12,329.83,330.12,327.88,325.73,,,,,,,,,,,,,,,,,,,,,,,,,,,,,,,,,,,,,,,,,,,,,,,,,,,,102,106.55
1787241360,330.19,330.26,330.18,330.26,327.88,325.73,,,,,,,,,,,,,,,,,,,,,,,,,,,,,,,,,,,,,,,,,,,,,,,,,,,,51,109
1787241420,330.06,330.06,329.96,329.96,327.88,325.73,,,,,,,,,,,,,,,,,,,,,,,,,,,,,,,,,,,,,,,,,,,,,,,,,,,,197,117.3
1787241480,329.89,329.98,329.89,329.98,327.88,325.73,,,,,,,,,,,,,,,,,,,,,,,,,,,,,,,,,,,,,,,,,,,,,,,,,,,,28,118.5
1787241540,330.07,330.28,330.07,330.28,327.88,325.73,,,,,,,,,,,,,,,,,,,,,,,,,,,,,,,,,,,,,,,,,,,,,,,,,,,,266,121
1787241600,330.31,330.31,330.31,330.31,327.88,325.73,,,,,,,,,,,,,,,,,,,,,,,,,,,,,,,,,,,,,,,,,,,,,,,,,,,,2,115.25
1787241720,330.64,330.64,330.64,330.64,327.88,325.73,,,,,,,,,,,,,,,,,,,,,,,,,,,,,,,,,,,,,,,,,,,,,,,,,,,,19,103.7
1787241780,330.55,330.71,330.37,330.37,327.88,325.73,,,,,,,,,,,,,,,,,,,,,,,,,,,,,,,,,,,,,,,,,,,,,,,,,,,,182,102.1
1787241840,330.26,330.26,330.16,330.16,327.88,325.73,,,,,,,,,,,,,,,,,,,,,,,,,,,,,,,,,,,,,,,,,,,,,,,,,,,,3,78.25
1787241900,330.18,330.18,330.01,330.01,327.88,325.73,,,,,,,,,,,,,,,,,,,,,,,,,,,,,,,,,,,,,,,,,,,,,,,,,,,,212,88.25
1787242080,330,330.22,330,330.16,327.88,325.73,,,,,,,,,,,,,,,,,,,,,,,,,,,,,,,,,,,,,,,,,,,,,,,,,,,,1951,180.15
1787242140,330.04,330.05,330.04,330.05,327.88,325.73,,,,,,,,,,,,,,,,,,,,,,,,,,,,,,,,,,,,,,,,,,,,,,,,,,,,5,179.45
1787242200,330.05,330.27,330.05,330.27,327.88,325.73,,,,,,,,,,,,,,,,,,,,,,,,,,,,,,,,,,,,,,,,,,,,,,,,,,,,445,201.5
1787242260,330.17,330.3,329.97,330.27,327.88,325.73,,,,,,,,,,,,,,,,,,,,,,,,,,,,,,,,,,,,,,,,,,,,,,,,,,,,2279,311.35
1787242320,330.2,330.3,330.1,330.3,327.88,325.73,,,,,,,,,,,,,,,,,,,,,,,,,,,,,,,,,,,,,,,,,,,,,,,,,,,,1449,383.7
1787242380,330.09,330.09,330.08,330.08,327.88,325.73,,,,,,,,,,,,,,,,,,,,,,,,,,,,,,,,,,,,,,,,,,,,,,,,,,,,148,379.4
1787242440,330.19,330.34,330.19,330.29,327.88,325.73,,,,,,,,,,,,,,,,,,,,,,,,,,,,,,,,,,,,,,,,,,,,,,,,,,,,525,405.5
1787242500,330.26,330.37,330.2,330.23,327.88,325.73,,,,,,,,,,,,,,,,,,,,,,,,,,,,,,,,,,,,,,,,,,,,,,,,,,,,996,453.75
1787242560,330.2,330.2,330.2,330.2,327.88,325.73,,,,,,,,,,,,,,,,,,,,,,,,,,,,,,,,,,,,,,,,,,,,,,,,,,,,25,446.85
1787242620,330.31,330.5,330.27,330.48,327.88,325.73,,,,,,,,,,,,,,,,,,,,,,,,,,,,,,,,,,,,,,,,,,,,,,,,,,,,173,452.9
1787242680,330.44,330.53,330.36,330.51,327.88,325.73,,,,,,,,,,,,,,,,,,,,,,,,,,,,,,,,,,,,,,,,,,,,,,,,,,,,351,465.35
1787242740,330.43,330.7,330.215,330.215,327.88,325.73,,,,,,,,,,,,,,,,,,,,,,,,,,,,,,,,,,,,,,,,,,,,,,,,,,,,876,506.6
1787242860,330.43,330.43,330.43,330.43,327.88,325.73,,,,,,,,,,,,,,,,,,,,,,,,,,,,,,,,,,,,,,,,,,,,,,,,,,,,1,496.8
1787242920,330.36,330.36,330.36,330.36,327.88,325.73,,,,,,,,,,,,,,,,,,,,,,,,,,,,,,,,,,,,,,,,,,,,,,,,,,,,25,496.65
1787242980,330.11,330.4,330.11,330.4,327.88,325.73,,,,,,,,,,,,,,,,,,,,,,,,,,,,,,,,,,,,,,,,,,,,,,,,,,,,114,489.05
1787243040,330.35,330.4,330.17,330.17,327.88,325.73,,,,,,,,,,,,,,,,,,,,,,,,,,,,,,,,,,,,,,,,,,,,,,,,,,,,156,496.75
1787243100,330.13,330.13,330.13,330.13,327.88,325.73,,,,,,,,,,,,,,,,,,,,,,,,,,,,,,,,,,,,,,,,,,,,,,,,,,,,17,496.65
1787243160,329.98,329.98,329.98,329.98,327.88,325.73,,,,,,,,,,,,,,,,,,,,,,,,,,,,,,,,,,,,,,,,,,,,,,,,,,,,5,487.8
1787243220,329.98,329.98,329.98,329.98,327.88,325.73,,,,,,,,,,,,,,,,,,,,,,,,,,,,,,,,,,,,,,,,,,,,,,,,,,,,10,488.15
1787243400,329.87,329.91,329.82,329.91,327.88,325.73,,,,,,,,,,,,,,,,,,,,,,,,,,,,,,,,,,,,,,,,,,,,,,,,,,,,315,493.3
1787243460,329.97,329.97,329.97,329.97,327.88,325.73,,,,,,,,,,,,,,,,,,,,,,,,,,,,,,,,,,,,,,,,,,,,,,,,,,,,1,395.8
1787243520,329.97,329.97,329.97,329.97,327.88,325.73,,,,,,,,,,,,,,,,,,,,,,,,,,,,,,,,,,,,,,,,,,,,,,,,,,,,1,395.6
1787243640,330.04,330.08,329.86,329.88,327.88,325.73,,,,,,,,,,,,,,,,,,,,,,,,,,,,,,,,,,,,,,,,,,,,,,,,,,,,175,382.1
1787243760,329.92,329.95,329.9,329.95,327.88,325.73,,,,,,,,,,,,,,,,,,,,,,,,,,,,,,,,,,,,,,,,,,,,,,,,,,,,286,282.45
1787243820,329.96,330.01,329.91,329.91,327.88,325.73,,,,,,,,,,,,,,,,,,,,,,,,,,,,,,,,,,,,,,,,,,,,,,,,,,,,15,210.75
1787243880,329.95,330.04,329.94,330.04,327.88,325.73,,,,,,,,,,,,,,,,,,,,,,,,,,,,,,,,,,,,,,,,,,,,,,,,,,,,15,204.1
1787244000,330.14,330.27,330.14,330.27,327.88,325.73,,,,,,,,,,,,,,,,,,,,,,,,,,,,,,,,,,,,,,,,,,,,,,,,,,,,65,181.1
1787244060,330.36,330.36,330.19,330.19,327.88,325.73,,,,,,,,,,,,,,,,,,,,,,,,,,,,,,,,,,,,,,,,,,,,,,,,,,,,262,144.4
1787244180,329.98,330,329.93,330,327.88,325.73,,,,,,,,,,,,,,,,,,,,,,,,,,,,,,,,,,,,,,,,,,,,,,,,,,,,126,149.45
1787244300,330.25,330.25,330.04,330.04,327.88,325.73,,,,,,,,,,,,,,,,,,,,,,,,,,,,,,,,,,,,,,,,,,,,,,,,,,,,14,141.5
1787244360,330.04,330.04,330.04,330.04,327.88,325.73,,,,,,,,,,,,,,,,,,,,,,,,,,,,,,,,,,,,,,,,,,,,,,,,,,,,1,124
1787244420,330.16,330.27,330.16,330.27,327.88,325.73,,,,,,,,,,,,,,,,,,,,,,,,,,,,,,,,,,,,,,,,,,,,,,,,,,,,2,80.3
1787244480,330.16,330.3,330.16,330.3,327.88,325.73,,,,,,,,,,,,,,,,,,,,,,,,,,,,,,,,,,,,,,,,,,,,,,,,,,,,2,80.35
1787244540,330.16,330.31,330.16,330.26,327.88,325.73,,,,,,,,,,,,,,,,,,,,,,,,,,,,,,,,,,,,,,,,,,,,,,,,,,,,124,85.3
1787244660,330.14,330.14,329.89,329.89,327.88,325.73,,,,,,,,,,,,,,,,,,,,,,,,,,,,,,,,,,,,,,,,,,,,,,,,,,,,575,108.35
1787244780,329.78,329.78,329.78,329.78,327.88,325.73,,,,,,,,,,,,,,,,,,,,,,,,,,,,,,,,,,,,,,,,,,,,,,,,,,,,5,100.8
1787244840,329.89,329.89,329.89,329.89,327.88,325.73,,,,,,,,,,,,,,,,,,,,,,,,,,,,,,,,,,,,,,,,,,,,,,,,,,,,1,100
1787244900,329.895,329.895,329.82,329.82,327.88,325.73,,,,,,,,,,,,,,,,,,,,,,,,,,,,,,,,,,,,,,,,,,,,,,,,,,,,5,100
1787244960,329.64,329.7,329.61,329.7,327.88,325.73,,,,,,,,,,,,,,,,,,,,,,,,,,,,,,,,,,,,,,,,,,,,,,,,,,,,12,100.1
1787245020,329.7,329.7,329.7,329.7,327.88,325.73,,,,,,,,,,,,,,,,,,,,,,,,,,,,,,,,,,,,,,,,,,,,,,,,,,,,2,84.45
1787245080,329.77,329.79,329.77,329.79,327.88,325.73,,,,,,,,,,,,,,,,,,,,,,,,,,,,,,,,,,,,,,,,,,,,,,,,,,,,291,98.95
1787245140,329.94,330,329.94,330,327.88,325.73,,,,,,,,,,,,,,,,,,,,,,,,,,,,,,,,,,,,,,,,,,,,,,,,,,,,118,104.8
1787245200,329.83,329.83,329.83,329.83,327.88,325.73,,,,,,,,,,,,,,,,,,,,,,,,,,,,,,,,,,,,,,,,,,,,,,,,,,,,1,96.1
1787245260,329.79,329.79,329.79,329.79,327.88,325.73,,,,,,,,,,,,,,,,,,,,,,,,,,,,,,,,,,,,,,,,,,,,,,,,,,,,1,81.85
1787245320,330.02,330.02,329.9,330,327.88,325.73,,,,,,,,,,,,,,,,,,,,,,,,,,,,,,,,,,,,,,,,,,,,,,,,,,,,56,83.9
1787245380,330.06,330.07,330.06,330.07,327.88,325.73,,,,,,,,,,,,,,,,,,,,,,,,,,,,,,,,,,,,,,,,,,,,,,,,,,,,80,87.15
1787245440,330.06,330.07,329.92,329.92,327.88,325.73,,,,,,,,,,,,,,,,,,,,,,,,,,,,,,,,,,,,,,,,,,,,,,,,,,,,1061,136.95
1787245560,330,330,329.87,329.87,327.88,325.73,,,,,,,,,,,,,,,,,,,,,,,,,,,,,,,,,,,,,,,,,,,,,,,,,,,,30,125.35
1787245620,329.78,329.78,329.78,329.78,327.88,325.73,,,,,,,,,,,,,,,,,,,,,,,,,,,,,,,,,,,,,,,,,,,,,,,,,,,,6,119.35
1787245680,329.6,329.63,329.51,329.63,327.88,325.73,,,,,,,,,,,,,,,,,,,,,,,,,,,,,,,,,,,,,,,,,,,,,,,,,,,,39,120.6
1787245800,329.83,329.98,329.82,329.98,327.88,325.73,,,,,,,,,,,,,,,,,,,,,,,,,,,,,,,,,,,,,,,,,,,,,,,,,,,,136,127.35
1787245980,329.99,329.99,329.96,329.96,327.88,325.73,,,,,,,,,,,,,,,,,,,,,,,,,,,,,,,,,,,,,,,,,,,,,,,,,,,,30,128.75
1787246100,329.955,329.955,329.95,329.95,327.88,325.73,,,,,,,,,,,,,,,,,,,,,,,,,,,,,,,,,,,,,,,,,,,,,,,,,,,,2,128.75
1787246160,329.96,329.96,329.86,329.86,327.88,325.73,,,,,,,,,,,,,,,,,,,,,,,,,,,,,,,,,,,,,,,,,,,,,,,,,,,,44,124.75
1787246220,329.81,329.875,329.78,329.78,327.88,325.73,,,,,,,,,,,,,,,,,,,,,,,,,,,,,,,,,,,,,,,,,,,,,,,,,,,,319,111.95
1787246280,329.72,329.86,329.72,329.86,327.88,325.73,,,,,,,,,,,,,,,,,,,,,,,,,,,,,,,,,,,,,,,,,,,,,,,,,,,,76,115.5
1787246400,329.72,329.75,329.65,329.75,327.88,325.73,,,,,,,,,,,,,,,,,,,,,,,,,,,,,,,,,,,,,,,,,,,,,,,,,,,,96,120.25
1787246460,329.78,329.78,329.75,329.75,327.88,325.73,,,,,,,,,,,,,,,,,,,,,,,,,,,,,,,,,,,,,,,,,,,,,,,,,,,,460,143
1787246520,329.9,329.97,329.9,329.97,327.88,325.73,,,,,,,,,,,,,,,,,,,,,,,,,,,,,,,,,,,,,,,,,,,,,,,,,,,,24,143.6
1787246580,330,330.08,330,330.07,327.88,325.73,,,,,,,,,,,,,,,,,,,,,,,,,,,,,,,,,,,,,,,,,,,,,,,,,,,,1822,234.6
1787246640,329.98,329.98,329.98,329.98,327.88,325.73,,,,,,,,,,,,,,,,,,,,,,,,,,,,,,,,,,,,,,,,,,,,,,,,,,,,49,222.5
1787246700,330.06,330.34,330.04,330.04,327.88,325.73,,,,,,,,,,,,,,,,,,,,,,,,,,,,,,,,,,,,,,,,,,,,,,,,,,,,2006,316.9
1787246820,330.15,330.35,330.09,330.35,327.88,325.73,,,,,,,,,,,,,,,,,,,,,,,,,,,,,,,,,,,,,,,,,,,,,,,,,,,,3220,477.85
1787247000,330.6,330.63,330.59,330.63,327.88,325.73,,,,,,,,,,,,,,,,,,,,,,,,,,,,,,,,,,,,,,,,,,,,,,,,,,,,240,489.8
1787247060,330.69,331.05,330.6,330.95,327.88,325.73,,,,,,,,,,,,,,,,,,,,,,,,,,,,,,,,,,,,,,,,,,,,,,,,,,,,2147,594.35
1787247180,331.18,331.24,331.14,331.24,327.88,325.73,,,,,,,,,,,,,,,,,,,,,,,,,,,,,,,,,,,,,,,,,,,,,,,,,,,,414,611.05
1787247240,331.215,331.37,331.215,331.23,327.88,325.73,,,,,,,,,,,,,,,,,,,,,,,,,,,,,,,,,,,,,,,,,,,,,,,,,,,,1200,618
1787247360,331.16,331.36,331.12,331.12,327.88,325.73,,,,,,,,,,,,,,,,,,,,,,,,,,,,,,,,,,,,,,,,,,,,,,,,,,,,1688,700.9
1787247420,331.17,331.17,331.04,331.04,327.88,325.73,,,,,,,,,,,,,,,,,,,,,,,,,,,,,,,,,,,,,,,,,,,,,,,,,,,,181,709.65
1787247480,331.03,331.085,331,331.085,327.88,325.73,,,,,,,,,,,,,,,,,,,,,,,,,,,,,,,,,,,,,,,,,,,,,,,,,,,,206,718
1787247600,330.92,331.13,330.82,330.83,327.88,325.73,,,,,,,,,,,,,,,,,,,,,,,,,,,,,,,,,,,,,,,,,,,,,,,,,,,,1089,765.65
1787247660,330.85,330.98,330.52,330.52,327.88,325.73,,,,,,,,,,,,,,,,,,,,,,,,,,,,,,,,,,,,,,,,,,,,,,,,,,,,1275,827.9
1787247720,330.395,330.42,330.395,330.42,327.88,325.73,,,,,,,,,,,,,,,,,,,,,,,,,,,,,,,,,,,,,,,,,,,,,,,,,,,,520,853.8
1787247840,330.41,330.42,330.41,330.42,327.88,325.73,,,,,,,,,,,,,,,,,,,,,,,,,,,,,,,,,,,,,,,,,,,,,,,,,,,,81,855.65
1787247900,330.36,330.36,330.28,330.3,327.88,325.73,,,,,,,,,,,,,,,,,,,,,,,,,,,,,,,,,,,,,,,,,,,,,,,,,,,,1491,914.25
1787247960,330.35,330.35,330.35,330.35,327.88,325.73,,,,,,,,,,,,,,,,,,,,,,,,,,,,,,,,,,,,,,,,,,,,,,,,,,,,2,910.55
1787248020,330.14,330.15,330.04,330.15,327.88,325.73,,,,,,,,,,,,,,,,,,,,,,,,,,,,,,,,,,,,,,,,,,,,,,,,,,,,550,933.25
1787248140,330.23,330.37,330.19,330.37,327.88,325.73,,,,,,,,,,,,,,,,,,,,,,,,,,,,,,,,,,,,,,,,,,,,,,,,,,,,658,943.15
1787248200,330.35,330.41,330.35,330.4,327.88,325.73,,,,,,,,,,,,,,,,,,,,,,,,,,,,,,,,,,,,,,,,,,,,,,,,,,,,299,956.9
1787248260,330.24,330.25,330.2,330.25,327.88,325.73,,,,,,,,,,,,,,,,,,,,,,,,,,,,,,,,,,,,,,,,,,,,,,,,,,,,580,894.8
1787248380,330.25,330.35,330.21,330.35,327.88,325.73,,,,,,,,,,,,,,,,,,,,,,,,,,,,,,,,,,,,,,,,,,,,,,,,,,,,534,919.05
1787248440,330.25,330.26,330.25,330.25,327.88,325.73,,,,,,,,,,,,,,,,,,,,,,,,,,,,,,,,,,,,,,,,,,,,,,,,,,,,159,826.7
1787248500,330,330,329.82,329.82,327.88,325.73,,,,,,,,,,,,,,,,,,,,,,,,,,,,,,,,,,,,,,,,,,,,,,,,,,,,45,667.95
1787248560,329.84,329.84,329.84,329.84,327.88,325.73,,,,,,,,,,,,,,,,,,,,,,,,,,,,,,,,,,,,,,,,,,,,,,,,,,,,1,656
1787248620,329.97,329.97,329.97,329.97,327.88,325.73,,,,,,,,,,,,,,,,,,,,,,,,,,,,,,,,,,,,,,,,,,,,,,,,,,,,3,548.8
1787248680,330,330,330,330,327.88,325.73,,,,,,,,,,,,,,,,,,,,,,,,,,,,,,,,,,,,,,,,,,,,,,,,,,,,180,537.1
1787248740,330.035,330.035,330.035,330.035,327.88,325.73,,,,,,,,,,,,,,,,,,,,,,,,,,,,,,,,,,,,,,,,,,,,,,,,,,,,5,477.35
1787248800,329.86,329.86,329.5,329.5,327.88,325.73,,,,,,,,,,,,,,,,,,,,,,,,,,,,,,,,,,,,,,,,,,,,,,,,,,,,81,397
1787248920,329.395,329.395,329.11,329.11,327.88,325.73,,,,,,,,,,,,,,,,,,,,,,,,,,,,,,,,,,,,,,,,,,,,,,,,,,,,17,388.8
1787248980,329.31,329.32,329.26,329.29,327.88,325.73,,,,,,,,,,,,,,,,,,,,,,,,,,,,,,,,,,,,,,,,,,,,,,,,,,,,449,400.95
1787249040,329.17,329.32,329.17,329.32,327.88,325.73,,,,,,,,,,,,,,,,,,,,,,,,,,,,,,,,,,,,,,,,,,,,,,,,,,,,135,353.25
1787249100,329.22,329.25,329.22,329.25,327.88,325.73,,,,,,,,,,,,,,,,,,,,,,,,,,,,,,,,,,,,,,,,,,,,,,,,,,,,55,292.25
1787249160,329.2,329.29,329.2,329.29,327.88,325.73,,,,,,,,,,,,,,,,,,,,,,,,,,,,,,,,,,,,,,,,,,,,,,,,,,,,15,267
1787249220,329.16,329.28,329.16,329.28,327.88,325.73,,,,,,,,,,,,,,,,,,,,,,,,,,,,,,,,,,,,,,,,,,,,,,,,,,,,80,266.95
1787249280,329.2,329.2,329.05,329.05,327.88,325.73,,,,,,,,,,,,,,,,,,,,,,,,,,,,,,,,,,,,,,,,,,,,,,,,,,,,27,193.75
1787249340,329.25,329.27,329.25,329.27,327.88,325.73,,,,,,,,,,,,,,,,,,,,,,,,,,,,,,,,,,,,,,,,,,,,,,,,,,,,61,196.7
1787249460,329.32,329.32,329.15,329.15,327.88,325.73,,,,,,,,,,,,,,,,,,,,,,,,,,,,,,,,,,,,,,,,,,,,,,,,,,,,43,171.35
1787249520,329.1,329.1,329.1,329.1,327.88,325.73,,,,,,,,,,,,,,,,,,,,,,,,,,,,,,,,,,,,,,,,,,,,,,,,,,,,75,142.2
1787249580,329.16,329.21,329.16,329.21,327.88,325.73,,,,,,,,,,,,,,,,,,,,,,,,,,,,,,,,,,,,,,,,,,,,,,,,,,,,370,145.75
1787249640,329.11,329.11,328.86,328.86,327.88,325.73,,,,,,,,,,,,,,,,,,,,,,,,,,,,,,,,,,,,,,,,,,,,,,,,,,,,44,118.95
1787249700,328.83,328.83,328.83,328.83,327.88,325.73,,,,,,,,,,,,,,,,,,,,,,,,,,,,,,,,,,,,,,,,,,,,,,,,,,,,40,94.25
1787249760,328.85,328.85,328.85,328.85,327.88,325.73,,,,,,,,,,,,,,,,,,,,,,,,,,,,,,,,,,,,,,,,,,,,,,,,,,,,41,88.35
1787249820,328.88,329.22,328.84,329.22,327.88,325.73,,,,,,,,,,,,,,,,,,,,,,,,,,,,,,,,,,,,,,,,,,,,,,,,,,,,380,105.1
1787249940,329.34,329.375,329.34,329.375,327.88,325.73,,,,,,,,,,,,,,,,,,,,,,,,,,,,,,,,,,,,,,,,,,,,,,,,,,,,2,105.15
1787250000,329.37,329.37,329.18,329.25,327.88,325.73,,,,,,,,,,,,,,,,,,,,,,,,,,,,,,,,,,,,,,,,,,,,,,,,,,,,139,111.95
1787250060,329.17,329.28,329.16,329.16,327.88,325.73,,,,,,,,,,,,,,,,,,,,,,,,,,,,,,,,,,,,,,,,,,,,,,,,,,,,112,108.55
1787250120,329.26,329.27,329.11,329.245,327.88,325.73,,,,,,,,,,,,,,,,,,,,,,,,,,,,,,,,,,,,,,,,,,,,,,,,,,,,339,125.25
1787250240,329.215,329.215,329.215,329.215,327.88,325.73,,,,,,,,,,,,,,,,,,,,,,,,,,,,,,,,,,,,,,,,,,,,,,,,,,,,26,122.5
1787250300,329.13,329.13,329.06,329.06,327.88,325.73,,,,,,,,,,,,,,,,,,,,,,,,,,,,,,,,,,,,,,,,,,,,,,,,,,,,47,124
1787250420,329.16,329.17,329.16,329.17,327.88,325.73,,,,,,,,,,,,,,,,,,,,,,,,,,,,,,,,,,,,,,,,,,,,,,,,,,,,22,102.65
1787250480,329.15,329.35,329.15,329.35,327.88,325.73,,,,,,,,,,,,,,,,,,,,,,,,,,,,,,,,,,,,,,,,,,,,,,,,,,,,187,105.25
1787250540,329.43,329.43,329.32,329.32,327.88,325.73,,,,,,,,,,,,,,,,,,,,,,,,,,,,,,,,,,,,,,,,,,,,,,,,,,,,13,103.15
1787250600,329.26,329.26,329.2,329.2,327.88,325.73,,,,,,,,,,,,,,,,,,,,,,,,,,,,,,,,,,,,,,,,,,,,,,,,,,,,80,106.4
1787250660,329.31,329.32,329.31,329.32,327.88,325.73,,,,,,,,,,,,,,,,,,,,,,,,,,,,,,,,,,,,,,,,,,,,,,,,,,,,101,107.45
1787250720,329.17,329.17,329.17,329.17,327.88,325.73,,,,,,,,,,,,,,,,,,,,,,,,,,,,,,,,,,,,,,,,,,,,,,,,,,,,1,106.15
1787250780,329.12,329.12,328.97,328.985,327.88,325.73,,,,,,,,,,,,,,,,,,,,,,,,,,,,,,,,,,,,,,,,,,,,,,,,,,,,156,110.9
1787250840,328.95,329.11,328.95,329.11,327.88,325.73,,,,,,,,,,,,,,,,,,,,,,,,,,,,,,,,,,,,,,,,,,,,,,,,,,,,301,123.8
1787250900,328.89,328.89,328.87,328.87,327.88,325.73,,,,,,,,,,,,,,,,,,,,,,,,,,,,,,,,,,,,,,,,,,,,,,,,,,,,140,127.05
1787250960,328.93,329.15,328.89,329.15,327.88,325.73,,,,,,,,,,,,,,,,,,,,,,,,,,,,,,,,,,,,,,,,,,,,,,,,,,,,339,125.5
1787251020,329.23,329.23,329.11,329.11,327.88,325.73,,,,,,,,,,,,,,,,,,,,,,,,,,,,,,,,,,,,,,,,,,,,,,,,,,,,109,128.75
1787251080,329.15,329.435,329.15,329.39,327.88,325.73,,,,,,,,,,,,,,,,,,,,,,,,,,,,,,,,,,,,,,,,,,,,,,,,,,,,438,148.65
1787251140,329.24,329.25,329.22,329.22,327.88,325.73,,,,,,,,,,,,,,,,,,,,,,,,,,,,,,,,,,,,,,,,,,,,,,,,,,,,318,162.5
1787251200,329.21,329.21,328.97,328.97,327.88,325.73,,,,,,,,,,,,,,,,,,,,,,,,,,,,,,,,,,,,,,,,,,,,,,,,,,,,167,151.85
1787251260,328.83,328.975,328.83,328.93,327.88,325.73,,,,,,,,,,,,,,,,,,,,,,,,,,,,,,,,,,,,,,,,,,,,,,,,,,,,240,163.75
1787251320,328.94,329.1,328.94,329.1,327.88,325.73,,,,,,,,,,,,,,,,,,,,,,,,,,,,,,,,,,,,,,,,,,,,,,,,,,,,122,162.9
1787251380,329.09,329.15,329.09,329.15,327.88,325.73,,,,,,,,,,,,,,,,,,,,,,,,,,,,,,,,,,,,,,,,,,,,,,,,,,,,8,157.7
1787251440,328.96,328.98,328.71,328.71,327.88,325.73,,,,,,,,,,,,,,,,,,,,,,,,,,,,,,,,,,,,,,,,,,,,,,,,,,,,335,157.5
1787251500,328.65,328.65,328.62,328.62,327.88,325.73,,,,,,,,,,,,,,,,,,,,,,,,,,,,,,,,,,,,,,,,,,,,,,,,,,,,48,158.6
1787251560,328.52,328.52,328.13,328.13,327.88,325.73,,,,,,,,,,,,,,,,,,,,,,,,,,,,,,,,,,,,,,,,,,,,,,,,,,,,140,163.25
1787251620,328.195,328.25,328.195,328.195,327.88,325.73,,,,,,,,,,,,,,,,,,,,,,,,,,,,,,,,,,,,,,,,,,,,,,,,,,,,240,174.15
1787251680,328.26,328.38,328.08,328.21,327.88,325.73,,,,,,,,,,,,,,,,,,,,,,,,,,,,,,,,,,,,,,,,,,,,,,,,,,,,1045,217.05
1787251740,328.11,328.11,328.11,328.11,327.88,325.73,,,,,,,,,,,,,,,,,,,,,,,,,,,,,,,,,,,,,,,,,,,,,,,,,,,,20,217.4
1787251800,328.08,328.09,328.01,328.01,327.88,325.73,,,,,,,,,,,,,,,,,,,,,,,,,,,,,,,,,,,,,,,,,,,,,,,,,,,,94,218.1
1787251920,327.95,327.95,327.95,327.95,327.88,325.73,,,,,,,,,,,,,,,,,,,,,,,,,,,,,,,,,,,,,,,,,,,,,,,,,,,,3,213.2
1787251980,327.92,327.92,327.92,327.92,327.88,325.73,,,,,,,,,,,,,,,,,,,,,,,,,,,,,,,,,,,,,,,,,,,,,,,,,,,,1,213.2
1787252100,327.77,327.83,327.73,327.83,327.88,325.73,,,,,,,,,,,,,,,,,,,,,,,,,,,,,,,,,,,,,,,,,,,,,,,,,,,,382,224.5
1787252160,327.72,327.77,327.72,327.77,327.88,325.73,,,,,,,,,,,,,,,,,,,,,,,,,,,,,,,,,,,,,,,,,,,,,,,,,,,,229,220.9
1787252280,327.49,327.57,327.44,327.5,327.88,325.73,,,,,,,,,,,,,,,,,,,,,,,,,,,,,,,,,,,,,,,,,,,,,,,,,,,,324,230.1
1787252340,327.52,327.72,327.315,327.53,327.88,325.73,,,,,,,,,,,,,,,,,,,,,,,,,,,,,,,,,,,,,,,,,,,,,,,,,,,,1600,293.15
1787252400,327.32,327.33,327.22,327.33,327.88,325.73,,,,,,,,,,,,,,,,,,,,,,,,,,,,,,,,,,,,,,,,,,,,,,,,,,,,132,294.3
1787252460,327.47,327.48,327.47,327.48,327.88,325.73,,,,,,,,,,,,,,,,,,,,,,,,,,,,,,,,,,,,,,,,,,,,,,,,,,,,10,272.9
1787252580,327.52,327.56,327.45,327.45,327.88,325.73,,,,,,,,,,,,,,,,,,,,,,,,,,,,,,,,,,,,,,,,,,,,,,,,,,,,763,295.15
1787252640,327.57,327.635,327.54,327.635,327.88,325.73,,,,,,,,,,,,,,,,,,,,,,,,,,,,,,,,,,,,,,,,,,,,,,,,,,,,83,290.95
1787252700,327.51,327.51,327.435,327.435,327.88,325.73,,,,,,,,,,,,,,,,,,,,,,,,,,,,,,,,,,,,,,,,,,,,,,,,,,,,2,279.05
1787252760,327.34,327.38,327.3,327.34,327.88,325.73,,,,,,,,,,,,,,,,,,,,,,,,,,,,,,,,,,,,,,,,,,,,,,,,,,,,253,285.6
1787252820,327.47,327.485,327.47,327.485,327.88,325.73,,,,,,,,,,,,,,,,,,,,,,,,,,,,,,,,,,,,,,,,,,,,,,,,,,,,55,287.95
1787252880,327.41,327.41,327.34,327.34,327.88,325.73,,,,,,,,,,,,,,,,,,,,,,,,,,,,,,,,,,,,,,,,,,,,,,,,,,,,41,273.25
1787252940,327.48,327.49,327.3,327.41,327.88,325.73,,,,,,,,,,,,,,,,,,,,,,,,,,,,,,,,,,,,,,,,,,,,,,,,,,,,285,285.1
1787253060,327.31,327.33,327.28,327.33,327.88,325.73,,,,,,,,,,,,,,,,,,,,,,,,,,,,,,,,,,,,,,,,,,,,,,,,,,,,327,294.45
1787253120,327.39,327.39,327.39,327.39,327.88,325.73,,,,,,,,,,,,,,,,,,,,,,,,,,,,,,,,,,,,,,,,,,,,,,,,,,,,100,287.45
1787253180,327.505,327.56,327.47,327.56,327.88,325.73,,,,,,,,,,,,,,,,,,,,,,,,,,,,,,,,,,,,,,,,,,,,,,,,,,,,281,249.25
1787253240,327.47,327.69,327.47,327.63,327.88,325.73,,,,,,,,,,,,,,,,,,,,,,,,,,,,,,,,,,,,,,,,,,,,,,,,,,,,133,254.9
1787253300,327.77,327.77,327.77,327.77,327.88,325.73,,,,,,,,,,,,,,,,,,,,,,,,,,,,,,,,,,,,,,,,,,,,,,,,,,,,1,250.25
1787253360,327.69,327.69,327.09,327.09,327.88,325.73,,,,,,,,,,,,,,,,,,,,,,,,,,,,,,,,,,,,,,,,,,,,,,,,,,,,382,269.2
1787253420,327.03,327.1,326.97,327.09,327.88,325.73,,,,,,,,,,,,,,,,,,,,,,,,,,,,,,,,,,,,,,,,,,,,,,,,,,,,1765,357.4
1787253480,327.11,327.11,327.11,327.11,327.88,325.73,,,,,,,,,,,,,,,,,,,,,,,,,,,,,,,,,,,,,,,,,,,,,,,,,,,,1,338.35
1787253540,327.11,327.11,326.84,327.01,327.88,325.73,,,,,,,,,,,,,,,,,,,,,,,,,,,,,,,,,,,,,,,,,,,,,,,,,,,,395,346.65
1787253600,326.98,327,326.89,326.92,327.88,325.73,,,,,,,,,,,,,,,,,,,,,,,,,,,,,,,,,,,,,,,,,,,,,,,,,,,,444,352.65
1787253660,327,327.1,327,327.06,327.88,325.73,,,,,,,,,,,,,,,,,,,,,,,,,,,,,,,,,,,,,,,,,,,,,,,,,,,,785,311.9
1787253720,327.21,327.53,327.17,327.53,327.88,325.73,,,,,,,,,,,,,,,,,,,,,,,,,,,,,,,,,,,,,,,,,,,,,,,,,,,,1178,364.2
1787253780,327.54,327.845,327.54,327.74,327.88,325.73,,,,,,,,,,,,,,,,,,,,,,,,,,,,,,,,,,,,,,,,,,,,,,,,,,,,1136,420.5
1787253840,327.86,327.89,327.8,327.89,327.88,325.73,,,,,,,,,,,,,,,,,,,,,,,,,,,,,,,,,,,,,,,,,,,,,,,,,,,,392,401.95
1787253900,327.84,327.84,327.79,327.79,327.88,325.73,,,,,,,,,,,,,,,,,,,,,,,,,,,,,,,,,,,,,,,,,,,,,,,,,,,,18,398.7
1787253960,327.72,327.85,327.66,327.795,327.88,325.73,,,,,,,,,,,,,,,,,,,,,,,,,,,,,,,,,,,,,,,,,,,,,,,,,,,,1497,473.45
1787254020,327.79,327.79,327.72,327.72,327.88,325.73,,,,,,,,,,,,,,,,,,,,,,,,,,,,,,,,,,,,,,,,,,,,,,,,,,,,131,467.35
1787254080,327.72,327.82,327.62,327.76,327.88,325.73,,,,,,,,,,,,,,,,,,,,,,,,,,,,,,,,,,,,,,,,,,,,,,,,,,,,1724,550.8
1787254140,327.7,327.7,327.6,327.61,327.88,325.73,,,,,,,,,,,,,,,,,,,,,,,,,,,,,,,,,,,,,,,,,,,,,,,,,,,,922,594.85
1787254200,327.61,327.71,327.46,327.55,327.88,325.73,,,,,,,,,,,,,,,,,,,,,,,,,,,,,,,,,,,,,,,,,,,,,,,,,,,,931,627.15
1787254260,327.55,327.55,327.4,327.54,327.88,325.73,,,,,,,,,,,,,,,,,,,,,,,,,,,,,,,,,,,,,,,,,,,,,,,,,,,,758,648.7
1787254380,327.51,327.53,327.47,327.48,327.88,325.73,,,,,,,,,,,,,,,,,,,,,,,,,,,,,,,,,,,,,,,,,,,,,,,,,,,,439,665.65
1787254440,327.5,327.505,327.42,327.48,327.88,325.73,,,,,,,,,,,,,,,,,,,,,,,,,,,,,,,,,,,,,,,,,,,,,,,,,,,,224,662.8
1787254500,327.43,327.52,327.41,327.52,327.88,325.73,,,,,,,,,,,,,,,,,,,,,,,,,,,,,,,,,,,,,,,,,,,,,,,,,,,,88,660.55
1787254560,327.52,327.56,327.52,327.555,327.88,325.73,,,,,,,,,,,,,,,,,,,,,,,,,,,,,,,,,,,,,,,,,,,,,,,,,,,,436,682.3
1787254620,327.57,327.66,327.52,327.52,327.88,325.73,,,,,,,,,,,,,,,,,,,,,,,,,,,,,,,,,,,,,,,,,,,,,,,,,,,,33,664.85
1787254680,327.54,327.62,327.54,327.62,327.88,325.73,,,,,,,,,,,,,,,,,,,,,,,,,,,,,,,,,,,,,,,,,,,,,,,,,,,,398,596.5
1787254740,327.71,327.71,327.58,327.64,327.88,325.73,,,,,,,,,,,,,,,,,,,,,,,,,,,,,,,,,,,,,,,,,,,,,,,,,,,,90,600.95
1787254800,327.72,327.76,327.66,327.66,327.88,325.73,,,,,,,,,,,,,,,,,,,,,,,,,,,,,,,,,,,,,,,,,,,,,,,,,,,,168,589.6
1787254860,327.57,327.58,327.28,327.28,327.88,325.73,,,,,,,,,,,,,,,,,,,,,,,,,,,,,,,,,,,,,,,,,,,,,,,,,,,,737,604.25
1787254920,327.33,327.33,327.11,327.23,327.88,325.73,,,,,,,,,,,,,,,,,,,,,,,,,,,,,,,,,,,,,,,,,,,,,,,,,,,,469,588.45
1787255040,327.15,327.17,327.09,327.15,327.88,325.73,,,,,,,,,,,,,,,,,,,,,,,,,,,,,,,,,,,,,,,,,,,,,,,,,,,,333,546.2
1787255100,327.16,327.305,327.14,327.24,327.88,325.73,,,,,,,,,,,,,,,,,,,,,,,,,,,,,,,,,,,,,,,,,,,,,,,,,,,,462,512.5
1787255160,327.15,327.21,327.07,327.07,327.88,325.73,,,,,,,,,,,,,,,,,,,,,,,,,,,,,,,,,,,,,,,,,,,,,,,,,,,,91,497.45
1787255220,327.12,327.18,327.12,327.18,327.88,325.73,,,,,,,,,,,,,,,,,,,,,,,,,,,,,,,,,,,,,,,,,,,,,,,,,,,,161,504.6
1787255280,327.14,327.24,327,327.24,327.88,325.73,,,,,,,,,,,,,,,,,,,,,,,,,,,,,,,,,,,,,,,,,,,,,,,,,,,,318,445.65
1787255340,327,327.33,326.84,327.33,327.88,325.73,,,,,,,,,,,,,,,,,,,,,,,,,,,,,,,,,,,,,,,,,,,,,,,,,,,,446,461.4
1787255400,327.41,327.41,327.18,327.25,327.88,325.73,,,,,,,,,,,,,,,,,,,,,,,,,,,,,,,,,,,,,,,,,,,,,,,,,,,,252,387.8
1787255460,327.12,327.47,327.07,327.43,327.88,325.73,,,,,,,,,,,,,,,,,,,,,,,,,,,,,,,,,,,,,,,,,,,,,,,,,,,,713,377.35
1787255520,327.26,327.49,327.26,327.41,327.88,325.73,,,,,,,,,,,,,,,,,,,,,,,,,,,,,,,,,,,,,,,,,,,,,,,,,,,,153,338.45
1787255580,327.32,327.32,327.12,327.31,327.88,325.73,,,,,,,,,,,,,,,,,,,,,,,,,,,,,,,,,,,,,,,,,,,,,,,,,,,,608,330.95
1787255640,327.285,327.4,327.24,327.38,327.88,325.73,,,,,,,,,,,,,,,,,,,,,,,,,,,,,,,,,,,,,,,,,,,,,,,,,,,,583,338.15
1787255700,327.325,327.43,326.835,326.84,327.88,325.73,,,,,,,,,,,,,,,,,,,,,,,,,,,,,,,,,,,,,,,,,,,,,,,,,,,,1872,420.55
1787255760,326.93,326.99,326.36,326.46,327.88,325.73,,,,,,,,,,,,,,,,,,,,,,,,,,,,,,,,,,,,,,,,,,,,,,,,,,,,1425,487.4
1787255820,326.455,326.455,326.13,326.16,327.88,325.73,,,,,,,,,,,,,,,,,,,,,,,,,,,,,,,,,,,,,,,,,,,,,,,,,,,,997,515.45
1787255880,326.2,326.47,326.06,326.47,327.88,325.73,,,,,,,,,,,,,,,,,,,,,,,,,,,,,,,,,,,,,,,,,,,,,,,,,,,,3462,686.9
1787255940,326.47,326.77,325.92,326.13,327.88,325.73,,,1,27,1,1787234460000,327.97,327.88,325.73,2.1499999999999773,0.39834974959344904,1.4909900295758716,0.6250571698631007,2,,0,1,1787234760000,326.48,-351.4499510615484,1,1.9541778975741224,0.17152658662092693,1,1,1787235060000,326.6,-321.3256695419855,0,1.9167176974892806,0.20820575627679325,0,1,1787235360000,326.74,-286.1806744358335,0,1.8730489073881387,0.25096406929056536,0,1,1787236260000,327.995,28.869103122915657,0,1.4832543179011903,0.6326315949938227,0,,-1,27,5894,961.7
1787319000,327.4,327.595,327.4,327.595,327.595,327.4,,,,,,,,,,,,,,,,,,,,,,,,,,,,,,,,,,,,,,,,,,,,,,,,,,,,90,961.7
1787319060,327.595,327.595,327.595,327.595,327.595,327.4,,,,,,,,,,,,,,,,,,,,,,,,,,,,,,,,,,,,,,,,,,,,,,,,,,,,11,953.85
1787319120,327.52,327.52,327.52,327.52,327.595,327.4,,,,,,,,,,,,,,,,,,,,,,,,,,,,,,,,,,,,,,,,,,,,,,,,,,,,1,917.05
1787319180,326.04,326.04,325.23,325.64,327.595,325.23,,,,,,,,,,,,,,,,,,,,,,,,,,,,,,,,,,,,,,,,,,,,,,,,,,,,368,912
1787319300,326.885,327.08,326.885,327.08,327.595,325.23,,,,,,,,,,,,,,,,,,,,,,,,,,,,,,,,,,,,,,,,,,,,,,,,,,,,89,899.8
1787319360,327.25,327.51,326.93,327.3,327.595,325.23,,,,,,,,,,,,,,,,,,,,,,,,,,,,,,,,,,,,,,,,,,,,,,,,,,,,386,896
1787319540,326.53,327.01,326.35,327.01,327.595,325.23,,,,,,,,,,,,,,,,,,,,,,,,,,,,,,,,,,,,,,,,,,,,,,,,,,,,360,909.45
1787319600,327.26,327.78,327.26,327.76,327.78,325.23,,,,,,,,,,,,,,,,,,,,,,,,,,,,,,,,,,,,,,,,,,,,,,,,,,,,275,915.15
1787319660,327.78,327.84,327.78,327.84,327.84,325.23,,,,,,,,,,,,,,,,,,,,,,,,,,,,,,,,,,,,,,,,,,,,,,,,,,,,50,901.75
1787319720,327.97,328.07,327.97,328.07,328.07,325.23,,,,,,,,,,,,,,,,,,,,,,,,,,,,,,,,,,,,,,,,,,,,,,,,,,,,80,883.45
1787319780,328.3,328.71,328.3,328.71,328.71,325.23,,,,,,,,,,,,,,,,,,,,,,,,,,,,,,,,,,,,,,,,,,,,,,,,,,,,256,883.65
1787319840,329.2,329.2,329.2,329.2,329.2,325.23,,,,,,,,,,,,,,,,,,,,,,,,,,,,,,,,,,,,,,,,,,,,,,,,,,,,10,848.5
1787319900,329.49,329.49,329.31,329.31,329.2,325.23,,,,,,,,,,,,,,,,,,,,,,,,,,,,,,,,,,,,,,,,,,,,,,,,,,,,6,841.15
1787319960,329.2,329.2,328.875,329.12,329.2,325.23,,,,,,,,,,,,,,,,,,,,,,,,,,,,,,,,,,,,,,,,,,,,,,,,,,,,403,830.9
1787320020,329.32,329.32,329.32,329.32,329.2,325.23,,,,,,,,,,,,,,,,,,,,,,,,,,,,,,,,,,,,,,,,,,,,,,,,,,,,2,801.85
1787320080,329.65,330,329.65,330,329.2,325.23,,,,,,,,,,,,,,,,,,,,,,,,,,,,,,,,,,,,,,,,,,,,,,,,,,,,240,720.25
1787320200,330.28,330.5,330.05,330.05,329.2,325.23,,,,,,,,,,,,,,,,,,,,,,,,,,,,,,,,,,,,,,,,,,,,,,,,,,,,271,662.55
1787320260,330.06,330.06,329.52,329.73,329.2,325.23,,,,,,,,,,,,,,,,,,,,,,,,,,,,,,,,,,,,,,,,,,,,,,,,,,,,162,620.8
1787320320,329.65,329.65,329.65,329.65,329.2,325.23,,,,,,,,,,,,,,,,,,,,,,,,,,,,,,,,,,,,,,,,,,,,,,,,,,,,1,447.75
1787320380,329.46,329.69,329.42,329.65,329.2,325.23,,,,,,,,,,,,,,,,,,,,,,,,,,,,,,,,,,,,,,,,,,,,,,,,,,,,62,156.15
1787320440,329.69,329.69,329.65,329.65,329.2,325.23,,,,,,,,,,,,,,,,,,,,,,,,,,,,,,,,,,,,,,,,,,,,,,,,,,,,2,151.75
1787320560,329.04,329.04,329.02,329.02,329.2,325.23,,,,,,,,,,,,,,,,,,,,,,,,,,,,,,,,,,,,,,,,,,,,,,,,,,,,2,151.3
1787320620,328.87,328.95,328.87,328.95,329.2,325.23,,,,,,,,,,,,,,,,,,,,,,,,,,,,,,,,,,,,,,,,,,,,,,,,,,,,102,156.35
1787320680,329.11,329.11,328.67,328.67,329.2,325.23,,,,,,,,,,,,,,,,,,,,,,,,,,,,,,,,,,,,,,,,,,,,,,,,,,,,72,141.55
1787320740,328.86,329.11,328.7,328.7,329.2,325.23,,,,,,,,,,,,,,,,,,,,,,,,,,,,,,,,,,,,,,,,,,,,,,,,,,,,21,138.15
1787320920,328.81,329,328.81,329,329.2,325.23,,,,,,,,,,,,,,,,,,,,,,,,,,,,,,,,,,,,,,,,,,,,,,,,,,,,202,128.95
1787320980,329.12,329.12,328.76,328.96,329.2,325.23,,,,,,,,,,,,,,,,,,,,,,,,,,,,,,,,,,,,,,,,,,,,,,,,,,,,575,139.7
1787321040,329.13,329.13,328.72,328.72,329.2,325.23,,,,,,,,,,,,,,,,,,,,,,,,,,,,,,,,,,,,,,,,,,,,,,,,,,,,161,134
1787321100,328.71,328.71,328.45,328.545,329.2,325.23,,,,,,,,,,,,,,,,,,,,,,,,,,,,,,,,,,,,,,,,,,,,,,,,,,,,151,139.05
1787321160,328.44,328.44,328.44,328.44,329.2,325.23,,,,,,,,,,,,,,,,,,,,,,,,,,,,,,,,,,,,,,,,,,,,,,,,,,,,1,135.1
1787321220,328.27,328.27,328.01,328.01,329.2,325.23,,,,,,,,,,,,,,,,,,,,,,,,,,,,,,,,,,,,,,,,,,,,,,,,,,,,22,123.4
1787321280,328.27,328.27,328.05,328.05,329.2,325.23,,,,,,,,,,,,,,,,,,,,,,,,,,,,,,,,,,,,,,,,,,,,,,,,,,,,85,127.15
1787321400,327.94,327.94,327.94,327.94,329.2,325.23,,,,,,,,,,,,,,,,,,,,,,,,,,,,,,,,,,,,,,,,,,,,,,,,,,,,1,126.9
1787321520,327.93,327.96,327.93,327.96,329.2,325.23,,,,,,,,,,,,,,,,,,,,,,,,,,,,,,,,,,,,,,,,,,,,,,,,,,,,45,109
1787321580,328.03,328.03,327.93,327.93,329.2,325.23,,,,,,,,,,,,,,,,,,,,,,,,,,,,,,,,,,,,,,,,,,,,,,,,,,,,42,111
1787321700,328.15,328.15,327.97,327.97,329.2,325.23,,,,,,,,,,,,,,,,,,,,,,,,,,,,,,,,,,,,,,,,,,,,,,,,,,,,33,100.65
1787321760,328.43,328.43,328.43,328.43,329.2,325.23,,,,,,,,,,,,,,,,,,,,,,,,,,,,,,,,,,,,,,,,,,,,,,,,,,,,120,93.1
1787321820,328.28,328.28,328.28,328.28,329.2,325.23,,,,,,,,,,,,,,,,,,,,,,,,,,,,,,,,,,,,,,,,,,,,,,,,,,,,50,87.5
1787321940,327.93,327.93,327.67,327.67,329.2,325.23,,,,,,,,,,,,,,,,,,,,,,,,,,,,,,,,,,,,,,,,,,,,,,,,,,,,120,93.45
1787322000,327.59,327.7,327.59,327.69,329.2,325.23,,,,,,,,,,,,,,,,,,,,,,,,,,,,,,,,,,,,,,,,,,,,,,,,,,,,125,96.6
1787322060,327.69,327.69,327.38,327.38,329.2,325.23,,,,,,,,,,,,,,,,,,,,,,,,,,,,,,,,,,,,,,,,,,,,,,,,,,,,85,100.75
1787322120,327.63,327.63,327.63,327.63,329.2,325.23,,,,,,,,,,,,,,,,,,,,,,,,,,,,,,,,,,,,,,,,,,,,,,,,,,,,40,102.65
1787322180,327.72,327.81,327.72,327.81,329.2,325.23,,,,,,,,,,,,,,,,,,,,,,,,,,,,,,,,,,,,,,,,,,,,,,,,,,,,4,97.75
1787322240,327.87,327.87,327.87,327.87,329.2,325.23,,,,,,,,,,,,,,,,,,,,,,,,,,,,,,,,,,,,,,,,,,,,,,,,,,,,6,94.45
1787322300,327.89,327.89,327.89,327.89,329.2,325.23,,,,,,,,,,,,,,,,,,,,,,,,,,,,,,,,,,,,,,,,,,,,,,,,,,,,2,93.5
1787322360,327.32,327.32,327.32,327.32,329.2,325.23,,,,,,,,,,,,,,,,,,,,,,,,,,,,,,,,,,,,,,,,,,,,,,,,,,,,2,83.5
1787322420,327.24,327.24,327,327.05,329.2,325.23,,,,,,,,,,,,,,,,,,,,,,,,,,,,,,,,,,,,,,,,,,,,,,,,,,,,101,59.8
1787322480,327.065,327.24,327.065,327.24,329.2,325.23,,,,,,,,,,,,,,,,,,,,,,,,,,,,,,,,,,,,,,,,,,,,,,,,,,,,41,53.8
1787322540,327.04,327.24,327.04,327.12,329.2,325.23,,,,,,,,,,,,,,,,,,,,,,,,,,,,,,,,,,,,,,,,,,,,,,,,,,,,67,49.6
1787322600,327.38,327.41,327.02,327.02,329.2,325.23,,,,,,,,,,,,,,,,,,,,,,,,,,,,,,,,,,,,,,,,,,,,,,,,,,,,282,63.65
1787322660,327.14,327.14,327.14,327.14,329.2,325.23,,,,,,,,,,,,,,,,,,,,,,,,,,,,,,,,,,,,,,,,,,,,,,,,,,,,15,63.3
1787322720,327,327,326.84,326.84,329.2,325.23,,,,,,,,,,,,,,,,,,,,,,,,,,,,,,,,,,,,,,,,,,,,,,,,,,,,55,61.8
1787322780,326.53,326.53,326.35,326.35,329.2,325.23,,,,,,,,,,,,,,,,,,,,,,,,,,,,,,,,,,,,,,,,,,,,,,,,,,,,197,71.6
1787322840,326.345,326.6,326.345,326.6,329.2,325.23,,,,,,,,,,,,,,,,,,,,,,,,,,,,,,,,,,,,,,,,,,,,,,,,,,,,161,77.4
1787322900,326.49,326.63,326.49,326.63,329.2,325.23,,,,,,,,,,,,,,,,,,,,,,,,,,,,,,,,,,,,,,,,,,,,,,,,,,,,115,81.05
1787323020,326.79,326.82,326.79,326.82,329.2,325.23,,,,,,,,,,,,,,,,,,,,,,,,,,,,,,,,,,,,,,,,,,,,,,,,,,,,59,82.35
1787323080,326.9,327.1,326.77,326.77,329.2,325.23,,,,,,,,,,,,,,,,,,,,,,,,,,,,,,,,,,,,,,,,,,,,,,,,,,,,356,94.15
1787323140,327.03,327.03,326.56,326.56,329.2,325.23,,,,,,,,,,,,,,,,,,,,,,,,,,,,,,,,,,,,,,,,,,,,,,,,,,,,52,94.25
1787323320,326.53,326.53,326.53,326.53,329.2,325.23,,,,,,,,,,,,,,,,,,,,,,,,,,,,,,,,,,,,,,,,,,,,,,,,,,,,3,88.4
1787323380,326.91,326.92,326.6,326.685,329.2,325.23,,,,,,,,,,,,,,,,,,,,,,,,,,,,,,,,,,,,,,,,,,,,,,,,,,,,422,103.25
1787323440,326.54,326.54,326.46,326.52,329.2,325.23,,,,,,,,,,,,,,,,,,,,,,,,,,,,,,,,,,,,,,,,,,,,,,,,,,,,103,104.15
1787323500,326.68,327.03,326.57,327.03,329.2,325.23,,,,,,,,,,,,,,,,,,,,,,,,,,,,,,,,,,,,,,,,,,,,,,,,,,,,366,120.45
1787323560,327.04,327.04,327.04,327.04,329.2,325.23,,,,,,,,,,,,,,,,,,,,,,,,,,,,,,,,,,,,,,,,,,,,,,,,,,,,160,128.25
1787323620,326.82,326.82,326.81,326.81,329.2,325.23,,,,,,,,,,,,,,,,,,,,,,,,,,,,,,,,,,,,,,,,,,,,,,,,,,,,85,132.2
1787323740,327.15,327.285,327.15,327.285,329.2,325.23,,,,,,,,,,,,,,,,,,,,,,,,,,,,,,,,,,,,,,,,,,,,,,,,,,,,131,138.65
1787323800,327.3,327.3,327.07,327.07,329.2,325.23,,,,,,,,,,,,,,,,,,,,,,,,,,,,,,,,,,,,,,,,,,,,,,,,,,,,91,143.1
1787323920,327.5,327.54,327.5,327.54,329.2,325.23,,,,,,,,,,,,,,,,,,,,,,,,,,,,,,,,,,,,,,,,,,,,,,,,,,,,6,138.35
1787323980,327.64,327.69,327.54,327.54,329.2,325.23,,,,,,,,,,,,,,,,,,,,,,,,,,,,,,,,,,,,,,,,,,,,,,,,,,,,250,148.8
1787324040,327.55,327.55,327.55,327.55,329.2,325.23,,,,,,,,,,,,,,,,,,,,,,,,,,,,,,,,,,,,,,,,,,,,,,,,,,,,40,147.45
1787324220,327.67,327.85,327.67,327.85,329.2,325.23,,,,,,,,,,,,,,,,,,,,,,,,,,,,,,,,,,,,,,,,,,,,,,,,,,,,59,136.3
1787324280,327.86,327.86,327.86,327.86,329.2,325.23,,,,,,,,,,,,,,,,,,,,,,,,,,,,,,,,,,,,,,,,,,,,,,,,,,,,1,135.6
1787324340,327.86,328.19,327.86,327.92,329.2,325.23,,,,,,,,,,,,,,,,,,,,,,,,,,,,,,,,,,,,,,,,,,,,,,,,,,,,346,150.15
1787324400,327.69,327.69,327.54,327.625,329.2,325.23,,,,,,,,,,,,,,,,,,,,,,,,,,,,,,,,,,,,,,,,,,,,,,,,,,,,71,143.85
1787324460,327.69,327.69,327.68,327.68,329.2,325.23,,,,,,,,,,,,,,,,,,,,,,,,,,,,,,,,,,,,,,,,,,,,,,,,,,,,14,136.5
1787324520,327.49,327.69,327.49,327.69,329.2,325.23,,,,,,,,,,,,,,,,,,,,,,,,,,,,,,,,,,,,,,,,,,,,,,,,,,,,25,132
1787324640,327.44,327.46,327.44,327.46,329.2,325.23,,,,,,,,,,,,,,,,,,,,,,,,,,,,,,,,,,,,,,,,,,,,,,,,,,,,114,134.75
1787324700,327.26,327.26,327.26,327.26,329.2,325.23,,,,,,,,,,,,,,,,,,,,,,,,,,,,,,,,,,,,,,,,,,,,,,,,,,,,10,117.45
1787324760,327.02,327.055,326.93,326.93,329.2,325.23,,,,,,,,,,,,,,,,,,,,,,,,,,,,,,,,,,,,,,,,,,,,,,,,,,,,50,117.35
1787324880,327.3,327.3,327.3,327.3,329.2,325.23,,,,,,,,,,,,,,,,,,,,,,,,,,,,,,,,,,,,,,,,,,,,,,,,,,,,1,117.25
1787325000,327,327.26,326.83,327.26,329.2,325.23,,,,,,,,,,,,,,,,,,,,,,,,,,,,,,,,,,,,,,,,,,,,,,,,,,,,160,104.15
1787325060,327.05,327.05,327.05,327.05,329.2,325.23,,,,,,,,,,,,,,,,,,,,,,,,,,,,,,,,,,,,,,,,,,,,,,,,,,,,5,99.25
1787325300,327.25,327.415,327.25,327.36,329.2,325.23,,,,,,,,,,,,,,,,,,,,,,,,,,,,,,,,,,,,,,,,,,,,,,,,,,,,326,97.25
1787325360,327.43,327.8,327.43,327.63,329.2,325.23,,,,,,,,,,,,,,,,,,,,,,,,,,,,,,,,,,,,,,,,,,,,,,,,,,,,149,96.7
1787325420,327.53,327.53,327.53,327.53,329.2,325.23,,,,,,,,,,,,,,,,,,,,,,,,,,,,,,,,,,,,,,,,,,,,,,,,,,,,1,92.5
1787325480,327.8,327.88,327.8,327.85,329.2,325.23,,,,,,,,,,,,,,,,,,,,,,,,,,,,,,,,,,,,,,,,,,,,,,,,,,,,28,87.35
1787325540,327.69,327.69,327.69,327.69,329.2,325.23,,,,,,,,,,,,,,,,,,,,,,,,,,,,,,,,,,,,,,,,,,,,,,,,,,,,9,83.25
1787325660,327.7,327.72,327.56,327.56,329.2,325.23,,,,,,,,,,,,,,,,,,,,,,,,,,,,,,,,,,,,,,,,,,,,,,,,,,,,162,91.05
1787325780,327.67,327.75,327.67,327.75,329.2,325.23,,,,,,,,,,,,,,,,,,,,,,,,,,,,,,,,,,,,,,,,,,,,,,,,,,,,7,78.9
1787325840,327.57,327.67,327.52,327.67,329.2,325.23,,,,,,,,,,,,,,,,,,,,,,,,,,,,,,,,,,,,,,,,,,,,,,,,,,,,52,79.5
1787325960,327.68,327.73,327.68,327.73,329.2,325.23,,,,,,,,,,,,,,,,,,,,,,,,,,,,,,,,,,,,,,,,,,,,,,,,,,,,58,79.45
1787326020,327.69,327.79,327.69,327.72,329.2,325.23,,,,,,,,,,,,,,,,,,,,,,,,,,,,,,,,,,,,,,,,,,,,,,,,,,,,26,80.7
1787326080,327.79,328.29,327.79,328.29,329.2,325.23,,,,,,,,,,,,,,,,,,,,,,,,,,,,,,,,,,,,,,,,,,,,,,,,,,,,152,71
1787326140,328.31,328.31,328.31,328.31,329.2,325.23,,,,,,,,,,,,,,,,,,,,,,,,,,,,,,,,,,,,,,,,,,,,,,,,,,,,1,67.5
1787326200,328.5,328.5,328.47,328.47,329.2,325.23,,,,,,,,,,,,,,,,,,,,,,,,,,,,,,,,,,,,,,,,,,,,,,,,,,,,3,66.95
1787326260,328.53,328.53,328.53,328.53,329.2,325.23,,,,,,,,,,,,,,,,,,,,,,,,,,,,,,,,,,,,,,,,,,,,,,,,,,,,2,65.8
1787326380,328.32,328.33,328.26,328.33,329.2,325.23,,,,,,,,,,,,,,,,,,,,,,,,,,,,,,,,,,,,,,,,,,,,,,,,,,,,59,63.05
1787326440,328.23,328.24,328.23,328.24,329.2,325.23,,,,,,,,,,,,,,,,,,,,,,,,,,,,,,,,,,,,,,,,,,,,,,,,,,,,45,64.8
1787326500,328.47,328.84,328.47,328.84,329.2,325.23,,,,,,,,,,,,,,,,,,,,,,,,,,,,,,,,,,,,,,,,,,,,,,,,,,,,309,77.75
1787326560,329.11,329.11,328.91,328.91,329.2,325.23,,,,,,,,,,,,,,,,,,,,,,,,,,,,,,,,,,,,,,,,,,,,,,,,,,,,37,79.55
1787326680,328.99,328.99,328.99,328.99,329.2,325.23,,,,,,,,,,,,,,,,,,,,,,,,,,,,,,,,,,,,,,,,,,,,,,,,,,,,6,71.85
1787326740,328.97,328.97,328.97,328.97,329.2,325.23,,,,,,,,,,,,,,,,,,,,,,,,,,,,,,,,,,,,,,,,,,,,,,,,,,,,10,72.1
1787326800,329.01,329.09,328.99,329.09,329.2,325.23,,,,,,,,,,,,,,,,,,,,,,,,,,,,,,,,,,,,,,,,,,,,,,,,,,,,100,60.8
1787326860,329.3,329.33,329.3,329.33,329.2,325.23,,,,,,,,,,,,,,,,,,,,,,,,,,,,,,,,,,,,,,,,,,,,,,,,,,,,33,55
1787326920,329.4,329.4,329.38,329.38,329.2,325.23,,,,,,,,,,,,,,,,,,,,,,,,,,,,,,,,,,,,,,,,,,,,,,,,,,,,14,55.65
1787326980,329.33,329.33,329.33,329.33,329.2,325.23,,,,,,,,,,,,,,,,,,,,,,,,,,,,,,,,,,,,,,,,,,,,,,,,,,,,5,54.5
1787327040,329.31,329.31,328.9,328.9,329.2,325.23,,,,,,,,,,,,,,,,,,,,,,,,,,,,,,,,,,,,,,,,,,,,,,,,,,,,246,66.35
1787327100,328.99,329.11,328.99,329.11,329.2,325.23,,,,,,,,,,,,,,,,,,,,,,,,,,,,,,,,,,,,,,,,,,,,,,,,,,,,85,62.5
1787327160,329.13,329.13,328.945,328.945,329.2,325.23,,,,,,,,,,,,,,,,,,,,,,,,,,,,,,,,,,,,,,,,,,,,,,,,,,,,3,62.3
1787327220,328.76,328.9,328.76,328.9,329.2,325.23,,,,,,,,,,,,,,,,,,,,,,,,,,,,,,,,,,,,,,,,,,,,,,,,,,,,265,72.95
1787327400,328.845,328.845,328.845,328.845,329.2,325.23,,,,,,,,,,,,,,,,,,,,,,,,,,,,,,,,,,,,,,,,,,,,,,,,,,,,80,74.05
1787327460,328.28,328.28,328.28,328.28,329.2,325.23,,,,,,,,,,,,,,,,,,,,,,,,,,,,,,,,,,,,,,,,,,,,,,,,,,,,1,72.8
1787327520,328.23,328.25,328.125,328.125,329.2,325.23,,,,,,,,,,,,,,,,,,,,,,,,,,,,,,,,,,,,,,,,,,,,,,,,,,,,129,71.65
1787327580,328.125,328.34,328.125,328.3,329.2,325.23,,,,,,,,,,,,,,,,,,,,,,,,,,,,,,,,,,,,,,,,,,,,,,,,,,,,182,80.7
1787327640,328.11,328.11,328.11,328.11,329.2,325.23,,,,,,,,,,,,,,,,,,,,,,,,,,,,,,,,,,,,,,,,,,,,,,,,,,,,40,82.55
1787327700,328.01,328.1,328.01,328.1,329.2,325.23,,,,,,,,,,,,,,,,,,,,,,,,,,,,,,,,,,,,,,,,,,,,,,,,,,,,86,86.75
1787327820,327.9,327.9,327.88,327.88,329.2,325.23,,,,,,,,,,,,,,,,,,,,,,,,,,,,,,,,,,,,,,,,,,,,,,,,,,,,61,86.85
1787327880,327.77,327.77,327.49,327.49,329.2,325.23,,,,,,,,,,,,,,,,,,,,,,,,,,,,,,,,,,,,,,,,,,,,,,,,,,,,143,91.75
1787327940,327.32,327.51,327.32,327.51,329.2,325.23,,,,,,,,,,,,,,,,,,,,,,,,,,,,,,,,,,,,,,,,,,,,,,,,,,,,44,78.5
1787328000,327.55,327.55,327.47,327.47,329.2,325.23,,,,,,,,,,,,,,,,,,,,,,,,,,,,,,,,,,,,,,,,,,,,,,,,,,,,56,79.45
1787328060,327.34,327.34,327.28,327.3,329.2,325.23,,,,,,,,,,,,,,,,,,,,,,,,,,,,,,,,,,,,,,,,,,,,,,,,,,,,12,79.75
1787328120,327.36,327.41,327.12,327.12,329.2,325.23,,,,,,,,,,,,,,,,,,,,,,,,,,,,,,,,,,,,,,,,,,,,,,,,,,,,136,86.05
1787328180,327.27,327.29,327.25,327.29,329.2,325.23,,,,,,,,,,,,,,,,,,,,,,,,,,,,,,,,,,,,,,,,,,,,,,,,,,,,276,94.85
1787328240,327.4,327.49,327.4,327.49,329.2,325.23,,,,,,,,,,,,,,,,,,,,,,,,,,,,,,,,,,,,,,,,,,,,,,,,,,,,148,100.6
1787328300,327.52,327.52,327.29,327.29,329.2,325.23,,,,,,,,,,,,,,,,,,,,,,,,,,,,,,,,,,,,,,,,,,,,,,,,,,,,173,108.55
1787328360,327.13,327.13,327.04,327.08,329.2,325.23,,,,,,,,,,,,,,,,,,,,,,,,,,,,,,,,,,,,,,,,,,,,,,,,,,,,16,109.1
1787328420,327.12,327.12,326.91,326.91,329.2,325.23,,,,,,,,,,,,,,,,,,,,,,,,,,,,,,,,,,,,,,,,,,,,,,,,,,,,9,97.25
1787328540,327.16,327.16,327.03,327.03,329.2,325.23,,,,,,,,,,,,,,,,,,,,,,,,,,,,,,,,,,,,,,,,,,,,,,,,,,,,85,97.25
1787328600,327.05,327.05,327.05,327.05,329.2,325.23,,,,,,,,,,,,,,,,,,,,,,,,,,,,,,,,,,,,,,,,,,,,,,,,,,,,1,97.15
1787328660,327.055,327.055,327.055,327.055,329.2,325.23,,,,,,,,,,,,,,,,,,,,,,,,,,,,,,,,,,,,,,,,,,,,,,,,,,,,80,87.9
1787328720,327.05,327.18,326.825,327.18,329.2,325.23,,,,,,,,,,,,,,,,,,,,,,,,,,,,,,,,,,,,,,,,,,,,,,,,,,,,576,112.7
1787328780,327.18,327.24,327.09,327.09,329.2,325.23,,,,,,,,,,,,,,,,,,,,,,,,,,,,,,,,,,,,,,,,,,,,,,,,,,,,315,128.4
1787328840,327.12,327.12,327.12,327.12,329.2,325.23,,,,,,,,,,,,,,,,,,,,,,,,,,,,,,,,,,,,,,,,,,,,,,,,,,,,5,122.2
1787328900,327.27,327.27,327.17,327.17,329.2,325.23,,,,,,,,,,,,,,,,,,,,,,,,,,,,,,,,,,,,,,,,,,,,,,,,,,,,10,113.6
1787328960,327.15,327.15,327.12,327.13,329.2,325.23,,,,,,,,,,,,,,,,,,,,,,,,,,,,,,,,,,,,,,,,,,,,,,,,,,,,167,119.95
1787329020,327.09,327.09,327.08,327.08,329.2,325.23,,,,,,,,,,,,,,,,,,,,,,,,,,,,,,,,,,,,,,,,,,,,,,,,,,,,52,118.25
1787329080,327.09,327.09,327.09,327.09,329.2,325.23,,,,,,,,,,,,,,,,,,,,,,,,,,,,,,,,,,,,,,,,,,,,,,,,,,,,21,116.25
1787329260,327.2,327.46,327.19,327.46,329.2,325.23,,,,,,,,,,,,,,,,,,,,,,,,,,,,,,,,,,,,,,,,,,,,,,,,,,,,479,133.05
1787329380,327.32,327.32,327.32,327.32,329.2,325.23,,,,,,,,,,,,,,,,,,,,,,,,,,,,,,,,,,,,,,,,,,,,,,,,,,,,80,134.85
1787329440,327.39,327.39,327.39,327.39,329.2,325.23,,,,,,,,,,,,,,,,,,,,,,,,,,,,,,,,,,,,,,,,,,,,,,,,,,,,80,136.05
1787329500,327.19,327.19,327.12,327.12,329.2,325.23,,,,,,,,,,,,,,,,,,,,,,,,,,,,,,,,,,,,,,,,,,,,,,,,,,,,6,135.75
1787329560,327.06,327.2,327.06,327.2,329.2,325.23,,,,,,,,,,,,,,,,,,,,,,,,,,,,,,,,,,,,,,,,,,,,,,,,,,,,42,131.05
1787329620,327.02,327.02,327.02,327.02,329.2,325.23,,,,,,,,,,,,,,,,,,,,,,,,,,,,,,,,,,,,,,,,,,,,,,,,,,,,9,117.7
1787329680,327.095,327.095,327.095,327.095,329.2,325.23,,,,,,,,,,,,,,,,,,,,,,,,,,,,,,,,,,,,,,,,,,,,,,,,,,,,1,110.35
1787329740,327.13,327.13,327.13,327.13,329.2,325.23,,,,,,,,,,,,,,,,,,,,,,,,,,,,,,,,,,,,,,,,,,,,,,,,,,,,1,101.75
1787329800,327.41,327.44,327.41,327.44,329.2,325.23,,,,,,,,,,,,,,,,,,,,,,,,,,,,,,,,,,,,,,,,,,,,,,,,,,,,35,102.7
1787329860,327.39,327.39,327.39,327.39,329.2,325.23,,,,,,,,,,,,,,,,,,,,,,,,,,,,,,,,,,,,,,,,,,,,,,,,,,,,16,103.05
1787330040,327.53,327.58,327.37,327.52,329.2,325.23,,,,,,,,,,,,,,,,,,,,,,,,,,,,,,,,,,,,,,,,,,,,,,,,,,,,426,120.1
1787330100,327.51,327.51,327.51,327.51,329.2,325.23,,,,,,,,,,,,,,,,,,,,,,,,,,,,,,,,,,,,,,,,,,,,,,,,,,,,50,122.55
1787330220,327.58,327.58,327.58,327.58,329.2,325.23,,,,,,,,,,,,,,,,,,,,,,,,,,,,,,,,,,,,,,,,,,,,,,,,,,,,51,121.1
1787330280,327.59,327.59,327.59,327.59,329.2,325.23,,,,,,,,,,,,,,,,,,,,,,,,,,,,,,,,,,,,,,,,,,,,,,,,,,,,1,92.35
1787330340,327.61,327.97,327.61,327.97,329.2,325.23,,,,,,,,,,,,,,,,,,,,,,,,,,,,,,,,,,,,,,,,,,,,,,,,,,,,226,87.9
1787330400,327.97,327.97,327.87,327.87,329.2,325.23,,,,,,,,,,,,,,,,,,,,,,,,,,,,,,,,,,,,,,,,,,,,,,,,,,,,4,87.85
1787330460,327.98,327.98,327.98,327.98,329.2,325.23,,,,,,,,,,,,,,,,,,,,,,,,,,,,,,,,,,,,,,,,,,,,,,,,,,,,1,87.4
1787330700,327.74,327.74,327.73,327.73,329.2,325.23,,,,,,,,,,,,,,,,,,,,,,,,,,,,,,,,,,,,,,,,,,,,,,,,,,,,47,81.4
1787330760,327.9,327.93,327.9,327.93,329.2,325.23,,,,,,,,,,,,,,,,,,,,,,,,,,,,,,,,,,,,,,,,,,,,,,,,,,,,101,83.85
1787330820,327.84,327.89,327.67,327.7,329.2,325.23,,,,,,,,,,,,,,,,,,,,,,,,,,,,,,,,,,,,,,,,,,,,,,,,,,,,530,109.3
1787330880,327.69,327.69,327.165,327.165,329.2,325.23,,,,,,,,,,,,,,,,,,,,,,,,,,,,,,,,,,,,,,,,,,,,,,,,,,,,204,95.55
1787331360,327.18,327.18,327.18,327.18,329.2,325.23,,,,,,,,,,,,,,,,,,,,,,,,,,,,,,,,,,,,,,,,,,,,,,,,,,,,3,91.7
1787331420,327.04,327.04,326.8,326.96,329.2,325.23,,,,,,,,,,,,,,,,,,,,,,,,,,,,,,,,,,,,,,,,,,,,,,,,,,,,137,94.55
1787331480,326.99,327.05,326.99,327.05,329.2,325.23,,,,,,,,,,,,,,,,,,,,,,,,,,,,,,,,,,,,,,,,,,,,,,,,,,,,109,99.7
1787331540,327.04,327.04,326.79,326.79,329.2,325.23,,,,,,,,,,,,,,,,,,,,,,,,,,,,,,,,,,,,,,,,,,,,,,,,,,,,83,101.75
1787331600,326.71,326.83,326.71,326.71,329.2,325.23,,,,,,,,,,,,,,,,,,,,,,,,,,,,,,,,,,,,,,,,,,,,,,,,,,,,110,106.8
1787331720,326.71,326.71,326.66,326.66,329.2,325.23,,,,,,,,,,,,,,,,,,,,,,,,,,,,,,,,,,,,,,,,,,,,,,,,,,,,250,119.25
1787331780,326.49,326.49,326.48,326.48,329.2,325.23,,,,,,,,,,,,,,,,,,,,,,,,,,,,,,,,,,,,,,,,,,,,,,,,,,,,35,120.95
1787331840,326.55,326.55,326.42,326.42,329.2,325.23,,,,,,,,,,,,,,,,,,,,,,,,,,,,,,,,,,,,,,,,,,,,,,,,,,,,45,121.45
1787331900,326.31,326.45,326.3,326.43,329.2,325.23,,,,,,,,,,,,,,,,,,,,,,,,,,,,,,,,,,,,,,,,,,,,,,,,,,,,239,132.6
1787331960,326.45,326.56,326.45,326.56,329.2,325.23,,,,,,,,,,,,,,,,,,,,,,,,,,,,,,,,,,,,,,,,,,,,,,,,,,,,225,122.55
1787332020,326.55,326.69,326.55,326.69,329.2,325.23,,,,,,,,,,,,,,,,,,,,,,,,,,,,,,,,,,,,,,,,,,,,,,,,,,,,96,124.85
1787332080,326.68,326.84,326.68,326.84,329.2,325.23,,,,,,,,,,,,,,,,,,,,,,,,,,,,,,,,,,,,,,,,,,,,,,,,,,,,9,122.75
1787332140,326.85,326.89,326.74,326.74,329.2,325.23,,,,,,,,,,,,,,,,,,,,,,,,,,,,,,,,,,,,,,,,,,,,,,,,,,,,35,124.45
1787332200,326.68,326.68,326.66,326.66,329.2,325.23,,,,,,,,,,,,,,,,,,,,,,,,,,,,,,,,,,,,,,,,,,,,,,,,,,,,42,115.25
1787332260,326.64,326.64,326.64,326.64,329.2,325.23,,,,,,,,,,,,,,,,,,,,,,,,,,,,,,,,,,,,,,,,,,,,,,,,,,,,30,116.55
1787332320,326.58,326.58,326.58,326.58,329.2,325.23,,,,,,,,,,,,,,,,,,,,,,,,,,,,,,,,,,,,,,,,,,,,,,,,,,,,76,120.3
1787332380,326.64,326.64,326.56,326.56,329.2,325.23,,,,,,,,,,,,,,,,,,,,,,,,,,,,,,,,,,,,,,,,,,,,,,,,,,,,183,127.1
1787332440,326.62,326.62,326.55,326.61,329.2,325.23,,,,,,,,,,,,,,,,,,,,,,,,,,,,,,,,,,,,,,,,,,,,,,,,,,,,103,127.2
1787332500,326.62,326.69,326.62,326.68,329.2,325.23,,,,,,,,,,,,,,,,,,,,,,,,,,,,,,,,,,,,,,,,,,,,,,,,,,,,72,104.3
1787332560,326.8,326.85,326.78,326.78,329.2,325.23,,,,,,,,,,,,,,,,,,,,,,,,,,,,,,,,,,,,,,,,,,,,,,,,,,,,33,95.75
1787332620,326.89,326.89,326.89,326.89,329.2,325.23,,,,,,,,,,,,,,,,,,,,,,,,,,,,,,,,,,,,,,,,,,,,,,,,,,,,18,96.5
1787332680,326.79,326.79,326.78,326.79,329.2,325.23,,,,,,,,,,,,,,,,,,,,,,,,,,,,,,,,,,,,,,,,,,,,,,,,,,,,89,94.1
1787332920,326.87,326.88,326.82,326.88,329.2,325.23,,,,,,,,,,,,,,,,,,,,,,,,,,,,,,,,,,,,,,,,,,,,,,,,,,,,267,102
1787332980,326.92,326.96,326.87,326.87,329.2,325.23,,,,,,,,,,,,,,,,,,,,,,,,,,,,,,,,,,,,,,,,,,,,,,,,,,,,170,106.35
1787333040,326.92,326.92,326.92,326.92,329.2,325.23,,,,,,,,,,,,,,,,,,,,,,,,,,,,,,,,,,,,,,,,,,,,,,,,,,,,17,101.7
1787333100,327.01,327.01,326.9,326.9,329.2,325.23,,,,,,,,,,,,,,,,,,,,,,,,,,,,,,,,,,,,,,,,,,,,,,,,,,,,134,95.9
1787333160,327.03,327.11,326.98,327,329.2,325.23,,,,,,,,,,,,,,,,,,,,,,,,,,,,,,,,,,,,,,,,,,,,,,,,,,,,151,101.7
1787333220,326.98,326.98,326.98,326.98,329.2,325.23,,,,,,,,,,,,,,,,,,,,,,,,,,,,,,,,,,,,,,,,,,,,,,,,,,,,2,99.55
1787333280,326.98,327.1,326.98,327.03,329.2,325.23,,,,,,,,,,,,,,,,,,,,,,,,,,,,,,,,,,,,,,,,,,,,,,,,,,,,215,98.35
1787333340,327.01,327.01,327.01,327.01,329.2,325.23,,,,,,,,,,,,,,,,,,,,,,,,,,,,,,,,,,,,,,,,,,,,,,,,,,,,10,87.6
1787333460,327.025,327.025,326.84,326.85,329.2,325.23,,,,,,,,,,,,,,,,,,,,,,,,,,,,,,,,,,,,,,,,,,,,,,,,,,,,109,88.25
1787333520,326.93,326.98,326.93,326.98,329.2,325.23,,,,,,,,,,,,,,,,,,,,,,,,,,,,,,,,,,,,,,,,,,,,,,,,,,,,145,95.05
1787333580,327.02,327.02,326.91,326.91,329.2,325.23,,,,,,,,,,,,,,,,,,,,,,,,,,,,,,,,,,,,,,,,,,,,,,,,,,,,2,93.4
1787333640,327.03,327.05,326.99,326.99,329.2,325.23,,,,,,,,,,,,,,,,,,,,,,,,,,,,,,,,,,,,,,,,,,,,,,,,,,,,16,92.1
1787333760,327.04,327.04,327.04,327.04,329.2,325.23,,,,,,,,,,,,,,,,,,,,,,,,,,,,,,,,,,,,,,,,,,,,,,,,,,,,5,90.85
1787333820,326.92,326.93,326.75,326.83,329.2,325.23,,,,,,,,,,,,,,,,,,,,,,,,,,,,,,,,,,,,,,,,,,,,,,,,,,,,866,130.35
1787334000,326.71,326.71,326.57,326.57,329.2,325.23,,,,,,,,,,,,,,,,,,,,,,,,,,,,,,,,,,,,,,,,,,,,,,,,,,,,71,124.75
1787334060,326.55,326.64,326.55,326.64,329.2,325.23,,,,,,,,,,,,,,,,,,,,,,,,,,,,,,,,,,,,,,,,,,,,,,,,,,,,78,123.5
1787334120,326.69,326.69,326.635,326.635,329.2,325.23,,,,,,,,,,,,,,,,,,,,,,,,,,,,,,,,,,,,,,,,,,,,,,,,,,,,109,125.35
1787334180,326.53,326.53,326.45,326.45,329.2,325.23,,,,,,,,,,,,,,,,,,,,,,,,,,,,,,,,,,,,,,,,,,,,,,,,,,,,24,124.9
1787334240,326.44,326.44,326.15,326.15,329.2,325.23,,,,,,,,,,,,,,,,,,,,,,,,,,,,,,,,,,,,,,,,,,,,,,,,,,,,78,127.9
1787334300,326.24,326.35,326.21,326.3,329.2,325.23,,,,,,,,,,,,,,,,,,,,,,,,,,,,,,,,,,,,,,,,,,,,,,,,,,,,413,144.1
1787334360,326.13,326.23,326.13,326.23,329.2,325.23,,,,,,,,,,,,,,,,,,,,,,,,,,,,,,,,,,,,,,,,,,,,,,,,,,,,156,138.55
1787334420,326.33,326.33,326.17,326.2,329.2,325.23,,,,,,,,,,,,,,,,,,,,,,,,,,,,,,,,,,,,,,,,,,,,,,,,,,,,401,150.1
1787334540,326.18,326.24,326.14,326.24,329.2,325.23,,,,,,,,,,,,,,,,,,,,,,,,,,,,,,,,,,,,,,,,,,,,,,,,,,,,219,160.2
1787334720,326.11,326.11,326.08,326.08,329.2,325.23,,,,,,,,,,,,,,,,,,,,,,,,,,,,,,,,,,,,,,,,,,,,,,,,,,,,93,158.15
1787334780,326.26,326.38,326.26,326.38,329.2,325.23,,,,,,,,,,,,,,,,,,,,,,,,,,,,,,,,,,,,,,,,,,,,,,,,,,,,240,162.6
1787334840,326.36,326.36,326.36,326.36,329.2,325.23,,,,,,,,,,,,,,,,,,,,,,,,,,,,,,,,,,,,,,,,,,,,,,,,,,,,5,162.75
1787334960,326.25,326.25,326.15,326.15,329.2,325.23,,,,,,,,,,,,,,,,,,,,,,,,,,,,,,,,,,,,,,,,,,,,,,,,,,,,141,159.05
1787335080,326.27,326.27,326.27,326.27,329.2,325.23,,,,,,,,,,,,,,,,,,,,,,,,,,,,,,,,,,,,,,,,,,,,,,,,,,,,21,159.6
1787335140,326.16,326.19,326.16,326.19,329.2,325.23,,,,,,,,,,,,,,,,,,,,,,,,,,,,,,,,,,,,,,,,,,,,,,,,,,,,48,156.55
1787335200,326.11,326.14,326.11,326.11,329.2,325.23,,,,,,,,,,,,,,,,,,,,,,,,,,,,,,,,,,,,,,,,,,,,,,,,,,,,31,150.85
1787335260,326.21,326.37,326.21,326.35,329.2,325.23,,,,,,,,,,,,,,,,,,,,,,,,,,,,,,,,,,,,,,,,,,,,,,,,,,,,322,166.85
1787335320,326.4,326.4,326.4,326.4,329.2,325.23,,,,,,,,,,,,,,,,,,,,,,,,,,,,,,,,,,,,,,,,,,,,,,,,,,,,161,174.1
1787335380,326.44,326.44,326.42,326.42,329.2,325.23,,,,,,,,,,,,,,,,,,,,,,,,,,,,,,,,,,,,,,,,,,,,,,,,,,,,85,178.1
1787335500,326.44,326.44,326.41,326.44,329.2,325.23,,,,,,,,,,,,,,,,,,,,,,,,,,,,,,,,,,,,,,,,,,,,,,,,,,,,101,139.85
1787335560,326.38,326.53,326.38,326.53,329.2,325.23,,,,,,,,,,,,,,,,,,,,,,,,,,,,,,,,,,,,,,,,,,,,,,,,,,,,57,139.15
1787335620,326.6,326.92,326.6,326.895,329.2,325.23,,,,,,,,,,,,,,,,,,,,,,,,,,,,,,,,,,,,,,,,,,,,,,,,,,,,252,147.85
1787335740,326.81,326.81,326.655,326.655,329.2,325.23,,,,,,,,,,,,,,,,,,,,,,,,,,,,,,,,,,,,,,,,,,,,,,,,,,,,41,144.45
1787335800,326.48,326.48,326.48,326.48,329.2,325.23,,,,,,,,,,,,,,,,,,,,,,,,,,,,,,,,,,,,,,,,,,,,,,,,,,,,1,143.3
1787335860,326.47,326.48,326.47,326.48,329.2,325.23,,,,,,,,,,,,,,,,,,,,,,,,,,,,,,,,,,,,,,,,,,,,,,,,,,,,2,139.5
1787335920,326.57,326.64,326.57,326.57,329.2,325.23,,,,,,,,,,,,,,,,,,,,,,,,,,,,,,,,,,,,,,,,,,,,,,,,,,,,308,134.25
1787336040,326.41,326.41,326.41,326.41,329.2,325.23,,,,,,,,,,,,,,,,,,,,,,,,,,,,,,,,,,,,,,,,,,,,,,,,,,,,5,126.7
1787336160,326.32,326.32,326.29,326.29,329.2,325.23,,,,,,,,,,,,,,,,,,,,,,,,,,,,,,,,,,,,,,,,,,,,,,,,,,,,14,107.35
1787336220,326.51,326.65,326.49,326.65,329.2,325.23,,,,,,,,,,,,,,,,,,,,,,,,,,,,,,,,,,,,,,,,,,,,,,,,,,,,302,111.5
1787336340,326.61,326.98,326.61,326.85,329.2,325.23,,,,,,,,,,,,,,,,,,,,,,,,,,,,,,,,,,,,,,,,,,,,,,,,,,,,164,115.05
1787336400,326.64,326.64,326.54,326.54,329.2,325.23,,,,,,,,,,,,,,,,,,,,,,,,,,,,,,,,,,,,,,,,,,,,,,,,,,,,93,107.7
1787336580,326.57,326.66,326.57,326.66,329.2,325.23,,,,,,,,,,,,,,,,,,,,,,,,,,,,,,,,,,,,,,,,,,,,,,,,,,,,83,111.6
1787336640,326.66,326.66,326.52,326.52,329.2,325.23,,,,,,,,,,,,,,,,,,,,,,,,,,,,,,,,,,,,,,,,,,,,,,,,,,,,5,104.8
1787336820,326.66,326.74,326.61,326.61,329.2,325.23,,,,,,,,,,,,,,,,,,,,,,,,,,,,,,,,,,,,,,,,,,,,,,,,,,,,115,109.5
1787336880,326.71,326.71,326.71,326.71,329.2,325.23,,,,,,,,,,,,,,,,,,,,,,,,,,,,,,,,,,,,,,,,,,,,,,,,,,,,1,107.15
1787337060,326.72,326.74,326.72,326.72,329.2,325.23,,,,,,,,,,,,,,,,,,,,,,,,,,,,,,,,,,,,,,,,,,,,,,,,,,,,212,116.2
1787337180,326.49,326.49,326.49,326.49,329.2,325.23,,,,,,,,,,,,,,,,,,,,,,,,,,,,,,,,,,,,,,,,,,,,,,,,,,,,33,101.75
1787337240,326.4,326.4,326.35,326.35,329.2,325.23,,,,,,,,,,,,,,,,,,,,,,,,,,,,,,,,,,,,,,,,,,,,,,,,,,,,10,94.2
1787337420,326.45,326.45,326.36,326.36,329.2,325.23,,,,,,,,,,,,,,,,,,,,,,,,,,,,,,,,,,,,,,,,,,,,,,,,,,,,120,95.95
1787337480,326.46,326.46,326.46,326.46,329.2,325.23,,,,,,,,,,,,,,,,,,,,,,,,,,,,,,,,,,,,,,,,,,,,,,,,,,,,10,91.4
1787337540,326.37,326.37,326.37,326.37,329.2,325.23,,,,,,,,,,,,,,,,,,,,,,,,,,,,,,,,,,,,,,,,,,,,,,,,,,,,13,89.2
1787337600,326.44,326.51,326.44,326.51,329.2,325.23,,,,,,,,,,,,,,,,,,,,,,,,,,,,,,,,,,,,,,,,,,,,,,,,,,,,89,81.05
1787337660,326.52,326.52,326.52,326.52,329.2,325.23,,,,,,,,,,,,,,,,,,,,,,,,,,,,,,,,,,,,,,,,,,,,,,,,,,,,3,79.15
1787337720,326.6,326.6,326.51,326.57,329.2,325.23,,,,,,,,,,,,,,,,,,,,,,,,,,,,,,,,,,,,,,,,,,,,,,,,,,,,194,88.8
1787337780,326.53,327.1,326.51,326.66,329.2,325.23,,,,,,,,,,,,,,,,,,,,,,,,,,,,,,,,,,,,,,,,,,,,,,,,,,,,903,133.85
1787337840,326.5,326.5,326.34,326.34,329.2,325.23,,,,,,,,,,,,,,,,,,,,,,,,,,,,,,,,,,,,,,,,,,,,,,,,,,,,333,135.1
1787337900,326.31,326.31,326.31,326.31,329.2,325.23,,,,,,,,,,,,,,,,,,,,,,,,,,,,,,,,,,,,,,,,,,,,,,,,,,,,46,137.15
1787338080,326.375,326.375,326.24,326.24,329.2,325.23,,,,,,,,,,,,,,,,,,,,,,,,,,,,,,,,,,,,,,,,,,,,,,,,,,,,93,141.1
1787338260,326.42,326.42,326.35,326.39,329.2,325.23,,,,,,,,,,,,,,,,,,,,,,,,,,,,,,,,,,,,,,,,,,,,,,,,,,,,8,126.4
1787338320,326.3,326.37,326.24,326.37,329.2,325.23,,,,,,,,,,,,,,,,,,,,,,,,,,,,,,,,,,,,,,,,,,,,,,,,,,,,53,120.85
1787338380,326.39,326.39,326.21,326.28,329.2,325.23,,,,,,,,,,,,,,,,,,,,,,,,,,,,,,,,,,,,,,,,,,,,,,,,,,,,456,139
1787338440,326.295,326.295,326.295,326.295,329.2,325.23,,,,,,,,,,,,,,,,,,,,,,,,,,,,,,,,,,,,,,,,,,,,,,,,,,,,11,135.4
1787338500,326.16,326.21,326.13,326.21,329.2,325.23,,,,,,,,,,,,,,,,,,,,,,,,,,,,,,,,,,,,,,,,,,,,,,,,,,,,655,167.9
1787338620,326.25,326.25,325.86,326,329.2,325.23,,,,,,,,,,,,,,,,,,,,,,,,,,,,,,,,,,,,,,,,,,,,,,,,,,,,308,177.55
1787338680,325.91,326,325.91,325.98,329.2,325.23,,,,,,,,,,,,,,,,,,,,,,,,,,,,,,,,,,,,,,,,,,,,,,,,,,,,35,179.25
1787338740,325.85,325.95,325.85,325.95,329.2,325.23,,,,,,,,,,,,,,,,,,,,,,,,,,,,,,,,,,,,,,,,,,,,,,,,,,,,12,169.25
1787338800,325.87,326.01,325.75,325.75,329.2,325.23,,,,,,,,,,,,,,,,,,,,,,,,,,,,,,,,,,,,,,,,,,,,,,,,,,,,266,180.9
1787338860,325.84,325.85,325.84,325.85,329.2,325.23,,,,,,,,,,,,,,,,,,,,,,,,,,,,,,,,,,,,,,,,,,,,,,,,,,,,20,181.4
1787338920,325.75,325.96,325.56,325.89,329.2,325.23,,,,,,,,,,,,,,,,,,,,,,,,,,,,,,,,,,,,,,,,,,,,,,,,,,,,619,206.35
1787338980,325.85,325.85,325.85,325.85,329.2,325.23,,,,,,,,,,,,,,,,,,,,,,,,,,,,,,,,,,,,,,,,,,,,,,,,,,,,32,207.45
1787339100,325.78,325.78,325.6,325.66,329.2,325.23,,,,,,,,,,,,,,,,,,,,,,,,,,,,,,,,,,,,,,,,,,,,,,,,,,,,225,218.05
1787339160,325.73,325.74,325.49,325.49,329.2,325.23,,,,,,,,,,,,,,,,,,,,,,,,,,,,,,,,,,,,,,,,,,,,,,,,,,,,137,220.45
1787339280,325.51,325.6,325.51,325.6,329.2,325.23,,,,,,,,,,,,,,,,,,,,,,,,,,,,,,,,,,,,,,,,,,,,,,,,,,,,157,228.15
1787339400,325.5,325.61,325.36,325.4,329.2,325.23,,,,,,,,,,,,,,,,,,,,,,,,,,,,,,,,,,,,,,,,,,,,,,,,,,,,258,231.35
1787339460,325.37,325.37,325.32,325.32,329.2,325.23,,,,,,,,,,,,,,,,,,,,,,,,,,,,,,,,,,,,,,,,,,,,,,,,,,,,48,188.6
1787339520,325.315,325.315,325.2,325.2,329.2,325.23,,,,,,,,,,,,,,,,,,,,,,,,,,,,,,,,,,,,,,,,,,,,,,,,,,,,153,179.6
1787339580,325.12,325.185,325.11,325.185,329.2,325.23,,,,,,,,,,,,,,,,,,,,,,,,,,,,,,,,,,,,,,,,,,,,,,,,,,,,59,180.25
1787339640,325.09,325.16,325.08,325.14,329.2,325.23,,,,,,,,,,,,,,,,,,,,,,,,,,,,,,,,,,,,,,,,,,,,,,,,,,,,119,181.55
1787339700,325.18,325.26,325.18,325.26,329.2,325.23,,,,,,,,,,,,,,,,,,,,,,,,,,,,,,,,,,,,,,,,,,,,,,,,,,,,94,185.85
1787339760,325.23,325.41,325.22,325.36,329.2,325.23,,,,,,,,,,,,,,,,,,,,,,,,,,,,,,,,,,,,,,,,,,,,,,,,,,,,510,208.7
1787339820,325.41,325.42,325.41,325.42,329.2,325.23,,,,,,,,,,,,,,,,,,,,,,,,,,,,,,,,,,,,,,,,,,,,,,,,,,,,4,186.1
1787339880,325.42,325.55,325.42,325.45,329.2,325.23,,,,,,,,,,,,,,,,,,,,,,,,,,,,,,,,,,,,,,,,,,,,,,,,,,,,103,190.7
1787339940,325.485,325.485,325.25,325.25,329.2,325.23,,,,,,,,,,,,,,,,,,,,,,,,,,,,,,,,,,,,,,,,,,,,,,,,,,,,325,174.2
1787340000,325.23,325.24,325.11,325.11,329.2,325.23,,,,,,,,,,,,,,,,,,,,,,,,,,,,,,,,,,,,,,,,,,,,,,,,,,,,230,170.3
1787340060,325.15,325.31,325.15,325.31,329.2,325.23,,,,,,,,,,,,,,,,,,,,,,,,,,,,,,,,,,,,,,,,,,,,,,,,,,,,133,175.2
1787340120,325.34,325.36,325.34,325.36,329.2,325.23,,,,,,,,,,,,,,,,,,,,,,,,,,,,,,,,,,,,,,,,,,,,,,,,,,,,131,181.15
1787340180,325.47,325.48,325.42,325.42,329.2,325.23,,,,,,,,,,,,,,,,,,,,,,,,,,,,,,,,,,,,,,,,,,,,,,,,,,,,86,172.15
1787340240,325.46,325.46,325.46,325.46,329.2,325.23,,,,,,,,,,,,,,,,,,,,,,,,,,,,,,,,,,,,,,,,,,,,,,,,,,,,3,171.3
1787340360,325.44,325.66,325.44,325.54,329.2,325.23,,,,,,,,,,,,,,,,,,,,,,,,,,,,,,,,,,,,,,,,,,,,,,,,,,,,880,184.35
1787340420,325.54,325.555,325.51,325.555,329.2,325.23,,,,,,,,,,,,,,,,,,,,,,,,,,,,,,,,,,,,,,,,,,,,,,,,,,,,216,193.55
1787340480,325.43,325.5,325.43,325.5,329.2,325.23,,,,,,,,,,,,,,,,,,,,,,,,,,,,,,,,,,,,,,,,,,,,,,,,,,,,59,185.25
1787340540,325.51,325.51,325.51,325.51,329.2,325.23,,,,,,,,,,,,,,,,,,,,,,,,,,,,,,,,,,,,,,,,,,,,,,,,,,,,10,178.9
1787340600,325.64,325.67,325.5,325.52,329.2,325.23,,,,,,,,,,,,,,,,,,,,,,,,,,,,,,,,,,,,,,,,,,,,,,,,,,,,347,188.4
1787340660,325.51,325.53,325.25,325.28,329.2,325.23,,,,,,,,,,,,,,,,,,,,,,,,,,,,,,,,,,,,,,,,,,,,,,,,,,,,730,212
1787340720,325.33,325.45,325.33,325.38,329.2,325.23,,,,,,,,,,,,,,,,,,,,,,,,,,,,,,,,,,,,,,,,,,,,,,,,,,,,558,237.5
1787340780,325.32,325.32,325.14,325.14,329.2,325.23,,,,,,,,,,,,,,,,,,,,,,,,,,,,,,,,,,,,,,,,,,,,,,,,,,,,319,245.8
1787340840,325.19,325.19,325.07,325.13,329.2,325.23,,,,,,,,,,,,,,,,,,,,,,,,,,,,,,,,,,,,,,,,,,,,,,,,,,,,238,254.75
1787340900,325.16,325.26,325.14,325.14,329.2,325.23,,,,,,,,,,,,,,,,,,,,,,,,,,,,,,,,,,,,,,,,,,,,,,,,,,,,149,256.25
1787340960,325.13,325.14,325.11,325.11,329.2,325.23,,,,,,,,,,,,,,,,,,,,,,,,,,,,,,,,,,,,,,,,,,,,,,,,,,,,36,253.35
1787341020,325.16,325.2,325.13,325.2,329.2,325.23,,,,,,,,,,,,,,,,,,,,,,,,,,,,,,,,,,,,,,,,,,,,,,,,,,,,18,228.75
1787341080,325.3,325.33,325.16,325.18,329.2,325.23,,,,,,,,,,,,,,,,,,,,,,,,,,,,,,,,,,,,,,,,,,,,,,,,,,,,288,242.95
1787341140,325.25,325.25,324.91,324.91,329.2,325.23,,,,,,,,,,,,,,,,,,,,,,,,,,,,,,,,,,,,,,,,,,,,,,,,,,,,415,258.55
1787341200,324.9,324.98,324.81,324.86,329.2,325.23,,,,,,,,,,,,,,,,,,,,,,,,,,,,,,,,,,,,,,,,,,,,,,,,,,,,481,266.35
1787341260,324.82,324.92,324.69,324.69,329.2,325.23,,,,,,,,,,,,,,,,,,,,,,,,,,,,,,,,,,,,,,,,,,,,,,,,,,,,177,263.7
1787341320,324.76,324.8,324.7,324.8,329.2,325.23,,,,,,,,,,,,,,,,,,,,,,,,,,,,,,,,,,,,,,,,,,,,,,,,,,,,163,265.2
1787341380,324.85,324.9,324.76,324.76,329.2,325.23,,,,,,,,,,,,,,,,,,,,,,,,,,,,,,,,,,,,,,,,,,,,,,,,,,,,285,272.9
1787341440,324.77,324.91,324.77,324.84,329.2,325.23,,,,,,,,,,,,,,,,,,,,,,,,,,,,,,,,,,,,,,,,,,,,,,,,,,,,195,278.35
1787341500,324.85,324.87,324.79,324.87,329.2,325.23,,,,,,,,,,,,,,,,,,,,,,,,,,,,,,,,,,,,,,,,,,,,,,,,,,,,504,303.4
1787341560,324.81,324.81,324.75,324.75,329.2,325.23,,,,,,,,,,,,,,,,,,,,,,,,,,,,,,,,,,,,,,,,,,,,,,,,,,,,94,264.1
1787341620,324.91,324.91,324.82,324.85,329.2,325.23,,,,,,,,,,,,,,,,,,,,,,,,,,,,,,,,,,,,,,,,,,,,,,,,,,,,181,262.35
1787341680,324.89,325.02,324.86,325.02,329.2,325.23,,,,,,,,,,,,,,,,,,,,,,,,,,,,,,,,,,,,,,,,,,,,,,,,,,,,274,273.1
1787341740,325.19,325.35,325.14,325.14,329.2,325.23,,,,,,,,,,,,,,,,,,,,,,,,,,,,,,,,,,,,,,,,,,,,,,,,,,,,691,307.15
1787341800,325.3,325.31,325.3,325.31,329.2,325.23,,,,,,,,,,,,,,,,,,,,,,,,,,,,,,,,,,,,,,,,,,,,,,,,,,,,90,294.3
1787341860,325.72,325.72,325.42,325.45,329.2,325.23,,,,,,,,,,,,,,,,,,,,,,,,,,,,,,,,,,,,,,,,,,,,,,,,,,,,558,285.7
1787341920,325.37,325.37,325.31,325.365,329.2,325.23,,,,,,,,,,,,,,,,,,,,,,,,,,,,,,,,,,,,,,,,,,,,,,,,,,,,206,268.1
1787341980,325.29,325.53,325.26,325.53,329.2,325.23,,,,,,,,,,,,,,,,,,,,,,,,,,,,,,,,,,,,,,,,,,,,,,,,,,,,537,279
1787342040,325.6,325.89,325.6,325.6,329.2,325.23,,,,,,,,,,,,,,,,,,,,,,,,,,,,,,,,,,,,,,,,,,,,,,,,,,,,755,304.85
1787342100,325.56,325.95,325.4,325.95,329.2,325.23,,,,,,,,,,,,,,,,,,,,,,,,,,,,,,,,,,,,,,,,,,,,,,,,,,,,309,312.85
1787342160,325.96,326.02,325.52,325.68,329.2,325.23,,,,,,,,,,,,,,,,,,,,,,,,,,,,,,,,,,,,,,,,,,,,,,,,,,,,803,351.2
1787342220,325.59,325.59,325.29,325.37,329.2,325.23,,,,,,,,,,,,,,,,,,,,,,,,,,,,,,,,,,,,,,,,,,,,,,,,,,,,1415,421.05
1787342280,325.4,325.41,324.98,325.14,329.2,325.23,,,,,,,,,,,,,,,,,,,,,,,,,,,,,,,,,,,,,,,,,,,,,,,,,,,,2696,541.45
1787342340,325.16,325.26,324.69,325.08,329.2,325.23,,,,,,,,,,,,,,,,,,,,,,,,,,,,,,,,,,,,,,,,,,,,,,,,,,,,6276,834.5
1787578200,324.475,325.82,324.475,325.82,325.82,324.475,,,,,,,,,,,,,,,,,,,,,,,,,,,,,,,,,,,,,,,,,,,,,,,,,,,,147,817.8
1787578260,326,326,326,326,326,324.475,,,,,,,,,,,,,,,,,,,,,,,,,,,,,,,,,,,,,,,,,,,,,,,,,,,,10,809.45
1787578320,325.76,325.8,325.76,325.77,326,324.475,,,,,,,,,,,,,,,,,,,,,,,,,,,,,,,,,,,,,,,,,,,,,,,,,,,,13,801.95
1787578440,325.78,325.78,325.66,325.66,326,324.475,,,,,,,,,,,,,,,,,,,,,,,,,,,,,,,,,,,,,,,,,,,,,,,,,,,,11,788.25
1787578500,326.08,326.21,325.91,325.91,326.21,324.475,,,,,,,,,,,,,,,,,,,,,,,,,,,,,,,,,,,,,,,,,,,,,,,,,,,,198,788.4
1787578560,326.37,326.38,326.11,326.11,326.38,324.475,,,,,,,,,,,,,,,,,,,,,,,,,,,,,,,,,,,,,,,,,,,,,,,,,,,,314,778.9
1787578620,325.93,325.93,325.27,325.27,326.38,324.475,,,,,,,,,,,,,,,,,,,,,,,,,,,,,,,,,,,,,,,,,,,,,,,,,,,,54,776.9
1787578740,325.91,325.91,325.91,325.91,326.38,324.475,,,,,,,,,,,,,,,,,,,,,,,,,,,,,,,,,,,,,,,,,,,,,,,,,,,,3,768
1787578800,325.97,326.29,325.915,326.29,326.38,324.475,,,,,,,,,,,,,,,,,,,,,,,,,,,,,,,,,,,,,,,,,,,,,,,,,,,,61,757.35
1787578860,326.33,327,326.33,327,327,324.475,,,,,,,,,,,,,,,,,,,,,,,,,,,,,,,,,,,,,,,,,,,,,,,,,,,,122,728.9
1787578920,327.37,327.37,327.37,327.37,327.37,324.475,,,,,,,,,,,,,,,,,,,,,,,,,,,,,,,,,,,,,,,,,,,,,,,,,,,,20,725.4
1787579040,327.77,327.77,327.35,327.53,327.77,324.475,,,,,,,,,,,,,,,,,,,,,,,,,,,,,,,,,,,,,,,,,,,,,,,,,,,,112,703.1
1787579100,327.55,327.83,327.43,327.57,327.77,324.475,,,,,,,,,,,,,,,,,,,,,,,,,,,,,,,,,,,,,,,,,,,,,,,,,,,,425,714.05
1787579160,327.85,328.11,327.66,328.11,327.77,324.475,,,,,,,,,,,,,,,,,,,,,,,,,,,,,,,,,,,,,,,,,,,,,,,,,,,,597,717.05
1787579220,328.14,328.25,328,328,327.77,324.475,,,,,,,,,,,,,,,,,,,,,,,,,,,,,,,,,,,,,,,,,,,,,,,,,,,,102,684.4
1787579280,327.57,327.68,327.44,327.44,327.77,324.475,,,,,,,,,,,,,,,,,,,,,,,,,,,,,,,,,,,,,,,,,,,,,,,,,,,,32,670.55
1787579340,327.815,327.815,327.815,327.815,327.77,324.475,,,,,,,,,,,,,,,,,,,,,,,,,,,,,,,,,,,,,,,,,,,,,,,,,,,,10,630.9
1787579400,327.85,327.85,327.85,327.85,327.77,324.475,,,,,,,,,,,,,,,,,,,,,,,,,,,,,,,,,,,,,,,,,,,,,,,,,,,,10,560.65
1787579460,327.8,327.8,327.8,327.8,327.77,324.475,,,,,,,,,,,,,,,,,,,,,,,,,,,,,,,,,,,,,,,,,,,,,,,,,,,,1,425.9
1787579580,327.865,327.865,327.86,327.86,327.77,324.475,,,,,,,,,,,,,,,,,,,,,,,,,,,,,,,,,,,,,,,,,,,,,,,,,,,,3,112.25
1787579640,327.86,328.57,327.86,328.54,327.77,324.475,,,,,,,,,,,,,,,,,,,,,,,,,,,,,,,,,,,,,,,,,,,,,,,,,,,,360,122.9
1787579700,328.54,328.55,328.28,328.28,327.77,324.475,,,,,,,,,,,,,,,,,,,,,,,,,,,,,,,,,,,,,,,,,,,,,,,,,,,,113,128.05
1787579760,328.47,328.47,328.28,328.42,327.77,324.475,,,,,,,,,,,,,,,,,,,,,,,,,,,,,,,,,,,,,,,,,,,,,,,,,,,,34,129.1
1787579820,328.47,328.61,328.06,328.32,327.77,324.475,,,,,,,,,,,,,,,,,,,,,,,,,,,,,,,,,,,,,,,,,,,,,,,,,,,,847,170.9
1787579880,328.47,328.47,328.17,328.18,327.77,324.475,,,,,,,,,,,,,,,,,,,,,,,,,,,,,,,,,,,,,,,,,,,,,,,,,,,,7,161.35
1787579940,328.025,328.06,328.025,328.05,327.77,324.475,,,,,,,,,,,,,,,,,,,,,,,,,,,,,,,,,,,,,,,,,,,,,,,,,,,,49,148.1
1787580000,327.985,328.36,327.985,328.2,327.77,324.475,,,,,,,,,,,,,,,,,,,,,,,,,,,,,,,,,,,,,,,,,,,,,,,,,,,,269,158.85
1787580060,328.35,328.35,327.59,327.59,327.77,324.475,,,,,,,,,,,,,,,,,,,,,,,,,,,,,,,,,,,,,,,,,,,,,,,,,,,,200,168.7
1787580120,327.61,327.61,327.45,327.59,327.77,324.475,,,,,,,,,,,,,,,,,,,,,,,,,,,,,,,,,,,,,,,,,,,,,,,,,,,,33,167.3
1787580180,327.47,327.69,327.47,327.69,327.77,324.475,,,,,,,,,,,,,,,,,,,,,,,,,,,,,,,,,,,,,,,,,,,,,,,,,,,,4,161.4
1787580240,327.7,327.7,327.55,327.55,327.77,324.475,,,,,,,,,,,,,,,,,,,,,,,,,,,,,,,,,,,,,,,,,,,,,,,,,,,,11,160.95
1787580300,327.64,327.64,327.64,327.64,327.77,324.475,,,,,,,,,,,,,,,,,,,,,,,,,,,,,,,,,,,,,,,,,,,,,,,,,,,,30,156.85
1787580360,327.56,327.78,327.56,327.72,327.77,324.475,,,,,,,,,,,,,,,,,,,,,,,,,,,,,,,,,,,,,,,,,,,,,,,,,,,,29,137.05
1787580420,327.515,327.55,327.47,327.55,327.77,324.475,,,,,,,,,,,,,,,,,,,,,,,,,,,,,,,,,,,,,,,,,,,,,,,,,,,,165,115.45
1787580480,327.455,327.8,327.455,327.71,327.77,324.475,,,,,,,,,,,,,,,,,,,,,,,,,,,,,,,,,,,,,,,,,,,,,,,,,,,,68,113.75
1787580540,327.7,327.79,327.58,327.79,327.77,324.475,,,,,,,,,,,,,,,,,,,,,,,,,,,,,,,,,,,,,,,,,,,,,,,,,,,,59,115.1
1787580600,327.48,327.48,326.82,326.93,327.77,324.475,,,,,,,,,,,,,,,,,,,,,,,,,,,,,,,,,,,,,,,,,,,,,,,,,,,,166,122.9
1787580660,326.71,326.97,326.7,326.91,327.77,324.475,,,,,,,,,,,,,,,,,,,,,,,,,,,,,,,,,,,,,,,,,,,,,,,,,,,,242,134.5
1787580720,327.04,327.23,327.04,327.13,327.77,324.475,,,,,,,,,,,,,,,,,,,,,,,,,,,,,,,,,,,,,,,,,,,,,,,,,,,,141,141.5
1787580780,327.18,327.27,327.18,327.23,327.77,324.475,,,,,,,,,,,,,,,,,,,,,,,,,,,,,,,,,,,,,,,,,,,,,,,,,,,,88,145.75
1787580840,327.41,327.41,327.41,327.41,327.77,324.475,,,,,,,,,,,,,,,,,,,,,,,,,,,,,,,,,,,,,,,,,,,,,,,,,,,,29,129.2
1787580900,327.21,327.25,327.21,327.25,327.77,324.475,,,,,,,,,,,,,,,,,,,,,,,,,,,,,,,,,,,,,,,,,,,,,,,,,,,,111,129.1
1787580960,327.26,327.26,327.26,327.26,327.77,324.475,,,,,,,,,,,,,,,,,,,,,,,,,,,,,,,,,,,,,,,,,,,,,,,,,,,,100,132.4
1787581080,327,327.22,326.99,327.04,327.77,324.475,,,,,,,,,,,,,,,,,,,,,,,,,,,,,,,,,,,,,,,,,,,,,,,,,,,,735,126.8
1787581140,327.24,327.37,327.24,327.37,327.77,324.475,,,,,,,,,,,,,,,,,,,,,,,,,,,,,,,,,,,,,,,,,,,,,,,,,,,,50,128.95
1787581200,327.14,327.42,327.14,327.42,327.77,324.475,,,,,,,,,,,,,,,,,,,,,,,,,,,,,,,,,,,,,,,,,,,,,,,,,,,,6,126.8
1787581260,327.48,327.52,327.48,327.52,327.77,324.475,,,,,,,,,,,,,,,,,,,,,,,,,,,,,,,,,,,,,,,,,,,,,,,,,,,,8,113.75
1787581320,327.65,327.65,327.43,327.43,327.77,324.475,,,,,,,,,,,,,,,,,,,,,,,,,,,,,,,,,,,,,,,,,,,,,,,,,,,,11,104.3
1787581380,327.58,327.73,327.58,327.73,327.77,324.475,,,,,,,,,,,,,,,,,,,,,,,,,,,,,,,,,,,,,,,,,,,,,,,,,,,,136,109.45
1787581440,327.7,327.7,327.41,327.45,327.77,324.475,,,,,,,,,,,,,,,,,,,,,,,,,,,,,,,,,,,,,,,,,,,,,,,,,,,,1232,170.85
1787581620,327.53,327.79,327.52,327.79,327.77,324.475,,,,,,,,,,,,,,,,,,,,,,,,,,,,,,,,,,,,,,,,,,,,,,,,,,,,78,174.2
1787581680,327.66,327.66,327.5,327.5,327.77,324.475,,,,,,,,,,,,,,,,,,,,,,,,,,,,,,,,,,,,,,,,,,,,,,,,,,,,174,181.4
1787581740,327.33,327.85,327.3,327.85,327.77,324.475,,,,,,,,,,,,,,,,,,,,,,,,,,,,,,,,,,,,,,,,,,,,,,,,,,,,73,183.6
1787581800,328.03,328.08,327.86,327.92,327.77,324.475,,,,,,,,,,,,,,,,,,,,,,,,,,,,,,,,,,,,,,,,,,,,,,,,,,,,205,185.6
1787581920,327.67,327.67,327.39,327.5,327.77,324.475,,,,,,,,,,,,,,,,,,,,,,,,,,,,,,,,,,,,,,,,,,,,,,,,,,,,69,185.65
1787581980,327.5,327.5,327.5,327.5,327.77,324.475,,,,,,,,,,,,,,,,,,,,,,,,,,,,,,,,,,,,,,,,,,,,,,,,,,,,1,182.75
1787582040,327.44,327.44,327.4,327.4,327.77,324.475,,,,,,,,,,,,,,,,,,,,,,,,,,,,,,,,,,,,,,,,,,,,,,,,,,,,121,180.5
1787582100,327.53,327.53,327.375,327.38,327.77,324.475,,,,,,,,,,,,,,,,,,,,,,,,,,,,,,,,,,,,,,,,,,,,,,,,,,,,11,168.95
1787582160,327.54,327.58,327.54,327.58,327.77,324.475,,,,,,,,,,,,,,,,,,,,,,,,,,,,,,,,,,,,,,,,,,,,,,,,,,,,122,168
1787582220,328.01,328.01,328.01,328.01,327.77,324.475,,,,,,,,,,,,,,,,,,,,,,,,,,,,,,,,,,,,,,,,,,,,,,,,,,,,3,163.75
1787582280,327.74,327.77,327.66,327.73,327.77,324.475,,,,,,,,,,,,,,,,,,,,,,,,,,,,,,,,,,,,,,,,,,,,,,,,,,,,185,171.55
1787582340,327.73,327.78,327.49,327.78,327.77,324.475,,,,,,,,,,,,,,,,,,,,,,,,,,,,,,,,,,,,,,,,,,,,,,,,,,,,124,172.2
1787582400,327.85,327.85,327.85,327.85,327.77,324.475,,,,,,,,,,,,,,,,,,,,,,,,,,,,,,,,,,,,,,,,,,,,,,,,,,,,60,170.2
1787582460,327.57,327.66,327.57,327.66,327.77,324.475,,,,,,,,,,,,,,,,,,,,,,,,,,,,,,,,,,,,,,,,,,,,,,,,,,,,26,134.75
1787582580,327.76,327.8,327.75,327.8,327.77,324.475,,,,,,,,,,,,,,,,,,,,,,,,,,,,,,,,,,,,,,,,,,,,,,,,,,,,129,138.7
1787582640,327.85,327.85,327.5,327.5,327.77,324.475,,,,,,,,,,,,,,,,,,,,,,,,,,,,,,,,,,,,,,,,,,,,,,,,,,,,1930,234.9
1787582700,327.59,327.68,327.59,327.68,327.77,324.475,,,,,,,,,,,,,,,,,,,,,,,,,,,,,,,,,,,,,,,,,,,,,,,,,,,,123,240.65
1787582820,327.76,327.96,327.76,327.96,327.77,324.475,,,,,,,,,,,,,,,,,,,,,,,,,,,,,,,,,,,,,,,,,,,,,,,,,,,,303,255.25
1787582940,327.99,327.99,327.99,327.99,327.77,324.475,,,,,,,,,,,,,,,,,,,,,,,,,,,,,,,,,,,,,,,,,,,,,,,,,,,,2,248.55
1787583000,328.15,328.18,328.15,328.18,327.77,324.475,,,,,,,,,,,,,,,,,,,,,,,,,,,,,,,,,,,,,,,,,,,,,,,,,,,,9,187.4
1787583060,328.08,328.08,327.94,328.01,327.77,324.475,,,,,,,,,,,,,,,,,,,,,,,,,,,,,,,,,,,,,,,,,,,,,,,,,,,,1365,251.75
1787583120,328.09,328.09,328.05,328.05,327.77,324.475,,,,,,,,,,,,,,,,,,,,,,,,,,,,,,,,,,,,,,,,,,,,,,,,,,,,47,245.4
1787583180,327.97,328,327.93,327.965,327.77,324.475,,,,,,,,,,,,,,,,,,,,,,,,,,,,,,,,,,,,,,,,,,,,,,,,,,,,232,253.35
1787583240,327.9,328.01,327.9,328.01,327.77,324.475,,,,,,,,,,,,,,,,,,,,,,,,,,,,,,,,,,,,,,,,,,,,,,,,,,,,65,246.35
1787583300,327.84,327.91,327.82,327.85,327.77,324.475,,,,,,,,,,,,,,,,,,,,,,,,,,,,,,,,,,,,,,,,,,,,,,,,,,,,53,245.55
1787583360,327.84,327.94,327.82,327.94,327.77,324.475,,,,,,,,,,,,,,,,,,,,,,,,,,,,,,,,,,,,,,,,,,,,,,,,,,,,269,258.95
1787583420,328,328.5,328,328.5,327.77,324.475,,,,,,,,,,,,,,,,,,,,,,,,,,,,,,,,,,,,,,,,,,,,,,,,,,,,116,258.7
1787583480,328.4,328.56,328.4,328.45,327.77,324.475,,,,,,,,,,,,,,,,,,,,,,,,,,,,,,,,,,,,,,,,,,,,,,,,,,,,44,260.35
1787583540,328.72,329.11,328.72,329.09,327.77,324.475,,,,,,,,,,,,,,,,,,,,,,,,,,,,,,,,,,,,,,,,,,,,,,,,,,,,215,265
1787583600,329.18,329.18,328.78,328.78,327.77,324.475,,,,,,,,,,,,,,,,,,,,,,,,,,,,,,,,,,,,,,,,,,,,,,,,,,,,933,311.5
1787583660,328.66,328.78,328.35,328.53,327.77,324.475,,,,,,,,,,,,,,,,,,,,,,,,,,,,,,,,,,,,,,,,,,,,,,,,,,,,404,322.45
1787583720,328.57,328.57,328.48,328.48,327.77,324.475,,,,,,,,,,,,,,,,,,,,,,,,,,,,,,,,,,,,,,,,,,,,,,,,,,,,25,317.5
1787583780,328.58,328.67,328.55,328.55,327.77,324.475,,,,,,,,,,,,,,,,,,,,,,,,,,,,,,,,,,,,,,,,,,,,,,,,,,,,144,321.7
1787583840,328.76,329.03,328.76,329.03,327.77,324.475,,,,,,,,,,,,,,,,,,,,,,,,,,,,,,,,,,,,,,,,,,,,,,,,,,,,192,330
1787583900,328.75,328.94,328.75,328.94,327.77,324.475,,,,,,,,,,,,,,,,,,,,,,,,,,,,,,,,,,,,,,,,,,,,,,,,,,,,119,329.5
1787583960,328.83,329.09,328.83,329.09,327.77,324.475,,,,,,,,,,,,,,,,,,,,,,,,,,,,,,,,,,,,,,,,,,,,,,,,,,,,41,235.05
1787584020,329,329.35,329,329.35,327.77,324.475,,,,,,,,,,,,,,,,,,,,,,,,,,,,,,,,,,,,,,,,,,,,,,,,,,,,59,231.85
1787584080,329.49,329.73,328.57,328.57,327.77,324.475,,,,,,,,,,,,,,,,,,,,,,,,,,,,,,,,,,,,,,,,,,,,,,,,,,,,467,240.05
1787584140,328.56,328.66,328.56,328.66,327.77,324.475,,,,,,,,,,,,,,,,,,,,,,,,,,,,,,,,,,,,,,,,,,,,,,,,,,,,53,242.6
1787584260,328.69,328.69,328.53,328.53,327.77,324.475,,,,,,,,,,,,,,,,,,,,,,,,,,,,,,,,,,,,,,,,,,,,,,,,,,,,13,242.8
1787584320,328.33,328.52,328.33,328.52,327.77,324.475,,,,,,,,,,,,,,,,,,,,,,,,,,,,,,,,,,,,,,,,,,,,,,,,,,,,124,180.75
1787584380,328.54,328.81,328.52,328.81,327.77,324.475,,,,,,,,,,,,,,,,,,,,,,,,,,,,,,,,,,,,,,,,,,,,,,,,,,,,129,184.85
1787584440,328.81,328.81,328.55,328.6,327.77,324.475,,,,,,,,,,,,,,,,,,,,,,,,,,,,,,,,,,,,,,,,,,,,,,,,,,,,809,213.7
1787584500,328.53,328.53,328.38,328.38,327.77,324.475,,,,,,,,,,,,,,,,,,,,,,,,,,,,,,,,,,,,,,,,,,,,,,,,,,,,60,213.45
1787584560,328.04,328.05,327.92,328.05,327.77,324.475,,,,,,,,,,,,,,,,,,,,,,,,,,,,,,,,,,,,,,,,,,,,,,,,,,,,39,212.75
1787584620,328.04,328.04,328.02,328.02,327.77,324.475,,,,,,,,,,,,,,,,,,,,,,,,,,,,,,,,,,,,,,,,,,,,,,,,,,,,200,209.3
1787584680,327.96,328.01,327.47,327.49,327.77,324.475,,,,,,,,,,,,,,,,,,,,,,,,,,,,,,,,,,,,,,,,,,,,,,,,,,,,2029,304.95
1787584740,327.41,327.63,327.4,327.63,327.77,324.475,,,,,,,,,,,,,,,,,,,,,,,,,,,,,,,,,,,,,,,,,,,,,,,,,,,,1606,383.05
1787584800,327.52,327.67,327.52,327.67,327.77,324.475,,,,,,,,,,,,,,,,,,,,,,,,,,,,,,,,,,,,,,,,,,,,,,,,,,,,51,374.85
1787584860,327.62,327.75,327.62,327.75,327.77,324.475,,,,,,,,,,,,,,,,,,,,,,,,,,,,,,,,,,,,,,,,,,,,,,,,,,,,60,331.2
1787584920,327.44,327.46,327.38,327.39,327.77,324.475,,,,,,,,,,,,,,,,,,,,,,,,,,,,,,,,,,,,,,,,,,,,,,,,,,,,1782,400.1
1787584980,327.395,327.76,327.395,327.76,327.77,324.475,,,,,,,,,,,,,,,,,,,,,,,,,,,,,,,,,,,,,,,,,,,,,,,,,,,,244,411.05
1787585040,327.83,327.83,327.69,327.83,327.77,324.475,,,,,,,,,,,,,,,,,,,,,,,,,,,,,,,,,,,,,,,,,,,,,,,,,,,,7,404.2
1787585100,327.74,328.03,327.57,328.03,327.77,324.475,,,,,,,,,,,,,,,,,,,,,,,,,,,,,,,,,,,,,,,,,,,,,,,,,,,,253,407.25
1787585160,327.98,328.06,327.98,328.03,327.77,324.475,,,,,,,,,,,,,,,,,,,,,,,,,,,,,,,,,,,,,,,,,,,,,,,,,,,,85,405.55
1787585220,328.01,328.03,328.01,328.03,327.77,324.475,,,,,,,,,,,,,,,,,,,,,,,,,,,,,,,,,,,,,,,,,,,,,,,,,,,,80,407.5
1787585280,328.04,328.4,328.03,328.4,327.77,324.475,,,,,,,,,,,,,,,,,,,,,,,,,,,,,,,,,,,,,,,,,,,,,,,,,,,,240,416.55
1787585340,328.55,328.73,328.55,328.71,327.77,324.475,,,,,,,,,,,,,,,,,,,,,,,,,,,,,,,,,,,,,,,,,,,,,,,,,,,,194,402.9
1787585400,328.77,328.77,328.475,328.62,327.77,324.475,,,,,,,,,,,,,,,,,,,,,,,,,,,,,,,,,,,,,,,,,,,,,,,,,,,,1415,471
1787585460,328.57,328.88,328.57,328.88,327.77,324.475,,,,,,,,,,,,,,,,,,,,,,,,,,,,,,,,,,,,,,,,,,,,,,,,,,,,57,473.2
1787585520,328.86,328.86,328.86,328.86,327.77,324.475,,,,,,,,,,,,,,,,,,,,,,,,,,,,,,,,,,,,,,,,,,,,,,,,,,,,102,472.1
1787585580,328.98,328.98,328.76,328.76,327.77,324.475,,,,,,,,,,,,,,,,,,,,,,,,,,,,,,,,,,,,,,,,,,,,,,,,,,,,603,495.8
1787585700,328.68,328.96,328.68,328.91,327.77,324.475,,,,,,,,,,,,,,,,,,,,,,,,,,,,,,,,,,,,,,,,,,,,,,,,,,,,125,461.6
1787585880,328.78,328.84,328.67,328.73,327.77,324.475,,,,,,,,,,,,,,,,,,,,,,,,,,,,,,,,,,,,,,,,,,,,,,,,,,,,1020,509.6
1787585940,328.72,328.72,328.72,328.72,327.77,324.475,,,,,,,,,,,,,,,,,,,,,,,,,,,,,,,,,,,,,,,,,,,,,,,,,,,,33,509.3
1787586000,328.75,328.82,328.59,328.82,327.77,324.475,,,,,,,,,,,,,,,,,,,,,,,,,,,,,,,,,,,,,,,,,,,,,,,,,,,,209,509.75
1787586060,328.86,328.87,328.83,328.83,327.77,324.475,,,,,,,,,,,,,,,,,,,,,,,,,,,,,,,,,,,,,,,,,,,,,,,,,,,,79,412.25
1787586120,328.86,328.86,328.86,328.86,327.77,324.475,,,,,,,,,,,,,,,,,,,,,,,,,,,,,,,,,,,,,,,,,,,,,,,,,,,,7,332.3
1787586180,328.88,328.98,328.88,328.98,327.77,324.475,,,,,,,,,,,,,,,,,,,,,,,,,,,,,,,,,,,,,,,,,,,,,,,,,,,,92,334.35
1787586240,329,329,328.825,328.9,327.77,324.475,,,,,,,,,,,,,,,,,,,,,,,,,,,,,,,,,,,,,,,,,,,,,,,,,,,,181,340.4
1787586300,329.07,329.19,329.07,329.12,327.77,324.475,,,,,,,,,,,,,,,,,,,,,,,,,,,,,,,,,,,,,,,,,,,,,,,,,,,,111,256.85
1787586360,329.08,329.08,329.08,329.08,327.77,324.475,,,,,,,,,,,,,,,,,,,,,,,,,,,,,,,,,,,,,,,,,,,,,,,,,,,,25,245.9
1787586420,328.97,328.97,328.65,328.65,327.77,324.475,,,,,,,,,,,,,,,,,,,,,,,,,,,,,,,,,,,,,,,,,,,,,,,,,,,,280,259.55
1787586480,328.73,328.75,328.73,328.75,327.77,324.475,,,,,,,,,,,,,,,,,,,,,,,,,,,,,,,,,,,,,,,,,,,,,,,,,,,,90,251.4
1787586540,328.665,328.78,328.665,328.78,327.77,324.475,,,,,,,,,,,,,,,,,,,,,,,,,,,,,,,,,,,,,,,,,,,,,,,,,,,,160,255.15
1787586600,328.79,328.81,328.79,328.81,327.77,324.475,,,,,,,,,,,,,,,,,,,,,,,,,,,,,,,,,,,,,,,,,,,,,,,,,,,,42,253.25
1787586660,328.81,328.92,328.81,328.92,327.77,324.475,,,,,,,,,,,,,,,,,,,,,,,,,,,,,,,,,,,,,,,,,,,,,,,,,,,,94,245.95
1787586720,328.91,328.97,328.91,328.97,327.77,324.475,,,,,,,,,,,,,,,,,,,,,,,,,,,,,,,,,,,,,,,,,,,,,,,,,,,,131,242.8
1787586780,329.04,329.05,328.98,328.98,327.77,324.475,,,,,,,,,,,,,,,,,,,,,,,,,,,,,,,,,,,,,,,,,,,,,,,,,,,,146,179.35
1787586840,329.1,329.1,329.04,329.04,327.77,324.475,,,,,,,,,,,,,,,,,,,,,,,,,,,,,,,,,,,,,,,,,,,,,,,,,,,,135,183.25
1787586960,329.1,329.1,329,329,327.77,324.475,,,,,,,,,,,,,,,,,,,,,,,,,,,,,,,,,,,,,,,,,,,,,,,,,,,,143,185.3
1787587020,329.08,329.11,329.08,329.11,327.77,324.475,,,,,,,,,,,,,,,,,,,,,,,,,,,,,,,,,,,,,,,,,,,,,,,,,,,,67,158.5
1787587080,329.24,329.24,329.18,329.18,327.77,324.475,,,,,,,,,,,,,,,,,,,,,,,,,,,,,,,,,,,,,,,,,,,,,,,,,,,,42,154.35
1787587140,329.1,329.2,329.1,329.2,327.77,324.475,,,,,,,,,,,,,,,,,,,,,,,,,,,,,,,,,,,,,,,,,,,,,,,,,,,,265,116.6
1787587200,329.25,329.31,329.19,329.22,327.77,324.475,,,,,,,,,,,,,,,,,,,,,,,,,,,,,,,,,,,,,,,,,,,,,,,,,,,,601,145
1787587260,329.24,329.41,329.16,329.34,327.77,324.475,,,,,,,,,,,,,,,,,,,,,,,,,,,,,,,,,,,,,,,,,,,,,,,,,,,,944,181.75
1787587320,329.24,329.58,329.24,329.58,327.77,324.475,,,,,,,,,,,,,,,,,,,,,,,,,,,,,,,,,,,,,,,,,,,,,,,,,,,,121,183.85
1787587380,329.66,329.78,329.65,329.78,327.77,324.475,,,,,,,,,,,,,,,,,,,,,,,,,,,,,,,,,,,,,,,,,,,,,,,,,,,,107,188.85
1787587440,329.55,329.55,329.37,329.4,327.77,324.475,,,,,,,,,,,,,,,,,,,,,,,,,,,,,,,,,,,,,,,,,,,,,,,,,,,,374,202.95
1787587560,329.37,329.425,329.36,329.425,327.77,324.475,,,,,,,,,,,,,,,,,,,,,,,,,,,,,,,,,,,,,,,,,,,,,,,,,,,,27,195.25
1787587620,329.28,329.38,329.2,329.2,327.77,324.475,,,,,,,,,,,,,,,,,,,,,,,,,,,,,,,,,,,,,,,,,,,,,,,,,,,,181,198.75
1787587680,329.03,329.03,329.03,329.03,327.77,324.475,,,,,,,,,,,,,,,,,,,,,,,,,,,,,,,,,,,,,,,,,,,,,,,,,,,,17,198.35
1787587800,329.19,329.19,329.19,329.19,327.77,324.475,,,,,,,,,,,,,,,,,,,,,,,,,,,,,,,,,,,,,,,,,,,,,,,,,,,,40,186.35
1787587860,329.18,329.18,328.88,328.88,327.77,324.475,,,,,,,,,,,,,,,,,,,,,,,,,,,,,,,,,,,,,,,,,,,,,,,,,,,,269,195.3
1787587920,328.89,329.08,328.89,329.08,327.77,324.475,,,,,,,,,,,,,,,,,,,,,,,,,,,,,,,,,,,,,,,,,,,,,,,,,,,,151,194.85
1787588040,329.11,329.11,329.11,329.11,327.77,324.475,,,,,,,,,,,,,,,,,,,,,,,,,,,,,,,,,,,,,,,,,,,,,,,,,,,,40,194.75
1787588100,329.1,329.1,329.1,329.1,327.77,324.475,,,,,,,,,,,,,,,,,,,,,,,,,,,,,,,,,,,,,,,,,,,,,,,,,,,,80,194.05
1787588160,329.19,329.19,329.19,329.19,327.77,324.475,,,,,,,,,,,,,,,,,,,,,,,,,,,,,,,,,,,,,,,,,,,,,,,,,,,,40,189.5
1787588220,329.05,329.05,328.73,328.74,327.77,324.475,,,,,,,,,,,,,,,,,,,,,,,,,,,,,,,,,,,,,,,,,,,,,,,,,,,,276,196
1787588280,328.7,328.74,328.7,328.74,327.77,324.475,,,,,,,,,,,,,,,,,,,,,,,,,,,,,,,,,,,,,,,,,,,,,,,,,,,,60,192.25
1787588340,328.78,328.78,328.77,328.78,327.77,324.475,,,,,,,,,,,,,,,,,,,,,,,,,,,,,,,,,,,,,,,,,,,,,,,,,,,,48,187.5
1787588400,328.79,328.85,328.79,328.85,327.77,324.475,,,,,,,,,,,,,,,,,,,,,,,,,,,,,,,,,,,,,,,,,,,,,,,,,,,,21,185.2
1787588460,328.94,328.94,328.93,328.93,327.77,324.475,,,,,,,,,,,,,,,,,,,,,,,,,,,,,,,,,,,,,,,,,,,,,,,,,,,,80,187.1
1787588520,328.84,328.98,328.84,328.98,327.77,324.475,,,,,,,,,,,,,,,,,,,,,,,,,,,,,,,,,,,,,,,,,,,,,,,,,,,,227,185.2
1787588580,328.96,328.99,328.96,328.99,327.77,324.475,,,,,,,,,,,,,,,,,,,,,,,,,,,,,,,,,,,,,,,,,,,,,,,,,,,,94,159.85
1787588640,328.98,329,328.98,329,327.77,324.475,,,,,,,,,,,,,,,,,,,,,,,,,,,,,,,,,,,,,,,,,,,,,,,,,,,,246,124.95
1787588700,328.84,329.12,328.84,329.12,327.77,324.475,,,,,,,,,,,,,,,,,,,,,,,,,,,,,,,,,,,,,,,,,,,,,,,,,,,,338,135.8
1787588760,329.14,329.2,329.14,329.2,327.77,324.475,,,,,,,,,,,,,,,,,,,,,,,,,,,,,,,,,,,,,,,,,,,,,,,,,,,,70,133.95
1787588820,329.12,329.12,328.87,328.92,327.77,324.475,,,,,,,,,,,,,,,,,,,,,,,,,,,,,,,,,,,,,,,,,,,,,,,,,,,,491,139.8
1787588940,328.77,328.77,328.56,328.56,327.77,324.475,,,,,,,,,,,,,,,,,,,,,,,,,,,,,,,,,,,,,,,,,,,,,,,,,,,,518,164.35
1787589060,328.51,328.52,328.51,328.52,327.77,324.475,,,,,,,,,,,,,,,,,,,,,,,,,,,,,,,,,,,,,,,,,,,,,,,,,,,,291,169.85
1787589120,328.64,328.72,328.64,328.64,327.77,324.475,,,,,,,,,,,,,,,,,,,,,,,,,,,,,,,,,,,,,,,,,,,,,,,,,,,,105,174.25
1787589180,328.61,328.75,328.6,328.75,327.77,324.475,,,,,,,,,,,,,,,,,,,,,,,,,,,,,,,,,,,,,,,,,,,,,,,,,,,,116,178.05
1787589240,328.6,328.62,328.6,328.62,327.77,324.475,,,,,,,,,,,,,,,,,,,,,,,,,,,,,,,,,,,,,,,,,,,,,,,,,,,,71,168.15
1787589300,328.59,328.66,328.53,328.53,327.77,324.475,,,,,,,,,,,,,,,,,,,,,,,,,,,,,,,,,,,,,,,,,,,,,,,,,,,,199,170.55
1787589360,328.59,328.59,328.54,328.54,327.77,324.475,,,,,,,,,,,,,,,,,,,,,,,,,,,,,,,,,,,,,,,,,,,,,,,,,,,,65,171.8
1787589420,328.52,328.52,328.4,328.42,327.77,324.475,,,,,,,,,,,,,,,,,,,,,,,,,,,,,,,,,,,,,,,,,,,,,,,,,,,,216,178.6
1787589480,328.445,328.54,328.34,328.34,327.77,324.475,,,,,,,,,,,,,,,,,,,,,,,,,,,,,,,,,,,,,,,,,,,,,,,,,,,,42,178.7
1787589540,328.33,328.33,328.31,328.31,327.77,324.475,,,,,,,,,,,,,,,,,,,,,,,,,,,,,,,,,,,,,,,,,,,,,,,,,,,,8,165.3
1787589600,328.18,328.25,328.18,328.25,327.77,324.475,,,,,,,,,,,,,,,,,,,,,,,,,,,,,,,,,,,,,,,,,,,,,,,,,,,,140,169.3
1787589660,328.15,328.29,328.13,328.29,327.77,324.475,,,,,,,,,,,,,,,,,,,,,,,,,,,,,,,,,,,,,,,,,,,,,,,,,,,,66,170.2
1787589720,328.2,328.2,328.2,328.2,327.77,324.475,,,,,,,,,,,,,,,,,,,,,,,,,,,,,,,,,,,,,,,,,,,,,,,,,,,,40,171.15
1787589780,328.29,328.29,328.29,328.29,327.77,324.475,,,,,,,,,,,,,,,,,,,,,,,,,,,,,,,,,,,,,,,,,,,,,,,,,,,,2,167.25
1787589840,328.28,328.29,328.27,328.29,327.77,324.475,,,,,,,,,,,,,,,,,,,,,,,,,,,,,,,,,,,,,,,,,,,,,,,,,,,,63,159.05
1787589900,328.22,328.22,328.04,328.1,327.77,324.475,,,,,,,,,,,,,,,,,,,,,,,,,,,,,,,,,,,,,,,,,,,,,,,,,,,,246,166.65
1787589960,328.13,328.18,328.11,328.11,327.77,324.475,,,,,,,,,,,,,,,,,,,,,,,,,,,,,,,,,,,,,,,,,,,,,,,,,,,,140,161.35
1787590020,328.08,328.08,328.07,328.07,327.77,324.475,,,,,,,,,,,,,,,,,,,,,,,,,,,,,,,,,,,,,,,,,,,,,,,,,,,,34,146.15
1787590140,328.14,328.14,328.14,328.14,327.77,324.475,,,,,,,,,,,,,,,,,,,,,,,,,,,,,,,,,,,,,,,,,,,,,,,,,,,,19,143.6
1787590200,328.16,328.16,328.16,328.16,327.77,324.475,,,,,,,,,,,,,,,,,,,,,,,,,,,,,,,,,,,,,,,,,,,,,,,,,,,,77,122.9
1787590260,328,328.02,328,328.02,327.77,324.475,,,,,,,,,,,,,,,,,,,,,,,,,,,,,,,,,,,,,,,,,,,,,,,,,,,,66,100.3
1787590320,328.16,328.16,328.08,328.12,327.77,324.475,,,,,,,,,,,,,,,,,,,,,,,,,,,,,,,,,,,,,,,,,,,,,,,,,,,,322,101.85
1787590380,328.12,328.22,328.12,328.22,327.77,324.475,,,,,,,,,,,,,,,,,,,,,,,,,,,,,,,,,,,,,,,,,,,,,,,,,,,,132,103.2
1787590440,328.16,328.23,328.03,328.23,327.77,324.475,,,,,,,,,,,,,,,,,,,,,,,,,,,,,,,,,,,,,,,,,,,,,,,,,,,,494,122.1
1787590500,328.4,328.4,328.4,328.4,327.77,324.475,,,,,,,,,,,,,,,,,,,,,,,,,,,,,,,,,,,,,,,,,,,,,,,,,,,,2,118.65
1787590560,328.57,328.57,328.41,328.56,327.77,324.475,,,,,,,,,,,,,,,,,,,,,,,,,,,,,,,,,,,,,,,,,,,,,,,,,,,,131,115.25
1787590620,328.58,328.61,328.39,328.39,327.77,324.475,,,,,,,,,,,,,,,,,,,,,,,,,,,,,,,,,,,,,,,,,,,,,,,,,,,,223,123.15
1787590740,328.3,328.43,328.29,328.41,327.77,324.475,,,,,,,,,,,,,,,,,,,,,,,,,,,,,,,,,,,,,,,,,,,,,,,,,,,,41,114.4
1787590800,328.41,328.43,328.3,328.3,327.77,324.475,,,,,,,,,,,,,,,,,,,,,,,,,,,,,,,,,,,,,,,,,,,,,,,,,,,,189,121.75
1787590860,328.43,328.45,328.43,328.45,327.77,324.475,,,,,,,,,,,,,,,,,,,,,,,,,,,,,,,,,,,,,,,,,,,,,,,,,,,,6,121.65
1787590920,328.28,328.31,328.21,328.31,327.77,324.475,,,,,,,,,,,,,,,,,,,,,,,,,,,,,,,,,,,,,,,,,,,,,,,,,,,,226,125.95
1787591040,328.47,328.47,328.44,328.44,327.77,324.475,,,,,,,,,,,,,,,,,,,,,,,,,,,,,,,,,,,,,,,,,,,,,,,,,,,,15,123.4
1787591100,328.42,328.44,328.42,328.44,327.77,324.475,,,,,,,,,,,,,,,,,,,,,,,,,,,,,,,,,,,,,,,,,,,,,,,,,,,,198,131.3
1787591160,328.48,328.63,328.48,328.48,327.77,324.475,,,,,,,,,,,,,,,,,,,,,,,,,,,,,,,,,,,,,,,,,,,,,,,,,,,,131,137.75
1787591220,328.61,328.62,328.56,328.61,327.77,324.475,,,,,,,,,,,,,,,,,,,,,,,,,,,,,,,,,,,,,,,,,,,,,,,,,,,,178,143.5
1787591400,328.57,328.63,328.5,328.63,327.77,324.475,,,,,,,,,,,,,,,,,,,,,,,,,,,,,,,,,,,,,,,,,,,,,,,,,,,,77,135.05
1787591460,328.64,328.64,328.09,328.09,327.77,324.475,,,,,,,,,,,,,,,,,,,,,,,,,,,,,,,,,,,,,,,,,,,,,,,,,,,,149,135.5
1787591580,328.26,328.26,328.08,328.13,327.77,324.475,,,,,,,,,,,,,,,,,,,,,,,,,,,,,,,,,,,,,,,,,,,,,,,,,,,,201,143.85
1787591640,328.18,328.24,328.12,328.24,327.77,324.475,,,,,,,,,,,,,,,,,,,,,,,,,,,,,,,,,,,,,,,,,,,,,,,,,,,,200,152.9
1787591700,328.29,328.29,328.08,328.16,327.77,324.475,,,,,,,,,,,,,,,,,,,,,,,,,,,,,,,,,,,,,,,,,,,,,,,,,,,,162,157.15
1787591760,328.29,328.33,328.13,328.27,327.77,324.475,,,,,,,,,,,,,,,,,,,,,,,,,,,,,,,,,,,,,,,,,,,,,,,,,,,,617,184.7
1787591820,328.06,328.06,327.94,327.94,327.77,324.475,,,,,,,,,,,,,,,,,,,,,,,,,,,,,,,,,,,,,,,,,,,,,,,,,,,,486,192.9
1787591880,327.94,327.95,327.87,327.94,327.77,324.475,,,,,,,,,,,,,,,,,,,,,,,,,,,,,,,,,,,,,,,,,,,,,,,,,,,,104,191.5
1787591940,327.93,327.93,327.93,327.93,327.77,324.475,,,,,,,,,,,,,,,,,,,,,,,,,,,,,,,,,,,,,,,,,,,,,,,,,,,,1,166.85
1787592000,327.79,327.87,327.79,327.87,327.77,324.475,,,,,,,,,,,,,,,,,,,,,,,,,,,,,,,,,,,,,,,,,,,,,,,,,,,,79,170.7
1787592120,328,328.05,328,328.05,327.77,324.475,,,,,,,,,,,,,,,,,,,,,,,,,,,,,,,,,,,,,,,,,,,,,,,,,,,,33,165.8
1787592180,328.17,328.22,328.17,328.22,327.77,324.475,,,,,,,,,,,,,,,,,,,,,,,,,,,,,,,,,,,,,,,,,,,,,,,,,,,,9,155.1
1787592240,327.95,327.95,327.9,327.9,327.77,324.475,,,,,,,,,,,,,,,,,,,,,,,,,,,,,,,,,,,,,,,,,,,,,,,,,,,,636,184.85
1787592300,327.77,327.77,327.71,327.71,327.77,324.475,,,,,,,,,,,,,,,,,,,,,,,,,,,,,,,,,,,,,,,,,,,,,,,,,,,,22,176.5
1787592420,327.93,327.93,327.93,327.93,327.77,324.475,,,,,,,,,,,,,,,,,,,,,,,,,,,,,,,,,,,,,,,,,,,,,,,,,,,,40,178.2
1787592480,327.72,327.84,327.72,327.84,327.77,324.475,,,,,,,,,,,,,,,,,,,,,,,,,,,,,,,,,,,,,,,,,,,,,,,,,,,,70,170.4
1787592540,327.77,328.07,327.77,328.06,327.77,324.475,,,,,,,,,,,,,,,,,,,,,,,,,,,,,,,,,,,,,,,,,,,,,,,,,,,,132,176.25
1787592600,328.06,328.15,328.06,328.15,327.77,324.475,,,,,,,,,,,,,,,,,,,,,,,,,,,,,,,,,,,,,,,,,,,,,,,,,,,,175,175.1
1787592660,328.11,328.11,328.11,328.11,327.77,324.475,,,,,,,,,,,,,,,,,,,,,,,,,,,,,,,,,,,,,,,,,,,,,,,,,,,,1,168.6
1787592720,328.13,328.13,328.05,328.13,327.77,324.475,,,,,,,,,,,,,,,,,,,,,,,,,,,,,,,,,,,,,,,,,,,,,,,,,,,,51,162.25
1787592840,328.1,328.1,328.09,328.09,327.77,324.475,,,,,,,,,,,,,,,,,,,,,,,,,,,,,,,,,,,,,,,,,,,,,,,,,,,,6,158.7
1787592900,327.95,327.98,327.85,327.93,327.77,324.475,,,,,,,,,,,,,,,,,,,,,,,,,,,,,,,,,,,,,,,,,,,,,,,,,,,,67,154.6
1787592960,328.04,328.04,328.04,328.04,327.77,324.475,,,,,,,,,,,,,,,,,,,,,,,,,,,,,,,,,,,,,,,,,,,,,,,,,,,,110,150.05
1787593020,328.04,328.05,328.04,328.05,327.77,324.475,,,,,,,,,,,,,,,,,,,,,,,,,,,,,,,,,,,,,,,,,,,,,,,,,,,,100,145.05
1787593080,327.87,327.97,327.87,327.91,327.77,324.475,,,,,,,,,,,,,,,,,,,,,,,,,,,,,,,,,,,,,,,,,,,,,,,,,,,,6,137.25
1787593140,327.97,327.99,327.84,327.84,327.77,324.475,,,,,,,,,,,,,,,,,,,,,,,,,,,,,,,,,,,,,,,,,,,,,,,,,,,,93,111.05
1787593200,327.83,327.83,327.77,327.77,327.77,324.475,,,,,,,,,,,,,,,,,,,,,,,,,,,,,,,,,,,,,,,,,,,,,,,,,,,,23,87.9
1787593260,327.72,327.72,327.66,327.66,327.77,324.475,,,,,,,,,,,,,,,,,,,,,,,,,,,,,,,,,,,,,,,,,,,,,,,,,,,,16,83.5
1787593320,327.73,327.77,327.72,327.72,327.77,324.475,,,,,,,,,,,,,,,,,,,,,,,,,,,,,,,,,,,,,,,,,,,,,,,,,,,,253,96.1
1787593380,327.84,327.87,327.79,327.79,327.77,324.475,,,,,,,,,,,,,,,,,,,,,,,,,,,,,,,,,,,,,,,,,,,,,,,,,,,,145,99.4
1787593440,327.64,327.64,327.2,327.21,327.77,324.475,,,,,,,,,,,,,,,,,,,,,,,,,,,,,,,,,,,,,,,,,,,,,,,,,,,,483,121.9
1787593500,327.27,327.27,327.27,327.27,327.77,324.475,,,,,,,,,,,,,,,,,,,,,,,,,,,,,,,,,,,,,,,,,,,,,,,,,,,,7,121.8
1787593560,327.42,327.42,327.42,327.42,327.77,324.475,,,,,,,,,,,,,,,,,,,,,,,,,,,,,,,,,,,,,,,,,,,,,,,,,,,,10,90.5
1787593620,327.24,327.35,327.24,327.35,327.77,324.475,,,,,,,,,,,,,,,,,,,,,,,,,,,,,,,,,,,,,,,,,,,,,,,,,,,,111,94.95
1787593740,327.31,327.4,327.31,327.35,327.77,324.475,,,,,,,,,,,,,,,,,,,,,,,,,,,,,,,,,,,,,,,,,,,,,,,,,,,,94,97.65
1787593800,327.25,327.55,327.16,327.3,327.77,324.475,,,,,,,,,,,,,,,,,,,,,,,,,,,,,,,,,,,,,,,,,,,,,,,,,,,,257,107
1787593920,327.47,327.47,327.47,327.47,327.77,324.475,,,,,,,,,,,,,,,,,,,,,,,,,,,,,,,,,,,,,,,,,,,,,,,,,,,,1,100.45
1787593980,327.49,327.49,327.49,327.49,327.77,324.475,,,,,,,,,,,,,,,,,,,,,,,,,,,,,,,,,,,,,,,,,,,,,,,,,,,,51,94.25
1787594040,327.5,327.55,327.5,327.55,327.77,324.475,,,,,,,,,,,,,,,,,,,,,,,,,,,,,,,,,,,,,,,,,,,,,,,,,,,,62,97.3
1787594220,327.66,327.66,327.66,327.66,327.77,324.475,,,,,,,,,,,,,,,,,,,,,,,,,,,,,,,,,,,,,,,,,,,,,,,,,,,,55,97.5
1787594280,327.72,327.79,327.72,327.79,327.77,324.475,,,,,,,,,,,,,,,,,,,,,,,,,,,,,,,,,,,,,,,,,,,,,,,,,,,,112,102.8
1787594400,327.79,327.97,327.79,327.97,327.77,324.475,,,,,,,,,,,,,,,,,,,,,,,,,,,,,,,,,,,,,,,,,,,,,,,,,,,,92,104.05
1787594460,327.95,328.15,327.95,328.15,327.77,324.475,,,,,,,,,,,,,,,,,,,,,,,,,,,,,,,,,,,,,,,,,,,,,,,,,,,,190,108.05
1787594520,328.11,328.11,328.11,328.11,327.77,324.475,,,,,,,,,,,,,,,,,,,,,,,,,,,,,,,,,,,,,,,,,,,,,,,,,,,,1,103.1
1787594580,328.11,328.11,328.11,328.11,327.77,324.475,,,,,,,,,,,,,,,,,,,,,,,,,,,,,,,,,,,,,,,,,,,,,,,,,,,,1,102.85
1787594700,328.11,328.27,328.11,328.27,327.77,324.475,,,,,,,,,,,,,,,,,,,,,,,,,,,,,,,,,,,,,,,,,,,,,,,,,,,,193,107.85
1787594760,328.3,328.41,328.3,328.4,327.77,324.475,,,,,,,,,,,,,,,,,,,,,,,,,,,,,,,,,,,,,,,,,,,,,,,,,,,,206,117
1787594820,328.38,328.45,328.38,328.45,327.77,324.475,,,,,,,,,,,,,,,,,,,,,,,,,,,,,,,,,,,,,,,,,,,,,,,,,,,,98,121.1
1787594940,328.36,328.36,328.36,328.36,327.77,324.475,,,,,,,,,,,,,,,,,,,,,,,,,,,,,,,,,,,,,,,,,,,,,,,,,,,,5,108.7
1787595000,328.4,328.64,328.4,328.57,327.77,324.475,,,,,,,,,,,,,,,,,,,,,,,,,,,,,,,,,,,,,,,,,,,,,,,,,,,,296,116.25
1787595060,328.71,328.71,328.71,328.71,327.77,324.475,,,,,,,,,,,,,,,,,,,,,,,,,,,,,,,,,,,,,,,,,,,,,,,,,,,,5,92.35
1787595120,328.75,328.8,328.73,328.8,327.77,324.475,,,,,,,,,,,,,,,,,,,,,,,,,,,,,,,,,,,,,,,,,,,,,,,,,,,,413,112.65
1787595180,328.86,328.98,328.81,328.82,327.77,324.475,,,,,,,,,,,,,,,,,,,,,,,,,,,,,,,,,,,,,,,,,,,,,,,,,,,,178,121.05
1787595240,328.8,329.04,328.67,329.04,327.77,324.475,,,,,,,,,,,,,,,,,,,,,,,,,,,,,,,,,,,,,,,,,,,,,,,,,,,,841,157.55
1787595360,329.18,329.27,329.18,329.27,327.77,324.475,,,,,,,,,,,,,,,,,,,,,,,,,,,,,,,,,,,,,,,,,,,,,,,,,,,,107,158.2
1787595480,329.39,329.4,329.39,329.4,327.77,324.475,,,,,,,,,,,,,,,,,,,,,,,,,,,,,,,,,,,,,,,,,,,,,,,,,,,,13,146
1787595540,329.43,329.45,329.43,329.43,327.77,324.475,,,,,,,,,,,,,,,,,,,,,,,,,,,,,,,,,,,,,,,,,,,,,,,,,,,,68,149.35
1787595600,329.47,329.47,329.47,329.47,327.77,324.475,,,,,,,,,,,,,,,,,,,,,,,,,,,,,,,,,,,,,,,,,,,,,,,,,,,,1,146.85
1787595660,329.49,329.68,329.49,329.68,327.77,324.475,,,,,,,,,,,,,,,,,,,,,,,,,,,,,,,,,,,,,,,,,,,,,,,,,,,,90,148.25
1787595780,329.41,329.41,329.41,329.41,327.77,324.475,,,,,,,,,,,,,,,,,,,,,,,,,,,,,,,,,,,,,,,,,,,,,,,,,,,,59,148.45
1787595840,329.23,329.23,329.23,329.23,327.77,324.475,,,,,,,,,,,,,,,,,,,,,,,,,,,,,,,,,,,,,,,,,,,,,,,,,,,,1,142.9
1787595960,329.1,329.24,329.06,329.24,327.77,324.475,,,,,,,,,,,,,,,,,,,,,,,,,,,,,,,,,,,,,,,,,,,,,,,,,,,,122,144.4
1787596080,329.13,329.26,329.085,329.085,327.77,324.475,,,,,,,,,,,,,,,,,,,,,,,,,,,,,,,,,,,,,,,,,,,,,,,,,,,,99,139.85
1787596140,329.07,329.26,329,329.23,327.77,324.475,,,,,,,,,,,,,,,,,,,,,,,,,,,,,,,,,,,,,,,,,,,,,,,,,,,,571,168.35
1787596200,329.36,329.42,329.36,329.42,327.77,324.475,,,,,,,,,,,,,,,,,,,,,,,,,,,,,,,,,,,,,,,,,,,,,,,,,,,,208,178.7
1787596260,329.46,329.46,329.3,329.3,327.77,324.475,,,,,,,,,,,,,,,,,,,,,,,,,,,,,,,,,,,,,,,,,,,,,,,,,,,,263,182.2
1787596320,329.35,329.35,329.35,329.35,327.77,324.475,,,,,,,,,,,,,,,,,,,,,,,,,,,,,,,,,,,,,,,,,,,,,,,,,,,,91,176.45
1787596380,329.39,329.4,329.39,329.4,327.77,324.475,,,,,,,,,,,,,,,,,,,,,,,,,,,,,,,,,,,,,,,,,,,,,,,,,,,,44,173.75
1787596440,329.31,329.31,329.22,329.31,327.77,324.475,,,,,,,,,,,,,,,,,,,,,,,,,,,,,,,,,,,,,,,,,,,,,,,,,,,,314,189.2
1787596560,329.44,329.53,329.44,329.51,327.77,324.475,,,,,,,,,,,,,,,,,,,,,,,,,,,,,,,,,,,,,,,,,,,,,,,,,,,,92,179
1787596740,329.36,329.48,329.36,329.48,327.77,324.475,,,,,,,,,,,,,,,,,,,,,,,,,,,,,,,,,,,,,,,,,,,,,,,,,,,,113,184.4
1787596800,329.55,329.79,329.55,329.68,327.77,324.475,,,,,,,,,,,,,,,,,,,,,,,,,,,,,,,,,,,,,,,,,,,,,,,,,,,,491,188.3
1787596860,329.69,329.79,329.69,329.79,327.77,324.475,,,,,,,,,,,,,,,,,,,,,,,,,,,,,,,,,,,,,,,,,,,,,,,,,,,,26,180.7
1787596920,329.64,329.64,329.62,329.62,327.77,324.475,,,,,,,,,,,,,,,,,,,,,,,,,,,,,,,,,,,,,,,,,,,,,,,,,,,,69,142.1
1787596980,329.56,329.56,329.44,329.44,327.77,324.475,,,,,,,,,,,,,,,,,,,,,,,,,,,,,,,,,,,,,,,,,,,,,,,,,,,,13,137.4
1787597100,329.31,329.31,329.08,329.08,327.77,324.475,,,,,,,,,,,,,,,,,,,,,,,,,,,,,,,,,,,,,,,,,,,,,,,,,,,,322,152.85
1787597160,328.98,328.98,328.98,328.98,327.77,324.475,,,,,,,,,,,,,,,,,,,,,,,,,,,,,,,,,,,,,,,,,,,,,,,,,,,,1,149.5
1787597220,328.96,328.96,328.81,328.81,327.77,324.475,,,,,,,,,,,,,,,,,,,,,,,,,,,,,,,,,,,,,,,,,,,,,,,,,,,,79,153.4
1787597280,328.98,328.99,328.98,328.99,327.77,324.475,,,,,,,,,,,,,,,,,,,,,,,,,,,,,,,,,,,,,,,,,,,,,,,,,,,,2,149
1787597340,329,329,328.99,328.99,327.77,324.475,,,,,,,,,,,,,,,,,,,,,,,,,,,,,,,,,,,,,,,,,,,,,,,,,,,,261,159.1
1787597400,328.92,329.12,328.92,329.12,327.77,324.475,,,,,,,,,,,,,,,,,,,,,,,,,,,,,,,,,,,,,,,,,,,,,,,,,,,,198,168.95
1787597520,329.02,329.02,329,329,327.77,324.475,,,,,,,,,,,,,,,,,,,,,,,,,,,,,,,,,,,,,,,,,,,,,,,,,,,,188,172.25
1787597580,329.13,329.13,329.13,329.13,327.77,324.475,,,,,,,,,,,,,,,,,,,,,,,,,,,,,,,,,,,,,,,,,,,,,,,,,,,,4,167.5
1787597640,329.12,329.17,329.12,329.17,327.77,324.475,,,,,,,,,,,,,,,,,,,,,,,,,,,,,,,,,,,,,,,,,,,,,,,,,,,,66,142.25
1787597700,329.14,329.2,329.14,329.2,327.77,324.475,,,,,,,,,,,,,,,,,,,,,,,,,,,,,,,,,,,,,,,,,,,,,,,,,,,,202,141.95
1787597760,329.2,329.36,329.2,329.36,327.77,324.475,,,,,,,,,,,,,,,,,,,,,,,,,,,,,,,,,,,,,,,,,,,,,,,,,,,,10,129.3
1787597820,329.39,329.78,329.39,329.78,327.77,324.475,,,,,,,,,,,,,,,,,,,,,,,,,,,,,,,,,,,,,,,,,,,,,,,,,,,,114,130.45
1787597880,329.75,330.18,329.68,330.18,327.77,324.475,,,,,,,,,,,,,,,,,,,,,,,,,,,,,,,,,,,,,,,,,,,,,,,,,,,,134,134.95
1787597940,330.18,330.37,330.18,330.35,327.77,324.475,,,,,,,,,,,,,,,,,,,,,,,,,,,,,,,,,,,,,,,,,,,,,,,,,,,,294,133.95
1787598000,330.355,330.355,330.28,330.28,327.77,324.475,,,,,,,,,,,,,,,,,,,,,,,,,,,,,,,,,,,,,,,,,,,,,,,,,,,,294,144.05
1787598060,330.345,330.345,330.24,330.24,327.77,324.475,,,,,,,,,,,,,,,,,,,,,,,,,,,,,,,,,,,,,,,,,,,,,,,,,,,,279,152.35
1787598120,330.36,330.49,330.3,330.49,327.77,324.475,,,,,,,,,,,,,,,,,,,,,,,,,,,,,,,,,,,,,,,,,,,,,,,,,,,,115,133.55
1787598180,330.475,330.56,330.475,330.56,327.77,324.475,,,,,,,,,,,,,,,,,,,,,,,,,,,,,,,,,,,,,,,,,,,,,,,,,,,,43,134.4
1787598240,330.55,330.73,330.55,330.65,327.77,324.475,,,,,,,,,,,,,,,,,,,,,,,,,,,,,,,,,,,,,,,,,,,,,,,,,,,,207,141.3
1787598300,330.7,330.79,330.7,330.76,327.77,324.475,,,,,,,,,,,,,,,,,,,,,,,,,,,,,,,,,,,,,,,,,,,,,,,,,,,,147,148
1787598360,330.6,330.6,330.6,330.6,327.77,324.475,,,,,,,,,,,,,,,,,,,,,,,,,,,,,,,,,,,,,,,,,,,,,,,,,,,,1,131.95
1787598420,330.71,330.81,330.71,330.77,327.77,324.475,,,,,,,,,,,,,,,,,,,,,,,,,,,,,,,,,,,,,,,,,,,,,,,,,,,,124,138.1
1787598480,330.8,330.89,330.75,330.75,327.77,324.475,,,,,,,,,,,,,,,,,,,,,,,,,,,,,,,,,,,,,,,,,,,,,,,,,,,,159,142.1
1787598540,330.845,330.845,330.8,330.8,327.77,324.475,,,,,,,,,,,,,,,,,,,,,,,,,,,,,,,,,,,,,,,,,,,,,,,,,,,,880,186
1787598600,330.89,331.8,330.89,331.48,327.77,324.475,,,,,,,,,,,,,,,,,,,,,,,,,,,,,,,,,,,,,,,,,,,,,,,,,,,,2849,315.4
1787598660,331.54,331.55,331.43,331.49,327.77,324.475,,,,,,,,,,,,,,,,,,,,,,,,,,,,,,,,,,,,,,,,,,,,,,,,,,,,377,324.35
1787598720,331.55,331.68,331.55,331.68,327.77,324.475,,,,,,,,,,,,,,,,,,,,,,,,,,,,,,,,,,,,,,,,,,,,,,,,,,,,145,322.2
1787598780,331.65,331.68,331.52,331.67,327.77,324.475,,,,,,,,,,,,,,,,,,,,,,,,,,,,,,,,,,,,,,,,,,,,,,,,,,,,310,337.5
1787598840,331.71,331.83,331.705,331.83,327.77,324.475,,,,,,,,,,,,,,,,,,,,,,,,,,,,,,,,,,,,,,,,,,,,,,,,,,,,556,362
1787598900,331.92,332.21,331.92,332.04,327.77,324.475,,,,,,,,,,,,,,,,,,,,,,,,,,,,,,,,,,,,,,,,,,,,,,,,,,,,265,365.15
1787598960,332.09,332.15,332.09,332.15,327.77,324.475,,,,,,,,,,,,,,,,,,,,,,,,,,,,,,,,,,,,,,,,,,,,,,,,,,,,464,387.85
1787599020,332.27,332.27,331.57,331.62,327.77,324.475,,,,,,,,,,,,,,,,,,,,,,,,,,,,,,,,,,,,,,,,,,,,,,,,,,,,1999,482.1
1787599200,331.6,332,331.6,332,327.77,324.475,,,,,,,,,,,,,,,,,,,,,,,,,,,,,,,,,,,,,,,,,,,,,,,,,,,,319,491.35
1787599260,331.96,332.01,331.96,331.96,327.77,324.475,,,,,,,,,,,,,,,,,,,,,,,,,,,,,,,,,,,,,,,,,,,,,,,,,,,,123,482.8
1787599320,331.96,332.3,331.96,332.3,327.77,324.475,,,,,,,,,,,,,,,,,,,,,,,,,,,,,,,,,,,,,,,,,,,,,,,,,,,,700,503.1
1787599380,332.32,332.33,332.32,332.33,327.77,324.475,,,,,,,,,,,,,,,,,,,,,,,,,,,,,,,,,,,,,,,,,,,,,,,,,,,,41,491.2
1787599440,332.33,332.42,332.25,332.25,327.77,324.475,,,,,,,,,,,,,,,,,,,,,,,,,,,,,,,,,,,,,,,,,,,,,,,,,,,,630,516.95
1787599500,332.34,332.63,332.34,332.63,327.77,324.475,,,,,,,,,,,,,,,,,,,,,,,,,,,,,,,,,,,,,,,,,,,,,,,,,,,,568,543.2
1787599560,332.62,332.62,332.62,332.62,327.77,324.475,,,,,,,,,,,,,,,,,,,,,,,,,,,,,,,,,,,,,,,,,,,,,,,,,,,,4,533.05
1787599620,332.43,332.49,332.42,332.42,327.77,324.475,,,,,,,,,,,,,,,,,,,,,,,,,,,,,,,,,,,,,,,,,,,,,,,,,,,,550,553.2
1787599680,332.32,332.32,332.27,332.27,327.77,324.475,,,,,,,,,,,,,,,,,,,,,,,,,,,,,,,,,,,,,,,,,,,,,,,,,,,,38,555.05
1787599740,332.18,332.29,332.18,332.29,327.77,324.475,,,,,,,,,,,,,,,,,,,,,,,,,,,,,,,,,,,,,,,,,,,,,,,,,,,,143,556
1787599800,332.13,332.26,332.105,332.26,327.77,324.475,,,,,,,,,,,,,,,,,,,,,,,,,,,,,,,,,,,,,,,,,,,,,,,,,,,,485,572.3
1787599860,332.36,332.48,332.25,332.48,327.77,324.475,,,,,,,,,,,,,,,,,,,,,,,,,,,,,,,,,,,,,,,,,,,,,,,,,,,,177,537.15
1787599920,332.45,332.5,332.45,332.45,327.77,324.475,,,,,,,,,,,,,,,,,,,,,,,,,,,,,,,,,,,,,,,,,,,,,,,,,,,,188,404.1
1787599980,332.43,332.53,332.24,332.33,327.77,324.475,,,,,,,,,,,,,,,,,,,,,,,,,,,,,,,,,,,,,,,,,,,,,,,,,,,,457,408.1
1787600040,332.38,332.39,332.22,332.33,327.77,324.475,,,,,,,,,,,,,,,,,,,,,,,,,,,,,,,,,,,,,,,,,,,,,,,,,,,,453,423.5
1787600100,332.34,332.84,332.34,332.76,327.77,324.475,,,,,,,,,,,,,,,,,,,,,,,,,,,,,,,,,,,,,,,,,,,,,,,,,,,,1873,501.65
1787600160,332.82,332.82,332.45,332.45,327.77,324.475,,,,,,,,,,,,,,,,,,,,,,,,,,,,,,,,,,,,,,,,,,,,,,,,,,,,293,488.5
1787600220,332.505,332.55,332.5,332.5,327.77,324.475,,,,,,,,,,,,,,,,,,,,,,,,,,,,,,,,,,,,,,,,,,,,,,,,,,,,256,488.05
1787600280,332.43,332.54,332.42,332.51,327.77,324.475,,,,,,,,,,,,,,,,,,,,,,,,,,,,,,,,,,,,,,,,,,,,,,,,,,,,358,482.75
1787600340,332.5,332.67,332.5,332.67,327.77,324.475,,,,,,,,,,,,,,,,,,,,,,,,,,,,,,,,,,,,,,,,,,,,,,,,,,,,159,390.75
1787600400,332.68,332.92,332.62,332.92,327.77,324.475,,,,,,,,,,,,,,,,,,,,,,,,,,,,,,,,,,,,,,,,,,,,,,,,,,,,869,418.25
1787600460,332.8,332.96,332.8,332.84,327.77,324.475,,,,,,,,,,,,,,,,,,,,,,,,,,,,,,,,,,,,,,,,,,,,,,,,,,,,825,453.35
1787600520,332.74,332.98,332.68,332.96,327.77,324.475,,,,,,,,,,,,,,,,,,,,,,,,,,,,,,,,,,,,,,,,,,,,,,,,,,,,929,464.8
1787600580,332.98,333.06,332.98,333.02,327.77,324.475,,,,,,,,,,,,,,,,,,,,,,,,,,,,,,,,,,,,,,,,,,,,,,,,,,,,321,478.8
1787600640,332.94,333.14,332.91,333.12,327.77,324.475,,,,,,,,,,,,,,,,,,,,,,,,,,,,,,,,,,,,,,,,,,,,,,,,,,,,1320,513.3
1787600700,333.14,333.34,333.14,333.26,327.77,324.475,,,,,,,,,,,,,,,,,,,,,,,,,,,,,,,,,,,,,,,,,,,,,,,,,,,,565,513.15
1787600760,333.34,333.38,333.16,333.26,327.77,324.475,,,,,,,,,,,,,,,,,,,,,,,,,,,,,,,,,,,,,,,,,,,,,,,,,,,,812,553.55
1787600820,333.28,333.35,333.12,333.14,327.77,324.475,,,,,,,,,,,,,,,,,,,,,,,,,,,,,,,,,,,,,,,,,,,,,,,,,,,,2122,632.15
1787600880,333,333.05,332.88,333.01,327.77,324.475,,,,,,,,,,,,,,,,,,,,,,,,,,,,,,,,,,,,,,,,,,,,,,,,,,,,2816,771.05
1787600940,333.04,333.61,333.04,333.6,327.77,324.475,,,,,,,,,,,,,,,,,,,,,,,,,,,,,,,,,,,,,,,,,,,,,,,,,,,,1548,841.3
1787601000,333.61,333.72,333.6,333.69,327.77,324.475,,,,,,,,,,,,,,,,,,,,,,,,,,,,,,,,,,,,,,,,,,,,,,,,,,,,749,854.5
1787601060,333.655,333.8,333.36,333.36,327.77,324.475,,,,,,,,,,,,,,,,,,,,,,,,,,,,,,,,,,,,,,,,,,,,,,,,,,,,1110,901.15
1787601120,333.27,333.59,333.27,333.59,327.77,324.475,,,,,,,,,,,,,,,,,,,,,,,,,,,,,,,,,,,,,,,,,,,,,,,,,,,,648,924.15
1787601180,333.52,333.61,333.46,333.48,327.77,324.475,,,,,,,,,,,,,,,,,,,,,,,,,,,,,,,,,,,,,,,,,,,,,,,,,,,,1570,979.8
1787601240,333.46,333.64,333.46,333.64,327.77,324.475,,,,,,,,,,,,,,,,,,,,,,,,,,,,,,,,,,,,,,,,,,,,,,,,,,,,1041,1009.2
1787601300,333.625,333.83,333.52,333.52,327.77,324.475,,,,,,,,,,,,,,,,,,,,,,,,,,,,,,,,,,,,,,,,,,,,,,,,,,,,2823,1056.7
1787601360,333.525,333.59,333.18,333.42,327.77,324.475,,,,,,,,,,,,,,,,,,,,,,,,,,,,,,,,,,,,,,,,,,,,,,,,,,,,2460,1165.05
1787601420,333.47,333.99,333.47,333.85,327.77,324.475,,,,,,,,,,,,,,,,,,,,,,,,,,,,,,,,,,,,,,,,,,,,,,,,,,,,2996,1302.05
1787601480,333.85,334.35,333.85,334.35,327.77,324.475,,,,,,,,,,,,,,,,,,,,,,,,,,,,,,,,,,,,,,,,,,,,,,,,,,,,2029,1385.6
1787601540,334.34,334.34,333.97,334.07,327.77,324.475,,,,,,,,,,,,,,,,,,,,,,,,,,,,,,,,,,,,,,,,,,,,,,,,,,,,4623,1608.8
1787664600,336.6,336.6,334.9,334.9,336.6,334.9,,,,,,,,,,,,,,,,,,,,,,,,,,,,,,,,,,,,,,,,,,,,,,,,,,,,40,1567.35
1787664660,334.89,335.23,334.41,335.23,336.6,334.41,,,,,,,,,,,,,,,,,,,,,,,,,,,,,,,,,,,,,,,,,,,,,,,,,,,,206,1536.4
1787664720,335.365,335.365,335.365,335.365,336.6,334.41,,,,,,,,,,,,,,,,,,,,,,,,,,,,,,,,,,,,,,,,,,,,,,,,,,,,6,1490.25
1787664780,335.76,335.96,335.76,335.88,336.6,334.41,,,,,,,,,,,,,,,,,,,,,,,,,,,,,,,,,,,,,,,,,,,,,,,,,,,,123,1480.35
1787664840,336.24,336.24,336.24,336.24,336.6,334.41,,,,,,,,,,,,,,,,,,,,,,,,,,,,,,,,,,,,,,,,,,,,,,,,,,,,3,1414.5
1787664960,335.26,335.26,335.26,335.26,336.6,334.41,,,,,,,,,,,,,,,,,,,,,,,,,,,,,,,,,,,,,,,,,,,,,,,,,,,,13,1386.9
1787665020,334.52,334.52,334.52,334.52,336.6,334.41,,,,,,,,,,,,,,,,,,,,,,,,,,,,,,,,,,,,,,,,,,,,,,,,,,,,3,1346.45
1787665080,334.62,334.62,334.62,334.62,336.6,334.41,,,,,,,,,,,,,,,,,,,,,,,,,,,,,,,,,,,,,,,,,,,,,,,,,,,,4,1240.55
1787665200,334.28,334.28,334,334.02,336.6,334,,,,,,,,,,,,,,,,,,,,,,,,,,,,,,,,,,,,,,,,,,,,,,,,,,,,55,1102.5
1787665260,333.81,334.19,333.81,334.19,336.6,333.81,,,,,,,,,,,,,,,,,,,,,,,,,,,,,,,,,,,,,,,,,,,,,,,,,,,,179,1034.05
1787665320,333.84,333.84,333.8,333.8,336.6,333.8,,,,,,,,,,,,,,,,,,,,,,,,,,,,,,,,,,,,,,,,,,,,,,,,,,,,11,997.15
1787665380,333.79,334.45,333.79,334.19,336.6,333.79,,,,,,,,,,,,,,,,,,,,,,,,,,,,,,,,,,,,,,,,,,,,,,,,,,,,183,950.8
1787665440,334.35,334.35,334.1,334.27,336.6,333.79,,,,,,,,,,,,,,,,,,,,,,,,,,,,,,,,,,,,,,,,,,,,,,,,,,,,101,923.45
1787665500,333.83,333.94,333.53,333.53,336.6,333.79,,,,,,,,,,,,,,,,,,,,,,,,,,,,,,,,,,,,,,,,,,,,,,,,,,,,166,853.25
1787665560,333.43,333.43,333.42,333.42,336.6,333.79,,,,,,,,,,,,,,,,,,,,,,,,,,,,,,,,,,,,,,,,,,,,,,,,,,,,110,806.7
1787665680,332.73,332.82,332.73,332.82,336.6,333.79,,,,,,,,,,,,,,,,,,,,,,,,,,,,,,,,,,,,,,,,,,,,,,,,,,,,251,678.1
1787665740,332.69,333.05,332.69,332.86,336.6,333.79,,,,,,,,,,,,,,,,,,,,,,,,,,,,,,,,,,,,,,,,,,,,,,,,,,,,153,562.75
1787665800,332.87,332.97,332.67,332.89,336.6,333.79,,,,,,,,,,,,,,,,,,,,,,,,,,,,,,,,,,,,,,,,,,,,,,,,,,,,450,435.45
1787665860,333.04,333.41,333.04,333.36,336.6,333.79,,,,,,,,,,,,,,,,,,,,,,,,,,,,,,,,,,,,,,,,,,,,,,,,,,,,105,339.25
1787665920,333.23,333.8,333.23,333.8,336.6,333.79,,,,,,,,,,,,,,,,,,,,,,,,,,,,,,,,,,,,,,,,,,,,,,,,,,,,36,109.9
1787665980,333.79,333.79,333.585,333.585,336.6,333.79,,,,,,,,,,,,,,,,,,,,,,,,,,,,,,,,,,,,,,,,,,,,,,,,,,,,16,108.7
1787666040,333.52,333.8,333.52,333.605,336.6,333.79,,,,,,,,,,,,,,,,,,,,,,,,,,,,,,,,,,,,,,,,,,,,,,,,,,,,207,108.75
1787666100,333.9,334.45,333.9,334.45,336.6,333.79,,,,,,,,,,,,,,,,,,,,,,,,,,,,,,,,,,,,,,,,,,,,,,,,,,,,38,110.35
1787666160,334.24,334.24,334.16,334.16,336.6,333.79,,,,,,,,,,,,,,,,,,,,,,,,,,,,,,,,,,,,,,,,,,,,,,,,,,,,60,107.2
1787666220,334.07,334.14,334.05,334.14,336.6,333.79,,,,,,,,,,,,,,,,,,,,,,,,,,,,,,,,,,,,,,,,,,,,,,,,,,,,52,109.65
1787666280,334.12,334.12,333.93,333.93,336.6,333.79,,,,,,,,,,,,,,,,,,,,,,,,,,,,,,,,,,,,,,,,,,,,,,,,,,,,46,111.3
1787666340,333.95,334.62,333.95,334.62,336.6,333.79,,,,,,,,,,,,,,,,,,,,,,,,,,,,,,,,,,,,,,,,,,,,,,,,,,,,78,115.05
1787666400,334.75,334.75,334.15,334.625,336.6,333.79,,,,,,,,,,,,,,,,,,,,,,,,,,,,,,,,,,,,,,,,,,,,,,,,,,,,2597,244.7
1787666460,334.76,334.76,334.69,334.73,336.6,333.79,,,,,,,,,,,,,,,,,,,,,,,,,,,,,,,,,,,,,,,,,,,,,,,,,,,,55,244.7
1787666520,334.73,334.78,334.03,334.1,336.6,333.79,,,,,,,,,,,,,,,,,,,,,,,,,,,,,,,,,,,,,,,,,,,,,,,,,,,,873,279.4
1787666580,334.32,335.25,334.32,334.63,336.6,333.79,,,,,,,,,,,,,,,,,,,,,,,,,,,,,,,,,,,,,,,,,,,,,,,,,,,,566,307.15
1787666640,334.66,334.7,334.49,334.65,336.6,333.79,,,,,,,,,,,,,,,,,,,,,,,,,,,,,,,,,,,,,,,,,,,,,,,,,,,,65,301.25
1787666700,334.33,334.33,334.33,334.33,336.6,333.79,,,,,,,,,,,,,,,,,,,,,,,,,,,,,,,,,,,,,,,,,,,,,,,,,,,,19,297.15
1787666760,334.26,334.33,334.11,334.145,336.6,333.79,,,,,,,,,,,,,,,,,,,,,,,,,,,,,,,,,,,,,,,,,,,,,,,,,,,,183,298
1787666940,334.38,334.77,334.38,334.57,336.6,333.79,,,,,,,,,,,,,,,,,,,,,,,,,,,,,,,,,,,,,,,,,,,,,,,,,,,,248,304.9
1787667000,334.695,334.73,334.61,334.73,336.6,333.79,,,,,,,,,,,,,,,,,,,,,,,,,,,,,,,,,,,,,,,,,,,,,,,,,,,,241,304.4
1787667060,334.68,335.11,334.61,334.94,336.6,333.79,,,,,,,,,,,,,,,,,,,,,,,,,,,,,,,,,,,,,,,,,,,,,,,,,,,,450,319.25
1787667120,335.1,335.1,334.45,334.47,336.6,333.79,,,,,,,,,,,,,,,,,,,,,,,,,,,,,,,,,,,,,,,,,,,,,,,,,,,,84,300.95
1787667180,334.26,334.47,334.26,334.47,336.6,333.79,,,,,,,,,,,,,,,,,,,,,,,,,,,,,,,,,,,,,,,,,,,,,,,,,,,,31,297.25
1787667240,334.355,334.45,334.26,334.26,336.6,333.79,,,,,,,,,,,,,,,,,,,,,,,,,,,,,,,,,,,,,,,,,,,,,,,,,,,,4,295.65
1787667300,334.2,334.26,333.95,333.99,336.6,333.79,,,,,,,,,,,,,,,,,,,,,,,,,,,,,,,,,,,,,,,,,,,,,,,,,,,,388,314.25
1787667360,333.91,333.91,333.91,333.91,336.6,333.79,,,,,,,,,,,,,,,,,,,,,,,,,,,,,,,,,,,,,,,,,,,,,,,,,,,,1,303.95
1787667420,333.91,334.145,333.91,334.145,336.6,333.79,,,,,,,,,,,,,,,,,,,,,,,,,,,,,,,,,,,,,,,,,,,,,,,,,,,,74,305.75
1787667480,334.055,334.055,333.86,334.04,336.6,333.79,,,,,,,,,,,,,,,,,,,,,,,,,,,,,,,,,,,,,,,,,,,,,,,,,,,,432,324.35
1787667540,333.74,333.74,333.65,333.65,336.6,333.79,,,,,,,,,,,,,,,,,,,,,,,,,,,,,,,,,,,,,,,,,,,,,,,,,,,,121,327.8
1787667600,333.66,333.66,333.47,333.47,336.6,333.79,,,,,,,,,,,,,,,,,,,,,,,,,,,,,,,,,,,,,,,,,,,,,,,,,,,,27,326.85
1787667660,333.46,333.46,333.14,333.22,336.6,333.79,,,,,,,,,,,,,,,,,,,,,,,,,,,,,,,,,,,,,,,,,,,,,,,,,,,,213,333.6
1787667720,333.2,333.2,333.12,333.17,336.6,333.79,,,,,,,,,,,,,,,,,,,,,,,,,,,,,,,,,,,,,,,,,,,,,,,,,,,,187,213.1
1787667780,333.2,333.27,333.2,333.27,336.6,333.79,,,,,,,,,,,,,,,,,,,,,,,,,,,,,,,,,,,,,,,,,,,,,,,,,,,,109,215.8
1787667840,333.3,333.57,333.08,333.08,336.6,333.79,,,,,,,,,,,,,,,,,,,,,,,,,,,,,,,,,,,,,,,,,,,,,,,,,,,,357,190
1787667900,333,333,332.52,332.52,336.6,333.79,,,,,,,,,,,,,,,,,,,,,,,,,,,,,,,,,,,,,,,,,,,,,,,,,,,,298,176.6
1787667960,332.64,332.65,332.53,332.53,336.6,333.79,,,,,,,,,,,,,,,,,,,,,,,,,,,,,,,,,,,,,,,,,,,,,,,,,,,,66,176.65
1787668020,332.65,332.82,332.635,332.82,336.6,333.79,,,,,,,,,,,,,,,,,,,,,,,,,,,,,,,,,,,,,,,,,,,,,,,,,,,,91,180.25
1787668080,332.82,332.92,332.82,332.9,336.6,333.79,,,,,,,,,,,,,,,,,,,,,,,,,,,,,,,,,,,,,,,,,,,,,,,,,,,,105,176.35
1787668140,332.97,333.17,332.97,333.17,336.6,333.79,,,,,,,,,,,,,,,,,,,,,,,,,,,,,,,,,,,,,,,,,,,,,,,,,,,,521,190
1787668200,333.27,333.67,332.57,333.27,336.6,333.79,,,,,,,,,,,,,,,,,,,,,,,,,,,,,,,,,,,,,,,,,,,,,,,,,,,,417,198.8
1787668260,333.27,333.37,333.165,333.37,336.6,333.79,,,,,,,,,,,,,,,,,,,,,,,,,,,,,,,,,,,,,,,,,,,,,,,,,,,,54,179
1787668320,333.27,333.285,333.27,333.285,336.6,333.79,,,,,,,,,,,,,,,,,,,,,,,,,,,,,,,,,,,,,,,,,,,,,,,,,,,,60,177.8
1787668380,333.1,333.18,333.1,333.18,336.6,333.79,,,,,,,,,,,,,,,,,,,,,,,,,,,,,,,,,,,,,,,,,,,,,,,,,,,,16,177.05
1787668440,333.28,333.28,333.14,333.18,336.6,333.79,,,,,,,,,,,,,,,,,,,,,,,,,,,,,,,,,,,,,,,,,,,,,,,,,,,,75,180.6
1787668500,333,333.12,332.89,332.89,336.6,333.79,,,,,,,,,,,,,,,,,,,,,,,,,,,,,,,,,,,,,,,,,,,,,,,,,,,,84,165.4
1787668560,333.07,333.07,333.03,333.03,336.6,333.79,,,,,,,,,,,,,,,,,,,,,,,,,,,,,,,,,,,,,,,,,,,,,,,,,,,,34,167.05
1787668680,332.915,333.04,332.46,332.46,336.6,333.79,,,,,,,,,,,,,,,,,,,,,,,,,,,,,,,,,,,,,,,,,,,,,,,,,,,,214,174.05
1787668740,332.28,332.36,332.24,332.36,336.6,333.79,,,,,,,,,,,,,,,,,,,,,,,,,,,,,,,,,,,,,,,,,,,,,,,,,,,,204,162.65
1787668800,332.51,332.52,332.5,332.52,336.6,333.79,,,,,,,,,,,,,,,,,,,,,,,,,,,,,,,,,,,,,,,,,,,,,,,,,,,,75,160.35
1787668860,332.26,332.29,331.85,331.85,336.6,333.79,,,,,,,,,,,,,,,,,,,,,,,,,,,,,,,,,,,,,,,,,,,,,,,,,,,,174,167.7
1787668920,331.91,331.91,331.69,331.77,336.6,333.79,,,,,,,,,,,,,,,,,,,,,,,,,,,,,,,,,,,,,,,,,,,,,,,,,,,,195,166.8
1787668980,331.65,331.65,331.38,331.38,336.6,333.79,,,,,,,,,,,,,,,,,,,,,,,,,,,,,,,,,,,,,,,,,,,,,,,,,,,,77,161.3
1787669040,331.31,331.42,331.2,331.42,336.6,333.79,,,,,,,,,,,,,,,,,,,,,,,,,,,,,,,,,,,,,,,,,,,,,,,,,,,,219,166.8
1787669100,331.47,331.47,331.37,331.39,336.6,333.79,,,,,,,,,,,,,,,,,,,,,,,,,,,,,,,,,,,,,,,,,,,,,,,,,,,,355,166.7
1787669220,331.61,331.81,331.58,331.58,336.6,333.79,,,,,,,,,,,,,,,,,,,,,,,,,,,,,,,,,,,,,,,,,,,,,,,,,,,,209,162.25
1787669280,331.66,331.91,331.66,331.91,336.6,333.79,,,,,,,,,,,,,,,,,,,,,,,,,,,,,,,,,,,,,,,,,,,,,,,,,,,,395,178.7
1787669340,331.95,331.99,331.95,331.99,336.6,333.79,,,,,,,,,,,,,,,,,,,,,,,,,,,,,,,,,,,,,,,,,,,,,,,,,,,,82,178.25
1787669400,331.81,331.81,331.27,331.27,336.6,333.79,,,,,,,,,,,,,,,,,,,,,,,,,,,,,,,,,,,,,,,,,,,,,,,,,,,,944,220.2
1787669460,331.16,331.16,331.01,331.01,336.6,333.79,,,,,,,,,,,,,,,,,,,,,,,,,,,,,,,,,,,,,,,,,,,,,,,,,,,,429,215.6
1787669520,331.17,331.48,331.17,331.48,336.6,333.79,,,,,,,,,,,,,,,,,,,,,,,,,,,,,,,,,,,,,,,,,,,,,,,,,,,,357,212.6
1787669640,331.73,331.77,331.73,331.77,336.6,333.79,,,,,,,,,,,,,,,,,,,,,,,,,,,,,,,,,,,,,,,,,,,,,,,,,,,,61,212.95
1787669700,331.69,331.69,331.46,331.53,336.6,333.79,,,,,,,,,,,,,,,,,,,,,,,,,,,,,,,,,,,,,,,,,,,,,,,,,,,,25,211.2
1787669760,331.63,331.83,331.63,331.83,336.6,333.79,,,,,,,,,,,,,,,,,,,,,,,,,,,,,,,,,,,,,,,,,,,,,,,,,,,,42,212.5
1787669820,331.89,331.89,331.89,331.89,336.6,333.79,,,,,,,,,,,,,,,,,,,,,,,,,,,,,,,,,,,,,,,,,,,,,,,,,,,,1,208.8
1787669880,331.85,331.85,331.75,331.75,336.6,333.79,,,,,,,,,,,,,,,,,,,,,,,,,,,,,,,,,,,,,,,,,,,,,,,,,,,,66,207.9
1787669940,331.73,331.79,331.73,331.79,336.6,333.79,,,,,,,,,,,,,,,,,,,,,,,,,,,,,,,,,,,,,,,,,,,,,,,,,,,,20,207.2
1787670000,331.85,331.95,331.77,331.85,336.6,333.79,,,,,,,,,,,,,,,,,,,,,,,,,,,,,,,,,,,,,,,,,,,,,,,,,,,,120,202.5
1787670060,331.98,332.24,331.98,332.24,336.6,333.79,,,,,,,,,,,,,,,,,,,,,,,,,,,,,,,,,,,,,,,,,,,,,,,,,,,,110,197.8
1787670120,332.49,332.49,332.49,332.49,336.6,333.79,,,,,,,,,,,,,,,,,,,,,,,,,,,,,,,,,,,,,,,,,,,,,,,,,,,,45,196.3
1787670180,332.37,332.37,332.21,332.21,336.6,333.79,,,,,,,,,,,,,,,,,,,,,,,,,,,,,,,,,,,,,,,,,,,,,,,,,,,,146,194.9
1787670240,332.21,332.21,332.14,332.15,336.6,333.79,,,,,,,,,,,,,,,,,,,,,,,,,,,,,,,,,,,,,,,,,,,,,,,,,,,,219,196.1
1787670300,332.2,332.29,332.19,332.29,336.6,333.79,,,,,,,,,,,,,,,,,,,,,,,,,,,,,,,,,,,,,,,,,,,,,,,,,,,,155,200
1787670360,332.36,332.36,332.36,332.36,336.6,333.79,,,,,,,,,,,,,,,,,,,,,,,,,,,,,,,,,,,,,,,,,,,,,,,,,,,,55,191.8
1787670420,332.28,332.28,332.16,332.16,336.6,333.79,,,,,,,,,,,,,,,,,,,,,,,,,,,,,,,,,,,,,,,,,,,,,,,,,,,,163,182.2
1787670480,332.14,332.14,332.14,332.14,336.6,333.79,,,,,,,,,,,,,,,,,,,,,,,,,,,,,,,,,,,,,,,,,,,,,,,,,,,,20,172.75
1787670540,332.29,332.29,332.29,332.29,336.6,333.79,,,,,,,,,,,,,,,,,,,,,,,,,,,,,,,,,,,,,,,,,,,,,,,,,,,,1,153.05
1787670600,332.21,332.21,332.21,332.21,336.6,333.79,,,,,,,,,,,,,,,,,,,,,,,,,,,,,,,,,,,,,,,,,,,,,,,,,,,,20,149.95
1787670660,332.29,332.36,332.26,332.31,336.6,333.79,,,,,,,,,,,,,,,,,,,,,,,,,,,,,,,,,,,,,,,,,,,,,,,,,,,,259,115.7
1787670720,332.35,332.35,332.155,332.155,336.6,333.79,,,,,,,,,,,,,,,,,,,,,,,,,,,,,,,,,,,,,,,,,,,,,,,,,,,,158,102.15
1787670780,332.2,332.22,332.2,332.22,336.6,333.79,,,,,,,,,,,,,,,,,,,,,,,,,,,,,,,,,,,,,,,,,,,,,,,,,,,,277,98.15
1787670840,332.06,332.06,331.91,332.05,336.6,333.79,,,,,,,,,,,,,,,,,,,,,,,,,,,,,,,,,,,,,,,,,,,,,,,,,,,,214,105.8
1787670900,332.11,332.14,332.11,332.14,336.6,333.79,,,,,,,,,,,,,,,,,,,,,,,,,,,,,,,,,,,,,,,,,,,,,,,,,,,,80,108.55
1787670960,332.17,332.17,332.13,332.13,336.6,333.79,,,,,,,,,,,,,,,,,,,,,,,,,,,,,,,,,,,,,,,,,,,,,,,,,,,,74,110.15
1787671020,332.14,332.23,331.93,331.93,336.6,333.79,,,,,,,,,,,,,,,,,,,,,,,,,,,,,,,,,,,,,,,,,,,,,,,,,,,,565,138.35
1787671080,332.09,332.24,332.09,332.24,336.6,333.79,,,,,,,,,,,,,,,,,,,,,,,,,,,,,,,,,,,,,,,,,,,,,,,,,,,,185,144.3
1787671140,332.04,332.15,332.03,332.15,336.6,333.79,,,,,,,,,,,,,,,,,,,,,,,,,,,,,,,,,,,,,,,,,,,,,,,,,,,,127,149.65
1787671200,332.19,332.19,332.19,332.19,336.6,333.79,,,,,,,,,,,,,,,,,,,,,,,,,,,,,,,,,,,,,,,,,,,,,,,,,,,,1,143.7
1787671260,332.27,332.27,331.91,331.91,336.6,333.79,,,,,,,,,,,,,,,,,,,,,,,,,,,,,,,,,,,,,,,,,,,,,,,,,,,,97,143.05
1787671380,331.66,331.66,331.36,331.43,336.6,333.79,,,,,,,,,,,,,,,,,,,,,,,,,,,,,,,,,,,,,,,,,,,,,,,,,,,,543,167.95
1787671500,331.36,331.41,331.36,331.4,336.6,333.79,,,,,,,,,,,,,,,,,,,,,,,,,,,,,,,,,,,,,,,,,,,,,,,,,,,,69,164.1
1787671560,331.41,331.42,331.41,331.41,336.6,333.79,,,,,,,,,,,,,,,,,,,,,,,,,,,,,,,,,,,,,,,,,,,,,,,,,,,,156,160.95
1787671620,331.24,331.57,330.86,331.57,336.6,333.79,,,,,,,,,,,,,,,,,,,,,,,,,,,,,,,,,,,,,,,,,,,,,,,,,,,,2492,277.8
1787671680,331.58,331.75,331.58,331.735,336.6,333.79,,,,,,,,,,,,,,,,,,,,,,,,,,,,,,,,,,,,,,,,,,,,,,,,,,,,449,297.5
1787671800,331.55,331.55,331.55,331.55,336.6,333.79,,,,,,,,,,,,,,,,,,,,,,,,,,,,,,,,,,,,,,,,,,,,,,,,,,,,50,291.85
1787671860,331.36,331.73,331.36,331.65,336.6,333.79,,,,,,,,,,,,,,,,,,,,,,,,,,,,,,,,,,,,,,,,,,,,,,,,,,,,483,315
1787671920,331.63,331.9,331.63,331.84,336.6,333.79,,,,,,,,,,,,,,,,,,,,,,,,,,,,,,,,,,,,,,,,,,,,,,,,,,,,142,322.05
1787671980,331.865,332.26,331.865,332.22,336.6,333.79,,,,,,,,,,,,,,,,,,,,,,,,,,,,,,,,,,,,,,,,,,,,,,,,,,,,396,340.85
1787672040,332.34,332.34,332.09,332.1,336.6,333.79,,,,,,,,,,,,,,,,,,,,,,,,,,,,,,,,,,,,,,,,,,,,,,,,,,,,184,337.1
1787672100,332.31,332.31,332.16,332.16,336.6,333.79,,,,,,,,,,,,,,,,,,,,,,,,,,,,,,,,,,,,,,,,,,,,,,,,,,,,200,339.2
1787672160,332.16,332.16,332.16,332.16,336.6,333.79,,,,,,,,,,,,,,,,,,,,,,,,,,,,,,,,,,,,,,,,,,,,,,,,,,,,50,327.85
1787672220,332.08,332.08,331.85,331.85,336.6,333.79,,,,,,,,,,,,,,,,,,,,,,,,,,,,,,,,,,,,,,,,,,,,,,,,,,,,314,332.85
1787672280,331.75,331.75,331.58,331.58,336.6,333.79,,,,,,,,,,,,,,,,,,,,,,,,,,,,,,,,,,,,,,,,,,,,,,,,,,,,123,335
1787672400,331.55,331.95,331.55,331.95,336.6,333.79,,,,,,,,,,,,,,,,,,,,,,,,,,,,,,,,,,,,,,,,,,,,,,,,,,,,395,351.05
1787672460,331.905,331.905,331.905,331.905,336.6,333.79,,,,,,,,,,,,,,,,,,,,,,,,,,,,,,,,,,,,,,,,,,,,,,,,,,,,25,324.05
1787672580,332.06,332.07,331.99,331.99,336.6,333.79,,,,,,,,,,,,,,,,,,,,,,,,,,,,,,,,,,,,,,,,,,,,,,,,,,,,197,324.65
1787672640,332.18,332.18,332.18,332.18,336.6,333.79,,,,,,,,,,,,,,,,,,,,,,,,,,,,,,,,,,,,,,,,,,,,,,,,,,,,5,318.55
1787672700,332.23,332.24,332.23,332.24,336.6,333.79,,,,,,,,,,,,,,,,,,,,,,,,,,,,,,,,,,,,,,,,,,,,,,,,,,,,103,323.65
1787672760,332.26,332.27,332.09,332.09,336.6,333.79,,,,,,,,,,,,,,,,,,,,,,,,,,,,,,,,,,,,,,,,,,,,,,,,,,,,106,324.1
1787672820,332.24,332.33,332.24,332.33,336.6,333.79,,,,,,,,,,,,,,,,,,,,,,,,,,,,,,,,,,,,,,,,,,,,,,,,,,,,228,308.35
1787672880,332.26,332.26,332.26,332.26,336.6,333.79,,,,,,,,,,,,,,,,,,,,,,,,,,,,,,,,,,,,,,,,,,,,,,,,,,,,17,305.75
1787673000,332.39,332.4,332.39,332.4,336.6,333.79,,,,,,,,,,,,,,,,,,,,,,,,,,,,,,,,,,,,,,,,,,,,,,,,,,,,65,301.2
1787673060,332.26,332.33,332.22,332.33,336.6,333.79,,,,,,,,,,,,,,,,,,,,,,,,,,,,,,,,,,,,,,,,,,,,,,,,,,,,126,182.9
1787673180,332.33,332.42,332.33,332.42,336.6,333.79,,,,,,,,,,,,,,,,,,,,,,,,,,,,,,,,,,,,,,,,,,,,,,,,,,,,257,173.3
1787673240,332.46,332.475,332.45,332.475,336.6,333.79,,,,,,,,,,,,,,,,,,,,,,,,,,,,,,,,,,,,,,,,,,,,,,,,,,,,77,174.65
1787673300,332.58,332.58,332.58,332.58,336.6,333.79,,,,,,,,,,,,,,,,,,,,,,,,,,,,,,,,,,,,,,,,,,,,,,,,,,,,4,150.7
1787673360,332.59,332.67,332.59,332.66,336.6,333.79,,,,,,,,,,,,,,,,,,,,,,,,,,,,,,,,,,,,,,,,,,,,,,,,,,,,482,167.7
1787673480,332.54,332.54,332.48,332.525,336.6,333.79,,,,,,,,,,,,,,,,,,,,,,,,,,,,,,,,,,,,,,,,,,,,,,,,,,,,144,155.1
1787673540,332.55,332.55,332.35,332.44,336.6,333.79,,,,,,,,,,,,,,,,,,,,,,,,,,,,,,,,,,,,,,,,,,,,,,,,,,,,40,147.9
1787673720,332.46,332.46,332.46,332.46,336.6,333.79,,,,,,,,,,,,,,,,,,,,,,,,,,,,,,,,,,,,,,,,,,,,,,,,,,,,37,139.75
1787673780,332.54,332.54,332.54,332.54,336.6,333.79,,,,,,,,,,,,,,,,,,,,,,,,,,,,,,,,,,,,,,,,,,,,,,,,,,,,80,141.25
1787673840,332.45,332.45,332.34,332.34,336.6,333.79,,,,,,,,,,,,,,,,,,,,,,,,,,,,,,,,,,,,,,,,,,,,,,,,,,,,106,130.85
1787673900,332.37,332.4,332.37,332.4,336.6,333.79,,,,,,,,,,,,,,,,,,,,,,,,,,,,,,,,,,,,,,,,,,,,,,,,,,,,171,133.25
1787674020,332.27,332.27,332.27,332.27,336.6,333.79,,,,,,,,,,,,,,,,,,,,,,,,,,,,,,,,,,,,,,,,,,,,,,,,,,,,17,114.35
1787674080,332.23,332.34,332.23,332.34,336.6,333.79,,,,,,,,,,,,,,,,,,,,,,,,,,,,,,,,,,,,,,,,,,,,,,,,,,,,8,113.5
1787674140,332.39,332.4,332.13,332.13,336.6,333.79,,,,,,,,,,,,,,,,,,,,,,,,,,,,,,,,,,,,,,,,,,,,,,,,,,,,372,122.25
1787674260,332.08,332.18,332.08,332.18,336.6,333.79,,,,,,,,,,,,,,,,,,,,,,,,,,,,,,,,,,,,,,,,,,,,,,,,,,,,7,122.35
1787674320,332.04,332.04,331.9,331.9,336.6,333.79,,,,,,,,,,,,,,,,,,,,,,,,,,,,,,,,,,,,,,,,,,,,,,,,,,,,4,117.4
1787674380,332.04,332.04,332.04,332.04,336.6,333.79,,,,,,,,,,,,,,,,,,,,,,,,,,,,,,,,,,,,,,,,,,,,,,,,,,,,165,120.35
1787674500,332.1,332.12,332.1,332.12,336.6,333.79,,,,,,,,,,,,,,,,,,,,,,,,,,,,,,,,,,,,,,,,,,,,,,,,,,,,67,112.3
1787674560,332.12,332.15,332.12,332.15,336.6,333.79,,,,,,,,,,,,,,,,,,,,,,,,,,,,,,,,,,,,,,,,,,,,,,,,,,,,55,114.2
1787674620,332.06,332.06,332.06,332.06,336.6,333.79,,,,,,,,,,,,,,,,,,,,,,,,,,,,,,,,,,,,,,,,,,,,,,,,,,,,50,113.45
1787674680,332.06,332.06,332.06,332.06,336.6,333.79,,,,,,,,,,,,,,,,,,,,,,,,,,,,,,,,,,,,,,,,,,,,,,,,,,,,2,107.25
1787674800,332.05,332.13,332.05,332.13,336.6,333.79,,,,,,,,,,,,,,,,,,,,,,,,,,,,,,,,,,,,,,,,,,,,,,,,,,,,338,111.3
1787674920,332.22,332.24,332.22,332.24,336.6,333.79,,,,,,,,,,,,,,,,,,,,,,,,,,,,,,,,,,,,,,,,,,,,,,,,,,,,51,110
1787674980,332.12,332.12,332,332,336.6,333.79,,,,,,,,,,,,,,,,,,,,,,,,,,,,,,,,,,,,,,,,,,,,,,,,,,,,62,112.9
1787675100,332.09,332.11,332.09,332.11,336.6,333.79,,,,,,,,,,,,,,,,,,,,,,,,,,,,,,,,,,,,,,,,,,,,,,,,,,,,116,94.6
1787675160,331.91,331.91,331.91,331.91,336.6,333.79,,,,,,,,,,,,,,,,,,,,,,,,,,,,,,,,,,,,,,,,,,,,,,,,,,,,30,88.9
1787675280,331.89,331.97,331.89,331.97,336.6,333.79,,,,,,,,,,,,,,,,,,,,,,,,,,,,,,,,,,,,,,,,,,,,,,,,,,,,116,92.7
1787675460,331.98,332,331.5,331.5,336.6,333.79,,,,,,,,,,,,,,,,,,,,,,,,,,,,,,,,,,,,,,,,,,,,,,,,,,,,1179,149.8
1787675520,331.62,331.69,331.6,331.6,336.6,333.79,,,,,,,,,,,,,,,,,,,,,,,,,,,,,,,,,,,,,,,,,,,,,,,,,,,,130,152.3
1787675640,331.68,331.69,331.67,331.67,336.6,333.79,,,,,,,,,,,,,,,,,,,,,,,,,,,,,,,,,,,,,,,,,,,,,,,,,,,,26,148.3
1787675700,331.66,331.66,331.405,331.405,336.6,333.79,,,,,,,,,,,,,,,,,,,,,,,,,,,,,,,,,,,,,,,,,,,,,,,,,,,,508,165.15
1787675760,331.54,331.54,331.54,331.54,336.6,333.79,,,,,,,,,,,,,,,,,,,,,,,,,,,,,,,,,,,,,,,,,,,,,,,,,,,,40,166.3
1787675940,331.59,331.61,331.56,331.56,336.6,333.79,,,,,,,,,,,,,,,,,,,,,,,,,,,,,,,,,,,,,,,,,,,,,,,,,,,,122,172
1787676000,331.34,331.35,331.24,331.24,336.6,333.79,,,,,,,,,,,,,,,,,,,,,,,,,,,,,,,,,,,,,,,,,,,,,,,,,,,,161,161.45
1787676060,331.31,331.33,331.31,331.33,336.6,333.79,,,,,,,,,,,,,,,,,,,,,,,,,,,,,,,,,,,,,,,,,,,,,,,,,,,,45,163.35
1787676120,331.3,331.39,331.28,331.28,336.6,333.79,,,,,,,,,,,,,,,,,,,,,,,,,,,,,,,,,,,,,,,,,,,,,,,,,,,,14,163.85
1787676180,331.16,331.18,331.16,331.18,336.6,333.79,,,,,,,,,,,,,,,,,,,,,,,,,,,,,,,,,,,,,,,,,,,,,,,,,,,,41,157.65
1787676240,331.15,331.17,331.15,331.17,336.6,333.79,,,,,,,,,,,,,,,,,,,,,,,,,,,,,,,,,,,,,,,,,,,,,,,,,,,,319,170.25
1787676300,331.23,331.23,331.23,331.23,336.6,333.79,,,,,,,,,,,,,,,,,,,,,,,,,,,,,,,,,,,,,,,,,,,,,,,,,,,,1,167.55
1787676360,331.06,331.06,330.82,330.82,336.6,333.79,,,,,,,,,,,,,,,,,,,,,,,,,,,,,,,,,,,,,,,,,,,,,,,,,,,,203,175.2
1787676420,330.88,330.88,330.88,330.88,336.6,333.79,,,,,,,,,,,,,,,,,,,,,,,,,,,,,,,,,,,,,,,,,,,,,,,,,,,,9,175.55
1787676480,330.71,330.75,330.68,330.68,336.6,333.79,,,,,,,,,,,,,,,,,,,,,,,,,,,,,,,,,,,,,,,,,,,,,,,,,,,,166,166.95
1787676600,330.66,330.66,330.49,330.49,336.6,333.79,,,,,,,,,,,,,,,,,,,,,,,,,,,,,,,,,,,,,,,,,,,,,,,,,,,,8,164.8
1787676660,330.43,330.43,330.34,330.4,336.6,333.79,,,,,,,,,,,,,,,,,,,,,,,,,,,,,,,,,,,,,,,,,,,,,,,,,,,,185,170.95
1787676720,330.42,330.44,330.38,330.38,336.6,333.79,,,,,,,,,,,,,,,,,,,,,,,,,,,,,,,,,,,,,,,,,,,,,,,,,,,,125,171.4
1787676780,330.4,330.4,330.3,330.3,336.6,333.79,,,,,,,,,,,,,,,,,,,,,,,,,,,,,,,,,,,,,,,,,,,,,,,,,,,,38,171.8
1787676840,330.36,330.54,330.36,330.51,336.6,333.79,,,,,,,,,,,,,,,,,,,,,,,,,,,,,,,,,,,,,,,,,,,,,,,,,,,,407,186.35
1787676900,330.59,330.59,330.37,330.4,336.6,333.79,,,,,,,,,,,,,,,,,,,,,,,,,,,,,,,,,,,,,,,,,,,,,,,,,,,,116,133.2
1787676960,330.33,330.33,330.33,330.33,336.6,333.79,,,,,,,,,,,,,,,,,,,,,,,,,,,,,,,,,,,,,,,,,,,,,,,,,,,,16,127.5
1787677020,330.32,330.32,330.31,330.31,336.6,333.79,,,,,,,,,,,,,,,,,,,,,,,,,,,,,,,,,,,,,,,,,,,,,,,,,,,,8,126.6
1787677080,330.31,330.42,329.99,329.99,336.6,333.79,,,,,,,,,,,,,,,,,,,,,,,,,,,,,,,,,,,,,,,,,,,,,,,,,,,,503,126.35
1787677140,330.01,330.06,329.98,330.06,336.6,333.79,,,,,,,,,,,,,,,,,,,,,,,,,,,,,,,,,,,,,,,,,,,,,,,,,,,,11,124.9
1787677200,329.98,329.98,329.98,329.98,336.6,333.79,,,,,,,,,,,,,,,,,,,,,,,,,,,,,,,,,,,,,,,,,,,,,,,,,,,,119,124.75
1787677260,330.14,330.26,330.12,330.26,336.6,333.79,,,,,,,,,,,,,,,,,,,,,,,,,,,,,,,,,,,,,,,,,,,,,,,,,,,,139,123.65
1787677320,330.36,330.38,330.34,330.38,336.6,333.79,,,,,,,,,,,,,,,,,,,,,,,,,,,,,,,,,,,,,,,,,,,,,,,,,,,,59,124.35
1787677380,330.24,330.24,330.14,330.14,336.6,333.79,,,,,,,,,,,,,,,,,,,,,,,,,,,,,,,,,,,,,,,,,,,,,,,,,,,,8,124.05
1787677440,330.26,330.26,330.26,330.26,336.6,333.79,,,,,,,,,,,,,,,,,,,,,,,,,,,,,,,,,,,,,,,,,,,,,,,,,,,,3,122.15
1787677500,330.07,330.66,330,330.53,336.6,333.79,,,,,,,,,,,,,,,,,,,,,,,,,,,,,,,,,,,,,,,,,,,,,,,,,,,,1829,197.65
1787677560,330.54,330.54,330.52,330.54,336.6,333.79,,,,,,,,,,,,,,,,,,,,,,,,,,,,,,,,,,,,,,,,,,,,,,,,,,,,25,198.85
1787677680,330.7,330.74,330.67,330.7,336.6,333.79,,,,,,,,,,,,,,,,,,,,,,,,,,,,,,,,,,,,,,,,,,,,,,,,,,,,235,200.45
1787677860,330.67,330.67,330.67,330.67,336.6,333.79,,,,,,,,,,,,,,,,,,,,,,,,,,,,,,,,,,,,,,,,,,,,,,,,,,,,30,201.5
1787677920,330.59,330.59,330.56,330.56,336.6,333.79,,,,,,,,,,,,,,,,,,,,,,,,,,,,,,,,,,,,,,,,,,,,,,,,,,,,91,197.75
1787677980,330.2,330.32,330.2,330.32,336.6,333.79,,,,,,,,,,,,,,,,,,,,,,,,,,,,,,,,,,,,,,,,,,,,,,,,,,,,108,202.75
1787678040,330.32,330.32,330.32,330.32,336.6,333.79,,,,,,,,,,,,,,,,,,,,,,,,,,,,,,,,,,,,,,,,,,,,,,,,,,,,1,193.55
1787678220,330.41,330.41,330.41,330.41,336.6,333.79,,,,,,,,,,,,,,,,,,,,,,,,,,,,,,,,,,,,,,,,,,,,,,,,,,,,3,187.45
1787678280,330.44,330.53,330.34,330.53,336.6,333.79,,,,,,,,,,,,,,,,,,,,,,,,,,,,,,,,,,,,,,,,,,,,,,,,,,,,353,203.2
1787678340,330.33,330.35,330.33,330.33,336.6,333.79,,,,,,,,,,,,,,,,,,,,,,,,,,,,,,,,,,,,,,,,,,,,,,,,,,,,616,213.65
1787678400,330.24,330.24,330.24,330.24,336.6,333.79,,,,,,,,,,,,,,,,,,,,,,,,,,,,,,,,,,,,,,,,,,,,,,,,,,,,1,207.9
1787678580,330.26,330.28,330.26,330.28,336.6,333.79,,,,,,,,,,,,,,,,,,,,,,,,,,,,,,,,,,,,,,,,,,,,,,,,,,,,98,212
1787678640,330.1,330.1,330.1,330.1,336.6,333.79,,,,,,,,,,,,,,,,,,,,,,,,,,,,,,,,,,,,,,,,,,,,,,,,,,,,80,215.6
1787678700,330.09,330.18,330.09,330.18,336.6,333.79,,,,,,,,,,,,,,,,,,,,,,,,,,,,,,,,,,,,,,,,,,,,,,,,,,,,134,197.15
1787678760,329.93,329.96,329.63,329.63,336.6,333.79,,,,,,,,,,,,,,,,,,,,,,,,,,,,,,,,,,,,,,,,,,,,,,,,,,,,5054,449.3
1787678820,329.62,329.71,329.62,329.71,336.6,333.79,,,,,,,,,,,,,,,,,,,,,,,,,,,,,,,,,,,,,,,,,,,,,,,,,,,,23,444.5
1787678940,329.78,329.82,329.78,329.78,336.6,333.79,,,,,,,,,,,,,,,,,,,,,,,,,,,,,,,,,,,,,,,,,,,,,,,,,,,,369,456
1787679060,329.71,329.71,329.71,329.71,336.6,333.79,,,,,,,,,,,,,,,,,,,,,,,,,,,,,,,,,,,,,,,,,,,,,,,,,,,,20,454.05
1787679120,329.62,329.72,329.43,329.55,336.6,333.79,,,,,,,,,,,,,,,,,,,,,,,,,,,,,,,,,,,,,,,,,,,,,,,,,,,,1634,535.35
1787679180,329.6,329.61,329.6,329.61,336.6,333.79,,,,,,,,,,,,,,,,,,,,,,,,,,,,,,,,,,,,,,,,,,,,,,,,,,,,110,540.7
1787679240,329.6,329.6,329.59,329.59,336.6,333.79,,,,,,,,,,,,,,,,,,,,,,,,,,,,,,,,,,,,,,,,,,,,,,,,,,,,37,451.1
1787679360,329.535,329.535,329.535,329.535,336.6,333.79,,,,,,,,,,,,,,,,,,,,,,,,,,,,,,,,,,,,,,,,,,,,,,,,,,,,8,450.25
1787679420,329.59,329.63,329.55,329.55,336.6,333.79,,,,,,,,,,,,,,,,,,,,,,,,,,,,,,,,,,,,,,,,,,,,,,,,,,,,192,448.1
1787679480,329.5,329.5,329.39,329.39,336.6,333.79,,,,,,,,,,,,,,,,,,,,,,,,,,,,,,,,,,,,,,,,,,,,,,,,,,,,10,447.1
1787679540,329.38,329.38,329.38,329.38,336.6,333.79,,,,,,,,,,,,,,,,,,,,,,,,,,,,,,,,,,,,,,,,,,,,,,,,,,,,7,442.9
1787679660,329.35,329.35,329.31,329.31,336.6,333.79,,,,,,,,,,,,,,,,,,,,,,,,,,,,,,,,,,,,,,,,,,,,,,,,,,,,142,444.6
1787679720,329.31,329.31,329.16,329.16,336.6,333.79,,,,,,,,,,,,,,,,,,,,,,,,,,,,,,,,,,,,,,,,,,,,,,,,,,,,221,455.6
1787679780,329.14,329.19,329.05,329.05,336.6,333.79,,,,,,,,,,,,,,,,,,,,,,,,,,,,,,,,,,,,,,,,,,,,,,,,,,,,139,462.4
1787679840,329.1,329.1,329.1,329.1,336.6,333.79,,,,,,,,,,,,,,,,,,,,,,,,,,,,,,,,,,,,,,,,,,,,,,,,,,,,2,444.85
1787679960,329,329,328.945,328.945,336.6,333.79,,,,,,,,,,,,,,,,,,,,,,,,,,,,,,,,,,,,,,,,,,,,,,,,,,,,21,415.1
1787680020,328.95,329.05,328.95,329.05,336.6,333.79,,,,,,,,,,,,,,,,,,,,,,,,,,,,,,,,,,,,,,,,,,,,,,,,,,,,87,419.4
1787680080,329.06,329.08,328.99,328.99,336.6,333.79,,,,,,,,,,,,,,,,,,,,,,,,,,,,,,,,,,,,,,,,,,,,,,,,,,,,62,417.6
1787680140,328.95,328.99,328.87,328.99,336.6,333.79,,,,,,,,,,,,,,,,,,,,,,,,,,,,,,,,,,,,,,,,,,,,,,,,,,,,427,434.95
1787680200,329.07,329.07,329.035,329.035,336.6,333.79,,,,,,,,,,,,,,,,,,,,,,,,,,,,,,,,,,,,,,,,,,,,,,,,,,,,7,428.6
1787680260,329.08,329.11,329.04,329.04,336.6,333.79,,,,,,,,,,,,,,,,,,,,,,,,,,,,,,,,,,,,,,,,,,,,,,,,,,,,21,176.95
1787680320,329.04,329.12,329.04,329.055,336.6,333.79,,,,,,,,,,,,,,,,,,,,,,,,,,,,,,,,,,,,,,,,,,,,,,,,,,,,8,176.2
1787680380,329.1,329.12,329.1,329.1,336.6,333.79,,,,,,,,,,,,,,,,,,,,,,,,,,,,,,,,,,,,,,,,,,,,,,,,,,,,103,162.9
1787680440,329.04,329.04,329.04,329.04,336.6,333.79,,,,,,,,,,,,,,,,,,,,,,,,,,,,,,,,,,,,,,,,,,,,,,,,,,,,1,161.95
1787680500,329.04,329.28,329.04,329.28,336.6,333.79,,,,,,,,,,,,,,,,,,,,,,,,,,,,,,,,,,,,,,,,,,,,,,,,,,,,326,96.55
1787680620,329.21,329.36,329.13,329.26,336.6,333.79,,,,,,,,,,,,,,,,,,,,,,,,,,,,,,,,,,,,,,,,,,,,,,,,,,,,346,108.35
1787680680,329.24,329.24,329.24,329.24,336.6,333.79,,,,,,,,,,,,,,,,,,,,,,,,,,,,,,,,,,,,,,,,,,,,,,,,,,,,10,107
1787680740,329.32,329.34,329.22,329.34,336.6,333.79,,,,,,,,,,,,,,,,,,,,,,,,,,,,,,,,,,,,,,,,,,,,,,,,,,,,105,111.85
1787680800,329.27,329.46,329.27,329.36,336.6,333.79,,,,,,,,,,,,,,,,,,,,,,,,,,,,,,,,,,,,,,,,,,,,,,,,,,,,57,105.1
1787680860,329.47,329.56,329.47,329.48,336.6,333.79,,,,,,,,,,,,,,,,,,,,,,,,,,,,,,,,,,,,,,,,,,,,,,,,,,,,225,115.85
1787680920,329.61,329.64,329.61,329.64,336.6,333.79,,,,,,,,,,,,,,,,,,,,,,,,,,,,,,,,,,,,,,,,,,,,,,,,,,,,47,117.85
1787680980,329.5,329.51,329.4,329.4,336.6,333.79,,,,,,,,,,,,,,,,,,,,,,,,,,,,,,,,,,,,,,,,,,,,,,,,,,,,91,115.3
1787681040,329.25,329.25,329.25,329.25,336.6,333.79,,,,,,,,,,,,,,,,,,,,,,,,,,,,,,,,,,,,,,,,,,,,,,,,,,,,6,104.55
1787681100,329.26,329.3,329.2,329.3,336.6,333.79,,,,,,,,,,,,,,,,,,,,,,,,,,,,,,,,,,,,,,,,,,,,,,,,,,,,67,100.95
1787681160,329.33,329.33,329.33,329.33,336.6,333.79,,,,,,,,,,,,,,,,,,,,,,,,,,,,,,,,,,,,,,,,,,,,,,,,,,,,20,101.85
1787681220,329.39,329.39,329.39,329.39,336.6,333.79,,,,,,,,,,,,,,,,,,,,,,,,,,,,,,,,,,,,,,,,,,,,,,,,,,,,1,100.85
1787681280,329.49,329.84,329.49,329.84,336.6,333.79,,,,,,,,,,,,,,,,,,,,,,,,,,,,,,,,,,,,,,,,,,,,,,,,,,,,590,126
1787681340,329.93,330.1,329.93,330.04,336.6,333.79,,,,,,,,,,,,,,,,,,,,,,,,,,,,,,,,,,,,,,,,,,,,,,,,,,,,215,133.65
1787681400,330.18,330.24,330.095,330.095,336.6,333.79,,,,,,,,,,,,,,,,,,,,,,,,,,,,,,,,,,,,,,,,,,,,,,,,,,,,99,117.25
1787681460,329.97,329.97,329.97,329.97,336.6,333.79,,,,,,,,,,,,,,,,,,,,,,,,,,,,,,,,,,,,,,,,,,,,,,,,,,,,7,117.25
1787681520,329.97,329.97,329.97,329.97,336.6,333.79,,,,,,,,,,,,,,,,,,,,,,,,,,,,,,,,,,,,,,,,,,,,,,,,,,,,7,116.55
1787681580,330.14,330.23,330.14,330.23,336.6,333.79,,,,,,,,,,,,,,,,,,,,,,,,,,,,,,,,,,,,,,,,,,,,,,,,,,,,152,123.75
1787681640,330.12,330.12,330.12,330.12,336.6,333.79,,,,,,,,,,,,,,,,,,,,,,,,,,,,,,,,,,,,,,,,,,,,,,,,,,,,1,118.65
1787681700,330.3,330.31,330.3,330.3,336.6,333.79,,,,,,,,,,,,,,,,,,,,,,,,,,,,,,,,,,,,,,,,,,,,,,,,,,,,51,121.15
1787681880,330.42,330.57,330.42,330.57,336.6,333.79,,,,,,,,,,,,,,,,,,,,,,,,,,,,,,,,,,,,,,,,,,,,,,,,,,,,126,111.15
1787682000,330.39,330.39,330.38,330.38,336.6,333.79,,,,,,,,,,,,,,,,,,,,,,,,,,,,,,,,,,,,,,,,,,,,,,,,,,,,69,97.3
1787682060,330.43,330.51,330.41,330.51,336.6,333.79,,,,,,,,,,,,,,,,,,,,,,,,,,,,,,,,,,,,,,,,,,,,,,,,,,,,223,107.95
1787682120,330.55,330.56,330.53,330.54,336.6,333.79,,,,,,,,,,,,,,,,,,,,,,,,,,,,,,,,,,,,,,,,,,,,,,,,,,,,103,107.85
1787682240,330.56,330.56,330.56,330.56,336.6,333.79,,,,,,,,,,,,,,,,,,,,,,,,,,,,,,,,,,,,,,,,,,,,,,,,,,,,1,105.05
1787682300,330.48,330.82,330.45,330.8,336.6,333.79,,,,,,,,,,,,,,,,,,,,,,,,,,,,,,,,,,,,,,,,,,,,,,,,,,,,346,111.1
1787682360,330.72,330.72,330.72,330.72,336.6,333.79,,,,,,,,,,,,,,,,,,,,,,,,,,,,,,,,,,,,,,,,,,,,,,,,,,,,25,110
1787682480,330.71,330.71,330.65,330.65,336.6,333.79,,,,,,,,,,,,,,,,,,,,,,,,,,,,,,,,,,,,,,,,,,,,,,,,,,,,11,106
1787682540,330.69,330.9,330.69,330.9,336.6,333.79,,,,,,,,,,,,,,,,,,,,,,,,,,,,,,,,,,,,,,,,,,,,,,,,,,,,216,116.5
1787682600,331,331.41,331,331.41,336.6,333.79,,,,,,,,,,,,,,,,,,,,,,,,,,,,,,,,,,,,,,,,,,,,,,,,,,,,35,114.9
1787682660,331.38,331.58,331.38,331.58,336.6,333.79,,,,,,,,,,,,,,,,,,,,,,,,,,,,,,,,,,,,,,,,,,,,,,,,,,,,117,119.75
1787682780,331.54,331.6,331.54,331.6,336.6,333.79,,,,,,,,,,,,,,,,,,,,,,,,,,,,,,,,,,,,,,,,,,,,,,,,,,,,40,121.7
1787682840,331.63,331.63,331.63,331.63,336.6,333.79,,,,,,,,,,,,,,,,,,,,,,,,,,,,,,,,,,,,,,,,,,,,,,,,,,,,50,94.7
1787682900,331.72,331.72,331.71,331.72,336.6,333.79,,,,,,,,,,,,,,,,,,,,,,,,,,,,,,,,,,,,,,,,,,,,,,,,,,,,27,85.3
1787683080,331.55,331.56,331.54,331.56,336.6,333.79,,,,,,,,,,,,,,,,,,,,,,,,,,,,,,,,,,,,,,,,,,,,,,,,,,,,51,82.9
1787683140,331.66,331.69,331.65,331.69,336.6,333.79,,,,,,,,,,,,,,,,,,,,,,,,,,,,,,,,,,,,,,,,,,,,,,,,,,,,222,93.65
1787683200,331.72,331.88,331.7,331.88,336.6,333.79,,,,,,,,,,,,,,,,,,,,,,,,,,,,,,,,,,,,,,,,,,,,,,,,,,,,180,102.3
1787683260,331.86,331.87,331.86,331.87,336.6,333.79,,,,,,,,,,,,,,,,,,,,,,,,,,,,,,,,,,,,,,,,,,,,,,,,,,,,2,94.8
1787683320,331.72,331.72,331.72,331.72,336.6,333.79,,,,,,,,,,,,,,,,,,,,,,,,,,,,,,,,,,,,,,,,,,,,,,,,,,,,19,95.7
1787683380,331.85,331.9,331.85,331.9,336.6,333.79,,,,,,,,,,,,,,,,,,,,,,,,,,,,,,,,,,,,,,,,,,,,,,,,,,,,119,99.1
1787683440,331.9,331.99,331.88,331.99,336.6,333.79,,,,,,,,,,,,,,,,,,,,,,,,,,,,,,,,,,,,,,,,,,,,,,,,,,,,306,108.1
1787683500,332.04,332.14,332.04,332.14,336.6,333.79,,,,,,,,,,,,,,,,,,,,,,,,,,,,,,,,,,,,,,,,,,,,,,,,,,,,340,121.65
1787683560,332.22,332.25,332.22,332.25,336.6,333.79,,,,,,,,,,,,,,,,,,,,,,,,,,,,,,,,,,,,,,,,,,,,,,,,,,,,2,110.6
1787683620,332.18,332.28,332.18,332.28,336.6,333.79,,,,,,,,,,,,,,,,,,,,,,,,,,,,,,,,,,,,,,,,,,,,,,,,,,,,83,109.6
1787683680,332.255,332.255,331.92,331.92,336.6,333.79,,,,,,,,,,,,,,,,,,,,,,,,,,,,,,,,,,,,,,,,,,,,,,,,,,,,237,121.4
1787683740,331.93,332.21,331.93,331.98,336.6,333.79,,,,,,,,,,,,,,,,,,,,,,,,,,,,,,,,,,,,,,,,,,,,,,,,,,,,430,125.6
1787683800,331.96,331.99,331.96,331.99,336.6,333.79,,,,,,,,,,,,,,,,,,,,,,,,,,,,,,,,,,,,,,,,,,,,,,,,,,,,3,124.5
1787683860,331.95,332,331.94,331.96,336.6,333.79,,,,,,,,,,,,,,,,,,,,,,,,,,,,,,,,,,,,,,,,,,,,,,,,,,,,405,144.2
1787683920,332,332,332,332,336.6,333.79,,,,,,,,,,,,,,,,,,,,,,,,,,,,,,,,,,,,,,,,,,,,,,,,,,,,2,133.5
1787683980,332.02,332.28,332.02,332.28,336.6,333.79,,,,,,,,,,,,,,,,,,,,,,,,,,,,,,,,,,,,,,,,,,,,,,,,,,,,356,149.55
1787684040,332.4,332.4,332.4,332.4,336.6,333.79,,,,,,,,,,,,,,,,,,,,,,,,,,,,,,,,,,,,,,,,,,,,,,,,,,,,10,144.2
1787684100,332.5,332.5,332.4,332.4,336.6,333.79,,,,,,,,,,,,,,,,,,,,,,,,,,,,,,,,,,,,,,,,,,,,,,,,,,,,51,144.75
1787684160,332.3,332.4,332.3,332.35,336.6,333.79,,,,,,,,,,,,,,,,,,,,,,,,,,,,,,,,,,,,,,,,,,,,,,,,,,,,102,147.35
1787684220,332.51,332.65,332.51,332.62,336.6,333.79,,,,,,,,,,,,,,,,,,,,,,,,,,,,,,,,,,,,,,,,,,,,,,,,,,,,141,153.05
1787684280,332.69,332.69,332.575,332.575,336.6,333.79,,,,,,,,,,,,,,,,,,,,,,,,,,,,,,,,,,,,,,,,,,,,,,,,,,,,63,153.65
1787684340,332.64,332.84,332.64,332.84,336.6,333.79,,,,,,,,,,,,,,,,,,,,,,,,,,,,,,,,,,,,,,,,,,,,,,,,,,,,180,151.55
1787684400,332.91,332.93,332.91,332.93,336.6,333.79,,,,,,,,,,,,,,,,,,,,,,,,,,,,,,,,,,,,,,,,,,,,,,,,,,,,103,147.7
1787684460,332.78,332.78,332.75,332.75,336.6,333.79,,,,,,,,,,,,,,,,,,,,,,,,,,,,,,,,,,,,,,,,,,,,,,,,,,,,76,151.4
1787684580,332.64,332.9,332.64,332.9,336.6,333.79,,,,,,,,,,,,,,,,,,,,,,,,,,,,,,,,,,,,,,,,,,,,,,,,,,,,162,158.55
1787684640,332.86,333.065,332.86,333.05,336.6,333.79,,,,,,,,,,,,,,,,,,,,,,,,,,,,,,,,,,,,,,,,,,,,,,,,,,,,73,156.25
1787684700,332.97,333.15,332.97,333.15,336.6,333.79,,,,,,,,,,,,,,,,,,,,,,,,,,,,,,,,,,,,,,,,,,,,,,,,,,,,74,144.65
1787684760,333.24,333.24,333.01,333.01,336.6,333.79,,,,,,,,,,,,,,,,,,,,,,,,,,,,,,,,,,,,,,,,,,,,,,,,,,,,76,131.45
1787684940,332.94,332.94,332.89,332.89,336.6,333.79,,,,,,,,,,,,,,,,,,,,,,,,,,,,,,,,,,,,,,,,,,,,,,,,,,,,314,147.05
1787685000,333.1,333.1,333.1,333.1,336.6,333.79,,,,,,,,,,,,,,,,,,,,,,,,,,,,,,,,,,,,,,,,,,,,,,,,,,,,2,143
1787685060,332.99,332.99,332.99,332.99,336.6,333.79,,,,,,,,,,,,,,,,,,,,,,,,,,,,,,,,,,,,,,,,,,,,,,,,,,,,18,132.05
1787685120,333.02,333.11,333,333.11,336.6,333.79,,,,,,,,,,,,,,,,,,,,,,,,,,,,,,,,,,,,,,,,,,,,,,,,,,,,152,118.15
1787685180,333.18,333.26,333.18,333.26,336.6,333.79,,,,,,,,,,,,,,,,,,,,,,,,,,,,,,,,,,,,,,,,,,,,,,,,,,,,13,118.65
1787685240,333.23,333.27,333.23,333.23,336.6,333.79,,,,,,,,,,,,,,,,,,,,,,,,,,,,,,,,,,,,,,,,,,,,,,,,,,,,54,101.1
1787685300,333.31,333.32,333.25,333.29,336.6,333.79,,,,,,,,,,,,,,,,,,,,,,,,,,,,,,,,,,,,,,,,,,,,,,,,,,,,85,105.25
1787685360,333.39,333.42,333.39,333.42,336.6,333.79,,,,,,,,,,,,,,,,,,,,,,,,,,,,,,,,,,,,,,,,,,,,,,,,,,,,19,88.4
1787685420,333.53,333.56,333.48,333.56,336.6,333.79,,,,,,,,,,,,,,,,,,,,,,,,,,,,,,,,,,,,,,,,,,,,,,,,,,,,223,99.05
1787685480,333.48,333.72,333.48,333.69,336.6,333.79,,,,,,,,,,,,,,,,,,,,,,,,,,,,,,,,,,,,,,,,,,,,,,,,,,,,63,99.65
1787685540,333.65,333.82,333.65,333.81,336.6,333.79,,,,,,,,,,,,,,,,,,,,,,,,,,,,,,,,,,,,,,,,,,,,,,,,,,,,42,96.65
1787685600,333.74,333.8,333.49,333.62,336.6,333.79,,,,,,,,,,,,,,,,,,,,,,,,,,,,,,,,,,,,,,,,,,,,,,,,,,,,355,107.35
1787685660,333.72,333.72,333.72,333.72,336.6,333.79,,,,,,,,,,,,,,,,,,,,,,,,,,,,,,,,,,,,,,,,,,,,,,,,,,,,5,104.45
1787685720,333.72,333.83,333.55,333.55,336.6,333.79,,,,,,,,,,,,,,,,,,,,,,,,,,,,,,,,,,,,,,,,,,,,,,,,,,,,25,96.7
1787685780,333.56,333.98,333.56,333.98,336.6,333.79,,,,,,,,,,,,,,,,,,,,,,,,,,,,,,,,,,,,,,,,,,,,,,,,,,,,177,100.4
1787685840,333.96,334.03,333.93,333.99,336.6,333.79,,,,,,,,,,,,,,,,,,,,,,,,,,,,,,,,,,,,,,,,,,,,,,,,,,,,74,100.3
1787685900,334.17,334.38,334.17,334.38,336.6,333.79,,,,,,,,,,,,,,,,,,,,,,,,,,,,,,,,,,,,,,,,,,,,,,,,,,,,64,95.4
1787685960,334.36,334.41,334.25,334.25,336.6,333.79,,,,,,,,,,,,,,,,,,,,,,,,,,,,,,,,,,,,,,,,,,,,,,,,,,,,486,116.05
1787686020,334.28,334.28,334.28,334.28,336.6,333.79,,,,,,,,,,,,,,,,,,,,,,,,,,,,,,,,,,,,,,,,,,,,,,,,,,,,1,112.4
1787686080,334.35,334.35,334.02,334.02,336.6,333.79,,,,,,,,,,,,,,,,,,,,,,,,,,,,,,,,,,,,,,,,,,,,,,,,,,,,212,119.2
1787686140,334.07,334.18,334.07,334.18,336.6,333.79,,,,,,,,,,,,,,,,,,,,,,,,,,,,,,,,,,,,,,,,,,,,,,,,,,,,225,114.75
1787686200,334.09,334.43,334.05,334.43,336.6,333.79,,,,,,,,,,,,,,,,,,,,,,,,,,,,,,,,,,,,,,,,,,,,,,,,,,,,371,133.2
1787686260,334.645,334.645,334.24,334.26,336.6,333.79,,,,,,,,,,,,,,,,,,,,,,,,,,,,,,,,,,,,,,,,,,,,,,,,,,,,374,151
1787686320,334.06,334.14,334.04,334.14,336.6,333.79,,,,,,,,,,,,,,,,,,,,,,,,,,,,,,,,,,,,,,,,,,,,,,,,,,,,209,153.85
1787686380,334.18,334.25,334.17,334.23,336.6,333.79,,,,,,,,,,,,,,,,,,,,,,,,,,,,,,,,,,,,,,,,,,,,,,,,,,,,24,154.4
1787686440,334.11,334.23,334.11,334.23,336.6,333.79,,,,,,,,,,,,,,,,,,,,,,,,,,,,,,,,,,,,,,,,,,,,,,,,,,,,120,157.7
1787686500,334.235,334.235,334.235,334.235,336.6,333.79,,,,,,,,,,,,,,,,,,,,,,,,,,,,,,,,,,,,,,,,,,,,,,,,,,,,120,159.45
1787686560,334.1,334.23,334.06,334.23,336.6,333.79,,,,,,,,,,,,,,,,,,,,,,,,,,,,,,,,,,,,,,,,,,,,,,,,,,,,167,166.85
1787686620,334.23,334.39,334.23,334.28,336.6,333.79,,,,,,,,,,,,,,,,,,,,,,,,,,,,,,,,,,,,,,,,,,,,,,,,,,,,324,171.9
1787686680,334.19,334.19,334,334,336.6,333.79,,,,,,,,,,,,,,,,,,,,,,,,,,,,,,,,,,,,,,,,,,,,,,,,,,,,19,169.7
1787686740,333.95,333.95,333.82,333.86,336.6,333.79,,,,,,,,,,,,,,,,,,,,,,,,,,,,,,,,,,,,,,,,,,,,,,,,,,,,234,179.3
1787686800,333.86,333.86,333.83,333.86,336.6,333.79,,,,,,,,,,,,,,,,,,,,,,,,,,,,,,,,,,,,,,,,,,,,,,,,,,,,102,166.65
1787686860,333.68,333.68,333.67,333.68,336.6,333.79,,,,,,,,,,,,,,,,,,,,,,,,,,,,,,,,,,,,,,,,,,,,,,,,,,,,230,177.9
1787686920,333.69,333.91,333.69,333.91,336.6,333.79,,,,,,,,,,,,,,,,,,,,,,,,,,,,,,,,,,,,,,,,,,,,,,,,,,,,217,187.5
1787686980,333.92,333.95,333.92,333.95,336.6,333.79,,,,,,,,,,,,,,,,,,,,,,,,,,,,,,,,,,,,,,,,,,,,,,,,,,,,65,181.9
1787687040,333.97,334.17,333.97,334.17,336.6,333.79,,,,,,,,,,,,,,,,,,,,,,,,,,,,,,,,,,,,,,,,,,,,,,,,,,,,765,216.45
1787687100,334.03,334.17,334.01,334.17,336.6,333.79,,,,,,,,,,,,,,,,,,,,,,,,,,,,,,,,,,,,,,,,,,,,,,,,,,,,72,216.85
1787687160,334.07,334.12,334.02,334.02,336.6,333.79,,,,,,,,,,,,,,,,,,,,,,,,,,,,,,,,,,,,,,,,,,,,,,,,,,,,202,202.65
1787687220,334.18,334.4,334,334,336.6,333.79,,,,,,,,,,,,,,,,,,,,,,,,,,,,,,,,,,,,,,,,,,,,,,,,,,,,1266,265.9
1787687280,333.82,333.82,333.74,333.74,336.6,333.79,,,,,,,,,,,,,,,,,,,,,,,,,,,,,,,,,,,,,,,,,,,,,,,,,,,,43,257.45
1787687340,333.73,333.74,333.55,333.55,336.6,333.79,,,,,,,,,,,,,,,,,,,,,,,,,,,,,,,,,,,,,,,,,,,,,,,,,,,,818,287.1
1787687400,333.45,333.71,333.45,333.7,336.6,333.79,,,,,,,,,,,,,,,,,,,,,,,,,,,,,,,,,,,,,,,,,,,,,,,,,,,,131,275.1
1787687460,333.6,333.72,333.58,333.61,336.6,333.79,,,,,,,,,,,,,,,,,,,,,,,,,,,,,,,,,,,,,,,,,,,,,,,,,,,,207,266.75
1787687520,333.65,333.79,333.65,333.74,336.6,333.79,,,,,,,,,,,,,,,,,,,,,,,,,,,,,,,,,,,,,,,,,,,,,,,,,,,,528,282.7
1787687580,333.66,333.87,333.65,333.87,336.6,333.79,,,,,,,,,,,,,,,,,,,,,,,,,,,,,,,,,,,,,,,,,,,,,,,,,,,,457,304.35
1787687640,333.86,334,333.85,333.94,336.6,333.79,,,,,,,,,,,,,,,,,,,,,,,,,,,,,,,,,,,,,,,,,,,,,,,,,,,,192,307.95
1787687700,333.94,333.94,333.62,333.62,336.6,333.79,,,,,,,,,,,,,,,,,,,,,,,,,,,,,,,,,,,,,,,,,,,,,,,,,,,,913,347.6
1787687760,333.54,333.79,333.51,333.62,336.6,333.79,,,,,,,,,,,,,,,,,,,,,,,,,,,,,,,,,,,,,,,,,,,,,,,,,,,,758,377.15
1787687820,333.75,333.79,333.56,333.56,336.6,333.79,,,,,,,,,,,,,,,,,,,,,,,,,,,,,,,,,,,,,,,,,,,,,,,,,,,,558,388.85
1787687880,333.62,333.71,333.5,333.5,336.6,333.79,,,,,,,,,,,,,,,,,,,,,,,,,,,,,,,,,,,,,,,,,,,,,,,,,,,,2872,531.5
1787687940,333.55,333.87,333.55,333.68,336.6,333.79,,,,,,,,,,,,,,,,,,,,,,,,,,,,,,,,,,,,,,,,,,,,,,,,,,,,3873,713.45