Symbol,DateKey,RC_DateKey,RC_Direction,RC_ProductionSignal,RC_C1_Open,RC_C1_High,RC_C1_Low,RC_C1_Close,RC_C1_VWAP,RC_C1_VWAP_State,RC_C1_RelOpeningVol,RC_C2_Open,RC_C2_High,RC_C2_Low,RC_C2_Close,RC_C2_VWAP,RC_C2_RelOpeningVol,RC_Combined_RelVol,RC_ATR_Selected,RC_DeltaPct,RC_PMH,RC_PML,RC_AH_High,RC_AH_Low,RC_PDH,RC_PDL,RC_StructureBreakCode,RC_MFE_1m,RC_MAE_1m,RC_MFE_3m,RC_MAE_3m,RC_MFE_5m,RC_MAE_5m,RC_MFE_10m,RC_MAE_10m,RC_Final_MFE,RC_Final_MAE,RC_Outcome_050v050,RC_Outcome_100v050,RC_MinutesTo_025,RC_MinutesTo_050,RC_MinutesTo_100,RC_MinutesTo_Adverse050,RC_EventTimestamp,RC_C1_Volume,RC_C1_TR,RC_C2_Volume,RC_C2_TR,RC_ATR_PreviousDaily,RC_ATR_PreviousDay1M,RC_ATR_Previous5Days1M,RC_ATR_FirstTwoCandles,RC_VWAP_Distance,RC_PM_Volume,RC_AH_Volume,RC_PreviousRTHClose,RC_MFE_2m,RC_MAE_2m,HTF_Stock_D1_Open,HTF_Stock_D1_High,HTF_Stock_D1_Low,HTF_Stock_D1_Close,HTF_Stock_D2_Open,HTF_Stock_D2_High,HTF_Stock_D2_Low,HTF_Stock_D2_Close,HTF_Stock_W1_Open,HTF_Stock_W1_High,HTF_Stock_W1_Low,HTF_Stock_W1_Close,HTF_Stock_W2_Open,HTF_Stock_W2_High,HTF_Stock_W2_Low,HTF_Stock_W2_Close,HTF_SPX_D1_Open,HTF_SPX_D1_High,HTF_SPX_D1_Low,HTF_SPX_D1_Close,HTF_SPX_D2_Open,HTF_SPX_D2_High,HTF_SPX_D2_Low,HTF_SPX_D2_Close,HTF_SPX_W1_Open,HTF_SPX_W1_High,HTF_SPX_W1_Low,HTF_SPX_W1_Close,HTF_SPX_W2_Open,HTF_SPX_W2_High,HTF_SPX_W2_Low,HTF_SPX_W2_Close,HTF_NASDAQ_D1_Open,HTF_NASDAQ_D1_High,HTF_NASDAQ_D1_Low,HTF_NASDAQ_D1_Close,HTF_NASDAQ_D2_Open,HTF_NASDAQ_D2_High,HTF_NASDAQ_D2_Low,HTF_NASDAQ_D2_Close,HTF_NASDAQ_W1_Open,HTF_NASDAQ_W1_High,HTF_NASDAQ_W1_Low,HTF_NASDAQ_W1_Close,HTF_NASDAQ_W2_Open,HTF_NASDAQ_W2_High,HTF_NASDAQ_W2_Low,HTF_NASDAQ_W2_Close,HTF_DJIA_D1_Open,HTF_DJIA_D1_High,HTF_DJIA_D1_Low,HTF_DJIA_D1_Close,HTF_DJIA_D2_Open,HTF_DJIA_D2_High,HTF_DJIA_D2_Low,HTF_DJIA_D2_Close,HTF_DJIA_W1_Open,HTF_DJIA_W1_High,HTF_DJIA_W1_Low,HTF_DJIA_W1_Close,HTF_DJIA_W2_Open,HTF_DJIA_W2_High,HTF_DJIA_W2_Low,HTF_DJIA_W2_Close,GapPct,C1TR_ATR,C2TR_ATR,PMRangePct,Stock_D_Dir,Stock_D_Struct,Stock_W_Dir,Stock_W_Struct,SPX_D_Dir,SPX_D_Struct,SPX_W_Dir,SPX_W_Struct,NASDAQ_D_Dir,NASDAQ_D_Struct,NASDAQ_W_Dir,NASDAQ_W_Struct,DJIA_D_Dir,DJIA_D_Struct,DJIA_W_Dir,DJIA_W_Struct
ABNB,20260608,20260608.0,1.0,1.0,133.69,134.17,133.56,134.17,133.96666666666667,3.0,1.1876401887230257,134.18,134.44,134.18,134.44,134.0966421674593,1.2789932554696497,1.2168560606060606,0.1371805957279318,60.76503174401976,,,,,135.85,132.65,0.0,0.0,0.5281166319547813,0.0,0.6917584052365419,0.2157096102350431,0.8182088664088026,0.2677774471883469,0.8182088664088026,1.4355846474263665,0.8182088664088026,2.0,2.0,7.0,30.0,66.0,1.0,1780925460000.0,3071.0,0.6099999999999852,1555.0,0.2700000000000102,4.455757569011387,0.143909090909091,0.1371805957279318,0.4399999999999977,0.0833578325407131,0.0,0.0,133.54,0.0,0.5504314192204768,134.02,135.93,132.635,133.54,136.01,137.235,133.19,133.72,133.31,138.04,131.84,133.54,132.37,136.08,129.6956,133.31,7537.36,7541.81,7368.63,7383.73,7516.54,7598.19,7516.54,7584.32,7582.29,7620.9,7368.63,7383.73,7511.79,7599.38,7499.72,7580.05,26536.5927,26572.2483,25648.4693,25709.432,26579.2971,26923.7016,26554.2391,26830.9575,26952.5792,27190.2067,25648.4693,25709.432,26590.5045,27094.8025,26520.298,26972.62,51610.02,51660.4,50781.45,50866.79,50986.1,51657.89,50986.1,51561.94,51161.1,51660.4,50687.07,50866.79,50686.15,51094.18,50314.34,51032.47,0.11232589486296668,4.44669303820337,1.9682083939589905,,-1,-1,1,1,-1,-1,-1,0,-1,-1,-1,0,-1,0,-1,1
ABNB,20260610,20260610.0,-1.0,1.0,130.245,130.41,129.0,129.5,129.63666666666666,-3.0,2.84582756232687,129.0,129.0,128.36,128.62,129.262965571205,2.6693305384514607,2.7756059421422985,0.1395039041169973,188.5005103401697,,,,,136.4,130.615,0.0,0.1477219716995783,0.1788213341626417,0.1477219716995783,0.7075104960348286,0.1477219716995783,1.290623542217382,0.1477219716995783,2.480174156429791,0.1477219716995783,2.822267143523554,2.0,2.0,,,,3.0,1781098260000.0,6575.0,1.4099999999999966,4075.0,1.1399999999999864,4.461495046749613,0.1530129870129881,0.1395039041169973,1.2749999999999917,0.2629655712050009,0.0,0.0,131.35,0.1477219716995783,0.1788213341626417,134.58,136.41,130.615,131.35,133.69,136.4,133.3,134.43,133.31,138.04,131.84,133.54,132.37,136.08,129.6956,133.31,7438.66,7483.15,7237.85,7386.66,7440.57,7466.81,7395.13,7405.72,7582.29,7620.9,7368.63,7383.73,7511.79,7599.38,7499.72,7580.05,26110.3128,26259.9222,24980.3763,25678.8219,26065.071,26179.6534,25872.6814,25929.6626,26952.5792,27190.2067,25648.4693,25709.432,26590.5045,27094.8025,26520.298,26972.62,50814.42,51260.92,50211.12,50872.12,50997.23,51277.15,50732.35,50786.02,51161.1,51660.4,50687.07,50866.79,50686.15,51094.18,50314.34,51032.47,-0.8412637990102702,10.107244015317852,8.17181431025691,,-1,0,1,1,-1,0,-1,0,-1,0,-1,0,1,-1,-1,1
ABNB,20260630,20260630.0,-1.0,1.0,147.19,147.265,146.5,146.52,146.76166666666666,-3.0,0.5554444888711183,146.32,146.33,145.7,145.7,146.534605514005,0.4872949501447411,0.5354787033546928,0.1598880023543645,127.96802198548228,,,,,150.19,145.65,0.0,0.0,0.0343170899107833,,,0.1853122855181756,0.3843514070006879,0.2676733013040401,0.7000686341798287,2.292381606039791,1.4481811942347382,2.0,2.0,6.0,129.0,274.0,10.0,1782826260000.0,1667.0,0.7649999999999864,606.0,0.8200000000000216,4.625363830564842,0.1582891246684356,0.1598880023543645,0.792500000000004,0.2046055140049816,0.0,0.0,147.17,0.0,0.3843514070006879,146.15,150.19,145.7075,147.17,142.35,147.58,141.75,145.56,140.98,147.58,137.91,145.56,134.42,143.8,134.3039,142.41,7391.88,7444.32,7348.88,7440.43,7312.74,7392.95,7294.18,7354.03,7500.44,7530.01,7294.18,7354.03,7516.75,7577.92,7402.61,7500.57,25502.0883,25834.3545,25289.7642,25820.1438,25105.4142,25491.3747,25014.9599,25297.6177,26483.3098,26561.1184,25014.9599,25297.6177,26447.2301,26788.6179,25960.4094,26517.9314,51995.14,52311.63,51949.54,52182.74,51803.77,52130.07,51614.74,51614.74,51555.19,52655.66,51301.77,51614.74,51364.55,52281.19,51364.55,51564.71,0.013589726167024689,4.7845991489999,5.1285899374903146,,1,1,1,1,1,1,-1,-1,1,1,-1,-1,1,1,1,0
ABNB,20260708,20260708.0,-1.0,1.0,146.8,147.15,146.15,146.58,146.6266666666667,-3.0,0.368172828236726,146.0,146.0,145.7,145.995,146.1588753387534,1.0878818227341012,0.6402006245859752,0.1370190090006922,115.95131209320124,,,,,150.0,148.075,0.0,0.3116545087160605,0.0513716223158249,0.934963526148162,0.0513716223158249,1.3664851536011535,0.0513716223158249,1.4212815507380503,0.0513716223158249,3.270659954108021,0.0513716223158249,1.0,1.0,1.0,3.0,4.0,,1783517460000.0,484.0,1.6299999999999957,869.0,0.8800000000000239,4.364516278079656,0.1163739612188365,0.1370190090006922,1.2550000000000097,0.1588753387534041,0.0,0.0,148.8,,,149.45,150.02,148.075,148.8,149.12,149.8,147.23,147.65,146.15,150.19,142.37,148.93,140.98,147.58,137.91,145.56,7516.63,7536.06,7478.63,7503.85,7506.96,7551.31,7500.97,7537.43,7391.88,7540.75,7348.88,7483.24,7500.44,7530.01,7294.18,7354.03,25960.1305,26010.0235,25684.1502,25818.6902,25999.608,26209.7625,25963.4399,26121.16,25502.0883,26261.0906,25289.7642,25832.6716,26483.3098,26561.1184,25014.9599,25297.6177,53104.06,53289.3,52774.17,52925.15,52828.45,53060.1,52648.69,53055.91,51995.14,52903.85,51949.54,52900.07,51555.19,52655.66,51301.77,51614.74,-1.3440860215053763,11.896159605064442,6.422466535249706,,-1,1,1,1,-1,-1,1,1,-1,-1,1,0,-1,1,1,1
ABNB,20260713,20260713.0,1.0,1.0,148.99,149.74,148.92,149.6,149.42,3.0,2.251000706380975,149.8,149.96,149.8,149.87,149.54302254489872,0.9271436086270384,1.62566778481799,0.1281962821092808,200.4562463693232,,,,,149.31,146.98,0.0,0.0,0.947487822779753,0.0,0.947487822779753,0.0,1.201040902115174,0.0,1.8415960499099155,0.0,4.076866617735379,2.0,2.0,,,,1.0,1783949460000.0,1912.0,0.8200000000000216,705.0,0.3600000000000136,4.531516859672381,0.114291666666667,0.1281962821092808,0.5900000000000176,0.2569774551012926,0.0,0.0,148.62,0.0,0.947487822779753,147.02,149.3,147.02,148.62,141.26,147.27,141.25,146.89,149.12,150.02,141.24,148.62,146.15,150.19,142.37,148.93,7547.64,7579.93,7508.16,7575.39,7491.6,7546.89,7481.73,7543.64,7506.96,7579.93,7421.82,7575.39,7391.88,7540.75,7348.88,7483.24,26175.5355,26301.5382,26009.4919,26281.6069,25918.3107,26215.8248,25825.8465,26206.8902,25999.608,26301.5382,25526.465,26281.6069,25502.0883,26261.0906,25289.7642,25832.6716,52622.92,52709.75,52266.81,52637.01,52249.44,52574.89,52249.44,52487.41,52828.45,53289.3,52069.87,52637.01,51995.14,52903.85,51949.54,52900.07,0.24895707172655399,6.396441351559738,2.8081937640994292,,1,1,-1,-1,1,1,1,1,1,1,1,1,1,1,-1,1
ABNB,20260714,20260714.0,1.0,1.0,145.73,146.01,145.035,146.01,145.68499999999997,3.0,0.4123994147768837,146.01,146.5,146.01,146.37,145.9595640713706,0.5178671133445003,0.4541436464088397,0.1328749574419951,37.95743727812711,,,,,149.96,143.76,0.0,0.0,0.2664480426316969,0.0,0.7241921158707401,0.0,0.7241921158707401,0.423584067773454,0.7241921158707401,0.7720161235225766,1.4688802350208414,2.0,2.0,10.0,11.0,,2.0,1784035860000.0,451.0,1.0199999999999818,371.0,0.4900000000000091,4.648551369695783,0.1466155988857932,0.1328749574419951,0.7549999999999955,0.0504359286293834,0.0,0.0,146.33,0.0,0.6900321104051315,148.89,149.96,143.79,146.33,147.02,149.3,147.02,148.62,149.12,150.02,141.24,148.62,146.15,150.19,142.37,148.93,7547.53,7565.37,7506.41,7515.34,7547.64,7579.93,7508.16,7575.39,7506.96,7579.93,7421.82,7575.39,7391.88,7540.75,7348.88,7483.24,26088.3133,26139.3683,25822.0948,25873.1764,26175.5355,26301.5382,26009.4919,26281.6069,25999.608,26301.5382,25526.465,26281.6069,25502.0883,26261.0906,25289.7642,25832.6716,52676.53,52846.51,52351.12,52498.64,52622.92,52709.75,52266.81,52637.01,52828.45,53289.3,52069.87,52637.01,51995.14,52903.85,51949.54,52900.07,-0.41003211918268484,7.676390040954482,3.687677568693954,,-1,0,-1,-1,-1,-1,1,1,-1,-1,1,1,-1,1,-1,1
ABNB,20260715,20260715.0,1.0,1.0,146.55,148.42,146.55,148.35,147.77333333333334,3.0,4.152028439983271,148.9,149.06,148.69,148.92,148.10862848751836,3.818915284625728,4.04605732211607,0.1393653825895322,417.1563279770347,,,,,147.5,144.22,0.0,0.6580714477571973,0.0,0.7453666398066168,0.0,0.7453666398066168,0.0268600590921246,0.7453666398066168,0.3626107977437497,1.228847703464956,0.859521890948161,1.0,2.0,1.0,1.0,179.0,12.0,1784122260000.0,3971.0,1.869999999999976,1704.0,0.710000000000008,4.5550834147175125,0.148826086956522,0.1393653825895322,1.289999999999992,0.5813715124816383,0.0,0.0,146.54,0.7453666398066168,0.0,145.17,147.51,144.17,146.54,148.89,149.96,143.79,146.33,149.12,150.02,141.24,148.62,146.15,150.19,142.37,148.93,7536.7,7557.44,7513.23,7543.59,7547.53,7565.37,7506.41,7515.34,7506.96,7579.93,7421.82,7575.39,7391.88,7540.75,7348.88,7483.24,26015.4921,26168.8046,25912.4015,26107.0078,26088.3133,26139.3683,25822.0948,25873.1764,25999.608,26301.5382,25526.465,26281.6069,25502.0883,26261.0906,25289.7642,25832.6716,52046.36,52695.06,52046.36,52508.27,52676.53,52846.51,52351.12,52498.64,52828.45,53289.3,52069.87,52637.01,51995.14,52903.85,51949.54,52900.07,0.0068240753378049175,13.417966249966241,5.0945219451744705,,1,0,-1,-1,1,0,1,1,1,1,1,1,1,-1,-1,1
ABNB,20260717,20260717.0,1.0,1.0,146.49,147.15,146.13,146.95,146.7433333333333,3.0,0.2733384767992946,147.32,147.58,147.32,147.58,146.92798378926037,0.1281645569620253,0.2137335152341973,0.1357819546187128,288.71009541764295,,,,,150.88,147.12,0.0,0.0,0.8131183087139294,0.0,1.172245561729244,0.0,1.172245561729244,0.0,1.172245561729244,0.0,1.6736685187694802,2.0,2.0,,,,1.0,1784295060000.0,496.0,1.420000000000016,162.0,0.6300000000000239,4.475403556567651,0.1269512195121956,0.1357819546187128,1.02500000000002,0.3920162107396265,0.0,0.0,147.8,0.0,0.8131183087139294,149.705,150.88,147.12,147.8,147.18,150.75,147.09,148.38,149.12,150.02,141.24,148.62,146.15,150.19,142.37,148.93,7558.8,7570.74,7504.02,7533.77,7571.72,7581.5,7526.95,7572.4,7506.96,7579.93,7421.82,7575.39,7391.88,7540.75,7348.88,7483.24,26155.405,26165.3727,25765.453,25881.9463,26261.1834,26316.8139,26041.1279,26269.2272,25999.608,26301.5382,25526.465,26281.6069,25502.0883,26261.0906,25289.7642,25832.6716,52924.86,52924.86,52367.42,52552.97,52604.2,52823.95,52428.54,52658.64,52828.45,53289.3,52069.87,52637.01,51995.14,52903.85,51949.54,52900.07,-0.8863328822733438,10.457943428399567,4.639791802740777,,-1,1,-1,-1,-1,-1,1,1,-1,-1,1,1,-1,0,-1,1
ABNB,20260723,20260723.0,-1.0,1.0,138.21,138.25,137.08,137.15,137.49333333333334,-3.0,2.1920088790233074,137.43,137.48,137.34,137.39,137.48137943651665,0.2053632043448744,0.959351305812974,0.1250762749669084,1.1028762385372164,,,,,144.37,139.69,0.0,0.0218356503384327,0.029114200451285,0.1455710022563422,0.1819637528204382,0.5458912584613146,0.1819637528204382,0.5458912584613146,0.1819637528204382,1.2009607686148756,0.4367130067690682,1.0,1.0,5.0,5.0,78.0,,1784813460000.0,1580.0,1.1699999999999875,242.0,0.3299999999999841,4.150104929694104,0.1170144927536224,0.1250762749669084,0.7499999999999858,0.0013794365166575,0.0,0.0,140.05,0.1455710022563422,0.0873426013538136,144.1,144.47,139.69,140.05,144.78,145.62,143.01,144.1,148.89,150.88,143.79,145.98,149.12,150.02,141.24,148.62,7497.47,7525.94,7485.85,7498.96,7489.95,7515.31,7467.86,7509.2,7547.53,7581.5,7431.26,7457.69,7506.96,7579.93,7421.82,7575.39,25693.7191,25841.3066,25681.3249,25690.9029,25772.5487,25880.343,25672.8278,25837.2065,26088.3133,26316.8139,25250.628,25520.2437,25999.608,26301.5382,25526.465,26281.6069,52287.14,52511.21,52148.87,52218.58,51916.79,52370.65,51890.1,52224.64,52676.53,52924.86,51986.74,52146.42,52828.45,53289.3,52069.87,52637.01,-1.313816494109249,9.354292013489657,2.638390055086727,,-1,-1,-1,1,1,1,-1,1,-1,0,-1,0,-1,1,-1,-1
ABNB,20260728,20260728.0,1.0,1.0,148.24,149.56,148.24,149.17,148.99,3.0,9.820455274126322,149.33,149.6,149.28,149.4,149.02752909579232,0.5755395683453237,4.125323156469285,0.1171283413750164,215.55065259511625,,,,,147.03,143.46,0.0,0.2945113788487267,0.0,0.2945113788487267,0.4082998661312005,0.2945113788487267,0.4082998661312005,0.2945113788487267,0.4082998661312005,2.5267737617135246,0.4484605087014832,1.0,1.0,1.0,25.0,55.0,,1785245460000.0,6126.0,1.3199999999999932,576.0,0.4300000000000068,4.353312875560477,0.1173157894736836,0.1171283413750164,0.875,0.2524709042076836,0.0,0.0,146.86,0.2945113788487267,0.0535475234270498,143.5,147.03,143.0,146.86,138.24,142.7,138.16,141.1,146.8,146.8,135.72,141.1,148.89,150.88,143.79,145.98,7464.2,7480.57,7382.74,7413.18,7406.3,7460.98,7396.53,7411.98,7489.18,7525.94,7376.0,7411.98,7547.53,7581.5,7431.26,7457.69,25236.1852,25261.9122,24774.8672,24932.0815,25107.3837,25222.1378,24918.093,24975.8238,25720.8706,25880.343,24918.093,24975.8238,26088.3133,26316.8139,25250.628,25520.2437,52173.42,52607.78,51985.38,52210.08,51791.37,52118.19,51682.36,51947.25,52154.57,52511.21,51542.06,51947.25,52676.53,52924.86,51986.74,52146.42,0.9396704344273427,11.269689167489146,3.671186622742754,,1,1,-1,-1,-1,0,-1,-1,-1,0,-1,-1,1,1,-1,-1
ABNB,20260820,20260820.0,1.0,1.0,184.0,186.05,183.65,185.48,185.06000000000003,3.0,18.007405924739793,185.4,186.5,185.4,186.5,185.26131966707308,3.1134762404437115,9.491300248564327,0.1444630868260708,95.99707162141084,,,,,189.2,183.87,0.0,0.0,0.6166219839142122,0.0,1.09919571045577,0.0,1.09919571045577,0.0,1.3083109919571032,0.1662198391420923,1.3083109919571032,2.0,2.0,,,,1.0,1787232660000.0,17993.0,2.4000000000000057,4154.0,1.0999999999999943,6.039257834717682,0.1557671957671954,0.1444630868260708,1.75,0.1386803329269241,0.0,0.0,186.39,0.0,1.0723860589812333,185.0,189.2,183.58,186.39,180.49,186.1,180.08,183.25,178.69,187.12,177.43,184.06,153.34,178.48,148.65,178.07,7716.74,7743.93,7700.07,7707.98,7700.04,7713.95,7688.63,7691.76,7751.74,7816.7,7717.25,7785.76,7504.78,7793.68,7504.78,7757.64,26393.8889,26456.7762,26185.1286,26331.0902,26346.8798,26422.5021,26266.6763,26289.7111,26680.444,26875.5203,26372.3071,26729.1644,25452.6626,26738.9959,25420.3517,26690.615,53463.47,53710.06,53399.53,53463.05,53354.43,53478.76,53256.34,53343.4,54072.66,54222.85,53622.46,53732.41,52759.06,54744.33,52759.06,54036.93,-1.282257631847195,16.613240466677368,7.614401880560402,,1,1,1,1,-1,1,1,1,-1,0,1,1,-1,1,-1,0
AMGN,20260605,20260605.0,1.0,1.0,349.09,350.0,347.52,349.8,349.1066666666666,3.0,0.9558427571351642,350.37,351.0,350.0,350.69,349.52075940860215,1.2375658279695727,1.021978021978022,0.2561980724249811,187.05862493878968,,,,,349.17,342.285,0.0,0.1568336707633555,0.1311699791838887,0.4106190652713216,0.1311699791838887,0.4106190652713216,0.1311699791838887,0.6587014172060801,0.1311699791838887,1.6709914739513567,0.3450340756793691,1.0,1.0,2.0,9.0,55.0,,1780666260000.0,1065.0,2.480000000000018,423.0,1.1999999999999886,7.932393872601873,0.3055173333333343,0.2561980724249811,1.8400000000000036,0.4792405913978541,0.0,0.0,345.6,0.3735492885454396,0.1311699791838887,345.87,349.18,342.25,345.6,327.98,338.7,325.98,338.22,340.56,342.494,333.06,336.79,325.545,343.8,320.965,339.3,7516.54,7598.19,7516.54,7584.32,7605.31,7605.35,7551.22,7553.67,7511.79,7599.38,7499.72,7580.05,7415.07,7506.32,7333.68,7473.48,26579.2971,26923.7016,26554.2391,26830.9575,27092.8445,27130.8758,26769.1555,26853.9756,26590.5045,27094.8025,26520.298,26972.62,26289.4902,26504.5505,25701.4391,26343.9704,50986.1,51657.89,50986.1,51561.94,51220.92,51220.92,50687.07,50687.08,50686.15,51094.18,50314.34,51032.47,49481.04,50830.24,49235.74,50579.71,1.009837962962949,9.680010378400492,4.683875989548547,,-1,1,-1,0,1,-1,1,1,1,-1,1,1,1,1,1,1
AMGN,20260608,20260608.0,1.0,1.0,349.34,350.515,347.995,350.27,349.5933333333333,3.0,2.0489485774871885,350.27,351.14,350.19,350.94,349.7481545171339,0.9856035437430788,1.791694574681849,0.2859129276997986,154.538476598726,,,,,356.55,347.52,0.0,0.3960791018407666,0.0598392887673048,0.3960791018407666,0.1538724568302332,0.3960791018407666,0.6154898273209167,0.3960791018407666,0.7665127942098358,0.3960791018407666,1.9063087707300388,2.0,2.0,1.0,,,4.0,1780925460000.0,2319.0,2.519999999999982,356.0,0.9499999999999886,8.144365738844595,0.3649431524547799,0.2859129276997986,1.7349999999999852,0.4418454828660856,0.0,0.0,349.58,0.3960791018407666,0.1510229668889191,348.76,356.5,347.66,349.58,345.87,349.18,342.25,345.6,333.38,356.5,322.3,349.58,340.56,342.494,333.06,336.79,7537.36,7541.81,7368.63,7383.73,7516.54,7598.19,7516.54,7584.32,7582.29,7620.9,7368.63,7383.73,7511.79,7599.38,7499.72,7580.05,26536.5927,26572.2483,25648.4693,25709.432,26579.2971,26923.7016,26554.2391,26830.9575,26952.5792,27190.2067,25648.4693,25709.432,26590.5045,27094.8025,26520.298,26972.62,51610.02,51660.4,50781.45,50866.79,50986.1,51657.89,50986.1,51561.94,51161.1,51660.4,50687.07,50866.79,50686.15,51094.18,50314.34,51032.47,-0.06865381314720782,8.813872182253748,3.3226899099765954,,1,1,1,0,-1,-1,-1,0,-1,-1,-1,0,-1,0,-1,1
AMGN,20260612,20260612.0,-1.0,1.0,357.99,357.99,356.54,356.54,357.0233333333333,-3.0,0.5232177894048398,356.44,356.44,355.22,355.42,356.9145671927307,0.090504922197523,0.3761467889908257,0.325815868181425,145.6550276018056,,,,,358.48,341.525,0.0,0.5627145349164369,0.0562714534916404,0.5627145349164369,0.0618985988407997,0.5627145349164369,0.0618985988407997,0.8103089302796678,0.0618985988407997,0.9172246919137894,0.3404422936244385,1.0,0.0,1.0,1.0,,,1781271060000.0,640.0,1.6399999999999864,57.0,1.3199999999999932,9.157862434067583,0.3506005154639153,0.325815868181425,1.4799999999999898,0.4745671927307171,0.0,0.0,354.06,0.5627145349164369,0.0562714534916404,342.91,358.46,341.455,354.06,346.86,348.59,337.49,337.73,333.38,356.5,322.3,349.58,340.56,342.494,333.06,336.79,7287.67,7412.68,7257.33,7394.31,7350.54,7396.56,7265.93,7267.0,7582.29,7620.9,7368.63,7383.73,7511.79,7599.38,7499.72,7580.05,25309.7783,25846.564,25109.3944,25809.6595,25512.0694,25725.9963,25145.3018,25169.5012,26952.5792,27190.2067,25648.4693,25709.432,26590.5045,27094.8025,26520.298,26972.62,49972.07,50968.95,49972.07,50848.76,50760.12,50769.26,49909.07,49918.79,51161.1,51660.4,50687.07,50866.79,50686.15,51094.18,50314.34,51032.47,1.1099813590916814,5.0335178858961545,4.051368054501795,,1,1,1,0,1,0,-1,0,1,0,-1,0,1,1,-1,1
AMGN,20260706,20260706.0,-1.0,1.0,373.99,373.99,372.5,372.94,373.1433333333334,-3.0,0.8811517255462529,372.49,372.81,371.32,371.32,372.9719778002018,0.7272727272727273,0.8577116150250995,0.2893917775604847,55.97180457830557,,,,,375.14,363.31,0.0,0.333943768178393,0.0,0.5736292146935246,0.0,0.9668210707745274,0.0,1.5808467090380276,0.0,3.0566627167941305,0.0,1.0,1.0,1.0,2.0,6.0,,1783344660000.0,863.0,1.490000000000009,128.0,1.6200000000000043,8.534025292808467,0.2983989501312352,0.2893917775604847,1.5550000000000068,0.1619778002018392,0.0,0.0,374.15,0.5332327911235641,0.0,364.74,375.15,363.39,374.15,362.63,364.0,357.89,361.33,361.95,375.15,356.87,374.15,337.65,362.27,337.6,358.33,7495.14,7540.75,7427.55,7483.24,7478.84,7521.81,7449.63,7483.23,7391.88,7540.75,7348.88,7483.24,7500.44,7530.01,7294.18,7354.03,26047.3823,26261.0906,25630.5065,25832.6716,26039.5074,26238.0595,25954.4558,26040.0314,25502.0883,26261.0906,25289.7642,25832.6716,26483.3098,26561.1184,25014.9599,25297.6177,52395.22,52903.85,52395.22,52900.07,52231.18,52742.66,52026.64,52305.24,51995.14,52903.85,51949.54,52900.07,51555.19,52655.66,51301.77,51614.74,-0.042763597487630145,5.148729561566724,5.597947577005412,,1,1,1,1,-1,0,1,1,-1,0,1,0,1,1,1,1
AMGN,20260720,20260720.0,1.0,1.0,368.87,369.0,366.56,369.0,368.18666666666667,3.0,0.2186020607073238,369.72,370.0,369.72,369.805,368.7635131396957,0.2356902356902357,0.2242694956262795,0.2915489204214977,328.07079474741766,,,,,378.58,361.8,0.0,0.0784197076837848,0.1906410135071143,0.0784197076837848,0.7341707115912527,0.0784197076837848,0.7341707115912527,0.0784197076837848,0.7341707115912527,0.0784197076837848,1.648165925284955,2.0,2.0,,,,2.0,1784554260000.0,157.0,2.4399999999999977,84.0,1.0,9.111163164904482,0.3382671957671952,0.2915489204214977,1.7199999999999989,0.9564868603043236,0.0,0.0,366.29,0.0784197076837848,0.6665675153121325,373.97,378.54,361.72,366.29,358.245,372.14,357.74,371.58,363.04,378.54,353.95,366.29,371.7,375.25,359.4695,363.39,7447.52,7498.47,7431.26,7457.69,7558.8,7570.74,7504.02,7533.77,7547.53,7581.5,7431.26,7457.69,7506.96,7579.93,7421.82,7575.39,25412.259,25703.0087,25250.628,25520.2437,26155.405,26165.3727,25765.453,25881.9463,26088.3133,26316.8139,25250.628,25520.2437,25999.608,26301.5382,25526.465,26281.6069,52426.46,52610.97,51986.74,52146.42,52924.86,52924.86,52367.42,52552.97,52676.53,52924.86,51986.74,52146.42,52828.45,53289.3,52069.87,52637.01,0.7043599333861105,8.369092900335367,3.429956106694826,,-1,1,1,0,1,-1,-1,1,1,-1,-1,0,-1,-1,-1,-1
AMGN,20260721,20260721.0,-1.0,1.0,365.085,365.98,364.7,364.7,365.1266666666667,-3.0,2.061202954625396,364.9,364.9,364.17,364.17,364.97292280232045,1.0704787234042552,1.718426501035197,0.2887181828443431,25.25743325275492,,,,,370.095,363.71,0.0,0.0,0.2334074745311162,0.0109838811544115,0.2334074745311162,0.2279155339539338,0.2334074745311162,,,0.5217343548342901,1.2411785704478626,1.0,2.0,6.0,12.0,,16.0,1784640660000.0,1172.0,1.8100000000000025,322.0,0.7299999999999613,8.93458008169702,0.2540232558139562,0.2887181828443431,1.2699999999999818,0.0729228023204768,0.0,0.0,364.17,0.0109838811544115,0.2334074745311162,367.95,370.29,363.651,364.17,373.97,378.54,361.72,366.29,363.04,378.54,353.95,366.29,371.7,375.25,359.4695,363.39,7489.18,7513.23,7440.53,7443.28,7447.52,7498.47,7431.26,7457.69,7547.53,7581.5,7431.26,7457.69,7506.96,7579.93,7421.82,7575.39,25720.8706,25815.5997,25501.096,25508.0723,25412.259,25703.0087,25250.628,25520.2437,26088.3133,26316.8139,25250.628,25520.2437,25999.608,26301.5382,25526.465,26281.6069,52154.57,52411.9,51781.9,51839.26,52426.46,52610.97,51986.74,52146.42,52676.53,52924.86,51986.74,52146.42,52828.45,53289.3,52069.87,52637.01,0.25125628140702516,6.269089054830432,2.528417132611031,,-1,0,1,0,-1,1,-1,1,-1,1,-1,0,-1,-1,-1,-1
AMGN,20260814,20260814.0,-1.0,1.0,415.385,415.385,413.45,413.45,414.095,-3.0,0.923108552631579,413.06,413.06,412.0,412.01,413.6575194444444,0.0918268061298954,0.2815843814529754,0.2705022100553945,220.89262942511223,,,,,420.08,415.76,0.0,0.1019392733186126,0.0121356277760276,,,0.3033906944006213,0.3009635688454186,0.3033906944006213,0.3495060799495152,0.3713502099463539,0.7912429309968183,2.0,2.0,5.0,,,49.0,1786714260000.0,449.0,2.5049999999999955,151.0,1.4499999999999886,10.965944498138558,0.2318660968660992,0.2705022100553945,1.977499999999992,0.5975194444444014,0.0,0.0,417.84,0.1019392733186126,0.3009635688454186,419.92,420.26,415.78,417.84,413.31,418.1927,409.0001,416.18,388.5,418.4,375.96,410.945,378.55,398.0,374.395,385.16,7763.18,7816.7,7763.18,7798.99,7765.46,7766.01,7737.95,7748.5,7504.78,7793.68,7504.78,7757.64,7464.2,7512.04,7313.92,7489.72,26631.3413,26875.5203,26612.8493,26803.025,26680.4689,26688.2403,26531.9256,26588.4881,25452.6626,26738.9959,25420.3517,26690.615,25236.1852,25460.8631,24425.3389,25373.8534,53828.55,54049.14,53622.46,53839.99,53797.47,53969.36,53731.96,53770.27,52759.06,54744.33,52759.06,54036.93,52173.42,52901.87,51551.18,52485.03,-0.5875454719509823,9.260552804677683,5.360399827058907,,-1,1,1,1,1,1,1,1,1,1,1,1,1,0,1,1
ANET,20260609,20260609.0,-1.0,1.0,159.0,159.0,156.66,157.0,157.5533333333333,-3.0,0.2981507248978859,156.69,156.69,155.8,156.04,157.0679442820013,0.2575558007902887,0.2824539911079299,0.2695288009640491,140.2240801908611,,,,,159.2,153.435,0.0,0.0,0.5831837990258887,0.4421943091514981,0.8587541655985668,0.6024096385542155,0.8587541655985668,0.7241732889002791,0.8587541655985668,6.8219687259676896,1.8905408869520743,2.0,2.0,3.0,4.0,46.0,1.0,1781011860000.0,2657.0,2.3400000000000034,1447.0,1.1999999999999886,8.340365214000931,0.2344516971279376,0.2695288009640491,1.769999999999996,0.3779442820012946,0.0,0.0,156.4,0.0,0.8587541655985668,157.95,159.23,153.2525,156.4,159.46,161.1932,152.19,154.27,162.14,177.48,152.19,154.27,157.505,161.4999,150.66,159.47,7440.57,7466.81,7395.13,7405.72,7537.36,7541.81,7368.63,7383.73,7582.29,7620.9,7368.63,7383.73,7511.79,7599.38,7499.72,7580.05,26065.071,26179.6534,25872.6814,25929.6626,26536.5927,26572.2483,25648.4693,25709.432,26952.5792,27190.2067,25648.4693,25709.432,26590.5045,27094.8025,26520.298,26972.62,50997.23,51277.15,50732.35,50786.02,51610.02,51660.4,50781.45,50866.79,51161.1,51660.4,50687.07,50866.79,50686.15,51094.18,50314.34,51032.47,1.6624040920716077,8.68181801584953,4.4522143671022745,,-1,0,-1,1,-1,0,-1,0,-1,0,-1,0,-1,-1,-1,1
ANET,20260623,20260623.0,-1.0,1.0,165.37,166.0,162.18,162.45,163.54333333333332,-3.0,2.5997734612233097,162.66,162.66,161.58,161.88,162.9933926121889,6.685827871494574,3.3483592842660577,0.2678479362947127,124.47085342560588,,,,,175.17,166.7,0.0,0.2347417840375558,0.3768223375339842,0.4200642451198461,0.5065480602915698,1.1489992587101463,0.5065480602915698,1.5567086730911674,0.5065480602915698,1.5567086730911674,1.7976278724981447,2.0,2.0,2.0,5.0,5.0,3.0,1782221460000.0,21575.0,3.819999999999993,12445.0,1.079999999999984,7.9279589695989054,0.2936923076923085,0.2678479362947127,2.4499999999999886,0.3333926121889021,0.0,0.0,174.56,0.4200642451198461,0.3768223375339842,170.11,175.2,166.6601,174.56,171.2,172.0,167.585,169.67,165.96,172.0,163.51,169.67,157.95,165.25,145.32,163.24,7500.44,7530.01,7460.01,7472.78,7487.36,7511.07,7468.32,7500.57,7516.75,7577.92,7402.61,7500.57,7440.57,7483.15,7237.85,7431.45,26483.3098,26561.1184,26125.4788,26166.6018,26410.6233,26559.7431,26188.6879,26517.9314,26447.2301,26788.6179,25960.4094,26517.9314,26065.071,26259.9222,24980.3763,25888.844,51555.19,51887.85,51555.19,51712.72,51571.85,51949.26,51554.53,51564.71,51364.55,52281.19,51364.55,51564.71,50997.23,51409.7,49909.07,51202.27,-5.264665444546286,14.261823528843069,4.032138589306365,,1,0,1,1,-1,0,-1,1,-1,0,1,1,1,0,1,1
ANET,20260629,20260629.0,-1.0,1.0,158.68,159.48,157.73,158.31,158.50666666666666,-3.0,0.7021798013672127,157.88,157.93,156.75,156.75,158.2288952269514,0.1403356772984626,0.3867256436942848,0.2971498961314892,100.5873570351645,,,,,161.07,154.75,0.0,0.1467304625199297,0.3604465709728853,0.1467304625199297,0.8229665071770285,0.1467304625199297,1.1419457735247158,0.1467304625199297,1.9011164274322103,0.9888357256778382,5.665071770334925,2.0,2.0,41.0,42.0,,2.0,1782739860000.0,5444.0,1.75,1393.0,1.5600000000000025,8.552866933848247,0.2807493540051682,0.2971498961314892,1.6550000000000011,0.2988952269514016,0.0,0.0,157.6,0.1467304625199297,0.6060606060605987,159.94,161.23,154.74,157.6,167.76,170.16,159.46,165.45,170.11,175.2,154.74,157.6,165.96,172.0,163.51,169.67,7312.74,7392.95,7294.18,7354.03,7404.91,7419.08,7323.5,7357.48,7500.44,7530.01,7294.18,7354.03,7516.75,7577.92,7402.61,7500.57,25105.4142,25491.3747,25014.9599,25297.6177,25724.7791,25724.7791,25123.4264,25358.6029,26483.3098,26561.1184,25014.9599,25297.6177,26447.2301,26788.6179,25960.4094,26517.9314,51803.77,52130.07,51614.74,51614.74,52009.02,52655.66,51857.78,51920.63,51555.19,52655.66,51301.77,51614.74,51364.55,52281.19,51364.55,51564.71,0.6852791878172668,5.889283566249752,5.249875636199787,,-1,-1,-1,0,1,-1,-1,-1,1,-1,-1,-1,-1,-1,1,0
ANET,20260707,20260707.0,-1.0,1.0,171.0,171.0,167.85,167.98,168.94333333333336,-3.0,1.5249195583231094,168.46,168.47,167.62,168.2,168.84839072713797,1.078139173253855,1.4572040223112577,0.2853579421908497,132.60213619177915,,,,,177.21,161.34,0.0,0.808561236623059,0.1545778834720685,1.8370986920332788,0.1545778834720685,2.288941736028534,0.1545778834720685,2.288941736028534,0.1545778834720685,3.3353151010701456,0.5766944114149815,1.0,1.0,1.0,1.0,2.0,171.0,1783431060000.0,13175.0,3.1500000000000057,1664.0,0.8499999999999943,9.682715320382352,0.3113255813953491,0.2853579421908497,2.0,0.3783907271379689,0.0,0.0,173.28,1.516052318668242,0.1545778834720685,162.865,177.2,161.36,173.28,166.36,167.735,156.65,159.99,158.86,172.549,155.22,159.99,170.11,175.2,154.74,157.6,7506.96,7551.31,7500.97,7537.43,7495.14,7540.75,7427.55,7483.24,7391.88,7540.75,7348.88,7483.24,7500.44,7530.01,7294.18,7354.03,25999.608,26209.7625,25963.4399,26121.16,26047.3823,26261.0906,25630.5065,25832.6716,25502.0883,26261.0906,25289.7642,25832.6716,26483.3098,26561.1184,25014.9599,25297.6177,52828.45,53060.1,52648.69,53055.91,52395.22,52903.85,52395.22,52900.07,51995.14,52903.85,51949.54,52900.07,51555.19,52655.66,51301.77,51614.74,-1.315789473684211,11.038767576664329,2.9787150603697143,,1,1,1,0,1,1,1,1,1,0,1,0,1,1,1,1
ANET,20260722,20260722.0,1.0,1.0,172.14,172.56,170.37,172.215,171.715,3.0,0.1976543764988009,172.215,173.42,172.215,172.5,172.1631620587724,0.2545025095955122,0.2197235403342273,0.3067158600242042,16.900965350638394,,,,,177.8,172.2,0.0,0.5507246376811529,0.0,0.910144927536228,0.0,1.0724637681159388,0.0,1.2347826086956497,0.0,2.266666666666665,0.0,1.0,1.0,1.0,1.0,4.0,,1784727060000.0,1055.0,2.1899999999999977,862.0,1.204999999999984,10.017783755459822,0.255694087403599,0.3067158600242042,1.697499999999991,0.0518379412276033,0.0,0.0,174.58,0.910144927536228,0.0,174.44,177.88,172.1,174.58,168.94,172.6,168.32,169.35,186.265,189.56,157.13,168.61,162.865,189.817,161.36,186.96,7489.95,7515.31,7467.86,7509.2,7489.18,7513.23,7440.53,7443.28,7547.53,7581.5,7431.26,7457.69,7506.96,7579.93,7421.82,7575.39,25772.5487,25880.343,25672.8278,25837.2065,25720.8706,25815.5997,25501.096,25508.0723,26088.3133,26316.8139,25250.628,25520.2437,25999.608,26301.5382,25526.465,26281.6069,51916.79,52370.65,51890.1,52224.64,52154.57,52411.9,51781.9,51839.26,52676.53,52924.86,51986.74,52146.42,52828.45,53289.3,52069.87,52637.01,-1.3976400504067052,7.140158972630812,3.9287176082283213,,1,1,-1,-1,1,1,-1,1,1,1,-1,0,1,0,-1,-1
ANET,20260723,20260723.0,1.0,1.0,173.79,175.0,172.63,175.0,174.21,3.0,0.6448317075991827,175.3,176.85,175.3,175.71,174.9981408681409,1.2903225806451613,0.8332878357720027,0.2734576736928445,110.38605272352844,,,,,176.41,170.37,0.0,0.1650446758863991,0.2333390245290516,0.1650446758863991,0.4382220704570088,0.3983837004154508,0.4382220704570088,0.9333560981162063,0.4382220704570088,2.145580786523238,1.0870183825621744,1.0,1.0,4.0,6.0,12.0,96.0,1784813460000.0,3345.0,2.3700000000000045,2760.0,1.8499999999999943,9.76008491578412,0.2157349081364827,0.2734576736928445,2.1099999999999994,0.3018591318591177,0.0,0.0,174.87,0.1650446758863991,0.2617950031301622,171.135,176.41,170.0,174.87,174.44,177.88,172.1,174.58,186.265,189.56,157.13,168.61,162.865,189.817,161.36,186.96,7497.47,7525.94,7485.85,7498.96,7489.95,7515.31,7467.86,7509.2,7547.53,7581.5,7431.26,7457.69,7506.96,7579.93,7421.82,7575.39,25693.7191,25841.3066,25681.3249,25690.9029,25772.5487,25880.343,25672.8278,25837.2065,26088.3133,26316.8139,25250.628,25520.2437,25999.608,26301.5382,25526.465,26281.6069,52287.14,52511.21,52148.87,52218.58,51916.79,52370.65,51890.1,52224.64,52676.53,52924.86,51986.74,52146.42,52828.45,53289.3,52069.87,52637.01,-0.6176016469377323,8.666789152393859,6.765215161151291,,1,-1,-1,-1,1,1,-1,1,-1,0,-1,0,-1,1,-1,-1
ANET,20260728,20260728.0,-1.0,1.0,166.4,166.51,164.09,164.52,165.04,-3.0,2.0491803278688523,164.86,164.86,163.51,164.0,164.86754293662312,0.9257275486520264,1.6682808716707025,0.285510640991592,2.6419108573024057,,,,,176.63,165.91,0.0,0.426829268292676,0.0,0.5365853658536558,0.0,1.4573170731707237,0.0,2.140243902439019,0.0,2.7896341463414567,3.640243902439024,1.0,1.0,1.0,2.0,5.0,107.0,1785245460000.0,4475.0,2.4199999999999875,1037.0,1.3500000000000227,9.439270758009368,0.3524575835475579,0.285510640991592,1.885000000000005,0.0075429366231105,0.0,0.0,170.76,0.5365853658536558,0.0,175.21,176.73,165.9,170.76,174.0,177.5125,170.9093,173.99,168.94,179.48,168.32,173.99,186.265,189.56,157.13,168.61,7464.2,7480.57,7382.74,7413.18,7406.3,7460.98,7396.53,7411.98,7489.18,7525.94,7376.0,7411.98,7547.53,7581.5,7431.26,7457.69,25236.1852,25261.9122,24774.8672,24932.0815,25107.3837,25222.1378,24918.093,24975.8238,25720.8706,25880.343,24918.093,24975.8238,26088.3133,26316.8139,25250.628,25520.2437,52173.42,52607.78,51985.38,52210.08,51791.37,52118.19,51682.36,51947.25,52154.57,52511.21,51542.06,51947.25,52676.53,52924.86,51986.74,52146.42,-2.5532911688920037,8.476041353818593,4.728370176717087,,-1,-1,1,0,-1,0,-1,-1,-1,0,-1,-1,1,1,-1,-1
ANET,20260807,20260807.0,-1.0,1.0,198.5,198.5,194.7,195.5,196.23333333333332,-3.0,0.238624144816911,195.92,195.92,194.39,194.84,196.09309981085408,0.0319968887003252,0.1351757993427069,0.4094975716828157,42.2712667483594,,,,,197.075,189.5,0.0,0.3130773968384385,0.0051324163416089,0.3130773968384385,1.0521453500307858,0.3233422295216564,1.0521453500307858,0.5286388831862047,1.0521453500307858,3.6696776842537497,1.0521453500307858,2.0,2.0,1.0,6.0,25.0,2.0,1786109460000.0,4039.0,3.8000000000000114,543.0,1.5300000000000011,11.139668687412732,0.3801156812339328,0.4094975716828157,2.6650000000000063,0.1730998108540973,0.0,0.0,192.32,0.3130773968384385,0.7544652022172033,192.41,197.11,189.43,192.32,210.19,214.89,191.01,197.31,175.21,183.52,156.84,180.35,168.94,179.48,168.32,173.99,7713.79,7742.85,7698.15,7709.96,7771.62,7793.68,7720.17,7723.55,7464.2,7512.04,7313.92,7489.72,7489.18,7525.94,7376.0,7411.98,26268.8434,26499.4225,26208.4314,26348.3522,26698.0181,26738.9959,26348.5085,26363.4393,25236.1852,25460.8631,24425.3389,25373.8534,25720.8706,25880.343,24918.093,24975.8238,54426.85,54502.87,53835.02,53885.1,54266.12,54744.33,54266.12,54349.12,52173.42,52901.87,51551.18,52485.03,52154.57,52511.21,51542.06,51947.25,3.213394342762067,9.279664307614931,3.7362858922765296,,-1,-1,1,0,-1,-1,1,-1,1,-1,1,-1,-1,-1,1,1
ANET,20260813,20260813.0,-1.0,1.0,208.95,210.0,207.34,207.4,208.24666666666667,-3.0,0.6160066078337608,207.19,207.5,206.0,206.74,207.8559125568989,0.3720034778288411,0.52611107043491,0.3183420442141627,111.80193234528473,,,,,211.42,203.65,0.0,0.106413853148882,0.4691883525200729,0.106413853148882,0.6820160588178372,0.106413853148882,1.0883234981135723,0.106413853148882,1.1560414046628549,1.5381638773338524,1.422076037535067,2.0,2.0,361.0,368.0,374.0,2.0,1786627860000.0,8502.0,2.6599999999999966,2995.0,1.5,10.947660281684586,0.3154742268041244,0.3183420442141627,2.0799999999999983,0.3559125568989145,0.0,0.0,210.5,0.106413853148882,0.6820160588178372,205.47,211.45,203.76,210.5,194.565,198.92,190.48,197.85,174.42,214.89,173.45,188.67,175.21,183.52,156.84,180.35,7765.46,7766.01,7737.95,7748.5,7767.51,7767.51,7717.25,7728.2,7504.78,7793.68,7504.78,7757.64,7464.2,7512.04,7313.92,7489.72,26680.4689,26688.2403,26531.9256,26588.4881,26672.1748,26679.2601,26372.3071,26445.4462,25452.6626,26738.9959,25420.3517,26690.615,25236.1852,25460.8631,24425.3389,25373.8534,53797.47,53969.36,53731.96,53770.27,53961.6,54222.85,53746.43,53791.85,52759.06,54744.33,52759.06,54036.93,52173.42,52901.87,51551.18,52485.03,-0.7363420427553499,8.355792294311264,4.711912947919893,,1,1,1,1,-1,0,1,1,-1,1,1,1,-1,-1,1,1
ANET,20260819,20260819.0,-1.0,1.0,194.245,195.86,193.8,193.8,194.48666666666668,-3.0,1.0405303348158093,193.74,193.74,192.24,192.49,194.09063492063493,0.3130554209080627,0.6698909240584482,0.2626871116752229,133.48006242058412,,,,,197.98,189.67,0.0,0.0,0.5454828822276393,0.6961400592238576,0.5454828822276393,1.2624032417268465,0.5454828822276393,1.9351654631409545,0.5454828822276393,4.145669904930135,0.5454828822276393,2.0,2.0,3.0,3.0,5.0,1.0,1787146260000.0,4960.0,2.0600000000000023,1550.0,1.5600000000000025,10.096106968585838,0.2793540051679592,0.2626871116752229,1.8100000000000025,0.3506349206349171,0.0,0.0,193.18,0.2181931528910675,0.5454828822276393,196.0,197.99,189.67,193.18,201.16,202.265,198.34,201.8,192.49,211.45,187.03,198.82,174.42,214.89,173.45,188.67,7700.04,7713.95,7688.63,7691.76,7790.68,7790.68,7744.88,7745.06,7751.74,7816.7,7717.25,7785.76,7504.78,7793.68,7504.78,7757.64,26346.8798,26422.5021,26266.6763,26289.7111,26784.652,26798.3991,26626.3745,26644.9109,26680.444,26875.5203,26372.3071,26729.1644,25452.6626,26738.9959,25420.3517,26690.615,53354.43,53478.76,53256.34,53343.4,53663.11,53663.11,53395.23,53459.78,54072.66,54222.85,53622.46,53732.41,52759.06,54744.33,52759.06,54036.93,0.5512993063464114,7.842029199159621,5.938624053732531,,-1,-1,1,0,-1,-1,1,1,-1,-1,1,1,-1,-1,-1,0
APP,20260604,20260604.0,-1.0,1.0,575.0,575.5,566.66,567.12,569.7599999999999,-3.0,0.939118089193252,567.125,568.25,566.0,567.0,569.5175522307588,0.152848857045377,0.640623785716136,1.049892695980597,120.7315981539378,,,,,596.96,565.13,0.0,0.248677248677243,0.4867724867724851,0.248677248677243,0.4867724867724851,0.248677248677243,1.0476190476190572,0.248677248677243,1.6895943562610305,2.162257495590828,3.530864197530861,2.0,2.0,207.0,212.0,224.0,5.0,1780579860000.0,4498.0,8.840000000000032,448.0,2.25,34.23283466879484,0.8650000000000032,1.049892695980597,5.545000000000016,1.267552230758838,0.0,0.0,570.83,0.248677248677243,0.4867724867724851,594.8,599.6418,565.04,570.83,613.86,617.0,591.0,605.63,516.07,616.67,497.0001,613.09,496.49,515.39,461.0,481.68,7605.31,7605.35,7551.22,7553.67,7595.4,7620.9,7582.99,7609.77,7511.79,7599.38,7499.72,7580.05,7415.07,7506.32,7333.68,7473.48,27092.8445,27130.8758,26769.1555,26853.9756,27030.072,27171.286,26932.7729,27093.9009,26590.5045,27094.8025,26520.298,26972.62,26289.4902,26504.5505,25701.4391,26343.9704,51220.92,51220.92,50687.07,50687.08,50912.84,51369.61,50829.55,51307.8,50686.15,51094.18,50314.34,51032.47,49481.04,50830.24,49235.74,50579.71,0.7305152146873778,8.41990808569584,2.1430761530334355,,-1,-1,1,1,-1,-1,1,1,-1,-1,1,1,-1,-1,1,1
APP,20260720,20260720.0,-1.0,1.0,428.785,429.62,424.5,425.46,426.5266666666666,-3.0,0.5895021536612242,424.95,424.95,423.09,423.09,425.9040547099051,0.0943822764779021,0.2729703363803881,1.0394979050123687,91.78033984529831,,,,,431.31,413.37,0.0,0.0,1.1959630338698628,0.0,1.3968659150535407,0.0189085064643418,1.3968659150535407,0.0425441395447658,1.3968659150535407,0.0425441395447658,3.5075279491361253,2.0,2.0,,,,1.0,1784554260000.0,1177.0,5.439999999999998,334.0,2.3700000000000045,32.57101835993017,0.8452230769230771,1.0394979050123687,3.905000000000001,0.9540547099051082,0.0,0.0,424.54,0.0,1.3968659150535407,421.43,431.39,413.63,424.54,452.3,453.83,432.4001,434.48,497.0,500.43,413.63,424.54,514.85,548.44,500.5,506.98,7447.52,7498.47,7431.26,7457.69,7558.8,7570.74,7504.02,7533.77,7547.53,7581.5,7431.26,7457.69,7506.96,7579.93,7421.82,7575.39,25412.259,25703.0087,25250.628,25520.2437,26155.405,26165.3727,25765.453,25881.9463,26088.3133,26316.8139,25250.628,25520.2437,25999.608,26301.5382,25526.465,26281.6069,52426.46,52610.97,51986.74,52146.42,52924.86,52924.86,52367.42,52552.97,52676.53,52924.86,51986.74,52146.42,52828.45,53289.3,52069.87,52637.01,0.999905780374053,5.233295780365491,2.279946874901883,,1,-1,-1,-1,1,-1,-1,1,1,-1,-1,0,-1,-1,-1,-1
APP,20260731,20260731.0,-1.0,1.0,398.66,398.66,389.2,392.79,393.55,-3.0,4.265349223110575,391.94,392.79,390.82,391.63,392.85984754211694,1.343397961529619,2.3277263949588374,0.7969393726976396,8.764473749174154,,,,,406.2,390.05,0.0,0.1583126931031853,0.8630595204657445,1.3711921967162894,0.8630595204657445,1.3711921967162894,0.8630595204657445,1.3711921967162894,0.8630595204657445,3.55437530321988,1.662283277583431,2.0,2.0,2.0,2.0,2.0,1.0,1785504660000.0,5655.0,9.460000000000036,3506.0,1.9700000000000275,26.45825857367708,0.8450976863753213,0.7969393726976396,5.715000000000032,0.0698475421169178,0.0,0.0,403.87,1.115849143324057,0.8630595204657445,393.02,406.3799,390.0505,403.87,413.535,420.85,397.15,399.46,429.74,437.93,386.97,391.98,497.0,500.43,413.63,424.54,7390.45,7448.75,7370.98,7437.63,7418.16,7450.84,7313.92,7316.15,7489.18,7525.94,7376.0,7411.98,7547.53,7581.5,7431.26,7457.69,24852.047,25171.4428,24813.8358,25122.1771,24863.4804,25054.5271,24425.3389,24442.9419,25720.8706,25880.343,24918.093,24975.8238,26088.3133,26316.8139,25250.628,25520.2437,52114.27,52266.45,51655.52,52208.06,52674.21,52674.21,51551.18,51594.14,52154.57,52511.21,51542.06,51947.25,52676.53,52924.86,51986.74,52146.42,-1.2900190655408867,11.870413640096533,2.471957174523299,,1,-1,-1,-1,1,0,-1,-1,1,1,-1,-1,1,0,-1,-1
APP,20260807,20260807.0,1.0,1.0,338.0,344.65,336.73,344.58,341.9866666666667,3.0,0.7880260383240121,344.85,349.12,344.23,348.67,343.926147796409,0.6960996749729144,0.7520449954803647,0.8613353447599789,35.27687624100604,,,,,352.0,332.24,0.0,0.1692144434565563,0.9751340809361384,0.1692144434565563,0.9751340809361384,0.1692144434565563,1.2232196632919503,0.1692144434565563,1.9158516648980428,0.6338371526084778,2.678750681159845,2.0,2.0,20.0,21.0,,1.0,1786109460000.0,8595.0,7.919999999999959,4883.0,4.889999999999986,29.588760806130413,1.0284564102564109,0.8613353447599789,6.404999999999973,0.3038522035910205,0.0,0.0,335.67,0.1692144434565563,0.9751340809361384,338.45,352.0,332.1918,335.67,432.51,437.79,416.09,417.8,404.752,420.945,377.71,395.9,429.74,437.93,386.97,391.98,7713.79,7742.85,7698.15,7709.96,7771.62,7793.68,7720.17,7723.55,7464.2,7512.04,7313.92,7489.72,7489.18,7525.94,7376.0,7411.98,26268.8434,26499.4225,26208.4314,26348.3522,26698.0181,26738.9959,26348.5085,26363.4393,25236.1852,25460.8631,24425.3389,25373.8534,25720.8706,25880.343,24918.093,24975.8238,54426.85,54502.87,53835.02,53885.1,54266.12,54744.33,54266.12,54349.12,52173.42,52901.87,51551.18,52485.03,52154.57,52511.21,51542.06,51947.25,0.6941341198200567,9.195024966967958,5.677231324302199,,-1,-1,-1,-1,-1,-1,1,-1,1,-1,1,-1,-1,-1,1,1
APP,20260825,20260825.0,1.0,1.0,299.865,302.73,299.51,302.5,301.58,3.0,0.5502259573455959,302.6,303.89,302.5,302.61,302.49669050051074,0.5211511503257195,0.5310982721675211,0.4030658627059688,0.8210815639518486,,,,,307.0,297.5,0.0,0.4725554343874977,0.2015795908925725,1.0211162882918523,0.2015795908925725,1.0211162882918523,0.2015795908925725,1.0211162882918523,0.2015795908925725,2.7262813522355507,0.2015795908925725,1.0,1.0,1.0,2.0,3.0,,1787664660000.0,1388.0,3.5300000000000296,2528.0,1.3899999999999864,19.6508776980035,0.3783907455012844,0.4030658627059688,2.460000000000008,0.0033094994892621,0.0,0.0,298.59,0.5287333531608228,0.2015795908925725,304.5,307.0,297.5,298.59,304.05,307.39,298.0,305.77,318.37,326.195,298.0,305.77,347.0,350.28,303.17,315.44,7663.38,7670.3,7638.17,7652.86,7665.68,7697.11,7660.06,7674.37,7790.68,7790.68,7639.01,7674.37,7751.74,7816.7,7717.25,7785.76,26065.3195,26109.9609,25910.8163,25980.1905,26198.8348,26269.845,26049.2952,26180.4547,26784.652,26798.3991,26023.1232,26180.4547,26680.444,26875.5203,26372.3071,26729.1644,53261.95,53508.18,53261.95,53417.16,52768.87,53355.92,52768.87,53277.01,53663.11,53710.06,52754.9,53277.01,54072.66,54222.85,53622.46,53732.41,0.4270069325831522,8.757873902546587,3.448567910634429,,-1,-1,-1,-1,-1,-1,-1,-1,-1,-1,-1,-1,1,1,-1,-1
ARM,20260728,20260728.0,-1.0,1.0,254.2,254.2,249.03,249.99,251.07333333333332,-3.0,1.8831261354326216,249.0,249.67,247.6,248.71,249.84081231585608,5.734774475161089,2.8662952646239552,0.6390001254739095,26.73118659082993,259.51,251.74,267.0,262.0,268.15,251.66,-3.0,0.474448152466731,0.2492863173977743,0.474448152466731,0.5186763700695557,0.5669253347271909,0.5910498170560086,1.531904627879861,0.5910498170560086,3.3130955731574963,0.5910498170560086,2.0,2.0,1.0,5.0,6.0,2.0,1785245460000.0,10573.0,5.169999999999988,11036.0,2.390000000000015,25.685873051951525,0.7481558441558449,0.6390001254739095,3.780000000000001,0.1708123158560681,22009.0,2789.0,266.33,0.474448152466731,0.5186763700695557,263.48,268.2,251.61,266.33,282.77,288.9899,258.43,260.01,272.0,294.0,258.43,260.01,311.43,311.43,243.12,267.19,7464.2,7480.57,7382.74,7413.18,7406.3,7460.98,7396.53,7411.98,7489.18,7525.94,7376.0,7411.98,7547.53,7581.5,7431.26,7457.69,25236.1852,25261.9122,24774.8672,24932.0815,25107.3837,25222.1378,24918.093,24975.8238,25720.8706,25880.343,24918.093,24975.8238,26088.3133,26316.8139,25250.628,25520.2437,52173.42,52607.78,51985.38,52210.08,51791.37,52118.19,51682.36,51947.25,52154.57,52511.21,51542.06,51947.25,52676.53,52924.86,51986.74,52146.42,-4.554500056321104,8.090765234460163,3.7402183579032786,2.9174332594900996,1,-1,-1,0,-1,0,-1,-1,-1,0,-1,-1,1,1,-1,-1
ARM,20260804,20260804.0,1.0,1.0,253.2,256.87,251.1,256.87,254.9466666666667,3.0,0.2453119398741609,256.59,258.5,256.17,257.46,256.0857190023647,0.7239575796415355,0.3554792141487484,0.7958360232016044,10.5902466309871,254.0,243.13,243.64,238.47,241.9,219.49,3.0,0.4427872290841464,0.0,1.759496620834316,0.0,3.2199176571117927,0.0,3.814184727724693,0.0,9.966596752893665,0.0,1.0,1.0,1.0,2.0,2.0,,1785850260000.0,7938.0,5.77000000000001,7004.0,2.329999999999984,26.17355680125513,0.6205968992248067,0.7958360232016044,4.049999999999997,0.0842809976352896,25902.0,4804.0,239.06,1.5652916957974172,0.0,230.01,241.9,219.39,239.06,258.95,261.905,239.26,239.69,263.48,268.48,222.56,239.69,272.0,294.0,258.43,260.01,7504.78,7610.04,7504.78,7600.5,7462.13,7512.04,7399.83,7489.72,7464.2,7512.04,7313.92,7489.72,7489.18,7525.94,7376.0,7411.98,25452.6626,25967.4411,25420.3517,25913.8956,25340.7107,25460.8631,25004.3303,25373.8534,25236.1852,25460.8631,24425.3389,25373.8534,25720.8706,25880.343,24918.093,24975.8238,52759.06,53230.08,52759.06,53178.41,52235.03,52623.14,51996.32,52485.03,52173.42,52901.87,51551.18,52485.03,52154.57,52511.21,51542.06,51947.25,5.914833096293812,7.250237274743632,2.927738795520367,4.546975654647371,1,-1,-1,-1,1,1,1,-1,1,1,1,-1,1,1,1,1
ASML,20260612,20260612.0,1.0,1.0,1847.57,1855.09,1842.69,1852.58,1850.12,3.0,1.1018906924433096,1852.93,1856.92,1851.7,1854.16,1851.6495460080012,0.869209363234572,1.0027208985942024,3.682678461538464,1.3700352209839144,,,,,1903.47,1775.51,0.0,0.0725395866591894,0.2243603572507271,0.0725395866591894,0.7636881391034258,0.3478664192949809,0.7636881391034258,0.6752383828795779,0.7636881391034258,2.083962549078821,0.7636881391034258,2.0,2.0,5.0,8.0,38.0,2.0,1781271060000.0,3625.0,12.399999999999864,2124.0,5.220000000000027,85.90086336734214,4.084743589743585,3.682678461538464,8.809999999999945,0.0504539919986655,0.0,0.0,1899.48,0.0725395866591894,0.7636881391034258,1780.0,1903.5,1775.1,1899.48,1746.46,1812.0,1723.21,1734.19,1594.47,1779.285,1585.61,1641.74,1641.85,1654.2,1580.0,1612.76,7287.67,7412.68,7257.33,7394.31,7350.54,7396.56,7265.93,7267.0,7582.29,7620.9,7368.63,7383.73,7511.79,7599.38,7499.72,7580.05,25309.7783,25846.564,25109.3944,25809.6595,25512.0694,25725.9963,25145.3018,25169.5012,26952.5792,27190.2067,25648.4693,25709.432,26590.5045,27094.8025,26520.298,26972.62,49972.07,50968.95,49972.07,50848.76,50760.12,50769.26,49909.07,49918.79,51161.1,51660.4,50687.07,50866.79,50686.15,51094.18,50314.34,51032.47,-2.732853201928953,3.3671144873233594,1.4174465825667921,,1,1,1,1,1,0,-1,0,1,0,-1,0,1,1,-1,1
ASML,20260709,20260709.0,1.0,1.0,1834.98,1838.105,1827.72,1836.05,1833.958333333333,3.0,1.083230754663384,1837.26,1845.6,1837.26,1839.85,1836.1041306755255,0.7031894418476767,0.9282310064479956,2.772130721649483,41.696061280488784,,,,,1780.31,1729.5,0.0,0.1087045139549419,0.3848139794004906,0.1087045139549419,0.3848139794004906,0.1168573525015675,0.3848139794004906,0.6516835611598777,0.3848139794004906,1.0261706117346585,2.3300812566241755,1.0,1.0,7.0,9.0,17.0,45.0,1783603860000.0,2288.0,10.384999999999993,1023.0,9.549999999999956,94.35492316960529,2.568293814432988,2.772130721649483,9.967499999999973,1.1558693244742244,0.0,0.0,1768.65,0.1087045139549419,0.3848139794004906,1733.68,1780.66,1729.38,1768.65,1737.125,1761.04,1717.31,1747.28,1798.95,1999.96,1748.02,1769.32,1953.515,1959.04,1730.29,1794.62,7476.54,7488.51,7421.82,7482.71,7516.63,7536.06,7478.63,7503.85,7391.88,7540.75,7348.88,7483.24,7500.44,7530.01,7294.18,7354.03,25704.6601,25896.0656,25526.465,25870.6523,25960.1305,26010.0235,25684.1502,25818.6902,25502.0883,26261.0906,25289.7642,25832.6716,26483.3098,26561.1184,25014.9599,25297.6177,52758.47,52758.47,52069.87,52348.39,53104.06,53289.3,52774.17,52925.15,51995.14,52903.85,51949.54,52900.07,51555.19,52655.66,51301.77,51614.74,3.750318039182423,3.746215832787522,3.4450034860973227,,1,1,-1,1,1,-1,1,1,1,-1,1,0,-1,-1,1,1
ASML,20260716,20260716.0,1.0,1.0,1797.605,1810.0,1796.24,1804.52,1803.5866666666668,3.0,0.2929648575034876,1807.81,1816.66,1806.39,1816.06,1806.2822906537008,0.3518944316704989,0.3076616220798324,2.6210470986677783,4.109401405036273,,,,,1830.0,1735.95,0.0,0.3546138343446832,0.1266477979802404,0.4025197405372039,0.1266477979802404,0.4025197405372039,0.4548307875290459,0.4025197405372039,0.6838981090933034,2.0588526810788244,2.0307699084831934,2.0,2.0,1.0,34.0,35.0,7.0,1784208660000.0,1764.0,14.339999999999918,704.0,12.1400000000001,89.10787941038748,4.40149100257069,2.6210470986677783,13.240000000000007,0.1077093462993161,0.0,0.0,1815.27,0.4025197405372039,0.1266477979802404,1825.06,1830.0,1735.65,1815.27,1787.445,1798.27,1749.86,1775.64,1830.0,1868.6,1717.31,1797.32,1798.95,1999.96,1748.02,1769.32,7571.72,7581.5,7526.95,7572.4,7536.7,7557.44,7513.23,7543.59,7506.96,7579.93,7421.82,7575.39,7391.88,7540.75,7348.88,7483.24,26261.1834,26316.8139,26041.1279,26269.2272,26015.4921,26168.8046,25912.4015,26107.0078,25999.608,26301.5382,25526.465,26281.6069,25502.0883,26261.0906,25289.7642,25832.6716,52604.2,52823.95,52428.54,52658.64,52046.36,52695.06,52046.36,52508.27,52828.45,53289.3,52069.87,52637.01,51995.14,52903.85,51949.54,52900.07,-0.9731334732574197,5.471095886559471,4.631736684995321,,-1,0,-1,-1,1,1,1,1,1,1,1,1,1,1,-1,1
ASML,20260722,20260722.0,1.0,1.0,1768.13,1775.795,1767.51,1775.795,1773.0333333333335,3.0,0.2649114917623973,1776.37,1780.83,1775.48,1779.96,1774.4316287657923,0.2180247684462483,0.2516877017904315,3.0100621286407145,34.8288902156691,,,,,1823.62,1785.06,0.0,0.0584282792871729,0.0561810377761297,0.1707903548394325,0.1426998359513676,0.2207914784601936,0.2910177756803559,0.2207914784601936,0.3016921728578236,2.0758893458279988,0.3016921728578236,1.0,1.0,11.0,20.0,26.0,,1784727060000.0,1296.0,8.725000000000136,419.0,5.349999999999909,86.57630086006034,1.717994858611832,3.0100621286407145,7.037500000000023,1.048371234207707,0.0,0.0,1801.51,0.1707903548394325,0.0561810377761297,1801.2,1823.88,1785.54,1801.51,1778.69,1798.34,1728.6,1739.02,1773.54,1853.45,1703.4,1747.58,1830.0,1868.6,1717.31,1797.32,7489.95,7515.31,7467.86,7509.2,7489.18,7513.23,7440.53,7443.28,7547.53,7581.5,7431.26,7457.69,7506.96,7579.93,7421.82,7575.39,25772.5487,25880.343,25672.8278,25837.2065,25720.8706,25815.5997,25501.096,25508.0723,26088.3133,26316.8139,25250.628,25520.2437,25999.608,26301.5382,25526.465,26281.6069,51916.79,52370.65,51890.1,52224.64,52154.57,52411.9,51781.9,51839.26,52676.53,52924.86,51986.74,52146.42,52828.45,53289.3,52069.87,52637.01,-1.8528900755477282,2.8986112668512183,1.7773719515935258,,1,1,-1,-1,1,1,-1,1,1,1,-1,0,1,0,-1,-1
ASML,20260723,20260723.0,1.0,1.0,1782.645,1788.58,1780.67,1788.0,1785.75,3.0,1.1006593406593406,1789.4,1793.26,1788.37,1793.26,1786.1422922102122,0.1316563695204472,0.7381830187641006,2.462883714222835,90.4511965759072,,,,,1816.91,1767.51,0.0,0.2927629010851745,0.1578131447754328,0.3396049652587978,0.1578131447754328,0.3396049652587978,0.3948116837491455,0.722706132964547,0.3948116837491455,1.6773920123127672,0.3948116837491455,1.0,1.0,1.0,6.0,33.0,,1784813460000.0,2504.0,7.9099999999998545,179.0,5.259999999999991,83.97513651291318,1.6655989304812913,2.462883714222835,6.584999999999923,2.2277077897877007,0.0,0.0,1801.86,0.2927629010851745,0.1578131447754328,1767.65,1817.2,1767.04,1801.86,1801.2,1823.88,1785.54,1801.51,1773.54,1853.45,1703.4,1747.58,1830.0,1868.6,1717.31,1797.32,7497.47,7525.94,7485.85,7498.96,7489.95,7515.31,7467.86,7509.2,7547.53,7581.5,7431.26,7457.69,7506.96,7579.93,7421.82,7575.39,25693.7191,25841.3066,25681.3249,25690.9029,25772.5487,25880.343,25672.8278,25837.2065,26088.3133,26316.8139,25250.628,25520.2437,25999.608,26301.5382,25526.465,26281.6069,52287.14,52511.21,52148.87,52218.58,51916.79,52370.65,51890.1,52224.64,52676.53,52924.86,51986.74,52146.42,52828.45,53289.3,52069.87,52637.01,-1.0663980553428078,3.2116822870363824,2.135707816663926,,1,-1,-1,-1,1,1,-1,1,-1,0,-1,0,-1,1,-1,-1
ASML,20260729,20260729.0,1.0,1.0,1569.86,1576.71,1564.98,1574.58,1572.09,3.0,1.2757128983843913,1573.73,1580.885,1573.06,1576.57,1572.848021227101,0.5931287813310285,1.0777185835161391,2.5080576162444954,8.451910016975043,,,,,1599.88,1553.72,0.0,0.3412471377737816,0.0,1.2222736700558796,0.0,1.255890953145116,0.0,1.255890953145116,0.0697717196191675,2.822583202775646,2.898697805996565,1.0,1.0,1.0,2.0,3.0,16.0,1785331860000.0,2890.0,11.730000000000018,549.0,7.825000000000045,85.59592881729782,2.686661538461544,2.5080576162444954,9.777500000000032,0.211978772898874,0.0,0.0,1582.95,0.7249915956792318,0.0,1580.5,1599.88,1553.58,1582.95,1739.19,1746.7,1613.34,1655.26,1778.69,1823.88,1728.6,1757.09,1773.54,1853.45,1703.4,1747.58,7395.55,7452.09,7382.95,7428.78,7464.2,7480.57,7382.74,7413.18,7489.18,7525.94,7376.0,7411.98,7547.53,7581.5,7431.26,7457.69,24825.0719,24984.5008,24581.0056,24876.9122,25236.1852,25261.9122,24774.8672,24932.0815,25720.8706,25880.343,24918.093,24975.8238,26088.3133,26316.8139,25250.628,25520.2437,52492.88,52901.87,52443.52,52747.32,52173.42,52607.78,51985.38,52210.08,52154.57,52511.21,51542.06,51947.25,52676.53,52924.86,51986.74,52146.42,-0.8269370479168733,4.676926049874498,3.11994427453266,,1,-1,-1,0,1,0,-1,-1,1,-1,-1,-1,1,1,-1,-1
AXON,20260610,20260610.0,-1.0,1.0,447.78,449.14,446.98,447.13,447.75,-3.0,1.0571317528177224,445.0,445.0,440.0,440.56,445.2988614393125,1.6274179983179142,1.2373737373737377,0.9106943182104664,32.81687755555571,,,,,479.4,437.65,0.0,0.5810786272017437,0.242872707463227,,,0.5810786272017437,1.6047757399673128,0.5810786272017437,2.2630288723442824,0.5810786272017437,4.968676230252403,1.0,2.0,1.0,1.0,,4.0,1781098260000.0,544.0,2.159999999999968,387.0,7.129999999999996,28.564383311478945,0.9000431034482773,0.9106943182104664,4.644999999999982,0.2988614393125317,0.0,0.0,452.51,0.5810786272017437,0.242872707463227,467.61,479.47,436.3601,452.51,490.73,492.59,470.75,471.06,455.45,515.8,452.02,486.12,391.07,450.74,374.0,448.72,7438.66,7483.15,7237.85,7386.66,7440.57,7466.81,7395.13,7405.72,7582.29,7620.9,7368.63,7383.73,7511.79,7599.38,7499.72,7580.05,26110.3128,26259.9222,24980.3763,25678.8219,26065.071,26179.6534,25872.6814,25929.6626,26952.5792,27190.2067,25648.4693,25709.432,26590.5045,27094.8025,26520.298,26972.62,50814.42,51260.92,50211.12,50872.12,50997.23,51277.15,50732.35,50786.02,51161.1,51660.4,50687.07,50866.79,50686.15,51094.18,50314.34,51032.47,-1.0452807672758655,2.371816708206123,7.829191263661991,,-1,-1,1,1,-1,0,-1,0,-1,0,-1,0,1,-1,-1,1
AXON,20260611,20260611.0,-1.0,1.0,446.15,446.99,437.77,439.0,441.2533333333333,-3.0,2.489953114534494,438.0,439.43,432.58,432.58,439.5417823732152,2.310960067969414,2.4393466250300264,0.9068413921236588,12.326562746916627,,,,,462.45,438.0,0.0,1.0564519857598578,0.0,1.0564519857598578,1.2367654537888997,1.0564519857598578,1.3754681215035345,1.0564519857598578,1.7152896574044147,2.175320171991301,4.856905081141059,1.0,1.0,1.0,1.0,1.0,2.0,1781184660000.0,1487.0,9.75,544.0,6.850000000000023,28.310420217801877,0.7693047337278119,0.9068413921236588,8.300000000000011,0.111782373215135,0.0,0.0,447.59,1.0564519857598578,0.9154376069166482,448.66,462.989,437.9801,447.59,467.61,479.47,436.3601,452.51,455.45,515.8,452.02,486.12,391.07,450.74,374.0,448.72,7350.54,7396.56,7265.93,7267.0,7438.66,7483.15,7237.85,7386.66,7582.29,7620.9,7368.63,7383.73,7511.79,7599.38,7499.72,7580.05,25512.0694,25725.9963,25145.3018,25169.5012,26110.3128,26259.9222,24980.3763,25678.8219,26952.5792,27190.2067,25648.4693,25709.432,26590.5045,27094.8025,26520.298,26972.62,50760.12,50769.26,49909.07,49918.79,50814.42,51260.92,50211.12,50872.12,51161.1,51660.4,50687.07,50866.79,50686.15,51094.18,50314.34,51032.47,-0.3217230054290752,10.7516045084436,7.553691372598862,,-1,0,1,1,-1,0,-1,0,-1,0,-1,0,-1,-1,-1,1
AXON,20260707,20260707.0,1.0,1.0,634.45,654.4,634.45,653.74,647.53,3.0,1.82958391399562,654.52,660.0,651.61,660.0,650.5542732485663,1.075933075933076,1.5008980691513247,1.2297912169055008,85.84601491057738,,,,,623.9,582.76,0.0,0.3409090909090909,0.2924242424242348,0.9090909090909092,1.015151515151522,0.9090909090909092,1.5636363636363713,0.9090909090909092,2.256060606060604,0.9090909090909092,5.443939393939386,1.0,2.0,1.0,2.0,,3.0,1783431060000.0,1838.0,19.94999999999993,836.0,8.389999999999986,33.315981833908374,1.0713172804532582,1.2297912169055008,14.16999999999996,1.0557267514336672,0.0,0.0,622.35,0.9090909090909092,0.2924242424242348,598.5,623.96,580.97,622.35,587.055,603.0,575.82,597.04,487.29,610.99,486.03,597.04,417.05,477.17,403.785,464.83,7506.96,7551.31,7500.97,7537.43,7495.14,7540.75,7427.55,7483.24,7391.88,7540.75,7348.88,7483.24,7500.44,7530.01,7294.18,7354.03,25999.608,26209.7625,25963.4399,26121.16,26047.3823,26261.0906,25630.5065,25832.6716,25502.0883,26261.0906,25289.7642,25832.6716,26483.3098,26561.1184,25014.9599,25297.6177,52828.45,53060.1,52648.69,53055.91,52395.22,52903.85,52395.22,52900.07,51995.14,52903.85,51949.54,52900.07,51555.19,52655.66,51301.77,51614.74,1.944243592833618,16.22226580069397,6.822296244001138,,1,1,1,1,1,1,1,1,1,0,1,0,1,1,1,1
AXON,20260710,20260710.0,-1.0,1.0,583.09,585.62,582.7,582.97,583.7633333333334,-3.0,0.7191943127962085,582.0,582.0,580.01,581.0,583.1402210884354,0.4004524886877828,0.609642301710731,1.2247713647325718,93.09664818007587,,,,,589.18,575.27,0.0,0.8846815834767618,0.0,1.5611015490533648,0.0,2.156626506024092,0.0,2.156626506024092,0.0,4.395869191049908,0.0,1.0,1.0,1.0,1.0,2.0,,1783690260000.0,607.0,2.919999999999959,177.0,2.9600000000000364,34.08061482838801,1.0301293103448272,1.2247713647325718,2.9399999999999977,1.1402210884353965,0.0,0.0,582.0,1.4457831325301165,0.0,582.1,590.82,575.03,582.0,630.0,630.99,595.14,599.8,487.29,610.99,486.03,597.04,417.05,477.17,403.785,464.83,7491.6,7546.89,7481.73,7543.64,7476.54,7488.51,7421.82,7482.71,7391.88,7540.75,7348.88,7483.24,7500.44,7530.01,7294.18,7354.03,25918.3107,26215.8248,25825.8465,26206.8902,25704.6601,25896.0656,25526.465,25870.6523,25502.0883,26261.0906,25289.7642,25832.6716,26483.3098,26561.1184,25014.9599,25297.6177,52249.44,52574.89,52249.44,52487.41,52758.47,52758.47,52069.87,52348.39,51995.14,52903.85,51949.54,52900.07,51555.19,52655.66,51301.77,51614.74,0.18728522336770306,2.3841184437207508,2.4167776004841124,,-1,-1,1,1,1,1,1,1,1,1,1,0,1,0,1,1
AXON,20260720,20260720.0,1.0,1.0,500.0,510.14,500.0,507.46,505.86666666666656,3.0,3.0429094714809,509.79,514.85,509.59,514.85,506.0837475674172,0.1412872841444269,1.8822605965463108,0.8600722896587701,407.6695034523023,,,,,540.0,507.35,0.0,0.0,1.1362532776536898,,,0.0,2.0666213460231218,0.0,2.0666213460231218,3.451490725454012,2.0666213460231218,2.0,2.0,12.0,111.0,157.0,1.0,1784554260000.0,1163.0,10.139999999999986,36.0,7.390000000000043,32.77517822758223,0.8983473389355756,0.8600722896587701,8.765000000000015,3.5062524325827558,0.0,0.0,510.28,0.0,1.8549091968534543,531.94,538.2,507.11,510.28,545.31,545.31,520.6821,541.75,563.0,577.9999,507.11,510.28,598.5,665.065,555.61,565.8,7447.52,7498.47,7431.26,7457.69,7558.8,7570.74,7504.02,7533.77,7547.53,7581.5,7431.26,7457.69,7506.96,7579.93,7421.82,7575.39,25412.259,25703.0087,25250.628,25520.2437,26155.405,26165.3727,25765.453,25881.9463,26088.3133,26316.8139,25250.628,25520.2437,25999.608,26301.5382,25526.465,26281.6069,52426.46,52610.97,51986.74,52146.42,52924.86,52924.86,52367.42,52552.97,52676.53,52924.86,51986.74,52146.42,52828.45,53289.3,52069.87,52637.01,-2.014580230461702,11.789706658289138,8.592301006386327,,-1,-1,-1,-1,1,-1,-1,1,1,-1,-1,0,-1,-1,-1,-1
AXON,20260722,20260722.0,-1.0,1.0,511.19,511.19,505.0,506.31,507.5,-3.0,0.5367647058823529,506.11,506.55,505.0,506.04,507.2800527009223,0.1460481099656357,0.3948189762796504,0.8680477464021207,84.1028277474586,,,,,532.22,510.19,0.0,0.6106236661133569,0.1185677021579254,0.8971622796616908,0.1185677021579254,0.8971622796616908,0.2114457355149777,1.5848549521777011,0.2114457355149777,3.142044107185209,0.2114457355149777,1.0,1.0,1.0,1.0,6.0,,1784727060000.0,219.0,10.940000000000056,34.0,1.5500000000000114,32.04942969623162,0.7924999999999979,0.8680477464021207,6.245000000000033,0.7300527009222719,0.0,0.0,511.17,0.8971622796616908,0.1185677021579254,528.2,533.33,510.05,511.17,501.64,532.185,500.1263,527.48,563.0,577.9999,507.11,510.28,598.5,665.065,555.61,565.8,7489.95,7515.31,7467.86,7509.2,7489.18,7513.23,7440.53,7443.28,7547.53,7581.5,7431.26,7457.69,7506.96,7579.93,7421.82,7575.39,25772.5487,25880.343,25672.8278,25837.2065,25720.8706,25815.5997,25501.096,25508.0723,26088.3133,26316.8139,25250.628,25520.2437,25999.608,26301.5382,25526.465,26281.6069,51916.79,52370.65,51890.1,52224.64,52154.57,52411.9,51781.9,51839.26,52676.53,52924.86,51986.74,52146.42,52828.45,53289.3,52069.87,52637.01,0.003912592679535538,12.602993378352867,1.7856160636606022,,-1,1,-1,-1,1,1,-1,1,1,1,-1,0,1,0,-1,-1
AXON,20260806,20260806.0,1.0,1.0,588.33,610.0,581.49,610.0,600.4966666666667,3.0,11.057803468208093,612.22,628.22,612.22,621.25,611.3244564781388,13.654080389768575,12.322064056939505,0.8167951603701857,109.64113957963929,,,,,615.98,595.1,0.0,0.0,3.8229376257545273,0.0,5.191146881287726,0.0,5.954124748490948,0.0,7.16297786720322,0.0,16.91750503018109,2.0,2.0,,,,1.0,1786023060000.0,1913.0,28.50999999999999,2242.0,18.220000000000027,29.96267489862452,0.8673768115942003,0.8167951603701857,23.36500000000001,0.8955435218612138,0.0,0.0,609.49,0.0,5.191146881287726,617.25,617.25,595.1001,609.49,583.61,608.19,580.26,607.2,516.998,564.244355,502.72,527.76,501.64,533.33,485.745,502.34,7771.62,7793.68,7720.17,7723.55,7630.62,7758.21,7629.1,7736.52,7464.2,7512.04,7313.92,7489.72,7489.18,7525.94,7376.0,7411.98,26698.0181,26738.9959,26348.5085,26363.4393,26088.0422,26679.9092,26088.0422,26584.993,25236.1852,25460.8631,24425.3389,25373.8534,25720.8706,25880.343,24918.093,24975.8238,54266.12,54744.33,54266.12,54349.12,53641.21,54272.6,53641.21,54085.88,52173.42,52901.87,51551.18,52485.03,52154.57,52511.21,51542.06,51947.25,-3.471755073914251,34.90471220113347,22.306694363544473,,-1,1,1,1,-1,1,1,-1,-1,1,1,-1,1,1,1,1
BLK,20260602,20260602.0,1.0,1.0,1011.4,1020.0,1011.4,1018.35,1016.5833333333334,3.0,0.9611451942740288,1019.0,1022.05,1019.0,1022.05,1017.3184132622856,1.603448275862069,1.0292504570383911,0.8334169940080149,201.77015225325783,,,,,1054.0,1015.52,0.0,0.2064478254488652,0.0,0.5821632992515088,0.0,0.6535883763025355,0.0,1.325766841152581,0.0,1.325766841152581,1.472530698106742,1.0,1.0,2.0,2.0,8.0,40.0,1780407060000.0,470.0,8.600000000000023,93.0,3.699999999999932,24.162212267904184,1.0270402298850554,0.8334169940080149,6.149999999999977,1.6815867377144968,0.0,0.0,1020.73,0.5821632992515088,0.0,1041.12,1053.24,1015.31,1020.73,1041.87,1060.51,1040.0,1046.88,1077.5,1085.0,1040.0,1046.88,1082.82,1098.0699,1030.19,1073.0,7582.29,7617.66,7562.61,7599.95,7579.33,7599.38,7563.55,7580.05,7511.79,7599.38,7499.72,7580.05,7415.07,7506.32,7333.68,7473.48,26952.5792,27190.2067,26913.1238,27086.8082,26960.8405,27094.8025,26859.2645,26972.62,26590.5045,27094.8025,26520.298,26972.62,26289.4902,26504.5505,25701.4391,26343.9704,51161.1,51161.1,50767.32,51078.89,50773.91,51094.18,50698.27,51032.47,50686.15,51094.18,50314.34,51032.47,49481.04,50830.24,49235.74,50579.71,-0.914051708091272,10.31896405020668,4.439554300670222,,-1,-1,-1,0,1,0,1,1,1,1,1,1,-1,1,1,1
BLK,20260626,20260626.0,-1.0,1.0,977.5,977.5,969.155,970.0,972.2183333333332,-3.0,2.3026724673710377,969.0,969.0,965.27,965.48,971.4841960093896,0.4383886255924171,1.481739130434783,1.1229225427240324,221.22594523424155,,,,,1002.61,966.13,0.0,0.0,0.6628827111902864,0.0,0.6628827111902864,0.0,1.0026101006753063,,,0.2900111861457584,1.918216845506896,2.0,2.0,378.0,,,1.0,1782480660000.0,741.0,8.345000000000027,111.0,4.730000000000018,28.430470197715152,1.162048022598875,1.1229225427240324,6.537500000000023,2.4841960093896205,0.0,0.0,971.92,0.0,0.6628827111902864,995.0,1002.47,966.13,971.92,1013.36,1015.465,970.0301,982.6,1050.0,1076.505,1038.51,1050.09,1002.19,1041.45,987.84,1032.0,7404.91,7419.08,7323.5,7357.48,7370.88,7428.06,7336.82,7358.21,7516.75,7577.92,7402.61,7500.57,7440.57,7483.15,7237.85,7431.45,25724.7791,25724.7791,25123.4264,25358.6029,25578.6239,25840.564,25354.6565,25476.6356,26447.2301,26788.6179,25960.4094,26517.9314,26065.071,26259.9222,24980.3763,25888.844,52009.02,52655.66,51857.78,51920.63,51660.75,52248.69,51617.73,51848.91,51364.55,52281.19,51364.55,51564.71,50997.23,51409.7,49909.07,51202.27,0.5741213268581818,7.431501000733656,4.212222856018,,-1,-1,1,1,-1,-1,-1,1,-1,-1,1,1,-1,1,1,1
BLK,20260706,20260706.0,-1.0,1.0,998.05,1001.0,997.9,997.9,998.9333333333334,-3.0,0.5092592592592593,996.1,996.1,993.31,994.48,997.3504980842912,0.2692696061932009,0.3835302415799682,0.8179215032656965,152.88729777837253,,,,,1002.3,982.59,0.0,0.0,0.0583219370927446,0.0,0.6083581369157705,0.0,0.6083581369157705,0.4072480090097406,0.6083581369157705,0.4072480090097406,1.7617247204569204,2.0,2.0,8.0,,,2.0,1783344660000.0,275.0,5.269999999999982,160.0,4.590000000000032,26.93853852397857,0.9138358208955244,0.8179215032656965,4.930000000000007,1.2504980842911664,0.0,0.0,995.73,0.0,0.6083581369157705,988.5,1002.04,982.59,995.73,960.42,986.57,957.11,980.38,969.21,1002.04,947.211,995.73,1048.2,1063.74,962.68,964.71,7495.14,7540.75,7427.55,7483.24,7478.84,7521.81,7449.63,7483.23,7391.88,7540.75,7348.88,7483.24,7500.44,7530.01,7294.18,7354.03,26047.3823,26261.0906,25630.5065,25832.6716,26039.5074,26238.0595,25954.4558,26040.0314,25502.0883,26261.0906,25289.7642,25832.6716,26483.3098,26561.1184,25014.9599,25297.6177,52395.22,52903.85,52395.22,52900.07,52231.18,52742.66,52026.64,52305.24,51995.14,52903.85,51949.54,52900.07,51555.19,52655.66,51301.77,51614.74,0.23299488817249014,6.443161084478857,5.611785460675192,,1,1,1,-1,-1,0,1,1,-1,0,1,0,1,1,1,1
BLK,20260717,20260717.0,1.0,1.0,1068.29,1075.11,1058.55,1072.975,1068.878333333333,3.0,1.1802168021680215,1072.16,1075.32,1072.16,1072.96,1069.1978935185184,0.119661266568483,0.7305650952232282,1.1410445350100065,259.5960447289371,,,,,1124.16,1079.41,0.0,0.3644124664479435,0.0,0.4100805249030591,0.1603042051893851,0.4100805249030591,0.3373844318520838,1.3178496868475873,0.3373844318520838,2.4073590814196173,0.3392484342380051,1.0,1.0,1.0,9.0,9.0,,1784295060000.0,871.0,16.559999999999945,65.0,3.1599999999998545,30.656837069674825,1.2879498525073754,1.1410445350100065,9.8599999999999,2.962106481481669,0.0,0.0,1087.05,0.4100805249030591,0.0,1110.94,1125.0,1079.455,1087.05,1100.0,1109.99,1078.0,1093.4,998.73,1048.495,982.99,1036.11,969.21,1002.04,947.211,995.73,7558.8,7570.74,7504.02,7533.77,7571.72,7581.5,7526.95,7572.4,7506.96,7579.93,7421.82,7575.39,7391.88,7540.75,7348.88,7483.24,26155.405,26165.3727,25765.453,25881.9463,26261.1834,26316.8139,26041.1279,26269.2272,25999.608,26301.5382,25526.465,26281.6069,25502.0883,26261.0906,25289.7642,25832.6716,52924.86,52924.86,52367.42,52552.97,52604.2,52823.95,52428.54,52658.64,52828.45,53289.3,52069.87,52637.01,51995.14,52903.85,51949.54,52900.07,-1.7257715836438057,14.51301810919652,2.7693923445083963,,-1,1,1,1,-1,-1,1,1,-1,-1,1,1,-1,0,-1,1
BLK,20260721,20260721.0,-1.0,1.0,1059.97,1061.65,1059.18,1059.18,1060.003333333333,-3.0,0.1070640176600441,1059.51,1059.51,1058.62,1058.62,1059.8926543209875,0.0186693822131704,0.0722311396468699,1.165976482530528,32.8183566924982,,,,,1073.99,1052.47,0.0,0.0,0.1690880580378408,0.0,0.1690880580378408,,,0.8586650545049139,0.1690880580378408,2.6156694564621703,0.4269709621960864,1.0,1.0,4.0,9.0,253.0,,1784640660000.0,97.0,5.080000000000155,11.0,0.8900000000001,30.154349310076764,0.8585937499999993,1.165976482530528,2.9850000000001278,0.3826543209875126,0.0,0.0,1054.11,,,1070.74,1073.18,1052.16,1054.11,1068.29,1099.41,1065.951,1072.2,1039.36,1125.0,1015.97,1072.2,998.73,1048.495,982.99,1036.11,7489.18,7513.23,7440.53,7443.28,7447.52,7498.47,7431.26,7457.69,7547.53,7581.5,7431.26,7457.69,7506.96,7579.93,7421.82,7575.39,25720.8706,25815.5997,25501.096,25508.0723,25412.259,25703.0087,25250.628,25520.2437,26088.3133,26316.8139,25250.628,25520.2437,25999.608,26301.5382,25526.465,26281.6069,52154.57,52411.9,51781.9,51839.26,52426.46,52610.97,51986.74,52146.42,52676.53,52924.86,51986.74,52146.42,52828.45,53289.3,52069.87,52637.01,0.555919211467506,4.35686317529749,0.763308705908481,,-1,-1,1,1,-1,1,-1,1,-1,1,-1,0,-1,-1,-1,-1
BLK,20260826,20260826.0,-1.0,1.0,1175.8,1178.11,1174.18,1174.18,1175.49,-3.0,2.4939759036144578,1174.17,1174.17,1173.58,1173.58,1175.4262480620157,0.0930232558139534,1.272189349112426,0.7566421610334371,166.0293500298203,,,,,1180.88,1163.15,0.0,0.0,0.1951294330169194,0.0,0.2718178564733597,0.0,0.460982634332562,0.0,0.518924998721872,0.1763833739497892,0.6569641609434412,2.0,2.0,,,,10.0,1787751060000.0,207.0,3.929999999999836,8.0,0.6000000000001364,22.979781903810863,0.6883009708737884,0.7566421610334371,2.2649999999999864,1.256248062015402,0.0,0.0,1176.64,0.0,0.1951294330169194,1170.94,1180.78,1163.36,1176.64,1158.84,1174.43,1156.565,1172.61,1167.31,1181.68,1139.29,1156.55,1129.82,1186.74,1126.0,1173.73,7676.66,7686.11,7650.92,7677.28,7663.38,7670.3,7638.17,7652.86,7790.68,7790.68,7639.01,7674.37,7751.74,7816.7,7717.25,7785.76,26148.7096,26225.8274,26034.3453,26151.2998,26065.3195,26109.9609,25910.8163,25980.1905,26784.652,26798.3991,26023.1232,26180.4547,26680.444,26875.5203,26372.3071,26729.1644,53594.92,53675.32,53386.37,53577.4,53261.95,53508.18,53261.95,53417.16,53663.11,53710.06,52754.9,53277.01,54072.66,54222.85,53622.46,53732.41,-0.07138971988034959,5.194000813584275,0.7929772234481943,,1,1,-1,0,1,1,-1,-1,1,1,-1,-1,-1,1,-1,-1
BMY,20260611,20260611.0,1.0,1.0,56.085,56.49,56.085,56.34,56.305000000000014,3.0,1.3304026537932525,56.41,56.61,56.41,56.56,56.36249255561395,1.204336307863915,1.295237539622348,0.0445282051282052,106.6906789736219,,,,,56.75,55.6,0.0,0.4243281471004153,0.0,0.6895332390381905,0.0,0.6895332390381905,0.0,0.6895332390381905,0.0,1.493988684582742,0.6895332390381905,1.0,2.0,1.0,2.0,88.0,20.0,1781184660000.0,9866.0,0.4050000000000011,3455.0,0.269999999999996,1.40917546242367,0.0386153846153846,0.0445282051282052,0.3374999999999986,0.0475074443860492,0.0,0.0,55.6,0.5480905233380395,0.0,56.64,56.7,55.6,55.6,56.03,56.53,55.26,56.48,57.4,57.815,54.2,57.27,59.62,59.78,56.26,57.18,7350.54,7396.56,7265.93,7267.0,7438.66,7483.15,7237.85,7386.66,7582.29,7620.9,7368.63,7383.73,7511.79,7599.38,7499.72,7580.05,25512.0694,25725.9963,25145.3018,25169.5012,26110.3128,26259.9222,24980.3763,25678.8219,26952.5792,27190.2067,25648.4693,25709.432,26590.5045,27094.8025,26520.298,26972.62,50760.12,50769.26,49909.07,49918.79,50814.42,51260.92,50211.12,50872.12,51161.1,51660.4,50687.07,50866.79,50686.15,51094.18,50314.34,51032.47,0.8723021582733803,9.095358746976862,6.0635724979844685,,-1,1,-1,-1,-1,0,-1,0,-1,0,-1,0,-1,-1,-1,1
BMY,20260708,20260708.0,-1.0,1.0,57.85,58.3,57.54,57.54,57.79333333333333,-3.0,2.0394530514959546,57.61,57.61,57.34,57.36,57.72900386522141,0.5387395527445222,1.35744593484807,0.0445891250330425,266.88988656588657,,,,,58.49,57.15,0.0,0.0,0.4009762900976359,0.0,0.6101813110181336,0.0,0.6101813110181336,0.0,1.0111576011157573,0.0,1.4295676429567648,2.0,2.0,,,,2.0,1783517460000.0,13006.0,0.759999999999998,2862.0,0.269999999999996,1.4951303929417092,0.0494743589743592,0.0445891250330425,0.514999999999997,0.1190038652214084,0.0,0.0,57.97,0.0,0.6101813110181336,57.79,58.49,57.45,57.97,57.74,58.11,56.49,56.7,57.61,58.88,56.3,58.13,54.2,57.74,53.995,57.52,7516.63,7536.06,7478.63,7503.85,7506.96,7551.31,7500.97,7537.43,7391.88,7540.75,7348.88,7483.24,7500.44,7530.01,7294.18,7354.03,25960.1305,26010.0235,25684.1502,25818.6902,25999.608,26209.7625,25963.4399,26121.16,25502.0883,26261.0906,25289.7642,25832.6716,26483.3098,26561.1184,25014.9599,25297.6177,53104.06,53289.3,52774.17,52925.15,52828.45,53060.1,52648.69,53055.91,51995.14,52903.85,51949.54,52900.07,51555.19,52655.66,51301.77,51614.74,-0.20700362256339047,17.044514765356006,6.055288140323771,,1,1,1,1,-1,-1,1,1,-1,-1,1,0,-1,1,1,1
BMY,20260714,20260714.0,-1.0,1.0,58.96,59.4,58.75,58.835,58.995000000000005,-3.0,2.160936996640434,58.85,58.88,58.57,58.61,58.90887204870437,3.2076136764187524,2.3776593803598143,0.0425528466863544,67.84986423394881,,,,,59.435,57.55,0.0,0.1876812830574977,0.1023716089404577,0.6312915884661277,0.1023716089404577,0.6312915884661277,0.1023716089404577,0.708070295171471,0.1023716089404577,3.12233407268384,0.1023716089404577,1.0,1.0,2.0,3.0,49.0,,1784035860000.0,9391.0,0.6499999999999986,3640.0,0.3100000000000023,1.4152432359643934,0.0420336787564767,0.0425528466863544,0.4800000000000004,0.0288720487043718,0.0,0.0,59.34,0.2900528919979555,0.1023716089404577,57.9,59.44,57.54,59.34,57.79,57.94,56.935,57.58,57.74,58.49,56.49,57.58,57.61,58.88,56.3,58.13,7547.53,7565.37,7506.41,7515.34,7547.64,7579.93,7508.16,7575.39,7506.96,7579.93,7421.82,7575.39,7391.88,7540.75,7348.88,7483.24,26088.3133,26139.3683,25822.0948,25873.1764,26175.5355,26301.5382,26009.4919,26281.6069,25999.608,26301.5382,25526.465,26281.6069,25502.0883,26261.0906,25289.7642,25832.6716,52676.53,52846.51,52351.12,52498.64,52622.92,52709.75,52266.81,52637.01,52828.45,53289.3,52069.87,52637.01,51995.14,52903.85,51949.54,52900.07,-0.640377485675771,15.275123772352385,7.285059029891207,,1,1,-1,0,-1,-1,1,1,-1,-1,1,1,-1,1,-1,1
BMY,20260820,20260820.0,-1.0,1.0,67.67,67.67,67.15,67.24,67.35333333333334,-3.0,0.5589379106879442,67.23,67.25,67.02,67.15,67.2761465829633,0.3201463216366346,0.4401536595228467,0.0450106539966348,58.08976462608506,,,,,68.64,66.58,0.0,0.2606105733432782,0.119136262099774,0.4616530156366377,0.119136262099774,0.4616530156366377,0.119136262099774,0.6552494415487892,0.119136262099774,2.5167535368577987,0.119136262099774,1.0,1.0,1.0,8.0,59.0,,1787232660000.0,4168.0,0.519999999999996,2363.0,0.2300000000000039,1.7192136379091976,0.0644871794871796,0.0450106539966348,0.375,0.0261465829633067,0.0,0.0,67.61,0.4616530156366377,0.119136262099774,66.8,68.64,66.61,67.61,65.3,66.38,65.0,66.05,64.33,65.25,63.0,63.83,66.12,68.1,63.2,64.72,7716.74,7743.93,7700.07,7707.98,7700.04,7713.95,7688.63,7691.76,7751.74,7816.7,7717.25,7785.76,7504.78,7793.68,7504.78,7757.64,26393.8889,26456.7762,26185.1286,26331.0902,26346.8798,26422.5021,26266.6763,26289.7111,26680.444,26875.5203,26372.3071,26729.1644,25452.6626,26738.9959,25420.3517,26690.615,53463.47,53710.06,53399.53,53463.05,53354.43,53478.76,53256.34,53343.4,54072.66,54222.85,53622.46,53732.41,52759.06,54744.33,52759.06,54036.93,0.088744268599323,11.55282036201637,5.109901313968905,,1,1,-1,-1,-1,1,1,1,-1,0,1,1,-1,1,-1,0
CEG,20260615,20260615.0,-1.0,1.0,260.4,260.6,257.23,257.44,258.42333333333335,-3.0,1.141095085818704,257.22,257.22,256.3,256.91,257.72380412482454,0.8884242665604674,1.0158280956925203,0.3387030613180285,148.745075661262,,,,,255.12,247.64,0.0,0.2043517185006555,0.2724689580008518,0.3036082674866799,0.8135144603168326,0.3036082674866799,1.3195282394612846,0.3036082674866799,1.8566813280915424,0.3036082674866799,3.11003853489547,2.0,2.0,2.0,,,3.0,1781530260000.0,3497.0,3.3700000000000045,2677.0,1.1399999999999864,11.342329136627356,0.3656041131105392,0.3387030613180285,2.2549999999999955,0.5038041248245122,0.0,0.0,253.76,0.3036082674866799,0.2724689580008518,249.83,255.12,247.65,253.76,244.975,248.31,242.9,246.71,256.095,256.4699,240.51,253.76,275.0,278.61,253.68,254.83,7410.85,7456.4,7363.01,7431.45,7287.67,7412.68,7257.33,7394.31,7440.57,7483.15,7237.85,7431.45,7582.29,7620.9,7368.63,7383.73,25783.3592,26010.3135,25599.9397,25888.844,25309.7783,25846.564,25109.3944,25809.6595,26065.071,26259.9222,24980.3763,25888.844,26952.5792,27190.2067,25648.4693,25709.432,51148.73,51409.7,50827.84,51202.27,49972.07,50968.95,49972.07,50848.76,50997.23,51409.7,49909.07,51202.27,51161.1,51660.4,50687.07,50866.79,2.616645649432529,9.94971815987134,3.365780030342189,,1,1,-1,-1,1,1,-1,-1,1,1,-1,-1,1,1,1,-1
CEG,20260616,20260616.0,1.0,1.0,262.51,264.285,261.9,263.66,263.2816666666667,3.0,2.671340242097013,263.53,263.59,263.52,263.59,263.30782506785096,0.29333838001514,1.5316765679561015,0.3478984340686712,60.98760769562551,,,,,264.9,256.13,0.0,0.7435790432110613,0.0455252475435136,1.8930915436852724,0.0455252475435136,2.5873515687241744,0.0455252475435136,2.758071247012421,0.0455252475435136,3.311961758792071,0.0455252475435136,1.0,1.0,1.0,1.0,2.0,,1781616660000.0,6135.0,2.385000000000048,620.0,0.1400000000000432,11.329662769725404,0.3119794344473012,0.3478984340686712,1.2625000000000457,0.2121749321490256,0.0,0.0,262.35,1.460601692021709,0.0455252475435136,259.735,264.925,256.12,262.35,249.83,255.12,247.65,253.76,256.095,256.4699,240.51,253.76,275.0,278.61,253.68,254.83,7516.75,7577.92,7516.75,7554.28,7410.85,7456.4,7363.01,7431.45,7440.57,7483.15,7237.85,7431.45,7582.29,7620.9,7368.63,7383.73,26447.2301,26687.5567,26438.7668,26683.9412,25783.3592,26010.3135,25599.9397,25888.844,26065.071,26259.9222,24980.3763,25888.844,26952.5792,27190.2067,25648.4693,25709.432,51364.55,51945.89,51364.55,51671.04,51148.73,51409.7,50827.84,51202.27,50997.23,51409.7,49909.07,51202.27,51161.1,51660.4,50687.07,50866.79,0.06098723079853942,6.855449080662652,0.40241629823607883,,1,1,-1,-1,1,1,-1,-1,1,1,-1,-1,1,1,1,-1
CEG,20260721,20260721.0,1.0,1.0,256.85,259.58,256.85,259.23,258.55333333333334,3.0,2.158528352835284,259.53,260.45,259.53,260.44,259.2661604707909,1.5507332540626235,1.8353530031612224,0.3152182758584509,83.70058128467855,,,,,256.5,251.35,0.0,0.2188603901090436,0.1075103670710999,0.4031638765166685,0.1689448625403155,0.4031638765166685,0.9407157118722118,0.4031638765166685,1.3093226846874615,1.512824450929196,1.512824450929196,2.0,2.0,2.0,115.0,231.0,5.0,1784640660000.0,3837.0,2.7299999999999613,3130.0,1.2199999999999704,9.19428772614408,0.2448840206185573,0.3152182758584509,1.974999999999966,0.2638395292090649,0.0,0.0,253.5,0.4031638765166685,0.1382276148057186,255.418,256.52,251.33,253.5,247.37,254.29,244.95,252.39,250.505,266.0,244.95,252.39,241.43,252.72,236.56,251.38,7489.18,7513.23,7440.53,7443.28,7447.52,7498.47,7431.26,7457.69,7547.53,7581.5,7431.26,7457.69,7506.96,7579.93,7421.82,7575.39,25720.8706,25815.5997,25501.096,25508.0723,25412.259,25703.0087,25250.628,25520.2437,26088.3133,26316.8139,25250.628,25520.2437,25999.608,26301.5382,25526.465,26281.6069,52154.57,52411.9,51781.9,51839.26,52426.46,52610.97,51986.74,52146.42,52676.53,52924.86,51986.74,52146.42,52828.45,53289.3,52069.87,52637.01,1.321499013806715,8.66066535185882,3.8703339667647083,,-1,1,1,1,-1,1,-1,1,-1,1,-1,0,-1,-1,-1,-1
CEG,20260724,20260724.0,1.0,1.0,276.35,277.04,275.8,277.04,276.6266666666667,3.0,0.5220988688730624,277.6,278.0,277.6,278.0,276.74786123680246,0.076249646992375,0.3322309079975947,0.2802822290263848,304.0288234318777,,,,,278.12,271.59,0.0,0.0,0.4820143884891996,0.0,0.7194244604316548,0.0,0.7194244604316548,0.2877697841726659,0.7194244604316548,0.5611510791366915,1.8920863309352485,2.0,2.0,7.0,147.0,,2.0,1784899860000.0,997.0,1.240000000000009,108.0,0.9599999999999796,9.416669290939709,0.2800783289817234,0.2802822290263848,1.0999999999999943,0.8521387631975585,0.0,0.0,275.6,0.0,0.6798561151079088,271.92,278.19,271.5801,275.6,263.255,275.54,261.84,274.9,250.505,266.0,244.95,252.39,241.43,252.72,236.56,251.38,7418.29,7450.12,7376.0,7408.3,7497.47,7525.94,7485.85,7498.96,7547.53,7581.5,7431.26,7457.69,7506.96,7579.93,7421.82,7575.39,25245.5416,25358.2821,24954.7738,25137.6924,25693.7191,25841.3066,25681.3249,25690.9029,26088.3133,26316.8139,25250.628,25520.2437,25999.608,26301.5382,25526.465,26281.6069,51755.54,51885.14,51542.06,51711.65,52287.14,52511.21,52148.87,52218.58,52676.53,52924.86,51986.74,52146.42,52828.45,53289.3,52069.87,52637.01,0.27213352685050796,4.424112096965234,3.4251190428116964,,1,1,1,1,-1,-1,-1,1,-1,-1,-1,0,-1,-1,-1,-1
CEG,20260811,20260811.0,1.0,1.0,272.54,274.75,271.72,274.75,273.74,3.0,1.854701374528646,274.96,276.16,274.64,276.16,274.53202844239456,1.6104672897196262,1.7451453868598452,0.4263175758359301,25.326555536377267,,,,,275.17,268.33,0.0,0.0688006952491301,0.2317497103128777,0.0688006952491301,0.5105735805330334,0.6662804171494695,0.5105735805330334,0.6662804171494695,0.6155851680185563,1.5208574739281533,0.7097334878331533,2.0,2.0,4.0,5.0,28.0,2.0,1786455060000.0,6099.0,3.0299999999999727,4308.0,1.5200000000000389,10.415446220743751,0.3451302083333341,0.4263175758359301,2.2750000000000057,0.1079715576054241,0.0,0.0,270.43,0.0688006952491301,0.5105735805330334,270.3,275.17,268.36,270.43,263.925,270.99,261.37,269.89,264.95,280.0,260.675,269.89,276.0,277.19,256.16,262.75,7751.74,7773.76,7743.11,7753.11,7735.18,7763.08,7719.19,7757.64,7504.78,7793.68,7504.78,7757.64,7464.2,7512.04,7313.92,7489.72,26680.444,26724.6317,26548.2575,26605.3567,26534.6603,26712.6167,26478.0059,26690.615,25452.6626,26738.9959,25420.3517,26690.615,25236.1852,25460.8631,24425.3389,25373.8534,54072.66,54072.66,53850.19,53975.98,53849.26,54094.65,53807.94,54036.93,52759.06,54744.33,52759.06,54036.93,52173.42,52901.87,51551.18,52485.03,0.7802388788226209,7.107377625843133,3.5654171588389225,,1,1,1,1,1,1,1,1,-1,1,1,1,-1,0,1,1
CEG,20260821,20260821.0,-1.0,1.0,275.24,275.65,272.06,272.06,273.25666666666666,-3.0,0.3989885721791672,272.87,273.03,272.57,272.57,273.231568627451,0.0479846449136276,0.2968153459353757,0.3043255648275247,66.23453654485539,,,,,277.96,271.1,0.0,0.0073375646622819,0.3998972740947396,0.1797703342260737,0.3998972740947396,0.2091205928752222,0.4219099680816063,0.2091205928752222,1.0859595700187032,0.660380819605977,1.7096525663132498,2.0,2.0,15.0,31.0,,6.0,1787319060000.0,1215.0,4.1200000000000045,60.0,0.9699999999999704,9.94043425154254,0.2844633507853386,0.3043255648275247,2.5449999999999875,0.2015686274510244,0.0,0.0,272.92,0.0073375646622819,0.3998972740947396,273.45,277.965,271.07,272.92,268.55,274.99,267.84,274.17,270.3,287.0,268.36,282.5,264.95,280.0,260.675,269.89,7690.49,7699.96,7639.01,7641.16,7716.74,7743.93,7700.07,7707.98,7751.74,7816.7,7717.25,7785.76,7504.78,7793.68,7504.78,7757.64,26211.5202,26263.4673,26023.1232,26067.1656,26393.8889,26456.7762,26185.1286,26331.0902,26680.444,26875.5203,26372.3071,26729.1644,25452.6626,26738.9959,25420.3517,26690.615,53381.22,53381.22,52754.9,52759.21,53463.47,53710.06,53399.53,53463.05,54072.66,54222.85,53622.46,53732.41,52759.06,54744.33,52759.06,54036.93,0.850065953392933,13.538133092219834,3.1873759950128213,,-1,1,1,1,-1,-1,1,1,-1,-1,1,1,-1,-1,-1,0
CEG,20260826,20260826.0,1.0,1.0,278.555,280.45,278.44,280.2,279.69666666666666,3.0,1.5359926639156352,280.7,282.0,280.7,281.52,280.3335789364138,1.7259837962962965,1.6016601660166017,0.2993921018063877,122.38835339188292,,,,,279.94,272.7,0.0,0.0,0.2273373117362839,0.7779198635976122,0.2273373117362839,0.8098891730605391,0.2273373117362839,1.058539357772101,0.2273373117362839,1.3391588519465896,1.211281614094902,1.0,1.0,2.0,3.0,9.0,171.0,1787751060000.0,2010.0,3.099999999999966,1193.0,1.8000000000000114,9.290170572390297,0.3022222222222219,0.2993921018063877,2.4499999999999886,0.3664210635861877,0.0,0.0,278.42,0.4013924410343832,0.2273373117362839,274.41,279.92,272.65,278.42,271.59,275.607,269.53,273.43,285.47,286.3,264.82,272.88,270.3,287.0,268.36,282.5,7676.66,7686.11,7650.92,7677.28,7663.38,7670.3,7638.17,7652.86,7790.68,7790.68,7639.01,7674.37,7751.74,7816.7,7717.25,7785.76,26148.7096,26225.8274,26034.3453,26151.2998,26065.3195,26109.9609,25910.8163,25980.1905,26784.652,26798.3991,26023.1232,26180.4547,26680.444,26875.5203,26372.3071,26729.1644,53594.92,53675.32,53386.37,53577.4,53261.95,53508.18,53261.95,53417.16,53663.11,53710.06,52754.9,53277.01,54072.66,54222.85,53622.46,53732.41,0.048487895984480604,10.354314563731172,6.012182649908526,,1,1,-1,-1,1,1,-1,-1,1,1,-1,-1,-1,1,-1,-1
CME,20260601,20260601.0,1.0,1.0,272.22,273.9,272.14,273.6,273.2133333333333,3.0,7.413180202351654,273.28,273.515,273.28,273.515,273.21341568338244,0.0023769907297361,3.448626653102747,0.1991242006665747,33.43858576438385,,,,,279.81,272.28,0.0,0.0,0.3381898616163689,0.0,0.4003436740215237,0.0,1.054786757581848,0.0,1.6105149626163,0.0,5.957625724366108,2.0,2.0,,,,4.0,1780320660000.0,5422.0,1.759999999999991,2.0,0.32000000000005,6.444658467941896,0.2330978260869578,0.1991242006665747,1.0400000000000205,0.0665843166175363,,,273.54,,,277.05,279.82,272.28,273.54,279.63,280.4,277.11,277.42,290.01,290.86,272.28,273.54,297.87,308.01,288.76,291.23,7579.33,7599.38,7563.55,7580.05,7519.82,7568.72,7508.04,7563.62,7511.79,7599.38,7499.72,7580.05,7415.07,7506.32,7333.68,7473.48,26960.8405,27094.8025,26859.2645,26972.62,26686.5342,26934.8434,26588.5197,26917.4714,26590.5045,27094.8025,26520.298,26972.62,26289.4902,26504.5505,25701.4391,26343.9704,50773.91,51094.18,50698.27,51032.47,50660.98,50764.04,50314.34,50668.98,50686.15,51094.18,50314.34,51032.47,49481.04,50830.24,49235.74,50579.71,-0.4825619653432745,8.838704658240102,1.607037210589369,,-1,-1,-1,-1,1,1,1,1,1,1,1,1,1,1,1,1
CME,20260604,20260604.0,1.0,1.0,256.27,257.1,256.19,257.1,256.7966666666667,3.0,0.3920034149117815,257.35,258.16,257.18,258.05,257.1567131242741,0.5863438623037639,0.4451222664529804,0.3095822464578216,7.522032026167795,,,,,257.31,251.29,0.0,0.2945165665568652,0.0232513078860694,0.2945165665568652,0.1356326293354089,0.2945165665568652,0.1937608990505716,0.2945165665568652,0.3875217981011432,0.2945165665568652,1.4183297810501938,2.0,2.0,1.0,,,20.0,1780579860000.0,1102.0,0.910000000000025,620.0,1.0600000000000025,7.754606287925782,0.2966580976863742,0.3095822464578216,0.9850000000000136,0.023286875725887,,,252.64,0.2945165665568652,0.0813795776012541,254.23,257.5,251.28,252.64,258.495,260.42,244.56,250.53,290.01,290.86,272.28,273.54,297.87,308.01,288.76,291.23,7605.31,7605.35,7551.22,7553.67,7595.4,7620.9,7582.99,7609.77,7511.79,7599.38,7499.72,7580.05,7415.07,7506.32,7333.68,7473.48,27092.8445,27130.8758,26769.1555,26853.9756,27030.072,27171.286,26932.7729,27093.9009,26590.5045,27094.8025,26520.298,26972.62,26289.4902,26504.5505,25701.4391,26343.9704,51220.92,51220.92,50687.07,50687.08,50912.84,51369.61,50829.55,51307.8,50686.15,51094.18,50314.34,51032.47,49481.04,50830.24,49235.74,50579.71,1.4368271057631394,2.9394450438035893,3.423968952122776,,-1,0,-1,-1,-1,-1,1,1,-1,-1,1,1,-1,-1,1,1
CME,20260721,20260721.0,-1.0,1.0,243.26,243.7,242.53,242.53,242.92,-3.0,1.2141944900565589,242.54,242.68,241.25,241.25,242.89972919743963,0.0673696543643819,0.9418475236505288,0.1825380812049614,120.3744424117873,,,,,246.67,241.22,0.0,0.0663212435233146,0.1823834196891182,0.0870466321243556,0.3896373056994809,0.0870466321243556,0.3896373056994809,0.310880829015544,0.3896373056994809,1.7056994818652886,0.3896373056994809,1.0,1.0,9.0,266.0,316.0,,1784640660000.0,1331.0,1.1699999999999875,23.0,1.4300000000000068,6.900872804848835,0.1702412868632704,0.1825380812049614,1.2999999999999972,0.2197291974396478,,,245.11,0.0870466321243556,0.1823834196891182,243.5,246.7,241.22,245.11,246.27,248.3,243.16,245.05,243.1,248.3,240.49,245.05,235.86,247.09,231.295,240.27,7489.18,7513.23,7440.53,7443.28,7447.52,7498.47,7431.26,7457.69,7547.53,7581.5,7431.26,7457.69,7506.96,7579.93,7421.82,7575.39,25720.8706,25815.5997,25501.096,25508.0723,25412.259,25703.0087,25250.628,25520.2437,26088.3133,26316.8139,25250.628,25520.2437,25999.608,26301.5382,25526.465,26281.6069,52154.57,52411.9,51781.9,51839.26,52426.46,52610.97,51986.74,52146.42,52676.53,52924.86,51986.74,52146.42,52828.45,53289.3,52069.87,52637.01,-0.7547631675574324,6.409621445983441,7.833981767313216,,1,-1,1,1,-1,1,-1,1,-1,1,-1,0,-1,-1,-1,-1
CME,20260805,20260805.0,-1.0,1.0,264.11,264.11,263.69,263.8,263.8666666666666,-3.0,0.7674526121128062,262.83,262.83,261.84,261.84,263.13125142207053,0.2981220657276995,0.4561731278218901,0.2148531478793911,140.21271042286926,,,,,264.42,260.44,0.0,,,0.3208065994500363,0.0458295142071511,0.5041246562786409,0.0458295142071511,0.5079437824625666,0.0458295142071511,0.9853345554537062,1.1915673693858864,1.0,2.0,2.0,4.0,,163.0,1785936660000.0,332.0,0.4200000000000159,254.0,1.9600000000000364,6.942389061301883,0.1920448179271693,0.2148531478793911,1.190000000000026,0.3012514220705498,,,262.63,0.3208065994500363,0.0458295142071511,262.17,264.435,260.4,262.63,267.725,270.0,264.31,266.17,255.47,269.94,251.505,267.79,243.5,257.53,237.135,255.31,7630.62,7758.21,7629.1,7736.52,7504.78,7610.04,7504.78,7600.5,7464.2,7512.04,7313.92,7489.72,7489.18,7525.94,7376.0,7411.98,26088.0422,26679.9092,26088.0422,26584.993,25452.6626,25967.4411,25420.3517,25913.8956,25236.1852,25460.8631,24425.3389,25373.8534,25720.8706,25880.343,24918.093,24975.8238,53641.21,54272.6,53641.21,54085.88,52759.06,53230.08,52759.06,53178.41,52173.42,52901.87,51551.18,52485.03,52154.57,52511.21,51542.06,51947.25,0.5635304420667929,1.9548235813411727,9.122510046258629,,1,-1,1,1,1,1,1,-1,1,1,1,-1,1,1,1,1
CME,20260824,20260824.0,-1.0,1.0,276.25,276.25,275.515,275.515,275.76,-3.0,1.8326488706365505,275.48,275.59,275.42,275.42,275.74425925925925,0.0570962479608482,0.6718805545680767,0.1908513556584054,80.82691303245295,,,,,275.49,271.95,0.0,0.3376661099411832,0.0,0.3376661099411832,0.2723113789848231,0.3376661099411832,0.2832038341442062,0.3376661099411832,0.4284365696027909,0.3376661099411832,1.5830368164984228,2.0,2.0,1.0,,,13.0,1787578260000.0,357.0,0.7350000000000136,21.0,0.169999999999959,6.413931253254074,0.1632231404958684,0.1908513556584054,0.4524999999999863,0.1542592592592768,,,274.98,0.3376661099411832,0.0,272.58,275.5,271.64,274.98,266.94,273.18,266.42,270.87,269.32,275.5,262.2,274.98,262.57,271.09,256.83,269.8,7665.68,7697.11,7660.06,7674.37,7690.49,7699.96,7639.01,7641.16,7790.68,7790.68,7639.01,7674.37,7751.74,7816.7,7717.25,7785.76,26198.8348,26269.845,26049.2952,26180.4547,26211.5202,26263.4673,26023.1232,26067.1656,26784.652,26798.3991,26023.1232,26180.4547,26680.444,26875.5203,26372.3071,26729.1644,52768.87,53355.92,52768.87,53277.01,53381.22,53381.22,52754.9,52759.21,53663.11,53710.06,52754.9,53277.01,54072.66,54222.85,53622.46,53732.41,0.46185177103788705,3.8511646797812147,0.8907455721940631,,1,1,1,1,1,0,-1,-1,-1,1,-1,-1,1,0,-1,-1
CME,20260825,20260825.0,-1.0,1.0,277.95,277.95,275.92,275.92,276.59666666666664,-3.0,4.36126932465419,275.85,275.85,273.5,273.5,276.14651389932385,0.7053376906318083,2.171288743882545,0.1882296456245707,157.52773604814203,,,,,279.78,274.49,0.0,0.0,1.616087751371121,0.0,1.8391224862888385,0.0,2.029250457038396,0.0,2.1023765996343693,0.0,2.131627056672755,2.0,2.0,,,,1.0,1787664660000.0,1072.0,2.0299999999999727,259.0,2.420000000000016,6.357936163735927,0.1463873626373644,0.1882296456245707,2.2249999999999943,0.296513899323827,,,279.165,,,276.17,279.78,274.15,279.165,272.58,275.5,271.64,274.98,269.32,275.5,262.2,274.98,262.57,271.09,256.83,269.8,7663.38,7670.3,7638.17,7652.86,7665.68,7697.11,7660.06,7674.37,7790.68,7790.68,7639.01,7674.37,7751.74,7816.7,7717.25,7785.76,26065.3195,26109.9609,25910.8163,25980.1905,26198.8348,26269.845,26049.2952,26180.4547,26784.652,26798.3991,26023.1232,26180.4547,26680.444,26875.5203,26372.3071,26729.1644,53261.95,53508.18,53261.95,53417.16,52768.87,53355.92,52768.87,53277.01,53663.11,53710.06,52754.9,53277.01,54072.66,54222.85,53622.46,53732.41,-0.43522647896406486,10.784698623132217,12.856635797034723,,1,1,1,1,-1,-1,-1,-1,-1,-1,-1,-1,1,1,-1,-1
CMG,20260622,20260622.0,-1.0,1.0,31.93,32.25,31.6,31.6,31.816666666666663,-3.0,0.7838765958625273,31.63,31.7,31.56,31.62,31.7562870571222,0.2674170976574384,0.4857517502985459,0.0323566846880273,173.95804812791994,,,,,32.815,31.64,0.0,0.379506641366227,1.8342820999367544,0.379506641366227,1.8342820999367544,0.6641366223908945,1.8342820999367544,0.8538899430740025,1.8342820999367544,3.700189753320689,1.8342820999367544,2.0,2.0,1.0,4.0,55.0,1.0,1782135060000.0,5661.0,0.7800000000000011,2637.0,0.1400000000000005,1.1403766308260448,0.0290769230769231,0.0323566846880273,0.4600000000000008,0.0562870571221978,0.0,0.0,32.49,0.379506641366227,1.8342820999367544,31.86,32.815,31.63,32.49,32.12,32.51,31.63,31.86,32.635,33.4455,31.63,32.49,29.0,32.59,28.71,32.23,7487.36,7511.07,7468.32,7500.57,7524.5,7532.17,7402.61,7420.11,7516.75,7577.92,7402.61,7500.57,7440.57,7483.15,7237.85,7431.45,26410.6233,26559.7431,26188.6879,26517.9314,26493.8233,26511.554,25960.4094,26021.6556,26447.2301,26788.6179,25960.4094,26517.9314,26065.071,26259.9222,24980.3763,25888.844,51571.85,51949.26,51554.53,51564.71,51937.56,52281.19,51392.58,51492.56,51364.55,52281.19,51364.55,51564.71,50997.23,51409.7,49909.07,51202.27,-1.7236072637734756,24.106301604151017,4.326772082796346,,1,0,-1,1,1,0,-1,1,1,1,1,1,-1,0,1,1
CMG,20260708,20260708.0,-1.0,1.0,34.0,34.0,33.58,33.58,33.72,-3.0,1.029466271312083,33.56,33.57,33.35,33.51,33.61590406537563,0.9308319885242962,0.984823892225288,0.0335500341128318,136.82270849934395,,,,,35.38,34.245,0.0,0.5371530886302588,0.0447627573858566,0.8355714712026295,0.0447627573858566,1.1936735302894617,0.0447627573858566,1.4622500746045806,0.0447627573858566,1.4622500746045806,0.7609668755595421,1.0,1.0,1.0,1.0,4.0,62.0,1783517460000.0,5555.0,0.4200000000000017,4153.0,0.2299999999999968,1.1520449355280908,0.0369280205655527,0.0335500341128318,0.3249999999999993,0.0459040653756304,0.0,0.0,34.35,0.5520740077588636,0.0447627573858566,34.69,35.375,34.24,34.35,35.17,35.35,33.775,33.98,33.265,35.47,32.505,35.39,32.25,33.59,30.45,33.34,7516.63,7536.06,7478.63,7503.85,7506.96,7551.31,7500.97,7537.43,7391.88,7540.75,7348.88,7483.24,7500.44,7530.01,7294.18,7354.03,25960.1305,26010.0235,25684.1502,25818.6902,25999.608,26209.7625,25963.4399,26121.16,25502.0883,26261.0906,25289.7642,25832.6716,26483.3098,26561.1184,25014.9599,25297.6177,53104.06,53289.3,52774.17,52925.15,52828.45,53060.1,52648.69,53055.91,51995.14,52903.85,51949.54,52900.07,51555.19,52655.66,51301.77,51614.74,-1.0189228529839924,12.518616183444218,6.855432671885995,,-1,1,1,1,-1,-1,1,1,-1,-1,1,0,-1,1,1,1
CSCO,20260602,20260602.0,1.0,1.0,122.51,123.94,122.45,123.66,123.34999999999997,3.0,1.1561055656969743,123.65,124.2,123.65,124.15,123.63617783941328,1.7909662861186009,1.3699035941293525,0.1177779487179484,11.735779691505735,,,,,121.95,118.32,0.0,0.4188481675392637,0.2255336286749908,1.1357229158276252,0.2255336286749908,1.1840515505436962,0.2255336286749908,1.1840515505436962,0.2255336286749908,3.2782923882400263,0.2255336286749908,1.0,1.0,1.0,2.0,3.0,,1780407060000.0,23813.0,1.4899999999999949,18731.0,0.5499999999999972,3.631640307745708,0.1312948717948713,0.1177779487179484,1.019999999999996,0.013822160586713,0.0,0.0,121.33,0.7007652033829966,0.2255336286749908,119.8,121.95,118.3,121.33,117.82,121.43,117.0083,120.42,120.54,121.43,116.77,120.42,118.8,120.79,113.57,120.41,7582.29,7617.66,7562.61,7599.95,7579.33,7599.38,7563.55,7580.05,7511.79,7599.38,7499.72,7580.05,7415.07,7506.32,7333.68,7473.48,26952.5792,27190.2067,26913.1238,27086.8082,26960.8405,27094.8025,26859.2645,26972.62,26590.5045,27094.8025,26520.298,26972.62,26289.4902,26504.5505,25701.4391,26343.9704,51161.1,51161.1,50767.32,51078.89,50773.91,51094.18,50698.27,51032.47,50686.15,51094.18,50314.34,51032.47,49481.04,50830.24,49235.74,50579.71,0.9725541910492103,12.650925034941885,4.669804543099345,,1,1,-1,1,1,0,1,1,1,1,1,1,-1,1,1,1
CSCO,20260605,20260605.0,-1.0,1.0,129.09,129.09,127.4,127.7,128.06333333333333,-3.0,0.5197273367169266,127.605,127.77,127.21,127.51,127.93344303426552,0.2048995147633734,0.3843587263642929,0.1373148717948716,119.02791892030926,,,,,130.365,124.15,0.0,0.2195906203435033,0.1882205317229981,1.145008234648269,0.1882205317229981,1.7567249627480268,0.1882205317229981,2.203748725590151,0.1882205317229981,4.66630068229943,0.1882205317229981,1.0,1.0,2.0,2.0,3.0,,1780666260000.0,14029.0,1.6899999999999975,4172.0,0.5600000000000023,4.074944736194359,0.1486282051282048,0.1373148717948716,1.125,0.1634430342655264,0.0,0.0,130.0,0.6744569053407572,0.1882205317229981,126.06,130.3656,124.144,130.0,126.16,129.4155,124.915,126.5,120.54,121.43,116.77,120.42,118.8,120.79,113.57,120.41,7516.54,7598.19,7516.54,7584.32,7605.31,7605.35,7551.22,7553.67,7511.79,7599.38,7499.72,7580.05,7415.07,7506.32,7333.68,7473.48,26579.2971,26923.7016,26554.2391,26830.9575,27092.8445,27130.8758,26769.1555,26853.9756,26590.5045,27094.8025,26520.298,26972.62,26289.4902,26504.5505,25701.4391,26343.9704,50986.1,51657.89,50986.1,51561.94,51220.92,51220.92,50687.07,50687.08,50686.15,51094.18,50314.34,51032.47,49481.04,50830.24,49235.74,50579.71,-0.6999999999999974,12.307479720948297,4.078218132385257,,1,0,-1,1,1,-1,1,1,1,-1,1,1,1,1,1,1
CSCO,20260610,20260610.0,-1.0,1.0,119.79,120.21,119.21,119.375,119.59833333333331,-3.0,0.4405386389747335,119.26,119.26,118.69,118.81,119.32580224143838,0.3876810325712752,0.4176600731416564,0.1684000000000002,39.074965224689095,,,,,124.22,117.1,0.0,0.0,0.3787559969699544,0.0,0.8164295934685623,0.0589175995286654,0.8164295934685623,0.3619223971046265,0.8164295934685623,0.3619223971046265,1.8011951855904391,2.0,2.0,10.0,,,2.0,1781098260000.0,9893.0,1.0,6644.0,0.6850000000000023,4.609662385356782,0.202474358974359,0.1684000000000002,0.8425000000000011,0.0658022414383765,0.0,0.0,120.36,0.0,0.8164295934685623,123.26,124.22,117.1,120.36,123.56,126.435,122.0,124.15,119.8,130.3656,118.3,121.64,120.54,121.43,116.77,120.42,7438.66,7483.15,7237.85,7386.66,7440.57,7466.81,7395.13,7405.72,7582.29,7620.9,7368.63,7383.73,7511.79,7599.38,7499.72,7580.05,26110.3128,26259.9222,24980.3763,25678.8219,26065.071,26179.6534,25872.6814,25929.6626,26952.5792,27190.2067,25648.4693,25709.432,26590.5045,27094.8025,26520.298,26972.62,50814.42,51260.92,50211.12,50872.12,50997.23,51277.15,50732.35,50786.02,51161.1,51660.4,50687.07,50866.79,50686.15,51094.18,50314.34,51032.47,-0.4735792622133543,5.938242280285029,4.067695961995258,,-1,-1,1,1,-1,0,-1,0,-1,0,-1,0,1,-1,-1,1
CSCO,20260612,20260612.0,-1.0,1.0,122.35,122.46,121.66,121.79,121.97,-3.0,0.6422908725240288,121.82,121.88,121.5,121.765,121.88799184883293,0.4827944230198753,0.5806049133072323,0.1814846153846158,4.403595762637328,,,,,122.55,116.55,0.0,0.2258448651090261,0.0287438919229635,0.390095676097396,0.1929947029113451,0.390095676097396,0.3490329733503036,0.5461339465363662,0.3490329733503036,0.8458916765901541,0.8417854063154484,1.0,2.0,2.0,10.0,,39.0,1781271060000.0,10986.0,0.7999999999999972,5208.0,0.3799999999999954,4.578586444516818,0.1920512820512822,0.1814846153846158,0.5899999999999963,0.0079918488329155,0.0,0.0,121.83,0.390095676097396,0.0533815135712213,117.182,122.55,116.5,121.83,119.72,120.95,118.36,118.8,119.8,130.3656,118.3,121.64,120.54,121.43,116.77,120.42,7287.67,7412.68,7257.33,7394.31,7350.54,7396.56,7265.93,7267.0,7582.29,7620.9,7368.63,7383.73,7511.79,7599.38,7499.72,7580.05,25309.7783,25846.564,25109.3944,25809.6595,25512.0694,25725.9963,25145.3018,25169.5012,26952.5792,27190.2067,25648.4693,25709.432,26590.5045,27094.8025,26520.298,26972.62,49972.07,50968.95,49972.07,50848.76,50760.12,50769.26,49909.07,49918.79,51161.1,51660.4,50687.07,50866.79,50686.15,51094.18,50314.34,51032.47,0.4268242633177346,4.408087144491985,2.093841393633675,,1,0,1,1,1,0,-1,0,1,0,-1,0,1,1,-1,1
CSCO,20260615,20260615.0,-1.0,1.0,122.58,122.6,121.6,121.83,122.01,-3.0,1.3120309412092777,121.71,121.71,120.8,121.04,121.79238652868554,0.7033580732009023,1.0685989916406573,0.1705333333333335,48.31109969832668,,,,,122.79,120.735,0.0,0.5287508261731663,0.0,0.7105089226701912,0.0,0.7105089226701912,0.0,0.7105089226701912,0.0,1.2433906146728433,0.442002643754128,1.0,1.0,1.0,1.0,75.0,,1781530260000.0,21643.0,1.0,7733.0,1.0300000000000011,4.398687412765616,0.1358076923076919,0.1705333333333335,1.0150000000000006,0.0823865286855465,0.0,0.0,121.1,0.7105089226701912,0.0,122.35,122.79,120.73,121.1,117.182,122.55,116.5,121.83,123.56,126.435,116.5,121.1,119.8,130.3656,118.3,121.64,7410.85,7456.4,7363.01,7431.45,7287.67,7412.68,7257.33,7394.31,7440.57,7483.15,7237.85,7431.45,7582.29,7620.9,7368.63,7383.73,25783.3592,26010.3135,25599.9397,25888.844,25309.7783,25846.564,25109.3944,25809.6595,26065.071,26259.9222,24980.3763,25888.844,26952.5792,27190.2067,25648.4693,25709.432,51148.73,51409.7,50827.84,51202.27,49972.07,50968.95,49972.07,50848.76,50997.23,51409.7,49909.07,51202.27,51161.1,51660.4,50687.07,50866.79,1.2221304706853873,5.863956215793583,6.039874902267397,,-1,1,-1,-1,1,1,-1,-1,1,1,-1,-1,1,1,1,-1
CSCO,20260702,20260702.0,-1.0,1.0,117.29,117.29,115.53,115.89,116.23666666666666,-3.0,0.6248494918846024,115.83,115.96,115.44,115.54,115.99275064993785,0.8470160487251337,0.7008468467041107,0.1334641025641022,24.538920435259907,,,,,117.42,114.99,0.0,0.0,0.3635104725636034,0.1471351912757501,0.4587155963302639,0.1471351912757501,0.4587155963302639,0.6404708326120903,0.4587155963302639,3.1504240955513247,0.4587155963302639,1.0,1.0,8.0,8.0,56.0,,1782999060000.0,10379.0,1.7600000000000051,7315.0,0.519999999999996,3.870206558102442,0.1349487179487179,0.1334641025641022,1.1400000000000006,0.0327506499378387,0.0,0.0,117.01,0.1471351912757501,0.3635104725636034,116.54,117.43,114.99,117.01,116.78,119.1,116.2,117.46,119.6,122.89,112.858,113.77,122.56,122.59,116.94,119.54,7478.84,7521.81,7449.63,7483.23,7441.27,7508.29,7438.04,7499.36,7500.44,7530.01,7294.18,7354.03,7516.75,7577.92,7402.61,7500.57,26039.5074,26238.0595,25954.4558,26040.0314,25824.4739,26253.0419,25808.0588,26213.7196,26483.3098,26561.1184,25014.9599,25297.6177,26447.2301,26788.6179,25960.4094,26517.9314,52231.18,52742.66,52026.64,52305.24,52168.18,52387.45,52033.13,52319.2,51555.19,52655.66,51301.77,51614.74,51364.55,52281.19,51364.55,51564.71,0.2392957866848997,13.187066530902458,3.896178747766594,,1,-1,-1,0,1,1,-1,-1,1,0,-1,-1,1,0,1,0
CVS,20260603,20260603.0,1.0,1.0,89.855,90.31,89.855,90.31,90.15833333333332,3.0,0.5846556770913572,90.31,90.46,90.31,90.32,90.2181887437811,0.3017740069417662,0.459022009077674,0.0616979525634356,148.80762230238776,,,,,91.23,89.42,0.0,0.1992914083259597,0.0,0.7418069087688239,0.0,0.7418069087688239,0.0,0.7418069087688239,0.0,3.3159875996457098,0.0,1.0,1.0,2.0,2.0,26.0,,1780493460000.0,759.0,0.8700000000000045,313.0,0.1499999999999914,2.2539456077831304,0.0577432432432431,0.0616979525634356,0.509999999999998,0.0918112562189037,0.0,0.0,89.5,0.7418069087688239,0.0,90.55,91.195,89.42,89.5,91.13,91.85,90.19,90.62,93.06,94.175,90.57,90.98,95.7,96.45,92.56,93.26,7595.4,7620.9,7582.99,7609.77,7582.29,7617.66,7562.61,7599.95,7511.79,7599.38,7499.72,7580.05,7415.07,7506.32,7333.68,7473.48,27030.072,27171.286,26932.7729,27093.9009,26952.5792,27190.2067,26913.1238,27086.8082,26590.5045,27094.8025,26520.298,26972.62,26289.4902,26504.5505,25701.4391,26343.9704,50912.84,51369.61,50829.55,51307.8,51161.1,51161.1,50767.32,51078.89,50686.15,51094.18,50314.34,51032.47,49481.04,50830.24,49235.74,50579.71,0.39664804469274184,14.100954146014848,2.431198990692063,,-1,-1,-1,-1,1,1,1,1,1,0,1,1,1,1,1,1
CVS,20260610,20260610.0,-1.0,1.0,97.77,97.77,97.16,97.4,97.44333333333331,-3.0,1.1592849519743864,97.335,97.335,97.1,97.15,97.35223254401944,0.3660753235422422,0.6458823529411765,0.0796113044624612,21.64585059346116,,,,,97.52,95.93,0.0,0.0205867215646013,0.1955738548636106,0.0205867215646013,0.8749356664951047,0.0205867215646013,0.8749356664951047,0.6999485331960955,0.8749356664951047,1.0396294390118426,1.492537313432824,2.0,2.0,10.0,10.0,14.0,2.0,1781098260000.0,1738.0,0.6099999999999994,1007.0,0.3000000000000113,2.342680219831434,0.0715384615384615,0.0796113044624612,0.4550000000000054,0.0172325440194498,0.0,0.0,97.06,0.0205867215646013,0.6278950077200199,96.7,97.52,95.92,97.06,95.95,97.27,94.89,97.08,91.13,96.63,89.42,95.93,93.06,94.175,90.57,90.98,7438.66,7483.15,7237.85,7386.66,7440.57,7466.81,7395.13,7405.72,7582.29,7620.9,7368.63,7383.73,7511.79,7599.38,7499.72,7580.05,26110.3128,26259.9222,24980.3763,25678.8219,26065.071,26179.6534,25872.6814,25929.6626,26952.5792,27190.2067,25648.4693,25709.432,26590.5045,27094.8025,26520.298,26972.62,50814.42,51260.92,50211.12,50872.12,50997.23,51277.15,50732.35,50786.02,51161.1,51660.4,50687.07,50866.79,50686.15,51094.18,50314.34,51032.47,0.7315062847722993,7.662228424954779,3.7683090614533152,,1,1,1,0,-1,0,-1,0,-1,0,-1,0,1,-1,-1,1
CVS,20260618,20260618.0,-1.0,1.0,99.215,99.215,98.51,98.51,98.745,-3.0,0.241801272638277,98.6,98.6,98.52,98.52,98.68804713804714,0.0967334240715535,0.1690161455538754,0.0851700969507495,103.37799438934408,,,,,100.76,98.57,0.0,0.0609013398294785,0.1827040194884356,0.0609013398294785,0.3552578156719534,0.0609013398294785,0.4567600487210748,0.0609013398294785,0.487210718635814,0.6800649614291532,0.5379618351603747,1.0,2.0,14.0,15.0,,129.0,1781789460000.0,494.0,0.7049999999999983,199.0,0.0899999999999892,2.4624650721112618,0.0777948717948715,0.0851700969507495,0.3974999999999937,0.0880471380471448,0.0,0.0,99.16,0.0609013398294785,0.1827040194884356,100.31,100.77,98.56,99.16,100.725,101.0,98.7521,100.72,95.95,102.77,94.89,101.96,91.13,96.63,89.42,95.93,7524.5,7532.17,7402.61,7420.11,7548.78,7564.96,7508.68,7511.34,7440.57,7483.15,7237.85,7431.45,7582.29,7620.9,7368.63,7383.73,26493.8233,26511.554,25960.4094,26021.6556,26649.9687,26788.6179,26369.3882,26376.3437,26065.071,26259.9222,24980.3763,25888.844,26952.5792,27190.2067,25648.4693,25709.432,51937.56,52281.19,51392.58,51492.56,51712.63,52190.29,51712.63,51999.68,50997.23,51409.7,49909.07,51202.27,51161.1,51660.4,50687.07,50866.79,0.05546591367487578,8.277553099507118,1.0567089063199335,,-1,-1,1,1,-1,-1,-1,-1,-1,-1,-1,-1,-1,0,1,-1
CVS,20260715,20260715.0,-1.0,1.0,105.83,105.98,105.42,105.49,105.63,-3.0,1.91933788754598,105.22,105.22,104.38,104.4,105.2716226090694,1.0567765567765568,1.4722819896215669,0.0781775705689509,66.0325061187234,,,,,106.9,105.12,0.0,0.7375478927203163,0.2059386973179973,0.7375478927203163,0.2059386973179973,0.7375478927203163,0.2059386973179973,0.7375478927203163,0.6609195402298829,0.7375478927203163,3.390804597701141,1.0,2.0,1.0,1.0,,9.0,1784122260000.0,2922.0,0.7900000000000063,1731.0,1.1099999999999994,2.419184244832256,0.079935400516796,0.0781775705689509,0.9500000000000028,0.0516226090694118,0.0,0.0,106.18,0.7375478927203163,0.2059386973179973,106.59,106.93,105.1,106.18,105.0,106.395,104.62,105.9,105.09,105.69,101.78,104.15,103.8,105.23,102.69,104.72,7536.7,7557.44,7513.23,7543.59,7547.53,7565.37,7506.41,7515.34,7506.96,7579.93,7421.82,7575.39,7391.88,7540.75,7348.88,7483.24,26015.4921,26168.8046,25912.4015,26107.0078,26088.3133,26139.3683,25822.0948,25873.1764,25999.608,26301.5382,25526.465,26281.6069,25502.0883,26261.0906,25289.7642,25832.6716,52046.36,52695.06,52046.36,52508.27,52676.53,52846.51,52351.12,52498.64,52828.45,53289.3,52069.87,52637.01,51995.14,52903.85,51949.54,52900.07,-0.32962893200226834,10.105200177629511,14.198445819200838,,-1,1,-1,0,1,0,1,1,1,1,1,1,1,-1,-1,1
CVS,20260727,20260727.0,-1.0,1.0,107.51,107.61,106.81,107.01,107.14333333333332,-3.0,0.9628543499511242,106.82,106.82,106.4,106.63,106.85029272686332,1.6698202459791864,1.2595722956492144,0.07202508072777,42.0585809238214,,,,,108.39,106.95,0.0,0.0,0.1781862515239592,0.0937822376441848,0.1781862515239592,0.1781862515239592,0.1781862515239592,0.3282378317546603,0.2156991465816412,1.209790865610046,1.162899746787967,1.0,1.0,6.0,19.0,32.0,268.0,1785159060000.0,1970.0,0.9399999999999976,2471.0,0.6099999999999994,2.4841581043333454,0.0661096605744128,0.07202508072777,0.7749999999999986,0.0302927268633368,0.0,0.0,107.74,0.0,0.1781862515239592,107.65,108.39,106.91,107.74,107.27,107.5499,106.0,106.89,107.31,110.68,106.0,107.74,105.0,108.97,103.56,107.47,7406.3,7460.98,7396.53,7411.98,7418.29,7450.12,7376.0,7408.3,7489.18,7525.94,7376.0,7411.98,7547.53,7581.5,7431.26,7457.69,25107.3837,25222.1378,24918.093,24975.8238,25245.5416,25358.2821,24954.7738,25137.6924,25720.8706,25880.343,24918.093,24975.8238,26088.3133,26316.8139,25250.628,25520.2437,51791.37,52118.19,51682.36,51947.25,51755.54,51885.14,51542.06,51711.65,52154.57,52511.21,51542.06,51947.25,52676.53,52924.86,51986.74,52146.42,-0.21347688880637627,13.05100932205649,8.46927200686646,,1,1,1,1,1,1,-1,-1,-1,-1,-1,-1,1,1,-1,-1
CVS,20260729,20260729.0,-1.0,1.0,109.88,109.88,109.26,109.52,109.55333333333331,-3.0,1.205708661417323,109.23,109.315,109.22,109.22,109.53841092790172,0.0484836961688373,0.5529039523783986,0.0731490914429036,305.4185957676695,,,,,109.55,107.1,0.0,0.2380516388939801,0.1007141549166814,0.2380516388939801,0.1007141549166814,0.3570774583409637,0.1007141549166814,0.5585057681743265,0.1007141549166814,3.094671305621677,0.1007141549166814,1.0,1.0,4.0,10.0,12.0,,1785331860000.0,1960.0,0.6999999999999886,102.0,0.2999999999999971,2.489095508328242,0.0736945169712794,0.0731490914429036,0.4999999999999929,0.2234109279017246,0.0,0.0,109.34,0.2380516388939801,0.1007141549166814,107.97,109.59,107.08,109.34,107.41,107.88,105.36,107.07,107.31,110.68,106.0,107.74,105.0,108.97,103.56,107.47,7395.55,7452.09,7382.95,7428.78,7464.2,7480.57,7382.74,7413.18,7489.18,7525.94,7376.0,7411.98,7547.53,7581.5,7431.26,7457.69,24825.0719,24984.5008,24581.0056,24876.9122,25236.1852,25261.9122,24774.8672,24932.0815,25720.8706,25880.343,24918.093,24975.8238,26088.3133,26316.8139,25250.628,25520.2437,52492.88,52901.87,52443.52,52747.32,52173.42,52607.78,51985.38,52210.08,52154.57,52511.21,51542.06,51947.25,52676.53,52924.86,51986.74,52146.42,0.49387232485823307,9.569496848041817,4.101212934875091,,1,1,1,1,1,0,-1,-1,1,-1,-1,-1,1,1,-1,-1
CVS,20260810,20260810.0,1.0,1.0,95.55,96.02,95.55,95.99,95.85333333333335,3.0,2.630966239813737,96.17,96.28,96.02,96.24,95.94248793565684,0.2419431504895902,0.7120494807574832,0.1022639188371226,75.79610210968758,,,,,96.26,94.6,0.0,0.0311720698254375,0.2389858686616685,0.0311720698254375,0.2389858686616685,0.0311720698254375,0.4571903574397317,0.0311720698254375,0.7273482959268378,0.0311720698254375,1.620947630922681,2.0,2.0,,,,8.0,1786368660000.0,6780.0,0.4899999999999949,2545.0,0.2900000000000062,3.074210065578952,0.0738589743589744,0.1022639188371226,0.3900000000000005,0.0775120643431535,0.0,0.0,95.7,0.0311720698254375,0.2389858686616685,95.2,96.28,94.57,95.7,100.98,101.0,96.1,96.22,105.36,105.69,93.5,95.7,107.41,110.0,103.01,104.43,7735.18,7763.08,7719.19,7757.64,7713.79,7742.85,7698.15,7709.96,7504.78,7793.68,7504.78,7757.64,7464.2,7512.04,7313.92,7489.72,26534.6603,26712.6167,26478.0059,26690.615,26268.8434,26499.4225,26208.4314,26348.3522,25452.6626,26738.9959,25420.3517,26690.615,25236.1852,25460.8631,24425.3389,25373.8534,53849.26,54094.65,53807.94,54036.93,54426.85,54502.87,53835.02,53885.1,52759.06,54744.33,52759.06,54036.93,52173.42,52901.87,51551.18,52485.03,-0.15673981191223163,4.791523790325558,2.8357997942743998,,1,-1,-1,-1,1,1,1,1,1,1,1,1,1,-1,1,1
CVS,20260812,20260812.0,-1.0,1.0,93.9,93.9,93.27,93.44,93.53666666666668,-3.0,0.3124121253022889,93.31,93.31,93.2,93.295,93.4864155084126,0.0244442746925368,0.0974410150402737,0.0970026050213709,181.8667739631551,,,,,96.31,93.02,0.0,0.1554209764724755,0.2786858888472105,0.1554209764724755,0.5520124336781184,0.1554209764724755,0.5520124336781184,0.1554209764724755,0.5948871858084491,0.1554209764724755,1.9775979420118968,2.0,2.0,,,,2.0,1786541460000.0,1111.0,0.6300000000000097,256.0,0.2399999999999948,3.000109699402259,0.0648200514138816,0.0970026050213709,0.4350000000000023,0.1764155084125889,0.0,0.0,93.5,0.1554209764724755,0.5520124336781184,95.47,96.36,93.01,93.5,95.33,96.34,94.68,95.67,105.36,105.69,93.5,95.7,107.41,110.0,103.01,104.43,7767.51,7767.51,7717.25,7728.2,7751.74,7773.76,7743.11,7753.11,7504.78,7793.68,7504.78,7757.64,7464.2,7512.04,7313.92,7489.72,26672.1748,26679.2601,26372.3071,26445.4462,26680.444,26724.6317,26548.2575,26605.3567,25452.6626,26738.9959,25420.3517,26690.615,25236.1852,25460.8631,24425.3389,25373.8534,53961.6,54222.85,53746.43,53791.85,54072.66,54072.66,53850.19,53975.98,52759.06,54744.33,52759.06,54036.93,52173.42,52901.87,51551.18,52485.03,0.42780748663102214,6.4946709406537355,2.4741603583441885,,-1,0,-1,-1,-1,-1,1,1,-1,-1,1,1,-1,0,1,1
DASH,20260611,20260611.0,-1.0,1.0,150.19,150.23,147.94,147.94,148.70333333333332,-3.0,3.5504927684628185,147.89,147.95,146.19,146.48,148.19239790394528,3.1593648926786235,3.4318708756911,0.2364338448057276,102.52250651528408,,,,,156.59,150.85,0.0,0.0,1.0137902785363284,0.0,1.225423265974888,0.0,1.5496996176952555,0.0,2.10950300382305,0.0,5.679956308028415,2.0,2.0,,,,1.0,1781184660000.0,5548.0,2.289999999999992,2149.0,1.759999999999991,7.671013547582205,0.2324728260869573,0.2364338448057276,2.0249999999999915,0.2423979039452888,0.0,0.0,151.0,0.0,1.1366739486619477,153.58,156.625,150.85,151.0,152.73,161.946299,151.0,155.67,161.54,166.52,151.66,156.8,160.71,163.2299,153.35,159.29,7350.54,7396.56,7265.93,7267.0,7438.66,7483.15,7237.85,7386.66,7582.29,7620.9,7368.63,7383.73,7511.79,7599.38,7499.72,7580.05,25512.0694,25725.9963,25145.3018,25169.5012,26110.3128,26259.9222,24980.3763,25678.8219,26952.5792,27190.2067,25648.4693,25709.432,26590.5045,27094.8025,26520.298,26972.62,50760.12,50769.26,49909.07,49918.79,50814.42,51260.92,50211.12,50872.12,51161.1,51660.4,50687.07,50866.79,50686.15,51094.18,50314.34,51032.47,-0.5364238410596042,9.685584573907487,7.443942729291331,,-1,-1,-1,0,-1,0,-1,0,-1,0,-1,0,-1,-1,-1,1
DASH,20260612,20260612.0,-1.0,1.0,155.52,155.65,154.63,154.69,154.98999999999998,-3.0,0.820053406839521,154.5,154.5,152.35,152.66,154.5844,0.5562347188264058,0.7416601077677544,0.243632775287011,34.64230126696246,,,,,154.8,146.19,0.0,0.7991615354382281,0.0851565570548902,1.9258482903183527,0.0851565570548902,2.2533735097602503,0.0851565570548902,2.358181579981655,0.0851565570548902,3.6093279182497,0.0851565570548902,1.0,1.0,1.0,1.0,2.0,,1781271060000.0,1904.0,1.0200000000000102,546.0,2.3400000000000034,7.743798294183476,0.2743582887700534,0.243632775287011,1.6800000000000068,0.084399999999988,0.0,0.0,154.59,1.2576968426568764,0.0851565570548902,150.01,154.8,146.11,154.59,153.58,156.625,150.85,151.0,161.54,166.52,151.66,156.8,160.71,163.2299,153.35,159.29,7287.67,7412.68,7257.33,7394.31,7350.54,7396.56,7265.93,7267.0,7582.29,7620.9,7368.63,7383.73,7511.79,7599.38,7499.72,7580.05,25309.7783,25846.564,25109.3944,25809.6595,25512.0694,25725.9963,25145.3018,25169.5012,26952.5792,27190.2067,25648.4693,25709.432,26590.5045,27094.8025,26520.298,26972.62,49972.07,50968.95,49972.07,50848.76,50760.12,50769.26,49909.07,49918.79,51161.1,51660.4,50687.07,50866.79,50686.15,51094.18,50314.34,51032.47,0.6015913060353236,4.1866288261027345,9.604619071647369,,1,-1,-1,0,1,0,-1,0,1,0,-1,0,1,1,-1,1
DASH,20260616,20260616.0,-1.0,1.0,167.98,168.0,166.34,166.51,166.95000000000002,-3.0,0.5543103448275862,166.44,166.44,165.73,166.25,166.57914839797638,0.512022630834512,0.5341139383021842,0.2680150990077118,51.91811897596894,,,,,169.07,151.95,0.0,0.403007518796985,0.0,0.4390977443608961,0.5894736842105202,0.4390977443608961,1.1428571428571463,0.4390977443608961,1.1669172932330814,0.4390977443608961,3.837593984962404,2.0,2.0,1.0,,,3.0,1781616660000.0,1286.0,1.6599999999999966,1086.0,0.7800000000000011,8.56518832508677,0.2956005221932123,0.2680150990077118,1.2199999999999989,0.1391483979763847,0.0,0.0,168.09,0.4390977443608961,0.0,152.0,169.07,151.95,168.09,155.24,155.705,147.15,150.58,156.8,161.946299,146.11,150.58,161.54,166.52,151.66,156.8,7516.75,7577.92,7516.75,7554.28,7410.85,7456.4,7363.01,7431.45,7440.57,7483.15,7237.85,7431.45,7582.29,7620.9,7368.63,7383.73,26447.2301,26687.5567,26438.7668,26683.9412,25783.3592,26010.3135,25599.9397,25888.844,26065.071,26259.9222,24980.3763,25888.844,26952.5792,27190.2067,25648.4693,25709.432,51364.55,51945.89,51364.55,51671.04,51148.73,51409.7,50827.84,51202.27,50997.23,51409.7,49909.07,51202.27,51161.1,51660.4,50687.07,50866.79,-0.06544113272652367,6.193680901359338,2.9102837970242774,,1,1,-1,-1,1,1,-1,-1,1,1,-1,-1,1,1,1,-1
DASH,20260629,20260629.0,-1.0,1.0,183.4,184.59,183.0,183.29,183.62666666666664,-3.0,5.610089949159171,182.61,182.63,180.56,181.0,183.0820907973305,0.4896988906497623,1.5787722508733988,0.3020787010220817,149.65993822168866,,,,,186.84,176.325,0.0,0.3259668508287311,0.6740331491712701,0.3259668508287311,1.1436464088397753,1.5138121546961376,1.1436464088397753,1.5138121546961376,1.1436464088397753,1.5138121546961376,3.0662983425414425,2.0,2.0,1.0,4.0,4.0,1.0,1782739860000.0,2869.0,1.5900000000000034,927.0,2.7299999999999898,8.602496094119164,0.3132152230971118,0.3020787010220817,2.1599999999999966,0.452090797330527,0.0,0.0,183.09,0.3259668508287311,1.1436464088397753,177.06,186.865,176.335,183.09,176.51,178.31,172.36,176.91,170.74,186.865,169.0,183.09,152.0,174.34,151.95,173.46,7312.74,7392.95,7294.18,7354.03,7404.91,7419.08,7323.5,7357.48,7500.44,7530.01,7294.18,7354.03,7516.75,7577.92,7402.61,7500.57,25105.4142,25491.3747,25014.9599,25297.6177,25724.7791,25724.7791,25123.4264,25358.6029,26483.3098,26561.1184,25014.9599,25297.6177,26447.2301,26788.6179,25960.4094,26517.9314,51803.77,52130.07,51614.74,51614.74,52009.02,52655.66,51857.78,51920.63,51555.19,52655.66,51301.77,51614.74,51364.55,52281.19,51364.55,51564.71,0.16931563711835834,5.263528989697873,9.037379963443465,,1,1,1,1,1,-1,-1,-1,1,-1,-1,-1,-1,-1,1,0
DASH,20260707,20260707.0,1.0,1.0,194.28,195.66,193.39,195.12,194.72333333333333,3.0,0.5541490857946554,195.2,196.39,195.2,196.06,194.90396190476187,0.2481785063752277,0.4649000464900046,0.2909970538906935,101.73233415253657,,,,,196.78,187.41,0.0,0.6120575334081345,0.0969091094562877,1.3414260940528386,0.0969091094562877,1.3414260940528386,0.0969091094562877,1.3414260940528386,0.2805263694787367,1.4995409568499427,0.9257370192798112,1.0,1.0,1.0,1.0,2.0,87.0,1783431060000.0,1182.0,2.2700000000000102,218.0,1.2699999999999818,8.190982649107859,0.318614958448753,0.2909970538906935,1.769999999999996,0.2960380952381172,0.0,0.0,188.46,1.3414260940528386,0.0969091094562877,191.93,196.79,187.335,188.46,189.96,193.44,188.95,192.01,183.41,193.44,178.26,192.01,170.74,186.865,169.0,183.09,7506.96,7551.31,7500.97,7537.43,7495.14,7540.75,7427.55,7483.24,7391.88,7540.75,7348.88,7483.24,7500.44,7530.01,7294.18,7354.03,25999.608,26209.7625,25963.4399,26121.16,26047.3823,26261.0906,25630.5065,25832.6716,25502.0883,26261.0906,25289.7642,25832.6716,26483.3098,26561.1184,25014.9599,25297.6177,52828.45,53060.1,52648.69,53055.91,52395.22,52903.85,52395.22,52900.07,51995.14,52903.85,51949.54,52900.07,51555.19,52655.66,51301.77,51614.74,3.088188475007956,7.800766260859413,4.364305352991748,,-1,0,1,1,1,1,1,1,1,0,1,0,1,1,1,1
DASH,20260708,20260708.0,-1.0,1.0,193.53,194.74,190.41,190.76,191.97,-3.0,1.0910002227667632,190.0,190.0,188.22,188.22,191.23081183216053,0.8131957643225631,1.0101887686596636,0.2897615362866768,424.7671543758127,,,,,199.0,193.39,0.0,0.3825310806503023,0.2178301987036428,0.4781638508128815,0.2178301987036428,1.3388587822760654,0.2178301987036428,1.710763999574965,0.2178301987036428,2.9327382849856605,1.0439910742747869,1.0,1.0,1.0,4.0,5.0,17.0,1783517460000.0,1959.0,4.590000000000003,599.0,2.539999999999992,8.362341031314442,0.2937533512064353,0.2897615362866768,3.5649999999999977,1.2308118321605548,0.0,0.0,195.72,0.4515991924343822,0.2178301987036428,194.33,199.05,193.08,195.72,191.93,196.79,187.335,188.46,183.41,193.44,178.26,192.01,170.74,186.865,169.0,183.09,7516.63,7536.06,7478.63,7503.85,7506.96,7551.31,7500.97,7537.43,7391.88,7540.75,7348.88,7483.24,7500.44,7530.01,7294.18,7354.03,25960.1305,26010.0235,25684.1502,25818.6902,25999.608,26209.7625,25963.4399,26121.16,25502.0883,26261.0906,25289.7642,25832.6716,26483.3098,26561.1184,25014.9599,25297.6177,53104.06,53289.3,52774.17,52925.15,52828.45,53060.1,52648.69,53055.91,51995.14,52903.85,51949.54,52900.07,51555.19,52655.66,51301.77,51614.74,-1.1189454322501522,15.840611762421316,8.765828731274507,,1,1,1,1,-1,-1,1,1,-1,-1,1,0,-1,1,1,1
DASH,20260722,20260722.0,-1.0,1.0,188.045,188.045,183.9,183.91,185.285,-3.0,2.291208791208791,184.58,184.65,183.85,183.85,185.20604679089027,0.3322746151966772,1.6384433770251567,0.2669819870185772,208.27127593876688,,,,,189.25,185.19,0.0,0.0598313842806555,0.0,0.8702746804460127,0.1658961109600254,1.006255099265703,0.1658961109600254,1.8221376121838424,0.1658961109600254,4.209953766657591,0.1658961109600254,1.0,1.0,2.0,2.0,5.0,,1784727060000.0,3753.0,4.144999999999982,272.0,0.8000000000000114,7.885288761701645,0.2212000000000015,0.2669819870185772,2.4724999999999966,0.5560467908902638,0.0,0.0,188.04,0.8702746804460127,0.1658961109600254,186.96,189.14,185.24,188.04,184.65,191.55,183.9715,189.02,192.7,195.65,181.6803,184.14,191.93,199.05,182.485,191.82,7489.95,7515.31,7467.86,7509.2,7489.18,7513.23,7440.53,7443.28,7547.53,7581.5,7431.26,7457.69,7506.96,7579.93,7421.82,7575.39,25772.5487,25880.343,25672.8278,25837.2065,25720.8706,25815.5997,25501.096,25508.0723,26088.3133,26316.8139,25250.628,25520.2437,25999.608,26301.5382,25526.465,26281.6069,51916.79,52370.65,51890.1,52224.64,52154.57,52411.9,51781.9,51839.26,52676.53,52924.86,51986.74,52146.42,52828.45,53289.3,52069.87,52637.01,0.0026590087215461883,15.525391979765148,2.996456835660398,,1,0,-1,-1,1,1,-1,1,1,1,-1,0,1,0,-1,-1
DASH,20260727,20260727.0,1.0,1.0,177.42,181.04,177.42,180.68,179.71333333333334,3.0,1.4672177343603232,180.5,181.01,180.45,180.59,180.19092514353804,2.810760667903525,1.9188076827138936,0.2464549815472902,105.12055988295718,,,,,175.5,169.72,0.0,0.4596046292707149,0.0055374051719313,0.8915222326817571,0.0055374051719313,0.9192092585414456,0.0055374051719313,1.49509939642283,0.0055374051719313,2.7133285342488542,0.0055374051719313,1.0,1.0,1.0,2.0,7.0,,1785159060000.0,1562.0,5.139999999999986,1515.0,0.5600000000000023,8.238494682747273,0.2447837837837848,0.2464549815472902,2.8499999999999943,0.2590748564619503,0.0,0.0,172.91,0.8915222326817571,0.0055374051719313,171.0,175.55,169.67,172.91,174.43,175.2,166.58,169.77,184.65,191.55,166.58,172.91,192.7,195.65,181.6803,184.14,7406.3,7460.98,7396.53,7411.98,7418.29,7450.12,7376.0,7408.3,7489.18,7525.94,7376.0,7411.98,7547.53,7581.5,7431.26,7457.69,25107.3837,25222.1378,24918.093,24975.8238,25245.5416,25358.2821,24954.7738,25137.6924,25720.8706,25880.343,24918.093,24975.8238,26088.3133,26316.8139,25250.628,25520.2437,51791.37,52118.19,51682.36,51947.25,51755.54,51885.14,51542.06,51711.65,52154.57,52511.21,51542.06,51947.25,52676.53,52924.86,51986.74,52146.42,2.6082933317910997,20.855735874073677,2.2722202508718556,,1,1,-1,-1,1,1,-1,-1,-1,-1,-1,-1,1,1,-1,-1
DASH,20260824,20260824.0,-1.0,1.0,223.36,223.36,220.06,220.06,221.16,-3.0,0.2731326644370123,220.565,220.565,219.98,220.29,220.90687358551568,0.0962977422083414,0.1788440188731612,0.2539600170340294,134.61709032326766,,,,,225.86,219.16,0.0,0.0,0.5356575423305674,0.0680920604657522,0.6309864269826205,0.0680920604657522,0.6309864269826205,0.0680920604657522,1.3663806800127194,0.0680920604657522,4.43960234236688,2.0,2.0,,,,1.0,1787578260000.0,735.0,3.300000000000012,296.0,0.585000000000008,8.039798283020069,0.227554945054944,0.2539600170340294,1.9425000000000097,0.3418735855156853,0.0,0.0,223.49,0.0680920604657522,0.6309864269826205,223.47,225.948,219.16,223.49,219.01,224.04,216.01,222.36,214.69,225.948,212.02,223.49,212.5,219.53,206.25,217.02,7665.68,7697.11,7660.06,7674.37,7690.49,7699.96,7639.01,7641.16,7790.68,7790.68,7639.01,7674.37,7751.74,7816.7,7717.25,7785.76,26198.8348,26269.845,26049.2952,26180.4547,26211.5202,26263.4673,26023.1232,26067.1656,26784.652,26798.3991,26023.1232,26180.4547,26680.444,26875.5203,26372.3071,26729.1644,52768.87,53355.92,52768.87,53277.01,53381.22,53381.22,52754.9,52759.21,53663.11,53710.06,52754.9,53277.01,54072.66,54222.85,53622.46,53732.41,-0.058168150700253,12.994171439033368,2.303512209646847,,1,1,1,1,1,0,-1,-1,-1,1,-1,-1,1,0,-1,-1
DASH,20260826,20260826.0,1.0,1.0,232.79,236.2,232.545,236.12,234.955,3.0,2.908916739841941,236.4,237.78,236.4,237.53,235.0368007231997,0.0856402477562887,1.333203993086176,0.2558709809910054,532.7682222972395,,,,,234.63,227.31,0.0,0.0,0.2820696333094714,0.0884098850671527,0.4041594745926863,0.0884098850671527,0.7283290531722265,0.0884098850671527,1.5955879257356933,0.42941944175473,1.5955879257356933,2.0,2.0,286.0,,,4.0,1787751060000.0,7288.0,3.655000000000001,271.0,1.6599999999999966,8.14650974403261,0.2428067885117499,0.2558709809910054,2.657499999999999,1.3631992768002874,0.0,0.0,233.5,0.0884098850671527,0.3704795183766242,229.28,234.63,227.0,233.5,222.03,230.07,219.98,229.06,214.69,225.948,212.02,223.49,212.5,219.53,206.25,217.02,7676.66,7686.11,7650.92,7677.28,7663.38,7670.3,7638.17,7652.86,7790.68,7790.68,7639.01,7674.37,7751.74,7816.7,7717.25,7785.76,26148.7096,26225.8274,26034.3453,26151.2998,26065.3195,26109.9609,25910.8163,25980.1905,26784.652,26798.3991,26023.1232,26180.4547,26680.444,26875.5203,26372.3071,26729.1644,53594.92,53675.32,53386.37,53577.4,53261.95,53508.18,53261.95,53417.16,53663.11,53710.06,52754.9,53277.01,54072.66,54222.85,53622.46,53732.41,-0.30406852248394345,14.284542881118998,6.487644646417916,,1,1,1,1,1,1,-1,-1,1,1,-1,-1,-1,1,-1,-1
ETN,20260604,20260604.0,-1.0,1.0,418.39,419.4,411.01,413.4,414.6033333333333,-3.0,1.0633352701917491,413.29,413.5,411.88,411.88,413.82357142857137,2.0078999341672152,1.2780604609398385,0.3631636188718303,89.0979745098218,,,,,426.56,414.67,0.0,0.0218510245702571,0.2330775954161356,0.0218510245702571,0.4321647081674346,0.0218510245702571,0.5899776633971076,0.1626687384675186,0.5899776633971076,0.7113722443430142,2.352626978731669,2.0,2.0,11.0,31.0,,4.0,1780579860000.0,1098.0,8.389999999999986,610.0,1.6200000000000043,14.157134022115644,0.387237196765499,0.3631636188718303,5.004999999999996,0.3235714285713698,0.0,0.0,421.21,0.0218510245702571,0.4321647081674346,420.0,426.585,414.655,421.21,405.61,419.68,404.7501,417.62,400.07,409.65,389.0,400.6,398.21,398.21,367.64,391.35,7605.31,7605.35,7551.22,7553.67,7595.4,7620.9,7582.99,7609.77,7511.79,7599.38,7499.72,7580.05,7415.07,7506.32,7333.68,7473.48,27092.8445,27130.8758,26769.1555,26853.9756,27030.072,27171.286,26932.7729,27093.9009,26590.5045,27094.8025,26520.298,26972.62,26289.4902,26504.5505,25701.4391,26343.9704,51220.92,51220.92,50687.07,50687.08,50912.84,51369.61,50829.55,51307.8,50686.15,51094.18,50314.34,51032.47,49481.04,50830.24,49235.74,50579.71,-0.6694997744592942,23.102534406016677,4.460799253605146,,1,1,1,1,-1,-1,1,1,-1,-1,1,1,-1,-1,1,1
ETN,20260623,20260623.0,-1.0,1.0,419.14,421.55,416.25,416.74,418.18,-3.0,1.005175481158014,416.735,416.735,414.25,415.27,416.79308370044055,0.8809891808346213,0.9387218045112782,0.4632202280189393,12.53911140472887,,,,,436.65,423.35,0.0,0.5249596647963992,0.0,0.7850314253377298,0.0,1.8855202639246715,0.0,2.095022515471859,0.0,2.3984395694367477,0.4358610060924224,1.0,1.0,1.0,1.0,4.0,,1782221460000.0,1243.0,7.1200000000000045,1254.0,2.490000000000009,15.58407915623228,0.4793603133159261,0.4632202280189393,4.805000000000007,0.0580837004405339,0.0,0.0,435.78,0.7850314253377298,0.0,426.98,436.74,422.61,435.78,420.84,425.92,414.73,421.77,403.08,425.92,402.95,421.77,400.13,413.25,375.04,391.39,7500.44,7530.01,7460.01,7472.78,7487.36,7511.07,7468.32,7500.57,7516.75,7577.92,7402.61,7500.57,7440.57,7483.15,7237.85,7431.45,26483.3098,26561.1184,26125.4788,26166.6018,26410.6233,26559.7431,26188.6879,26517.9314,26447.2301,26788.6179,25960.4094,26517.9314,26065.071,26259.9222,24980.3763,25888.844,51555.19,51887.85,51555.19,51712.72,51571.85,51949.26,51554.53,51564.71,51364.55,52281.19,51364.55,51564.71,50997.23,51409.7,49909.07,51202.27,-3.8184404974987354,15.370658639952344,5.375412923241777,,1,1,1,1,-1,0,-1,1,-1,0,1,1,1,0,1,1
ETN,20260629,20260629.0,1.0,1.0,402.75,404.08,402.43,404.08,403.53,3.0,0.2247546691991136,404.08,405.0,404.08,404.75,403.8797142857142,0.1112929623567921,0.1689732861280978,0.5350424935715544,37.43360886138361,,,,,412.89,398.15,0.0,0.0,0.5114268066707828,0.09512044471896,0.5114268066707828,0.5558987029030266,0.5114268066707828,0.5558987029030266,0.5114268066707828,1.7022853613341535,0.8103767757875165,2.0,2.0,4.0,5.0,14.0,1.0,1782739860000.0,284.0,2.569999999999993,136.0,0.920000000000016,17.056762411004538,0.5776883116883114,0.5350424935715544,1.7450000000000043,0.2002857142857692,0.0,0.0,402.68,0.0,0.5114268066707828,410.55,413.1439,398.12,402.68,414.91,426.0,413.97,419.87,426.98,436.74,398.12,402.68,403.08,425.92,402.95,421.77,7312.74,7392.95,7294.18,7354.03,7404.91,7419.08,7323.5,7357.48,7500.44,7530.01,7294.18,7354.03,7516.75,7577.92,7402.61,7500.57,25105.4142,25491.3747,25014.9599,25297.6177,25724.7791,25724.7791,25123.4264,25358.6029,26483.3098,26561.1184,25014.9599,25297.6177,26447.2301,26788.6179,25960.4094,26517.9314,51803.77,52130.07,51614.74,51614.74,52009.02,52655.66,51857.78,51920.63,51555.19,52655.66,51301.77,51614.74,51364.55,52281.19,51364.55,51564.71,0.017383530346675568,4.803356800400175,1.7194895939176071,,-1,-1,-1,0,1,-1,-1,-1,1,-1,-1,-1,-1,-1,1,0
ETN,20260706,20260706.0,1.0,1.0,404.01,409.0,404.01,407.42,406.81,3.0,0.9583805209513024,408.05,408.155,407.15,408.155,407.1017542016807,0.4082541567695962,0.6898550724637681,0.504200154918801,9.56877895586888,,,,,414.69,392.4,0.0,0.3417819210839114,0.0,0.9077433818034916,0.0,1.293626195930475,0.0,1.831412086094749,0.0,2.9045338168097947,0.0,1.0,1.0,1.0,2.0,4.0,,1783344660000.0,677.0,4.990000000000009,275.0,1.0049999999999957,17.509130732525524,0.5891402597402593,0.504200154918801,2.9975000000000023,0.0482457983193285,0.0,0.0,398.52,0.8097413972632963,0.0,408.77,414.74,392.3,398.52,419.99,423.45,404.74,412.31,404.06,427.93,392.3,398.52,426.98,436.74,398.12,402.68,7495.14,7540.75,7427.55,7483.24,7478.84,7521.81,7449.63,7483.23,7391.88,7540.75,7348.88,7483.24,7500.44,7530.01,7294.18,7354.03,26047.3823,26261.0906,25630.5065,25832.6716,26039.5074,26238.0595,25954.4558,26040.0314,25502.0883,26261.0906,25289.7642,25832.6716,26483.3098,26561.1184,25014.9599,25297.6177,52395.22,52903.85,52395.22,52900.07,52231.18,52742.66,52026.64,52305.24,51995.14,52903.85,51949.54,52900.07,51555.19,52655.66,51301.77,51614.74,1.3775971093044288,9.896863282010742,1.9932560317476422,,-1,-1,-1,-1,-1,0,1,1,-1,0,1,0,1,1,1,1
ETN,20260722,20260722.0,1.0,1.0,397.86,403.1,397.86,403.06,401.34,3.0,0.833610096313517,403.98,404.95,403.54,404.07,401.92375824755874,0.3932584269662921,0.677938808373591,0.4725737876335923,342.0083370545359,,,,,412.42,401.91,0.0,0.272230059148173,0.0445467369515199,0.5494097557353992,0.0445467369515199,0.8290642710421517,0.0445467369515199,0.8290642710421517,0.0445467369515199,2.066473630806549,0.0445467369515199,1.0,1.0,1.0,2.0,13.0,,1784727060000.0,1004.0,5.240000000000009,259.0,1.8899999999999864,16.630572172519923,0.3758288043478264,0.4725737876335923,3.5649999999999977,1.616241752441283,0.0,0.0,402.95,0.5494097557353992,0.0445467369515199,410.38,412.21,401.9,402.95,408.21,413.46,399.27,401.41,403.11,419.0,382.0,399.99,405.59,420.245,388.0974,407.28,7489.95,7515.31,7467.86,7509.2,7489.18,7513.23,7440.53,7443.28,7547.53,7581.5,7431.26,7457.69,7506.96,7579.93,7421.82,7575.39,25772.5487,25880.343,25672.8278,25837.2065,25720.8706,25815.5997,25501.096,25508.0723,26088.3133,26316.8139,25250.628,25520.2437,25999.608,26301.5382,25526.465,26281.6069,51916.79,52370.65,51890.1,52224.64,52154.57,52411.9,51781.9,51839.26,52676.53,52924.86,51986.74,52146.42,52828.45,53289.3,52069.87,52637.01,-1.2631840178682157,11.088215506491055,3.999375440318303,,-1,0,-1,-1,1,1,-1,1,1,1,-1,0,1,0,-1,-1
ETN,20260723,20260723.0,1.0,1.0,402.25,408.47,402.25,408.47,406.3966666666667,3.0,0.2985938792390405,408.48,409.95,408.48,409.31,406.6551049538204,0.0507471102340005,0.2069432860717264,0.4498630769074141,405.6556627685183,,,,,412.42,397.86,0.0,0.2296547848818738,0.0,0.5203879699982886,0.0,0.6303290904204598,0.0,0.9210622755368748,0.0,1.963059783538156,0.0,1.0,1.0,2.0,2.0,12.0,,1784813460000.0,361.0,6.220000000000027,36.0,1.4799999999999611,16.486959874482785,0.3940201729106635,0.4498630769074141,3.8499999999999934,1.82489504617962,0.0,0.0,406.91,0.5203879699982886,0.0,398.05,412.48,397.86,406.91,410.38,412.21,401.9,402.95,403.11,419.0,382.0,399.99,405.59,420.245,388.0974,407.28,7497.47,7525.94,7485.85,7498.96,7489.95,7515.31,7467.86,7509.2,7547.53,7581.5,7431.26,7457.69,7506.96,7579.93,7421.82,7575.39,25693.7191,25841.3066,25681.3249,25690.9029,25772.5487,25880.343,25672.8278,25837.2065,26088.3133,26316.8139,25250.628,25520.2437,25999.608,26301.5382,25526.465,26281.6069,52287.14,52511.21,52148.87,52218.58,51916.79,52370.65,51890.1,52224.64,52676.53,52924.86,51986.74,52146.42,52828.45,53289.3,52069.87,52637.01,-1.145216386916032,13.826429238779602,3.289889915336525,,1,0,-1,-1,1,1,-1,1,-1,0,-1,0,-1,1,-1,-1
ETN,20260814,20260814.0,-1.0,1.0,453.8,453.97,449.49,450.93,451.46333333333337,-3.0,1.1017691364512174,450.04,450.04,449.01,449.15,450.6907376098127,1.5449322938038572,1.2343481463294868,0.3972588494570786,163.80695123645668,,,,,459.16,452.5,0.0,0.0,0.4564176778359148,0.0,0.9618167650005678,0.0,0.9662696203940848,0.0,0.9662696203940848,0.0,1.6230657909384438,2.0,2.0,,,,2.0,1786714260000.0,1258.0,4.509999999999991,753.0,1.920000000000016,17.232746574969557,0.4032768361581943,0.3972588494570786,3.2150000000000034,0.6507376098126656,0.0,0.0,453.33,0.0,0.719136146053661,459.31,459.3806,452.5,453.33,476.02,478.0,459.03,459.96,413.94,457.78,410.15,448.68,404.0,420.0,358.125,415.2,7763.18,7816.7,7763.18,7798.99,7765.46,7766.01,7737.95,7748.5,7504.78,7793.68,7504.78,7757.64,7464.2,7512.04,7313.92,7489.72,26631.3413,26875.5203,26612.8493,26803.025,26680.4689,26688.2403,26531.9256,26588.4881,25452.6626,26738.9959,25420.3517,26690.615,25236.1852,25460.8631,24425.3389,25373.8534,53828.55,54049.14,53622.46,53839.99,53797.47,53969.36,53731.96,53770.27,52759.06,54744.33,52759.06,54036.93,52173.42,52901.87,51551.18,52485.03,0.10367723292083633,11.352799330118557,4.833120779119258,,-1,-1,1,1,1,1,1,1,1,1,1,1,1,0,1,1
ETN,20260818,20260818.0,-1.0,1.0,444.19,444.2,441.0,442.44,442.5466666666667,-3.0,0.9058402860548272,442.16,442.46,441.53,441.53,442.4938202898551,0.1469080970276733,0.6534090909090909,0.3838917039738784,8.809851712086385,,,,,458.6,450.0,0.0,0.2378094353724446,0.3669059860032171,0.3850248001268291,0.3669059860032171,0.3850248001268291,0.3669059860032171,0.5277104613503011,0.3669059860032171,2.8401241138767386,0.3669059860032171,1.0,1.0,2.0,6.0,14.0,,1787059860000.0,1064.0,3.1999999999999886,86.0,0.9300000000000068,16.078337608009466,0.3469729729729736,0.3838917039738784,2.0649999999999977,0.0338202898551003,0.0,0.0,455.4,0.3850248001268291,0.3669059860032171,458.96,458.96,449.0,455.4,453.76,456.67,449.01,451.51,453.9,478.0,444.07,451.51,413.94,457.78,410.15,448.68,7790.68,7790.68,7744.88,7745.06,7806.6,7810.01,7776.31,7785.76,7751.74,7816.7,7717.25,7785.76,7504.78,7793.68,7504.78,7757.64,26784.652,26798.3991,26626.3745,26644.9109,26851.148,26862.1673,26661.9537,26729.1644,26680.444,26875.5203,26372.3071,26729.1644,25452.6626,26738.9959,25420.3517,26690.615,53663.11,53663.11,53395.23,53459.78,53842.8,53890.84,53673.47,53732.41,54072.66,54222.85,53622.46,53732.41,52759.06,54744.33,52759.06,54036.93,-2.461572244180936,8.335684170496506,2.4225582120505735,,-1,0,-1,1,-1,-1,1,1,-1,-1,1,1,-1,-1,-1,0
HAL,20260602,20260602.0,1.0,1.0,39.61,39.83,39.4,39.83,39.68666666666666,3.0,0.4264650173383454,39.77,39.94,39.76,39.9,39.736094175960346,0.2279553964531127,0.3441658137154554,0.0362254621347644,65.99177106621363,,,,,39.93,38.99,0.0,0.2756892230576427,0.0,0.4761904761904882,0.0,0.4761904761904882,0.0,0.6766917293233161,0.0,0.802005012531329,0.2255639097744268,1.0,0.0,1.0,6.0,,,1780407060000.0,2927.0,0.4799999999999969,1108.0,0.1799999999999997,1.2486635924366296,0.0323717948717949,0.0362254621347644,0.3299999999999983,0.0239058240396516,0.0,0.0,39.35,0.4761904761904882,0.0,39.342,39.94,38.95,39.35,39.26,39.32,38.555,38.85,41.39,41.84,38.555,38.85,41.54,43.59,41.01,41.47,7582.29,7617.66,7562.61,7599.95,7579.33,7599.38,7563.55,7580.05,7511.79,7599.38,7499.72,7580.05,7415.07,7506.32,7333.68,7473.48,26952.5792,27190.2067,26913.1238,27086.8082,26960.8405,27094.8025,26859.2645,26972.62,26590.5045,27094.8025,26520.298,26972.62,26289.4902,26504.5505,25701.4391,26343.9704,51161.1,51161.1,50767.32,51078.89,50773.91,51094.18,50698.27,51032.47,50686.15,51094.18,50314.34,51032.47,49481.04,50830.24,49235.74,50579.71,0.6607369758576823,13.250348559096958,4.9688807096613825,,1,1,-1,-1,1,0,1,1,1,1,1,1,-1,1,1,1
HAL,20260608,20260608.0,1.0,1.0,39.6,39.89,39.6,39.8,39.763333333333335,3.0,1.930004093327876,39.84,39.98,39.84,39.94,39.80897942386832,0.748730964467005,1.3222143364088006,0.0329633738039059,94.1061928800875,,,,,41.13,39.05,0.0,0.4006009013520373,0.0,0.4006009013520373,0.0,0.525788683024539,0.0,0.525788683024539,0.0500751126689935,1.614922383575371,0.0500751126689935,1.0,1.0,1.0,5.0,24.0,,1780925460000.0,6601.0,0.3900000000000005,2714.0,0.1799999999999997,1.2650130378900089,0.0382647814910026,0.0329633738039059,0.2850000000000001,0.0310205761316879,0.0,0.0,39.18,0.4006009013520373,0.0,41.04,41.15,39.05,39.18,40.71,41.455,40.52,41.22,39.342,41.455,38.95,39.18,41.39,41.84,38.555,38.85,7537.36,7541.81,7368.63,7383.73,7516.54,7598.19,7516.54,7584.32,7582.29,7620.9,7368.63,7383.73,7511.79,7599.38,7499.72,7580.05,26536.5927,26572.2483,25648.4693,25709.432,26579.2971,26923.7016,26554.2391,26830.9575,26952.5792,27190.2067,25648.4693,25709.432,26590.5045,27094.8025,26520.298,26972.62,51610.02,51660.4,50781.45,50866.79,50986.1,51657.89,50986.1,51561.94,51161.1,51660.4,50687.07,50866.79,50686.15,51094.18,50314.34,51032.47,1.071975497702914,11.83131321205321,5.460606097870696,,-1,-1,-1,0,-1,-1,-1,0,-1,-1,-1,0,-1,0,-1,1
HAL,20260618,20260618.0,-1.0,1.0,36.2,36.2,35.54,35.6,35.78,-3.0,10.589153561517117,35.62,35.68,35.575,35.6,35.74897774738205,1.0840520464629344,3.947469258369039,0.03843468592071,179.46744126997544,,,,,37.39,36.12,0.0,0.0842696629213515,0.4213483146067375,0.0842696629213515,0.4213483146067375,0.5337078651685528,0.4213483146067375,1.2640449438202326,0.4213483146067375,2.9634831460674147,0.4213483146067375,1.0,1.0,4.0,5.0,8.0,,1781789460000.0,36630.0,0.6600000000000037,8698.0,0.1049999999999968,1.2256969612223614,0.0399355670103092,0.03843468592071,0.3825000000000003,0.0689777473820498,0.0,0.0,36.23,0.0842696629213515,0.4213483146067375,37.0,37.26,36.12,36.23,37.89,38.12,37.13,37.2,39.55,40.667,39.03,39.6,39.342,41.455,38.95,39.18,7524.5,7532.17,7402.61,7420.11,7548.78,7564.96,7508.68,7511.34,7440.57,7483.15,7237.85,7431.45,7582.29,7620.9,7368.63,7383.73,26493.8233,26511.554,25960.4094,26021.6556,26649.9687,26788.6179,26369.3882,26376.3437,26065.071,26259.9222,24980.3763,25888.844,26952.5792,27190.2067,25648.4693,25709.432,51937.56,52281.19,51392.58,51492.56,51712.63,52190.29,51712.63,51999.68,50997.23,51409.7,49909.07,51202.27,51161.1,51660.4,50687.07,50866.79,-0.08280430582388638,17.17198889985912,2.731907324977489,,-1,-1,1,0,-1,-1,-1,-1,-1,-1,-1,-1,-1,0,1,-1
HAL,20260708,20260708.0,1.0,1.0,33.9,34.175,33.8,34.15,34.041666666666664,3.0,6.401160490571015,34.16,34.25,34.15,34.21,34.08173575062628,1.872293105466464,4.0019223614039445,0.027992462846305,243.8665356047076,,,,,34.065,33.16,0.0,0.6138555977784298,0.0584624378836688,0.9938614440222048,0.0584624378836688,1.081555100847698,0.0584624378836688,1.140017538731367,0.0584624378836688,2.630809704764685,0.6723180356620988,1.0,1.0,1.0,1.0,4.0,18.0,1783517460000.0,19416.0,0.375,6398.0,0.1000000000000014,1.09266509775394,0.0290992167101826,0.027992462846305,0.2375000000000007,0.0682642493737191,0.0,0.0,33.79,0.7600116924875708,0.0584624378836688,33.3,34.065,33.16,33.79,32.95,33.6,32.86,33.0,34.24,34.79,32.59,32.96,34.88,35.405,33.54,34.21,7516.63,7536.06,7478.63,7503.85,7506.96,7551.31,7500.97,7537.43,7391.88,7540.75,7348.88,7483.24,7500.44,7530.01,7294.18,7354.03,25960.1305,26010.0235,25684.1502,25818.6902,25999.608,26209.7625,25963.4399,26121.16,25502.0883,26261.0906,25289.7642,25832.6716,26483.3098,26561.1184,25014.9599,25297.6177,53104.06,53289.3,52774.17,52925.15,52828.45,53060.1,52648.69,53055.91,51995.14,52903.85,51949.54,52900.07,51555.19,52655.66,51301.77,51614.74,0.325540100621484,13.396463257233542,3.5723902019289944,,1,1,-1,-1,-1,-1,1,1,-1,-1,1,0,-1,1,1,1
HAL,20260811,20260811.0,1.0,1.0,33.645,33.77,33.6,33.77,33.71333333333334,3.0,1.27493652520856,33.77,33.85,33.77,33.82,33.75910345418703,0.7423471515555926,0.9597729516288253,0.0253987714403265,42.90186176357767,,,,,33.69,32.27,0.0,0.0887049083382647,0.1478415138970939,0.0887049083382647,0.2513305736250764,0.0887049083382647,0.2513305736250764,0.2365464222353586,0.2513305736250764,0.3843879361324736,0.5026611472501529,2.0,2.0,49.0,,,25.0,1786455060000.0,4218.0,0.3600000000000065,3560.0,0.0799999999999983,1.0916776567900164,0.0252225130890053,0.0253987714403265,0.2200000000000024,0.0108965458129759,0.0,0.0,33.64,0.0887049083382647,0.206978119455944,32.31,33.689,32.23,33.64,32.19,32.49,31.77,31.89,31.75,32.86,31.2,31.89,32.6,33.3143,30.98,32.25,7751.74,7773.76,7743.11,7753.11,7735.18,7763.08,7719.19,7757.64,7504.78,7793.68,7504.78,7757.64,7464.2,7512.04,7313.92,7489.72,26680.444,26724.6317,26548.2575,26605.3567,26534.6603,26712.6167,26478.0059,26690.615,25452.6626,26738.9959,25420.3517,26690.615,25236.1852,25460.8631,24425.3389,25373.8534,54072.66,54072.66,53850.19,53975.98,53849.26,54094.65,53807.94,54036.93,52759.06,54744.33,52759.06,54036.93,52173.42,52901.87,51551.18,52485.03,0.014863258026166939,14.173913917285862,3.1497586482856232,,1,1,1,0,1,1,1,1,-1,1,1,1,-1,0,1,1
HAL,20260820,20260820.0,1.0,1.0,35.3,35.56,35.29,35.5,35.45,3.0,0.6485954553587404,35.56,35.66,35.56,35.62,35.53494630773756,0.3313278416598723,0.4329715683277285,0.0252963176286312,99.0408668575639,,,,,35.435,34.81,0.0,0.3649635036496422,0.0,0.3649635036496422,0.0,0.6737787759685626,0.0,1.010668163952834,0.0,1.2633352049410524,0.7018528916339136,1.0,1.0,1.0,5.0,9.0,161.0,1787232660000.0,2175.0,0.2700000000000031,2357.0,0.1599999999999966,0.9679700358230054,0.0296153846153847,0.0252963176286312,0.2149999999999998,0.0250536922624391,0.0,0.0,35.02,0.3649635036496422,0.0,35.11,35.435,34.805,35.02,35.0,35.27,34.57,34.66,32.31,34.57,32.23,34.42,31.75,32.86,31.2,31.89,7716.74,7743.93,7700.07,7707.98,7700.04,7713.95,7688.63,7691.76,7751.74,7816.7,7717.25,7785.76,7504.78,7793.68,7504.78,7757.64,26393.8889,26456.7762,26185.1286,26331.0902,26346.8798,26422.5021,26266.6763,26289.7111,26680.444,26875.5203,26372.3071,26729.1644,25452.6626,26738.9959,25420.3517,26690.615,53463.47,53710.06,53399.53,53463.05,53354.43,53478.76,53256.34,53343.4,54072.66,54222.85,53622.46,53732.41,52759.06,54744.33,52759.06,54036.93,0.7995431182181439,10.673490266994762,6.325031269330021,,-1,1,1,1,-1,1,1,1,-1,0,1,1,-1,1,-1,0
LRCX,20260624,20260624.0,1.0,1.0,366.865,369.58,365.0,368.43,367.67,3.0,0.995686144032308,369.07,371.97,369.07,371.195,368.3764558001242,0.5136320342884355,0.8190786364925086,0.8881117948717954,78.09199290905457,,,,,377.0,365.26,0.0,0.7098694756125462,0.1872331254461922,0.871509583911425,0.1872331254461922,0.871509583911425,0.4916553294090677,0.871509583911425,1.4372499629574698,1.5369280297417756,2.638774767979099,1.0,2.0,1.0,1.0,75.0,6.0,1782307860000.0,17357.0,4.579999999999984,5177.0,3.5400000000000205,23.803905494364443,0.9705461538461538,0.8881117948717954,4.060000000000002,0.6935441998757597,0.0,0.0,371.33,0.7556675062972311,0.1872331254461922,369.705,377.1,365.26,371.33,398.39,409.75,392.075,409.54,385.99,401.0,368.77,389.04,318.545,373.82,306.01,366.81,7366.51,7424.17,7347.6,7365.45,7500.44,7530.01,7460.01,7472.78,7516.75,7577.92,7402.61,7500.57,7440.57,7483.15,7237.85,7431.45,25549.7566,25882.5677,25513.2614,25587.0391,26483.3098,26561.1184,26125.4788,26166.6018,26447.2301,26788.6179,25960.4094,26517.9314,26065.071,26259.9222,24980.3763,25888.844,51735.64,51872.56,51301.77,51666.85,51555.19,51887.85,51555.19,51712.72,51364.55,52281.19,51364.55,51564.71,50997.23,51409.7,49909.07,51202.27,-1.2024344922306238,5.157008415433934,3.985984670444606,,1,-1,1,1,-1,-1,-1,1,1,-1,1,1,-1,-1,1,1
LRCX,20260625,20260625.0,-1.0,1.0,405.005,405.005,393.02,393.94,397.3216666666666,-3.0,1.4648807051548294,393.6,393.88,390.5,391.65,395.1370305629612,1.8634721230200413,1.6061826956016625,0.890449743589744,141.16805266220436,,,,,376.9,361.4,0.0,0.2374569130601174,0.5489595301927829,0.2374569130601174,0.638325035107877,0.5693859313162164,0.638325035107877,1.013660155751301,0.638325035107877,4.943189071875389,2.752457551385173,2.0,2.0,5.0,5.0,10.0,1.0,1782394260000.0,25394.0,12.009999999999993,17741.0,3.4399999999999977,23.21576938762413,0.9029461538461544,0.890449743589744,7.724999999999994,1.2570305629612335,0.0,0.0,374.8,0.2374569130601174,0.5489595301927829,366.865,376.98,361.41,374.8,369.705,377.1,365.26,371.33,385.99,401.0,368.77,389.04,318.545,373.82,306.01,366.81,7370.88,7428.06,7336.82,7358.21,7366.51,7424.17,7347.6,7365.45,7516.75,7577.92,7402.61,7500.57,7440.57,7483.15,7237.85,7431.45,25578.6239,25840.564,25354.6565,25476.6356,25549.7566,25882.5677,25513.2614,25587.0391,26447.2301,26788.6179,25960.4094,26517.9314,26065.071,26259.9222,24980.3763,25888.844,51660.75,52248.69,51617.73,51848.91,51735.64,51872.56,51301.77,51666.85,51364.55,52281.19,51364.55,51564.71,50997.23,51409.7,49909.07,51202.27,8.058964781216645,13.487566352238007,3.863216340690986,,1,-1,1,1,-1,0,-1,1,-1,-1,1,1,1,1,1,1
LRCX,20260710,20260710.0,1.0,1.0,340.0,345.4,340.0,345.4,343.6,3.0,0.5594349934733469,345.75,347.16,345.75,346.53,344.3938550326348,0.8668222279837525,0.6200424295609648,0.8692471794871789,156.01373226948724,,,,,369.9,350.2,0.0,0.1500591579372749,0.4415202147000181,0.1500591579372749,0.851297145990243,0.1500591579372749,1.2091305226098743,0.1500591579372749,2.3663174905491555,2.33168845410211,2.3663174905491555,2.0,2.0,15.0,18.0,19.0,2.0,1783690260000.0,10543.0,5.399999999999977,4012.0,1.7600000000000475,28.397891968904453,0.7634871794871786,0.8692471794871789,3.5800000000000125,1.3561449673651964,0.0,0.0,353.17,0.1500591579372749,0.851297145990243,365.13,369.95,350.06,353.17,325.47,337.5,322.72,333.15,383.01,438.5,342.475,351.41,398.39,409.75,361.41,379.09,7491.6,7546.89,7481.73,7543.64,7476.54,7488.51,7421.82,7482.71,7391.88,7540.75,7348.88,7483.24,7500.44,7530.01,7294.18,7354.03,25918.3107,26215.8248,25825.8465,26206.8902,25704.6601,25896.0656,25526.465,25870.6523,25502.0883,26261.0906,25289.7642,25832.6716,26483.3098,26561.1184,25014.9599,25297.6177,52249.44,52574.89,52249.44,52487.41,52758.47,52758.47,52069.87,52348.39,51995.14,52903.85,51949.54,52900.07,51555.19,52655.66,51301.77,51614.74,-3.729082311634628,6.21227209869782,2.024740535871945,,-1,1,-1,0,1,1,1,1,1,1,1,0,1,0,1,1
LRCX,20260714,20260714.0,-1.0,1.0,354.24,354.51,346.77,347.28,349.52,-3.0,0.509962337504556,346.91,347.62,345.71,346.415,348.5287270765912,0.8456667985753858,0.5888176240936978,0.7496325238942709,121.2230056228631,,,,,337.845,326.91,0.0,0.0,0.6336330701615095,0.3218682793758957,0.798175598631695,0.3218682793758957,0.798175598631695,0.3218682793758957,1.1734480319847571,2.172250046909064,1.1734480319847571,2.0,2.0,3.0,24.0,34.0,1.0,1784035860000.0,8395.0,7.740000000000009,4274.0,1.910000000000025,27.26040327931048,0.6643333333333329,0.7496325238942709,4.825000000000017,0.9087270765911626,0.0,0.0,329.92,0.0,0.798175598631695,335.0,337.98,326.9,329.92,341.36,354.73,338.1319,350.33,365.34,369.95,313.1,350.33,383.01,438.5,342.475,351.41,7547.53,7565.37,7506.41,7515.34,7547.64,7579.93,7508.16,7575.39,7506.96,7579.93,7421.82,7575.39,7391.88,7540.75,7348.88,7483.24,26088.3133,26139.3683,25822.0948,25873.1764,26175.5355,26301.5382,26009.4919,26281.6069,25999.608,26301.5382,25526.465,26281.6069,25502.0883,26261.0906,25289.7642,25832.6716,52676.53,52846.51,52351.12,52498.64,52622.92,52709.75,52266.81,52637.01,52828.45,53289.3,52069.87,52637.01,51995.14,52903.85,51949.54,52900.07,7.371483996120269,10.325058949939141,2.547915063873901,,-1,-1,-1,-1,-1,-1,1,1,-1,-1,1,1,-1,1,-1,1
LRCX,20260715,20260715.0,-1.0,1.0,357.0,357.94,350.21,351.13,353.0933333333333,-3.0,0.709371813570479,350.78,350.89,348.6,349.59,351.59603163289546,1.8505840571648624,0.9738418213549104,0.7096193724869821,99.49441352214862,,,,,354.51,338.89,0.0,0.4791326983037142,0.2402814725821768,1.707714751566112,0.2402814725821768,2.26265053348207,0.2402814725821768,2.522955462112759,0.2402814725821768,8.527131782945737,0.2402814725821768,1.0,1.0,1.0,2.0,2.0,,1784122260000.0,10992.0,7.75,8650.0,2.5299999999999727,27.08037447364544,0.6533547557840654,0.7096193724869821,5.139999999999986,0.7060316328954741,0.0,0.0,346.1,1.3701764924625888,0.2402814725821768,354.66,354.66,338.875,346.1,335.0,337.98,326.9,329.92,365.34,369.95,313.1,350.33,383.01,438.5,342.475,351.41,7536.7,7557.44,7513.23,7543.59,7547.53,7565.37,7506.41,7515.34,7506.96,7579.93,7421.82,7575.39,7391.88,7540.75,7348.88,7483.24,26015.4921,26168.8046,25912.4015,26107.0078,26088.3133,26139.3683,25822.0948,25873.1764,25999.608,26301.5382,25526.465,26281.6069,25502.0883,26261.0906,25289.7642,25832.6716,52046.36,52695.06,52046.36,52508.27,52676.53,52846.51,52351.12,52498.64,52828.45,53289.3,52069.87,52637.01,51995.14,52903.85,51949.54,52900.07,3.1493787922565666,10.921347838685412,3.565291617015973,,-1,1,-1,-1,1,0,1,1,1,1,1,1,1,-1,-1,1
LRCX,20260723,20260723.0,1.0,1.0,315.76,317.65,314.38,316.36,316.13,3.0,0.3899404807520372,317.25,318.93,317.17,318.93,317.1209551374819,0.4487597911227154,0.4142499587848268,0.6955437288809388,7.051298211983403,,,,,322.25,309.63,0.0,0.3950710187188382,0.3637161759633854,0.3950710187188382,0.3856645658922077,0.3950710187188382,0.4546452199542183,0.8152259116420424,0.4546452199542183,2.154077697300349,0.7054839619979306,1.0,1.0,1.0,6.0,13.0,111.0,1784813460000.0,3053.0,3.269999999999982,2475.0,2.569999999999993,25.12460440297544,0.5027571059431545,0.6955437288809388,2.9199999999999875,0.0490448625181443,0.0,0.0,319.29,0.3950710187188382,0.3637161759633854,310.55,322.25,310.55,319.29,328.13,328.135,313.29,322.0,335.0,357.25,298.65,313.3,365.34,369.95,313.1,350.33,7497.47,7525.94,7485.85,7498.96,7489.95,7515.31,7467.86,7509.2,7547.53,7581.5,7431.26,7457.69,7506.96,7579.93,7421.82,7575.39,25693.7191,25841.3066,25681.3249,25690.9029,25772.5487,25880.343,25672.8278,25837.2065,26088.3133,26316.8139,25250.628,25520.2437,25999.608,26301.5382,25526.465,26281.6069,52287.14,52511.21,52148.87,52218.58,51916.79,52370.65,51890.1,52224.64,52676.53,52924.86,51986.74,52146.42,52828.45,53289.3,52069.87,52637.01,-1.10557800119015,4.701357893429776,3.694951004928,,1,-1,-1,-1,1,1,-1,1,-1,0,-1,0,-1,1,-1,-1
LRCX,20260814,20260814.0,1.0,1.0,331.62,335.52,331.0,335.3,333.93999999999994,3.0,0.9049550537162904,334.81,336.39,334.52,335.12,334.463969699845,0.9582602766413404,0.9241494212556998,0.5255757059555435,10.660747732454416,,,,,345.06,324.12,0.0,0.4088087849128684,0.1671043208402967,0.4088087849128684,0.2924325614705234,0.4088087849128684,0.6326092146096934,0.7370494151348682,0.6326092146096934,2.052995941752207,2.555800907137741,2.0,2.0,1.0,9.0,12.0,4.0,1786714260000.0,6604.0,4.519999999999982,3935.0,1.8700000000000043,22.664774293658827,0.5580798969072162,0.5255757059555435,3.194999999999993,0.0560303001549868,0.0,0.0,337.01,0.4088087849128684,0.1671043208402967,327.62,345.12,324.01,337.01,326.835,329.4899,323.5,326.11,283.34,323.64,276.8447,311.35,306.305,319.5,250.5,293.02,7763.18,7816.7,7763.18,7798.99,7765.46,7766.01,7737.95,7748.5,7504.78,7793.68,7504.78,7757.64,7464.2,7512.04,7313.92,7489.72,26631.3413,26875.5203,26612.8493,26803.025,26680.4689,26688.2403,26531.9256,26588.4881,25452.6626,26738.9959,25420.3517,26690.615,25236.1852,25460.8631,24425.3389,25373.8534,53828.55,54049.14,53622.46,53839.99,53797.47,53969.36,53731.96,53770.27,52759.06,54744.33,52759.06,54036.93,52173.42,52901.87,51551.18,52485.03,-1.5993590694638102,8.600093095593563,3.5580031169823148,,1,1,1,1,1,1,1,1,1,1,1,1,1,0,1,1
LULU,20260602,20260602.0,-1.0,1.0,131.29,131.57,130.22,130.59,130.79333333333332,-3.0,0.2146309790058437,130.05,130.05,130.0,130.0,130.35129133478156,0.8451612903225807,0.3730214467073632,0.1530343241270187,196.87827322416928,,,,,134.33,131.12,0.0,0.3846153846153846,0.1692307692307683,0.8692307692307657,0.1692307692307683,1.030769230769233,0.1692307692307683,1.153846153846154,0.1692307692307683,2.7538461538461525,0.1692307692307683,1.0,1.0,1.0,2.0,5.0,,1780407060000.0,1190.0,1.3499999999999943,1572.0,0.5900000000000034,4.792967083205805,0.1685384615384611,0.1530343241270187,0.9699999999999988,0.3012913347815527,0.0,0.0,132.09,0.5692307692307762,0.1692307692307683,132.34,134.38,131.13,132.09,131.128,132.4199,129.06,131.18,128.3,136.14,125.21,131.18,118.71,127.94,116.625,127.18,7582.29,7617.66,7562.61,7599.95,7579.33,7599.38,7563.55,7580.05,7511.79,7599.38,7499.72,7580.05,7415.07,7506.32,7333.68,7473.48,26952.5792,27190.2067,26913.1238,27086.8082,26960.8405,27094.8025,26859.2645,26972.62,26590.5045,27094.8025,26520.298,26972.62,26289.4902,26504.5505,25701.4391,26343.9704,51161.1,51161.1,50767.32,51078.89,50773.91,51094.18,50698.27,51032.47,50686.15,51094.18,50314.34,51032.47,49481.04,50830.24,49235.74,50579.71,-0.6056476644712026,8.82155037898225,3.8553442397033924,,-1,1,1,1,1,0,1,1,1,1,1,1,-1,1,1,1
LULU,20260702,20260702.0,1.0,1.0,116.68,118.0,116.68,117.79,117.49,3.0,5.626340243030736,117.82,118.05,117.8,117.95,117.50218738738738,0.0843362077134464,2.0047680970957957,0.1469556413869213,202.65476697726933,,,,,116.87,114.01,0.0,0.5341246290801148,0.2882577363289558,0.5934718100890232,0.2882577363289558,0.5934718100890232,0.2882577363289558,0.9241203899957636,0.2882577363289558,1.5769393810936831,0.6358626536668079,1.0,1.0,1.0,1.0,11.0,39.0,1782999060000.0,6297.0,1.6200000000000043,178.0,0.2599999999999909,4.925749036280542,0.1477855153203337,0.1469556413869213,0.9399999999999976,0.297812612612617,0.0,0.0,116.4,0.5341246290801148,0.2882577363289558,115.31,116.9183,114.0,116.4,113.08,114.2,111.25,114.18,111.38,117.65,104.44,117.57,119.21,120.53,110.27,111.77,7478.84,7521.81,7449.63,7483.23,7441.27,7508.29,7438.04,7499.36,7500.44,7530.01,7294.18,7354.03,7516.75,7577.92,7402.61,7500.57,26039.5074,26238.0595,25954.4558,26040.0314,25824.4739,26253.0419,25808.0588,26213.7196,26483.3098,26561.1184,25014.9599,25297.6177,26447.2301,26788.6179,25960.4094,26517.9314,52231.18,52742.66,52026.64,52305.24,52168.18,52387.45,52033.13,52319.2,51555.19,52655.66,51301.77,51614.74,51364.55,52281.19,51364.55,51564.71,0.24054982817869514,11.023734677423418,1.7692413679814696,,1,1,1,-1,1,1,-1,-1,1,0,-1,-1,1,0,1,0
LULU,20260713,20260713.0,1.0,1.0,118.99,120.245,118.99,120.06,119.765,3.0,0.537261698440208,120.2,120.85,120.2,120.85,120.0432181000562,0.3397103522259968,0.4528791813044142,0.1389538641239983,112.83018355207544,,,,,121.41,117.14,0.0,0.1323955316508157,0.1985932974762059,0.3723624327678965,0.2647910633016079,0.3723624327678965,0.2647910633016079,0.8357467935457221,0.2647910633016079,0.9515928837401784,0.8729830368225012,1.0,2.0,2.0,7.0,,21.0,1783949460000.0,806.0,1.2550000000000097,380.0,0.789999999999992,4.907226872766164,0.1484262734584452,0.1389538641239983,1.0225000000000009,0.1567818999438088,0.0,0.0,119.26,0.3723624327678965,0.1985932974762059,118.26,121.41,117.16,119.26,113.0,116.69,111.3101,116.51,116.34,121.41,110.9,119.26,117.21,119.83,111.25,118.43,7547.64,7579.93,7508.16,7575.39,7491.6,7546.89,7481.73,7543.64,7506.96,7579.93,7421.82,7575.39,7391.88,7540.75,7348.88,7483.24,26175.5355,26301.5382,26009.4919,26281.6069,25918.3107,26215.8248,25825.8465,26206.8902,25999.608,26301.5382,25526.465,26281.6069,25502.0883,26261.0906,25289.7642,25832.6716,52622.92,52709.75,52266.81,52637.01,52249.44,52574.89,52249.44,52487.41,52828.45,53289.3,52069.87,52637.01,51995.14,52903.85,51949.54,52900.07,-0.22639610934094434,9.031774739852395,5.685340274488658,,1,1,1,0,1,1,1,1,1,1,1,1,1,1,-1,1
LULU,20260720,20260720.0,-1.0,1.0,116.225,116.28,115.2,115.46,115.64666666666668,-3.0,3.776266996291718,115.53,115.595,115.2,115.46,115.62329660463598,0.5884009009009009,2.4292172257911013,0.1417896491622607,19.956749172572668,,,,,119.13,115.7,0.0,0.4330504070673827,0.1169236099081977,0.4330504070673827,0.3637623419366029,0.4330504070673827,0.6409146024597343,0.4330504070673827,1.4550493677464118,0.4330504070673827,2.052658929499398,2.0,2.0,1.0,,,5.0,1784554260000.0,5499.0,1.0999999999999943,627.0,0.394999999999996,4.640598982696882,0.1439887640449438,0.1417896491622607,0.7474999999999952,0.0282966046359831,0.0,0.0,116.33,0.4330504070673827,0.3551013337952631,118.01,119.05,115.66,116.33,115.07,119.9,114.34,118.79,119.25,122.0,114.34,116.33,116.34,121.41,110.9,119.26,7447.52,7498.47,7431.26,7457.69,7558.8,7570.74,7504.02,7533.77,7547.53,7581.5,7431.26,7457.69,7506.96,7579.93,7421.82,7575.39,25412.259,25703.0087,25250.628,25520.2437,26155.405,26165.3727,25765.453,25881.9463,26088.3133,26316.8139,25250.628,25520.2437,25999.608,26301.5382,25526.465,26281.6069,52426.46,52610.97,51986.74,52146.42,52924.86,52924.86,52367.42,52552.97,52676.53,52924.86,51986.74,52146.42,52828.45,53289.3,52069.87,52637.01,-0.09026046591593224,7.757971096614962,2.78581689378445,,-1,0,-1,1,1,-1,-1,1,1,-1,-1,0,-1,-1,-1,-1
LULU,20260722,20260722.0,-1.0,1.0,116.42,116.43,115.71,115.84,115.99333333333334,-3.0,0.4942087963687588,115.22,115.4,114.9,114.9,115.83868513632368,0.2230253878702397,0.410840108401084,0.1380567200958207,317.75717691916265,,,,,116.96,113.39,0.0,0.0,0.8703220191470844,0.0,0.8703220191470844,0.4003481288076658,0.8703220191470844,0.4003481288076658,0.8703220191470844,2.123585726718896,0.8703220191470844,2.0,2.0,4.0,15.0,19.0,1.0,1784727060000.0,1263.0,0.7200000000000131,253.0,0.9399999999999976,4.441996061611087,0.1282961876832844,0.1380567200958207,0.8300000000000054,0.4386851363236701,0.0,0.0,116.63,,,113.875,116.95,113.39,116.63,116.225,117.81,115.0,116.67,119.25,122.0,114.34,116.33,116.34,121.41,110.9,119.26,7489.95,7515.31,7467.86,7509.2,7489.18,7513.23,7440.53,7443.28,7547.53,7581.5,7431.26,7457.69,7506.96,7579.93,7421.82,7575.39,25772.5487,25880.343,25672.8278,25837.2065,25720.8706,25815.5997,25501.096,25508.0723,26088.3133,26316.8139,25250.628,25520.2437,25999.608,26301.5382,25526.465,26281.6069,51916.79,52370.65,51890.1,52224.64,52154.57,52411.9,51781.9,51839.26,52676.53,52924.86,51986.74,52146.42,52828.45,53289.3,52069.87,52637.01,-0.18005658921374754,5.21524775831473,6.808795684466312,,1,-1,-1,1,1,1,-1,1,1,1,-1,0,1,0,-1,-1
LULU,20260731,20260731.0,-1.0,1.0,120.4,120.99,118.51,118.51,119.33666666666666,-3.0,1.8897585566463253,118.5,118.5,118.0,118.09,119.11647975077882,0.3255369928400954,0.9801254649419864,0.1320751824166874,466.7642622168595,,,,,119.66,115.12,0.0,0.1354898805995398,0.1778304682868945,0.1354898805995398,0.194766703361834,0.2032348208993218,0.355660936573801,,,0.2032348208993218,1.4819205690574984,2.0,2.0,,,,7.0,1785504660000.0,2849.0,2.4799999999999898,682.0,0.5100000000000051,4.313767200888572,0.1247414772727266,0.1320751824166874,1.4949999999999974,0.6164797507788222,0.0,0.0,119.475,,,117.53,119.69,115.11,119.475,118.8,120.87,118.04,119.03,116.225,117.81,109.2,114.28,119.25,122.0,114.34,116.33,7390.45,7448.75,7370.98,7437.63,7418.16,7450.84,7313.92,7316.15,7489.18,7525.94,7376.0,7411.98,7547.53,7581.5,7431.26,7457.69,24852.047,25171.4428,24813.8358,25122.1771,24863.4804,25054.5271,24425.3389,24442.9419,25720.8706,25880.343,24918.093,24975.8238,26088.3133,26316.8139,25250.628,25520.2437,52114.27,52266.45,51655.52,52208.06,52674.21,52674.21,51551.18,51594.14,52154.57,52511.21,51542.06,51947.25,52676.53,52924.86,51986.74,52146.42,0.7742205482318573,18.77718398431413,3.861437029032396,,1,-1,-1,-1,1,0,-1,-1,1,1,-1,-1,1,0,-1,-1
NEE,20260611,20260611.0,1.0,1.0,85.41,85.62,85.19,85.46,85.42333333333333,3.0,0.7171332653917631,85.51,85.52,85.455,85.52,85.42954379911825,0.1465897522904649,0.5423415181820073,0.0541189743589743,47.03747841357122,,,,,85.33,84.51,0.0,0.1870907390084317,0.1520112254443351,0.1870907390084317,0.1520112254443351,0.1870907390084317,0.1520112254443351,0.4209541627689422,0.1520112254443351,0.4209541627689422,0.8711412535079401,2.0,2.0,8.0,,,114.0,1781184660000.0,4785.0,0.4300000000000068,432.0,0.0649999999999977,2.0257681803558474,0.0480897435897439,0.0541189743589743,0.2475000000000022,0.0254562008817487,0.0,0.0,85.12,0.1870907390084317,0.1520112254443351,85.29,85.33,84.51,85.12,84.11,85.055,83.38,84.83,85.888,86.3,83.57,85.84,89.13,89.5,85.69,87.01,7350.54,7396.56,7265.93,7267.0,7438.66,7483.15,7237.85,7386.66,7582.29,7620.9,7368.63,7383.73,7511.79,7599.38,7499.72,7580.05,25512.0694,25725.9963,25145.3018,25169.5012,26110.3128,26259.9222,24980.3763,25678.8219,26952.5792,27190.2067,25648.4693,25709.432,26590.5045,27094.8025,26520.298,26972.62,50760.12,50769.26,49909.07,49918.79,50814.42,51260.92,50211.12,50872.12,51161.1,51660.4,50687.07,50866.79,50686.15,51094.18,50314.34,51032.47,0.3406954887217951,7.945457302050698,1.2010574991471368,,-1,1,-1,-1,-1,0,-1,0,-1,0,-1,0,-1,-1,-1,1
NEE,20260708,20260708.0,-1.0,1.0,88.3,88.44,87.87,87.98,88.09666666666668,-3.0,0.6778700276749692,87.87,87.87,87.58,87.63,87.87555037037038,1.9637029371965296,1.0574799078817505,0.0612881534486184,9.056187954863583,,,,,89.25,87.925,0.0,0.0,0.6048157023850292,0.0,0.661873787515689,0.0,0.661873787515689,0.0,0.661873787515689,0.3309368937578364,1.0213397238388795,2.0,2.0,309.0,,,1.0,1783517460000.0,4066.0,0.5699999999999932,4934.0,0.4000000000000057,1.7010705634329315,0.0623820512820509,0.0612881534486184,0.4849999999999994,0.005550370370372,0.0,0.0,88.47,0.0,0.661873787515689,88.11,89.25,88.01,88.47,88.18,88.52,87.16,87.44,88.995,89.1853,86.32,88.34,86.89,88.56,85.6605,88.56,7516.63,7536.06,7478.63,7503.85,7506.96,7551.31,7500.97,7537.43,7391.88,7540.75,7348.88,7483.24,7500.44,7530.01,7294.18,7354.03,25960.1305,26010.0235,25684.1502,25818.6902,25999.608,26209.7625,25963.4399,26121.16,25502.0883,26261.0906,25289.7642,25832.6716,26483.3098,26561.1184,25014.9599,25297.6177,53104.06,53289.3,52774.17,52925.15,52828.45,53060.1,52648.69,53055.91,51995.14,52903.85,51949.54,52900.07,51555.19,52655.66,51301.77,51614.74,-0.19215553294902418,9.300329148892681,6.52654677115293,,1,1,-1,1,-1,-1,1,1,-1,-1,1,0,-1,1,1,1
NEE,20260713,20260713.0,1.0,1.0,87.55,87.96,87.51,87.79,87.75333333333333,3.0,0.6018823701750531,87.85,88.0,87.85,87.96,87.82037630258587,0.9712967708867248,0.6991176708669491,0.0562553778736778,52.65931637797211,,,,,87.97,87.08,0.0,0.1421100500227376,0.0,0.2160072760345747,0.0,0.4206457480673085,0.0,0.5570713960891418,0.0,0.8640291041382505,0.0,1.0,0.0,4.0,9.0,,,1783949460000.0,3287.0,0.4499999999999886,1895.0,0.2099999999999937,1.602347823564925,0.0485438144329893,0.0562553778736778,0.3299999999999912,0.0296236974141237,0.0,0.0,87.96,0.1932696680309251,0.0,87.13,87.97,87.0701,87.96,88.27,88.39,86.84,87.1,88.18,89.25,86.84,87.96,88.995,89.1853,86.32,88.34,7547.64,7579.93,7508.16,7575.39,7491.6,7546.89,7481.73,7543.64,7506.96,7579.93,7421.82,7575.39,7391.88,7540.75,7348.88,7483.24,26175.5355,26301.5382,26009.4919,26281.6069,25918.3107,26215.8248,25825.8465,26206.8902,25999.608,26301.5382,25526.465,26281.6069,25502.0883,26261.0906,25289.7642,25832.6716,52622.92,52709.75,52266.81,52637.01,52249.44,52574.89,52249.44,52487.41,52828.45,53289.3,52069.87,52637.01,51995.14,52903.85,51949.54,52900.07,-0.46612096407457554,7.999235219972561,3.7329764359871778,,1,0,-1,1,1,1,1,1,1,1,1,1,1,1,-1,1
NEE,20260715,20260715.0,-1.0,1.0,89.845,89.88,89.39,89.55,89.60666666666667,-3.0,0.6125785629352811,89.53,89.56,89.49,89.52,89.5949711958681,0.1986838774993672,0.4739979096635688,0.0517385979094561,67.59208266388681,,,,,89.85,88.82,0.0,0.0,0.2010723860589888,0.0,0.4691689008042915,0.0,0.4691689008042915,0.0,0.5138516532618498,1.2008489722966966,0.5138516532618498,2.0,2.0,36.0,39.0,307.0,7.0,1784122260000.0,2885.0,0.5100000000000051,471.0,0.0700000000000073,1.5569667458289411,0.0510384615384613,0.0517385979094561,0.2900000000000062,0.0349711958680956,0.0,0.0,89.54,0.0,0.4691689008042915,89.24,89.86,88.8,89.54,87.75,88.73,87.6801,88.38,88.18,89.25,86.84,87.96,88.995,89.1853,86.32,88.34,7536.7,7557.44,7513.23,7543.59,7547.53,7565.37,7506.41,7515.34,7506.96,7579.93,7421.82,7575.39,7391.88,7540.75,7348.88,7483.24,26015.4921,26168.8046,25912.4015,26107.0078,26088.3133,26139.3683,25822.0948,25873.1764,25999.608,26301.5382,25526.465,26281.6069,25502.0883,26261.0906,25289.7642,25832.6716,52046.36,52695.06,52046.36,52508.27,52676.53,52846.51,52351.12,52498.64,52828.45,53289.3,52069.87,52637.01,51995.14,52903.85,51949.54,52900.07,0.34062988608442324,9.857244312892252,1.3529551017696526,,1,1,-1,1,1,0,1,1,1,1,1,1,1,-1,-1,1
NEE,20260729,20260729.0,-1.0,1.0,90.13,90.27,89.59,89.81,89.89,-3.0,1.9084559857504453,89.835,89.86,89.74,89.8,89.87749497726551,0.3069232925348033,1.10634066448292,0.0634864741941863,27.55701507694697,,,,,90.99,89.12,0.0,0.0445434298440891,0.2227171492204931,0.0445434298440891,0.4899777282850754,0.0445434298440891,0.4899777282850754,0.0445434298440891,0.5567928730512249,2.0044543429844066,0.812917594654793,2.0,2.0,50.0,62.0,92.0,6.0,1785331860000.0,8143.0,0.6799999999999926,1314.0,0.1200000000000045,1.69183309083406,0.0583205128205133,0.0634864741941863,0.3999999999999986,0.0174949772655139,0.0,0.0,89.28,0.0445434298440891,0.4565701559020007,89.39,90.99,89.11,89.28,89.655,90.16,88.29,88.83,88.98,90.91,87.445,89.78,87.75,90.72,87.6801,88.8,7395.55,7452.09,7382.95,7428.78,7464.2,7480.57,7382.74,7413.18,7489.18,7525.94,7376.0,7411.98,7547.53,7581.5,7431.26,7457.69,24825.0719,24984.5008,24581.0056,24876.9122,25236.1852,25261.9122,24774.8672,24932.0815,25720.8706,25880.343,24918.093,24975.8238,26088.3133,26316.8139,25250.628,25520.2437,52492.88,52901.87,52443.52,52747.32,52173.42,52607.78,51985.38,52210.08,52154.57,52511.21,51542.06,51947.25,52676.53,52924.86,51986.74,52146.42,0.9520609318996351,10.710942899743879,1.8901663940725406,,-1,1,1,0,1,0,-1,-1,1,-1,-1,-1,1,1,-1,-1
NEE,20260811,20260811.0,1.0,1.0,84.71,84.78,84.335,84.77,84.62833333333333,3.0,0.8202614379084967,84.78,85.15,84.78,85.15,84.75949475455266,0.627262443438914,0.7448031844316674,0.0590004745896778,34.75437374011616,,,,,84.76,83.65,0.0,0.2701115678214795,0.0469759248385276,0.317087492660007,0.0469759248385276,0.5519671168526117,0.0469759248385276,0.5519671168526117,0.0469759248385276,0.7457428068114984,0.4462712859659538,1.0,0.0,1.0,5.0,,,1786455060000.0,6777.0,0.4450000000000074,3327.0,0.3800000000000096,1.8143992675274727,0.0509254498714653,0.0590004745896778,0.4125000000000085,0.0205052454473388,0.0,0.0,84.7,0.317087492660007,0.0469759248385276,84.18,84.76,83.65,84.7,83.89,85.365,83.49,84.65,86.75,87.3842,83.49,84.65,89.655,90.99,86.86,86.92,7751.74,7773.76,7743.11,7753.11,7735.18,7763.08,7719.19,7757.64,7504.78,7793.68,7504.78,7757.64,7464.2,7512.04,7313.92,7489.72,26680.444,26724.6317,26548.2575,26605.3567,26534.6603,26712.6167,26478.0059,26690.615,25452.6626,26738.9959,25420.3517,26690.615,25236.1852,25460.8631,24425.3389,25373.8534,54072.66,54072.66,53850.19,53975.98,53849.26,54094.65,53807.94,54036.93,52759.06,54744.33,52759.06,54036.93,52173.42,52901.87,51551.18,52485.03,0.011806375442728341,7.54231221180483,6.440626158395191,,1,0,-1,-1,1,1,1,1,-1,1,1,1,-1,0,1,1
PYPL,20260615,20260615.0,-1.0,1.0,42.31,42.51,42.2,42.215,42.30833333333334,-3.0,1.8144927798487207,42.22,42.22,42.1,42.15,42.25936961501016,1.2340117967449244,1.5752674159454902,0.0389586307163625,101.05492489402062,,,,,41.59,40.89,0.0,0.0237247924080617,0.2609727164887294,0.0237247924080617,0.569395017793599,0.0237247924080617,0.9964412811387942,0.0237247924080617,1.2574139976275236,0.0237247924080617,2.8113879003558773,2.0,2.0,,,,3.0,1781530260000.0,40109.0,0.3099999999999951,19122.0,0.1199999999999974,1.193975575607822,0.0379615384615382,0.0389586307163625,0.2149999999999963,0.039369615010159,0.0,0.0,41.53,0.0237247924080617,0.4033214709371334,41.295,41.59,40.87,41.53,40.51,41.26,40.2,41.24,41.26,42.26,40.2,41.53,44.53,45.985,41.07,41.29,7410.85,7456.4,7363.01,7431.45,7287.67,7412.68,7257.33,7394.31,7440.57,7483.15,7237.85,7431.45,7582.29,7620.9,7368.63,7383.73,25783.3592,26010.3135,25599.9397,25888.844,25309.7783,25846.564,25109.3944,25809.6595,26065.071,26259.9222,24980.3763,25888.844,26952.5792,27190.2067,25648.4693,25709.432,51148.73,51409.7,50827.84,51202.27,49972.07,50968.95,49972.07,50848.76,50997.23,51409.7,49909.07,51202.27,51161.1,51660.4,50687.07,50866.79,1.8781603660004844,7.957158511471917,3.080190391537498,,1,1,1,-1,1,1,-1,-1,1,1,-1,-1,1,1,1,-1
PYPL,20260630,20260630.0,-1.0,1.0,44.43,44.45,44.1,44.13,44.22666666666667,-3.0,0.953746573606984,44.1,44.1,43.92,43.92,44.11814734658911,0.4205402050658771,0.612236447653908,0.0407666666666667,44.51515925374535,,,,,44.74,44.075,0.0,0.2959927140255067,0.0910746812386137,0.5009107468123836,0.0910746812386137,0.7513661202185753,0.0910746812386137,1.0245901639344328,0.0910746812386137,3.7568306010928927,0.0910746812386137,1.0,1.0,1.0,3.0,6.0,,1782826260000.0,8281.0,0.3500000000000014,6505.0,0.2100000000000008,1.2964459428576132,0.039102564102564,0.0407666666666667,0.2800000000000011,0.0181473465891102,0.0,0.0,44.38,0.2959927140255067,0.0910746812386137,44.635,44.74,44.075,44.38,42.28,44.38,42.21,44.29,42.605,44.38,41.65,44.29,42.358,44.74,41.65,42.51,7391.88,7444.32,7348.88,7440.43,7312.74,7392.95,7294.18,7354.03,7500.44,7530.01,7294.18,7354.03,7516.75,7577.92,7402.61,7500.57,25502.0883,25834.3545,25289.7642,25820.1438,25105.4142,25491.3747,25014.9599,25297.6177,26483.3098,26561.1184,25014.9599,25297.6177,26447.2301,26788.6179,25960.4094,26517.9314,51995.14,52311.63,51949.54,52182.74,51803.77,52130.07,51614.74,51614.74,51555.19,52655.66,51301.77,51614.74,51364.55,52281.19,51364.55,51564.71,0.11266336187471192,8.585445625511067,5.151267375306638,,-1,1,1,0,1,1,-1,-1,1,1,-1,-1,1,1,1,0
PYPL,20260702,20260702.0,1.0,1.0,44.405,44.85,44.405,44.85,44.70166666666666,3.0,1.0807263766873796,44.84,44.94,44.79,44.93,44.76365513137416,0.6273267652563813,0.8700285788019844,0.0416368927559159,63.27289786075171,,,,,44.89,43.56,0.0,0.1335410638771473,0.4117516136211935,0.1335410638771473,0.4896505675495189,0.1335410638771473,0.4896505675495189,0.4896505675495189,0.4896505675495189,1.2463832628533325,0.4896505675495189,1.0,1.0,7.0,13.0,359.0,,1782999060000.0,12105.0,0.4450000000000003,6100.0,0.1499999999999985,1.3932110425660034,0.0419408740359898,0.0416368927559159,0.2974999999999994,0.0263448686258414,0.0,0.0,44.07,0.1335410638771473,0.4896505675495189,43.86,44.89,43.56,44.07,44.57,44.57,42.26,43.18,42.605,44.38,41.65,44.29,42.358,44.74,41.65,42.51,7478.84,7521.81,7449.63,7483.23,7441.27,7508.29,7438.04,7499.36,7500.44,7530.01,7294.18,7354.03,7516.75,7577.92,7402.61,7500.57,26039.5074,26238.0595,25954.4558,26040.0314,25824.4739,26253.0419,25808.0588,26213.7196,26483.3098,26561.1184,25014.9599,25297.6177,26447.2301,26788.6179,25960.4094,26517.9314,52231.18,52742.66,52026.64,52305.24,52168.18,52387.45,52033.13,52319.2,51555.19,52655.66,51301.77,51614.74,51364.55,52281.19,51364.55,51564.71,0.7601542999773108,10.687637106079999,3.6025743054201858,,1,1,1,0,1,1,-1,-1,1,0,-1,-1,1,0,1,0
PYPL,20260730,20260730.0,1.0,1.0,57.49,57.61,57.33,57.58,57.50666666666666,3.0,1.921311780007432,57.58,57.77,57.55,57.63,57.52869388478904,0.3568600371240869,1.1479319405340906,0.0596325225759673,35.729018814891326,,,,,59.46,58.0,0.0,0.0173520735727884,0.2255769564462997,0.2429290300190882,0.2255769564462997,0.2429290300190882,0.2255769564462997,0.4511539128925872,0.2255769564462997,0.4511539128925872,1.6918271733472174,2.0,2.0,6.0,,,44.0,1785418260000.0,62043.0,0.2800000000000011,11266.0,0.2200000000000059,1.7864524623324982,0.0714230769230772,0.0596325225759673,0.2500000000000035,0.0213061152109617,0.0,0.0,58.35,0.1908728093007104,0.2255769564462997,58.1,59.47,58.0,58.35,56.76,58.8,56.46,58.32,56.49,57.16,54.935,56.15,46.9,57.67,46.285,56.56,7418.16,7450.84,7313.92,7316.15,7395.55,7452.09,7382.95,7428.78,7489.18,7525.94,7376.0,7411.98,7547.53,7581.5,7431.26,7457.69,24863.4804,25054.5271,24425.3389,24442.9419,24825.0719,24984.5008,24581.0056,24876.9122,25720.8706,25880.343,24918.093,24975.8238,26088.3133,26316.8139,25250.628,25520.2437,52674.21,52674.21,51551.18,51594.14,52492.88,52901.87,52443.52,52747.32,52154.57,52511.21,51542.06,51947.25,52676.53,52924.86,51986.74,52146.42,-1.4738646101113957,4.695424374229723,3.6892620083234386,,1,1,-1,0,-1,-1,-1,-1,-1,0,-1,-1,-1,-1,-1,-1
PYPL,20260731,20260731.0,-1.0,1.0,57.11,57.32,56.82,56.82,56.98666666666667,-3.0,0.643107482037008,56.8,56.82,56.6,56.765,56.90249218428132,0.4228519310605108,0.5497950743221997,0.0606926702260893,135.91786944622032,,,,,57.89,56.655,0.0,0.0264247335506043,0.184973134854218,0.2554390909891714,0.3259050471241121,0.2554390909891714,0.3435215361578442,0.2554390909891714,1.0657975865409968,0.2554390909891714,1.3828943891482366,2.0,2.0,2.0,,,6.0,1785504660000.0,27818.0,0.5,13445.0,0.2199999999999988,1.7799201435944627,0.0530128205128205,0.0606926702260893,0.3599999999999994,0.0824921842813211,0.0,0.0,57.65,0.2554390909891714,0.184973134854218,57.4,57.89,56.655,57.65,58.1,59.47,58.0,58.35,56.49,57.16,54.935,56.15,46.9,57.67,46.285,56.56,7390.45,7448.75,7370.98,7437.63,7418.16,7450.84,7313.92,7316.15,7489.18,7525.94,7376.0,7411.98,7547.53,7581.5,7431.26,7457.69,24852.047,25171.4428,24813.8358,25122.1771,24863.4804,25054.5271,24425.3389,24442.9419,25720.8706,25880.343,24918.093,24975.8238,26088.3133,26316.8139,25250.628,25520.2437,52114.27,52266.45,51655.52,52208.06,52674.21,52674.21,51551.18,51594.14,52154.57,52511.21,51542.06,51947.25,52676.53,52924.86,51986.74,52146.42,-0.9366869037294001,8.238227089653908,3.6248199194476998,,1,-1,-1,0,1,0,-1,-1,1,1,-1,-1,1,0,-1,-1
PYPL,20260812,20260812.0,1.0,1.0,57.97,58.45,57.89,58.21,58.18333333333334,3.0,1.013999057566952,58.225,58.45,58.225,58.39,58.21927242804654,0.280841188671883,0.6556587202007528,0.0392232751190689,14.602482674068854,,,,,59.44,58.55,0.0,0.3253981846206503,0.1370097619455357,0.5994177085117339,0.1370097619455357,0.5994177085117339,0.1370097619455357,0.7364274704572695,0.1370097619455357,1.5670491522520966,0.2568933036478824,1.0,1.0,1.0,3.0,370.0,,1786541460000.0,10329.0,0.5600000000000023,2735.0,0.240000000000002,1.5174484471585177,0.0343798449612403,0.0392232751190689,0.4000000000000021,0.0057275719534644,0.0,0.0,59.0,0.3767768453502292,0.1370097619455357,58.55,59.44,58.55,59.0,58.335,59.08,58.322,59.07,58.128,59.99,57.18,59.07,56.36,59.47,55.48,57.21,7767.51,7767.51,7717.25,7728.2,7751.74,7773.76,7743.11,7753.11,7504.78,7793.68,7504.78,7757.64,7464.2,7512.04,7313.92,7489.72,26672.1748,26679.2601,26372.3071,26445.4462,26680.444,26724.6317,26548.2575,26605.3567,25452.6626,26738.9959,25420.3517,26690.615,25236.1852,25460.8631,24425.3389,25373.8534,53961.6,54222.85,53746.43,53791.85,54072.66,54072.66,53850.19,53975.98,52759.06,54744.33,52759.06,54036.93,52173.42,52901.87,51551.18,52485.03,-1.7457627118644088,14.277237132800035,6.118815914057184,,1,1,1,1,-1,-1,1,1,-1,-1,1,1,-1,0,1,1
PYPL,20260813,20260813.0,-1.0,1.0,59.5,59.75,59.39,59.47,59.53666666666667,-3.0,5.25794300687848,59.49,59.5,59.19,59.26,59.50797860196955,0.7587355907780979,2.9651322884875744,0.0380980436900028,20.94228783626815,,,,,59.305,57.89,0.0,0.0674991562605453,0.1012487343908239,0.0674991562605453,0.2699966250421932,0.2699966250421812,0.2699966250421932,0.4218697266284171,0.2699966250421932,0.4218697266284171,2.5143435707053694,2.0,2.0,5.0,,,21.0,1786627860000.0,44947.0,0.3599999999999994,6740.0,0.3100000000000023,1.509773558075766,0.0338082901554405,0.0380980436900028,0.3350000000000008,0.0079786019695475,0.0,0.0,59.2,0.0674991562605453,0.2278096523793538,58.15,59.3,57.89,59.2,58.55,59.44,58.55,59.0,58.128,59.99,57.18,59.07,56.36,59.47,55.48,57.21,7765.46,7766.01,7737.95,7748.5,7767.51,7767.51,7717.25,7728.2,7504.78,7793.68,7504.78,7757.64,7464.2,7512.04,7313.92,7489.72,26680.4689,26688.2403,26531.9256,26588.4881,26672.1748,26679.2601,26372.3071,26445.4462,25452.6626,26738.9959,25420.3517,26690.615,25236.1852,25460.8631,24425.3389,25373.8534,53797.47,53969.36,53731.96,53770.27,53961.6,54222.85,53746.43,53791.85,52759.06,54744.33,52759.06,54036.93,52173.42,52901.87,51551.18,52485.03,0.5067567567567519,9.44930408840037,8.136900742789281,,1,-1,1,1,-1,0,1,1,-1,1,1,1,-1,-1,1,1
RBLX,20260721,20260721.0,1.0,1.0,52.91,53.29,52.51,53.01,52.93666666666667,3.0,1.0508113860069168,53.05,53.23,52.99,53.12,52.984015133966494,0.5618141206176556,0.8520506848774325,0.0975742874857722,6.133650767760375,,,,,55.39,51.72,0.0,0.0,0.1317771084337354,1.110692771084344,0.1317771084337354,1.1671686746988037,0.1317771084337354,1.1671686746988037,0.1317771084337354,1.6189759036144569,1.2707078313252955,1.0,1.0,2.0,2.0,3.0,41.0,1784640660000.0,3160.0,0.7800000000000011,1157.0,0.2399999999999948,3.201682037428345,0.1066408268733851,0.0975742874857722,0.509999999999998,0.0059848660335077,0.0,0.0,53.25,0.8847891566265174,0.1317771084337354,52.0,55.42,51.74,53.25,52.18,52.8,50.56,51.68,55.53,57.545,50.56,51.68,55.11,58.4,53.56,55.35,7489.18,7513.23,7440.53,7443.28,7447.52,7498.47,7431.26,7457.69,7547.53,7581.5,7431.26,7457.69,7506.96,7579.93,7421.82,7575.39,25720.8706,25815.5997,25501.096,25508.0723,25412.259,25703.0087,25250.628,25520.2437,26088.3133,26316.8139,25250.628,25520.2437,25999.608,26301.5382,25526.465,26281.6069,52154.57,52411.9,51781.9,51839.26,52426.46,52610.97,51986.74,52146.42,52676.53,52924.86,51986.74,52146.42,52828.45,53289.3,52069.87,52637.01,-0.6384976525821661,7.993909257228621,2.4596643868395187,,1,1,-1,-1,-1,1,-1,1,-1,1,-1,0,-1,-1,-1,-1
RBLX,20260722,20260722.0,-1.0,1.0,52.705,52.705,51.5,51.775,51.99333333333333,-3.0,0.2966887417218543,51.67,51.775,51.645,51.645,51.9481051964512,0.0729995320542817,0.2039945704867171,0.0945522152895749,183.0789431226467,,,,,53.98,52.445,0.0,1.636170006777047,0.0,1.636170006777047,0.0,1.636170006777047,0.0,1.636170006777047,0.0,3.9403620873269514,0.0,1.0,1.0,1.0,1.0,1.0,,1784727060000.0,896.0,1.2049999999999983,156.0,0.1299999999999954,3.081561891897749,0.0659685863874345,0.0945522152895749,0.6674999999999969,0.1731051964512033,0.0,0.0,52.5,1.636170006777047,0.0,52.82,53.96,52.44,52.5,52.0,55.42,51.74,53.25,55.53,57.545,50.56,51.68,55.11,58.4,53.56,55.35,7489.95,7515.31,7467.86,7509.2,7489.18,7513.23,7440.53,7443.28,7547.53,7581.5,7431.26,7457.69,7506.96,7579.93,7421.82,7575.39,25772.5487,25880.343,25672.8278,25837.2065,25720.8706,25815.5997,25501.096,25508.0723,26088.3133,26316.8139,25250.628,25520.2437,25999.608,26301.5382,25526.465,26281.6069,51916.79,52370.65,51890.1,52224.64,52154.57,52411.9,51781.9,51839.26,52676.53,52924.86,51986.74,52146.42,52828.45,53289.3,52069.87,52637.01,0.3904761904761872,12.7442809912975,1.3749016837083974,,-1,0,-1,-1,1,1,-1,1,1,1,-1,0,1,0,-1,-1
RBLX,20260814,20260814.0,1.0,1.0,38.5,38.8,38.35,38.8,38.65,3.0,4.041616038882139,38.8,39.08,38.8,39.075,38.75699207093529,1.0584910991805594,2.127053788400856,0.0528581242232333,81.36484163356559,,,,,38.28,35.43,0.0,0.1407549584133069,0.6014075495841316,0.1407549584133069,1.4203454894433774,0.1407549584133069,1.6250799744082025,0.1407549584133069,2.392834293026237,0.1407549584133069,2.853486884197062,2.0,2.0,,,,1.0,1786714260000.0,7983.0,0.4499999999999957,3746.0,0.2800000000000011,2.9617951072047264,0.0529274611398961,0.0528581242232333,0.3649999999999984,0.0430079290647071,0.0,0.0,37.95,0.1407549584133069,0.6781829814459387,35.89,38.29,35.41,37.95,36.3,36.58,35.16,35.54,35.58,38.28,35.03,37.79,48.37,51.05,33.88,35.6,7763.18,7816.7,7763.18,7798.99,7765.46,7766.01,7737.95,7748.5,7504.78,7793.68,7504.78,7757.64,7464.2,7512.04,7313.92,7489.72,26631.3413,26875.5203,26612.8493,26803.025,26680.4689,26688.2403,26531.9256,26588.4881,25452.6626,26738.9959,25420.3517,26690.615,25236.1852,25460.8631,24425.3389,25373.8534,53828.55,54049.14,53622.46,53839.99,53797.47,53969.36,53731.96,53770.27,52759.06,54744.33,52759.06,54036.93,52173.42,52901.87,51551.18,52485.03,1.449275362318833,8.513355451274268,5.297198947459616,,1,1,1,0,1,1,1,1,1,1,1,1,1,0,1,1
REGN,20260605,20260605.0,1.0,1.0,632.99,634.84,631.5,633.5,633.2800000000001,3.0,1.126968503937008,634.05,634.14,634.05,634.14,633.566942857143,0.750620347394541,0.9604829857299672,0.5273839900999836,91.5949577395018,,,,,633.92,621.43,0.0,0.1356167407827946,0.0741161257766466,0.4573122654303431,0.0741161257766466,0.4573122654303431,0.0741161257766466,0.5803134954426568,0.0741161257766466,1.054972088182429,0.2933106254139486,1.0,1.0,3.0,10.0,181.0,,1780666260000.0,229.0,3.340000000000032,121.0,0.6399999999999864,19.5310032317156,0.6280709876543259,0.5273839900999836,1.990000000000009,0.4830571428569783,0.0,0.0,628.73,0.2460024600246095,0.0741161257766466,628.07,633.885,621.11,628.73,600.79,625.0,599.0,618.95,642.45,648.495,609.77,614.78,615.93,651.0,610.6,638.88,7516.54,7598.19,7516.54,7584.32,7605.31,7605.35,7551.22,7553.67,7511.79,7599.38,7499.72,7580.05,7415.07,7506.32,7333.68,7473.48,26579.2971,26923.7016,26554.2391,26830.9575,27092.8445,27130.8758,26769.1555,26853.9756,26590.5045,27094.8025,26520.298,26972.62,26289.4902,26504.5505,25701.4391,26343.9704,50986.1,51657.89,50986.1,51561.94,51220.92,51220.92,50687.07,50687.08,50686.15,51094.18,50314.34,51032.47,49481.04,50830.24,49235.74,50579.71,0.677556343740555,6.333146365263802,1.2135370280744635,,1,1,-1,-1,1,-1,1,1,1,-1,1,1,1,1,1,1
REGN,20260612,20260612.0,-1.0,1.0,613.92,615.89,613.085,613.085,614.02,-3.0,2.505609573672401,611.68,611.68,610.17,610.17,613.9563006344558,0.2663934426229508,2.160025300442758,0.5578766764750233,408.0293603308206,,,,,618.25,603.44,0.0,0.0278610878935311,0.0,0.0278610878935311,0.3408886048150583,0.647360571643957,0.3408886048150583,0.7538882606486569,0.3408886048150583,0.7538882606486569,1.017749151875713,1.0,2.0,4.0,5.0,,60.0,1781271060000.0,670.0,2.80499999999995,13.0,2.9150000000000773,19.316185318828055,0.5690390390390377,0.5578766764750233,2.8600000000000136,2.276300634455879,0.0,0.0,611.48,0.0278610878935311,0.3408886048150583,604.31,618.1,603.57,611.48,619.07,619.255,601.22,601.65,607.54,640.82,591.52,635.45,642.45,648.495,609.77,614.78,7287.67,7412.68,7257.33,7394.31,7350.54,7396.56,7265.93,7267.0,7582.29,7620.9,7368.63,7383.73,7511.79,7599.38,7499.72,7580.05,25309.7783,25846.564,25109.3944,25809.6595,25512.0694,25725.9963,25145.3018,25169.5012,26952.5792,27190.2067,25648.4693,25709.432,26590.5045,27094.8025,26520.298,26972.62,49972.07,50968.95,49972.07,50848.76,50760.12,50769.26,49909.07,49918.79,51161.1,51660.4,50687.07,50866.79,50686.15,51094.18,50314.34,51032.47,0.3990318571335025,5.0279929566575685,5.225169151036528,,1,0,1,-1,1,0,-1,0,1,0,-1,0,1,1,-1,1
REGN,20260622,20260622.0,1.0,1.0,605.68,610.28,604.41,608.64,607.7766666666666,3.0,3.537336412625096,609.65,611.245,609.65,611.245,609.0826404833836,5.0480109739369,4.080374753451676,0.4974667806007723,114.04972929674646,,,,,614.49,598.28,0.0,0.2036826477108204,0.0662582107011055,0.2036826477108204,1.67608732995771,0.2036826477108204,2.1341687866567347,0.2036826477108204,2.1341687866567347,0.3541951263404958,2.6707784930756158,2.0,2.0,383.0,,,2.0,1782135060000.0,919.0,5.8700000000000045,736.0,2.605000000000018,17.420897543775702,0.5045781250000019,0.4974667806007723,4.237500000000011,0.5673595166164205,0.0,0.0,609.94,0.2036826477108204,1.2081898420436965,612.07,616.24,598.19,609.94,615.16,620.0,602.13,607.93,613.35,620.0,598.19,609.94,638.04,638.95,601.22,612.14,7487.36,7511.07,7468.32,7500.57,7524.5,7532.17,7402.61,7420.11,7516.75,7577.92,7402.61,7500.57,7440.57,7483.15,7237.85,7431.45,26410.6233,26559.7431,26188.6879,26517.9314,26493.8233,26511.554,25960.4094,26021.6556,26447.2301,26788.6179,25960.4094,26517.9314,26065.071,26259.9222,24980.3763,25888.844,51571.85,51949.26,51554.53,51564.71,51937.56,52281.19,51392.58,51492.56,51364.55,52281.19,51364.55,51564.71,50997.23,51409.7,49909.07,51202.27,-0.698429353706939,11.79978287778537,5.236530561606657,,-1,-1,-1,-1,1,0,-1,1,1,1,1,1,-1,0,1,1
REGN,20260727,20260727.0,-1.0,1.0,663.42,665.49,662.17,662.17,663.2766666666666,-3.0,0.8028720626631854,661.81,661.81,660.73,660.73,662.0752014652014,0.6063055780113177,0.6814777833250124,0.5633614480000154,47.074833775538025,,,,,667.92,653.4,0.0,0.1104838587622808,0.0809710471750893,0.1104838587622808,0.4207467498070275,0.1104838587622808,0.7355500734036616,0.1104838587622808,1.3681836756314931,0.1104838587622808,2.6289104475353025,2.0,2.0,,,,5.0,1785159060000.0,123.0,4.690000000000055,150.0,1.4399999999999409,16.82592077563074,0.5185099337748349,0.5633614480000154,3.0649999999999977,0.2652014652014713,0.0,0.0,656.01,0.1104838587622808,0.0817277859337344,658.29,667.5,654.05,656.01,646.48,655.2,637.8,651.91,674.72,681.74,637.8,656.01,661.63,691.128,648.66,676.69,7406.3,7460.98,7396.53,7411.98,7418.29,7450.12,7376.0,7408.3,7489.18,7525.94,7376.0,7411.98,7547.53,7581.5,7431.26,7457.69,25107.3837,25222.1378,24918.093,24975.8238,25245.5416,25358.2821,24954.7738,25137.6924,25720.8706,25880.343,24918.093,24975.8238,26088.3133,26316.8139,25250.628,25520.2437,51791.37,52118.19,51682.36,51947.25,51755.54,51885.14,51542.06,51711.65,52154.57,52511.21,51542.06,51947.25,52676.53,52924.86,51986.74,52146.42,1.1295559518909724,8.325028304031067,2.5560854494251823,,-1,1,-1,-1,1,1,-1,-1,-1,-1,-1,-1,1,1,-1,-1
REGN,20260805,20260805.0,1.0,1.0,770.19,777.39,770.19,777.39,774.9899999999999,3.0,2.46456332876086,778.0,781.61,778.0,780.0,777.0523031601499,1.4471753484959646,1.900061062487279,0.9061979988210436,104.57944522974468,,,,,763.54,748.39,0.0,0.3320512820512861,0.0,0.3320512820512861,0.2641025641025571,0.3320512820512861,0.6666666666666725,0.3320512820512861,0.8423076923076988,0.3320512820512861,2.137179487179482,2.0,2.0,1.0,,,4.0,1785936660000.0,1078.0,7.199999999999932,789.0,4.220000000000027,20.401356129100105,0.7258860759493678,0.9061979988210436,5.70999999999998,0.9476968398500958,0.0,0.0,760.66,0.3320512820512861,0.0243589743589813,753.76,763.54,747.0,760.66,769.54,772.75,756.44,759.24,661.77,764.75,659.53,762.63,674.72,681.74,637.8,656.01,7630.62,7758.21,7629.1,7736.52,7504.78,7610.04,7504.78,7600.5,7464.2,7512.04,7313.92,7489.72,7489.18,7525.94,7376.0,7411.98,26088.0422,26679.9092,26088.0422,26584.993,25452.6626,25967.4411,25420.3517,25913.8956,25236.1852,25460.8631,24425.3389,25373.8534,25720.8706,25880.343,24918.093,24975.8238,53641.21,54272.6,53641.21,54085.88,52759.06,53230.08,52759.06,53178.41,52173.42,52901.87,51551.18,52485.03,52154.57,52511.21,51542.06,51947.25,1.2528593589777413,7.945283491430212,4.656818935255004,,1,-1,1,1,1,1,1,-1,1,1,1,-1,1,1,1,1
REGN,20260818,20260818.0,1.0,1.0,810.0,810.94,810.0,810.94,810.6266666666667,3.0,1.7732962447844227,812.63,814.92,812.63,814.92,811.9395484400657,0.5555555555555556,0.9769008662175168,0.6008873827752387,114.90531832195153,,,,,813.18,795.0,0.0,0.0196338290875278,0.2356059490502084,,,0.0196338290875278,0.309232808128403,,,0.7485397339616187,0.6061944730771046,2.0,2.0,74.0,162.0,,9.0,1787059860000.0,255.0,2.3500000000000227,151.0,3.979999999999905,19.95521187376638,0.6249176954732493,0.6008873827752387,3.164999999999964,0.6904515599343313,0.0,0.0,805.93,0.0196338290875278,0.2356059490502084,801.76,813.18,795.73,805.93,802.35,806.535,792.57,803.48,781.72,815.8,775.83,803.48,769.54,785.99,747.0,784.36,7790.68,7790.68,7744.88,7745.06,7806.6,7810.01,7776.31,7785.76,7751.74,7816.7,7717.25,7785.76,7504.78,7793.68,7504.78,7757.64,26784.652,26798.3991,26626.3745,26644.9109,26851.148,26862.1673,26661.9537,26729.1644,26680.444,26875.5203,26372.3071,26729.1644,25452.6626,26738.9959,25420.3517,26690.615,53663.11,53663.11,53395.23,53459.78,53842.8,53890.84,53673.47,53732.41,54072.66,54222.85,53622.46,53732.41,52759.06,54744.33,52759.06,54036.93,0.5050066382936546,3.910882583598927,6.623537311797109,,1,1,1,1,-1,-1,1,1,-1,-1,1,1,-1,-1,-1,0
REGN,20260826,20260826.0,-1.0,1.0,833.16,833.16,825.86,827.39,828.8033333333334,-3.0,0.3532934131736527,828.65,828.65,828.0,828.0,828.687596371882,0.4965753424657534,0.3746177370030581,0.6410612269170691,5.864708440229757,,,,,839.98,826.0,0.0,0.0,0.2693236714975867,0.0,0.4589371980676274,0.1256038647342951,0.4589371980676274,0.1256038647342951,0.4589371980676274,1.6050724637681115,0.4589371980676274,1.0,1.0,13.0,18.0,85.0,,1787751060000.0,118.0,7.299999999999954,29.0,1.259999999999991,19.40591919597735,0.6080478087649416,0.6410612269170691,4.279999999999973,0.0375963718820457,0.0,0.0,833.56,0.0,0.4589371980676274,829.22,839.94,823.44,833.56,834.51,834.695,823.395,828.5,801.76,847.0,795.73,834.04,781.72,815.8,775.83,803.48,7676.66,7686.11,7650.92,7677.28,7663.38,7670.3,7638.17,7652.86,7790.68,7790.68,7639.01,7674.37,7751.74,7816.7,7717.25,7785.76,26148.7096,26225.8274,26034.3453,26151.2998,26065.3195,26109.9609,25910.8163,25980.1905,26784.652,26798.3991,26023.1232,26180.4547,26680.444,26875.5203,26372.3071,26729.1644,53594.92,53675.32,53386.37,53577.4,53261.95,53508.18,53261.95,53417.16,53663.11,53710.06,52754.9,53277.01,54072.66,54222.85,53622.46,53732.41,-0.0479869475502636,11.387367841768285,1.9654908877572637,,1,1,1,1,1,1,-1,-1,1,1,-1,-1,-1,1,-1,-1
SHOP,20260608,20260608.0,1.0,1.0,113.625,113.905,112.62,113.76,113.42833333333334,3.0,0.9582687574072384,114.01,114.81,114.01,114.74,113.907930057341,1.4095926749957215,1.115126100404473,0.1638907692307694,62.27925046546867,,,,,115.9,108.28,0.0,0.0,1.3508802510022635,0.0,1.952239846609722,0.0,1.952239846609722,0.0,2.2659926791005702,0.0,3.677880425309394,2.0,2.0,,,,1.0,1780925460000.0,8409.0,1.5300000000000011,6589.0,1.0499999999999972,5.969657804600642,0.1618461538461539,0.1638907692307694,1.2899999999999991,0.1020699426590141,0.0,0.0,109.54,0.0,1.7343559351577436,114.5,115.9,108.29,109.54,115.875,117.77,114.3346,116.04,120.25,124.625,108.29,109.54,103.23,119.84,102.32,118.71,7537.36,7541.81,7368.63,7383.73,7516.54,7598.19,7516.54,7584.32,7582.29,7620.9,7368.63,7383.73,7511.79,7599.38,7499.72,7580.05,26536.5927,26572.2483,25648.4693,25709.432,26579.2971,26923.7016,26554.2391,26830.9575,26952.5792,27190.2067,25648.4693,25709.432,26590.5045,27094.8025,26520.298,26972.62,51610.02,51660.4,50781.45,50866.79,50986.1,51657.89,50986.1,51561.94,51161.1,51660.4,50687.07,50866.79,50686.15,51094.18,50314.34,51032.47,3.7292313310206255,9.335486111762991,6.406706155131443,,-1,-1,-1,1,-1,-1,-1,0,-1,-1,-1,0,-1,0,-1,1
SHOP,20260629,20260629.0,-1.0,1.0,118.64,119.34,117.47,117.94,118.25,-3.0,1.2848509392230771,118.02,118.165,117.72,117.9,118.22208162662828,0.1007815713698066,0.6361536402946604,0.2075271794871793,27.505614816010727,,,,,117.86,112.15,0.0,0.0169635284139187,1.3061916878710702,0.0169635284139187,1.7048346055979566,0.0169635284139187,1.7048346055979566,0.0169635284139187,2.1204410517387617,3.3078880407124727,2.2985581000848123,2.0,2.0,93.0,105.0,117.0,1.0,1782739860000.0,8249.0,1.8700000000000043,784.0,0.4450000000000074,5.595920064711178,0.2182564102564101,0.2075271794871793,1.157500000000006,0.0570816266282747,0.0,0.0,116.86,0.0169635284139187,1.7048346055979566,112.595,117.87,112.1,116.86,113.4,115.69,111.325,111.62,106.75,117.87,106.0,116.86,110.9,115.315,106.14,108.85,7312.74,7392.95,7294.18,7354.03,7404.91,7419.08,7323.5,7357.48,7500.44,7530.01,7294.18,7354.03,7516.75,7577.92,7402.61,7500.57,25105.4142,25491.3747,25014.9599,25297.6177,25724.7791,25724.7791,25123.4264,25358.6029,26483.3098,26561.1184,25014.9599,25297.6177,26447.2301,26788.6179,25960.4094,26517.9314,51803.77,52130.07,51614.74,51614.74,52009.02,52655.66,51857.78,51920.63,51555.19,52655.66,51301.77,51614.74,51364.55,52281.19,51364.55,51564.71,1.5231901420503176,9.010867899910576,2.1442974414226006,,1,1,1,0,1,-1,-1,-1,1,-1,-1,-1,-1,-1,1,0
SHOP,20260710,20260710.0,1.0,1.0,126.765,128.93,126.5,128.93,128.12,3.0,3.8162430288933114,129.0,130.11,128.9,129.82,128.63514834122086,6.155162090496964,4.3934436610799175,0.187779797352963,141.043745127341,,,,,123.22,116.97,0.0,0.6932676012941039,0.0693267601294125,0.6932676012941039,0.8242181482052019,0.6932676012941039,0.9551686951163,0.6932676012941039,1.3249114158065003,0.6932676012941039,5.684794330611613,1.0,2.0,1.0,1.0,,3.0,1783690260000.0,27235.0,2.430000000000007,14392.0,1.210000000000008,5.798750955932834,0.1645244215938303,0.187779797352963,1.8200000000000076,0.2648516587791505,0.0,0.0,123.17,0.6932676012941039,0.3158219072561983,117.25,123.22,116.71,123.17,120.93,120.94,115.17,119.22,118.38,123.7,112.0,119.46,106.75,117.87,106.0,116.86,7491.6,7546.89,7481.73,7543.64,7476.54,7488.51,7421.82,7482.71,7391.88,7540.75,7348.88,7483.24,7500.44,7530.01,7294.18,7354.03,25918.3107,26215.8248,25825.8465,26206.8902,25704.6601,25896.0656,25526.465,25870.6523,25502.0883,26261.0906,25289.7642,25832.6716,26483.3098,26561.1184,25014.9599,25297.6177,52249.44,52574.89,52249.44,52487.41,52758.47,52758.47,52069.87,52348.39,51995.14,52903.85,51949.54,52900.07,51555.19,52655.66,51301.77,51614.74,2.918730210278476,12.940689223518664,6.4437176792006765,,1,1,1,1,1,1,1,1,1,1,1,0,1,0,1,1
SHOP,20260713,20260713.0,1.0,1.0,124.885,125.75,124.27,125.58,125.2,3.0,0.521215150505387,125.8,126.06,125.36,125.87,125.33817182683286,0.3744935128719355,0.4755197511822666,0.1865550863127078,11.700658287358582,,,,,130.72,122.44,0.0,0.1906729165011479,1.4856598077381462,0.1906729165011479,1.9067291650115243,0.1906729165011479,1.9067291650115243,0.1906729165011479,1.9067291650115243,0.6514657980455971,3.3367760387701617,2.0,2.0,197.0,198.0,,1.0,1783949460000.0,5631.0,1.480000000000004,1830.0,0.7000000000000028,5.988125887651917,0.1844533678756475,0.1865550863127078,1.0900000000000034,0.0218281731671368,0.0,0.0,122.54,0.1906729165011479,1.5889409708429332,126.765,130.75,122.3,122.54,117.25,123.22,116.71,123.17,118.96,130.75,115.17,122.54,118.38,123.7,112.0,119.46,7547.64,7579.93,7508.16,7575.39,7491.6,7546.89,7481.73,7543.64,7506.96,7579.93,7421.82,7575.39,7391.88,7540.75,7348.88,7483.24,26175.5355,26301.5382,26009.4919,26281.6069,25918.3107,26215.8248,25825.8465,26206.8902,25999.608,26301.5382,25526.465,26281.6069,25502.0883,26261.0906,25289.7642,25832.6716,52622.92,52709.75,52266.81,52637.01,52249.44,52574.89,52249.44,52487.41,52828.45,53289.3,52069.87,52637.01,51995.14,52903.85,51949.54,52900.07,1.9136608454382233,7.933313581808189,3.7522429103146893,,-1,1,1,1,1,1,1,1,1,1,1,1,1,1,-1,1
SHOP,20260716,20260716.0,1.0,1.0,124.85,125.82,124.36,125.82,125.33333333333331,3.0,0.4899192148329899,125.82,126.6,125.82,126.18,125.777496257054,0.9637458309871356,0.6549450881004103,0.1943010633662913,21.875198318320617,,,,,127.53,120.87,0.0,0.0475511174512506,0.6340148993501437,0.0475511174512506,1.4106831510540505,0.0475511174512506,1.4106831510540505,0.0475511174512506,1.7276906007291224,1.355206847360908,3.4078300840069837,2.0,2.0,115.0,125.0,277.0,1.0,1784208660000.0,4233.0,1.4599999999999935,4450.0,0.7800000000000011,5.9876284894939,0.2365077319587629,0.1943010633662913,1.1199999999999974,0.042503742945982,0.0,0.0,123.55,0.0475511174512506,0.8400697416389302,126.45,127.59,120.87,123.55,121.63,126.11,120.0,125.68,118.96,130.75,115.17,122.54,118.38,123.7,112.0,119.46,7571.72,7581.5,7526.95,7572.4,7536.7,7557.44,7513.23,7543.59,7506.96,7579.93,7421.82,7575.39,7391.88,7540.75,7348.88,7483.24,26261.1834,26316.8139,26041.1279,26269.2272,26015.4921,26168.8046,25912.4015,26107.0078,25999.608,26301.5382,25526.465,26281.6069,25502.0883,26261.0906,25289.7642,25832.6716,52604.2,52823.95,52428.54,52658.64,52046.36,52695.06,52046.36,52508.27,52828.45,53289.3,52069.87,52637.01,51995.14,52903.85,51949.54,52900.07,1.0522055847834861,7.514112247793722,4.014388735122697,,-1,1,1,1,1,1,1,1,1,1,1,1,1,1,-1,1
SHOP,20260722,20260722.0,-1.0,1.0,123.38,123.39,121.29,121.6,122.09333333333332,-3.0,0.9290462850691976,121.4,121.6,120.87,121.39,121.66090475693356,0.918966319481728,0.9236153964825672,0.210277348976088,28.964012163047148,,,,,124.26,119.49,0.0,0.1070928412554538,0.6178433149353324,0.1070928412554538,0.6178433149353324,0.1070928412554538,0.6178433149353324,0.3212785237663733,0.6178433149353324,3.913007661257105,0.626081225801141,2.0,2.0,9.0,20.0,48.0,1.0,1784727060000.0,4444.0,2.0999999999999943,5135.0,0.7299999999999898,5.736907207633154,0.1885321336760926,0.210277348976088,1.414999999999992,0.0609047569335672,0.0,0.0,123.03,0.1070928412554538,0.6178433149353324,121.21,124.29,119.25,123.03,124.23,128.26,123.45,124.48,124.63,127.89,120.0,123.56,118.96,130.75,115.17,122.54,7489.95,7515.31,7467.86,7509.2,7489.18,7513.23,7440.53,7443.28,7547.53,7581.5,7431.26,7457.69,7506.96,7579.93,7421.82,7575.39,25772.5487,25880.343,25672.8278,25837.2065,25720.8706,25815.5997,25501.096,25508.0723,26088.3133,26316.8139,25250.628,25520.2437,25999.608,26301.5382,25526.465,26281.6069,51916.79,52370.65,51890.1,52224.64,52154.57,52411.9,51781.9,51839.26,52676.53,52924.86,51986.74,52146.42,52828.45,53289.3,52069.87,52637.01,0.28448345931886065,9.986810325627603,3.471605494146699,,1,-1,-1,0,1,1,-1,1,1,1,-1,0,1,0,-1,-1
SHOP,20260728,20260728.0,1.0,1.0,128.29,130.1,127.9,129.78,129.26,3.0,2.598110336529955,129.78,130.6,129.62,130.55,129.60909793510325,1.4232802330180876,2.0154098594563745,0.1810019379078504,6.023175786275124,,,,,126.91,117.8,0.0,0.2987361164304759,0.1761777096897879,0.2987361164304759,0.7506702412868772,0.2987361164304759,0.7506702412868772,0.3370356185369573,0.7506702412868772,2.635005744925314,1.8153963998468048,2.0,2.0,1.0,72.0,101.0,2.0,1785245460000.0,14684.0,2.1999999999999886,7916.0,0.9799999999999898,6.269448791056083,0.219447300771208,0.1810019379078504,1.5899999999999892,0.0109020648967543,0.0,0.0,126.88,0.2987361164304759,0.5285331290693203,118.195,126.91,117.81,126.88,112.99,114.6,111.26,113.75,124.23,128.26,111.055,113.75,124.63,127.89,120.0,123.56,7464.2,7480.57,7382.74,7413.18,7406.3,7460.98,7396.53,7411.98,7489.18,7525.94,7376.0,7411.98,7547.53,7581.5,7431.26,7457.69,25236.1852,25261.9122,24774.8672,24932.0815,25107.3837,25222.1378,24918.093,24975.8238,25720.8706,25880.343,24918.093,24975.8238,26088.3133,26316.8139,25250.628,25520.2437,52173.42,52607.78,51985.38,52210.08,51791.37,52118.19,51682.36,51947.25,52154.57,52511.21,51542.06,51947.25,52676.53,52924.86,51986.74,52146.42,1.111286254728875,12.154565997630517,5.414306671671747,,1,1,-1,0,-1,0,-1,-1,-1,0,-1,-1,1,1,-1,-1
SHOP,20260819,20260819.0,1.0,1.0,146.64,146.93,145.88,146.93,146.58,3.0,1.7089279787587122,146.85,147.56,146.85,147.385,146.64140293493637,0.2196707105719237,1.0629580905844769,0.1661865645728046,125.51981298839848,,,,,150.54,146.29,0.0,0.4240594361705737,0.2205109068086906,0.8108016419581516,0.2205109068086906,1.129694337958422,0.2205109068086906,1.4825117888523272,0.2205109068086906,1.6385656613631103,1.190758896766968,1.0,1.0,1.0,2.0,4.0,183.0,1787146260000.0,5149.0,1.0500000000000114,507.0,0.710000000000008,6.942100149250898,0.1580512820512822,0.1661865645728046,0.8800000000000097,0.2085970650636284,0.0,0.0,146.58,0.6818875733622793,0.2205109068086906,148.09,150.51,146.28,146.58,152.51,153.3,148.14,148.65,150.44,158.87,148.695,154.32,120.36,153.88,116.64,151.57,7700.04,7713.95,7688.63,7691.76,7790.68,7790.68,7744.88,7745.06,7751.74,7816.7,7717.25,7785.76,7504.78,7793.68,7504.78,7757.64,26346.8798,26422.5021,26266.6763,26289.7111,26784.652,26798.3991,26626.3745,26644.9109,26680.444,26875.5203,26372.3071,26729.1644,25452.6626,26738.9959,25420.3517,26690.615,53354.43,53478.76,53256.34,53343.4,53663.11,53663.11,53395.23,53459.78,54072.66,54222.85,53622.46,53732.41,52759.06,54744.33,52759.06,54036.93,0.04093327875561049,6.318200287123797,4.272306860817046,,-1,-1,1,1,-1,-1,1,1,-1,-1,1,1,-1,-1,-1,0
TEAM,20260701,20260701.0,1.0,1.0,80.82,81.2,80.19,80.85,80.74666666666666,3.0,1.3940363089079109,81.23,82.49,81.23,82.385,81.21184414744558,0.4323696437790397,0.77314089530349,0.1482528335491103,12.246546740312152,80.69,78.15,77.99,77.65,79.16,76.49,3.0,0.0,0.6736663227529366,0.0,1.6811312738969533,0.0,1.7296838016629377,0.8921526976998233,1.7296838016629377,2.737148752806937,1.7296838016629377,2.0,2.0,7.0,10.0,33.0,1.0,1782912660000.0,2964.0,1.0100000000000051,1675.0,1.6400000000000006,5.601496790199249,0.1182625994694965,0.1482528335491103,1.3250000000000028,0.0181558525544289,7397.0,449.0,77.79,0.0,1.6811312738969533,77.49,79.2,76.47,77.79,80.46,82.83,79.01,79.26,81.31,85.5,74.41,78.74,90.0,93.86,81.76,82.72,7441.27,7508.29,7438.04,7499.36,7391.88,7444.32,7348.88,7440.43,7500.44,7530.01,7294.18,7354.03,7516.75,7577.92,7402.61,7500.57,25824.4739,26253.0419,25808.0588,26213.7196,25502.0883,25834.3545,25289.7642,25820.1438,26483.3098,26561.1184,25014.9599,25297.6177,26447.2301,26788.6179,25960.4094,26517.9314,52168.18,52387.45,52033.13,52319.2,51995.14,52311.63,51949.54,52182.74,51555.19,52655.66,51301.77,51614.74,51364.55,52281.19,51364.55,51564.71,3.895102198225976,6.81268597584971,11.062183168706406,3.2652011826712837,1,-1,-1,-1,1,1,-1,-1,1,1,-1,-1,1,1,1,0
TEAM,20260702,20260702.0,1.0,1.0,82.515,83.69,82.0,83.69,83.12666666666667,3.0,0.536217871243252,83.84,84.08,83.62,84.04,83.47869101978692,0.3435309114085405,0.4286324330095014,0.1509481740509026,93.6142362115825,84.22,78.15,83.14,82.69,84.64,80.19,3.0,0.1070918610185497,0.7615421227986678,,,0.6425511661113661,0.7972394098048569,1.606377915278432,0.7972394098048569,1.856258924321737,1.3921941932413155,2.0,2.0,5.0,5.0,7.0,1.0,1782999060000.0,1331.0,1.6899999999999975,1078.0,0.4599999999999937,5.688532733756445,0.1644444444444447,0.1509481740509026,1.0749999999999955,0.1413089802130827,9530.0,290.0,83.17,0.1070918610185497,0.7615421227986678,80.62,84.61,80.16,83.17,77.49,79.2,76.47,77.79,81.31,85.5,74.41,78.74,90.0,93.86,81.76,82.72,7478.84,7521.81,7449.63,7483.23,7441.27,7508.29,7438.04,7499.36,7500.44,7530.01,7294.18,7354.03,7516.75,7577.92,7402.61,7500.57,26039.5074,26238.0595,25954.4558,26040.0314,25824.4739,26253.0419,25808.0588,26213.7196,26483.3098,26561.1184,25014.9599,25297.6177,26447.2301,26788.6179,25960.4094,26517.9314,52231.18,52742.66,52026.64,52305.24,52168.18,52387.45,52033.13,52319.2,51555.19,52655.66,51301.77,51614.74,51364.55,52281.19,51364.55,51564.71,-0.7875435854274391,11.195895615339456,3.047403540269874,7.298304677167239,1,1,-1,-1,1,1,-1,-1,1,0,-1,-1,1,0,1,0
TEAM,20260713,20260713.0,1.0,1.0,91.0,92.04,90.94,91.66,91.54666666666668,3.0,1.2569198656865412,91.56,91.89,91.56,91.86,91.55630972941852,0.0755195746737554,0.7501943508681005,0.156039815148445,2.364954468807768,90.63,88.8,89.0,88.85,94.87,88.16,3.0,0.0,0.4245591116917054,0.3701284563466181,0.4245591116917054,1.0559547136947516,0.4245591116917054,1.0559547136947516,0.4245591116917054,4.942303505334211,1.328107990420203,1.0,1.0,3.0,4.0,5.0,20.0,1783949460000.0,2770.0,1.7900000000000065,125.0,0.3299999999999983,5.872621211465117,0.1554454022988503,0.156039815148445,1.0600000000000025,0.0036902705814725,1402.0,114.0,88.86,0.1632919660352772,0.4245591116917054,93.97,94.9,88.14,88.86,81.36,90.86,80.66,90.71,82.0001,94.9,80.66,88.86,80.46,85.59,76.47,83.84,7547.64,7579.93,7508.16,7575.39,7491.6,7546.89,7481.73,7543.64,7506.96,7579.93,7421.82,7575.39,7391.88,7540.75,7348.88,7483.24,26175.5355,26301.5382,26009.4919,26281.6069,25918.3107,26215.8248,25825.8465,26206.8902,25999.608,26301.5382,25526.465,26281.6069,25502.0883,26261.0906,25289.7642,25832.6716,52622.92,52709.75,52266.81,52637.01,52249.44,52574.89,52249.44,52487.41,52828.45,53289.3,52069.87,52637.01,51995.14,52903.85,51949.54,52900.07,2.40828269187486,11.47143117477504,2.1148448534501285,2.059419311276163,-1,1,1,1,1,1,1,1,1,1,1,1,1,1,-1,1
TEAM,20260716,20260716.0,-1.0,1.0,95.05,95.16,94.12,94.12,94.46666666666664,-3.0,0.753880266075388,93.46,93.46,93.12,93.17,94.29612235067437,0.1234096692111959,0.4392953499444532,0.1729287858165354,483.5067491663512,95.0,88.0,92.43,91.765,95.75,90.8,0.0,1.030374584093601,0.0,1.7977889878716296,0.0,1.7977889878716296,0.0,3.337984329719866,0.0,4.9157454116131785,0.8157132124074328,1.0,1.0,1.0,1.0,1.0,283.0,1784208660000.0,2380.0,1.039999999999992,388.0,1.0,6.156825365010518,0.1773032069970845,0.1729287858165354,1.019999999999996,0.8361223506743727,6537.0,237.0,91.77,1.030374584093601,0.0,91.17,95.85,90.85,91.77,90.0,91.98,88.61,89.08,82.0001,94.9,80.66,88.86,80.46,85.59,76.47,83.84,7571.72,7581.5,7526.95,7572.4,7536.7,7557.44,7513.23,7543.59,7506.96,7579.93,7421.82,7575.39,7391.88,7540.75,7348.88,7483.24,26261.1834,26316.8139,26041.1279,26269.2272,26015.4921,26168.8046,25912.4015,26107.0078,25999.608,26301.5382,25526.465,26281.6069,25502.0883,26261.0906,25289.7642,25832.6716,52604.2,52823.95,52428.54,52658.64,52046.36,52695.06,52046.36,52508.27,52828.45,53289.3,52069.87,52637.01,51995.14,52903.85,51949.54,52900.07,3.5741527732374427,6.0140363276670135,5.782727238141403,7.627765064836003,1,1,1,1,1,1,1,1,1,1,1,1,1,1,-1,1
TEAM,20260728,20260728.0,1.0,1.0,98.58,99.41,98.22,98.99,98.87333333333332,3.0,5.250176595243701,99.23,99.59,99.1,99.56,98.97330070143336,1.556501547987616,3.654540591146181,0.1581511669498797,80.11278134088847,98.51,96.6,96.5,96.05,97.71,89.86,3.0,0.0602651667336302,0.2310164724789112,0.3214142225793422,0.3615910004017672,0.431900361590993,0.3615910004017672,0.431900361590993,1.0546404178384865,3.093611892326233,2.9228605865809527,2.0,2.0,2.0,108.0,109.0,8.0,1785245460000.0,8919.0,1.1899999999999975,2011.0,0.6000000000000085,6.678457847339613,0.197092544987146,0.1581511669498797,0.8950000000000031,0.1266992985666206,8221.0,896.0,95.87,0.3214142225793422,0.2310164724789112,90.13,97.73,89.3525,95.87,81.43,87.09,81.43,86.88,91.0,97.25,80.0,86.88,90.4,96.5,88.5,93.29,7464.2,7480.57,7382.74,7413.18,7406.3,7460.98,7396.53,7411.98,7489.18,7525.94,7376.0,7411.98,7547.53,7581.5,7431.26,7457.69,25236.1852,25261.9122,24774.8672,24932.0815,25107.3837,25222.1378,24918.093,24975.8238,25720.8706,25880.343,24918.093,24975.8238,26088.3133,26316.8139,25250.628,25520.2437,52173.42,52607.78,51985.38,52210.08,51791.37,52118.19,51682.36,51947.25,52154.57,52511.21,51542.06,51947.25,52676.53,52924.86,51986.74,52146.42,2.8267445499113317,7.5244465339742,3.793838588558482,1.9922812141441648,1,1,-1,0,-1,0,-1,-1,-1,0,-1,-1,1,1,-1,-1
TEAM,20260812,20260812.0,1.0,1.0,151.54,154.54,151.34,154.165,153.34833333333333,3.0,0.3744187450933027,153.71,154.31,153.71,154.31,153.54326332633264,0.167946446150817,0.2848085040931075,0.3188195042499449,52.29814093702881,153.62,150.0,154.17,151.6,156.23,148.99,3.0,0.6286047566586733,0.1620115352213077,1.2507290519085004,0.1620115352213077,1.2507290519085004,0.1620115352213077,1.2507290519085004,0.1620115352213077,1.3673773572678278,2.145032726330116,1.0,1.0,1.0,1.0,2.0,12.0,1786541460000.0,4960.0,3.3899999999999864,1706.0,0.5999999999999943,9.165056990861869,0.2705249343832014,0.3188195042499449,1.9949999999999903,0.1667366736673727,8649.0,5173.0,154.08,1.237768129090789,0.1620115352213077,151.38,156.215,148.87,154.08,149.325,153.99,145.0,151.87,105.07,153.2,102.35,149.07,90.13,106.72,89.3525,101.015,7767.51,7767.51,7717.25,7728.2,7751.74,7773.76,7743.11,7753.11,7504.78,7793.68,7504.78,7757.64,7464.2,7512.04,7313.92,7489.72,26672.1748,26679.2601,26372.3071,26445.4462,26680.444,26724.6317,26548.2575,26605.3567,25452.6626,26738.9959,25420.3517,26690.615,25236.1852,25460.8631,24425.3389,25373.8534,53961.6,54222.85,53746.43,53791.85,54072.66,54072.66,53850.19,53975.98,52759.06,54744.33,52759.06,54036.93,52173.42,52901.87,51551.18,52485.03,-1.6484942886812177,10.632975570222104,1.8819425788003623,2.34942886812046,1,1,1,1,-1,-1,1,1,-1,-1,1,1,-1,0,1,1
TEAM,20260813,20260813.0,1.0,1.0,155.42,157.85,155.24,156.6,156.56333333333336,3.0,0.8773931513533684,156.7,157.15,156.7,157.15,156.56436656875547,0.002811930341698,0.5054270726798852,0.3297157509430667,41.13647311557602,157.2,153.01,154.98,151.6,156.42,151.0,3.0,0.0,0.4836143811645048,0.0127266942411592,0.6108813235762062,0.0127266942411592,0.6108813235762062,0.0127266942411592,1.3172128539611794,6.33789373210309,1.3172128539611794,2.0,2.0,23.0,302.0,305.0,2.0,1786627860000.0,12227.0,2.609999999999985,29.0,0.5500000000000114,8.917545777228877,0.2460156250000007,0.3297157509430667,1.5799999999999983,0.1356334312445142,4713.0,5280.0,155.24,0.0127266942411592,0.6108813235762062,151.54,156.45,150.7501,155.24,151.38,156.215,148.87,154.08,105.07,153.2,102.35,149.07,90.13,106.72,89.3525,101.015,7765.46,7766.01,7737.95,7748.5,7767.51,7767.51,7717.25,7728.2,7504.78,7793.68,7504.78,7757.64,7464.2,7512.04,7313.92,7489.72,26680.4689,26688.2403,26531.9256,26588.4881,26672.1748,26679.2601,26372.3071,26445.4462,25452.6626,26738.9959,25420.3517,26690.615,25236.1852,25460.8631,24425.3389,25373.8534,53797.47,53969.36,53731.96,53770.27,53961.6,54222.85,53746.43,53791.85,52759.06,54744.33,52759.06,54036.93,52173.42,52901.87,51551.18,52485.03,0.11594949755216336,7.9159093629429425,1.6681035056010471,2.699046637464569,1,1,1,1,-1,0,1,1,-1,1,1,1,-1,-1,1,1
TEAM,20260819,20260819.0,1.0,1.0,162.05,166.24,161.57,166.24,164.68333333333334,3.0,0.969055374592834,166.43,167.33,166.23,167.33,165.10406754772396,0.5426542558295749,0.8463365461625563,0.2588724660684823,434.93712150066096,162.7,157.0,166.21,151.6,167.83,159.09,3.0,0.2450248012908603,0.1673340106376627,0.6095738958943296,0.1673340106376627,0.6095738958943296,0.1673340106376627,0.78886033586326,0.3167393772784325,5.247116476423833,1.3924580170919814,1.0,2.0,2.0,3.0,53.0,13.0,1787146260000.0,4998.0,4.930000000000007,1131.0,1.1000000000000227,8.748950441051491,0.262668393782384,0.2588724660684823,3.015000000000015,1.1259324522760323,8010.0,7108.0,163.0,0.4243112412597737,0.1673340106376627,158.58,167.87,158.58,163.0,159.07,161.6,156.5501,158.34,149.325,167.75,145.0,162.22,105.07,153.2,102.35,149.07,7700.04,7713.95,7688.63,7691.76,7790.68,7790.68,7744.88,7745.06,7751.74,7816.7,7717.25,7785.76,7504.78,7793.68,7504.78,7757.64,26346.8798,26422.5021,26266.6763,26289.7111,26784.652,26798.3991,26626.3745,26644.9109,26680.444,26875.5203,26372.3071,26729.1644,25452.6626,26738.9959,25420.3517,26690.615,53354.43,53478.76,53256.34,53343.4,53663.11,53663.11,53395.23,53459.78,54072.66,54222.85,53622.46,53732.41,52759.06,54744.33,52759.06,54036.93,-0.5828220858895635,19.044126534089653,4.2491965897563935,3.4969325153374164,1,1,1,1,-1,-1,1,1,-1,-1,1,1,-1,-1,-1,0
TEAM,20260820,20260820.0,1.0,1.0,173.86,177.84,173.15,177.385,176.125,3.0,0.4541934484627895,177.2,177.55,177.19,177.55,176.18039591836734,0.0528133252082063,0.3434065934065934,0.2699744692736104,373.96279890801753,173.82,172.36,174.35,151.6,176.11,161.57,3.0,0.0957476767107786,0.6758659532526144,0.0957476767107786,1.765699802872441,0.0957476767107786,2.6640382990706946,0.0957476767107786,3.3117431709377776,0.0957476767107786,3.404674739510006,2.0,2.0,,,,1.0,1787232660000.0,2346.0,4.840000000000003,104.0,0.3600000000000136,9.170453980976388,0.3015256410256406,0.2699744692736104,2.6000000000000085,1.0096040816326592,1633.0,7454.0,174.23,0.0957476767107786,1.1827654181920713,161.61,176.15,161.5,174.23,158.58,167.87,158.58,163.0,149.325,167.75,145.0,162.22,105.07,153.2,102.35,149.07,7716.74,7743.93,7700.07,7707.98,7700.04,7713.95,7688.63,7691.76,7751.74,7816.7,7717.25,7785.76,7504.78,7793.68,7504.78,7757.64,26393.8889,26456.7762,26185.1286,26331.0902,26346.8798,26422.5021,26266.6763,26289.7111,26680.444,26875.5203,26372.3071,26729.1644,25452.6626,26738.9959,25420.3517,26690.615,53463.47,53710.06,53399.53,53463.05,53354.43,53478.76,53256.34,53343.4,54072.66,54222.85,53622.46,53732.41,52759.06,54744.33,52759.06,54036.93,-0.2123629684899134,17.927621130332955,1.3334594229173766,0.8379727945818628,1,1,1,1,-1,1,1,1,-1,0,1,1,-1,1,-1,0
TEAM,20260826,20260826.0,1.0,1.0,161.5,165.18,161.5,165.18,163.95333333333335,3.0,5.958748375920312,165.43,166.17,164.95,166.0,164.50961047016503,12.890625,7.184491978609626,0.2602741434141803,169.20218199860037,170.5,159.0,166.4,162.39,172.1,165.1,0.0,0.9307228915662576,0.0,1.6686746987951868,0.0,1.6686746987951868,0.0,1.8072289156626504,0.0,2.409638554216868,0.0,1.0,1.0,1.0,1.0,2.0,,1787751060000.0,11007.0,3.680000000000007,5115.0,1.2199999999999989,8.53540876068999,0.2342560646900265,0.2602741434141803,2.450000000000003,0.4403895298349596,7477.0,1824.0,166.49,1.2590361445783154,0.0,170.64,172.1,165.1,166.49,169.3,174.2341,169.04,171.33,159.07,177.88,156.5501,171.81,149.325,167.75,145.0,162.22,7676.66,7686.11,7650.92,7677.28,7663.38,7670.3,7638.17,7652.86,7790.68,7790.68,7639.01,7674.37,7751.74,7816.7,7717.25,7785.76,26148.7096,26225.8274,26034.3453,26151.2998,26065.3195,26109.9609,25910.8163,25980.1905,26784.652,26798.3991,26023.1232,26180.4547,26680.444,26875.5203,26372.3071,26729.1644,53594.92,53675.32,53386.37,53577.4,53261.95,53508.18,53261.95,53417.16,53663.11,53710.06,52754.9,53277.01,54072.66,54222.85,53622.46,53732.41,-2.9971770076280912,14.138938089381922,4.687365344849428,6.90732176106673,-1,-1,1,1,1,1,-1,-1,1,1,-1,-1,-1,1,-1,-1
TMUS,20260601,20260601.0,1.0,1.0,184.95,187.8,184.95,187.53,186.76,3.0,0.7480783804265454,187.52,188.0,187.44,187.97,187.10236752552257,2.852916314454776,0.9870441458733206,0.14151811183339,238.57898476975663,,,,,188.42,185.71,0.0,0.0212799914879991,0.3777198489120646,0.0212799914879991,0.4575198169920653,0.0212799914879991,0.6942597222961147,0.0212799914879991,0.6942597222961147,0.4255998297600741,1.0799595680161735,2.0,2.0,25.0,,,4.0,1780320660000.0,1382.0,2.8500000000000227,675.0,0.5600000000000023,4.711290918186708,0.1373233695652172,0.14151811183339,1.7050000000000125,0.3376324744774308,0.0,0.0,187.53,0.0212799914879991,0.4575198169920653,187.25,188.42,185.71,187.53,191.31,192.265,188.11,189.01,190.465,194.29,185.71,187.53,186.05,195.01,186.0101,191.47,7579.33,7599.38,7563.55,7580.05,7519.82,7568.72,7508.04,7563.62,7511.79,7599.38,7499.72,7580.05,7415.07,7506.32,7333.68,7473.48,26960.8405,27094.8025,26859.2645,26972.62,26686.5342,26934.8434,26588.5197,26917.4714,26590.5045,27094.8025,26520.298,26972.62,26289.4902,26504.5505,25701.4391,26343.9704,50773.91,51094.18,50698.27,51032.47,50660.98,50764.04,50314.34,50668.98,50686.15,51094.18,50314.34,51032.47,49481.04,50830.24,49235.74,50579.71,-1.3757798752199715,20.138765017974112,3.9570906701984065,,1,-1,-1,-1,1,1,1,1,1,1,1,1,1,1,1,1
TMUS,20260608,20260608.0,1.0,1.0,177.61,178.37,177.01,177.95,177.77666666666664,3.0,1.053708171614392,178.38,179.5,178.38,179.42,178.06472871235718,0.3980914399658168,0.775643349039507,0.1906632745944187,165.3550157016155,,,,,181.17,177.2,0.0,0.2117935570170682,0.0947497491918334,0.2117935570170682,0.7691450228514076,0.2117935570170682,1.070114814401955,0.2117935570170682,1.070114814401955,0.7078363616096368,1.3264964886857629,2.0,2.0,89.0,90.0,,2.0,1780925460000.0,2009.0,1.3600000000000136,559.0,1.5500000000000114,5.21603245687492,0.2332051282051288,0.1906632745944187,1.4550000000000125,0.3152712876428154,0.0,0.0,178.1,0.2117935570170682,0.7301304202429907,179.725,181.1799,177.12,178.1,184.81,184.88,174.0201,177.02,185.26,189.065,174.0201,178.1,190.465,194.29,185.71,187.53,7537.36,7541.81,7368.63,7383.73,7516.54,7598.19,7516.54,7584.32,7582.29,7620.9,7368.63,7383.73,7511.79,7599.38,7499.72,7580.05,26536.5927,26572.2483,25648.4693,25709.432,26579.2971,26923.7016,26554.2391,26830.9575,26952.5792,27190.2067,25648.4693,25709.432,26590.5045,27094.8025,26520.298,26972.62,51610.02,51660.4,50781.45,50866.79,50986.1,51657.89,50986.1,51561.94,51161.1,51660.4,50687.07,50866.79,50686.15,51094.18,50314.34,51032.47,-0.27512633352048327,7.132994033030339,8.129515258233084,,-1,0,-1,-1,-1,-1,-1,0,-1,-1,-1,0,-1,0,-1,1
TMUS,20260610,20260610.0,-1.0,1.0,181.1,181.74,180.55,180.82,181.03666666666663,-3.0,0.4541047188106011,180.66,180.66,180.27,180.27,180.9827470141151,0.0617401215805471,0.2952150165397338,0.2053659308692491,157.15703804862298,,,,,182.83,177.75,0.0,0.1109446940700155,0.1719642758085107,0.1109446940700155,0.5269872968325227,0.1775115105120217,0.6268375214955318,0.1941532146225232,0.6268375214955318,0.4271370721695291,3.123093138070669,2.0,2.0,17.0,,,3.0,1781098260000.0,1405.0,1.1899999999999975,130.0,0.549999999999983,5.114289210264601,0.1962886597938156,0.2053659308692491,0.8699999999999903,0.3227470141150945,0.0,0.0,179.46,0.1109446940700155,0.2218893881399996,178.43,182.96,177.7142,179.46,177.61,180.71,177.06,178.43,185.26,189.065,174.0201,178.1,190.465,194.29,185.71,187.53,7438.66,7483.15,7237.85,7386.66,7440.57,7466.81,7395.13,7405.72,7582.29,7620.9,7368.63,7383.73,7511.79,7599.38,7499.72,7580.05,26110.3128,26259.9222,24980.3763,25678.8219,26065.071,26179.6534,25872.6814,25929.6626,26952.5792,27190.2067,25648.4693,25709.432,26590.5045,27094.8025,26520.298,26972.62,50814.42,51260.92,50211.12,50872.12,50997.23,51277.15,50732.35,50786.02,51161.1,51660.4,50687.07,50866.79,50686.15,51094.18,50314.34,51032.47,0.9138526691184587,5.794534638550336,2.6781462615147835,,1,1,-1,-1,-1,0,-1,0,-1,0,-1,0,1,-1,-1,1
TMUS,20260629,20260629.0,-1.0,1.0,181.99,181.99,179.19,180.24,180.47333333333336,-3.0,4.215526046986721,180.28,180.28,178.79,178.84,180.29881627323647,0.6028161973004499,2.225816813509545,0.1711914856351173,10.991360444510054,,,,,184.02,180.35,0.0,0.6905613956609336,0.0335495414896009,0.6905613956609336,0.206888839185867,0.6905613956609336,0.3578617758890552,1.481771415790654,0.3578617758890552,5.496533214046082,0.3578617758890552,1.0,1.0,1.0,1.0,8.0,,1782739860000.0,8254.0,2.800000000000012,1447.0,1.490000000000009,4.97392340679996,0.1780440414507779,0.1711914856351173,2.1450000000000102,0.0188162732364673,0.0,0.0,182.68,0.6905613956609336,0.0335495414896009,182.7,184.0,180.31,182.68,179.13,183.49,178.4,181.57,177.7,185.45,177.31,182.68,185.99,189.89,179.46,181.67,7312.74,7392.95,7294.18,7354.03,7404.91,7419.08,7323.5,7357.48,7500.44,7530.01,7294.18,7354.03,7516.75,7577.92,7402.61,7500.57,25105.4142,25491.3747,25014.9599,25297.6177,25724.7791,25724.7791,25123.4264,25358.6029,26483.3098,26561.1184,25014.9599,25297.6177,26447.2301,26788.6179,25960.4094,26517.9314,51803.77,52130.07,51614.74,51614.74,52009.02,52655.66,51857.78,51920.63,51555.19,52655.66,51301.77,51614.74,51364.55,52281.19,51364.55,51564.71,-0.37770965622947106,16.35595362474987,8.703703893170482,,-1,1,1,-1,1,-1,-1,-1,1,-1,-1,-1,-1,-1,1,0
TMUS,20260708,20260708.0,-1.0,1.0,185.645,186.0,183.75,183.75,184.5,-3.0,2.328327858595338,183.67,183.67,182.635,182.89,184.35252109704643,0.2132582864290181,1.1530442035029191,0.2010655135665597,339.4520944639809,,,,,189.94,184.56,0.0,0.2733883755262726,0.0,0.8092295915577615,0.0,1.224779922357691,0.0,1.224779922357691,0.0,1.771556673410236,0.8502378478867115,1.0,1.0,1.0,2.0,4.0,79.0,1783517460000.0,2977.0,2.5200000000000102,341.0,1.115000000000009,5.906042141939786,0.2141823056300266,0.2010655135665597,1.8175000000000097,0.6825210970464468,0.0,0.0,184.73,0.6397287987314711,0.0,185.86,189.97,184.56,184.73,179.83,182.74,177.34,181.79,181.99,181.99,165.66,177.52,177.7,185.45,177.31,182.68,7516.63,7536.06,7478.63,7503.85,7506.96,7551.31,7500.97,7537.43,7391.88,7540.75,7348.88,7483.24,7500.44,7530.01,7294.18,7354.03,25960.1305,26010.0235,25684.1502,25818.6902,25999.608,26209.7625,25963.4399,26121.16,25502.0883,26261.0906,25289.7642,25832.6716,26483.3098,26561.1184,25014.9599,25297.6177,53104.06,53289.3,52774.17,52925.15,52828.45,53060.1,52648.69,53055.91,51995.14,52903.85,51949.54,52900.07,51555.19,52655.66,51301.77,51614.74,0.4953174903913931,12.533228375664743,5.5454562058993035,,-1,1,-1,-1,-1,-1,1,1,-1,-1,1,0,-1,1,1,1
TMUS,20260710,20260710.0,-1.0,1.0,182.09,182.755,181.93,181.93,182.205,-3.0,0.820226956002389,182.07,182.085,181.92,181.92,182.17955477603888,0.0661205005805702,0.3626506967277281,0.1871830529652408,50.514602973382594,,,,,181.54,177.14,0.0,0.0934476693051822,0.0,0.1484168865435256,0.0,0.1484168865435256,0.5386983289358059,0.1484168865435256,0.9564643799472344,0.1484168865435256,3.1937115215479346,2.0,2.0,,,,4.0,1783690260000.0,1648.0,1.0149999999999864,205.0,0.1650000000000204,5.831230214223592,0.1372554347826079,0.1871830529652408,0.5900000000000034,0.0945547760388478,0.0,0.0,181.48,0.0989445910290118,0.0,177.72,181.54,177.14,181.48,185.645,186.0,179.6,180.14,181.99,181.99,165.66,177.52,177.7,185.45,177.31,182.68,7491.6,7546.89,7481.73,7543.64,7476.54,7488.51,7421.82,7482.71,7391.88,7540.75,7348.88,7483.24,7500.44,7530.01,7294.18,7354.03,25918.3107,26215.8248,25825.8465,26206.8902,25704.6601,25896.0656,25526.465,25870.6523,25502.0883,26261.0906,25289.7642,25832.6716,26483.3098,26561.1184,25014.9599,25297.6177,52249.44,52574.89,52249.44,52487.41,52758.47,52758.47,52069.87,52348.39,51995.14,52903.85,51949.54,52900.07,51555.19,52655.66,51301.77,51614.74,0.3361251928587247,5.422499440632952,0.8814900568517829,,1,-1,-1,-1,1,1,1,1,1,1,1,0,1,0,1,1
TMUS,20260715,20260715.0,1.0,1.0,186.535,187.58,186.45,187.37,187.13333333333333,3.0,1.2398566761513332,187.81,188.635,187.77,188.25,187.58436139392435,0.5484209146900799,0.8135024847480911,0.1553242284776925,119.51683771107058,,,,,188.98,186.44,0.0,,,0.3346613545816709,0.28685258964143,0.3346613545816709,0.28685258964143,0.3346613545816709,0.28685258964143,1.0039840637450126,0.9721115537848672,1.0,1.0,2.0,20.0,71.0,272.0,1784122260000.0,2353.0,1.9000000000000057,1674.0,1.2649999999999864,5.492719818020853,0.1539914772727268,0.1553242284776925,1.582499999999996,0.1856386060756563,0.0,0.0,187.13,0.3346613545816709,0.0,186.88,189.2599,186.205,187.13,190.0,190.92,188.38,188.41,179.83,189.97,177.14,187.61,181.99,181.99,165.66,177.52,7536.7,7557.44,7513.23,7543.59,7547.53,7565.37,7506.41,7515.34,7506.96,7579.93,7421.82,7575.39,7391.88,7540.75,7348.88,7483.24,26015.4921,26168.8046,25912.4015,26107.0078,26088.3133,26139.3683,25822.0948,25873.1764,25999.608,26301.5382,25526.465,26281.6069,25502.0883,26261.0906,25289.7642,25832.6716,52046.36,52695.06,52046.36,52508.27,52676.53,52846.51,52351.12,52498.64,52828.45,53289.3,52069.87,52637.01,51995.14,52903.85,51949.54,52900.07,-0.3179607759311703,12.232476662666196,8.144254199090803,,1,-1,1,1,1,0,1,1,1,1,1,1,1,-1,-1,1
TMUS,20260724,20260724.0,1.0,1.0,172.155,175.16,171.6,175.01,173.92333333333332,3.0,1.2220074646760863,175.14,176.87,175.075,176.6,174.83182015756586,1.5697748378068948,1.341570085283184,0.2165496226792455,112.29751381018576,,,,,182.21,170.005,0.0,0.5096262740656884,0.1755379388448484,1.172140430351072,0.1755379388448484,1.4609286523216378,0.1755379388448484,1.4609286523216378,0.1755379388448484,3.0520951302378343,0.2774631936579732,1.0,1.0,1.0,1.0,2.0,,1784899860000.0,3667.0,3.5600000000000023,2468.0,1.8600000000000136,6.823893435240687,0.3555874673629248,0.2165496226792455,2.710000000000008,0.2431798424341309,0.0,0.0,170.42,1.172140430351072,0.1755379388448484,175.75,182.265,169.96,170.42,194.83,195.1,189.58,190.94,190.0,198.855,186.205,192.43,179.83,189.97,177.14,187.61,7418.29,7450.12,7376.0,7408.3,7497.47,7525.94,7485.85,7498.96,7547.53,7581.5,7431.26,7457.69,7506.96,7579.93,7421.82,7575.39,25245.5416,25358.2821,24954.7738,25137.6924,25693.7191,25841.3066,25681.3249,25690.9029,26088.3133,26316.8139,25250.628,25520.2437,25999.608,26301.5382,25526.465,26281.6069,51755.54,51885.14,51542.06,51711.65,52287.14,52511.21,52148.87,52218.58,52676.53,52924.86,51986.74,52146.42,52828.45,53289.3,52069.87,52637.01,1.0180729961272232,16.439649979317185,8.58925532627252,,-1,-1,1,1,-1,-1,-1,1,-1,-1,-1,0,-1,-1,-1,-1
TMUS,20260729,20260729.0,-1.0,1.0,183.035,183.21,181.32,181.32,181.95,-3.0,1.0498182015520705,181.1,181.1,180.345,181.03,181.60897424351583,0.6352861241129398,0.8764562876898304,0.2294482017426459,221.8253355878176,,,,,186.0,181.34,0.0,0.4529635971938315,0.0,0.4529635971938315,0.0,0.4529635971938315,0.2209578522896789,0.4529635971938315,1.0053582279180209,2.95531127437441,1.121361100370105,2.0,2.0,1.0,321.0,325.0,6.0,1785331860000.0,3869.0,1.8900000000000148,1683.0,0.9749999999999944,7.296258774498469,0.1939010695187157,0.2294482017426459,1.4325000000000043,0.5089742435158371,0.0,0.0,182.39,,,181.545,186.1262,181.34,182.39,180.99,184.33,177.04,177.21,190.89,196.09,169.96,180.09,190.0,198.855,186.205,192.43,7395.55,7452.09,7382.95,7428.78,7464.2,7480.57,7382.74,7413.18,7489.18,7525.94,7376.0,7411.98,7547.53,7581.5,7431.26,7457.69,24825.0719,24984.5008,24581.0056,24876.9122,25236.1852,25261.9122,24774.8672,24932.0815,25720.8706,25880.343,24918.093,24975.8238,26088.3133,26316.8139,25250.628,25520.2437,52492.88,52901.87,52443.52,52747.32,52173.42,52607.78,51985.38,52210.08,52154.57,52511.21,51542.06,51947.25,52676.53,52924.86,51986.74,52146.42,0.3536378090904163,8.237153246988093,4.249325087731895,,1,1,-1,-1,1,0,-1,-1,1,-1,-1,-1,1,1,-1,-1
TMUS,20260819,20260819.0,1.0,1.0,183.36,183.87,183.01,183.77,183.55,3.0,0.7673389080177079,183.98,184.17,183.98,184.12,183.71308724832213,0.4676674364896074,0.6429187841595551,0.1216696075075215,219.3750412660249,,,,,184.5,180.67,0.0,0.0,0.3041494677384326,0.016293721485988,0.4616554421029732,0.2932869867477689,0.4616554421029732,0.488811644579625,0.4616554421029732,1.8248968064305808,1.0047794916358863,1.0,1.0,5.0,11.0,22.0,384.0,1787146260000.0,936.0,0.9900000000000092,405.0,0.3999999999999772,5.6899874186242565,0.1385714285714292,0.1216696075075215,0.6949999999999932,0.266912751677836,0.0,0.0,182.75,0.0,0.4290679991309972,183.21,184.485,180.67,182.75,182.41,184.0,179.05,180.12,175.94,183.98,173.095,182.61,175.19,180.38,171.18,177.19,7700.04,7713.95,7688.63,7691.76,7790.68,7790.68,7744.88,7745.06,7751.74,7816.7,7717.25,7785.76,7504.78,7793.68,7504.78,7757.64,26346.8798,26422.5021,26266.6763,26289.7111,26784.652,26798.3991,26626.3745,26644.9109,26680.444,26875.5203,26372.3071,26729.1644,25452.6626,26738.9959,25420.3517,26690.615,53354.43,53478.76,53256.34,53343.4,53663.11,53663.11,53395.23,53459.78,54072.66,54222.85,53622.46,53732.41,52759.06,54744.33,52759.06,54036.93,0.33378932968537,8.136789624630032,3.287591767527068,,-1,1,1,1,-1,-1,1,1,-1,-1,1,1,-1,-1,-1,0
UPS,20260723,20260723.0,1.0,1.0,116.5,116.84,116.01,116.73,116.52666666666669,3.0,1.2744140625,116.89,116.95,116.89,116.95,116.55537366548045,0.0181851245681032,0.2153916909397516,0.0915413613467821,365.5466005709758,116.17,115.11,116.1,115.5,117.55,115.82,0.0,,,0.0,0.7781103035485221,0.0,0.8978195810175263,0.0,0.8978195810175263,0.0,2.642154766994445,2.0,2.0,,,,3.0,1784813460000.0,261.0,0.8299999999999983,20.0,0.2199999999999988,2.930013302484619,0.0711382113821126,0.0915413613467821,0.5249999999999986,0.3346263345195552,1868.0,2524.0,115.84,,,116.6,117.575,115.81,115.84,114.53,116.36,113.37,116.34,113.04,118.42,111.34,117.72,110.77,113.41,108.51,112.47,7497.47,7525.94,7485.85,7498.96,7489.95,7515.31,7467.86,7509.2,7547.53,7581.5,7431.26,7457.69,7506.96,7579.93,7421.82,7575.39,25693.7191,25841.3066,25681.3249,25690.9029,25772.5487,25880.343,25672.8278,25837.2065,26088.3133,26316.8139,25250.628,25520.2437,25999.608,26301.5382,25526.465,26281.6069,52287.14,52511.21,52148.87,52218.58,51916.79,52370.65,51890.1,52224.64,52676.53,52924.86,51986.74,52146.42,52828.45,53289.3,52069.87,52637.01,0.5697513812154666,9.066939662998301,2.40328521187906,0.9150552486187865,-1,1,1,1,1,1,-1,1,-1,0,-1,0,-1,1,-1,-1
UPS,20260728,20260728.0,-1.0,1.0,108.6,109.2,106.0,106.0,107.06666666666666,-3.0,34.578445747800586,105.84,106.1,105.21,105.57,106.74917885574196,2.7146927146927147,9.637623446957631,0.0798809853360698,812.682583985125,116.76,106.13,113.08,112.74,115.59,112.35,-3.0,2.349152221274974,0.5304537273846759,2.349152221274974,0.5304537273846759,2.349152221274974,0.5304537273846759,2.349152221274974,0.9093492469451624,2.349152221274974,3.0974708724069435,3.0,3.0,1.0,1.0,1.0,1.0,1785245460000.0,9433.0,3.200000000000003,2668.0,0.8900000000000006,2.84874607345434,0.0959254498714651,0.0798809853360698,2.0450000000000017,0.6491788557419511,85047.0,977.0,112.95,2.349152221274974,0.5304537273846759,114.865,114.865,112.365,112.95,114.655,115.44,113.3,114.79,117.9,118.0797,112.66,114.79,113.04,118.42,111.34,117.72,7464.2,7480.57,7382.74,7413.18,7406.3,7460.98,7396.53,7411.98,7489.18,7525.94,7376.0,7411.98,7547.53,7581.5,7431.26,7457.69,25236.1852,25261.9122,24774.8672,24932.0815,25107.3837,25222.1378,24918.093,24975.8238,25720.8706,25880.343,24918.093,24975.8238,26088.3133,26316.8139,25250.628,25520.2437,52173.42,52607.78,51985.38,52210.08,51791.37,52118.19,51682.36,51947.25,52154.57,52511.21,51542.06,51947.25,52676.53,52924.86,51986.74,52146.42,-3.8512616201859307,40.05959599192702,11.1415751352547,9.411243913235953,-1,-1,-1,0,-1,0,-1,-1,-1,0,-1,-1,1,1,-1,-1
UPS,20260730,20260730.0,-1.0,1.0,105.48,105.49,104.7,104.92,105.03666666666668,-3.0,0.2019863634572183,104.63,104.63,104.4,104.4,104.6437213814513,1.2698830717370695,0.4927436471060632,0.1101971235077768,12.45166934900646,105.46,104.7,104.95,104.61,105.72,103.99,-3.0,0.1915708812260563,0.0,0.335249042145602,0.0,0.5747126436781691,0.0,1.2452107279693596,0.0,1.5038314176245282,1.0153256704980729,1.0,1.0,3.0,5.0,8.0,361.0,1785418260000.0,1025.0,0.789999999999992,2411.0,0.519999999999996,3.2370820735397112,0.1086658031088078,0.1101971235077768,0.654999999999994,0.0137213814513046,3761.0,2665.0,104.56,0.239463601532567,0.0,105.04,105.75,103.975,104.56,108.6,109.2,103.09,105.53,117.9,118.0797,112.66,114.79,113.04,118.42,111.34,117.72,7418.16,7450.84,7313.92,7316.15,7395.55,7452.09,7382.95,7428.78,7489.18,7525.94,7376.0,7411.98,7547.53,7581.5,7431.26,7457.69,24863.4804,25054.5271,24425.3389,24442.9419,24825.0719,24984.5008,24581.0056,24876.9122,25720.8706,25880.343,24918.093,24975.8238,26088.3133,26316.8139,25250.628,25520.2437,52674.21,52674.21,51551.18,51594.14,52492.88,52901.87,52443.52,52747.32,52154.57,52511.21,51542.06,51947.25,52676.53,52924.86,51986.74,52146.42,0.8798775822494278,7.168971156894494,4.718816457702716,0.726855394032126,-1,0,-1,0,-1,-1,-1,-1,-1,0,-1,-1,-1,-1,-1,-1
UPS,20260731,20260731.0,-1.0,1.0,105.89,105.95,105.48,105.655,105.695,-3.0,0.2465853005318131,105.44,105.45,105.22,105.25,105.48316937000467,0.655341862238414,0.3737480231945176,0.1117664940992038,29.677382539390084,106.0,105.33,105.41,104.95,105.49,102.83,0.0,0.6080760095011882,0.0,0.6365795724465575,0.0,0.7410926365795736,0.0,0.8076009501187595,0.0,1.301662707838484,0.0,1.0,1.0,1.0,1.0,59.0,,1785504660000.0,1289.0,0.4699999999999988,1547.0,0.4350000000000023,3.195861925429732,0.0853994845360823,0.1117664940992038,0.4525000000000005,0.0331693700046855,4861.0,2089.0,105.27,0.6080760095011882,0.0,105.195,105.49,102.83,105.27,105.04,105.75,103.975,104.56,117.9,118.0797,112.66,114.79,113.04,118.42,111.34,117.72,7390.45,7448.75,7370.98,7437.63,7418.16,7450.84,7313.92,7316.15,7489.18,7525.94,7376.0,7411.98,7547.53,7581.5,7431.26,7457.69,24852.047,25171.4428,24813.8358,25122.1771,24863.4804,25054.5271,24425.3389,24442.9419,25720.8706,25880.343,24918.093,24975.8238,26088.3133,26316.8139,25250.628,25520.2437,52114.27,52266.45,51655.52,52208.06,52674.21,52674.21,51551.18,51594.14,52154.57,52511.21,51542.06,51947.25,52676.53,52924.86,51986.74,52146.42,0.5889617174883676,4.205195875454654,3.8920429911123167,0.6364586301890394,1,-1,-1,0,1,0,-1,-1,1,1,-1,-1,1,0,-1,-1
UPS,20260814,20260814.0,-1.0,1.0,105.85,105.98,105.44,105.5,105.64,-3.0,0.3313449023861171,105.4,105.4,105.3,105.3,105.60371332371332,0.0855235711305799,0.2472527472527472,0.0536633552387183,379.6134677138786,105.98,105.69,105.64,105.53,105.74,104.32,0.0,0.0,0.2279202279202365,0.0,0.5318138651472006,0.0,0.5318138651472006,0.0,0.5318138651472006,0.797720797720801,0.5413105413105483,2.0,2.0,85.0,146.0,,3.0,1786714260000.0,611.0,0.5400000000000063,82.0,0.2000000000000028,2.804288437479809,0.0484615384615383,0.0536633552387183,0.3700000000000045,0.2037133237133161,9933.0,1046.0,105.54,0.0,0.2374169040835707,104.5,105.7499,104.32,105.54,104.625,104.625,102.85,103.91,105.7,109.42,102.4401,104.5,114.865,114.865,102.83,104.22,7763.18,7816.7,7763.18,7798.99,7765.46,7766.01,7737.95,7748.5,7504.78,7793.68,7504.78,7757.64,7464.2,7512.04,7313.92,7489.72,26631.3413,26875.5203,26612.8493,26803.025,26680.4689,26688.2403,26531.9256,26588.4881,25452.6626,26738.9959,25420.3517,26690.615,25236.1852,25460.8631,24425.3389,25373.8534,53828.55,54049.14,53622.46,53839.99,53797.47,53969.36,53731.96,53770.27,52759.06,54744.33,52759.06,54036.93,52173.42,52901.87,51551.18,52485.03,0.2937274966837105,10.06273270834162,3.7269380401265346,0.27477733560735856,1,1,-1,-1,1,1,1,1,1,1,1,1,1,0,1,1
UPS,20260817,20260817.0,-1.0,1.0,103.1,103.25,102.9,102.99,103.04666666666668,-3.0,5.015934844192635,102.86,102.93,102.73,102.77,102.95781231628452,1.8892833370312847,3.0937116355203926,0.0524110220183096,53.06577741378253,103.85,103.1,104.8,104.5,105.98,104.46,-3.0,0.2238007200544806,0.0,0.6714021601634697,0.0,0.6714021601634697,0.0,0.6714021601634697,0.1654179235185382,0.7687068210567208,0.2335311861438251,1.0,0.0,2.0,2.0,,,1786973460000.0,2833.0,0.3499999999999943,1703.0,0.2599999999999909,2.706839263374109,0.0516323907455011,0.0524110220183096,0.3049999999999926,0.0278123162845247,23201.0,14884.0,104.5,0.5546365670915571,0.0,105.64,105.9,104.46,104.5,104.5,105.7499,104.32,105.54,104.5,105.9,102.85,104.5,105.7,109.42,102.4401,104.5,7806.6,7810.01,7776.31,7785.76,7763.18,7816.7,7763.18,7798.99,7751.74,7816.7,7717.25,7785.76,7504.78,7793.68,7504.78,7757.64,26851.148,26862.1673,26661.9537,26729.1644,26631.3413,26875.5203,26612.8493,26803.025,26680.444,26875.5203,26372.3071,26729.1644,25452.6626,26738.9959,25420.3517,26690.615,53842.8,53890.84,53673.47,53732.41,53828.55,54049.14,53622.46,53839.99,54072.66,54222.85,53622.46,53732.41,52759.06,54744.33,52759.06,54036.93,-1.3397129186602925,6.677984639905001,4.960788589643622,0.7177033492822966,-1,1,0,0,-1,0,1,1,-1,0,1,1,-1,0,-1,0
UPS,20260820,20260820.0,-1.0,1.0,102.25,102.275,101.79,101.8,101.955,-3.0,5.343438219493476,101.78,101.79,101.6,101.61,101.8591192330737,2.663147792706334,4.003550182306658,0.0523294663067758,132.0847276914473,103.05,102.3,103.01,102.73,104.12,102.425,-3.0,0.0393662041137744,0.246038775711052,0.0393662041137744,0.4035035921661221,0.0393662041137744,0.4723944493652239,0.0393662041137744,0.4723944493652239,0.0393662041137744,1.7419545320342449,2.0,2.0,,,,19.0,1787232660000.0,5570.0,0.5099999999999909,2775.0,0.2000000000000028,2.57737822945806,0.0584935064935061,0.0523294663067758,0.3549999999999969,0.0691192330736925,4008.0,3710.0,102.86,0.0393662041137744,0.3050880818817068,102.63,104.13,102.425,102.86,102.01,102.8,101.335,101.93,104.5,105.9,102.85,104.5,105.7,109.42,102.4401,104.5,7716.74,7743.93,7700.07,7707.98,7700.04,7713.95,7688.63,7691.76,7751.74,7816.7,7717.25,7785.76,7504.78,7793.68,7504.78,7757.64,26393.8889,26456.7762,26185.1286,26331.0902,26346.8798,26422.5021,26266.6763,26289.7111,26680.444,26875.5203,26372.3071,26729.1644,25452.6626,26738.9959,25420.3517,26690.615,53463.47,53710.06,53399.53,53463.05,53354.43,53478.76,53256.34,53343.4,54072.66,54222.85,53622.46,53732.41,52759.06,54744.33,52759.06,54036.93,-0.5930390822477147,9.745943079376568,3.8219384625007367,0.72914641259965,1,1,0,0,-1,1,1,1,-1,0,1,1,-1,1,-1,0
URI,20260609,20260609.0,1.0,1.0,1088.22,1095.0,1086.76,1095.0,1092.253333333333,3.0,1.2054054054054053,1094.26,1096.0,1094.26,1096.0,1092.477638888889,0.34,1.0212765957446808,1.112242293431459,160.24935588558384,,,,,1093.75,1060.06,0.0,0.3749999999999909,0.0,0.4981751824817551,0.0,0.4981751824817551,0.0,0.8211678832116789,0.0,0.9589416058394152,2.333029197080286,1.0,2.0,1.0,6.0,,74.0,1781011860000.0,223.0,10.950000000000044,17.0,1.740000000000009,31.936465951290742,1.0519713261648722,1.112242293431459,6.345000000000027,1.7823611111109583,0.0,0.0,1084.05,0.3749999999999909,0.0,1065.5,1093.97,1062.24,1084.05,1080.0,1082.8699,1053.85,1067.77,987.075,1091.23,974.21,1067.77,942.84,1004.885,936.2,995.67,7440.57,7466.81,7395.13,7405.72,7537.36,7541.81,7368.63,7383.73,7582.29,7620.9,7368.63,7383.73,7511.79,7599.38,7499.72,7580.05,26065.071,26179.6534,25872.6814,25929.6626,26536.5927,26572.2483,25648.4693,25709.432,26952.5792,27190.2067,25648.4693,25709.432,26590.5045,27094.8025,26520.298,26972.62,50997.23,51277.15,50732.35,50786.02,51610.02,51660.4,50781.45,50866.79,51161.1,51660.4,50687.07,50866.79,50686.15,51094.18,50314.34,51032.47,0.38466860384669277,9.844977182280497,1.564407333074711,,1,1,1,1,-1,0,-1,0,-1,0,-1,0,-1,-1,-1,1
URI,20260625,20260625.0,1.0,1.0,1090.625,1100.33,1089.49,1100.33,1096.7166666666665,3.0,3.4992887624466573,1102.0,1104.88,1102.0,1104.88,1097.4996376811591,0.8928571428571428,2.656400384985563,1.1568292925771593,389.0256192264168,,,,,1085.04,1063.86,0.0,0.191876040837004,0.0,0.6896676562160498,0.0,0.915936572297434,0.0,1.0734197378900785,0.0,3.451053508073264,0.0,1.0,1.0,2.0,2.0,9.0,,1782394260000.0,492.0,15.829999999999927,60.0,4.550000000000182,30.67585465795431,0.9241406249999962,1.1568292925771593,10.190000000000056,4.500362318840871,0.0,0.0,1083.72,0.5539063065672191,0.0,1073.76,1085.41,1065.82,1083.72,1062.17,1075.33,1055.7,1063.14,1086.07,1093.57,1048.71,1076.81,1065.5,1106.878,1045.92,1074.24,7370.88,7428.06,7336.82,7358.21,7366.51,7424.17,7347.6,7365.45,7516.75,7577.92,7402.61,7500.57,7440.57,7483.15,7237.85,7431.45,25578.6239,25840.564,25354.6565,25476.6356,25549.7566,25882.5677,25513.2614,25587.0391,26447.2301,26788.6179,25960.4094,26517.9314,26065.071,26259.9222,24980.3763,25888.844,51660.75,52248.69,51617.73,51848.91,51735.64,51872.56,51301.77,51666.85,51364.55,52281.19,51364.55,51564.71,50997.23,51409.7,49909.07,51202.27,0.6371571992765634,13.683955015293739,3.933164581149039,,1,1,-1,0,-1,0,-1,1,-1,-1,1,1,1,1,1,1
URI,20260826,20260826.0,-1.0,1.0,1062.88,1065.0,1060.5,1060.5,1062.0,-3.0,1.875,1060.5,1060.5,1060.34,1060.34,1061.4676706827308,1.1752136752136753,1.5660377358490567,1.0470730513347102,92.41673076175012,,,,,1100.0,1049.3,0.0,0.1791878076843148,0.0,0.1791878076843148,0.105626497161299,0.1791878076843148,0.7016617311428462,0.1791878076843148,1.078899221004589,0.8968821321462919,1.2590301224135785,2.0,2.0,105.0,251.0,,5.0,1787751060000.0,111.0,10.0,55.0,0.1600000000000818,33.970610795593714,1.0810299625468198,1.0470730513347102,5.080000000000041,0.9676706827308408,0.0,0.0,1053.14,,,1101.83,1101.83,1049.23,1053.14,1100.0,1107.465,1082.235,1083.56,1155.5,1176.44,1084.78,1098.51,1162.68,1165.08,1111.37,1153.83,7676.66,7686.11,7650.92,7677.28,7663.38,7670.3,7638.17,7652.86,7790.68,7790.68,7639.01,7674.37,7751.74,7816.7,7717.25,7785.76,26148.7096,26225.8274,26034.3453,26151.2998,26065.3195,26109.9609,25910.8163,25980.1905,26784.652,26798.3991,26023.1232,26180.4547,26680.444,26875.5203,26372.3071,26729.1644,53594.92,53675.32,53386.37,53577.4,53261.95,53508.18,53261.95,53417.16,53663.11,53710.06,52754.9,53277.01,54072.66,54222.85,53622.46,53732.41,0.9248532958581014,9.550432023107597,0.15280691236979965,,-1,-1,-1,0,1,1,-1,-1,1,1,-1,-1,-1,1,-1,-1
