candidate_id,source_hint,artifact,hint_match,matched_columns
A37_G_N1_PM_PD_SPACING_Q4,ae2_session_level_geometry_v1,data\second1m_alt_entry_research_v1\ae2_calendar_v1\ae2_calendar_features_v1.parquet,False,pmh | pml | pdh | pdl | pm_directional_level | pd_directional_level | pm_directional_distance_pct | pd_directional_distance_pct | pm_level_structure_state | pm_c1_cross | pm_c2_cross | pm_c2_closed_beyond | pd_level_structure_state | pd_c1_cross | pd_c2_cross | pd_c2_closed_beyond | pm_proximity_state | pd_proximity_state | pd_failed_break_candidate | pmctx_prior_rth_close
A37_G_N1_PM_PD_SPACING_Q4,ae2_session_level_geometry_v1,data\second1m_alt_entry_research_v1\ae2_level_confluence_v1\a47_entry_area_confluence_features_v1.parquet,False,pm_directional_level | pd_directional_level
A37_G_N1_PM_PD_SPACING_Q4,ae2_session_level_geometry_v1,data\second1m_alt_entry_research_v1\ae2_opening_location_geometry_v1\a42_opening_location_features_v1.parquet,False,pm_dir_level | pd_dir_level | a42_open_to_pm_level_dir_pct | a42_open_to_pd_level_dir_pct
A37_G_N1_PM_PD_SPACING_Q4,ae2_session_level_geometry_v1,data\second1m_alt_entry_research_v1\ae2_postsignal_paths_v1\ae2_postsignal_path_features_v1.parquet,False,pmh | pml | pdh | pdl | pm_directional_level | pd_directional_level | pm_directional_distance_pct | pd_directional_distance_pct | pm_level_structure_state | pm_c1_cross | pm_c2_cross | pm_c2_closed_beyond | pd_level_structure_state | pd_c1_cross | pd_c2_cross | pd_c2_closed_beyond | pm_proximity_state | pd_proximity_state | pd_failed_break_candidate | pmctx_prior_rth_close
A37_G_N1_PM_PD_SPACING_Q4,ae2_session_level_geometry_v1,data\second1m_alt_entry_research_v1\ae2_preferred_level_timing_v1\a38_preferred_level_timing_events_v1.parquet,False,pm_directional_level | pd_directional_level | c1_pm_beyond | c1_pd_beyond | c2_pm_beyond_calc | c2_pd_beyond_calc
A37_G_N1_PM_PD_SPACING_Q4,ae2_session_level_geometry_v1,data\second1m_alt_entry_research_v1\ae2_premarket_context_v1\ae2_premarket_context_features_v1.parquet,False,pmh | pml | pdh | pdl | pm_directional_level | pd_directional_level | pm_directional_distance_pct | pd_directional_distance_pct | pm_level_structure_state | pm_c1_cross | pm_c2_cross | pm_c2_closed_beyond | pd_level_structure_state | pd_c1_cross | pd_c2_cross | pd_c2_closed_beyond | pm_proximity_state | pd_proximity_state | pd_failed_break_candidate | pmctx_prior_rth_close
A37_G_N1_PM_PD_SPACING_Q4,ae2_session_level_geometry_v1,data\second1m_alt_entry_research_v1\ae2_premarket_robustness_v1\ae2_premarket_robustness_features_v1.parquet,False,pmh | pml | pdh | pdl | pm_directional_level | pd_directional_level | pm_directional_distance_pct | pd_directional_distance_pct | pm_level_structure_state | pm_c1_cross | pm_c2_cross | pm_c2_closed_beyond | pd_level_structure_state | pd_c1_cross | pd_c2_cross | pd_c2_closed_beyond | pm_proximity_state | pd_proximity_state | pd_failed_break_candidate | pmctx_prior_rth_close
A37_G_N1_PM_PD_SPACING_Q4,ae2_session_level_geometry_v1,data\second1m_alt_entry_research_v1\ae2_prior_day_structure_v1\a44_prior_day_structure_features_v1.parquet,False,pdh | pdl | a44_prior_close_to_pd_extreme_dir_pct
A37_G_N1_PM_PD_SPACING_Q4,ae2_session_level_geometry_v1,data\second1m_alt_entry_research_v1\ae2_prior_day_vs_premarket_transition_v1\a45_overnight_transition_features_v1.parquet,False,a45_ahclose_to_pmclose_dir_pct | a45_rthclose_to_pmclose_dir_pct | a45_pm_minus_ah_stage_dir_pp
A37_G_N1_PM_PD_SPACING_Q4,ae2_session_level_geometry_v1,data\second1m_alt_entry_research_v1\ae2_session_level_geometry_v1\a37_session_level_geometry_events_v1.parquet,True,pm_directional_level | pd_directional_level | pm_directional_distance_pct | pd_directional_distance_pct | pm_ah_spacing_pct | pm_pd_spacing_pct | ah_pd_spacing_pct | mean_pairwise_spacing_pct | closest_pair_spacing_pct | c2_beyond_pm_pct | c2_beyond_pd_pct
A37_G_N1_PM_PD_SPACING_Q4,ae2_session_level_geometry_v1,data\second1m_alt_entry_research_v1\ae2_session_levels_robustness_v1\ae2_session_levels_robustness_features_v1.parquet,False,pmh | pml | pdh | pdl | pm_directional_level | pd_directional_level | pm_directional_distance_pct | pd_directional_distance_pct | pm_level_structure_state | pm_c1_cross | pm_c2_cross | pm_c2_closed_beyond | pd_level_structure_state | pd_c1_cross | pd_c2_cross | pd_c2_closed_beyond | pm_proximity_state | pd_proximity_state | pd_failed_break_candidate
A37_G_N1_PM_PD_SPACING_Q4,ae2_session_level_geometry_v1,data\second1m_alt_entry_research_v1\ae2_session_levels_v1\ae2_session_level_features_v1.parquet,False,pmh | pml | pdh | pdl | pm_directional_level | pd_directional_level | pm_directional_distance_pct | pd_directional_distance_pct | pm_level_structure_state | pm_c1_cross | pm_c2_cross | pm_c2_closed_beyond | pd_level_structure_state | pd_c1_cross | pd_c2_cross | pd_c2_closed_beyond | pm_proximity_state | pd_proximity_state
A37_G_N1_PM_PD_SPACING_Q4,ae2_session_level_geometry_v1,data\second1m_alt_entry_research_v1\ae2_warning_context_v1\ae2_warning_context_features_v1.parquet,False,pmh | pml | pdh | pdl | pm_directional_level | pd_directional_level | pm_directional_distance_pct | pd_directional_distance_pct | pm_level_structure_state | pm_c1_cross | pm_c2_cross | pm_c2_closed_beyond | pd_level_structure_state | pd_c1_cross | pd_c2_cross | pd_c2_closed_beyond | pm_proximity_state | pd_proximity_state | pd_failed_break_candidate | pmctx_prior_rth_close
A37_G_N1_PM_PD_SPACING_Q4,ae2_session_level_geometry_v1,data\second1m_alt_entry_research_v1\ae2_warning_exit_utility_v1\ae2_warning_exit_utility_features_v1.parquet,False,pmh | pml | pdh | pdl | pm_directional_level | pd_directional_level | pm_directional_distance_pct | pd_directional_distance_pct | pm_level_structure_state | pm_c1_cross | pm_c2_cross | pm_c2_closed_beyond | pd_level_structure_state | pd_c1_cross | pd_c2_cross | pd_c2_closed_beyond | pm_proximity_state | pd_proximity_state | pd_failed_break_candidate | pmctx_prior_rth_close
A37_G_N1_PM_PD_SPACING_Q4,ae2_session_level_geometry_v1,data\second1m_alt_entry_research_v1\ae2_warning_timing_v1\ae2_warning_timing_features_v1.parquet,False,pmh | pml | pdh | pdl | pm_directional_level | pd_directional_level | pm_directional_distance_pct | pd_directional_distance_pct | pm_level_structure_state | pm_c1_cross | pm_c2_cross | pm_c2_closed_beyond | pd_level_structure_state | pd_c1_cross | pd_c2_cross | pd_c2_closed_beyond | pm_proximity_state | pd_proximity_state | pd_failed_break_candidate | pmctx_prior_rth_close
A37_G_P2_PD_AH_PM_ORDERING,ae2_session_level_geometry_v1,data\second1m_alt_entry_research_v1\ae2_calendar_v1\ae2_calendar_features_v1.parquet,False,pmh | pml | pdh | pdl | ahh | ahl | prior_ah_close | prior_ah_bar_n | pm_directional_level | ah_directional_level | pd_directional_level | pm_directional_distance_pct | ah_directional_distance_pct | pd_directional_distance_pct | pm_level_structure_state | pm_c1_cross | pm_c2_cross | pm_c2_closed_beyond | ah_level_structure_state | ah_c1_cross | ah_c2_cross | ah_c2_closed_beyond | pd_level_structure_state | pd_c1_cross | pd_c2_cross | pd_c2_closed_beyond | pm_proximity_state | ah_proximity_state | pd_proximity_state | nearest_ahead_level_distance_pct | nearest_ahead_level | pd_failed_break_candidate | pmctx_prior_rth_close
A37_G_P2_PD_AH_PM_ORDERING,ae2_session_level_geometry_v1,data\second1m_alt_entry_research_v1\ae2_level_confluence_v1\a47_entry_area_confluence_features_v1.parquet,False,pm_directional_level | ah_directional_level | pd_directional_level
A37_G_P2_PD_AH_PM_ORDERING,ae2_session_level_geometry_v1,data\second1m_alt_entry_research_v1\ae2_opening_location_geometry_v1\a42_opening_location_features_v1.parquet,False,pm_dir_level | ah_dir_level | pd_dir_level | a42_open_to_pm_level_dir_pct | a42_open_to_ah_level_dir_pct | a42_open_to_pd_level_dir_pct
A37_G_P2_PD_AH_PM_ORDERING,ae2_session_level_geometry_v1,data\second1m_alt_entry_research_v1\ae2_postsignal_paths_v1\ae2_postsignal_path_features_v1.parquet,False,pmh | pml | pdh | pdl | ahh | ahl | prior_ah_close | prior_ah_bar_n | pm_directional_level | ah_directional_level | pd_directional_level | pm_directional_distance_pct | ah_directional_distance_pct | pd_directional_distance_pct | pm_level_structure_state | pm_c1_cross | pm_c2_cross | pm_c2_closed_beyond | ah_level_structure_state | ah_c1_cross | ah_c2_cross | ah_c2_closed_beyond | pd_level_structure_state | pd_c1_cross | pd_c2_cross | pd_c2_closed_beyond | pm_proximity_state | ah_proximity_state | pd_proximity_state | nearest_ahead_level_distance_pct | nearest_ahead_level | pd_failed_break_candidate | pmctx_prior_rth_close
A37_G_P2_PD_AH_PM_ORDERING,ae2_session_level_geometry_v1,data\second1m_alt_entry_research_v1\ae2_preferred_level_timing_v1\a38_preferred_level_timing_events_v1.parquet,False,pm_directional_level | ah_directional_level | pd_directional_level | c1_pm_beyond | c1_ah_beyond | c1_pd_beyond | c2_pm_beyond_calc | c2_ah_beyond_calc | c2_pd_beyond_calc
A37_G_P2_PD_AH_PM_ORDERING,ae2_session_level_geometry_v1,data\second1m_alt_entry_research_v1\ae2_premarket_context_v1\ae2_premarket_context_features_v1.parquet,False,pmh | pml | pdh | pdl | ahh | ahl | prior_ah_close | prior_ah_bar_n | pm_directional_level | ah_directional_level | pd_directional_level | pm_directional_distance_pct | ah_directional_distance_pct | pd_directional_distance_pct | pm_level_structure_state | pm_c1_cross | pm_c2_cross | pm_c2_closed_beyond | ah_level_structure_state | ah_c1_cross | ah_c2_cross | ah_c2_closed_beyond | pd_level_structure_state | pd_c1_cross | pd_c2_cross | pd_c2_closed_beyond | pm_proximity_state | ah_proximity_state | pd_proximity_state | nearest_ahead_level_distance_pct | nearest_ahead_level | pd_failed_break_candidate | pmctx_prior_rth_close
A37_G_P2_PD_AH_PM_ORDERING,ae2_session_level_geometry_v1,data\second1m_alt_entry_research_v1\ae2_premarket_robustness_v1\ae2_premarket_robustness_features_v1.parquet,False,pmh | pml | pdh | pdl | ahh | ahl | prior_ah_close | prior_ah_bar_n | pm_directional_level | ah_directional_level | pd_directional_level | pm_directional_distance_pct | ah_directional_distance_pct | pd_directional_distance_pct | pm_level_structure_state | pm_c1_cross | pm_c2_cross | pm_c2_closed_beyond | ah_level_structure_state | ah_c1_cross | ah_c2_cross | ah_c2_closed_beyond | pd_level_structure_state | pd_c1_cross | pd_c2_cross | pd_c2_closed_beyond | pm_proximity_state | ah_proximity_state | pd_proximity_state | nearest_ahead_level_distance_pct | nearest_ahead_level | pd_failed_break_candidate | pmctx_prior_rth_close
A37_G_P2_PD_AH_PM_ORDERING,ae2_session_level_geometry_v1,data\second1m_alt_entry_research_v1\ae2_prior_day_structure_v1\a44_prior_day_structure_features_v1.parquet,False,pdh | pdl | a44_prior_close_to_pd_extreme_dir_pct
A37_G_P2_PD_AH_PM_ORDERING,ae2_session_level_geometry_v1,data\second1m_alt_entry_research_v1\ae2_prior_day_vs_premarket_transition_v1\a45_overnight_transition_features_v1.parquet,False,prior_ah_close | a45_rthclose_to_ahclose_dir_pct | a45_ahclose_to_pmclose_dir_pct | a45_rthclose_to_pmclose_dir_pct | a45_pm_minus_ah_stage_dir_pp
A37_G_P2_PD_AH_PM_ORDERING,ae2_session_level_geometry_v1,data\second1m_alt_entry_research_v1\ae2_session_level_geometry_v1\a37_session_level_geometry_events_v1.parquet,True,pm_directional_level | ah_directional_level | pd_directional_level | pm_directional_distance_pct | ah_directional_distance_pct | pd_directional_distance_pct | pm_ah_spacing_pct | pm_pd_spacing_pct | ah_pd_spacing_pct | directional_level_order_inner_to_outer | c2_beyond_pm_pct | c2_beyond_ah_pct | c2_beyond_pd_pct
A37_G_P2_PD_AH_PM_ORDERING,ae2_session_level_geometry_v1,data\second1m_alt_entry_research_v1\ae2_session_levels_robustness_v1\ae2_session_levels_robustness_features_v1.parquet,False,pmh | pml | pdh | pdl | ahh | ahl | prior_ah_close | prior_ah_bar_n | pm_directional_level | ah_directional_level | pd_directional_level | pm_directional_distance_pct | ah_directional_distance_pct | pd_directional_distance_pct | pm_level_structure_state | pm_c1_cross | pm_c2_cross | pm_c2_closed_beyond | ah_level_structure_state | ah_c1_cross | ah_c2_cross | ah_c2_closed_beyond | pd_level_structure_state | pd_c1_cross | pd_c2_cross | pd_c2_closed_beyond | pm_proximity_state | ah_proximity_state | pd_proximity_state | nearest_ahead_level_distance_pct | nearest_ahead_level | pd_failed_break_candidate
A37_G_P2_PD_AH_PM_ORDERING,ae2_session_level_geometry_v1,data\second1m_alt_entry_research_v1\ae2_session_levels_v1\ae2_session_level_features_v1.parquet,False,pmh | pml | pdh | pdl | ahh | ahl | prior_ah_close | prior_ah_bar_n | pm_directional_level | ah_directional_level | pd_directional_level | pm_directional_distance_pct | ah_directional_distance_pct | pd_directional_distance_pct | pm_level_structure_state | pm_c1_cross | pm_c2_cross | pm_c2_closed_beyond | ah_level_structure_state | ah_c1_cross | ah_c2_cross | ah_c2_closed_beyond | pd_level_structure_state | pd_c1_cross | pd_c2_cross | pd_c2_closed_beyond | pm_proximity_state | ah_proximity_state | pd_proximity_state | nearest_ahead_level_distance_pct | nearest_ahead_level
A37_G_P2_PD_AH_PM_ORDERING,ae2_session_level_geometry_v1,data\second1m_alt_entry_research_v1\ae2_warning_context_v1\ae2_warning_context_features_v1.parquet,False,pmh | pml | pdh | pdl | ahh | ahl | prior_ah_close | prior_ah_bar_n | pm_directional_level | ah_directional_level | pd_directional_level | pm_directional_distance_pct | ah_directional_distance_pct | pd_directional_distance_pct | pm_level_structure_state | pm_c1_cross | pm_c2_cross | pm_c2_closed_beyond | ah_level_structure_state | ah_c1_cross | ah_c2_cross | ah_c2_closed_beyond | pd_level_structure_state | pd_c1_cross | pd_c2_cross | pd_c2_closed_beyond | pm_proximity_state | ah_proximity_state | pd_proximity_state | nearest_ahead_level_distance_pct | nearest_ahead_level | pd_failed_break_candidate | pmctx_prior_rth_close
A37_G_P2_PD_AH_PM_ORDERING,ae2_session_level_geometry_v1,data\second1m_alt_entry_research_v1\ae2_warning_exit_utility_v1\ae2_warning_exit_utility_features_v1.parquet,False,pmh | pml | pdh | pdl | ahh | ahl | prior_ah_close | prior_ah_bar_n | pm_directional_level | ah_directional_level | pd_directional_level | pm_directional_distance_pct | ah_directional_distance_pct | pd_directional_distance_pct | pm_level_structure_state | pm_c1_cross | pm_c2_cross | pm_c2_closed_beyond | ah_level_structure_state | ah_c1_cross | ah_c2_cross | ah_c2_closed_beyond | pd_level_structure_state | pd_c1_cross | pd_c2_cross | pd_c2_closed_beyond | pm_proximity_state | ah_proximity_state | pd_proximity_state | nearest_ahead_level_distance_pct | nearest_ahead_level | pd_failed_break_candidate | pmctx_prior_rth_close
A37_G_P2_PD_AH_PM_ORDERING,ae2_session_level_geometry_v1,data\second1m_alt_entry_research_v1\ae2_warning_timing_v1\ae2_warning_timing_features_v1.parquet,False,pmh | pml | pdh | pdl | ahh | ahl | prior_ah_close | prior_ah_bar_n | pm_directional_level | ah_directional_level | pd_directional_level | pm_directional_distance_pct | ah_directional_distance_pct | pd_directional_distance_pct | pm_level_structure_state | pm_c1_cross | pm_c2_cross | pm_c2_closed_beyond | ah_level_structure_state | ah_c1_cross | ah_c2_cross | ah_c2_closed_beyond | pd_level_structure_state | pd_c1_cross | pd_c2_cross | pd_c2_closed_beyond | pm_proximity_state | ah_proximity_state | pd_proximity_state | nearest_ahead_level_distance_pct | nearest_ahead_level | pd_failed_break_candidate | pmctx_prior_rth_close
A38_T_P1_PM_REMAINS_FOR_C2,ae2_preferred_level_timing_v1,data\second1m_alt_entry_research_v1\ae2_c2_predictors_v1\ae2_c2_predictor_features_v1.parquet,False,c1_open | c1_high | c1_low | c1_close | c1_volume | c1_vwap | c2_open | c2_high | c2_low | c2_close | c2_volume | c2_vwap | c1_direction_aligned | c1_vwap_close_ok | c2_direction_aligned | c2_vwap_close_ok | c2_no_touch_ok | c2_vwap_touch_or_cross | c1_body_to_range_pct | c2_body_to_range_pct | c1_favorable_clv_pct | c2_favorable_clv_pct | c1_favorable_wick_pct | c2_favorable_wick_pct | c1_adverse_wick_pct | c2_adverse_wick_pct | c1_favorable_body_return_pct | c2_favorable_body_return_pct | c1_favorable_vwap_distance_pct | c2_favorable_vwap_distance_pct | c2_vwap_penetration_pct | c1_to_c2_close_progress_pct | c2_to_c1_volume_ratio | c1_range_pct | c2_range_pct | c1_body_to_range_pct__bucket | c2_body_to_range_pct__bucket | c1_favorable_clv_pct__bucket | c2_favorable_clv_pct__bucket | c1_favorable_wick_pct__bucket | c2_favorable_wick_pct__bucket | c1_adverse_wick_pct__bucket | c2_adverse_wick_pct__bucket | c1_favorable_body_return_pct__bucket | c2_favorable_body_return_pct__bucket | c1_favorable_vwap_distance_pct__bucket | c2_favorable_vwap_distance_pct__bucket | c2_vwap_penetration_pct__bucket | c1_to_c2_close_progress_pct__bucket | c2_to_c1_volume_ratio__bucket | c1_range_pct__bucket | c2_range_pct__bucket
A38_T_P1_PM_REMAINS_FOR_C2,ae2_preferred_level_timing_v1,data\second1m_alt_entry_research_v1\ae2_calendar_v1\ae2_calendar_features_v1.parquet,False,c1_open | c1_high | c1_low | c1_close | c1_volume | c1_vwap | c2_open | c2_high | c2_low | c2_close | c2_volume | c2_vwap | c1_direction_aligned | c1_vwap_close_ok | c2_direction_aligned | c2_vwap_close_ok | c2_no_touch_ok | c2_vwap_touch_or_cross | c1_body_to_range_pct | c2_body_to_range_pct | c1_favorable_clv_pct | c2_favorable_clv_pct | c1_favorable_wick_pct | c2_favorable_wick_pct | c1_adverse_wick_pct | c2_adverse_wick_pct | c1_favorable_body_return_pct | c2_favorable_body_return_pct | c1_favorable_vwap_distance_pct | c2_favorable_vwap_distance_pct | c2_vwap_penetration_pct | c1_to_c2_close_progress_pct | c2_to_c1_volume_ratio | c1_range_pct | c2_range_pct | c1_body_to_range_pct__bucket | c2_body_to_range_pct__bucket | c1_favorable_clv_pct__bucket | c2_favorable_clv_pct__bucket | c1_favorable_wick_pct__bucket | c2_favorable_wick_pct__bucket | c1_adverse_wick_pct__bucket | c2_adverse_wick_pct__bucket | c1_favorable_body_return_pct__bucket | c2_favorable_body_return_pct__bucket | c1_favorable_vwap_distance_pct__bucket | c2_favorable_vwap_distance_pct__bucket | c2_vwap_penetration_pct__bucket | c1_to_c2_close_progress_pct__bucket | c2_to_c1_volume_ratio__bucket | c1_range_pct__bucket | c2_range_pct__bucket | hist_c1_volume | hist_c2_volume | c2_vs_c1_volume_ratio | hist_c1_volume_median_20d_prior | hist_c1_volume_median_60d_prior | hist_c2_volume_median_20d_prior | hist_c2_volume_median_60d_prior | c1_rvol_20d | c2_rvol_20d | c1_rvol_60d | c2_rvol_60d | c1_rvol_20d_state | c2_rvol_20d_state | c2_vs_c1_volume_state | c1_rvol_20d_discovery_state | c2_rvol_20d_discovery_state | c2_vs_c1_volume_ratio_discovery_state | low_c2_rvol_market_opposition_state | c2_vs_c1_volume_ratio_winsor | pmh | pml | pm_directional_level | pm_directional_distance_pct | pm_level_structure_state | pm_c1_cross | pm_c2_cross | pm_c2_closed_beyond | ah_c1_cross | ah_c2_cross | ah_c2_closed_beyond | pd_c1_cross | pd_c2_cross | pd_c2_closed_beyond | pm_proximity_state | relevant_levels_cleared_n | session_level_clear_state | c2_break_level_n | c2_break_count_state | multiple_c2_break_candidate | pmctx_prior_rth_close
A38_T_P1_PM_REMAINS_FOR_C2,ae2_preferred_level_timing_v1,data\second1m_alt_entry_research_v1\ae2_candidate_models_v1\ae2_candidate_model_events_v1.parquet,False,session_level_clear_state | n2_h4a_one_exhaustion_none_cleared | n2_h2a_none_cleared_relative_aligned | negative_family_n2_no_clearance_weakness
A38_T_P1_PM_REMAINS_FOR_C2,ae2_preferred_level_timing_v1,data\second1m_alt_entry_research_v1\ae2_daily_trend_v1\ae2_daily_trend_features_v1.parquet,False,c1_open | c1_high | c1_low | c1_close | c1_volume | c1_vwap | c2_open | c2_high | c2_low | c2_close | c2_volume | c2_vwap | c1_direction_aligned | c1_vwap_close_ok | c2_direction_aligned | c2_vwap_close_ok | c2_no_touch_ok | c2_vwap_touch_or_cross | c1_body_to_range_pct | c2_body_to_range_pct | c1_favorable_clv_pct | c2_favorable_clv_pct | c1_favorable_wick_pct | c2_favorable_wick_pct | c1_adverse_wick_pct | c2_adverse_wick_pct | c1_favorable_body_return_pct | c2_favorable_body_return_pct | c1_favorable_vwap_distance_pct | c2_favorable_vwap_distance_pct | c2_vwap_penetration_pct | c1_to_c2_close_progress_pct | c2_to_c1_volume_ratio | c1_range_pct | c2_range_pct | c1_body_to_range_pct__bucket | c2_body_to_range_pct__bucket | c1_favorable_clv_pct__bucket | c2_favorable_clv_pct__bucket | c1_favorable_wick_pct__bucket | c2_favorable_wick_pct__bucket | c1_adverse_wick_pct__bucket | c2_adverse_wick_pct__bucket | c1_favorable_body_return_pct__bucket | c2_favorable_body_return_pct__bucket | c1_favorable_vwap_distance_pct__bucket | c2_favorable_vwap_distance_pct__bucket | c2_vwap_penetration_pct__bucket | c1_to_c2_close_progress_pct__bucket | c2_to_c1_volume_ratio__bucket | c1_range_pct__bucket | c2_range_pct__bucket
A38_T_P1_PM_REMAINS_FOR_C2,ae2_preferred_level_timing_v1,data\second1m_alt_entry_research_v1\ae2_interactions_v1\ae2_interaction_events_v1.parquet,False,c2_break_count_state | session_level_clear_state
A38_T_P1_PM_REMAINS_FOR_C2,ae2_preferred_level_timing_v1,data\second1m_alt_entry_research_v1\ae2_level_confluence_v1\a47_entry_area_confluence_features_v1.parquet,False,pm_directional_level | c2_vwap
A38_T_P1_PM_REMAINS_FOR_C2,ae2_preferred_level_timing_v1,data\second1m_alt_entry_research_v1\ae2_ma_context_v1\ae2_ma_context_features_v1.parquet,False,c1_open | c1_high | c1_low | c1_close | c1_volume | c1_vwap | c2_open | c2_high | c2_low | c2_close | c2_volume | c2_vwap | c1_direction_aligned | c1_vwap_close_ok | c2_direction_aligned | c2_vwap_close_ok | c2_no_touch_ok | c2_vwap_touch_or_cross | c1_body_to_range_pct | c2_body_to_range_pct | c1_favorable_clv_pct | c2_favorable_clv_pct | c1_favorable_wick_pct | c2_favorable_wick_pct | c1_adverse_wick_pct | c2_adverse_wick_pct | c1_favorable_body_return_pct | c2_favorable_body_return_pct | c1_favorable_vwap_distance_pct | c2_favorable_vwap_distance_pct | c2_vwap_penetration_pct | c1_to_c2_close_progress_pct | c2_to_c1_volume_ratio | c1_range_pct | c2_range_pct | c1_body_to_range_pct__bucket | c2_body_to_range_pct__bucket | c1_favorable_clv_pct__bucket | c2_favorable_clv_pct__bucket | c1_favorable_wick_pct__bucket | c2_favorable_wick_pct__bucket | c1_adverse_wick_pct__bucket | c2_adverse_wick_pct__bucket | c1_favorable_body_return_pct__bucket | c2_favorable_body_return_pct__bucket | c1_favorable_vwap_distance_pct__bucket | c2_favorable_vwap_distance_pct__bucket | c2_vwap_penetration_pct__bucket | c1_to_c2_close_progress_pct__bucket | c2_to_c1_volume_ratio__bucket | c1_range_pct__bucket | c2_range_pct__bucket
A38_T_P1_PM_REMAINS_FOR_C2,ae2_preferred_level_timing_v1,data\second1m_alt_entry_research_v1\ae2_market_regime_v1\ae2_market_regime_features_v1.parquet,False,c1_open | c1_high | c1_low | c1_close | c1_volume | c1_vwap | c2_open | c2_high | c2_low | c2_close | c2_volume | c2_vwap | c1_direction_aligned | c1_vwap_close_ok | c2_direction_aligned | c2_vwap_close_ok | c2_no_touch_ok | c2_vwap_touch_or_cross | c1_body_to_range_pct | c2_body_to_range_pct | c1_favorable_clv_pct | c2_favorable_clv_pct | c1_favorable_wick_pct | c2_favorable_wick_pct | c1_adverse_wick_pct | c2_adverse_wick_pct | c1_favorable_body_return_pct | c2_favorable_body_return_pct | c1_favorable_vwap_distance_pct | c2_favorable_vwap_distance_pct | c2_vwap_penetration_pct | c1_to_c2_close_progress_pct | c2_to_c1_volume_ratio | c1_range_pct | c2_range_pct | c1_body_to_range_pct__bucket | c2_body_to_range_pct__bucket | c1_favorable_clv_pct__bucket | c2_favorable_clv_pct__bucket | c1_favorable_wick_pct__bucket | c2_favorable_wick_pct__bucket | c1_adverse_wick_pct__bucket | c2_adverse_wick_pct__bucket | c1_favorable_body_return_pct__bucket | c2_favorable_body_return_pct__bucket | c1_favorable_vwap_distance_pct__bucket | c2_favorable_vwap_distance_pct__bucket | c2_vwap_penetration_pct__bucket | c1_to_c2_close_progress_pct__bucket | c2_to_c1_volume_ratio__bucket | c1_range_pct__bucket | c2_range_pct__bucket
A38_T_P1_PM_REMAINS_FOR_C2,ae2_preferred_level_timing_v1,data\second1m_alt_entry_research_v1\ae2_opening_liquidity_v1\a49_opening_liquidity_features_v1.parquet,False,c1_close | c2_close | c1_volume | c2_volume
A38_T_P1_PM_REMAINS_FOR_C2,ae2_preferred_level_timing_v1,data\second1m_alt_entry_research_v1\ae2_opening_location_geometry_v1\a42_opening_location_features_v1.parquet,False,c1_open | pm_dir_level | a42_open_to_pm_level_dir_pct
A38_T_P1_PM_REMAINS_FOR_C2,ae2_preferred_level_timing_v1,data\second1m_alt_entry_research_v1\ae2_opening_volume_v1\ae2_opening_volume_features_v1.parquet,False,c1_open | c1_high | c1_low | c1_close | c1_volume | c1_vwap | c2_open | c2_high | c2_low | c2_close | c2_volume | c2_vwap | c1_direction_aligned | c1_vwap_close_ok | c2_direction_aligned | c2_vwap_close_ok | c2_no_touch_ok | c2_vwap_touch_or_cross | c1_body_to_range_pct | c2_body_to_range_pct | c1_favorable_clv_pct | c2_favorable_clv_pct | c1_favorable_wick_pct | c2_favorable_wick_pct | c1_adverse_wick_pct | c2_adverse_wick_pct | c1_favorable_body_return_pct | c2_favorable_body_return_pct | c1_favorable_vwap_distance_pct | c2_favorable_vwap_distance_pct | c2_vwap_penetration_pct | c1_to_c2_close_progress_pct | c2_to_c1_volume_ratio | c1_range_pct | c2_range_pct | c1_body_to_range_pct__bucket | c2_body_to_range_pct__bucket | c1_favorable_clv_pct__bucket | c2_favorable_clv_pct__bucket | c1_favorable_wick_pct__bucket | c2_favorable_wick_pct__bucket | c1_adverse_wick_pct__bucket | c2_adverse_wick_pct__bucket | c1_favorable_body_return_pct__bucket | c2_favorable_body_return_pct__bucket | c1_favorable_vwap_distance_pct__bucket | c2_favorable_vwap_distance_pct__bucket | c2_vwap_penetration_pct__bucket | c1_to_c2_close_progress_pct__bucket | c2_to_c1_volume_ratio__bucket | c1_range_pct__bucket | c2_range_pct__bucket | hist_c1_volume | hist_c2_volume | c2_vs_c1_volume_ratio | hist_c1_volume_median_20d_prior | hist_c1_volume_median_60d_prior | hist_c2_volume_median_20d_prior | hist_c2_volume_median_60d_prior | c1_rvol_20d | c2_rvol_20d | c1_rvol_60d | c2_rvol_60d | c1_rvol_20d_state | c2_rvol_20d_state | c2_vs_c1_volume_state | c1_rvol_20d_discovery_state | c2_rvol_20d_discovery_state | c2_vs_c1_volume_ratio_discovery_state
A38_T_P1_PM_REMAINS_FOR_C2,ae2_preferred_level_timing_v1,data\second1m_alt_entry_research_v1\ae2_postsignal_paths_v1\ae2_postsignal_path_features_v1.parquet,False,c1_open | c1_high | c1_low | c1_close | c1_volume | c1_vwap | c2_open | c2_high | c2_low | c2_close | c2_volume | c2_vwap | c1_direction_aligned | c1_vwap_close_ok | c2_direction_aligned | c2_vwap_close_ok | c2_no_touch_ok | c2_vwap_touch_or_cross | c1_body_to_range_pct | c2_body_to_range_pct | c1_favorable_clv_pct | c2_favorable_clv_pct | c1_favorable_wick_pct | c2_favorable_wick_pct | c1_adverse_wick_pct | c2_adverse_wick_pct | c1_favorable_body_return_pct | c2_favorable_body_return_pct | c1_favorable_vwap_distance_pct | c2_favorable_vwap_distance_pct | c2_vwap_penetration_pct | c1_to_c2_close_progress_pct | c2_to_c1_volume_ratio | c1_range_pct | c2_range_pct | c1_body_to_range_pct__bucket | c2_body_to_range_pct__bucket | c1_favorable_clv_pct__bucket | c2_favorable_clv_pct__bucket | c1_favorable_wick_pct__bucket | c2_favorable_wick_pct__bucket | c1_adverse_wick_pct__bucket | c2_adverse_wick_pct__bucket | c1_favorable_body_return_pct__bucket | c2_favorable_body_return_pct__bucket | c1_favorable_vwap_distance_pct__bucket | c2_favorable_vwap_distance_pct__bucket | c2_vwap_penetration_pct__bucket | c1_to_c2_close_progress_pct__bucket | c2_to_c1_volume_ratio__bucket | c1_range_pct__bucket | c2_range_pct__bucket | hist_c1_volume | hist_c2_volume | c2_vs_c1_volume_ratio | hist_c1_volume_median_20d_prior | hist_c1_volume_median_60d_prior | hist_c2_volume_median_20d_prior | hist_c2_volume_median_60d_prior | c1_rvol_20d | c2_rvol_20d | c1_rvol_60d | c2_rvol_60d | c1_rvol_20d_state | c2_rvol_20d_state | c2_vs_c1_volume_state | c1_rvol_20d_discovery_state | c2_rvol_20d_discovery_state | c2_vs_c1_volume_ratio_discovery_state | low_c2_rvol_market_opposition_state | c2_vs_c1_volume_ratio_winsor | pmh | pml | pm_directional_level | pm_directional_distance_pct | pm_level_structure_state | pm_c1_cross | pm_c2_cross | pm_c2_closed_beyond | ah_c1_cross | ah_c2_cross | ah_c2_closed_beyond | pd_c1_cross | pd_c2_cross | pd_c2_closed_beyond | pm_proximity_state | relevant_levels_cleared_n | session_level_clear_state | c2_break_level_n | c2_break_count_state | multiple_c2_break_candidate | pmctx_prior_rth_close | post_c10_open | post_c10_high | post_c10_low | post_c10_close | post_c10_volume | post_c10_vwap | post_c10_close_delta_pct | post_c10_fav_excursion_pct
A38_T_P1_PM_REMAINS_FOR_C2,ae2_preferred_level_timing_v1,data\second1m_alt_entry_research_v1\ae2_preferred_level_timing_v1\a38_preferred_level_timing_events_v1.parquet,True,c1_close | c2_close | pm_directional_level | c1_pm_beyond | c1_ah_beyond | c1_pd_beyond | c2_pm_beyond_calc | c2_ah_beyond_calc | c2_pd_beyond_calc | c1_levels_cleared_n | c2_levels_cleared_calc_n | levels_newly_cleared_by_c2_n | c1_cleared_pattern | c2_break_level_n | c2_break_count_state
A38_T_P1_PM_REMAINS_FOR_C2,ae2_preferred_level_timing_v1,data\second1m_alt_entry_research_v1\ae2_premarket_context_v1\ae2_premarket_context_features_v1.parquet,False,c1_open | c1_high | c1_low | c1_close | c1_volume | c1_vwap | c2_open | c2_high | c2_low | c2_close | c2_volume | c2_vwap | c1_direction_aligned | c1_vwap_close_ok | c2_direction_aligned | c2_vwap_close_ok | c2_no_touch_ok | c2_vwap_touch_or_cross | c1_body_to_range_pct | c2_body_to_range_pct | c1_favorable_clv_pct | c2_favorable_clv_pct | c1_favorable_wick_pct | c2_favorable_wick_pct | c1_adverse_wick_pct | c2_adverse_wick_pct | c1_favorable_body_return_pct | c2_favorable_body_return_pct | c1_favorable_vwap_distance_pct | c2_favorable_vwap_distance_pct | c2_vwap_penetration_pct | c1_to_c2_close_progress_pct | c2_to_c1_volume_ratio | c1_range_pct | c2_range_pct | c1_body_to_range_pct__bucket | c2_body_to_range_pct__bucket | c1_favorable_clv_pct__bucket | c2_favorable_clv_pct__bucket | c1_favorable_wick_pct__bucket | c2_favorable_wick_pct__bucket | c1_adverse_wick_pct__bucket | c2_adverse_wick_pct__bucket | c1_favorable_body_return_pct__bucket | c2_favorable_body_return_pct__bucket | c1_favorable_vwap_distance_pct__bucket | c2_favorable_vwap_distance_pct__bucket | c2_vwap_penetration_pct__bucket | c1_to_c2_close_progress_pct__bucket | c2_to_c1_volume_ratio__bucket | c1_range_pct__bucket | c2_range_pct__bucket | hist_c1_volume | hist_c2_volume | c2_vs_c1_volume_ratio | hist_c1_volume_median_20d_prior | hist_c1_volume_median_60d_prior | hist_c2_volume_median_20d_prior | hist_c2_volume_median_60d_prior | c1_rvol_20d | c2_rvol_20d | c1_rvol_60d | c2_rvol_60d | c1_rvol_20d_state | c2_rvol_20d_state | c2_vs_c1_volume_state | c1_rvol_20d_discovery_state | c2_rvol_20d_discovery_state | c2_vs_c1_volume_ratio_discovery_state | low_c2_rvol_market_opposition_state | c2_vs_c1_volume_ratio_winsor | pmh | pml | pm_directional_level | pm_directional_distance_pct | pm_level_structure_state | pm_c1_cross | pm_c2_cross | pm_c2_closed_beyond | ah_c1_cross | ah_c2_cross | ah_c2_closed_beyond | pd_c1_cross | pd_c2_cross | pd_c2_closed_beyond | pm_proximity_state | relevant_levels_cleared_n | session_level_clear_state | c2_break_level_n | c2_break_count_state | multiple_c2_break_candidate | pmctx_prior_rth_close
A38_T_P1_PM_REMAINS_FOR_C2,ae2_preferred_level_timing_v1,data\second1m_alt_entry_research_v1\ae2_premarket_robustness_v1\ae2_premarket_robustness_features_v1.parquet,False,c1_open | c1_high | c1_low | c1_close | c1_volume | c1_vwap | c2_open | c2_high | c2_low | c2_close | c2_volume | c2_vwap | c1_direction_aligned | c1_vwap_close_ok | c2_direction_aligned | c2_vwap_close_ok | c2_no_touch_ok | c2_vwap_touch_or_cross | c1_body_to_range_pct | c2_body_to_range_pct | c1_favorable_clv_pct | c2_favorable_clv_pct | c1_favorable_wick_pct | c2_favorable_wick_pct | c1_adverse_wick_pct | c2_adverse_wick_pct | c1_favorable_body_return_pct | c2_favorable_body_return_pct | c1_favorable_vwap_distance_pct | c2_favorable_vwap_distance_pct | c2_vwap_penetration_pct | c1_to_c2_close_progress_pct | c2_to_c1_volume_ratio | c1_range_pct | c2_range_pct | c1_body_to_range_pct__bucket | c2_body_to_range_pct__bucket | c1_favorable_clv_pct__bucket | c2_favorable_clv_pct__bucket | c1_favorable_wick_pct__bucket | c2_favorable_wick_pct__bucket | c1_adverse_wick_pct__bucket | c2_adverse_wick_pct__bucket | c1_favorable_body_return_pct__bucket | c2_favorable_body_return_pct__bucket | c1_favorable_vwap_distance_pct__bucket | c2_favorable_vwap_distance_pct__bucket | c2_vwap_penetration_pct__bucket | c1_to_c2_close_progress_pct__bucket | c2_to_c1_volume_ratio__bucket | c1_range_pct__bucket | c2_range_pct__bucket | hist_c1_volume | hist_c2_volume | c2_vs_c1_volume_ratio | hist_c1_volume_median_20d_prior | hist_c1_volume_median_60d_prior | hist_c2_volume_median_20d_prior | hist_c2_volume_median_60d_prior | c1_rvol_20d | c2_rvol_20d | c1_rvol_60d | c2_rvol_60d | c1_rvol_20d_state | c2_rvol_20d_state | c2_vs_c1_volume_state | c1_rvol_20d_discovery_state | c2_rvol_20d_discovery_state | c2_vs_c1_volume_ratio_discovery_state | low_c2_rvol_market_opposition_state | c2_vs_c1_volume_ratio_winsor | pmh | pml | pm_directional_level | pm_directional_distance_pct | pm_level_structure_state | pm_c1_cross | pm_c2_cross | pm_c2_closed_beyond | ah_c1_cross | ah_c2_cross | ah_c2_closed_beyond | pd_c1_cross | pd_c2_cross | pd_c2_closed_beyond | pm_proximity_state | relevant_levels_cleared_n | session_level_clear_state | c2_break_level_n | c2_break_count_state | multiple_c2_break_candidate | pmctx_prior_rth_close
A38_T_P1_PM_REMAINS_FOR_C2,ae2_preferred_level_timing_v1,data\second1m_alt_entry_research_v1\ae2_prior_day_vs_premarket_transition_v1\a45_overnight_transition_features_v1.parquet,False,a45_ahclose_to_pmclose_dir_pct | a45_rthclose_to_pmclose_dir_pct | a45_pm_minus_ah_stage_dir_pp
A38_T_P1_PM_REMAINS_FOR_C2,ae2_preferred_level_timing_v1,data\second1m_alt_entry_research_v1\ae2_relative_strength_robustness_v1\relative_strength_robustness_features_v1.parquet,False,c1_open | c1_high | c1_low | c1_close | c1_volume | c1_vwap | c2_open | c2_high | c2_low | c2_close | c2_volume | c2_vwap | c1_direction_aligned | c1_vwap_close_ok | c2_direction_aligned | c2_vwap_close_ok | c2_no_touch_ok | c2_vwap_touch_or_cross | c1_body_to_range_pct | c2_body_to_range_pct | c1_favorable_clv_pct | c2_favorable_clv_pct | c1_favorable_wick_pct | c2_favorable_wick_pct | c1_adverse_wick_pct | c2_adverse_wick_pct | c1_favorable_body_return_pct | c2_favorable_body_return_pct | c1_favorable_vwap_distance_pct | c2_favorable_vwap_distance_pct | c2_vwap_penetration_pct | c1_to_c2_close_progress_pct | c2_to_c1_volume_ratio | c1_range_pct | c2_range_pct | c1_body_to_range_pct__bucket | c2_body_to_range_pct__bucket | c1_favorable_clv_pct__bucket | c2_favorable_clv_pct__bucket | c1_favorable_wick_pct__bucket | c2_favorable_wick_pct__bucket | c1_adverse_wick_pct__bucket | c2_adverse_wick_pct__bucket | c1_favorable_body_return_pct__bucket | c2_favorable_body_return_pct__bucket | c1_favorable_vwap_distance_pct__bucket | c2_favorable_vwap_distance_pct__bucket | c2_vwap_penetration_pct__bucket | c1_to_c2_close_progress_pct__bucket | c2_to_c1_volume_ratio__bucket | c1_range_pct__bucket | c2_range_pct__bucket
A38_T_P1_PM_REMAINS_FOR_C2,ae2_preferred_level_timing_v1,data\second1m_alt_entry_research_v1\ae2_relative_strength_v1\ae2_relative_strength_features_v1.parquet,False,c1_open | c1_high | c1_low | c1_close | c1_volume | c1_vwap | c2_open | c2_high | c2_low | c2_close | c2_volume | c2_vwap | c1_direction_aligned | c1_vwap_close_ok | c2_direction_aligned | c2_vwap_close_ok | c2_no_touch_ok | c2_vwap_touch_or_cross | c1_body_to_range_pct | c2_body_to_range_pct | c1_favorable_clv_pct | c2_favorable_clv_pct | c1_favorable_wick_pct | c2_favorable_wick_pct | c1_adverse_wick_pct | c2_adverse_wick_pct | c1_favorable_body_return_pct | c2_favorable_body_return_pct | c1_favorable_vwap_distance_pct | c2_favorable_vwap_distance_pct | c2_vwap_penetration_pct | c1_to_c2_close_progress_pct | c2_to_c1_volume_ratio | c1_range_pct | c2_range_pct | c1_body_to_range_pct__bucket | c2_body_to_range_pct__bucket | c1_favorable_clv_pct__bucket | c2_favorable_clv_pct__bucket | c1_favorable_wick_pct__bucket | c2_favorable_wick_pct__bucket | c1_adverse_wick_pct__bucket | c2_adverse_wick_pct__bucket | c1_favorable_body_return_pct__bucket | c2_favorable_body_return_pct__bucket | c1_favorable_vwap_distance_pct__bucket | c2_favorable_vwap_distance_pct__bucket | c2_vwap_penetration_pct__bucket | c1_to_c2_close_progress_pct__bucket | c2_to_c1_volume_ratio__bucket | c1_range_pct__bucket | c2_range_pct__bucket
A38_T_P1_PM_REMAINS_FOR_C2,ae2_preferred_level_timing_v1,data\second1m_alt_entry_research_v1\ae2_robustness_v1\ae2_structural_states_v1.parquet,False,c1_open | c1_high | c1_low | c1_close | c1_volume | c1_vwap | c2_open | c2_high | c2_low | c2_close | c2_volume | c2_vwap | c1_direction_aligned | c1_vwap_close_ok | c2_direction_aligned | c2_vwap_close_ok | c2_no_touch_ok | c2_vwap_touch_or_cross | c1_body_to_range_pct | c2_body_to_range_pct | c1_favorable_clv_pct | c2_favorable_clv_pct | c1_favorable_wick_pct | c2_favorable_wick_pct | c1_adverse_wick_pct | c2_adverse_wick_pct | c1_favorable_body_return_pct | c2_favorable_body_return_pct | c1_favorable_vwap_distance_pct | c2_favorable_vwap_distance_pct | c2_vwap_penetration_pct | c1_to_c2_close_progress_pct | c2_to_c1_volume_ratio | c1_range_pct | c2_range_pct | c1_body_to_range_pct__bucket | c2_body_to_range_pct__bucket | c1_favorable_clv_pct__bucket | c2_favorable_clv_pct__bucket | c1_favorable_wick_pct__bucket | c2_favorable_wick_pct__bucket | c1_adverse_wick_pct__bucket | c2_adverse_wick_pct__bucket | c1_favorable_body_return_pct__bucket | c2_favorable_body_return_pct__bucket | c1_favorable_vwap_distance_pct__bucket | c2_favorable_vwap_distance_pct__bucket | c2_vwap_penetration_pct__bucket | c1_to_c2_close_progress_pct__bucket | c2_to_c1_volume_ratio__bucket | c1_range_pct__bucket | c2_range_pct__bucket | C2_VWAP_DISTANCE__STATE | C2_VWAP_DISTANCE__EXTREME | C2_BODY_RETURN__STATE | C2_BODY_RETURN__EXTREME | C1_TO_C2_PROGRESS__STATE | C1_TO_C2_PROGRESS__EXTREME | C2_FAVORABLE_CLV__STATE | C2_FAVORABLE_CLV__EXTREME
A38_T_P1_PM_REMAINS_FOR_C2,ae2_preferred_level_timing_v1,data\second1m_alt_entry_research_v1\ae2_session_level_geometry_v1\a37_session_level_geometry_events_v1.parquet,False,session_level_clear_state | relevant_levels_cleared_n | pm_directional_level | c2_close | pm_directional_distance_pct | pm_ah_spacing_pct | pm_pd_spacing_pct | c2_beyond_pm_pct | c2_beyond_ah_pct | c2_beyond_pd_pct | c2_beyond_outermost_pct
A38_T_P1_PM_REMAINS_FOR_C2,ae2_preferred_level_timing_v1,data\second1m_alt_entry_research_v1\ae2_session_levels_robustness_v1\ae2_session_levels_robustness_features_v1.parquet,False,c1_open | c1_high | c1_low | c1_close | c1_volume | c1_vwap | c2_open | c2_high | c2_low | c2_close | c2_volume | c2_vwap | c1_direction_aligned | c1_vwap_close_ok | c2_direction_aligned | c2_vwap_close_ok | c2_no_touch_ok | c2_vwap_touch_or_cross | c1_body_to_range_pct | c2_body_to_range_pct | c1_favorable_clv_pct | c2_favorable_clv_pct | c1_favorable_wick_pct | c2_favorable_wick_pct | c1_adverse_wick_pct | c2_adverse_wick_pct | c1_favorable_body_return_pct | c2_favorable_body_return_pct | c1_favorable_vwap_distance_pct | c2_favorable_vwap_distance_pct | c2_vwap_penetration_pct | c1_to_c2_close_progress_pct | c2_to_c1_volume_ratio | c1_range_pct | c2_range_pct | c1_body_to_range_pct__bucket | c2_body_to_range_pct__bucket | c1_favorable_clv_pct__bucket | c2_favorable_clv_pct__bucket | c1_favorable_wick_pct__bucket | c2_favorable_wick_pct__bucket | c1_adverse_wick_pct__bucket | c2_adverse_wick_pct__bucket | c1_favorable_body_return_pct__bucket | c2_favorable_body_return_pct__bucket | c1_favorable_vwap_distance_pct__bucket | c2_favorable_vwap_distance_pct__bucket | c2_vwap_penetration_pct__bucket | c1_to_c2_close_progress_pct__bucket | c2_to_c1_volume_ratio__bucket | c1_range_pct__bucket | c2_range_pct__bucket | hist_c1_volume | hist_c2_volume | c2_vs_c1_volume_ratio | hist_c1_volume_median_20d_prior | hist_c1_volume_median_60d_prior | hist_c2_volume_median_20d_prior | hist_c2_volume_median_60d_prior | c1_rvol_20d | c2_rvol_20d | c1_rvol_60d | c2_rvol_60d | c1_rvol_20d_state | c2_rvol_20d_state | c2_vs_c1_volume_state | c1_rvol_20d_discovery_state | c2_rvol_20d_discovery_state | c2_vs_c1_volume_ratio_discovery_state | low_c2_rvol_market_opposition_state | c2_vs_c1_volume_ratio_winsor | pmh | pml | pm_directional_level | pm_directional_distance_pct | pm_level_structure_state | pm_c1_cross | pm_c2_cross | pm_c2_closed_beyond | ah_c1_cross | ah_c2_cross | ah_c2_closed_beyond | pd_c1_cross | pd_c2_cross | pd_c2_closed_beyond | pm_proximity_state | relevant_levels_cleared_n | session_level_clear_state | c2_break_level_n | c2_break_count_state | multiple_c2_break_candidate
A38_T_P1_PM_REMAINS_FOR_C2,ae2_preferred_level_timing_v1,data\second1m_alt_entry_research_v1\ae2_session_levels_v1\ae2_session_level_features_v1.parquet,False,c1_open | c1_high | c1_low | c1_close | c1_volume | c1_vwap | c2_open | c2_high | c2_low | c2_close | c2_volume | c2_vwap | c1_direction_aligned | c1_vwap_close_ok | c2_direction_aligned | c2_vwap_close_ok | c2_no_touch_ok | c2_vwap_touch_or_cross | c1_body_to_range_pct | c2_body_to_range_pct | c1_favorable_clv_pct | c2_favorable_clv_pct | c1_favorable_wick_pct | c2_favorable_wick_pct | c1_adverse_wick_pct | c2_adverse_wick_pct | c1_favorable_body_return_pct | c2_favorable_body_return_pct | c1_favorable_vwap_distance_pct | c2_favorable_vwap_distance_pct | c2_vwap_penetration_pct | c1_to_c2_close_progress_pct | c2_to_c1_volume_ratio | c1_range_pct | c2_range_pct | c1_body_to_range_pct__bucket | c2_body_to_range_pct__bucket | c1_favorable_clv_pct__bucket | c2_favorable_clv_pct__bucket | c1_favorable_wick_pct__bucket | c2_favorable_wick_pct__bucket | c1_adverse_wick_pct__bucket | c2_adverse_wick_pct__bucket | c1_favorable_body_return_pct__bucket | c2_favorable_body_return_pct__bucket | c1_favorable_vwap_distance_pct__bucket | c2_favorable_vwap_distance_pct__bucket | c2_vwap_penetration_pct__bucket | c1_to_c2_close_progress_pct__bucket | c2_to_c1_volume_ratio__bucket | c1_range_pct__bucket | c2_range_pct__bucket | hist_c1_volume | hist_c2_volume | c2_vs_c1_volume_ratio | hist_c1_volume_median_20d_prior | hist_c1_volume_median_60d_prior | hist_c2_volume_median_20d_prior | hist_c2_volume_median_60d_prior | c1_rvol_20d | c2_rvol_20d | c1_rvol_60d | c2_rvol_60d | c1_rvol_20d_state | c2_rvol_20d_state | c2_vs_c1_volume_state | c1_rvol_20d_discovery_state | c2_rvol_20d_discovery_state | c2_vs_c1_volume_ratio_discovery_state | low_c2_rvol_market_opposition_state | c2_vs_c1_volume_ratio_winsor | pmh | pml | pm_directional_level | pm_directional_distance_pct | pm_level_structure_state | pm_c1_cross | pm_c2_cross | pm_c2_closed_beyond | ah_c1_cross | ah_c2_cross | ah_c2_closed_beyond | pd_c1_cross | pd_c2_cross | pd_c2_closed_beyond | pm_proximity_state | relevant_levels_cleared_n | session_level_clear_state | c2_break_level_n | c2_break_count_state
A38_T_P1_PM_REMAINS_FOR_C2,ae2_preferred_level_timing_v1,data\second1m_alt_entry_research_v1\ae2_short_ma_warning_v1\ae2_short_ma_warning_features_v1.parquet,False,c1_open | c1_high | c1_low | c1_close | c1_volume | c1_vwap | c2_open | c2_high | c2_low | c2_close | c2_volume | c2_vwap | c1_direction_aligned | c1_vwap_close_ok | c2_direction_aligned | c2_vwap_close_ok | c2_no_touch_ok | c2_vwap_touch_or_cross | c1_body_to_range_pct | c2_body_to_range_pct | c1_favorable_clv_pct | c2_favorable_clv_pct | c1_favorable_wick_pct | c2_favorable_wick_pct | c1_adverse_wick_pct | c2_adverse_wick_pct | c1_favorable_body_return_pct | c2_favorable_body_return_pct | c1_favorable_vwap_distance_pct | c2_favorable_vwap_distance_pct | c2_vwap_penetration_pct | c1_to_c2_close_progress_pct | c2_to_c1_volume_ratio | c1_range_pct | c2_range_pct | c1_body_to_range_pct__bucket | c2_body_to_range_pct__bucket | c1_favorable_clv_pct__bucket | c2_favorable_clv_pct__bucket | c1_favorable_wick_pct__bucket | c2_favorable_wick_pct__bucket | c1_adverse_wick_pct__bucket | c2_adverse_wick_pct__bucket | c1_favorable_body_return_pct__bucket | c2_favorable_body_return_pct__bucket | c1_favorable_vwap_distance_pct__bucket | c2_favorable_vwap_distance_pct__bucket | c2_vwap_penetration_pct__bucket | c1_to_c2_close_progress_pct__bucket | c2_to_c1_volume_ratio__bucket | c1_range_pct__bucket | c2_range_pct__bucket
A38_T_P1_PM_REMAINS_FOR_C2,ae2_preferred_level_timing_v1,data\second1m_alt_entry_research_v1\ae2_three_index_regime_v1\ae2_three_index_regime_features_v1.parquet,False,c1_open | c1_high | c1_low | c1_close | c1_volume | c1_vwap | c2_open | c2_high | c2_low | c2_close | c2_volume | c2_vwap | c1_direction_aligned | c1_vwap_close_ok | c2_direction_aligned | c2_vwap_close_ok | c2_no_touch_ok | c2_vwap_touch_or_cross | c1_body_to_range_pct | c2_body_to_range_pct | c1_favorable_clv_pct | c2_favorable_clv_pct | c1_favorable_wick_pct | c2_favorable_wick_pct | c1_adverse_wick_pct | c2_adverse_wick_pct | c1_favorable_body_return_pct | c2_favorable_body_return_pct | c1_favorable_vwap_distance_pct | c2_favorable_vwap_distance_pct | c2_vwap_penetration_pct | c1_to_c2_close_progress_pct | c2_to_c1_volume_ratio | c1_range_pct | c2_range_pct | c1_body_to_range_pct__bucket | c2_body_to_range_pct__bucket | c1_favorable_clv_pct__bucket | c2_favorable_clv_pct__bucket | c1_favorable_wick_pct__bucket | c2_favorable_wick_pct__bucket | c1_adverse_wick_pct__bucket | c2_adverse_wick_pct__bucket | c1_favorable_body_return_pct__bucket | c2_favorable_body_return_pct__bucket | c1_favorable_vwap_distance_pct__bucket | c2_favorable_vwap_distance_pct__bucket | c2_vwap_penetration_pct__bucket | c1_to_c2_close_progress_pct__bucket | c2_to_c1_volume_ratio__bucket | c1_range_pct__bucket | c2_range_pct__bucket
A38_T_P1_PM_REMAINS_FOR_C2,ae2_preferred_level_timing_v1,data\second1m_alt_entry_research_v1\ae2_trend_exhaustion_robustness_v1\trend_exhaustion_states_v1.parquet,False,c1_open | c1_high | c1_low | c1_close | c1_volume | c1_vwap | c2_open | c2_high | c2_low | c2_close | c2_volume | c2_vwap | c1_direction_aligned | c1_vwap_close_ok | c2_direction_aligned | c2_vwap_close_ok | c2_no_touch_ok | c2_vwap_touch_or_cross | c1_body_to_range_pct | c2_body_to_range_pct | c1_favorable_clv_pct | c2_favorable_clv_pct | c1_favorable_wick_pct | c2_favorable_wick_pct | c1_adverse_wick_pct | c2_adverse_wick_pct | c1_favorable_body_return_pct | c2_favorable_body_return_pct | c1_favorable_vwap_distance_pct | c2_favorable_vwap_distance_pct | c2_vwap_penetration_pct | c1_to_c2_close_progress_pct | c2_to_c1_volume_ratio | c1_range_pct | c2_range_pct | c1_body_to_range_pct__bucket | c2_body_to_range_pct__bucket | c1_favorable_clv_pct__bucket | c2_favorable_clv_pct__bucket | c1_favorable_wick_pct__bucket | c2_favorable_wick_pct__bucket | c1_adverse_wick_pct__bucket | c2_adverse_wick_pct__bucket | c1_favorable_body_return_pct__bucket | c2_favorable_body_return_pct__bucket | c1_favorable_vwap_distance_pct__bucket | c2_favorable_vwap_distance_pct__bucket | c2_vwap_penetration_pct__bucket | c1_to_c2_close_progress_pct__bucket | c2_to_c1_volume_ratio__bucket | c1_range_pct__bucket | c2_range_pct__bucket
A38_T_P1_PM_REMAINS_FOR_C2,ae2_preferred_level_timing_v1,data\second1m_alt_entry_research_v1\ae2_volume_robustness_v1\ae2_volume_robustness_features_v1.parquet,False,c1_open | c1_high | c1_low | c1_close | c1_volume | c1_vwap | c2_open | c2_high | c2_low | c2_close | c2_volume | c2_vwap | c1_direction_aligned | c1_vwap_close_ok | c2_direction_aligned | c2_vwap_close_ok | c2_no_touch_ok | c2_vwap_touch_or_cross | c1_body_to_range_pct | c2_body_to_range_pct | c1_favorable_clv_pct | c2_favorable_clv_pct | c1_favorable_wick_pct | c2_favorable_wick_pct | c1_adverse_wick_pct | c2_adverse_wick_pct | c1_favorable_body_return_pct | c2_favorable_body_return_pct | c1_favorable_vwap_distance_pct | c2_favorable_vwap_distance_pct | c2_vwap_penetration_pct | c1_to_c2_close_progress_pct | c2_to_c1_volume_ratio | c1_range_pct | c2_range_pct | c1_body_to_range_pct__bucket | c2_body_to_range_pct__bucket | c1_favorable_clv_pct__bucket | c2_favorable_clv_pct__bucket | c1_favorable_wick_pct__bucket | c2_favorable_wick_pct__bucket | c1_adverse_wick_pct__bucket | c2_adverse_wick_pct__bucket | c1_favorable_body_return_pct__bucket | c2_favorable_body_return_pct__bucket | c1_favorable_vwap_distance_pct__bucket | c2_favorable_vwap_distance_pct__bucket | c2_vwap_penetration_pct__bucket | c1_to_c2_close_progress_pct__bucket | c2_to_c1_volume_ratio__bucket | c1_range_pct__bucket | c2_range_pct__bucket | hist_c1_volume | hist_c2_volume | c2_vs_c1_volume_ratio | hist_c1_volume_median_20d_prior | hist_c1_volume_median_60d_prior | hist_c2_volume_median_20d_prior | hist_c2_volume_median_60d_prior | c1_rvol_20d | c2_rvol_20d | c1_rvol_60d | c2_rvol_60d | c1_rvol_20d_state | c2_rvol_20d_state | c2_vs_c1_volume_state | c1_rvol_20d_discovery_state | c2_rvol_20d_discovery_state | c2_vs_c1_volume_ratio_discovery_state | low_c2_rvol_market_opposition_state | c2_vs_c1_volume_ratio_winsor
A38_T_P1_PM_REMAINS_FOR_C2,ae2_preferred_level_timing_v1,data\second1m_alt_entry_research_v1\ae2_warning_context_v1\ae2_warning_context_features_v1.parquet,False,c1_open | c1_high | c1_low | c1_close | c1_volume | c1_vwap | c2_open | c2_high | c2_low | c2_close | c2_volume | c2_vwap | c1_direction_aligned | c1_vwap_close_ok | c2_direction_aligned | c2_vwap_close_ok | c2_no_touch_ok | c2_vwap_touch_or_cross | c1_body_to_range_pct | c2_body_to_range_pct | c1_favorable_clv_pct | c2_favorable_clv_pct | c1_favorable_wick_pct | c2_favorable_wick_pct | c1_adverse_wick_pct | c2_adverse_wick_pct | c1_favorable_body_return_pct | c2_favorable_body_return_pct | c1_favorable_vwap_distance_pct | c2_favorable_vwap_distance_pct | c2_vwap_penetration_pct | c1_to_c2_close_progress_pct | c2_to_c1_volume_ratio | c1_range_pct | c2_range_pct | c1_body_to_range_pct__bucket | c2_body_to_range_pct__bucket | c1_favorable_clv_pct__bucket | c2_favorable_clv_pct__bucket | c1_favorable_wick_pct__bucket | c2_favorable_wick_pct__bucket | c1_adverse_wick_pct__bucket | c2_adverse_wick_pct__bucket | c1_favorable_body_return_pct__bucket | c2_favorable_body_return_pct__bucket | c1_favorable_vwap_distance_pct__bucket | c2_favorable_vwap_distance_pct__bucket | c2_vwap_penetration_pct__bucket | c1_to_c2_close_progress_pct__bucket | c2_to_c1_volume_ratio__bucket | c1_range_pct__bucket | c2_range_pct__bucket | hist_c1_volume | hist_c2_volume | c2_vs_c1_volume_ratio | hist_c1_volume_median_20d_prior | hist_c1_volume_median_60d_prior | hist_c2_volume_median_20d_prior | hist_c2_volume_median_60d_prior | c1_rvol_20d | c2_rvol_20d | c1_rvol_60d | c2_rvol_60d | c1_rvol_20d_state | c2_rvol_20d_state | c2_vs_c1_volume_state | c1_rvol_20d_discovery_state | c2_rvol_20d_discovery_state | c2_vs_c1_volume_ratio_discovery_state | low_c2_rvol_market_opposition_state | c2_vs_c1_volume_ratio_winsor | pmh | pml | pm_directional_level | pm_directional_distance_pct | pm_level_structure_state | pm_c1_cross | pm_c2_cross | pm_c2_closed_beyond | ah_c1_cross | ah_c2_cross | ah_c2_closed_beyond | pd_c1_cross | pd_c2_cross | pd_c2_closed_beyond | pm_proximity_state | relevant_levels_cleared_n | session_level_clear_state | c2_break_level_n | c2_break_count_state | multiple_c2_break_candidate | pmctx_prior_rth_close | post_c10_open | post_c10_high | post_c10_low | post_c10_close | post_c10_volume | post_c10_vwap | post_c10_close_delta_pct | post_c10_fav_excursion_pct
A38_T_P1_PM_REMAINS_FOR_C2,ae2_preferred_level_timing_v1,data\second1m_alt_entry_research_v1\ae2_warning_exit_utility_v1\ae2_warning_exit_utility_features_v1.parquet,False,c1_open | c1_high | c1_low | c1_close | c1_volume | c1_vwap | c2_open | c2_high | c2_low | c2_close | c2_volume | c2_vwap | c1_direction_aligned | c1_vwap_close_ok | c2_direction_aligned | c2_vwap_close_ok | c2_no_touch_ok | c2_vwap_touch_or_cross | c1_body_to_range_pct | c2_body_to_range_pct | c1_favorable_clv_pct | c2_favorable_clv_pct | c1_favorable_wick_pct | c2_favorable_wick_pct | c1_adverse_wick_pct | c2_adverse_wick_pct | c1_favorable_body_return_pct | c2_favorable_body_return_pct | c1_favorable_vwap_distance_pct | c2_favorable_vwap_distance_pct | c2_vwap_penetration_pct | c1_to_c2_close_progress_pct | c2_to_c1_volume_ratio | c1_range_pct | c2_range_pct | c1_body_to_range_pct__bucket | c2_body_to_range_pct__bucket | c1_favorable_clv_pct__bucket | c2_favorable_clv_pct__bucket | c1_favorable_wick_pct__bucket | c2_favorable_wick_pct__bucket | c1_adverse_wick_pct__bucket | c2_adverse_wick_pct__bucket | c1_favorable_body_return_pct__bucket | c2_favorable_body_return_pct__bucket | c1_favorable_vwap_distance_pct__bucket | c2_favorable_vwap_distance_pct__bucket | c2_vwap_penetration_pct__bucket | c1_to_c2_close_progress_pct__bucket | c2_to_c1_volume_ratio__bucket | c1_range_pct__bucket | c2_range_pct__bucket | hist_c1_volume | hist_c2_volume | c2_vs_c1_volume_ratio | hist_c1_volume_median_20d_prior | hist_c1_volume_median_60d_prior | hist_c2_volume_median_20d_prior | hist_c2_volume_median_60d_prior | c1_rvol_20d | c2_rvol_20d | c1_rvol_60d | c2_rvol_60d | c1_rvol_20d_state | c2_rvol_20d_state | c2_vs_c1_volume_state | c1_rvol_20d_discovery_state | c2_rvol_20d_discovery_state | c2_vs_c1_volume_ratio_discovery_state | low_c2_rvol_market_opposition_state | c2_vs_c1_volume_ratio_winsor | pmh | pml | pm_directional_level | pm_directional_distance_pct | pm_level_structure_state | pm_c1_cross | pm_c2_cross | pm_c2_closed_beyond | ah_c1_cross | ah_c2_cross | ah_c2_closed_beyond | pd_c1_cross | pd_c2_cross | pd_c2_closed_beyond | pm_proximity_state | relevant_levels_cleared_n | session_level_clear_state | c2_break_level_n | c2_break_count_state | multiple_c2_break_candidate | pmctx_prior_rth_close | post_c10_open | post_c10_high | post_c10_low | post_c10_close | post_c10_volume | post_c10_vwap | post_c10_close_delta_pct | post_c10_fav_excursion_pct
A38_T_P1_PM_REMAINS_FOR_C2,ae2_preferred_level_timing_v1,data\second1m_alt_entry_research_v1\ae2_warning_timing_v1\ae2_warning_timing_features_v1.parquet,False,c1_open | c1_high | c1_low | c1_close | c1_volume | c1_vwap | c2_open | c2_high | c2_low | c2_close | c2_volume | c2_vwap | c1_direction_aligned | c1_vwap_close_ok | c2_direction_aligned | c2_vwap_close_ok | c2_no_touch_ok | c2_vwap_touch_or_cross | c1_body_to_range_pct | c2_body_to_range_pct | c1_favorable_clv_pct | c2_favorable_clv_pct | c1_favorable_wick_pct | c2_favorable_wick_pct | c1_adverse_wick_pct | c2_adverse_wick_pct | c1_favorable_body_return_pct | c2_favorable_body_return_pct | c1_favorable_vwap_distance_pct | c2_favorable_vwap_distance_pct | c2_vwap_penetration_pct | c1_to_c2_close_progress_pct | c2_to_c1_volume_ratio | c1_range_pct | c2_range_pct | c1_body_to_range_pct__bucket | c2_body_to_range_pct__bucket | c1_favorable_clv_pct__bucket | c2_favorable_clv_pct__bucket | c1_favorable_wick_pct__bucket | c2_favorable_wick_pct__bucket | c1_adverse_wick_pct__bucket | c2_adverse_wick_pct__bucket | c1_favorable_body_return_pct__bucket | c2_favorable_body_return_pct__bucket | c1_favorable_vwap_distance_pct__bucket | c2_favorable_vwap_distance_pct__bucket | c2_vwap_penetration_pct__bucket | c1_to_c2_close_progress_pct__bucket | c2_to_c1_volume_ratio__bucket | c1_range_pct__bucket | c2_range_pct__bucket | hist_c1_volume | hist_c2_volume | c2_vs_c1_volume_ratio | hist_c1_volume_median_20d_prior | hist_c1_volume_median_60d_prior | hist_c2_volume_median_20d_prior | hist_c2_volume_median_60d_prior | c1_rvol_20d | c2_rvol_20d | c1_rvol_60d | c2_rvol_60d | c1_rvol_20d_state | c2_rvol_20d_state | c2_vs_c1_volume_state | c1_rvol_20d_discovery_state | c2_rvol_20d_discovery_state | c2_vs_c1_volume_ratio_discovery_state | low_c2_rvol_market_opposition_state | c2_vs_c1_volume_ratio_winsor | pmh | pml | pm_directional_level | pm_directional_distance_pct | pm_level_structure_state | pm_c1_cross | pm_c2_cross | pm_c2_closed_beyond | ah_c1_cross | ah_c2_cross | ah_c2_closed_beyond | pd_c1_cross | pd_c2_cross | pd_c2_closed_beyond | pm_proximity_state | relevant_levels_cleared_n | session_level_clear_state | c2_break_level_n | c2_break_count_state | multiple_c2_break_candidate | pmctx_prior_rth_close | post_c10_open | post_c10_high | post_c10_low | post_c10_close | post_c10_volume | post_c10_vwap | post_c10_close_delta_pct | post_c10_fav_excursion_pct
A38_T_P1_PM_REMAINS_FOR_C2,ae2_preferred_level_timing_v1,data\second1m_alt_entry_research_v1\ae2_weekly_trend_v1\ae2_weekly_trend_features_v1.parquet,False,c1_open | c1_high | c1_low | c1_close | c1_volume | c1_vwap | c2_open | c2_high | c2_low | c2_close | c2_volume | c2_vwap | c1_direction_aligned | c1_vwap_close_ok | c2_direction_aligned | c2_vwap_close_ok | c2_no_touch_ok | c2_vwap_touch_or_cross | c1_body_to_range_pct | c2_body_to_range_pct | c1_favorable_clv_pct | c2_favorable_clv_pct | c1_favorable_wick_pct | c2_favorable_wick_pct | c1_adverse_wick_pct | c2_adverse_wick_pct | c1_favorable_body_return_pct | c2_favorable_body_return_pct | c1_favorable_vwap_distance_pct | c2_favorable_vwap_distance_pct | c2_vwap_penetration_pct | c1_to_c2_close_progress_pct | c2_to_c1_volume_ratio | c1_range_pct | c2_range_pct | c1_body_to_range_pct__bucket | c2_body_to_range_pct__bucket | c1_favorable_clv_pct__bucket | c2_favorable_clv_pct__bucket | c1_favorable_wick_pct__bucket | c2_favorable_wick_pct__bucket | c1_adverse_wick_pct__bucket | c2_adverse_wick_pct__bucket | c1_favorable_body_return_pct__bucket | c2_favorable_body_return_pct__bucket | c1_favorable_vwap_distance_pct__bucket | c2_favorable_vwap_distance_pct__bucket | c2_vwap_penetration_pct__bucket | c1_to_c2_close_progress_pct__bucket | c2_to_c1_volume_ratio__bucket | c1_range_pct__bucket | c2_range_pct__bucket
A38_T_P1_PM_REMAINS_FOR_C2,ae2_preferred_level_timing_v1,data\second1m_alt_entry_research_v1\second1m_alt_entry_events_v1.parquet,False,c1_open | c1_high | c1_low | c1_close | c1_volume | c1_vwap | c2_open | c2_high | c2_low | c2_close | c2_volume | c2_vwap | c1_direction_aligned | c1_vwap_close_ok | c2_direction_aligned | c2_vwap_close_ok | c2_no_touch_ok | c2_vwap_touch_or_cross
A38_T_N1_PD_REMAINS_FOR_C2,ae2_preferred_level_timing_v1,data\second1m_alt_entry_research_v1\ae2_c2_predictors_v1\ae2_c2_predictor_features_v1.parquet,False,c1_open | c1_high | c1_low | c1_close | c1_volume | c1_vwap | c2_open | c2_high | c2_low | c2_close | c2_volume | c2_vwap | c1_direction_aligned | c1_vwap_close_ok | c2_direction_aligned | c2_vwap_close_ok | c2_no_touch_ok | c2_vwap_touch_or_cross | c1_body_to_range_pct | c2_body_to_range_pct | c1_favorable_clv_pct | c2_favorable_clv_pct | c1_favorable_wick_pct | c2_favorable_wick_pct | c1_adverse_wick_pct | c2_adverse_wick_pct | c1_favorable_body_return_pct | c2_favorable_body_return_pct | c1_favorable_vwap_distance_pct | c2_favorable_vwap_distance_pct | c2_vwap_penetration_pct | c1_to_c2_close_progress_pct | c2_to_c1_volume_ratio | c1_range_pct | c2_range_pct | c1_body_to_range_pct__bucket | c2_body_to_range_pct__bucket | c1_favorable_clv_pct__bucket | c2_favorable_clv_pct__bucket | c1_favorable_wick_pct__bucket | c2_favorable_wick_pct__bucket | c1_adverse_wick_pct__bucket | c2_adverse_wick_pct__bucket | c1_favorable_body_return_pct__bucket | c2_favorable_body_return_pct__bucket | c1_favorable_vwap_distance_pct__bucket | c2_favorable_vwap_distance_pct__bucket | c2_vwap_penetration_pct__bucket | c1_to_c2_close_progress_pct__bucket | c2_to_c1_volume_ratio__bucket | c1_range_pct__bucket | c2_range_pct__bucket
A38_T_N1_PD_REMAINS_FOR_C2,ae2_preferred_level_timing_v1,data\second1m_alt_entry_research_v1\ae2_calendar_v1\ae2_calendar_features_v1.parquet,False,c1_open | c1_high | c1_low | c1_close | c1_volume | c1_vwap | c2_open | c2_high | c2_low | c2_close | c2_volume | c2_vwap | c1_direction_aligned | c1_vwap_close_ok | c2_direction_aligned | c2_vwap_close_ok | c2_no_touch_ok | c2_vwap_touch_or_cross | c1_body_to_range_pct | c2_body_to_range_pct | c1_favorable_clv_pct | c2_favorable_clv_pct | c1_favorable_wick_pct | c2_favorable_wick_pct | c1_adverse_wick_pct | c2_adverse_wick_pct | c1_favorable_body_return_pct | c2_favorable_body_return_pct | c1_favorable_vwap_distance_pct | c2_favorable_vwap_distance_pct | c2_vwap_penetration_pct | c1_to_c2_close_progress_pct | c2_to_c1_volume_ratio | c1_range_pct | c2_range_pct | c1_body_to_range_pct__bucket | c2_body_to_range_pct__bucket | c1_favorable_clv_pct__bucket | c2_favorable_clv_pct__bucket | c1_favorable_wick_pct__bucket | c2_favorable_wick_pct__bucket | c1_adverse_wick_pct__bucket | c2_adverse_wick_pct__bucket | c1_favorable_body_return_pct__bucket | c2_favorable_body_return_pct__bucket | c1_favorable_vwap_distance_pct__bucket | c2_favorable_vwap_distance_pct__bucket | c2_vwap_penetration_pct__bucket | c1_to_c2_close_progress_pct__bucket | c2_to_c1_volume_ratio__bucket | c1_range_pct__bucket | c2_range_pct__bucket | hist_c1_volume | hist_c2_volume | c2_vs_c1_volume_ratio | hist_c1_volume_median_20d_prior | hist_c1_volume_median_60d_prior | hist_c2_volume_median_20d_prior | hist_c2_volume_median_60d_prior | c1_rvol_20d | c2_rvol_20d | c1_rvol_60d | c2_rvol_60d | c1_rvol_20d_state | c2_rvol_20d_state | c2_vs_c1_volume_state | c1_rvol_20d_discovery_state | c2_rvol_20d_discovery_state | c2_vs_c1_volume_ratio_discovery_state | low_c2_rvol_market_opposition_state | c2_vs_c1_volume_ratio_winsor | pdh | pdl | pd_directional_level | pd_directional_distance_pct | pm_c1_cross | pm_c2_cross | pm_c2_closed_beyond | ah_c1_cross | ah_c2_cross | ah_c2_closed_beyond | pd_level_structure_state | pd_c1_cross | pd_c2_cross | pd_c2_closed_beyond | pd_proximity_state | relevant_levels_cleared_n | session_level_clear_state | c2_break_level_n | c2_break_count_state | pd_failed_break_candidate | multiple_c2_break_candidate
A38_T_N1_PD_REMAINS_FOR_C2,ae2_preferred_level_timing_v1,data\second1m_alt_entry_research_v1\ae2_candidate_models_v1\ae2_candidate_model_events_v1.parquet,False,session_level_clear_state | n2_h4a_one_exhaustion_none_cleared | n2_h2a_none_cleared_relative_aligned | negative_family_n2_no_clearance_weakness
A38_T_N1_PD_REMAINS_FOR_C2,ae2_preferred_level_timing_v1,data\second1m_alt_entry_research_v1\ae2_daily_trend_v1\ae2_daily_trend_features_v1.parquet,False,c1_open | c1_high | c1_low | c1_close | c1_volume | c1_vwap | c2_open | c2_high | c2_low | c2_close | c2_volume | c2_vwap | c1_direction_aligned | c1_vwap_close_ok | c2_direction_aligned | c2_vwap_close_ok | c2_no_touch_ok | c2_vwap_touch_or_cross | c1_body_to_range_pct | c2_body_to_range_pct | c1_favorable_clv_pct | c2_favorable_clv_pct | c1_favorable_wick_pct | c2_favorable_wick_pct | c1_adverse_wick_pct | c2_adverse_wick_pct | c1_favorable_body_return_pct | c2_favorable_body_return_pct | c1_favorable_vwap_distance_pct | c2_favorable_vwap_distance_pct | c2_vwap_penetration_pct | c1_to_c2_close_progress_pct | c2_to_c1_volume_ratio | c1_range_pct | c2_range_pct | c1_body_to_range_pct__bucket | c2_body_to_range_pct__bucket | c1_favorable_clv_pct__bucket | c2_favorable_clv_pct__bucket | c1_favorable_wick_pct__bucket | c2_favorable_wick_pct__bucket | c1_adverse_wick_pct__bucket | c2_adverse_wick_pct__bucket | c1_favorable_body_return_pct__bucket | c2_favorable_body_return_pct__bucket | c1_favorable_vwap_distance_pct__bucket | c2_favorable_vwap_distance_pct__bucket | c2_vwap_penetration_pct__bucket | c1_to_c2_close_progress_pct__bucket | c2_to_c1_volume_ratio__bucket | c1_range_pct__bucket | c2_range_pct__bucket
A38_T_N1_PD_REMAINS_FOR_C2,ae2_preferred_level_timing_v1,data\second1m_alt_entry_research_v1\ae2_interactions_v1\ae2_interaction_events_v1.parquet,False,c2_break_count_state | session_level_clear_state
A38_T_N1_PD_REMAINS_FOR_C2,ae2_preferred_level_timing_v1,data\second1m_alt_entry_research_v1\ae2_level_confluence_v1\a47_entry_area_confluence_features_v1.parquet,False,pd_directional_level | c2_vwap
A38_T_N1_PD_REMAINS_FOR_C2,ae2_preferred_level_timing_v1,data\second1m_alt_entry_research_v1\ae2_ma_context_v1\ae2_ma_context_features_v1.parquet,False,c1_open | c1_high | c1_low | c1_close | c1_volume | c1_vwap | c2_open | c2_high | c2_low | c2_close | c2_volume | c2_vwap | c1_direction_aligned | c1_vwap_close_ok | c2_direction_aligned | c2_vwap_close_ok | c2_no_touch_ok | c2_vwap_touch_or_cross | c1_body_to_range_pct | c2_body_to_range_pct | c1_favorable_clv_pct | c2_favorable_clv_pct | c1_favorable_wick_pct | c2_favorable_wick_pct | c1_adverse_wick_pct | c2_adverse_wick_pct | c1_favorable_body_return_pct | c2_favorable_body_return_pct | c1_favorable_vwap_distance_pct | c2_favorable_vwap_distance_pct | c2_vwap_penetration_pct | c1_to_c2_close_progress_pct | c2_to_c1_volume_ratio | c1_range_pct | c2_range_pct | c1_body_to_range_pct__bucket | c2_body_to_range_pct__bucket | c1_favorable_clv_pct__bucket | c2_favorable_clv_pct__bucket | c1_favorable_wick_pct__bucket | c2_favorable_wick_pct__bucket | c1_adverse_wick_pct__bucket | c2_adverse_wick_pct__bucket | c1_favorable_body_return_pct__bucket | c2_favorable_body_return_pct__bucket | c1_favorable_vwap_distance_pct__bucket | c2_favorable_vwap_distance_pct__bucket | c2_vwap_penetration_pct__bucket | c1_to_c2_close_progress_pct__bucket | c2_to_c1_volume_ratio__bucket | c1_range_pct__bucket | c2_range_pct__bucket
A38_T_N1_PD_REMAINS_FOR_C2,ae2_preferred_level_timing_v1,data\second1m_alt_entry_research_v1\ae2_market_regime_v1\ae2_market_regime_features_v1.parquet,False,c1_open | c1_high | c1_low | c1_close | c1_volume | c1_vwap | c2_open | c2_high | c2_low | c2_close | c2_volume | c2_vwap | c1_direction_aligned | c1_vwap_close_ok | c2_direction_aligned | c2_vwap_close_ok | c2_no_touch_ok | c2_vwap_touch_or_cross | c1_body_to_range_pct | c2_body_to_range_pct | c1_favorable_clv_pct | c2_favorable_clv_pct | c1_favorable_wick_pct | c2_favorable_wick_pct | c1_adverse_wick_pct | c2_adverse_wick_pct | c1_favorable_body_return_pct | c2_favorable_body_return_pct | c1_favorable_vwap_distance_pct | c2_favorable_vwap_distance_pct | c2_vwap_penetration_pct | c1_to_c2_close_progress_pct | c2_to_c1_volume_ratio | c1_range_pct | c2_range_pct | c1_body_to_range_pct__bucket | c2_body_to_range_pct__bucket | c1_favorable_clv_pct__bucket | c2_favorable_clv_pct__bucket | c1_favorable_wick_pct__bucket | c2_favorable_wick_pct__bucket | c1_adverse_wick_pct__bucket | c2_adverse_wick_pct__bucket | c1_favorable_body_return_pct__bucket | c2_favorable_body_return_pct__bucket | c1_favorable_vwap_distance_pct__bucket | c2_favorable_vwap_distance_pct__bucket | c2_vwap_penetration_pct__bucket | c1_to_c2_close_progress_pct__bucket | c2_to_c1_volume_ratio__bucket | c1_range_pct__bucket | c2_range_pct__bucket
A38_T_N1_PD_REMAINS_FOR_C2,ae2_preferred_level_timing_v1,data\second1m_alt_entry_research_v1\ae2_opening_liquidity_v1\a49_opening_liquidity_features_v1.parquet,False,c1_close | c2_close | c1_volume | c2_volume
A38_T_N1_PD_REMAINS_FOR_C2,ae2_preferred_level_timing_v1,data\second1m_alt_entry_research_v1\ae2_opening_location_geometry_v1\a42_opening_location_features_v1.parquet,False,c1_open | pd_dir_level | a42_open_to_pd_level_dir_pct
A38_T_N1_PD_REMAINS_FOR_C2,ae2_preferred_level_timing_v1,data\second1m_alt_entry_research_v1\ae2_opening_volume_v1\ae2_opening_volume_features_v1.parquet,False,c1_open | c1_high | c1_low | c1_close | c1_volume | c1_vwap | c2_open | c2_high | c2_low | c2_close | c2_volume | c2_vwap | c1_direction_aligned | c1_vwap_close_ok | c2_direction_aligned | c2_vwap_close_ok | c2_no_touch_ok | c2_vwap_touch_or_cross | c1_body_to_range_pct | c2_body_to_range_pct | c1_favorable_clv_pct | c2_favorable_clv_pct | c1_favorable_wick_pct | c2_favorable_wick_pct | c1_adverse_wick_pct | c2_adverse_wick_pct | c1_favorable_body_return_pct | c2_favorable_body_return_pct | c1_favorable_vwap_distance_pct | c2_favorable_vwap_distance_pct | c2_vwap_penetration_pct | c1_to_c2_close_progress_pct | c2_to_c1_volume_ratio | c1_range_pct | c2_range_pct | c1_body_to_range_pct__bucket | c2_body_to_range_pct__bucket | c1_favorable_clv_pct__bucket | c2_favorable_clv_pct__bucket | c1_favorable_wick_pct__bucket | c2_favorable_wick_pct__bucket | c1_adverse_wick_pct__bucket | c2_adverse_wick_pct__bucket | c1_favorable_body_return_pct__bucket | c2_favorable_body_return_pct__bucket | c1_favorable_vwap_distance_pct__bucket | c2_favorable_vwap_distance_pct__bucket | c2_vwap_penetration_pct__bucket | c1_to_c2_close_progress_pct__bucket | c2_to_c1_volume_ratio__bucket | c1_range_pct__bucket | c2_range_pct__bucket | hist_c1_volume | hist_c2_volume | c2_vs_c1_volume_ratio | hist_c1_volume_median_20d_prior | hist_c1_volume_median_60d_prior | hist_c2_volume_median_20d_prior | hist_c2_volume_median_60d_prior | c1_rvol_20d | c2_rvol_20d | c1_rvol_60d | c2_rvol_60d | c1_rvol_20d_state | c2_rvol_20d_state | c2_vs_c1_volume_state | c1_rvol_20d_discovery_state | c2_rvol_20d_discovery_state | c2_vs_c1_volume_ratio_discovery_state
A38_T_N1_PD_REMAINS_FOR_C2,ae2_preferred_level_timing_v1,data\second1m_alt_entry_research_v1\ae2_postsignal_paths_v1\ae2_postsignal_path_features_v1.parquet,False,c1_open | c1_high | c1_low | c1_close | c1_volume | c1_vwap | c2_open | c2_high | c2_low | c2_close | c2_volume | c2_vwap | c1_direction_aligned | c1_vwap_close_ok | c2_direction_aligned | c2_vwap_close_ok | c2_no_touch_ok | c2_vwap_touch_or_cross | c1_body_to_range_pct | c2_body_to_range_pct | c1_favorable_clv_pct | c2_favorable_clv_pct | c1_favorable_wick_pct | c2_favorable_wick_pct | c1_adverse_wick_pct | c2_adverse_wick_pct | c1_favorable_body_return_pct | c2_favorable_body_return_pct | c1_favorable_vwap_distance_pct | c2_favorable_vwap_distance_pct | c2_vwap_penetration_pct | c1_to_c2_close_progress_pct | c2_to_c1_volume_ratio | c1_range_pct | c2_range_pct | c1_body_to_range_pct__bucket | c2_body_to_range_pct__bucket | c1_favorable_clv_pct__bucket | c2_favorable_clv_pct__bucket | c1_favorable_wick_pct__bucket | c2_favorable_wick_pct__bucket | c1_adverse_wick_pct__bucket | c2_adverse_wick_pct__bucket | c1_favorable_body_return_pct__bucket | c2_favorable_body_return_pct__bucket | c1_favorable_vwap_distance_pct__bucket | c2_favorable_vwap_distance_pct__bucket | c2_vwap_penetration_pct__bucket | c1_to_c2_close_progress_pct__bucket | c2_to_c1_volume_ratio__bucket | c1_range_pct__bucket | c2_range_pct__bucket | hist_c1_volume | hist_c2_volume | c2_vs_c1_volume_ratio | hist_c1_volume_median_20d_prior | hist_c1_volume_median_60d_prior | hist_c2_volume_median_20d_prior | hist_c2_volume_median_60d_prior | c1_rvol_20d | c2_rvol_20d | c1_rvol_60d | c2_rvol_60d | c1_rvol_20d_state | c2_rvol_20d_state | c2_vs_c1_volume_state | c1_rvol_20d_discovery_state | c2_rvol_20d_discovery_state | c2_vs_c1_volume_ratio_discovery_state | low_c2_rvol_market_opposition_state | c2_vs_c1_volume_ratio_winsor | pdh | pdl | pd_directional_level | pd_directional_distance_pct | pm_c1_cross | pm_c2_cross | pm_c2_closed_beyond | ah_c1_cross | ah_c2_cross | ah_c2_closed_beyond | pd_level_structure_state | pd_c1_cross | pd_c2_cross | pd_c2_closed_beyond | pd_proximity_state | relevant_levels_cleared_n | session_level_clear_state | c2_break_level_n | c2_break_count_state | pd_failed_break_candidate | multiple_c2_break_candidate | post_c10_open | post_c10_high | post_c10_low | post_c10_close | post_c10_volume | post_c10_vwap | post_c10_close_delta_pct | post_c10_fav_excursion_pct
A38_T_N1_PD_REMAINS_FOR_C2,ae2_preferred_level_timing_v1,data\second1m_alt_entry_research_v1\ae2_preferred_level_timing_v1\a38_preferred_level_timing_events_v1.parquet,True,c1_close | c2_close | pd_directional_level | c1_pm_beyond | c1_ah_beyond | c1_pd_beyond | c2_pm_beyond_calc | c2_ah_beyond_calc | c2_pd_beyond_calc | c1_levels_cleared_n | c2_levels_cleared_calc_n | levels_newly_cleared_by_c2_n | c1_cleared_pattern | c2_break_level_n | c2_break_count_state
A38_T_N1_PD_REMAINS_FOR_C2,ae2_preferred_level_timing_v1,data\second1m_alt_entry_research_v1\ae2_premarket_context_v1\ae2_premarket_context_features_v1.parquet,False,c1_open | c1_high | c1_low | c1_close | c1_volume | c1_vwap | c2_open | c2_high | c2_low | c2_close | c2_volume | c2_vwap | c1_direction_aligned | c1_vwap_close_ok | c2_direction_aligned | c2_vwap_close_ok | c2_no_touch_ok | c2_vwap_touch_or_cross | c1_body_to_range_pct | c2_body_to_range_pct | c1_favorable_clv_pct | c2_favorable_clv_pct | c1_favorable_wick_pct | c2_favorable_wick_pct | c1_adverse_wick_pct | c2_adverse_wick_pct | c1_favorable_body_return_pct | c2_favorable_body_return_pct | c1_favorable_vwap_distance_pct | c2_favorable_vwap_distance_pct | c2_vwap_penetration_pct | c1_to_c2_close_progress_pct | c2_to_c1_volume_ratio | c1_range_pct | c2_range_pct | c1_body_to_range_pct__bucket | c2_body_to_range_pct__bucket | c1_favorable_clv_pct__bucket | c2_favorable_clv_pct__bucket | c1_favorable_wick_pct__bucket | c2_favorable_wick_pct__bucket | c1_adverse_wick_pct__bucket | c2_adverse_wick_pct__bucket | c1_favorable_body_return_pct__bucket | c2_favorable_body_return_pct__bucket | c1_favorable_vwap_distance_pct__bucket | c2_favorable_vwap_distance_pct__bucket | c2_vwap_penetration_pct__bucket | c1_to_c2_close_progress_pct__bucket | c2_to_c1_volume_ratio__bucket | c1_range_pct__bucket | c2_range_pct__bucket | hist_c1_volume | hist_c2_volume | c2_vs_c1_volume_ratio | hist_c1_volume_median_20d_prior | hist_c1_volume_median_60d_prior | hist_c2_volume_median_20d_prior | hist_c2_volume_median_60d_prior | c1_rvol_20d | c2_rvol_20d | c1_rvol_60d | c2_rvol_60d | c1_rvol_20d_state | c2_rvol_20d_state | c2_vs_c1_volume_state | c1_rvol_20d_discovery_state | c2_rvol_20d_discovery_state | c2_vs_c1_volume_ratio_discovery_state | low_c2_rvol_market_opposition_state | c2_vs_c1_volume_ratio_winsor | pdh | pdl | pd_directional_level | pd_directional_distance_pct | pm_c1_cross | pm_c2_cross | pm_c2_closed_beyond | ah_c1_cross | ah_c2_cross | ah_c2_closed_beyond | pd_level_structure_state | pd_c1_cross | pd_c2_cross | pd_c2_closed_beyond | pd_proximity_state | relevant_levels_cleared_n | session_level_clear_state | c2_break_level_n | c2_break_count_state | pd_failed_break_candidate | multiple_c2_break_candidate
A38_T_N1_PD_REMAINS_FOR_C2,ae2_preferred_level_timing_v1,data\second1m_alt_entry_research_v1\ae2_premarket_robustness_v1\ae2_premarket_robustness_features_v1.parquet,False,c1_open | c1_high | c1_low | c1_close | c1_volume | c1_vwap | c2_open | c2_high | c2_low | c2_close | c2_volume | c2_vwap | c1_direction_aligned | c1_vwap_close_ok | c2_direction_aligned | c2_vwap_close_ok | c2_no_touch_ok | c2_vwap_touch_or_cross | c1_body_to_range_pct | c2_body_to_range_pct | c1_favorable_clv_pct | c2_favorable_clv_pct | c1_favorable_wick_pct | c2_favorable_wick_pct | c1_adverse_wick_pct | c2_adverse_wick_pct | c1_favorable_body_return_pct | c2_favorable_body_return_pct | c1_favorable_vwap_distance_pct | c2_favorable_vwap_distance_pct | c2_vwap_penetration_pct | c1_to_c2_close_progress_pct | c2_to_c1_volume_ratio | c1_range_pct | c2_range_pct | c1_body_to_range_pct__bucket | c2_body_to_range_pct__bucket | c1_favorable_clv_pct__bucket | c2_favorable_clv_pct__bucket | c1_favorable_wick_pct__bucket | c2_favorable_wick_pct__bucket | c1_adverse_wick_pct__bucket | c2_adverse_wick_pct__bucket | c1_favorable_body_return_pct__bucket | c2_favorable_body_return_pct__bucket | c1_favorable_vwap_distance_pct__bucket | c2_favorable_vwap_distance_pct__bucket | c2_vwap_penetration_pct__bucket | c1_to_c2_close_progress_pct__bucket | c2_to_c1_volume_ratio__bucket | c1_range_pct__bucket | c2_range_pct__bucket | hist_c1_volume | hist_c2_volume | c2_vs_c1_volume_ratio | hist_c1_volume_median_20d_prior | hist_c1_volume_median_60d_prior | hist_c2_volume_median_20d_prior | hist_c2_volume_median_60d_prior | c1_rvol_20d | c2_rvol_20d | c1_rvol_60d | c2_rvol_60d | c1_rvol_20d_state | c2_rvol_20d_state | c2_vs_c1_volume_state | c1_rvol_20d_discovery_state | c2_rvol_20d_discovery_state | c2_vs_c1_volume_ratio_discovery_state | low_c2_rvol_market_opposition_state | c2_vs_c1_volume_ratio_winsor | pdh | pdl | pd_directional_level | pd_directional_distance_pct | pm_c1_cross | pm_c2_cross | pm_c2_closed_beyond | ah_c1_cross | ah_c2_cross | ah_c2_closed_beyond | pd_level_structure_state | pd_c1_cross | pd_c2_cross | pd_c2_closed_beyond | pd_proximity_state | relevant_levels_cleared_n | session_level_clear_state | c2_break_level_n | c2_break_count_state | pd_failed_break_candidate | multiple_c2_break_candidate
A38_T_N1_PD_REMAINS_FOR_C2,ae2_preferred_level_timing_v1,data\second1m_alt_entry_research_v1\ae2_prior_day_structure_v1\a44_prior_day_structure_features_v1.parquet,False,pdh | pdl | a44_prior_close_to_pd_extreme_dir_pct
A38_T_N1_PD_REMAINS_FOR_C2,ae2_preferred_level_timing_v1,data\second1m_alt_entry_research_v1\ae2_relative_strength_robustness_v1\relative_strength_robustness_features_v1.parquet,False,c1_open | c1_high | c1_low | c1_close | c1_volume | c1_vwap | c2_open | c2_high | c2_low | c2_close | c2_volume | c2_vwap | c1_direction_aligned | c1_vwap_close_ok | c2_direction_aligned | c2_vwap_close_ok | c2_no_touch_ok | c2_vwap_touch_or_cross | c1_body_to_range_pct | c2_body_to_range_pct | c1_favorable_clv_pct | c2_favorable_clv_pct | c1_favorable_wick_pct | c2_favorable_wick_pct | c1_adverse_wick_pct | c2_adverse_wick_pct | c1_favorable_body_return_pct | c2_favorable_body_return_pct | c1_favorable_vwap_distance_pct | c2_favorable_vwap_distance_pct | c2_vwap_penetration_pct | c1_to_c2_close_progress_pct | c2_to_c1_volume_ratio | c1_range_pct | c2_range_pct | c1_body_to_range_pct__bucket | c2_body_to_range_pct__bucket | c1_favorable_clv_pct__bucket | c2_favorable_clv_pct__bucket | c1_favorable_wick_pct__bucket | c2_favorable_wick_pct__bucket | c1_adverse_wick_pct__bucket | c2_adverse_wick_pct__bucket | c1_favorable_body_return_pct__bucket | c2_favorable_body_return_pct__bucket | c1_favorable_vwap_distance_pct__bucket | c2_favorable_vwap_distance_pct__bucket | c2_vwap_penetration_pct__bucket | c1_to_c2_close_progress_pct__bucket | c2_to_c1_volume_ratio__bucket | c1_range_pct__bucket | c2_range_pct__bucket
A38_T_N1_PD_REMAINS_FOR_C2,ae2_preferred_level_timing_v1,data\second1m_alt_entry_research_v1\ae2_relative_strength_v1\ae2_relative_strength_features_v1.parquet,False,c1_open | c1_high | c1_low | c1_close | c1_volume | c1_vwap | c2_open | c2_high | c2_low | c2_close | c2_volume | c2_vwap | c1_direction_aligned | c1_vwap_close_ok | c2_direction_aligned | c2_vwap_close_ok | c2_no_touch_ok | c2_vwap_touch_or_cross | c1_body_to_range_pct | c2_body_to_range_pct | c1_favorable_clv_pct | c2_favorable_clv_pct | c1_favorable_wick_pct | c2_favorable_wick_pct | c1_adverse_wick_pct | c2_adverse_wick_pct | c1_favorable_body_return_pct | c2_favorable_body_return_pct | c1_favorable_vwap_distance_pct | c2_favorable_vwap_distance_pct | c2_vwap_penetration_pct | c1_to_c2_close_progress_pct | c2_to_c1_volume_ratio | c1_range_pct | c2_range_pct | c1_body_to_range_pct__bucket | c2_body_to_range_pct__bucket | c1_favorable_clv_pct__bucket | c2_favorable_clv_pct__bucket | c1_favorable_wick_pct__bucket | c2_favorable_wick_pct__bucket | c1_adverse_wick_pct__bucket | c2_adverse_wick_pct__bucket | c1_favorable_body_return_pct__bucket | c2_favorable_body_return_pct__bucket | c1_favorable_vwap_distance_pct__bucket | c2_favorable_vwap_distance_pct__bucket | c2_vwap_penetration_pct__bucket | c1_to_c2_close_progress_pct__bucket | c2_to_c1_volume_ratio__bucket | c1_range_pct__bucket | c2_range_pct__bucket
A38_T_N1_PD_REMAINS_FOR_C2,ae2_preferred_level_timing_v1,data\second1m_alt_entry_research_v1\ae2_robustness_v1\ae2_structural_states_v1.parquet,False,c1_open | c1_high | c1_low | c1_close | c1_volume | c1_vwap | c2_open | c2_high | c2_low | c2_close | c2_volume | c2_vwap | c1_direction_aligned | c1_vwap_close_ok | c2_direction_aligned | c2_vwap_close_ok | c2_no_touch_ok | c2_vwap_touch_or_cross | c1_body_to_range_pct | c2_body_to_range_pct | c1_favorable_clv_pct | c2_favorable_clv_pct | c1_favorable_wick_pct | c2_favorable_wick_pct | c1_adverse_wick_pct | c2_adverse_wick_pct | c1_favorable_body_return_pct | c2_favorable_body_return_pct | c1_favorable_vwap_distance_pct | c2_favorable_vwap_distance_pct | c2_vwap_penetration_pct | c1_to_c2_close_progress_pct | c2_to_c1_volume_ratio | c1_range_pct | c2_range_pct | c1_body_to_range_pct__bucket | c2_body_to_range_pct__bucket | c1_favorable_clv_pct__bucket | c2_favorable_clv_pct__bucket | c1_favorable_wick_pct__bucket | c2_favorable_wick_pct__bucket | c1_adverse_wick_pct__bucket | c2_adverse_wick_pct__bucket | c1_favorable_body_return_pct__bucket | c2_favorable_body_return_pct__bucket | c1_favorable_vwap_distance_pct__bucket | c2_favorable_vwap_distance_pct__bucket | c2_vwap_penetration_pct__bucket | c1_to_c2_close_progress_pct__bucket | c2_to_c1_volume_ratio__bucket | c1_range_pct__bucket | c2_range_pct__bucket | C2_VWAP_DISTANCE__STATE | C2_VWAP_DISTANCE__EXTREME | C2_BODY_RETURN__STATE | C2_BODY_RETURN__EXTREME | C1_TO_C2_PROGRESS__STATE | C1_TO_C2_PROGRESS__EXTREME | C2_FAVORABLE_CLV__STATE | C2_FAVORABLE_CLV__EXTREME
A38_T_N1_PD_REMAINS_FOR_C2,ae2_preferred_level_timing_v1,data\second1m_alt_entry_research_v1\ae2_session_level_geometry_v1\a37_session_level_geometry_events_v1.parquet,False,session_level_clear_state | relevant_levels_cleared_n | pd_directional_level | c2_close | pd_directional_distance_pct | pm_pd_spacing_pct | ah_pd_spacing_pct | c2_beyond_pm_pct | c2_beyond_ah_pct | c2_beyond_pd_pct | c2_beyond_outermost_pct
A38_T_N1_PD_REMAINS_FOR_C2,ae2_preferred_level_timing_v1,data\second1m_alt_entry_research_v1\ae2_session_levels_robustness_v1\ae2_session_levels_robustness_features_v1.parquet,False,c1_open | c1_high | c1_low | c1_close | c1_volume | c1_vwap | c2_open | c2_high | c2_low | c2_close | c2_volume | c2_vwap | c1_direction_aligned | c1_vwap_close_ok | c2_direction_aligned | c2_vwap_close_ok | c2_no_touch_ok | c2_vwap_touch_or_cross | c1_body_to_range_pct | c2_body_to_range_pct | c1_favorable_clv_pct | c2_favorable_clv_pct | c1_favorable_wick_pct | c2_favorable_wick_pct | c1_adverse_wick_pct | c2_adverse_wick_pct | c1_favorable_body_return_pct | c2_favorable_body_return_pct | c1_favorable_vwap_distance_pct | c2_favorable_vwap_distance_pct | c2_vwap_penetration_pct | c1_to_c2_close_progress_pct | c2_to_c1_volume_ratio | c1_range_pct | c2_range_pct | c1_body_to_range_pct__bucket | c2_body_to_range_pct__bucket | c1_favorable_clv_pct__bucket | c2_favorable_clv_pct__bucket | c1_favorable_wick_pct__bucket | c2_favorable_wick_pct__bucket | c1_adverse_wick_pct__bucket | c2_adverse_wick_pct__bucket | c1_favorable_body_return_pct__bucket | c2_favorable_body_return_pct__bucket | c1_favorable_vwap_distance_pct__bucket | c2_favorable_vwap_distance_pct__bucket | c2_vwap_penetration_pct__bucket | c1_to_c2_close_progress_pct__bucket | c2_to_c1_volume_ratio__bucket | c1_range_pct__bucket | c2_range_pct__bucket | hist_c1_volume | hist_c2_volume | c2_vs_c1_volume_ratio | hist_c1_volume_median_20d_prior | hist_c1_volume_median_60d_prior | hist_c2_volume_median_20d_prior | hist_c2_volume_median_60d_prior | c1_rvol_20d | c2_rvol_20d | c1_rvol_60d | c2_rvol_60d | c1_rvol_20d_state | c2_rvol_20d_state | c2_vs_c1_volume_state | c1_rvol_20d_discovery_state | c2_rvol_20d_discovery_state | c2_vs_c1_volume_ratio_discovery_state | low_c2_rvol_market_opposition_state | c2_vs_c1_volume_ratio_winsor | pdh | pdl | pd_directional_level | pd_directional_distance_pct | pm_c1_cross | pm_c2_cross | pm_c2_closed_beyond | ah_c1_cross | ah_c2_cross | ah_c2_closed_beyond | pd_level_structure_state | pd_c1_cross | pd_c2_cross | pd_c2_closed_beyond | pd_proximity_state | relevant_levels_cleared_n | session_level_clear_state | c2_break_level_n | c2_break_count_state | pd_failed_break_candidate | multiple_c2_break_candidate
A38_T_N1_PD_REMAINS_FOR_C2,ae2_preferred_level_timing_v1,data\second1m_alt_entry_research_v1\ae2_session_levels_v1\ae2_session_level_features_v1.parquet,False,c1_open | c1_high | c1_low | c1_close | c1_volume | c1_vwap | c2_open | c2_high | c2_low | c2_close | c2_volume | c2_vwap | c1_direction_aligned | c1_vwap_close_ok | c2_direction_aligned | c2_vwap_close_ok | c2_no_touch_ok | c2_vwap_touch_or_cross | c1_body_to_range_pct | c2_body_to_range_pct | c1_favorable_clv_pct | c2_favorable_clv_pct | c1_favorable_wick_pct | c2_favorable_wick_pct | c1_adverse_wick_pct | c2_adverse_wick_pct | c1_favorable_body_return_pct | c2_favorable_body_return_pct | c1_favorable_vwap_distance_pct | c2_favorable_vwap_distance_pct | c2_vwap_penetration_pct | c1_to_c2_close_progress_pct | c2_to_c1_volume_ratio | c1_range_pct | c2_range_pct | c1_body_to_range_pct__bucket | c2_body_to_range_pct__bucket | c1_favorable_clv_pct__bucket | c2_favorable_clv_pct__bucket | c1_favorable_wick_pct__bucket | c2_favorable_wick_pct__bucket | c1_adverse_wick_pct__bucket | c2_adverse_wick_pct__bucket | c1_favorable_body_return_pct__bucket | c2_favorable_body_return_pct__bucket | c1_favorable_vwap_distance_pct__bucket | c2_favorable_vwap_distance_pct__bucket | c2_vwap_penetration_pct__bucket | c1_to_c2_close_progress_pct__bucket | c2_to_c1_volume_ratio__bucket | c1_range_pct__bucket | c2_range_pct__bucket | hist_c1_volume | hist_c2_volume | c2_vs_c1_volume_ratio | hist_c1_volume_median_20d_prior | hist_c1_volume_median_60d_prior | hist_c2_volume_median_20d_prior | hist_c2_volume_median_60d_prior | c1_rvol_20d | c2_rvol_20d | c1_rvol_60d | c2_rvol_60d | c1_rvol_20d_state | c2_rvol_20d_state | c2_vs_c1_volume_state | c1_rvol_20d_discovery_state | c2_rvol_20d_discovery_state | c2_vs_c1_volume_ratio_discovery_state | low_c2_rvol_market_opposition_state | c2_vs_c1_volume_ratio_winsor | pdh | pdl | pd_directional_level | pd_directional_distance_pct | pm_c1_cross | pm_c2_cross | pm_c2_closed_beyond | ah_c1_cross | ah_c2_cross | ah_c2_closed_beyond | pd_level_structure_state | pd_c1_cross | pd_c2_cross | pd_c2_closed_beyond | pd_proximity_state | relevant_levels_cleared_n | session_level_clear_state | c2_break_level_n | c2_break_count_state
A38_T_N1_PD_REMAINS_FOR_C2,ae2_preferred_level_timing_v1,data\second1m_alt_entry_research_v1\ae2_short_ma_warning_v1\ae2_short_ma_warning_features_v1.parquet,False,c1_open | c1_high | c1_low | c1_close | c1_volume | c1_vwap | c2_open | c2_high | c2_low | c2_close | c2_volume | c2_vwap | c1_direction_aligned | c1_vwap_close_ok | c2_direction_aligned | c2_vwap_close_ok | c2_no_touch_ok | c2_vwap_touch_or_cross | c1_body_to_range_pct | c2_body_to_range_pct | c1_favorable_clv_pct | c2_favorable_clv_pct | c1_favorable_wick_pct | c2_favorable_wick_pct | c1_adverse_wick_pct | c2_adverse_wick_pct | c1_favorable_body_return_pct | c2_favorable_body_return_pct | c1_favorable_vwap_distance_pct | c2_favorable_vwap_distance_pct | c2_vwap_penetration_pct | c1_to_c2_close_progress_pct | c2_to_c1_volume_ratio | c1_range_pct | c2_range_pct | c1_body_to_range_pct__bucket | c2_body_to_range_pct__bucket | c1_favorable_clv_pct__bucket | c2_favorable_clv_pct__bucket | c1_favorable_wick_pct__bucket | c2_favorable_wick_pct__bucket | c1_adverse_wick_pct__bucket | c2_adverse_wick_pct__bucket | c1_favorable_body_return_pct__bucket | c2_favorable_body_return_pct__bucket | c1_favorable_vwap_distance_pct__bucket | c2_favorable_vwap_distance_pct__bucket | c2_vwap_penetration_pct__bucket | c1_to_c2_close_progress_pct__bucket | c2_to_c1_volume_ratio__bucket | c1_range_pct__bucket | c2_range_pct__bucket
A38_T_N1_PD_REMAINS_FOR_C2,ae2_preferred_level_timing_v1,data\second1m_alt_entry_research_v1\ae2_three_index_regime_v1\ae2_three_index_regime_features_v1.parquet,False,c1_open | c1_high | c1_low | c1_close | c1_volume | c1_vwap | c2_open | c2_high | c2_low | c2_close | c2_volume | c2_vwap | c1_direction_aligned | c1_vwap_close_ok | c2_direction_aligned | c2_vwap_close_ok | c2_no_touch_ok | c2_vwap_touch_or_cross | c1_body_to_range_pct | c2_body_to_range_pct | c1_favorable_clv_pct | c2_favorable_clv_pct | c1_favorable_wick_pct | c2_favorable_wick_pct | c1_adverse_wick_pct | c2_adverse_wick_pct | c1_favorable_body_return_pct | c2_favorable_body_return_pct | c1_favorable_vwap_distance_pct | c2_favorable_vwap_distance_pct | c2_vwap_penetration_pct | c1_to_c2_close_progress_pct | c2_to_c1_volume_ratio | c1_range_pct | c2_range_pct | c1_body_to_range_pct__bucket | c2_body_to_range_pct__bucket | c1_favorable_clv_pct__bucket | c2_favorable_clv_pct__bucket | c1_favorable_wick_pct__bucket | c2_favorable_wick_pct__bucket | c1_adverse_wick_pct__bucket | c2_adverse_wick_pct__bucket | c1_favorable_body_return_pct__bucket | c2_favorable_body_return_pct__bucket | c1_favorable_vwap_distance_pct__bucket | c2_favorable_vwap_distance_pct__bucket | c2_vwap_penetration_pct__bucket | c1_to_c2_close_progress_pct__bucket | c2_to_c1_volume_ratio__bucket | c1_range_pct__bucket | c2_range_pct__bucket
A38_T_N1_PD_REMAINS_FOR_C2,ae2_preferred_level_timing_v1,data\second1m_alt_entry_research_v1\ae2_trend_exhaustion_robustness_v1\trend_exhaustion_states_v1.parquet,False,c1_open | c1_high | c1_low | c1_close | c1_volume | c1_vwap | c2_open | c2_high | c2_low | c2_close | c2_volume | c2_vwap | c1_direction_aligned | c1_vwap_close_ok | c2_direction_aligned | c2_vwap_close_ok | c2_no_touch_ok | c2_vwap_touch_or_cross | c1_body_to_range_pct | c2_body_to_range_pct | c1_favorable_clv_pct | c2_favorable_clv_pct | c1_favorable_wick_pct | c2_favorable_wick_pct | c1_adverse_wick_pct | c2_adverse_wick_pct | c1_favorable_body_return_pct | c2_favorable_body_return_pct | c1_favorable_vwap_distance_pct | c2_favorable_vwap_distance_pct | c2_vwap_penetration_pct | c1_to_c2_close_progress_pct | c2_to_c1_volume_ratio | c1_range_pct | c2_range_pct | c1_body_to_range_pct__bucket | c2_body_to_range_pct__bucket | c1_favorable_clv_pct__bucket | c2_favorable_clv_pct__bucket | c1_favorable_wick_pct__bucket | c2_favorable_wick_pct__bucket | c1_adverse_wick_pct__bucket | c2_adverse_wick_pct__bucket | c1_favorable_body_return_pct__bucket | c2_favorable_body_return_pct__bucket | c1_favorable_vwap_distance_pct__bucket | c2_favorable_vwap_distance_pct__bucket | c2_vwap_penetration_pct__bucket | c1_to_c2_close_progress_pct__bucket | c2_to_c1_volume_ratio__bucket | c1_range_pct__bucket | c2_range_pct__bucket
A38_T_N1_PD_REMAINS_FOR_C2,ae2_preferred_level_timing_v1,data\second1m_alt_entry_research_v1\ae2_volume_robustness_v1\ae2_volume_robustness_features_v1.parquet,False,c1_open | c1_high | c1_low | c1_close | c1_volume | c1_vwap | c2_open | c2_high | c2_low | c2_close | c2_volume | c2_vwap | c1_direction_aligned | c1_vwap_close_ok | c2_direction_aligned | c2_vwap_close_ok | c2_no_touch_ok | c2_vwap_touch_or_cross | c1_body_to_range_pct | c2_body_to_range_pct | c1_favorable_clv_pct | c2_favorable_clv_pct | c1_favorable_wick_pct | c2_favorable_wick_pct | c1_adverse_wick_pct | c2_adverse_wick_pct | c1_favorable_body_return_pct | c2_favorable_body_return_pct | c1_favorable_vwap_distance_pct | c2_favorable_vwap_distance_pct | c2_vwap_penetration_pct | c1_to_c2_close_progress_pct | c2_to_c1_volume_ratio | c1_range_pct | c2_range_pct | c1_body_to_range_pct__bucket | c2_body_to_range_pct__bucket | c1_favorable_clv_pct__bucket | c2_favorable_clv_pct__bucket | c1_favorable_wick_pct__bucket | c2_favorable_wick_pct__bucket | c1_adverse_wick_pct__bucket | c2_adverse_wick_pct__bucket | c1_favorable_body_return_pct__bucket | c2_favorable_body_return_pct__bucket | c1_favorable_vwap_distance_pct__bucket | c2_favorable_vwap_distance_pct__bucket | c2_vwap_penetration_pct__bucket | c1_to_c2_close_progress_pct__bucket | c2_to_c1_volume_ratio__bucket | c1_range_pct__bucket | c2_range_pct__bucket | hist_c1_volume | hist_c2_volume | c2_vs_c1_volume_ratio | hist_c1_volume_median_20d_prior | hist_c1_volume_median_60d_prior | hist_c2_volume_median_20d_prior | hist_c2_volume_median_60d_prior | c1_rvol_20d | c2_rvol_20d | c1_rvol_60d | c2_rvol_60d | c1_rvol_20d_state | c2_rvol_20d_state | c2_vs_c1_volume_state | c1_rvol_20d_discovery_state | c2_rvol_20d_discovery_state | c2_vs_c1_volume_ratio_discovery_state | low_c2_rvol_market_opposition_state | c2_vs_c1_volume_ratio_winsor
A38_T_N1_PD_REMAINS_FOR_C2,ae2_preferred_level_timing_v1,data\second1m_alt_entry_research_v1\ae2_warning_context_v1\ae2_warning_context_features_v1.parquet,False,c1_open | c1_high | c1_low | c1_close | c1_volume | c1_vwap | c2_open | c2_high | c2_low | c2_close | c2_volume | c2_vwap | c1_direction_aligned | c1_vwap_close_ok | c2_direction_aligned | c2_vwap_close_ok | c2_no_touch_ok | c2_vwap_touch_or_cross | c1_body_to_range_pct | c2_body_to_range_pct | c1_favorable_clv_pct | c2_favorable_clv_pct | c1_favorable_wick_pct | c2_favorable_wick_pct | c1_adverse_wick_pct | c2_adverse_wick_pct | c1_favorable_body_return_pct | c2_favorable_body_return_pct | c1_favorable_vwap_distance_pct | c2_favorable_vwap_distance_pct | c2_vwap_penetration_pct | c1_to_c2_close_progress_pct | c2_to_c1_volume_ratio | c1_range_pct | c2_range_pct | c1_body_to_range_pct__bucket | c2_body_to_range_pct__bucket | c1_favorable_clv_pct__bucket | c2_favorable_clv_pct__bucket | c1_favorable_wick_pct__bucket | c2_favorable_wick_pct__bucket | c1_adverse_wick_pct__bucket | c2_adverse_wick_pct__bucket | c1_favorable_body_return_pct__bucket | c2_favorable_body_return_pct__bucket | c1_favorable_vwap_distance_pct__bucket | c2_favorable_vwap_distance_pct__bucket | c2_vwap_penetration_pct__bucket | c1_to_c2_close_progress_pct__bucket | c2_to_c1_volume_ratio__bucket | c1_range_pct__bucket | c2_range_pct__bucket | hist_c1_volume | hist_c2_volume | c2_vs_c1_volume_ratio | hist_c1_volume_median_20d_prior | hist_c1_volume_median_60d_prior | hist_c2_volume_median_20d_prior | hist_c2_volume_median_60d_prior | c1_rvol_20d | c2_rvol_20d | c1_rvol_60d | c2_rvol_60d | c1_rvol_20d_state | c2_rvol_20d_state | c2_vs_c1_volume_state | c1_rvol_20d_discovery_state | c2_rvol_20d_discovery_state | c2_vs_c1_volume_ratio_discovery_state | low_c2_rvol_market_opposition_state | c2_vs_c1_volume_ratio_winsor | pdh | pdl | pd_directional_level | pd_directional_distance_pct | pm_c1_cross | pm_c2_cross | pm_c2_closed_beyond | ah_c1_cross | ah_c2_cross | ah_c2_closed_beyond | pd_level_structure_state | pd_c1_cross | pd_c2_cross | pd_c2_closed_beyond | pd_proximity_state | relevant_levels_cleared_n | session_level_clear_state | c2_break_level_n | c2_break_count_state | pd_failed_break_candidate | multiple_c2_break_candidate | post_c10_open | post_c10_high | post_c10_low | post_c10_close | post_c10_volume | post_c10_vwap | post_c10_close_delta_pct | post_c10_fav_excursion_pct
A38_T_N1_PD_REMAINS_FOR_C2,ae2_preferred_level_timing_v1,data\second1m_alt_entry_research_v1\ae2_warning_exit_utility_v1\ae2_warning_exit_utility_features_v1.parquet,False,c1_open | c1_high | c1_low | c1_close | c1_volume | c1_vwap | c2_open | c2_high | c2_low | c2_close | c2_volume | c2_vwap | c1_direction_aligned | c1_vwap_close_ok | c2_direction_aligned | c2_vwap_close_ok | c2_no_touch_ok | c2_vwap_touch_or_cross | c1_body_to_range_pct | c2_body_to_range_pct | c1_favorable_clv_pct | c2_favorable_clv_pct | c1_favorable_wick_pct | c2_favorable_wick_pct | c1_adverse_wick_pct | c2_adverse_wick_pct | c1_favorable_body_return_pct | c2_favorable_body_return_pct | c1_favorable_vwap_distance_pct | c2_favorable_vwap_distance_pct | c2_vwap_penetration_pct | c1_to_c2_close_progress_pct | c2_to_c1_volume_ratio | c1_range_pct | c2_range_pct | c1_body_to_range_pct__bucket | c2_body_to_range_pct__bucket | c1_favorable_clv_pct__bucket | c2_favorable_clv_pct__bucket | c1_favorable_wick_pct__bucket | c2_favorable_wick_pct__bucket | c1_adverse_wick_pct__bucket | c2_adverse_wick_pct__bucket | c1_favorable_body_return_pct__bucket | c2_favorable_body_return_pct__bucket | c1_favorable_vwap_distance_pct__bucket | c2_favorable_vwap_distance_pct__bucket | c2_vwap_penetration_pct__bucket | c1_to_c2_close_progress_pct__bucket | c2_to_c1_volume_ratio__bucket | c1_range_pct__bucket | c2_range_pct__bucket | hist_c1_volume | hist_c2_volume | c2_vs_c1_volume_ratio | hist_c1_volume_median_20d_prior | hist_c1_volume_median_60d_prior | hist_c2_volume_median_20d_prior | hist_c2_volume_median_60d_prior | c1_rvol_20d | c2_rvol_20d | c1_rvol_60d | c2_rvol_60d | c1_rvol_20d_state | c2_rvol_20d_state | c2_vs_c1_volume_state | c1_rvol_20d_discovery_state | c2_rvol_20d_discovery_state | c2_vs_c1_volume_ratio_discovery_state | low_c2_rvol_market_opposition_state | c2_vs_c1_volume_ratio_winsor | pdh | pdl | pd_directional_level | pd_directional_distance_pct | pm_c1_cross | pm_c2_cross | pm_c2_closed_beyond | ah_c1_cross | ah_c2_cross | ah_c2_closed_beyond | pd_level_structure_state | pd_c1_cross | pd_c2_cross | pd_c2_closed_beyond | pd_proximity_state | relevant_levels_cleared_n | session_level_clear_state | c2_break_level_n | c2_break_count_state | pd_failed_break_candidate | multiple_c2_break_candidate | post_c10_open | post_c10_high | post_c10_low | post_c10_close | post_c10_volume | post_c10_vwap | post_c10_close_delta_pct | post_c10_fav_excursion_pct
A38_T_N1_PD_REMAINS_FOR_C2,ae2_preferred_level_timing_v1,data\second1m_alt_entry_research_v1\ae2_warning_timing_v1\ae2_warning_timing_features_v1.parquet,False,c1_open | c1_high | c1_low | c1_close | c1_volume | c1_vwap | c2_open | c2_high | c2_low | c2_close | c2_volume | c2_vwap | c1_direction_aligned | c1_vwap_close_ok | c2_direction_aligned | c2_vwap_close_ok | c2_no_touch_ok | c2_vwap_touch_or_cross | c1_body_to_range_pct | c2_body_to_range_pct | c1_favorable_clv_pct | c2_favorable_clv_pct | c1_favorable_wick_pct | c2_favorable_wick_pct | c1_adverse_wick_pct | c2_adverse_wick_pct | c1_favorable_body_return_pct | c2_favorable_body_return_pct | c1_favorable_vwap_distance_pct | c2_favorable_vwap_distance_pct | c2_vwap_penetration_pct | c1_to_c2_close_progress_pct | c2_to_c1_volume_ratio | c1_range_pct | c2_range_pct | c1_body_to_range_pct__bucket | c2_body_to_range_pct__bucket | c1_favorable_clv_pct__bucket | c2_favorable_clv_pct__bucket | c1_favorable_wick_pct__bucket | c2_favorable_wick_pct__bucket | c1_adverse_wick_pct__bucket | c2_adverse_wick_pct__bucket | c1_favorable_body_return_pct__bucket | c2_favorable_body_return_pct__bucket | c1_favorable_vwap_distance_pct__bucket | c2_favorable_vwap_distance_pct__bucket | c2_vwap_penetration_pct__bucket | c1_to_c2_close_progress_pct__bucket | c2_to_c1_volume_ratio__bucket | c1_range_pct__bucket | c2_range_pct__bucket | hist_c1_volume | hist_c2_volume | c2_vs_c1_volume_ratio | hist_c1_volume_median_20d_prior | hist_c1_volume_median_60d_prior | hist_c2_volume_median_20d_prior | hist_c2_volume_median_60d_prior | c1_rvol_20d | c2_rvol_20d | c1_rvol_60d | c2_rvol_60d | c1_rvol_20d_state | c2_rvol_20d_state | c2_vs_c1_volume_state | c1_rvol_20d_discovery_state | c2_rvol_20d_discovery_state | c2_vs_c1_volume_ratio_discovery_state | low_c2_rvol_market_opposition_state | c2_vs_c1_volume_ratio_winsor | pdh | pdl | pd_directional_level | pd_directional_distance_pct | pm_c1_cross | pm_c2_cross | pm_c2_closed_beyond | ah_c1_cross | ah_c2_cross | ah_c2_closed_beyond | pd_level_structure_state | pd_c1_cross | pd_c2_cross | pd_c2_closed_beyond | pd_proximity_state | relevant_levels_cleared_n | session_level_clear_state | c2_break_level_n | c2_break_count_state | pd_failed_break_candidate | multiple_c2_break_candidate | post_c10_open | post_c10_high | post_c10_low | post_c10_close | post_c10_volume | post_c10_vwap | post_c10_close_delta_pct | post_c10_fav_excursion_pct
A38_T_N1_PD_REMAINS_FOR_C2,ae2_preferred_level_timing_v1,data\second1m_alt_entry_research_v1\ae2_weekly_trend_v1\ae2_weekly_trend_features_v1.parquet,False,c1_open | c1_high | c1_low | c1_close | c1_volume | c1_vwap | c2_open | c2_high | c2_low | c2_close | c2_volume | c2_vwap | c1_direction_aligned | c1_vwap_close_ok | c2_direction_aligned | c2_vwap_close_ok | c2_no_touch_ok | c2_vwap_touch_or_cross | c1_body_to_range_pct | c2_body_to_range_pct | c1_favorable_clv_pct | c2_favorable_clv_pct | c1_favorable_wick_pct | c2_favorable_wick_pct | c1_adverse_wick_pct | c2_adverse_wick_pct | c1_favorable_body_return_pct | c2_favorable_body_return_pct | c1_favorable_vwap_distance_pct | c2_favorable_vwap_distance_pct | c2_vwap_penetration_pct | c1_to_c2_close_progress_pct | c2_to_c1_volume_ratio | c1_range_pct | c2_range_pct | c1_body_to_range_pct__bucket | c2_body_to_range_pct__bucket | c1_favorable_clv_pct__bucket | c2_favorable_clv_pct__bucket | c1_favorable_wick_pct__bucket | c2_favorable_wick_pct__bucket | c1_adverse_wick_pct__bucket | c2_adverse_wick_pct__bucket | c1_favorable_body_return_pct__bucket | c2_favorable_body_return_pct__bucket | c1_favorable_vwap_distance_pct__bucket | c2_favorable_vwap_distance_pct__bucket | c2_vwap_penetration_pct__bucket | c1_to_c2_close_progress_pct__bucket | c2_to_c1_volume_ratio__bucket | c1_range_pct__bucket | c2_range_pct__bucket
A38_T_N1_PD_REMAINS_FOR_C2,ae2_preferred_level_timing_v1,data\second1m_alt_entry_research_v1\second1m_alt_entry_events_v1.parquet,False,c1_open | c1_high | c1_low | c1_close | c1_volume | c1_vwap | c2_open | c2_high | c2_low | c2_close | c2_volume | c2_vwap | c1_direction_aligned | c1_vwap_close_ok | c2_direction_aligned | c2_vwap_close_ok | c2_no_touch_ok | c2_vwap_touch_or_cross
A39_T_V1_VWAP_EXPANSION_Q3,ae2_preferred_level_timing_v1,data\second1m_alt_entry_research_v1\ae2_c2_predictors_v1\ae2_c2_predictor_features_v1.parquet,False,c1_open | c1_high | c1_low | c1_close | c1_volume | c1_vwap | c2_open | c2_high | c2_low | c2_close | c2_volume | c2_vwap | c3_vwap | c1_direction_aligned | c1_vwap_close_ok | c2_direction_aligned | c2_vwap_close_ok | c2_no_touch_ok | c2_vwap_touch_or_cross | c1_body_to_range_pct | c2_body_to_range_pct | c1_favorable_clv_pct | c2_favorable_clv_pct | c1_favorable_wick_pct | c2_favorable_wick_pct | c1_adverse_wick_pct | c2_adverse_wick_pct | c1_favorable_body_return_pct | c2_favorable_body_return_pct | c1_favorable_vwap_distance_pct | c2_favorable_vwap_distance_pct | c2_vwap_penetration_pct | c1_to_c2_close_progress_pct | c2_to_c1_volume_ratio | c1_range_pct | c2_range_pct | clv_change_pp | vwap_distance_change_pp | c1_body_to_range_pct__bucket | c2_body_to_range_pct__bucket | c1_favorable_clv_pct__bucket | c2_favorable_clv_pct__bucket | c1_favorable_wick_pct__bucket | c2_favorable_wick_pct__bucket | c1_adverse_wick_pct__bucket | c2_adverse_wick_pct__bucket | c1_favorable_body_return_pct__bucket | c2_favorable_body_return_pct__bucket | c1_favorable_vwap_distance_pct__bucket | c2_favorable_vwap_distance_pct__bucket | c2_vwap_penetration_pct__bucket | c1_to_c2_close_progress_pct__bucket | c2_to_c1_volume_ratio__bucket | c1_range_pct__bucket | c2_range_pct__bucket | clv_change_pp__bucket | vwap_distance_change_pp__bucket
A39_T_V1_VWAP_EXPANSION_Q3,ae2_preferred_level_timing_v1,data\second1m_alt_entry_research_v1\ae2_calendar_v1\ae2_calendar_features_v1.parquet,False,c1_open | c1_high | c1_low | c1_close | c1_volume | c1_vwap | c2_open | c2_high | c2_low | c2_close | c2_volume | c2_vwap | c3_vwap | c1_direction_aligned | c1_vwap_close_ok | c2_direction_aligned | c2_vwap_close_ok | c2_no_touch_ok | c2_vwap_touch_or_cross | c1_body_to_range_pct | c2_body_to_range_pct | c1_favorable_clv_pct | c2_favorable_clv_pct | c1_favorable_wick_pct | c2_favorable_wick_pct | c1_adverse_wick_pct | c2_adverse_wick_pct | c1_favorable_body_return_pct | c2_favorable_body_return_pct | c1_favorable_vwap_distance_pct | c2_favorable_vwap_distance_pct | c2_vwap_penetration_pct | c1_to_c2_close_progress_pct | c2_to_c1_volume_ratio | c1_range_pct | c2_range_pct | clv_change_pp | vwap_distance_change_pp | c1_body_to_range_pct__bucket | c2_body_to_range_pct__bucket | c1_favorable_clv_pct__bucket | c2_favorable_clv_pct__bucket | c1_favorable_wick_pct__bucket | c2_favorable_wick_pct__bucket | c1_adverse_wick_pct__bucket | c2_adverse_wick_pct__bucket | c1_favorable_body_return_pct__bucket | c2_favorable_body_return_pct__bucket | c1_favorable_vwap_distance_pct__bucket | c2_favorable_vwap_distance_pct__bucket | c2_vwap_penetration_pct__bucket | c1_to_c2_close_progress_pct__bucket | c2_to_c1_volume_ratio__bucket | c1_range_pct__bucket | c2_range_pct__bucket | clv_change_pp__bucket | vwap_distance_change_pp__bucket | hist_c1_volume | hist_c2_volume | c2_vs_c1_volume_ratio | hist_c1_volume_median_20d_prior | hist_c1_volume_median_60d_prior | hist_c2_volume_median_20d_prior | hist_c2_volume_median_60d_prior | c1_rvol_20d | c2_rvol_20d | c1_rvol_60d | c2_rvol_60d | c1_rvol_20d_state | c2_rvol_20d_state | c2_vs_c1_volume_state | c1_rvol_20d_discovery_state | c2_rvol_20d_discovery_state | c2_vs_c1_volume_ratio_discovery_state | low_c2_rvol_market_opposition_state | c2_vs_c1_volume_ratio_winsor | pm_c1_cross | pm_c2_cross | pm_c2_closed_beyond | ah_c1_cross | ah_c2_cross | ah_c2_closed_beyond | pd_c1_cross | pd_c2_cross | pd_c2_closed_beyond | c2_break_level_n | c2_break_count_state | multiple_c2_break_candidate
A39_T_V1_VWAP_EXPANSION_Q3,ae2_preferred_level_timing_v1,data\second1m_alt_entry_research_v1\ae2_daily_trend_v1\ae2_daily_trend_features_v1.parquet,False,c1_open | c1_high | c1_low | c1_close | c1_volume | c1_vwap | c2_open | c2_high | c2_low | c2_close | c2_volume | c2_vwap | c3_vwap | c1_direction_aligned | c1_vwap_close_ok | c2_direction_aligned | c2_vwap_close_ok | c2_no_touch_ok | c2_vwap_touch_or_cross | c1_body_to_range_pct | c2_body_to_range_pct | c1_favorable_clv_pct | c2_favorable_clv_pct | c1_favorable_wick_pct | c2_favorable_wick_pct | c1_adverse_wick_pct | c2_adverse_wick_pct | c1_favorable_body_return_pct | c2_favorable_body_return_pct | c1_favorable_vwap_distance_pct | c2_favorable_vwap_distance_pct | c2_vwap_penetration_pct | c1_to_c2_close_progress_pct | c2_to_c1_volume_ratio | c1_range_pct | c2_range_pct | clv_change_pp | vwap_distance_change_pp | c1_body_to_range_pct__bucket | c2_body_to_range_pct__bucket | c1_favorable_clv_pct__bucket | c2_favorable_clv_pct__bucket | c1_favorable_wick_pct__bucket | c2_favorable_wick_pct__bucket | c1_adverse_wick_pct__bucket | c2_adverse_wick_pct__bucket | c1_favorable_body_return_pct__bucket | c2_favorable_body_return_pct__bucket | c1_favorable_vwap_distance_pct__bucket | c2_favorable_vwap_distance_pct__bucket | c2_vwap_penetration_pct__bucket | c1_to_c2_close_progress_pct__bucket | c2_to_c1_volume_ratio__bucket | c1_range_pct__bucket | c2_range_pct__bucket | clv_change_pp__bucket | vwap_distance_change_pp__bucket
A39_T_V1_VWAP_EXPANSION_Q3,ae2_preferred_level_timing_v1,data\second1m_alt_entry_research_v1\ae2_level_confluence_v1\a47_entry_area_confluence_features_v1.parquet,False,c2_vwap | a47_center_to_vwap_abs_pct
A39_T_V1_VWAP_EXPANSION_Q3,ae2_preferred_level_timing_v1,data\second1m_alt_entry_research_v1\ae2_ma_context_v1\ae2_ma_context_features_v1.parquet,False,c1_open | c1_high | c1_low | c1_close | c1_volume | c1_vwap | c2_open | c2_high | c2_low | c2_close | c2_volume | c2_vwap | c3_vwap | c1_direction_aligned | c1_vwap_close_ok | c2_direction_aligned | c2_vwap_close_ok | c2_no_touch_ok | c2_vwap_touch_or_cross | c1_body_to_range_pct | c2_body_to_range_pct | c1_favorable_clv_pct | c2_favorable_clv_pct | c1_favorable_wick_pct | c2_favorable_wick_pct | c1_adverse_wick_pct | c2_adverse_wick_pct | c1_favorable_body_return_pct | c2_favorable_body_return_pct | c1_favorable_vwap_distance_pct | c2_favorable_vwap_distance_pct | c2_vwap_penetration_pct | c1_to_c2_close_progress_pct | c2_to_c1_volume_ratio | c1_range_pct | c2_range_pct | clv_change_pp | vwap_distance_change_pp | c1_body_to_range_pct__bucket | c2_body_to_range_pct__bucket | c1_favorable_clv_pct__bucket | c2_favorable_clv_pct__bucket | c1_favorable_wick_pct__bucket | c2_favorable_wick_pct__bucket | c1_adverse_wick_pct__bucket | c2_adverse_wick_pct__bucket | c1_favorable_body_return_pct__bucket | c2_favorable_body_return_pct__bucket | c1_favorable_vwap_distance_pct__bucket | c2_favorable_vwap_distance_pct__bucket | c2_vwap_penetration_pct__bucket | c1_to_c2_close_progress_pct__bucket | c2_to_c1_volume_ratio__bucket | c1_range_pct__bucket | c2_range_pct__bucket | clv_change_pp__bucket | vwap_distance_change_pp__bucket
A39_T_V1_VWAP_EXPANSION_Q3,ae2_preferred_level_timing_v1,data\second1m_alt_entry_research_v1\ae2_market_regime_v1\ae2_market_regime_features_v1.parquet,False,c1_open | c1_high | c1_low | c1_close | c1_volume | c1_vwap | c2_open | c2_high | c2_low | c2_close | c2_volume | c2_vwap | c3_vwap | c1_direction_aligned | c1_vwap_close_ok | c2_direction_aligned | c2_vwap_close_ok | c2_no_touch_ok | c2_vwap_touch_or_cross | c1_body_to_range_pct | c2_body_to_range_pct | c1_favorable_clv_pct | c2_favorable_clv_pct | c1_favorable_wick_pct | c2_favorable_wick_pct | c1_adverse_wick_pct | c2_adverse_wick_pct | c1_favorable_body_return_pct | c2_favorable_body_return_pct | c1_favorable_vwap_distance_pct | c2_favorable_vwap_distance_pct | c2_vwap_penetration_pct | c1_to_c2_close_progress_pct | c2_to_c1_volume_ratio | c1_range_pct | c2_range_pct | clv_change_pp | vwap_distance_change_pp | c1_body_to_range_pct__bucket | c2_body_to_range_pct__bucket | c1_favorable_clv_pct__bucket | c2_favorable_clv_pct__bucket | c1_favorable_wick_pct__bucket | c2_favorable_wick_pct__bucket | c1_adverse_wick_pct__bucket | c2_adverse_wick_pct__bucket | c1_favorable_body_return_pct__bucket | c2_favorable_body_return_pct__bucket | c1_favorable_vwap_distance_pct__bucket | c2_favorable_vwap_distance_pct__bucket | c2_vwap_penetration_pct__bucket | c1_to_c2_close_progress_pct__bucket | c2_to_c1_volume_ratio__bucket | c1_range_pct__bucket | c2_range_pct__bucket | clv_change_pp__bucket | vwap_distance_change_pp__bucket
A39_T_V1_VWAP_EXPANSION_Q3,ae2_preferred_level_timing_v1,data\second1m_alt_entry_research_v1\ae2_opening_liquidity_v1\a49_opening_liquidity_features_v1.parquet,False,c1_close | c2_close | c1_volume | c2_volume
A39_T_V1_VWAP_EXPANSION_Q3,ae2_preferred_level_timing_v1,data\second1m_alt_entry_research_v1\ae2_opening_volume_v1\ae2_opening_volume_features_v1.parquet,False,c1_open | c1_high | c1_low | c1_close | c1_volume | c1_vwap | c2_open | c2_high | c2_low | c2_close | c2_volume | c2_vwap | c3_vwap | c1_direction_aligned | c1_vwap_close_ok | c2_direction_aligned | c2_vwap_close_ok | c2_no_touch_ok | c2_vwap_touch_or_cross | c1_body_to_range_pct | c2_body_to_range_pct | c1_favorable_clv_pct | c2_favorable_clv_pct | c1_favorable_wick_pct | c2_favorable_wick_pct | c1_adverse_wick_pct | c2_adverse_wick_pct | c1_favorable_body_return_pct | c2_favorable_body_return_pct | c1_favorable_vwap_distance_pct | c2_favorable_vwap_distance_pct | c2_vwap_penetration_pct | c1_to_c2_close_progress_pct | c2_to_c1_volume_ratio | c1_range_pct | c2_range_pct | clv_change_pp | vwap_distance_change_pp | c1_body_to_range_pct__bucket | c2_body_to_range_pct__bucket | c1_favorable_clv_pct__bucket | c2_favorable_clv_pct__bucket | c1_favorable_wick_pct__bucket | c2_favorable_wick_pct__bucket | c1_adverse_wick_pct__bucket | c2_adverse_wick_pct__bucket | c1_favorable_body_return_pct__bucket | c2_favorable_body_return_pct__bucket | c1_favorable_vwap_distance_pct__bucket | c2_favorable_vwap_distance_pct__bucket | c2_vwap_penetration_pct__bucket | c1_to_c2_close_progress_pct__bucket | c2_to_c1_volume_ratio__bucket | c1_range_pct__bucket | c2_range_pct__bucket | clv_change_pp__bucket | vwap_distance_change_pp__bucket | hist_c1_volume | hist_c2_volume | c2_vs_c1_volume_ratio | hist_c1_volume_median_20d_prior | hist_c1_volume_median_60d_prior | hist_c2_volume_median_20d_prior | hist_c2_volume_median_60d_prior | c1_rvol_20d | c2_rvol_20d | c1_rvol_60d | c2_rvol_60d | c1_rvol_20d_state | c2_rvol_20d_state | c2_vs_c1_volume_state | c1_rvol_20d_discovery_state | c2_rvol_20d_discovery_state | c2_vs_c1_volume_ratio_discovery_state
A39_T_V1_VWAP_EXPANSION_Q3,ae2_preferred_level_timing_v1,data\second1m_alt_entry_research_v1\ae2_postsignal_paths_v1\ae2_postsignal_path_features_v1.parquet,False,c1_open | c1_high | c1_low | c1_close | c1_volume | c1_vwap | c2_open | c2_high | c2_low | c2_close | c2_volume | c2_vwap | c3_vwap | c1_direction_aligned | c1_vwap_close_ok | c2_direction_aligned | c2_vwap_close_ok | c2_no_touch_ok | c2_vwap_touch_or_cross | c1_body_to_range_pct | c2_body_to_range_pct | c1_favorable_clv_pct | c2_favorable_clv_pct | c1_favorable_wick_pct | c2_favorable_wick_pct | c1_adverse_wick_pct | c2_adverse_wick_pct | c1_favorable_body_return_pct | c2_favorable_body_return_pct | c1_favorable_vwap_distance_pct | c2_favorable_vwap_distance_pct | c2_vwap_penetration_pct | c1_to_c2_close_progress_pct | c2_to_c1_volume_ratio | c1_range_pct | c2_range_pct | clv_change_pp | vwap_distance_change_pp | c1_body_to_range_pct__bucket | c2_body_to_range_pct__bucket | c1_favorable_clv_pct__bucket | c2_favorable_clv_pct__bucket | c1_favorable_wick_pct__bucket | c2_favorable_wick_pct__bucket | c1_adverse_wick_pct__bucket | c2_adverse_wick_pct__bucket | c1_favorable_body_return_pct__bucket | c2_favorable_body_return_pct__bucket | c1_favorable_vwap_distance_pct__bucket | c2_favorable_vwap_distance_pct__bucket | c2_vwap_penetration_pct__bucket | c1_to_c2_close_progress_pct__bucket | c2_to_c1_volume_ratio__bucket | c1_range_pct__bucket | c2_range_pct__bucket | clv_change_pp__bucket | vwap_distance_change_pp__bucket | hist_c1_volume | hist_c2_volume | c2_vs_c1_volume_ratio | hist_c1_volume_median_20d_prior | hist_c1_volume_median_60d_prior | hist_c2_volume_median_20d_prior | hist_c2_volume_median_60d_prior | c1_rvol_20d | c2_rvol_20d | c1_rvol_60d | c2_rvol_60d | c1_rvol_20d_state | c2_rvol_20d_state | c2_vs_c1_volume_state | c1_rvol_20d_discovery_state | c2_rvol_20d_discovery_state | c2_vs_c1_volume_ratio_discovery_state | low_c2_rvol_market_opposition_state | c2_vs_c1_volume_ratio_winsor | pm_c1_cross | pm_c2_cross | pm_c2_closed_beyond | ah_c1_cross | ah_c2_cross | ah_c2_closed_beyond | pd_c1_cross | pd_c2_cross | pd_c2_closed_beyond | c2_break_level_n | c2_break_count_state | multiple_c2_break_candidate | post_c3_vwap | post_c4_vwap | post_c5_vwap | post_c6_vwap | post_c7_vwap | post_c8_vwap | post_c9_vwap | post_c10_open | post_c10_high | post_c10_low | post_c10_close | post_c10_volume
A39_T_V1_VWAP_EXPANSION_Q3,ae2_preferred_level_timing_v1,data\second1m_alt_entry_research_v1\ae2_preferred_level_timing_v1\a38_preferred_level_timing_events_v1.parquet,True,c1_close | c2_close | c1_pm_beyond | c1_ah_beyond | c1_pd_beyond | c2_pm_beyond_calc | c2_ah_beyond_calc | c2_pd_beyond_calc | c1_levels_cleared_n | c2_levels_cleared_calc_n | levels_newly_cleared_by_c2_n | c1_cleared_pattern | c2_break_level_n | c2_break_count_state
A39_T_V1_VWAP_EXPANSION_Q3,ae2_preferred_level_timing_v1,data\second1m_alt_entry_research_v1\ae2_premarket_context_v1\ae2_premarket_context_features_v1.parquet,False,c1_open | c1_high | c1_low | c1_close | c1_volume | c1_vwap | c2_open | c2_high | c2_low | c2_close | c2_volume | c2_vwap | c3_vwap | c1_direction_aligned | c1_vwap_close_ok | c2_direction_aligned | c2_vwap_close_ok | c2_no_touch_ok | c2_vwap_touch_or_cross | c1_body_to_range_pct | c2_body_to_range_pct | c1_favorable_clv_pct | c2_favorable_clv_pct | c1_favorable_wick_pct | c2_favorable_wick_pct | c1_adverse_wick_pct | c2_adverse_wick_pct | c1_favorable_body_return_pct | c2_favorable_body_return_pct | c1_favorable_vwap_distance_pct | c2_favorable_vwap_distance_pct | c2_vwap_penetration_pct | c1_to_c2_close_progress_pct | c2_to_c1_volume_ratio | c1_range_pct | c2_range_pct | clv_change_pp | vwap_distance_change_pp | c1_body_to_range_pct__bucket | c2_body_to_range_pct__bucket | c1_favorable_clv_pct__bucket | c2_favorable_clv_pct__bucket | c1_favorable_wick_pct__bucket | c2_favorable_wick_pct__bucket | c1_adverse_wick_pct__bucket | c2_adverse_wick_pct__bucket | c1_favorable_body_return_pct__bucket | c2_favorable_body_return_pct__bucket | c1_favorable_vwap_distance_pct__bucket | c2_favorable_vwap_distance_pct__bucket | c2_vwap_penetration_pct__bucket | c1_to_c2_close_progress_pct__bucket | c2_to_c1_volume_ratio__bucket | c1_range_pct__bucket | c2_range_pct__bucket | clv_change_pp__bucket | vwap_distance_change_pp__bucket | hist_c1_volume | hist_c2_volume | c2_vs_c1_volume_ratio | hist_c1_volume_median_20d_prior | hist_c1_volume_median_60d_prior | hist_c2_volume_median_20d_prior | hist_c2_volume_median_60d_prior | c1_rvol_20d | c2_rvol_20d | c1_rvol_60d | c2_rvol_60d | c1_rvol_20d_state | c2_rvol_20d_state | c2_vs_c1_volume_state | c1_rvol_20d_discovery_state | c2_rvol_20d_discovery_state | c2_vs_c1_volume_ratio_discovery_state | low_c2_rvol_market_opposition_state | c2_vs_c1_volume_ratio_winsor | pm_c1_cross | pm_c2_cross | pm_c2_closed_beyond | ah_c1_cross | ah_c2_cross | ah_c2_closed_beyond | pd_c1_cross | pd_c2_cross | pd_c2_closed_beyond | c2_break_level_n | c2_break_count_state | multiple_c2_break_candidate
A39_T_V1_VWAP_EXPANSION_Q3,ae2_preferred_level_timing_v1,data\second1m_alt_entry_research_v1\ae2_premarket_robustness_v1\ae2_premarket_robustness_features_v1.parquet,False,c1_open | c1_high | c1_low | c1_close | c1_volume | c1_vwap | c2_open | c2_high | c2_low | c2_close | c2_volume | c2_vwap | c3_vwap | c1_direction_aligned | c1_vwap_close_ok | c2_direction_aligned | c2_vwap_close_ok | c2_no_touch_ok | c2_vwap_touch_or_cross | c1_body_to_range_pct | c2_body_to_range_pct | c1_favorable_clv_pct | c2_favorable_clv_pct | c1_favorable_wick_pct | c2_favorable_wick_pct | c1_adverse_wick_pct | c2_adverse_wick_pct | c1_favorable_body_return_pct | c2_favorable_body_return_pct | c1_favorable_vwap_distance_pct | c2_favorable_vwap_distance_pct | c2_vwap_penetration_pct | c1_to_c2_close_progress_pct | c2_to_c1_volume_ratio | c1_range_pct | c2_range_pct | clv_change_pp | vwap_distance_change_pp | c1_body_to_range_pct__bucket | c2_body_to_range_pct__bucket | c1_favorable_clv_pct__bucket | c2_favorable_clv_pct__bucket | c1_favorable_wick_pct__bucket | c2_favorable_wick_pct__bucket | c1_adverse_wick_pct__bucket | c2_adverse_wick_pct__bucket | c1_favorable_body_return_pct__bucket | c2_favorable_body_return_pct__bucket | c1_favorable_vwap_distance_pct__bucket | c2_favorable_vwap_distance_pct__bucket | c2_vwap_penetration_pct__bucket | c1_to_c2_close_progress_pct__bucket | c2_to_c1_volume_ratio__bucket | c1_range_pct__bucket | c2_range_pct__bucket | clv_change_pp__bucket | vwap_distance_change_pp__bucket | hist_c1_volume | hist_c2_volume | c2_vs_c1_volume_ratio | hist_c1_volume_median_20d_prior | hist_c1_volume_median_60d_prior | hist_c2_volume_median_20d_prior | hist_c2_volume_median_60d_prior | c1_rvol_20d | c2_rvol_20d | c1_rvol_60d | c2_rvol_60d | c1_rvol_20d_state | c2_rvol_20d_state | c2_vs_c1_volume_state | c1_rvol_20d_discovery_state | c2_rvol_20d_discovery_state | c2_vs_c1_volume_ratio_discovery_state | low_c2_rvol_market_opposition_state | c2_vs_c1_volume_ratio_winsor | pm_c1_cross | pm_c2_cross | pm_c2_closed_beyond | ah_c1_cross | ah_c2_cross | ah_c2_closed_beyond | pd_c1_cross | pd_c2_cross | pd_c2_closed_beyond | c2_break_level_n | c2_break_count_state | multiple_c2_break_candidate
A39_T_V1_VWAP_EXPANSION_Q3,ae2_preferred_level_timing_v1,data\second1m_alt_entry_research_v1\ae2_relative_strength_robustness_v1\relative_strength_robustness_features_v1.parquet,False,c1_open | c1_high | c1_low | c1_close | c1_volume | c1_vwap | c2_open | c2_high | c2_low | c2_close | c2_volume | c2_vwap | c3_vwap | c1_direction_aligned | c1_vwap_close_ok | c2_direction_aligned | c2_vwap_close_ok | c2_no_touch_ok | c2_vwap_touch_or_cross | c1_body_to_range_pct | c2_body_to_range_pct | c1_favorable_clv_pct | c2_favorable_clv_pct | c1_favorable_wick_pct | c2_favorable_wick_pct | c1_adverse_wick_pct | c2_adverse_wick_pct | c1_favorable_body_return_pct | c2_favorable_body_return_pct | c1_favorable_vwap_distance_pct | c2_favorable_vwap_distance_pct | c2_vwap_penetration_pct | c1_to_c2_close_progress_pct | c2_to_c1_volume_ratio | c1_range_pct | c2_range_pct | clv_change_pp | vwap_distance_change_pp | c1_body_to_range_pct__bucket | c2_body_to_range_pct__bucket | c1_favorable_clv_pct__bucket | c2_favorable_clv_pct__bucket | c1_favorable_wick_pct__bucket | c2_favorable_wick_pct__bucket | c1_adverse_wick_pct__bucket | c2_adverse_wick_pct__bucket | c1_favorable_body_return_pct__bucket | c2_favorable_body_return_pct__bucket | c1_favorable_vwap_distance_pct__bucket | c2_favorable_vwap_distance_pct__bucket | c2_vwap_penetration_pct__bucket | c1_to_c2_close_progress_pct__bucket | c2_to_c1_volume_ratio__bucket | c1_range_pct__bucket | c2_range_pct__bucket | clv_change_pp__bucket | vwap_distance_change_pp__bucket
A39_T_V1_VWAP_EXPANSION_Q3,ae2_preferred_level_timing_v1,data\second1m_alt_entry_research_v1\ae2_relative_strength_v1\ae2_relative_strength_features_v1.parquet,False,c1_open | c1_high | c1_low | c1_close | c1_volume | c1_vwap | c2_open | c2_high | c2_low | c2_close | c2_volume | c2_vwap | c3_vwap | c1_direction_aligned | c1_vwap_close_ok | c2_direction_aligned | c2_vwap_close_ok | c2_no_touch_ok | c2_vwap_touch_or_cross | c1_body_to_range_pct | c2_body_to_range_pct | c1_favorable_clv_pct | c2_favorable_clv_pct | c1_favorable_wick_pct | c2_favorable_wick_pct | c1_adverse_wick_pct | c2_adverse_wick_pct | c1_favorable_body_return_pct | c2_favorable_body_return_pct | c1_favorable_vwap_distance_pct | c2_favorable_vwap_distance_pct | c2_vwap_penetration_pct | c1_to_c2_close_progress_pct | c2_to_c1_volume_ratio | c1_range_pct | c2_range_pct | clv_change_pp | vwap_distance_change_pp | c1_body_to_range_pct__bucket | c2_body_to_range_pct__bucket | c1_favorable_clv_pct__bucket | c2_favorable_clv_pct__bucket | c1_favorable_wick_pct__bucket | c2_favorable_wick_pct__bucket | c1_adverse_wick_pct__bucket | c2_adverse_wick_pct__bucket | c1_favorable_body_return_pct__bucket | c2_favorable_body_return_pct__bucket | c1_favorable_vwap_distance_pct__bucket | c2_favorable_vwap_distance_pct__bucket | c2_vwap_penetration_pct__bucket | c1_to_c2_close_progress_pct__bucket | c2_to_c1_volume_ratio__bucket | c1_range_pct__bucket | c2_range_pct__bucket | clv_change_pp__bucket | vwap_distance_change_pp__bucket
A39_T_V1_VWAP_EXPANSION_Q3,ae2_preferred_level_timing_v1,data\second1m_alt_entry_research_v1\ae2_robustness_v1\ae2_structural_states_v1.parquet,False,c1_open | c1_high | c1_low | c1_close | c1_volume | c1_vwap | c2_open | c2_high | c2_low | c2_close | c2_volume | c2_vwap | c3_vwap | c1_direction_aligned | c1_vwap_close_ok | c2_direction_aligned | c2_vwap_close_ok | c2_no_touch_ok | c2_vwap_touch_or_cross | c1_body_to_range_pct | c2_body_to_range_pct | c1_favorable_clv_pct | c2_favorable_clv_pct | c1_favorable_wick_pct | c2_favorable_wick_pct | c1_adverse_wick_pct | c2_adverse_wick_pct | c1_favorable_body_return_pct | c2_favorable_body_return_pct | c1_favorable_vwap_distance_pct | c2_favorable_vwap_distance_pct | c2_vwap_penetration_pct | c1_to_c2_close_progress_pct | c2_to_c1_volume_ratio | c1_range_pct | c2_range_pct | clv_change_pp | vwap_distance_change_pp | c1_body_to_range_pct__bucket | c2_body_to_range_pct__bucket | c1_favorable_clv_pct__bucket | c2_favorable_clv_pct__bucket | c1_favorable_wick_pct__bucket | c2_favorable_wick_pct__bucket | c1_adverse_wick_pct__bucket | c2_adverse_wick_pct__bucket | c1_favorable_body_return_pct__bucket | c2_favorable_body_return_pct__bucket | c1_favorable_vwap_distance_pct__bucket | c2_favorable_vwap_distance_pct__bucket | c2_vwap_penetration_pct__bucket | c1_to_c2_close_progress_pct__bucket | c2_to_c1_volume_ratio__bucket | c1_range_pct__bucket | c2_range_pct__bucket | clv_change_pp__bucket | vwap_distance_change_pp__bucket | C2_VWAP_DISTANCE__STATE | C2_VWAP_DISTANCE__EXTREME | C2_BODY_RETURN__STATE | C2_BODY_RETURN__EXTREME | C1_TO_C2_PROGRESS__STATE | C1_TO_C2_PROGRESS__EXTREME | C2_FAVORABLE_CLV__STATE | C2_FAVORABLE_CLV__EXTREME
A39_T_V1_VWAP_EXPANSION_Q3,ae2_preferred_level_timing_v1,data\second1m_alt_entry_research_v1\ae2_session_level_geometry_v1\a37_session_level_geometry_events_v1.parquet,False,c2_close | c2_beyond_pm_pct | c2_beyond_ah_pct | c2_beyond_pd_pct | c2_beyond_outermost_pct
A39_T_V1_VWAP_EXPANSION_Q3,ae2_preferred_level_timing_v1,data\second1m_alt_entry_research_v1\ae2_session_levels_robustness_v1\ae2_session_levels_robustness_features_v1.parquet,False,c1_open | c1_high | c1_low | c1_close | c1_volume | c1_vwap | c2_open | c2_high | c2_low | c2_close | c2_volume | c2_vwap | c3_vwap | c1_direction_aligned | c1_vwap_close_ok | c2_direction_aligned | c2_vwap_close_ok | c2_no_touch_ok | c2_vwap_touch_or_cross | c1_body_to_range_pct | c2_body_to_range_pct | c1_favorable_clv_pct | c2_favorable_clv_pct | c1_favorable_wick_pct | c2_favorable_wick_pct | c1_adverse_wick_pct | c2_adverse_wick_pct | c1_favorable_body_return_pct | c2_favorable_body_return_pct | c1_favorable_vwap_distance_pct | c2_favorable_vwap_distance_pct | c2_vwap_penetration_pct | c1_to_c2_close_progress_pct | c2_to_c1_volume_ratio | c1_range_pct | c2_range_pct | clv_change_pp | vwap_distance_change_pp | c1_body_to_range_pct__bucket | c2_body_to_range_pct__bucket | c1_favorable_clv_pct__bucket | c2_favorable_clv_pct__bucket | c1_favorable_wick_pct__bucket | c2_favorable_wick_pct__bucket | c1_adverse_wick_pct__bucket | c2_adverse_wick_pct__bucket | c1_favorable_body_return_pct__bucket | c2_favorable_body_return_pct__bucket | c1_favorable_vwap_distance_pct__bucket | c2_favorable_vwap_distance_pct__bucket | c2_vwap_penetration_pct__bucket | c1_to_c2_close_progress_pct__bucket | c2_to_c1_volume_ratio__bucket | c1_range_pct__bucket | c2_range_pct__bucket | clv_change_pp__bucket | vwap_distance_change_pp__bucket | hist_c1_volume | hist_c2_volume | c2_vs_c1_volume_ratio | hist_c1_volume_median_20d_prior | hist_c1_volume_median_60d_prior | hist_c2_volume_median_20d_prior | hist_c2_volume_median_60d_prior | c1_rvol_20d | c2_rvol_20d | c1_rvol_60d | c2_rvol_60d | c1_rvol_20d_state | c2_rvol_20d_state | c2_vs_c1_volume_state | c1_rvol_20d_discovery_state | c2_rvol_20d_discovery_state | c2_vs_c1_volume_ratio_discovery_state | low_c2_rvol_market_opposition_state | c2_vs_c1_volume_ratio_winsor | pm_c1_cross | pm_c2_cross | pm_c2_closed_beyond | ah_c1_cross | ah_c2_cross | ah_c2_closed_beyond | pd_c1_cross | pd_c2_cross | pd_c2_closed_beyond | c2_break_level_n | c2_break_count_state | multiple_c2_break_candidate
A39_T_V1_VWAP_EXPANSION_Q3,ae2_preferred_level_timing_v1,data\second1m_alt_entry_research_v1\ae2_session_levels_v1\ae2_session_level_features_v1.parquet,False,c1_open | c1_high | c1_low | c1_close | c1_volume | c1_vwap | c2_open | c2_high | c2_low | c2_close | c2_volume | c2_vwap | c3_vwap | c1_direction_aligned | c1_vwap_close_ok | c2_direction_aligned | c2_vwap_close_ok | c2_no_touch_ok | c2_vwap_touch_or_cross | c1_body_to_range_pct | c2_body_to_range_pct | c1_favorable_clv_pct | c2_favorable_clv_pct | c1_favorable_wick_pct | c2_favorable_wick_pct | c1_adverse_wick_pct | c2_adverse_wick_pct | c1_favorable_body_return_pct | c2_favorable_body_return_pct | c1_favorable_vwap_distance_pct | c2_favorable_vwap_distance_pct | c2_vwap_penetration_pct | c1_to_c2_close_progress_pct | c2_to_c1_volume_ratio | c1_range_pct | c2_range_pct | clv_change_pp | vwap_distance_change_pp | c1_body_to_range_pct__bucket | c2_body_to_range_pct__bucket | c1_favorable_clv_pct__bucket | c2_favorable_clv_pct__bucket | c1_favorable_wick_pct__bucket | c2_favorable_wick_pct__bucket | c1_adverse_wick_pct__bucket | c2_adverse_wick_pct__bucket | c1_favorable_body_return_pct__bucket | c2_favorable_body_return_pct__bucket | c1_favorable_vwap_distance_pct__bucket | c2_favorable_vwap_distance_pct__bucket | c2_vwap_penetration_pct__bucket | c1_to_c2_close_progress_pct__bucket | c2_to_c1_volume_ratio__bucket | c1_range_pct__bucket | c2_range_pct__bucket | clv_change_pp__bucket | vwap_distance_change_pp__bucket | hist_c1_volume | hist_c2_volume | c2_vs_c1_volume_ratio | hist_c1_volume_median_20d_prior | hist_c1_volume_median_60d_prior | hist_c2_volume_median_20d_prior | hist_c2_volume_median_60d_prior | c1_rvol_20d | c2_rvol_20d | c1_rvol_60d | c2_rvol_60d | c1_rvol_20d_state | c2_rvol_20d_state | c2_vs_c1_volume_state | c1_rvol_20d_discovery_state | c2_rvol_20d_discovery_state | c2_vs_c1_volume_ratio_discovery_state | low_c2_rvol_market_opposition_state | c2_vs_c1_volume_ratio_winsor | pm_c1_cross | pm_c2_cross | pm_c2_closed_beyond | ah_c1_cross | ah_c2_cross | ah_c2_closed_beyond | pd_c1_cross | pd_c2_cross | pd_c2_closed_beyond | c2_break_level_n | c2_break_count_state
A39_T_V1_VWAP_EXPANSION_Q3,ae2_preferred_level_timing_v1,data\second1m_alt_entry_research_v1\ae2_short_ma_warning_v1\ae2_short_ma_warning_features_v1.parquet,False,c1_open | c1_high | c1_low | c1_close | c1_volume | c1_vwap | c2_open | c2_high | c2_low | c2_close | c2_volume | c2_vwap | c3_vwap | c1_direction_aligned | c1_vwap_close_ok | c2_direction_aligned | c2_vwap_close_ok | c2_no_touch_ok | c2_vwap_touch_or_cross | c1_body_to_range_pct | c2_body_to_range_pct | c1_favorable_clv_pct | c2_favorable_clv_pct | c1_favorable_wick_pct | c2_favorable_wick_pct | c1_adverse_wick_pct | c2_adverse_wick_pct | c1_favorable_body_return_pct | c2_favorable_body_return_pct | c1_favorable_vwap_distance_pct | c2_favorable_vwap_distance_pct | c2_vwap_penetration_pct | c1_to_c2_close_progress_pct | c2_to_c1_volume_ratio | c1_range_pct | c2_range_pct | clv_change_pp | vwap_distance_change_pp | c1_body_to_range_pct__bucket | c2_body_to_range_pct__bucket | c1_favorable_clv_pct__bucket | c2_favorable_clv_pct__bucket | c1_favorable_wick_pct__bucket | c2_favorable_wick_pct__bucket | c1_adverse_wick_pct__bucket | c2_adverse_wick_pct__bucket | c1_favorable_body_return_pct__bucket | c2_favorable_body_return_pct__bucket | c1_favorable_vwap_distance_pct__bucket | c2_favorable_vwap_distance_pct__bucket | c2_vwap_penetration_pct__bucket | c1_to_c2_close_progress_pct__bucket | c2_to_c1_volume_ratio__bucket | c1_range_pct__bucket | c2_range_pct__bucket | clv_change_pp__bucket | vwap_distance_change_pp__bucket
A39_T_V1_VWAP_EXPANSION_Q3,ae2_preferred_level_timing_v1,data\second1m_alt_entry_research_v1\ae2_three_index_regime_v1\ae2_three_index_regime_features_v1.parquet,False,c1_open | c1_high | c1_low | c1_close | c1_volume | c1_vwap | c2_open | c2_high | c2_low | c2_close | c2_volume | c2_vwap | c3_vwap | c1_direction_aligned | c1_vwap_close_ok | c2_direction_aligned | c2_vwap_close_ok | c2_no_touch_ok | c2_vwap_touch_or_cross | c1_body_to_range_pct | c2_body_to_range_pct | c1_favorable_clv_pct | c2_favorable_clv_pct | c1_favorable_wick_pct | c2_favorable_wick_pct | c1_adverse_wick_pct | c2_adverse_wick_pct | c1_favorable_body_return_pct | c2_favorable_body_return_pct | c1_favorable_vwap_distance_pct | c2_favorable_vwap_distance_pct | c2_vwap_penetration_pct | c1_to_c2_close_progress_pct | c2_to_c1_volume_ratio | c1_range_pct | c2_range_pct | clv_change_pp | vwap_distance_change_pp | c1_body_to_range_pct__bucket | c2_body_to_range_pct__bucket | c1_favorable_clv_pct__bucket | c2_favorable_clv_pct__bucket | c1_favorable_wick_pct__bucket | c2_favorable_wick_pct__bucket | c1_adverse_wick_pct__bucket | c2_adverse_wick_pct__bucket | c1_favorable_body_return_pct__bucket | c2_favorable_body_return_pct__bucket | c1_favorable_vwap_distance_pct__bucket | c2_favorable_vwap_distance_pct__bucket | c2_vwap_penetration_pct__bucket | c1_to_c2_close_progress_pct__bucket | c2_to_c1_volume_ratio__bucket | c1_range_pct__bucket | c2_range_pct__bucket | clv_change_pp__bucket | vwap_distance_change_pp__bucket
A39_T_V1_VWAP_EXPANSION_Q3,ae2_preferred_level_timing_v1,data\second1m_alt_entry_research_v1\ae2_trend_exhaustion_robustness_v1\trend_exhaustion_states_v1.parquet,False,c1_open | c1_high | c1_low | c1_close | c1_volume | c1_vwap | c2_open | c2_high | c2_low | c2_close | c2_volume | c2_vwap | c3_vwap | c1_direction_aligned | c1_vwap_close_ok | c2_direction_aligned | c2_vwap_close_ok | c2_no_touch_ok | c2_vwap_touch_or_cross | c1_body_to_range_pct | c2_body_to_range_pct | c1_favorable_clv_pct | c2_favorable_clv_pct | c1_favorable_wick_pct | c2_favorable_wick_pct | c1_adverse_wick_pct | c2_adverse_wick_pct | c1_favorable_body_return_pct | c2_favorable_body_return_pct | c1_favorable_vwap_distance_pct | c2_favorable_vwap_distance_pct | c2_vwap_penetration_pct | c1_to_c2_close_progress_pct | c2_to_c1_volume_ratio | c1_range_pct | c2_range_pct | clv_change_pp | vwap_distance_change_pp | c1_body_to_range_pct__bucket | c2_body_to_range_pct__bucket | c1_favorable_clv_pct__bucket | c2_favorable_clv_pct__bucket | c1_favorable_wick_pct__bucket | c2_favorable_wick_pct__bucket | c1_adverse_wick_pct__bucket | c2_adverse_wick_pct__bucket | c1_favorable_body_return_pct__bucket | c2_favorable_body_return_pct__bucket | c1_favorable_vwap_distance_pct__bucket | c2_favorable_vwap_distance_pct__bucket | c2_vwap_penetration_pct__bucket | c1_to_c2_close_progress_pct__bucket | c2_to_c1_volume_ratio__bucket | c1_range_pct__bucket | c2_range_pct__bucket | clv_change_pp__bucket | vwap_distance_change_pp__bucket
A39_T_V1_VWAP_EXPANSION_Q3,ae2_preferred_level_timing_v1,data\second1m_alt_entry_research_v1\ae2_volume_robustness_v1\ae2_volume_robustness_features_v1.parquet,False,c1_open | c1_high | c1_low | c1_close | c1_volume | c1_vwap | c2_open | c2_high | c2_low | c2_close | c2_volume | c2_vwap | c3_vwap | c1_direction_aligned | c1_vwap_close_ok | c2_direction_aligned | c2_vwap_close_ok | c2_no_touch_ok | c2_vwap_touch_or_cross | c1_body_to_range_pct | c2_body_to_range_pct | c1_favorable_clv_pct | c2_favorable_clv_pct | c1_favorable_wick_pct | c2_favorable_wick_pct | c1_adverse_wick_pct | c2_adverse_wick_pct | c1_favorable_body_return_pct | c2_favorable_body_return_pct | c1_favorable_vwap_distance_pct | c2_favorable_vwap_distance_pct | c2_vwap_penetration_pct | c1_to_c2_close_progress_pct | c2_to_c1_volume_ratio | c1_range_pct | c2_range_pct | clv_change_pp | vwap_distance_change_pp | c1_body_to_range_pct__bucket | c2_body_to_range_pct__bucket | c1_favorable_clv_pct__bucket | c2_favorable_clv_pct__bucket | c1_favorable_wick_pct__bucket | c2_favorable_wick_pct__bucket | c1_adverse_wick_pct__bucket | c2_adverse_wick_pct__bucket | c1_favorable_body_return_pct__bucket | c2_favorable_body_return_pct__bucket | c1_favorable_vwap_distance_pct__bucket | c2_favorable_vwap_distance_pct__bucket | c2_vwap_penetration_pct__bucket | c1_to_c2_close_progress_pct__bucket | c2_to_c1_volume_ratio__bucket | c1_range_pct__bucket | c2_range_pct__bucket | clv_change_pp__bucket | vwap_distance_change_pp__bucket | hist_c1_volume | hist_c2_volume | c2_vs_c1_volume_ratio | hist_c1_volume_median_20d_prior | hist_c1_volume_median_60d_prior | hist_c2_volume_median_20d_prior | hist_c2_volume_median_60d_prior | c1_rvol_20d | c2_rvol_20d | c1_rvol_60d | c2_rvol_60d | c1_rvol_20d_state | c2_rvol_20d_state | c2_vs_c1_volume_state | c1_rvol_20d_discovery_state | c2_rvol_20d_discovery_state | c2_vs_c1_volume_ratio_discovery_state | low_c2_rvol_market_opposition_state | c2_vs_c1_volume_ratio_winsor
A39_T_V1_VWAP_EXPANSION_Q3,ae2_preferred_level_timing_v1,data\second1m_alt_entry_research_v1\ae2_warning_context_v1\ae2_warning_context_features_v1.parquet,False,c1_open | c1_high | c1_low | c1_close | c1_volume | c1_vwap | c2_open | c2_high | c2_low | c2_close | c2_volume | c2_vwap | c3_vwap | c1_direction_aligned | c1_vwap_close_ok | c2_direction_aligned | c2_vwap_close_ok | c2_no_touch_ok | c2_vwap_touch_or_cross | c1_body_to_range_pct | c2_body_to_range_pct | c1_favorable_clv_pct | c2_favorable_clv_pct | c1_favorable_wick_pct | c2_favorable_wick_pct | c1_adverse_wick_pct | c2_adverse_wick_pct | c1_favorable_body_return_pct | c2_favorable_body_return_pct | c1_favorable_vwap_distance_pct | c2_favorable_vwap_distance_pct | c2_vwap_penetration_pct | c1_to_c2_close_progress_pct | c2_to_c1_volume_ratio | c1_range_pct | c2_range_pct | clv_change_pp | vwap_distance_change_pp | c1_body_to_range_pct__bucket | c2_body_to_range_pct__bucket | c1_favorable_clv_pct__bucket | c2_favorable_clv_pct__bucket | c1_favorable_wick_pct__bucket | c2_favorable_wick_pct__bucket | c1_adverse_wick_pct__bucket | c2_adverse_wick_pct__bucket | c1_favorable_body_return_pct__bucket | c2_favorable_body_return_pct__bucket | c1_favorable_vwap_distance_pct__bucket | c2_favorable_vwap_distance_pct__bucket | c2_vwap_penetration_pct__bucket | c1_to_c2_close_progress_pct__bucket | c2_to_c1_volume_ratio__bucket | c1_range_pct__bucket | c2_range_pct__bucket | clv_change_pp__bucket | vwap_distance_change_pp__bucket | hist_c1_volume | hist_c2_volume | c2_vs_c1_volume_ratio | hist_c1_volume_median_20d_prior | hist_c1_volume_median_60d_prior | hist_c2_volume_median_20d_prior | hist_c2_volume_median_60d_prior | c1_rvol_20d | c2_rvol_20d | c1_rvol_60d | c2_rvol_60d | c1_rvol_20d_state | c2_rvol_20d_state | c2_vs_c1_volume_state | c1_rvol_20d_discovery_state | c2_rvol_20d_discovery_state | c2_vs_c1_volume_ratio_discovery_state | low_c2_rvol_market_opposition_state | c2_vs_c1_volume_ratio_winsor | pm_c1_cross | pm_c2_cross | pm_c2_closed_beyond | ah_c1_cross | ah_c2_cross | ah_c2_closed_beyond | pd_c1_cross | pd_c2_cross | pd_c2_closed_beyond | c2_break_level_n | c2_break_count_state | multiple_c2_break_candidate | post_c3_vwap | post_c4_vwap | post_c5_vwap | post_c6_vwap | post_c7_vwap | post_c8_vwap | post_c9_vwap | post_c10_open | post_c10_high | post_c10_low | post_c10_close | post_c10_volume
A39_T_V1_VWAP_EXPANSION_Q3,ae2_preferred_level_timing_v1,data\second1m_alt_entry_research_v1\ae2_warning_exit_utility_v1\ae2_warning_exit_utility_features_v1.parquet,False,c1_open | c1_high | c1_low | c1_close | c1_volume | c1_vwap | c2_open | c2_high | c2_low | c2_close | c2_volume | c2_vwap | c3_vwap | c1_direction_aligned | c1_vwap_close_ok | c2_direction_aligned | c2_vwap_close_ok | c2_no_touch_ok | c2_vwap_touch_or_cross | c1_body_to_range_pct | c2_body_to_range_pct | c1_favorable_clv_pct | c2_favorable_clv_pct | c1_favorable_wick_pct | c2_favorable_wick_pct | c1_adverse_wick_pct | c2_adverse_wick_pct | c1_favorable_body_return_pct | c2_favorable_body_return_pct | c1_favorable_vwap_distance_pct | c2_favorable_vwap_distance_pct | c2_vwap_penetration_pct | c1_to_c2_close_progress_pct | c2_to_c1_volume_ratio | c1_range_pct | c2_range_pct | clv_change_pp | vwap_distance_change_pp | c1_body_to_range_pct__bucket | c2_body_to_range_pct__bucket | c1_favorable_clv_pct__bucket | c2_favorable_clv_pct__bucket | c1_favorable_wick_pct__bucket | c2_favorable_wick_pct__bucket | c1_adverse_wick_pct__bucket | c2_adverse_wick_pct__bucket | c1_favorable_body_return_pct__bucket | c2_favorable_body_return_pct__bucket | c1_favorable_vwap_distance_pct__bucket | c2_favorable_vwap_distance_pct__bucket | c2_vwap_penetration_pct__bucket | c1_to_c2_close_progress_pct__bucket | c2_to_c1_volume_ratio__bucket | c1_range_pct__bucket | c2_range_pct__bucket | clv_change_pp__bucket | vwap_distance_change_pp__bucket | hist_c1_volume | hist_c2_volume | c2_vs_c1_volume_ratio | hist_c1_volume_median_20d_prior | hist_c1_volume_median_60d_prior | hist_c2_volume_median_20d_prior | hist_c2_volume_median_60d_prior | c1_rvol_20d | c2_rvol_20d | c1_rvol_60d | c2_rvol_60d | c1_rvol_20d_state | c2_rvol_20d_state | c2_vs_c1_volume_state | c1_rvol_20d_discovery_state | c2_rvol_20d_discovery_state | c2_vs_c1_volume_ratio_discovery_state | low_c2_rvol_market_opposition_state | c2_vs_c1_volume_ratio_winsor | pm_c1_cross | pm_c2_cross | pm_c2_closed_beyond | ah_c1_cross | ah_c2_cross | ah_c2_closed_beyond | pd_c1_cross | pd_c2_cross | pd_c2_closed_beyond | c2_break_level_n | c2_break_count_state | multiple_c2_break_candidate | post_c3_vwap | post_c4_vwap | post_c5_vwap | post_c6_vwap | post_c7_vwap | post_c8_vwap | post_c9_vwap | post_c10_open | post_c10_high | post_c10_low | post_c10_close | post_c10_volume
A39_T_V1_VWAP_EXPANSION_Q3,ae2_preferred_level_timing_v1,data\second1m_alt_entry_research_v1\ae2_warning_timing_v1\ae2_warning_timing_features_v1.parquet,False,c1_open | c1_high | c1_low | c1_close | c1_volume | c1_vwap | c2_open | c2_high | c2_low | c2_close | c2_volume | c2_vwap | c3_vwap | c1_direction_aligned | c1_vwap_close_ok | c2_direction_aligned | c2_vwap_close_ok | c2_no_touch_ok | c2_vwap_touch_or_cross | c1_body_to_range_pct | c2_body_to_range_pct | c1_favorable_clv_pct | c2_favorable_clv_pct | c1_favorable_wick_pct | c2_favorable_wick_pct | c1_adverse_wick_pct | c2_adverse_wick_pct | c1_favorable_body_return_pct | c2_favorable_body_return_pct | c1_favorable_vwap_distance_pct | c2_favorable_vwap_distance_pct | c2_vwap_penetration_pct | c1_to_c2_close_progress_pct | c2_to_c1_volume_ratio | c1_range_pct | c2_range_pct | clv_change_pp | vwap_distance_change_pp | c1_body_to_range_pct__bucket | c2_body_to_range_pct__bucket | c1_favorable_clv_pct__bucket | c2_favorable_clv_pct__bucket | c1_favorable_wick_pct__bucket | c2_favorable_wick_pct__bucket | c1_adverse_wick_pct__bucket | c2_adverse_wick_pct__bucket | c1_favorable_body_return_pct__bucket | c2_favorable_body_return_pct__bucket | c1_favorable_vwap_distance_pct__bucket | c2_favorable_vwap_distance_pct__bucket | c2_vwap_penetration_pct__bucket | c1_to_c2_close_progress_pct__bucket | c2_to_c1_volume_ratio__bucket | c1_range_pct__bucket | c2_range_pct__bucket | clv_change_pp__bucket | vwap_distance_change_pp__bucket | hist_c1_volume | hist_c2_volume | c2_vs_c1_volume_ratio | hist_c1_volume_median_20d_prior | hist_c1_volume_median_60d_prior | hist_c2_volume_median_20d_prior | hist_c2_volume_median_60d_prior | c1_rvol_20d | c2_rvol_20d | c1_rvol_60d | c2_rvol_60d | c1_rvol_20d_state | c2_rvol_20d_state | c2_vs_c1_volume_state | c1_rvol_20d_discovery_state | c2_rvol_20d_discovery_state | c2_vs_c1_volume_ratio_discovery_state | low_c2_rvol_market_opposition_state | c2_vs_c1_volume_ratio_winsor | pm_c1_cross | pm_c2_cross | pm_c2_closed_beyond | ah_c1_cross | ah_c2_cross | ah_c2_closed_beyond | pd_c1_cross | pd_c2_cross | pd_c2_closed_beyond | c2_break_level_n | c2_break_count_state | multiple_c2_break_candidate | post_c3_vwap | post_c4_vwap | post_c5_vwap | post_c6_vwap | post_c7_vwap | post_c8_vwap | post_c9_vwap | post_c10_open | post_c10_high | post_c10_low | post_c10_close | post_c10_volume
A39_T_V1_VWAP_EXPANSION_Q3,ae2_preferred_level_timing_v1,data\second1m_alt_entry_research_v1\ae2_weekly_trend_v1\ae2_weekly_trend_features_v1.parquet,False,c1_open | c1_high | c1_low | c1_close | c1_volume | c1_vwap | c2_open | c2_high | c2_low | c2_close | c2_volume | c2_vwap | c3_vwap | c1_direction_aligned | c1_vwap_close_ok | c2_direction_aligned | c2_vwap_close_ok | c2_no_touch_ok | c2_vwap_touch_or_cross | c1_body_to_range_pct | c2_body_to_range_pct | c1_favorable_clv_pct | c2_favorable_clv_pct | c1_favorable_wick_pct | c2_favorable_wick_pct | c1_adverse_wick_pct | c2_adverse_wick_pct | c1_favorable_body_return_pct | c2_favorable_body_return_pct | c1_favorable_vwap_distance_pct | c2_favorable_vwap_distance_pct | c2_vwap_penetration_pct | c1_to_c2_close_progress_pct | c2_to_c1_volume_ratio | c1_range_pct | c2_range_pct | clv_change_pp | vwap_distance_change_pp | c1_body_to_range_pct__bucket | c2_body_to_range_pct__bucket | c1_favorable_clv_pct__bucket | c2_favorable_clv_pct__bucket | c1_favorable_wick_pct__bucket | c2_favorable_wick_pct__bucket | c1_adverse_wick_pct__bucket | c2_adverse_wick_pct__bucket | c1_favorable_body_return_pct__bucket | c2_favorable_body_return_pct__bucket | c1_favorable_vwap_distance_pct__bucket | c2_favorable_vwap_distance_pct__bucket | c2_vwap_penetration_pct__bucket | c1_to_c2_close_progress_pct__bucket | c2_to_c1_volume_ratio__bucket | c1_range_pct__bucket | c2_range_pct__bucket | clv_change_pp__bucket | vwap_distance_change_pp__bucket
A39_T_V1_VWAP_EXPANSION_Q3,ae2_preferred_level_timing_v1,data\second1m_alt_entry_research_v1\second1m_alt_entry_events_v1.parquet,False,c1_open | c1_high | c1_low | c1_close | c1_volume | c1_vwap | c2_open | c2_high | c2_low | c2_close | c2_volume | c2_vwap | c3_vwap | c1_direction_aligned | c1_vwap_close_ok | c2_direction_aligned | c2_vwap_close_ok | c2_no_touch_ok | c2_vwap_touch_or_cross
A42_N2_OPEN_CONSUMED_RATIO_Q2,ae2_opening_location_geometry_v1,data\second1m_alt_entry_research_v1\ae2_c2_predictors_v1\ae2_c2_predictor_features_v1.parquet,False,c1_open | c2_open | c3_open | c2_vwap_penetration_pct | c2_to_c1_volume_ratio | c2_vwap_penetration_pct__bucket | c2_to_c1_volume_ratio__bucket
A42_N2_OPEN_CONSUMED_RATIO_Q2,ae2_opening_location_geometry_v1,data\second1m_alt_entry_research_v1\ae2_calendar_v1\ae2_calendar_features_v1.parquet,False,c1_open | c2_open | c3_open | c2_vwap_penetration_pct | c2_to_c1_volume_ratio | c2_vwap_penetration_pct__bucket | c2_to_c1_volume_ratio__bucket | open | weekly_week_open | opening_2m_volume | c2_vs_c1_volume_ratio | opening_2m_volume_median_20d_prior | opening_2m_volume_median_60d_prior | opening_2m_rvol_20d | opening_2m_rvol_60d | opening_2m_rvol_20d_state | opening_2m_rvol_20d_discovery_state | c2_vs_c1_volume_ratio_discovery_state | opening_participation_state | c2_vs_c1_volume_ratio_winsor | pre_open | rth_open_gap_pct | directional_rth_open_gap_pct | directional_rth_open_gap_pct_state | abs_rth_open_gap_pct | abs_rth_open_gap_pct_discovery_state | directional_rth_open_gap_pct_winsor
A42_N2_OPEN_CONSUMED_RATIO_Q2,ae2_opening_location_geometry_v1,data\second1m_alt_entry_research_v1\ae2_daily_trend_v1\ae2_daily_trend_features_v1.parquet,False,c1_open | c2_open | c3_open | c2_vwap_penetration_pct | c2_to_c1_volume_ratio | c2_vwap_penetration_pct__bucket | c2_to_c1_volume_ratio__bucket | open
A42_N2_OPEN_CONSUMED_RATIO_Q2,ae2_opening_location_geometry_v1,data\second1m_alt_entry_research_v1\ae2_ma_context_v1\ae2_ma_context_features_v1.parquet,False,c1_open | c2_open | c3_open | c2_vwap_penetration_pct | c2_to_c1_volume_ratio | c2_vwap_penetration_pct__bucket | c2_to_c1_volume_ratio__bucket
A42_N2_OPEN_CONSUMED_RATIO_Q2,ae2_opening_location_geometry_v1,data\second1m_alt_entry_research_v1\ae2_market_open_impulse_v1\a41_market_open_impulse_features_v1.parquet,False,spy_0930_open | spy_open_impulse_pct | directional_spy_open_impulse_pct | qqq_0930_open | qqq_open_impulse_pct | directional_qqq_open_impulse_pct | dia_0930_open | dia_open_impulse_pct | directional_dia_open_impulse_pct | market_open_3idx_state
A42_N2_OPEN_CONSUMED_RATIO_Q2,ae2_opening_location_geometry_v1,data\second1m_alt_entry_research_v1\ae2_market_regime_v1\ae2_market_regime_features_v1.parquet,False,c1_open | c2_open | c3_open | c2_vwap_penetration_pct | c2_to_c1_volume_ratio | c2_vwap_penetration_pct__bucket | c2_to_c1_volume_ratio__bucket | open | weekly_week_open
A42_N2_OPEN_CONSUMED_RATIO_Q2,ae2_opening_location_geometry_v1,data\second1m_alt_entry_research_v1\ae2_opening_liquidity_v1\a49_opening_liquidity_features_v1.parquet,False,opening_2m_volume | opening_2m_rvol_20d | a49_opening_2m_dollar_activity | a49_log10_opening_2m_dollar_activity
A42_N2_OPEN_CONSUMED_RATIO_Q2,ae2_opening_location_geometry_v1,data\second1m_alt_entry_research_v1\ae2_opening_location_geometry_v1\a42_opening_location_features_v1.parquet,True,c1_open | a42_open_from_prior_close_dir_pct | a42_open_to_pm_level_dir_pct | a42_open_to_ah_level_dir_pct | a42_open_to_pd_level_dir_pct | a42_open_to_outermost_dir_pct | a42_outermost_level_at_open | a42_priorclose_to_outer_consumed_ratio
A42_N2_OPEN_CONSUMED_RATIO_Q2,ae2_opening_location_geometry_v1,data\second1m_alt_entry_research_v1\ae2_opening_relative_strength_v1\a43_opening_relative_strength_features_v1.parquet,False,a43_directional_stock_open_impulse_pct | directional_spy_open_impulse_pct | directional_qqq_open_impulse_pct | directional_dia_open_impulse_pct | a43_directional_market_avg_open_impulse_pct | a43_stock_vs_spy_open_rs_pp | a43_stock_vs_qqq_open_rs_pp | a43_stock_vs_dia_open_rs_pp | a43_stock_vs_market_avg_open_rs_pp
A42_N2_OPEN_CONSUMED_RATIO_Q2,ae2_opening_location_geometry_v1,data\second1m_alt_entry_research_v1\ae2_opening_volume_v1\ae2_opening_volume_features_v1.parquet,False,c1_open | c2_open | c3_open | c2_vwap_penetration_pct | c2_to_c1_volume_ratio | c2_vwap_penetration_pct__bucket | c2_to_c1_volume_ratio__bucket | open | weekly_week_open | opening_2m_volume | c2_vs_c1_volume_ratio | opening_2m_volume_median_20d_prior | opening_2m_volume_median_60d_prior | opening_2m_rvol_20d | opening_2m_rvol_60d | opening_2m_rvol_20d_state | opening_2m_rvol_20d_discovery_state | c2_vs_c1_volume_ratio_discovery_state | opening_participation_state
A42_N2_OPEN_CONSUMED_RATIO_Q2,ae2_opening_location_geometry_v1,data\second1m_alt_entry_research_v1\ae2_postsignal_paths_v1\ae2_postsignal_path_features_v1.parquet,False,c1_open | c2_open | c3_open | c2_vwap_penetration_pct | c2_to_c1_volume_ratio | c2_vwap_penetration_pct__bucket | c2_to_c1_volume_ratio__bucket | open | weekly_week_open | opening_2m_volume | c2_vs_c1_volume_ratio | opening_2m_volume_median_20d_prior | opening_2m_volume_median_60d_prior | opening_2m_rvol_20d | opening_2m_rvol_60d | opening_2m_rvol_20d_state | opening_2m_rvol_20d_discovery_state | c2_vs_c1_volume_ratio_discovery_state | opening_participation_state | c2_vs_c1_volume_ratio_winsor | pre_open | rth_open_gap_pct | directional_rth_open_gap_pct | directional_rth_open_gap_pct_state | abs_rth_open_gap_pct | abs_rth_open_gap_pct_discovery_state | directional_rth_open_gap_pct_winsor | post_c3_open | post_c4_open | post_c5_open | post_c6_open | post_c7_open | post_c8_open | post_c9_open | post_c10_open
A42_N2_OPEN_CONSUMED_RATIO_Q2,ae2_opening_location_geometry_v1,data\second1m_alt_entry_research_v1\ae2_premarket_context_v1\ae2_premarket_context_features_v1.parquet,False,c1_open | c2_open | c3_open | c2_vwap_penetration_pct | c2_to_c1_volume_ratio | c2_vwap_penetration_pct__bucket | c2_to_c1_volume_ratio__bucket | open | weekly_week_open | opening_2m_volume | c2_vs_c1_volume_ratio | opening_2m_volume_median_20d_prior | opening_2m_volume_median_60d_prior | opening_2m_rvol_20d | opening_2m_rvol_60d | opening_2m_rvol_20d_state | opening_2m_rvol_20d_discovery_state | c2_vs_c1_volume_ratio_discovery_state | opening_participation_state | c2_vs_c1_volume_ratio_winsor | pre_open | rth_open_gap_pct | directional_rth_open_gap_pct | directional_rth_open_gap_pct_state | abs_rth_open_gap_pct | abs_rth_open_gap_pct_discovery_state
A42_N2_OPEN_CONSUMED_RATIO_Q2,ae2_opening_location_geometry_v1,data\second1m_alt_entry_research_v1\ae2_premarket_robustness_v1\ae2_premarket_robustness_features_v1.parquet,False,c1_open | c2_open | c3_open | c2_vwap_penetration_pct | c2_to_c1_volume_ratio | c2_vwap_penetration_pct__bucket | c2_to_c1_volume_ratio__bucket | open | weekly_week_open | opening_2m_volume | c2_vs_c1_volume_ratio | opening_2m_volume_median_20d_prior | opening_2m_volume_median_60d_prior | opening_2m_rvol_20d | opening_2m_rvol_60d | opening_2m_rvol_20d_state | opening_2m_rvol_20d_discovery_state | c2_vs_c1_volume_ratio_discovery_state | opening_participation_state | c2_vs_c1_volume_ratio_winsor | pre_open | rth_open_gap_pct | directional_rth_open_gap_pct | directional_rth_open_gap_pct_state | abs_rth_open_gap_pct | abs_rth_open_gap_pct_discovery_state | directional_rth_open_gap_pct_winsor
A42_N2_OPEN_CONSUMED_RATIO_Q2,ae2_opening_location_geometry_v1,data\second1m_alt_entry_research_v1\ae2_relative_strength_robustness_v1\relative_strength_robustness_features_v1.parquet,False,c1_open | c2_open | c3_open | c2_vwap_penetration_pct | c2_to_c1_volume_ratio | c2_vwap_penetration_pct__bucket | c2_to_c1_volume_ratio__bucket | open | weekly_week_open
A42_N2_OPEN_CONSUMED_RATIO_Q2,ae2_opening_location_geometry_v1,data\second1m_alt_entry_research_v1\ae2_relative_strength_v1\ae2_relative_strength_features_v1.parquet,False,c1_open | c2_open | c3_open | c2_vwap_penetration_pct | c2_to_c1_volume_ratio | c2_vwap_penetration_pct__bucket | c2_to_c1_volume_ratio__bucket | open | weekly_week_open
A42_N2_OPEN_CONSUMED_RATIO_Q2,ae2_opening_location_geometry_v1,data\second1m_alt_entry_research_v1\ae2_robustness_v1\ae2_structural_states_v1.parquet,False,c1_open | c2_open | c3_open | c2_vwap_penetration_pct | c2_to_c1_volume_ratio | c2_vwap_penetration_pct__bucket | c2_to_c1_volume_ratio__bucket
A42_N2_OPEN_CONSUMED_RATIO_Q2,ae2_opening_location_geometry_v1,data\second1m_alt_entry_research_v1\ae2_session_level_geometry_v1\a37_session_level_geometry_events_v1.parquet,False,outermost_level | directional_level_order_inner_to_outer | c2_beyond_outermost_pct
A42_N2_OPEN_CONSUMED_RATIO_Q2,ae2_opening_location_geometry_v1,data\second1m_alt_entry_research_v1\ae2_session_levels_robustness_v1\ae2_session_levels_robustness_features_v1.parquet,False,c1_open | c2_open | c3_open | c2_vwap_penetration_pct | c2_to_c1_volume_ratio | c2_vwap_penetration_pct__bucket | c2_to_c1_volume_ratio__bucket | open | weekly_week_open | opening_2m_volume | c2_vs_c1_volume_ratio | opening_2m_volume_median_20d_prior | opening_2m_volume_median_60d_prior | opening_2m_rvol_20d | opening_2m_rvol_60d | opening_2m_rvol_20d_state | opening_2m_rvol_20d_discovery_state | c2_vs_c1_volume_ratio_discovery_state | opening_participation_state | c2_vs_c1_volume_ratio_winsor
A42_N2_OPEN_CONSUMED_RATIO_Q2,ae2_opening_location_geometry_v1,data\second1m_alt_entry_research_v1\ae2_session_levels_v1\ae2_session_level_features_v1.parquet,False,c1_open | c2_open | c3_open | c2_vwap_penetration_pct | c2_to_c1_volume_ratio | c2_vwap_penetration_pct__bucket | c2_to_c1_volume_ratio__bucket | open | weekly_week_open | opening_2m_volume | c2_vs_c1_volume_ratio | opening_2m_volume_median_20d_prior | opening_2m_volume_median_60d_prior | opening_2m_rvol_20d | opening_2m_rvol_60d | opening_2m_rvol_20d_state | opening_2m_rvol_20d_discovery_state | c2_vs_c1_volume_ratio_discovery_state | opening_participation_state | c2_vs_c1_volume_ratio_winsor
A42_N2_OPEN_CONSUMED_RATIO_Q2,ae2_opening_location_geometry_v1,data\second1m_alt_entry_research_v1\ae2_short_ma_warning_v1\ae2_short_ma_warning_features_v1.parquet,False,c1_open | c2_open | c3_open | c2_vwap_penetration_pct | c2_to_c1_volume_ratio | c2_vwap_penetration_pct__bucket | c2_to_c1_volume_ratio__bucket
A42_N2_OPEN_CONSUMED_RATIO_Q2,ae2_opening_location_geometry_v1,data\second1m_alt_entry_research_v1\ae2_three_index_regime_v1\ae2_three_index_regime_features_v1.parquet,False,c1_open | c2_open | c3_open | c2_vwap_penetration_pct | c2_to_c1_volume_ratio | c2_vwap_penetration_pct__bucket | c2_to_c1_volume_ratio__bucket | open | weekly_week_open
A42_N2_OPEN_CONSUMED_RATIO_Q2,ae2_opening_location_geometry_v1,data\second1m_alt_entry_research_v1\ae2_trend_exhaustion_robustness_v1\trend_exhaustion_states_v1.parquet,False,c1_open | c2_open | c3_open | c2_vwap_penetration_pct | c2_to_c1_volume_ratio | c2_vwap_penetration_pct__bucket | c2_to_c1_volume_ratio__bucket | open
A42_N2_OPEN_CONSUMED_RATIO_Q2,ae2_opening_location_geometry_v1,data\second1m_alt_entry_research_v1\ae2_volume_robustness_v1\ae2_volume_robustness_features_v1.parquet,False,c1_open | c2_open | c3_open | c2_vwap_penetration_pct | c2_to_c1_volume_ratio | c2_vwap_penetration_pct__bucket | c2_to_c1_volume_ratio__bucket | open | weekly_week_open | opening_2m_volume | c2_vs_c1_volume_ratio | opening_2m_volume_median_20d_prior | opening_2m_volume_median_60d_prior | opening_2m_rvol_20d | opening_2m_rvol_60d | opening_2m_rvol_20d_state | opening_2m_rvol_20d_discovery_state | c2_vs_c1_volume_ratio_discovery_state | opening_participation_state | c2_vs_c1_volume_ratio_winsor
A42_N2_OPEN_CONSUMED_RATIO_Q2,ae2_opening_location_geometry_v1,data\second1m_alt_entry_research_v1\ae2_warning_context_v1\ae2_warning_context_features_v1.parquet,False,c1_open | c2_open | c3_open | c2_vwap_penetration_pct | c2_to_c1_volume_ratio | c2_vwap_penetration_pct__bucket | c2_to_c1_volume_ratio__bucket | open | weekly_week_open | opening_2m_volume | c2_vs_c1_volume_ratio | opening_2m_volume_median_20d_prior | opening_2m_volume_median_60d_prior | opening_2m_rvol_20d | opening_2m_rvol_60d | opening_2m_rvol_20d_state | opening_2m_rvol_20d_discovery_state | c2_vs_c1_volume_ratio_discovery_state | opening_participation_state | c2_vs_c1_volume_ratio_winsor | pre_open | rth_open_gap_pct | directional_rth_open_gap_pct | directional_rth_open_gap_pct_state | abs_rth_open_gap_pct | abs_rth_open_gap_pct_discovery_state | directional_rth_open_gap_pct_winsor | post_c3_open | post_c4_open | post_c5_open | post_c6_open | post_c7_open | post_c8_open | post_c9_open | post_c10_open | first_warning_deterioration_speed_pct
A42_N2_OPEN_CONSUMED_RATIO_Q2,ae2_opening_location_geometry_v1,data\second1m_alt_entry_research_v1\ae2_warning_exit_utility_v1\ae2_warning_exit_utility_features_v1.parquet,False,c1_open | c2_open | c3_open | c2_vwap_penetration_pct | c2_to_c1_volume_ratio | c2_vwap_penetration_pct__bucket | c2_to_c1_volume_ratio__bucket | open | weekly_week_open | opening_2m_volume | c2_vs_c1_volume_ratio | opening_2m_volume_median_20d_prior | opening_2m_volume_median_60d_prior | opening_2m_rvol_20d | opening_2m_rvol_60d | opening_2m_rvol_20d_state | opening_2m_rvol_20d_discovery_state | c2_vs_c1_volume_ratio_discovery_state | opening_participation_state | c2_vs_c1_volume_ratio_winsor | pre_open | rth_open_gap_pct | directional_rth_open_gap_pct | directional_rth_open_gap_pct_state | abs_rth_open_gap_pct | abs_rth_open_gap_pct_discovery_state | directional_rth_open_gap_pct_winsor | post_c3_open | post_c4_open | post_c5_open | post_c6_open | post_c7_open | post_c8_open | post_c9_open | post_c10_open | first_warning_deterioration_speed_pct
A42_N2_OPEN_CONSUMED_RATIO_Q2,ae2_opening_location_geometry_v1,data\second1m_alt_entry_research_v1\ae2_warning_timing_v1\ae2_warning_timing_features_v1.parquet,False,c1_open | c2_open | c3_open | c2_vwap_penetration_pct | c2_to_c1_volume_ratio | c2_vwap_penetration_pct__bucket | c2_to_c1_volume_ratio__bucket | open | weekly_week_open | opening_2m_volume | c2_vs_c1_volume_ratio | opening_2m_volume_median_20d_prior | opening_2m_volume_median_60d_prior | opening_2m_rvol_20d | opening_2m_rvol_60d | opening_2m_rvol_20d_state | opening_2m_rvol_20d_discovery_state | c2_vs_c1_volume_ratio_discovery_state | opening_participation_state | c2_vs_c1_volume_ratio_winsor | pre_open | rth_open_gap_pct | directional_rth_open_gap_pct | directional_rth_open_gap_pct_state | abs_rth_open_gap_pct | abs_rth_open_gap_pct_discovery_state | directional_rth_open_gap_pct_winsor | post_c3_open | post_c4_open | post_c5_open | post_c6_open | post_c7_open | post_c8_open | post_c9_open | post_c10_open | first_warning_deterioration_speed_pct
A42_N2_OPEN_CONSUMED_RATIO_Q2,ae2_opening_location_geometry_v1,data\second1m_alt_entry_research_v1\ae2_weekly_trend_v1\ae2_weekly_trend_features_v1.parquet,False,c1_open | c2_open | c3_open | c2_vwap_penetration_pct | c2_to_c1_volume_ratio | c2_vwap_penetration_pct__bucket | c2_to_c1_volume_ratio__bucket | open | weekly_week_open
A42_N2_OPEN_CONSUMED_RATIO_Q2,ae2_opening_location_geometry_v1,data\second1m_alt_entry_research_v1\second1m_alt_entry_events_v1.parquet,False,c1_open | c2_open | c3_open
